2025-10-20 19:51:03 [TRACE] 【线程启动】全局监听
2025-10-20 19:51:03 [TRACE] 【线程启动】终止监听
2025-10-20 19:51:03 [INFO] 现在执行 10 次零号空洞
2025-10-20 19:51:05 [DEBUG] 初始化完毕..启动{零号空洞}模块
2025-10-20 19:51:08 [DEBUG] 发现已存在的游戏窗口
2025-10-20 19:51:12 [SUCCESS] 程序开始接管操作，请保持游戏画面处于前台，终止按下Alt键
2025-10-20 19:51:12 [TRACE] 【线程启动】空洞搜索
2025-10-20 19:51:12 [TRACE] 【线程启动】空洞监听
2025-10-20 19:51:12 [TRACE] 【线程启动】空洞战斗
2025-10-20 19:51:12 [DEBUG] 正在返回菜单
2025-10-20 19:51:13 [TRACE] 正在返回菜单,请保持游戏画面处于前台
2025-10-20 19:51:16 [TRACE] 正在返回菜单,请保持游戏画面处于前台
2025-10-20 19:51:19 [TRACE] 正在返回菜单,请保持游戏画面处于前台
2025-10-20 19:51:22 [TRACE] 正在返回菜单,请保持游戏画面处于前台
2025-10-20 19:51:26 [TRACE] 正在返回菜单,请保持游戏画面处于前台
2025-10-20 19:51:29 [TRACE] 正在返回菜单,请保持游戏画面处于前台
2025-10-20 19:51:32 [TRACE] 正在返回菜单,请保持游戏画面处于前台
2025-10-20 19:51:36 [TRACE] 正在返回菜单,请保持游戏画面处于前台
2025-10-20 19:51:39 [TRACE] 正在返回菜单,请保持游戏画面处于前台
2025-10-20 19:51:42 [TRACE] 正在返回菜单,请保持游戏画面处于前台
2025-10-20 19:51:45 [TRACE] 正在返回菜单,请保持游戏画面处于前台
2025-10-20 19:51:49 [TRACE] 正在返回菜单,请保持游戏画面处于前台
2025-10-20 19:51:52 [TRACE] 正在返回菜单,请保持游戏画面处于前台
2025-10-20 19:51:55 [TRACE] 正在返回菜单,请保持游戏画面处于前台
2025-10-20 19:51:58 [TRACE] 正在返回菜单,请保持游戏画面处于前台
2025-10-20 19:52:02 [TRACE] 正在返回菜单,请保持游戏画面处于前台
2025-10-20 19:52:05 [TRACE] 正在返回菜单,请保持游戏画面处于前台
2025-10-20 19:52:08 [TRACE] 正在返回菜单,请保持游戏画面处于前台
2025-10-20 19:52:11 [TRACE] 正在返回菜单,请保持游戏画面处于前台
2025-10-20 19:52:15 [TRACE] 正在返回菜单,请保持游戏画面处于前台
2025-10-20 19:52:18 [TRACE] 正在返回菜单,请保持游戏画面处于前台
2025-10-20 19:52:21 [TRACE] 正在返回菜单,请保持游戏画面处于前台
2025-10-20 19:52:24 [TRACE] 正在返回菜单,请保持游戏画面处于前台
2025-10-20 19:52:27 [TRACE] 正在返回菜单,请保持游戏画面处于前台
2025-10-20 19:52:31 [TRACE] 正在返回菜单,请保持游戏画面处于前台
2025-10-20 19:52:34 [TRACE] 正在返回菜单,请保持游戏画面处于前台
2025-10-20 19:52:38 [TRACE] 正在返回菜单,请保持游戏画面处于前台
2025-10-20 19:52:41 [TRACE] 正在返回菜单,请保持游戏画面处于前台
2025-10-20 19:52:44 [TRACE] 正在返回菜单,请保持游戏画面处于前台
2025-10-20 19:52:48 [TRACE] 正在返回菜单,请保持游戏画面处于前台
2025-10-20 19:52:51 [TRACE] 现在处于大厅
2025-10-20 19:52:51 [INFO] 执行零号空洞任务中
2025-10-20 19:52:52 [TRACE] 【目标出现】C:\Users\gelon\Desktop\ZA-Lite\assets/images/hollow\combat.png 置信度：0.9646846652030945
2025-10-20 19:52:53 [TRACE] 【目标出现】C:\Users\gelon\Desktop\ZA-Lite\assets/images/hollow\zero_hollow.png 置信度：0.9999943375587463
2025-10-20 19:52:55 [TRACE] 【目标出现】C:\Users\gelon\Desktop\ZA-Lite\assets/images/hollow\go_hollow.png 置信度：0.9952148199081421
2025-10-20 19:52:56 [TRACE] 【目标出现】C:\Users\gelon\Desktop\ZA-Lite\assets/images/hollow\confirm.png 置信度：0.9839572310447693
2025-10-20 19:52:58 [TRACE] 【1】等待目标中 C:\Users\gelon\Desktop\ZA-Lite\assets/images/hollow\hollow_taskforce.png
2025-10-20 19:52:58 [TRACE] 【2】等待目标中 C:\Users\gelon\Desktop\ZA-Lite\assets/images/hollow\hollow_taskforce.png
2025-10-20 19:52:59 [TRACE] 【目标出现】C:\Users\gelon\Desktop\ZA-Lite\assets/images/hollow\hollow_taskforce.png 置信度：0.9795606732368469
2025-10-20 19:53:01 [TRACE] 【目标出现】C:\Users\gelon\Desktop\ZA-Lite\assets/images/hollow\strategy.png 置信度：0.9999997019767761
2025-10-20 19:53:02 [TRACE] 【1】等待目标中 C:\Users\gelon\Desktop\ZA-Lite\assets/images/hollow\strategy_confirm.png
2025-10-20 19:53:02 [TRACE] 【目标出现】C:\Users\gelon\Desktop\ZA-Lite\assets/images/hollow\strategy_confirm.png 置信度：1.0
2025-10-20 19:53:04 [TRACE] 【目标出现】C:\Users\gelon\Desktop\ZA-Lite\assets/images/hollow\next_step.png 置信度：0.981931746006012
2025-10-20 19:53:05 [TRACE] 【目标出现】C:\Users\gelon\Desktop\ZA-Lite\assets/images/daily\squad_preset.png 置信度：0.9862319827079773
2025-10-20 19:53:07 [TRACE] 【目标出现】C:\Users\gelon\Desktop\ZA-Lite\assets/images/daily\squad_6.png 置信度：0.95375657081604
2025-10-20 19:53:08 [TRACE] 【目标出现】C:\Users\gelon\Desktop\ZA-Lite\assets/images/daily\select_squad.png 置信度：0.9694467186927795
2025-10-20 19:53:09 [TRACE] 【1】等待目标中 C:\Users\gelon\Desktop\ZA-Lite\assets/images/hollow\start_battle.png
2025-10-20 19:53:10 [TRACE] 【2】等待目标中 C:\Users\gelon\Desktop\ZA-Lite\assets/images/hollow\start_battle.png
2025-10-20 19:53:11 [TRACE] 【3】等待目标中 C:\Users\gelon\Desktop\ZA-Lite\assets/images/hollow\start_battle.png
2025-10-20 19:53:11 [TRACE] 【4】等待目标中 C:\Users\gelon\Desktop\ZA-Lite\assets/images/hollow\start_battle.png
2025-10-20 19:53:12 [TRACE] 【5】等待目标中 C:\Users\gelon\Desktop\ZA-Lite\assets/images/hollow\start_battle.png
2025-10-20 19:53:13 [TRACE] 【6】等待目标中 C:\Users\gelon\Desktop\ZA-Lite\assets/images/hollow\start_battle.png
2025-10-20 19:53:14 [TRACE] 【7】等待目标中 C:\Users\gelon\Desktop\ZA-Lite\assets/images/hollow\start_battle.png
2025-10-20 19:53:14 [TRACE] 【8】等待目标中 C:\Users\gelon\Desktop\ZA-Lite\assets/images/hollow\start_battle.png
2025-10-20 19:53:15 [TRACE] 【9】等待目标中 C:\Users\gelon\Desktop\ZA-Lite\assets/images/hollow\start_battle.png
2025-10-20 19:53:16 [TRACE] 【10】等待目标中 C:\Users\gelon\Desktop\ZA-Lite\assets/images/hollow\start_battle.png
2025-10-20 19:53:16 [TRACE] 【11】等待目标中 C:\Users\gelon\Desktop\ZA-Lite\assets/images/hollow\start_battle.png
2025-10-20 19:53:17 [TRACE] 【目标出现】C:\Users\gelon\Desktop\ZA-Lite\assets/images/hollow\start_battle.png 置信度：0.9242338538169861
2025-10-20 19:53:18 [TRACE] 【空洞监听】无匹配已持续：0秒
2025-10-20 19:53:18 [TRACE] 【线程启动】攻击检测
2025-10-20 19:53:20 [TRACE] 【目标检测】屏幕内没有目标
2025-10-20 19:53:21 [TRACE] 【目标检测】屏幕内没有目标
2025-10-20 19:53:22 [TRACE] 【目标检测】屏幕内没有目标
2025-10-20 19:53:24 [TRACE] 【目标检测】屏幕内没有目标
2025-10-20 19:53:25 [TRACE] 【目标检测】屏幕内没有目标
2025-10-20 19:53:28 [TRACE] 【目标检测】屏幕内没有目标
2025-10-20 19:53:29 [TRACE] 【目标检测】屏幕内没有目标
2025-10-20 19:53:31 [TRACE] 【目标检测】屏幕内没有目标
2025-10-20 19:53:32 [TRACE] 【目标检测】屏幕内没有目标
2025-10-20 19:53:33 [TRACE] 【目标检测】目标存在，但置信度不足
2025-10-20 19:53:35 [TRACE] 【目标检测】屏幕内没有目标
2025-10-20 19:53:38 [TRACE] 【目标检测】屏幕内没有目标
2025-10-20 19:53:40 [TRACE] 【目标检测】屏幕内没有目标
2025-10-20 19:53:41 [TRACE] 【目标检测】屏幕内没有目标
2025-10-20 19:53:42 [TRACE] 【目标检测】屏幕内没有目标
2025-10-20 19:53:44 [TRACE] 【目标检测】屏幕内没有目标
2025-10-20 19:53:46 [TRACE] 【目标检测】屏幕内没有目标
2025-10-20 19:53:47 [TRACE] 【目标检测】屏幕内没有目标
2025-10-20 19:53:49 [TRACE] 【目标检测】屏幕内没有目标
2025-10-20 19:53:50 [TRACE] 【目标检测】屏幕内没有目标
2025-10-20 19:53:51 [TRACE] 【目标检测】屏幕内没有目标
2025-10-20 19:53:54 [TRACE] 【目标检测】目标存在，但置信度不足
2025-10-20 19:53:55 [TRACE] 【目标检测】屏幕内没有目标
2025-10-20 19:53:57 [TRACE] 【目标检测】屏幕内没有目标
2025-10-20 19:53:58 [TRACE] 【目标检测】屏幕内没有目标
2025-10-20 19:54:00 [TRACE] 【目标检测】屏幕内没有目标
2025-10-20 19:54:00 [TRACE] 【空洞监听】无匹配已持续：0秒
2025-10-20 19:54:01 [TRACE] 【目标检测】屏幕内没有目标
2025-10-20 19:54:04 [TRACE] 【目标检测】TRAPPED！ 类型：interact 置信度：0.8302944302558899
2025-10-20 19:54:06 [TRACE] 【空洞监听】无匹配已持续：6秒
2025-10-20 19:54:11 [TRACE] 【目标检测】屏幕内没有目标
2025-10-20 19:54:12 [TRACE] 【目标检测】屏幕内没有目标
2025-10-20 19:54:13 [TRACE] 【空洞监听】无匹配已持续：12秒
2025-10-20 19:54:13 [TRACE] 【目标检测】屏幕内没有目标
2025-10-20 19:54:15 [TRACE] 【目标检测】屏幕内没有目标
2025-10-20 19:54:16 [TRACE] 【目标检测】屏幕内没有目标
2025-10-20 19:54:19 [TRACE] 【目标检测】屏幕内没有目标
2025-10-20 19:54:19 [TRACE] 【空洞监听】无匹配已持续：19秒
2025-10-20 19:54:20 [TRACE] 【目标检测】屏幕内没有目标
2025-10-20 19:54:21 [TRACE] 【目标检测】屏幕内没有目标
2025-10-20 19:54:23 [TRACE] 【目标检测】屏幕内没有目标
2025-10-20 19:54:24 [TRACE] 【目标检测】屏幕内没有目标
2025-10-20 19:54:26 [TRACE] 【空洞监听】无匹配已持续：25秒
2025-10-20 19:54:27 [TRACE] 【目标检测】屏幕内没有目标
2025-10-20 19:54:28 [TRACE] 【目标检测】屏幕内没有目标
2025-10-20 19:54:29 [TRACE] 【目标检测】屏幕内没有目标
2025-10-20 19:54:31 [TRACE] 【目标检测】屏幕内没有目标
2025-10-20 19:54:32 [TRACE] 【目标检测】屏幕内没有目标
2025-10-20 19:54:32 [TRACE] 【空洞监听】无匹配已持续：32秒
2025-10-20 19:54:35 [TRACE] 【目标检测】屏幕内没有目标
2025-10-20 19:54:36 [TRACE] 【目标检测】屏幕内没有目标
2025-10-20 19:54:37 [TRACE] 【目标检测】屏幕内没有目标
2025-10-20 19:54:39 [TRACE] 【目标检测】屏幕内没有目标
2025-10-20 19:54:39 [TRACE] 【空洞监听】无匹配已持续：38秒
2025-10-20 19:54:40 [TRACE] 【目标检测】屏幕内没有目标
2025-10-20 19:54:43 [TRACE] 【目标检测】屏幕内没有目标
2025-10-20 19:54:44 [TRACE] 【目标检测】屏幕内没有目标
2025-10-20 19:54:46 [TRACE] 【目标检测】屏幕内没有目标
2025-10-20 19:54:46 [TRACE] 【空洞监听】无匹配已持续：45秒
2025-10-20 19:54:47 [TRACE] 【目标检测】屏幕内没有目标
2025-10-20 19:54:48 [TRACE] 【目标检测】屏幕内没有目标
2025-10-20 19:54:51 [TRACE] 【目标检测】屏幕内没有目标
2025-10-20 19:54:52 [TRACE] 【目标检测】屏幕内没有目标
2025-10-20 19:54:52 [TRACE] 【空洞监听】无匹配已持续：52秒
2025-10-20 19:54:53 [TRACE] 【目标检测】屏幕内没有目标
2025-10-20 19:54:55 [TRACE] 【目标检测】屏幕内没有目标
2025-10-20 19:54:56 [TRACE] 【目标检测】屏幕内没有目标
2025-10-20 19:54:59 [TRACE] 【目标检测】屏幕内没有目标
2025-10-20 19:54:59 [TRACE] 【空洞监听】无匹配已持续：59秒
2025-10-20 19:55:00 [TRACE] 【目标检测】屏幕内没有目标
2025-10-20 19:55:02 [TRACE] 【目标检测】屏幕内没有目标
2025-10-20 19:55:03 [TRACE] 【目标检测】屏幕内没有目标
2025-10-20 19:55:04 [TRACE] 【目标检测】屏幕内没有目标
2025-10-20 19:55:06 [TRACE] 【空洞监听】无匹配已持续：65秒
2025-10-20 19:55:06 [TRACE] 【空洞监听】即将超时，重启搜索线程
2025-10-20 19:55:07 [TRACE] 【目标检测】屏幕内没有目标
2025-10-20 19:55:08 [TRACE] 【目标检测】屏幕内没有目标
2025-10-20 19:55:09 [TRACE] 【目标检测】屏幕内没有目标
2025-10-20 19:55:11 [TRACE] 【目标检测】屏幕内没有目标
2025-10-20 19:55:12 [TRACE] 【目标检测】屏幕内没有目标
2025-10-20 19:55:13 [TRACE] 【空洞监听】无匹配已持续：72秒
2025-10-20 19:55:13 [TRACE] 【空洞监听】即将超时，重启搜索线程
2025-10-20 19:55:15 [TRACE] 【目标检测】屏幕内没有目标
2025-10-20 19:55:16 [TRACE] 【目标检测】屏幕内没有目标
2025-10-20 19:55:18 [TRACE] 【目标检测】屏幕内没有目标
2025-10-20 19:55:19 [TRACE] 【目标检测】屏幕内没有目标
2025-10-20 19:55:20 [TRACE] 【目标检测】屏幕内没有目标
2025-10-20 19:55:20 [TRACE] 【空洞监听】无匹配已持续：79秒
2025-10-20 19:55:20 [TRACE] 【空洞监听】即将超时，重启搜索线程
2025-10-20 19:55:23 [TRACE] 【目标检测】屏幕内没有目标
2025-10-20 19:55:24 [TRACE] 【目标检测】屏幕内没有目标
2025-10-20 19:55:26 [TRACE] 【目标检测】屏幕内没有目标
2025-10-20 19:55:27 [TRACE] 【目标检测】屏幕内没有目标
2025-10-20 19:55:27 [TRACE] 【空洞监听】无匹配已持续：86秒
2025-10-20 19:55:27 [TRACE] 【空洞监听】即将超时，重启搜索线程
2025-10-20 19:55:28 [TRACE] 【目标检测】屏幕内没有目标
2025-10-20 19:55:31 [TRACE] 【目标检测】屏幕内没有目标
2025-10-20 19:55:32 [TRACE] 【目标检测】屏幕内没有目标
2025-10-20 19:55:33 [TRACE] 【目标检测】屏幕内没有目标
2025-10-20 19:55:34 [TRACE] 【空洞监听】无匹配已持续：93秒
2025-10-20 19:55:34 [TRACE] 【空洞监听】即将超时，重启搜索线程
2025-10-20 19:55:35 [TRACE] 【目标检测】屏幕内没有目标
2025-10-20 19:55:36 [TRACE] 【目标检测】屏幕内没有目标
2025-10-20 19:55:38 [TRACE] 【目标检测】屏幕内没有目标
2025-10-20 19:55:40 [TRACE] 【目标检测】屏幕内没有目标
2025-10-20 19:55:41 [TRACE] 【空洞监听】无匹配已持续：100秒
2025-10-20 19:55:41 [TRACE] 【空洞监听】即将超时，重启搜索线程
2025-10-20 19:55:41 [TRACE] 【目标检测】屏幕内没有目标
2025-10-20 19:55:42 [TRACE] 【目标检测】屏幕内没有目标
2025-10-20 19:55:44 [TRACE] 【目标检测】屏幕内没有目标
2025-10-20 19:55:47 [TRACE] 【目标检测】屏幕内没有目标
2025-10-20 19:55:48 [TRACE] 【空洞监听】无匹配已持续：107秒
2025-10-20 19:55:48 [TRACE] 【空洞监听】即将超时，重启搜索线程
2025-10-20 19:55:48 [TRACE] 【目标检测】屏幕内没有目标
2025-10-20 19:55:49 [TRACE] 【目标检测】屏幕内没有目标
2025-10-20 19:55:50 [TRACE] 【目标检测】屏幕内没有目标
2025-10-20 19:55:52 [TRACE] 【目标检测】屏幕内没有目标
2025-10-20 19:55:54 [TRACE] 【目标检测】屏幕内没有目标
2025-10-20 19:55:55 [TRACE] 【空洞监听】无匹配已持续：114秒
2025-10-20 19:55:55 [TRACE] 【空洞监听】即将超时，重启搜索线程
2025-10-20 19:55:56 [TRACE] 【目标检测】屏幕内没有目标
2025-10-20 19:55:57 [TRACE] 【目标检测】屏幕内没有目标
2025-10-20 19:55:59 [TRACE] 【目标检测】屏幕内没有目标
2025-10-20 19:56:00 [TRACE] 【目标检测】屏幕内没有目标
2025-10-20 19:56:02 [TRACE] 【空洞监听】无匹配已持续：121秒
2025-10-20 19:56:02 [TRACE] 【空洞监听】即将超时，重启搜索线程
2025-10-20 19:56:03 [TRACE] 【目标检测】屏幕内没有目标
2025-10-20 19:56:04 [TRACE] 【目标检测】屏幕内没有目标
2025-10-20 19:56:05 [TRACE] 【目标检测】屏幕内没有目标
2025-10-20 19:56:06 [TRACE] 【目标检测】屏幕内没有目标
2025-10-20 19:56:08 [TRACE] 【目标检测】屏幕内没有目标
2025-10-20 19:56:09 [TRACE] 【空洞监听】无匹配已持续：128秒
2025-10-20 19:56:09 [TRACE] 【空洞监听】即将超时，重启搜索线程
2025-10-20 19:56:10 [TRACE] 【目标检测】屏幕内没有目标
2025-10-20 19:56:12 [TRACE] 【目标检测】屏幕内没有目标
2025-10-20 19:56:13 [TRACE] 【目标检测】屏幕内没有目标
2025-10-20 19:56:14 [TRACE] 【目标检测】屏幕内没有目标
2025-10-20 19:56:16 [TRACE] 【目标检测】屏幕内没有目标
2025-10-20 19:56:16 [TRACE] 【空洞监听】无匹配已持续：135秒
2025-10-20 19:56:16 [TRACE] 【空洞监听】即将超时，重启搜索线程
2025-10-20 19:56:18 [TRACE] 【目标检测】屏幕内没有目标
2025-10-20 19:56:20 [TRACE] 【目标检测】屏幕内没有目标
2025-10-20 19:56:21 [TRACE] 【目标检测】屏幕内没有目标
2025-10-20 19:56:22 [TRACE] 【目标检测】屏幕内没有目标
2025-10-20 19:56:23 [TRACE] 【空洞监听】无匹配已持续：142秒
2025-10-20 19:56:23 [TRACE] 【空洞监听】即将超时，重启搜索线程
2025-10-20 19:56:24 [TRACE] 【目标检测】屏幕内没有目标
2025-10-20 19:56:27 [TRACE] 【目标检测】屏幕内没有目标
2025-10-20 19:56:28 [TRACE] 【目标检测】屏幕内没有目标
2025-10-20 19:56:29 [TRACE] 【目标检测】屏幕内没有目标
2025-10-20 19:56:30 [TRACE] 【空洞监听】无匹配已持续：149秒
2025-10-20 19:56:30 [TRACE] 【空洞监听】即将超时，重启搜索线程
2025-10-20 19:56:31 [TRACE] 【目标检测】屏幕内没有目标
2025-10-20 19:56:32 [TRACE] 【目标检测】屏幕内没有目标
2025-10-20 19:56:34 [TRACE] 【目标检测】屏幕内没有目标
2025-10-20 19:56:36 [TRACE] 【目标检测】屏幕内没有目标
2025-10-20 19:56:37 [TRACE] 【空洞监听】无匹配已持续：156秒
2025-10-20 19:56:37 [TRACE] 【空洞监听】即将超时，重启搜索线程
2025-10-20 19:56:37 [TRACE] 【目标检测】屏幕内没有目标
2025-10-20 19:56:38 [TRACE] 【目标检测】屏幕内没有目标
2025-10-20 19:56:40 [TRACE] 【目标检测】屏幕内没有目标
2025-10-20 19:56:42 [TRACE] 【目标检测】屏幕内没有目标
2025-10-20 19:56:44 [TRACE] 【目标检测】屏幕内没有目标
2025-10-20 19:56:44 [TRACE] 【空洞监听】无匹配已持续：163秒
2025-10-20 19:56:44 [TRACE] 【空洞监听】即将超时，重启搜索线程
2025-10-20 19:56:45 [TRACE] 【目标检测】屏幕内没有目标
2025-10-20 19:56:46 [TRACE] 【目标检测】屏幕内没有目标
2025-10-20 19:56:48 [TRACE] 【目标检测】屏幕内没有目标
2025-10-20 19:56:50 [TRACE] 【目标检测】屏幕内没有目标
2025-10-20 19:56:51 [TRACE] 【空洞监听】无匹配已持续：170秒
2025-10-20 19:56:51 [TRACE] 【空洞监听】即将超时，重启搜索线程
2025-10-20 19:56:52 [TRACE] 【目标检测】屏幕内没有目标
2025-10-20 19:56:53 [TRACE] 【目标检测】屏幕内没有目标
2025-10-20 19:56:54 [TRACE] 【目标检测】屏幕内没有目标
2025-10-20 19:56:56 [TRACE] 【目标检测】屏幕内没有目标
2025-10-20 19:56:57 [TRACE] 【空洞监听】无匹配已持续：177秒
2025-10-20 19:56:57 [TRACE] 【空洞监听】即将超时，重启搜索线程
2025-10-20 19:56:58 [TRACE] 【目标检测】屏幕内没有目标
2025-10-20 19:56:59 [TRACE] 【目标检测】屏幕内没有目标
2025-10-20 19:57:01 [TRACE] 【目标检测】屏幕内没有目标
2025-10-20 19:57:02 [TRACE] 【目标检测】屏幕内没有目标
2025-10-20 19:57:04 [TRACE] 【目标检测】屏幕内没有目标
2025-10-20 19:57:04 [TRACE] 【空洞监听】无匹配已持续：184秒
2025-10-20 19:57:04 [TRACE] 【空洞监听】即将超时，重启搜索线程
2025-10-20 19:57:05 [WARNING] 空洞任务异常，跳过本轮
2025-10-20 19:57:05 [INFO] 本轮耗时:3分钟
2025-10-20 19:57:05 [INFO] 当前已完成空洞 0 次 
2025-10-20 19:57:05 [DEBUG] 正在返回菜单
2025-10-20 19:57:05 [TRACE] 正在返回菜单,请保持游戏画面处于前台
2025-10-20 19:57:09 [TRACE] 正在返回菜单,请保持游戏画面处于前台
2025-10-20 19:57:12 [TRACE] 正在返回菜单,请保持游戏画面处于前台
2025-10-20 19:57:15 [TRACE] 正在返回菜单,请保持游戏画面处于前台
2025-10-20 19:57:18 [TRACE] 正在返回菜单,请保持游戏画面处于前台
2025-10-20 19:57:22 [TRACE] 正在返回菜单,请保持游戏画面处于前台
2025-10-20 19:57:25 [TRACE] 正在返回菜单,请保持游戏画面处于前台
2025-10-20 19:57:28 [TRACE] 正在返回菜单,请保持游戏画面处于前台
2025-10-20 19:57:31 [TRACE] 正在返回菜单,请保持游戏画面处于前台
2025-10-20 19:57:35 [TRACE] 正在返回菜单,请保持游戏画面处于前台
2025-10-20 19:57:38 [TRACE] 正在返回菜单,请保持游戏画面处于前台
2025-10-20 19:57:41 [TRACE] 正在返回菜单,请保持游戏画面处于前台
2025-10-20 19:57:44 [TRACE] 正在返回菜单,请保持游戏画面处于前台
2025-10-20 19:57:48 [TRACE] 正在返回菜单,请保持游戏画面处于前台
2025-10-20 19:57:51 [TRACE] 正在返回菜单,请保持游戏画面处于前台
2025-10-20 19:57:54 [TRACE] 正在返回菜单,请保持游戏画面处于前台
2025-10-20 19:57:57 [TRACE] 正在返回菜单,请保持游戏画面处于前台
2025-10-20 19:58:01 [TRACE] 正在返回菜单,请保持游戏画面处于前台
2025-10-20 19:58:04 [TRACE] 正在返回菜单,请保持游戏画面处于前台
2025-10-20 19:58:07 [TRACE] 正在返回菜单,请保持游戏画面处于前台
2025-10-20 19:58:11 [TRACE] 正在返回菜单,请保持游戏画面处于前台
2025-10-20 19:58:14 [TRACE] 正在返回菜单,请保持游戏画面处于前台
2025-10-20 19:58:17 [TRACE] 正在返回菜单,请保持游戏画面处于前台
2025-10-20 19:58:20 [TRACE] 正在返回菜单,请保持游戏画面处于前台
2025-10-20 19:58:24 [TRACE] 正在返回菜单,请保持游戏画面处于前台
2025-10-20 19:58:27 [TRACE] 正在返回菜单,请保持游戏画面处于前台
2025-10-20 19:58:30 [TRACE] 正在返回菜单,请保持游戏画面处于前台
2025-10-20 19:58:33 [TRACE] 正在返回菜单,请保持游戏画面处于前台
2025-10-20 19:58:37 [TRACE] 正在返回菜单,请保持游戏画面处于前台
2025-10-20 19:58:40 [TRACE] 正在返回菜单,请保持游戏画面处于前台
2025-10-20 19:58:43 [TRACE] 正在返回菜单,请保持游戏画面处于前台
2025-10-20 19:58:46 [TRACE] 正在返回菜单,请保持游戏画面处于前台
2025-10-20 19:58:49 [TRACE] 正在返回菜单,请保持游戏画面处于前台
2025-10-20 19:58:53 [TRACE] 正在返回菜单,请保持游戏画面处于前台
2025-10-20 19:58:56 [TRACE] 正在返回菜单,请保持游戏画面处于前台
2025-10-20 19:58:59 [TRACE] 正在返回菜单,请保持游戏画面处于前台
2025-10-20 19:59:03 [TRACE] 正在返回菜单,请保持游戏画面处于前台
2025-10-20 19:59:06 [TRACE] 正在返回菜单,请保持游戏画面处于前台
2025-10-20 19:59:09 [TRACE] 正在返回菜单,请保持游戏画面处于前台
2025-10-20 19:59:12 [TRACE] 正在返回菜单,请保持游戏画面处于前台
2025-10-20 19:59:16 [TRACE] 正在返回菜单,请保持游戏画面处于前台
2025-10-20 19:59:19 [TRACE] 正在返回菜单,请保持游戏画面处于前台
2025-10-20 19:59:22 [TRACE] 正在返回菜单,请保持游戏画面处于前台
2025-10-20 19:59:25 [TRACE] 正在返回菜单,请保持游戏画面处于前台
2025-10-20 19:59:29 [TRACE] 正在返回菜单,请保持游戏画面处于前台
2025-10-20 19:59:32 [TRACE] 正在返回菜单,请保持游戏画面处于前台
2025-10-20 19:59:35 [TRACE] 正在返回菜单,请保持游戏画面处于前台
2025-10-20 19:59:38 [TRACE] 正在返回菜单,请保持游戏画面处于前台
2025-10-20 19:59:42 [TRACE] 正在返回菜单,请保持游戏画面处于前台
2025-10-20 19:59:45 [TRACE] 正在返回菜单,请保持游戏画面处于前台
2025-10-20 19:59:48 [TRACE] 正在返回菜单,请保持游戏画面处于前台
2025-10-20 19:59:51 [TRACE] 正在返回菜单,请保持游戏画面处于前台
2025-10-20 19:59:55 [TRACE] 正在返回菜单,请保持游戏画面处于前台
2025-10-20 19:59:58 [TRACE] 正在返回菜单,请保持游戏画面处于前台
2025-10-20 20:00:01 [TRACE] 正在返回菜单,请保持游戏画面处于前台
2025-10-20 20:00:04 [TRACE] 正在返回菜单,请保持游戏画面处于前台
2025-10-20 20:00:08 [TRACE] 正在返回菜单,请保持游戏画面处于前台
2025-10-20 20:00:11 [TRACE] 正在返回菜单,请保持游戏画面处于前台
2025-10-20 20:00:14 [TRACE] 正在返回菜单,请保持游戏画面处于前台
2025-10-20 20:00:17 [TRACE] 正在返回菜单,请保持游戏画面处于前台
2025-10-20 20:00:21 [TRACE] 正在返回菜单,请保持游戏画面处于前台
2025-10-20 20:00:24 [TRACE] 正在返回菜单,请保持游戏画面处于前台
2025-10-20 20:00:27 [TRACE] 正在返回菜单,请保持游戏画面处于前台
2025-10-20 20:00:30 [TRACE] 正在返回菜单,请保持游戏画面处于前台
2025-10-20 20:00:34 [TRACE] 正在返回菜单,请保持游戏画面处于前台
2025-10-20 20:00:37 [TRACE] 正在返回菜单,请保持游戏画面处于前台
2025-10-20 20:00:40 [TRACE] 正在返回菜单,请保持游戏画面处于前台
2025-10-20 20:00:43 [TRACE] 正在返回菜单,请保持游戏画面处于前台
2025-10-20 20:00:47 [TRACE] 正在返回菜单,请保持游戏画面处于前台
2025-10-20 20:00:50 [TRACE] 正在返回菜单,请保持游戏画面处于前台
2025-10-20 20:00:53 [TRACE] 正在返回菜单,请保持游戏画面处于前台
2025-10-20 20:00:57 [TRACE] 正在返回菜单,请保持游戏画面处于前台
2025-10-20 20:01:00 [TRACE] 正在返回菜单,请保持游戏画面处于前台
2025-10-20 20:01:03 [TRACE] 正在返回菜单,请保持游戏画面处于前台
2025-10-20 20:01:06 [TRACE] 正在返回菜单,请保持游戏画面处于前台
2025-10-20 20:01:09 [TRACE] 正在返回菜单,请保持游戏画面处于前台
2025-10-20 20:01:13 [TRACE] 正在返回菜单,请保持游戏画面处于前台
2025-10-20 20:01:16 [TRACE] 正在返回菜单,请保持游戏画面处于前台
2025-10-20 20:01:19 [TRACE] 正在返回菜单,请保持游戏画面处于前台
2025-10-20 20:01:23 [TRACE] 正在返回菜单,请保持游戏画面处于前台
2025-10-20 20:01:26 [TRACE] 正在返回菜单,请保持游戏画面处于前台
2025-10-20 20:01:29 [TRACE] 正在返回菜单,请保持游戏画面处于前台
2025-10-20 20:01:32 [TRACE] 正在返回菜单,请保持游戏画面处于前台
2025-10-20 20:01:36 [TRACE] 正在返回菜单,请保持游戏画面处于前台
2025-10-20 20:01:39 [TRACE] 正在返回菜单,请保持游戏画面处于前台
2025-10-20 20:01:42 [TRACE] 正在返回菜单,请保持游戏画面处于前台
2025-10-20 20:01:45 [TRACE] 正在返回菜单,请保持游戏画面处于前台
2025-10-20 20:01:49 [TRACE] 正在返回菜单,请保持游戏画面处于前台
2025-10-20 20:01:52 [TRACE] 正在返回菜单,请保持游戏画面处于前台
2025-10-20 20:01:55 [TRACE] 正在返回菜单,请保持游戏画面处于前台
2025-10-20 20:01:58 [TRACE] 正在返回菜单,请保持游戏画面处于前台
2025-10-20 20:02:02 [TRACE] 正在返回菜单,请保持游戏画面处于前台
2025-10-20 20:02:05 [TRACE] 正在返回菜单,请保持游戏画面处于前台
2025-10-20 20:02:08 [TRACE] 正在返回菜单,请保持游戏画面处于前台
2025-10-20 20:02:11 [TRACE] 正在返回菜单,请保持游戏画面处于前台
2025-10-20 20:02:15 [TRACE] 正在返回菜单,请保持游戏画面处于前台
2025-10-20 20:02:18 [TRACE] 正在返回菜单,请保持游戏画面处于前台
2025-10-20 20:02:21 [TRACE] 正在返回菜单,请保持游戏画面处于前台
2025-10-20 20:02:24 [TRACE] 正在返回菜单,请保持游戏画面处于前台
2025-10-20 20:02:28 [TRACE] 正在返回菜单,请保持游戏画面处于前台
2025-10-20 20:02:31 [TRACE] 正在返回菜单,请保持游戏画面处于前台
2025-10-20 20:02:34 [TRACE] 正在返回菜单,请保持游戏画面处于前台
2025-10-20 20:02:37 [TRACE] 正在返回菜单,请保持游戏画面处于前台
2025-10-20 20:02:41 [TRACE] 正在返回菜单,请保持游戏画面处于前台
2025-10-20 20:02:44 [TRACE] 正在返回菜单,请保持游戏画面处于前台
2025-10-20 20:02:47 [TRACE] 正在返回菜单,请保持游戏画面处于前台
2025-10-20 20:02:51 [TRACE] 正在返回菜单,请保持游戏画面处于前台
2025-10-20 20:02:54 [TRACE] 正在返回菜单,请保持游戏画面处于前台
2025-10-20 20:02:57 [TRACE] 正在返回菜单,请保持游戏画面处于前台
2025-10-20 20:03:00 [TRACE] 正在返回菜单,请保持游戏画面处于前台
2025-10-20 20:03:04 [TRACE] 正在返回菜单,请保持游戏画面处于前台
2025-10-20 20:03:07 [TRACE] 正在返回菜单,请保持游戏画面处于前台
2025-10-20 20:03:10 [TRACE] 正在返回菜单,请保持游戏画面处于前台
2025-10-20 20:03:13 [TRACE] 正在返回菜单,请保持游戏画面处于前台
2025-10-20 20:03:17 [TRACE] 正在返回菜单,请保持游戏画面处于前台
2025-10-20 20:03:20 [TRACE] 正在返回菜单,请保持游戏画面处于前台
2025-10-20 20:03:23 [TRACE] 正在返回菜单,请保持游戏画面处于前台
2025-10-20 20:03:26 [TRACE] 正在返回菜单,请保持游戏画面处于前台
2025-10-20 20:03:30 [TRACE] 正在返回菜单,请保持游戏画面处于前台
2025-10-20 20:03:33 [TRACE] 正在返回菜单,请保持游戏画面处于前台
2025-10-20 20:03:36 [TRACE] 正在返回菜单,请保持游戏画面处于前台
2025-10-20 20:03:39 [TRACE] 正在返回菜单,请保持游戏画面处于前台
2025-10-20 20:03:43 [TRACE] 正在返回菜单,请保持游戏画面处于前台
2025-10-20 20:03:46 [TRACE] 正在返回菜单,请保持游戏画面处于前台
2025-10-20 20:03:49 [TRACE] 正在返回菜单,请保持游戏画面处于前台
2025-10-20 20:03:52 [TRACE] 正在返回菜单,请保持游戏画面处于前台
2025-10-20 20:03:56 [TRACE] 正在返回菜单,请保持游戏画面处于前台
2025-10-20 20:03:59 [TRACE] 正在返回菜单,请保持游戏画面处于前台
2025-10-20 20:04:02 [TRACE] 正在返回菜单,请保持游戏画面处于前台
2025-10-20 20:04:06 [TRACE] 正在返回菜单,请保持游戏画面处于前台
2025-10-20 20:04:09 [TRACE] 正在返回菜单,请保持游戏画面处于前台
2025-10-20 20:04:12 [TRACE] 正在返回菜单,请保持游戏画面处于前台
2025-10-20 20:04:15 [TRACE] 正在返回菜单,请保持游戏画面处于前台
2025-10-20 20:04:19 [TRACE] 正在返回菜单,请保持游戏画面处于前台
2025-10-20 20:04:22 [TRACE] 正在返回菜单,请保持游戏画面处于前台
2025-10-20 20:04:25 [TRACE] 正在返回菜单,请保持游戏画面处于前台
2025-10-20 20:04:28 [TRACE] 正在返回菜单,请保持游戏画面处于前台
2025-10-20 20:04:32 [TRACE] 正在返回菜单,请保持游戏画面处于前台
2025-10-20 20:04:35 [TRACE] 正在返回菜单,请保持游戏画面处于前台
2025-10-20 20:04:38 [TRACE] 正在返回菜单,请保持游戏画面处于前台
2025-10-20 20:04:41 [TRACE] 正在返回菜单,请保持游戏画面处于前台
2025-10-20 20:04:45 [TRACE] 正在返回菜单,请保持游戏画面处于前台
2025-10-20 20:04:48 [TRACE] 正在返回菜单,请保持游戏画面处于前台
2025-10-20 20:04:51 [TRACE] 正在返回菜单,请保持游戏画面处于前台
2025-10-20 20:04:54 [TRACE] 正在返回菜单,请保持游戏画面处于前台
2025-10-20 20:04:58 [TRACE] 正在返回菜单,请保持游戏画面处于前台
2025-10-20 20:05:01 [TRACE] 正在返回菜单,请保持游戏画面处于前台
2025-10-20 20:05:04 [TRACE] 正在返回菜单,请保持游戏画面处于前台
2025-10-20 20:05:07 [TRACE] 正在返回菜单,请保持游戏画面处于前台
2025-10-20 20:05:11 [TRACE] 正在返回菜单,请保持游戏画面处于前台
2025-10-20 20:05:14 [TRACE] 正在返回菜单,请保持游戏画面处于前台
2025-10-20 20:05:17 [TRACE] 正在返回菜单,请保持游戏画面处于前台
2025-10-20 20:05:20 [TRACE] 正在返回菜单,请保持游戏画面处于前台
2025-10-20 20:05:24 [TRACE] 正在返回菜单,请保持游戏画面处于前台
2025-10-20 20:05:27 [TRACE] 正在返回菜单,请保持游戏画面处于前台
2025-10-20 20:05:30 [TRACE] 正在返回菜单,请保持游戏画面处于前台
2025-10-20 20:05:33 [TRACE] 正在返回菜单,请保持游戏画面处于前台
2025-10-20 20:05:37 [TRACE] 正在返回菜单,请保持游戏画面处于前台
2025-10-20 20:05:40 [TRACE] 正在返回菜单,请保持游戏画面处于前台
2025-10-20 20:05:43 [TRACE] 正在返回菜单,请保持游戏画面处于前台
2025-10-20 20:05:46 [TRACE] 正在返回菜单,请保持游戏画面处于前台
2025-10-20 20:05:50 [TRACE] 正在返回菜单,请保持游戏画面处于前台
2025-10-20 20:05:53 [TRACE] 正在返回菜单,请保持游戏画面处于前台
2025-10-20 20:05:56 [TRACE] 正在返回菜单,请保持游戏画面处于前台
2025-10-20 20:06:00 [TRACE] 正在返回菜单,请保持游戏画面处于前台
2025-10-20 20:06:03 [TRACE] 正在返回菜单,请保持游戏画面处于前台
2025-10-20 20:06:06 [TRACE] 正在返回菜单,请保持游戏画面处于前台
2025-10-20 20:06:09 [TRACE] 正在返回菜单,请保持游戏画面处于前台
2025-10-20 20:06:13 [TRACE] 正在返回菜单,请保持游戏画面处于前台
2025-10-20 20:06:16 [TRACE] 正在返回菜单,请保持游戏画面处于前台
2025-10-20 20:06:19 [TRACE] 正在返回菜单,请保持游戏画面处于前台
2025-10-20 20:06:22 [TRACE] 正在返回菜单,请保持游戏画面处于前台
2025-10-20 20:06:25 [TRACE] 正在返回菜单,请保持游戏画面处于前台
2025-10-20 20:06:29 [TRACE] 正在返回菜单,请保持游戏画面处于前台
2025-10-20 20:06:32 [TRACE] 正在返回菜单,请保持游戏画面处于前台
2025-10-20 20:06:35 [TRACE] 正在返回菜单,请保持游戏画面处于前台
2025-10-20 20:06:38 [TRACE] 正在返回菜单,请保持游戏画面处于前台
2025-10-20 20:06:42 [TRACE] 正在返回菜单,请保持游戏画面处于前台
2025-10-20 20:06:45 [TRACE] 正在返回菜单,请保持游戏画面处于前台
2025-10-20 20:06:48 [TRACE] 正在返回菜单,请保持游戏画面处于前台
2025-10-20 20:06:51 [TRACE] 正在返回菜单,请保持游戏画面处于前台
2025-10-20 20:06:55 [TRACE] 正在返回菜单,请保持游戏画面处于前台
2025-10-20 20:06:58 [TRACE] 正在返回菜单,请保持游戏画面处于前台
2025-10-20 20:07:01 [TRACE] 正在返回菜单,请保持游戏画面处于前台
2025-10-20 20:07:04 [TRACE] 正在返回菜单,请保持游戏画面处于前台
2025-10-20 20:07:08 [TRACE] 正在返回菜单,请保持游戏画面处于前台
2025-10-20 20:07:11 [TRACE] 正在返回菜单,请保持游戏画面处于前台
2025-10-20 20:07:14 [TRACE] 正在返回菜单,请保持游戏画面处于前台
2025-10-20 20:07:18 [TRACE] 正在返回菜单,请保持游戏画面处于前台
2025-10-20 20:07:21 [TRACE] 正在返回菜单,请保持游戏画面处于前台
2025-10-20 20:07:24 [TRACE] 正在返回菜单,请保持游戏画面处于前台
2025-10-20 20:07:27 [TRACE] 正在返回菜单,请保持游戏画面处于前台
2025-10-20 20:07:31 [TRACE] 正在返回菜单,请保持游戏画面处于前台
2025-10-20 20:07:34 [TRACE] 正在返回菜单,请保持游戏画面处于前台
2025-10-20 20:07:37 [TRACE] 正在返回菜单,请保持游戏画面处于前台
2025-10-20 20:07:40 [TRACE] 正在返回菜单,请保持游戏画面处于前台
2025-10-20 20:07:44 [TRACE] 正在返回菜单,请保持游戏画面处于前台
2025-10-20 20:07:47 [TRACE] 正在返回菜单,请保持游戏画面处于前台
2025-10-20 20:07:50 [TRACE] 正在返回菜单,请保持游戏画面处于前台
2025-10-20 20:07:53 [TRACE] 正在返回菜单,请保持游戏画面处于前台
2025-10-20 20:07:57 [TRACE] 正在返回菜单,请保持游戏画面处于前台
2025-10-20 20:08:00 [TRACE] 正在返回菜单,请保持游戏画面处于前台
2025-10-20 20:08:03 [TRACE] 正在返回菜单,请保持游戏画面处于前台
2025-10-20 20:08:06 [TRACE] 正在返回菜单,请保持游戏画面处于前台
2025-10-20 20:08:10 [TRACE] 正在返回菜单,请保持游戏画面处于前台
2025-10-20 20:08:13 [TRACE] 正在返回菜单,请保持游戏画面处于前台
2025-10-20 20:08:16 [TRACE] 正在返回菜单,请保持游戏画面处于前台
2025-10-20 20:08:19 [TRACE] 正在返回菜单,请保持游戏画面处于前台
2025-10-20 20:08:23 [TRACE] 正在返回菜单,请保持游戏画面处于前台
2025-10-20 20:08:26 [TRACE] 正在返回菜单,请保持游戏画面处于前台
2025-10-20 20:08:29 [TRACE] 正在返回菜单,请保持游戏画面处于前台
2025-10-20 20:08:32 [TRACE] 正在返回菜单,请保持游戏画面处于前台
2025-10-20 20:08:36 [TRACE] 正在返回菜单,请保持游戏画面处于前台
2025-10-20 20:08:39 [TRACE] 正在返回菜单,请保持游戏画面处于前台
2025-10-20 20:08:42 [TRACE] 正在返回菜单,请保持游戏画面处于前台
2025-10-20 20:08:45 [TRACE] 正在返回菜单,请保持游戏画面处于前台
2025-10-20 20:08:49 [TRACE] 正在返回菜单,请保持游戏画面处于前台
2025-10-20 20:08:52 [TRACE] 正在返回菜单,请保持游戏画面处于前台
2025-10-20 20:08:55 [TRACE] 正在返回菜单,请保持游戏画面处于前台
2025-10-20 20:08:58 [TRACE] 正在返回菜单,请保持游戏画面处于前台
2025-10-20 20:09:02 [TRACE] 正在返回菜单,请保持游戏画面处于前台
2025-10-20 20:09:05 [TRACE] 正在返回菜单,请保持游戏画面处于前台
2025-10-20 20:09:08 [TRACE] 正在返回菜单,请保持游戏画面处于前台
2025-10-20 20:09:12 [TRACE] 正在返回菜单,请保持游戏画面处于前台
2025-10-20 20:09:15 [TRACE] 正在返回菜单,请保持游戏画面处于前台
2025-10-20 20:09:18 [TRACE] 正在返回菜单,请保持游戏画面处于前台
2025-10-20 20:09:21 [TRACE] 正在返回菜单,请保持游戏画面处于前台
2025-10-20 20:09:25 [TRACE] 正在返回菜单,请保持游戏画面处于前台
2025-10-20 20:09:28 [TRACE] 正在返回菜单,请保持游戏画面处于前台
2025-10-20 20:09:31 [TRACE] 正在返回菜单,请保持游戏画面处于前台
2025-10-20 20:09:34 [TRACE] 正在返回菜单,请保持游戏画面处于前台
2025-10-20 20:09:38 [TRACE] 正在返回菜单,请保持游戏画面处于前台
2025-10-20 20:09:41 [TRACE] 正在返回菜单,请保持游戏画面处于前台
2025-10-20 20:09:44 [TRACE] 正在返回菜单,请保持游戏画面处于前台
2025-10-20 20:09:47 [TRACE] 正在返回菜单,请保持游戏画面处于前台
2025-10-20 20:09:50 [TRACE] 正在返回菜单,请保持游戏画面处于前台
2025-10-20 20:09:54 [TRACE] 正在返回菜单,请保持游戏画面处于前台
2025-10-20 20:09:57 [TRACE] 正在返回菜单,请保持游戏画面处于前台
2025-10-20 20:10:00 [TRACE] 正在返回菜单,请保持游戏画面处于前台
2025-10-20 20:10:04 [TRACE] 正在返回菜单,请保持游戏画面处于前台
2025-10-20 20:10:07 [TRACE] 正在返回菜单,请保持游戏画面处于前台
2025-10-20 20:10:10 [TRACE] 正在返回菜单,请保持游戏画面处于前台
2025-10-20 20:10:13 [TRACE] 正在返回菜单,请保持游戏画面处于前台
2025-10-20 20:10:16 [TRACE] 正在返回菜单,请保持游戏画面处于前台
2025-10-20 20:10:20 [TRACE] 正在返回菜单,请保持游戏画面处于前台
2025-10-20 20:10:23 [TRACE] 正在返回菜单,请保持游戏画面处于前台
2025-10-20 20:10:27 [TRACE] 正在返回菜单,请保持游戏画面处于前台
2025-10-20 20:10:30 [TRACE] 正在返回菜单,请保持游戏画面处于前台
2025-10-20 20:10:33 [TRACE] 正在返回菜单,请保持游戏画面处于前台
2025-10-20 20:10:36 [TRACE] 正在返回菜单,请保持游戏画面处于前台
2025-10-20 20:10:40 [TRACE] 正在返回菜单,请保持游戏画面处于前台
2025-10-20 20:10:43 [TRACE] 正在返回菜单,请保持游戏画面处于前台
2025-10-20 20:10:46 [TRACE] 正在返回菜单,请保持游戏画面处于前台
2025-10-20 20:10:49 [TRACE] 正在返回菜单,请保持游戏画面处于前台
2025-10-20 20:10:53 [TRACE] 正在返回菜单,请保持游戏画面处于前台
2025-10-20 20:10:56 [TRACE] 正在返回菜单,请保持游戏画面处于前台
2025-10-20 20:10:59 [TRACE] 正在返回菜单,请保持游戏画面处于前台
2025-10-20 20:11:02 [TRACE] 正在返回菜单,请保持游戏画面处于前台
2025-10-20 20:11:06 [TRACE] 正在返回菜单,请保持游戏画面处于前台
2025-10-20 20:11:09 [TRACE] 正在返回菜单,请保持游戏画面处于前台
2025-10-20 20:11:12 [TRACE] 正在返回菜单,请保持游戏画面处于前台
2025-10-20 20:11:15 [TRACE] 正在返回菜单,请保持游戏画面处于前台
2025-10-20 20:11:19 [TRACE] 正在返回菜单,请保持游戏画面处于前台
2025-10-20 20:11:22 [TRACE] 正在返回菜单,请保持游戏画面处于前台
2025-10-20 20:11:25 [TRACE] 正在返回菜单,请保持游戏画面处于前台
2025-10-20 20:11:28 [TRACE] 正在返回菜单,请保持游戏画面处于前台
2025-10-20 20:11:32 [TRACE] 正在返回菜单,请保持游戏画面处于前台
2025-10-20 20:11:35 [TRACE] 正在返回菜单,请保持游戏画面处于前台
2025-10-20 20:11:38 [TRACE] 正在返回菜单,请保持游戏画面处于前台
2025-10-20 20:11:41 [TRACE] 正在返回菜单,请保持游戏画面处于前台
2025-10-20 20:11:45 [TRACE] 正在返回菜单,请保持游戏画面处于前台
2025-10-20 20:11:48 [TRACE] 正在返回菜单,请保持游戏画面处于前台
2025-10-20 20:11:51 [TRACE] 正在返回菜单,请保持游戏画面处于前台
2025-10-20 20:11:54 [TRACE] 正在返回菜单,请保持游戏画面处于前台
2025-10-20 20:11:58 [TRACE] 正在返回菜单,请保持游戏画面处于前台
2025-10-20 20:12:01 [TRACE] 正在返回菜单,请保持游戏画面处于前台
2025-10-20 20:12:04 [TRACE] 正在返回菜单,请保持游戏画面处于前台
2025-10-20 20:12:07 [TRACE] 正在返回菜单,请保持游戏画面处于前台
2025-10-20 20:12:11 [TRACE] 正在返回菜单,请保持游戏画面处于前台
2025-10-20 20:12:14 [TRACE] 正在返回菜单,请保持游戏画面处于前台
2025-10-20 20:12:17 [TRACE] 正在返回菜单,请保持游戏画面处于前台
2025-10-20 20:12:20 [TRACE] 正在返回菜单,请保持游戏画面处于前台
2025-10-20 20:12:24 [TRACE] 正在返回菜单,请保持游戏画面处于前台
2025-10-20 20:12:27 [TRACE] 正在返回菜单,请保持游戏画面处于前台
2025-10-20 20:12:30 [TRACE] 正在返回菜单,请保持游戏画面处于前台
2025-10-20 20:12:34 [TRACE] 正在返回菜单,请保持游戏画面处于前台
2025-10-20 20:12:37 [TRACE] 正在返回菜单,请保持游戏画面处于前台
2025-10-20 20:12:40 [TRACE] 正在返回菜单,请保持游戏画面处于前台
2025-10-20 20:12:43 [TRACE] 正在返回菜单,请保持游戏画面处于前台
2025-10-20 20:12:47 [TRACE] 正在返回菜单,请保持游戏画面处于前台
2025-10-20 20:12:50 [TRACE] 正在返回菜单,请保持游戏画面处于前台
2025-10-20 20:12:53 [TRACE] 正在返回菜单,请保持游戏画面处于前台
2025-10-20 20:12:56 [TRACE] 正在返回菜单,请保持游戏画面处于前台
2025-10-20 20:13:00 [TRACE] 正在返回菜单,请保持游戏画面处于前台
2025-10-20 20:13:03 [TRACE] 正在返回菜单,请保持游戏画面处于前台
2025-10-20 20:13:06 [TRACE] 正在返回菜单,请保持游戏画面处于前台
2025-10-20 20:13:09 [TRACE] 正在返回菜单,请保持游戏画面处于前台
2025-10-20 20:13:13 [TRACE] 正在返回菜单,请保持游戏画面处于前台
2025-10-20 20:13:16 [TRACE] 正在返回菜单,请保持游戏画面处于前台
2025-10-20 20:13:19 [TRACE] 正在返回菜单,请保持游戏画面处于前台
2025-10-20 20:13:22 [TRACE] 正在返回菜单,请保持游戏画面处于前台
2025-10-20 20:13:26 [TRACE] 正在返回菜单,请保持游戏画面处于前台
2025-10-20 20:13:29 [TRACE] 正在返回菜单,请保持游戏画面处于前台
2025-10-20 20:13:32 [TRACE] 正在返回菜单,请保持游戏画面处于前台
2025-10-20 20:13:35 [TRACE] 正在返回菜单,请保持游戏画面处于前台
2025-10-20 20:13:39 [TRACE] 正在返回菜单,请保持游戏画面处于前台
2025-10-20 20:13:42 [TRACE] 正在返回菜单,请保持游戏画面处于前台
2025-10-20 20:13:45 [TRACE] 正在返回菜单,请保持游戏画面处于前台
2025-10-20 20:13:49 [TRACE] 正在返回菜单,请保持游戏画面处于前台
2025-10-20 20:13:52 [TRACE] 正在返回菜单,请保持游戏画面处于前台
2025-10-20 20:13:55 [TRACE] 正在返回菜单,请保持游戏画面处于前台
2025-10-20 20:13:59 [TRACE] 正在返回菜单,请保持游戏画面处于前台
2025-10-20 20:14:02 [TRACE] 正在返回菜单,请保持游戏画面处于前台
2025-10-20 20:14:05 [TRACE] 正在返回菜单,请保持游戏画面处于前台
2025-10-20 20:14:08 [TRACE] 正在返回菜单,请保持游戏画面处于前台
2025-10-20 20:14:12 [TRACE] 正在返回菜单,请保持游戏画面处于前台
2025-10-20 20:14:15 [TRACE] 正在返回菜单,请保持游戏画面处于前台
2025-10-20 20:14:18 [TRACE] 正在返回菜单,请保持游戏画面处于前台
2025-10-20 20:14:21 [TRACE] 正在返回菜单,请保持游戏画面处于前台
2025-10-20 20:14:25 [TRACE] 正在返回菜单,请保持游戏画面处于前台
2025-10-20 20:14:28 [TRACE] 正在返回菜单,请保持游戏画面处于前台
2025-10-20 20:14:31 [TRACE] 正在返回菜单,请保持游戏画面处于前台
2025-10-20 20:14:34 [TRACE] 正在返回菜单,请保持游戏画面处于前台
2025-10-20 20:14:38 [TRACE] 正在返回菜单,请保持游戏画面处于前台
2025-10-20 20:14:41 [TRACE] 正在返回菜单,请保持游戏画面处于前台
2025-10-20 20:14:44 [TRACE] 正在返回菜单,请保持游戏画面处于前台
2025-10-20 20:14:47 [TRACE] 正在返回菜单,请保持游戏画面处于前台
2025-10-20 20:14:51 [TRACE] 正在返回菜单,请保持游戏画面处于前台
2025-10-20 20:14:54 [TRACE] 正在返回菜单,请保持游戏画面处于前台
2025-10-20 20:14:57 [TRACE] 正在返回菜单,请保持游戏画面处于前台
2025-10-20 20:15:00 [TRACE] 正在返回菜单,请保持游戏画面处于前台
2025-10-20 20:15:04 [TRACE] 正在返回菜单,请保持游戏画面处于前台
2025-10-20 20:15:07 [TRACE] 正在返回菜单,请保持游戏画面处于前台
2025-10-20 20:15:10 [TRACE] 正在返回菜单,请保持游戏画面处于前台
2025-10-20 20:15:14 [TRACE] 正在返回菜单,请保持游戏画面处于前台
2025-10-20 20:15:17 [TRACE] 正在返回菜单,请保持游戏画面处于前台
2025-10-20 20:15:20 [TRACE] 正在返回菜单,请保持游戏画面处于前台
2025-10-20 20:15:23 [TRACE] 正在返回菜单,请保持游戏画面处于前台
2025-10-20 20:15:27 [TRACE] 正在返回菜单,请保持游戏画面处于前台
2025-10-20 20:15:30 [TRACE] 正在返回菜单,请保持游戏画面处于前台
2025-10-20 20:15:33 [TRACE] 正在返回菜单,请保持游戏画面处于前台
2025-10-20 20:15:37 [TRACE] 正在返回菜单,请保持游戏画面处于前台
2025-10-20 20:15:40 [TRACE] 正在返回菜单,请保持游戏画面处于前台
2025-10-20 20:15:43 [TRACE] 正在返回菜单,请保持游戏画面处于前台
2025-10-20 20:15:46 [TRACE] 正在返回菜单,请保持游戏画面处于前台
2025-10-20 20:15:49 [TRACE] 正在返回菜单,请保持游戏画面处于前台
2025-10-20 20:15:53 [TRACE] 正在返回菜单,请保持游戏画面处于前台
2025-10-20 20:15:56 [TRACE] 正在返回菜单,请保持游戏画面处于前台
2025-10-20 20:15:59 [TRACE] 正在返回菜单,请保持游戏画面处于前台
2025-10-20 20:16:02 [TRACE] 正在返回菜单,请保持游戏画面处于前台
2025-10-20 20:16:06 [TRACE] 正在返回菜单,请保持游戏画面处于前台
2025-10-20 20:16:09 [TRACE] 正在返回菜单,请保持游戏画面处于前台
2025-10-20 20:16:12 [TRACE] 正在返回菜单,请保持游戏画面处于前台
2025-10-20 20:16:16 [TRACE] 正在返回菜单,请保持游戏画面处于前台
2025-10-20 20:16:19 [TRACE] 正在返回菜单,请保持游戏画面处于前台
2025-10-20 20:16:22 [TRACE] 正在返回菜单,请保持游戏画面处于前台
2025-10-20 20:16:25 [TRACE] 正在返回菜单,请保持游戏画面处于前台
2025-10-20 20:16:28 [TRACE] 正在返回菜单,请保持游戏画面处于前台
2025-10-20 20:16:32 [TRACE] 正在返回菜单,请保持游戏画面处于前台
2025-10-20 20:16:35 [TRACE] 正在返回菜单,请保持游戏画面处于前台
2025-10-20 20:16:38 [TRACE] 正在返回菜单,请保持游戏画面处于前台
2025-10-20 20:16:42 [TRACE] 正在返回菜单,请保持游戏画面处于前台
2025-10-20 20:16:45 [TRACE] 正在返回菜单,请保持游戏画面处于前台
2025-10-20 20:16:48 [TRACE] 正在返回菜单,请保持游戏画面处于前台
2025-10-20 20:16:51 [TRACE] 正在返回菜单,请保持游戏画面处于前台
2025-10-20 20:16:55 [TRACE] 正在返回菜单,请保持游戏画面处于前台
2025-10-20 20:16:58 [TRACE] 正在返回菜单,请保持游戏画面处于前台
2025-10-20 20:17:01 [TRACE] 正在返回菜单,请保持游戏画面处于前台
2025-10-20 20:17:04 [TRACE] 正在返回菜单,请保持游戏画面处于前台
2025-10-20 20:17:08 [TRACE] 正在返回菜单,请保持游戏画面处于前台
2025-10-20 20:17:11 [TRACE] 正在返回菜单,请保持游戏画面处于前台
2025-10-20 20:17:14 [TRACE] 正在返回菜单,请保持游戏画面处于前台
2025-10-20 20:17:17 [TRACE] 正在返回菜单,请保持游戏画面处于前台
2025-10-20 20:17:21 [TRACE] 正在返回菜单,请保持游戏画面处于前台
2025-10-20 20:17:24 [TRACE] 正在返回菜单,请保持游戏画面处于前台
2025-10-20 20:17:27 [TRACE] 正在返回菜单,请保持游戏画面处于前台
2025-10-20 20:17:31 [TRACE] 正在返回菜单,请保持游戏画面处于前台
2025-10-20 20:17:34 [TRACE] 正在返回菜单,请保持游戏画面处于前台
2025-10-20 20:17:37 [TRACE] 正在返回菜单,请保持游戏画面处于前台
2025-10-20 20:17:40 [TRACE] 正在返回菜单,请保持游戏画面处于前台
2025-10-20 20:17:44 [TRACE] 正在返回菜单,请保持游戏画面处于前台
2025-10-20 20:17:47 [TRACE] 正在返回菜单,请保持游戏画面处于前台
2025-10-20 20:17:50 [TRACE] 正在返回菜单,请保持游戏画面处于前台
2025-10-20 20:17:53 [TRACE] 正在返回菜单,请保持游戏画面处于前台
2025-10-20 20:17:56 [TRACE] 正在返回菜单,请保持游戏画面处于前台
2025-10-20 20:18:00 [TRACE] 正在返回菜单,请保持游戏画面处于前台
2025-10-20 20:18:03 [TRACE] 正在返回菜单,请保持游戏画面处于前台
2025-10-20 20:18:06 [TRACE] 正在返回菜单,请保持游戏画面处于前台
2025-10-20 20:18:09 [TRACE] 正在返回菜单,请保持游戏画面处于前台
2025-10-20 20:18:13 [TRACE] 正在返回菜单,请保持游戏画面处于前台
2025-10-20 20:18:16 [TRACE] 正在返回菜单,请保持游戏画面处于前台
2025-10-20 20:18:19 [TRACE] 正在返回菜单,请保持游戏画面处于前台
2025-10-20 20:18:22 [TRACE] 正在返回菜单,请保持游戏画面处于前台
2025-10-20 20:18:26 [TRACE] 正在返回菜单,请保持游戏画面处于前台
2025-10-20 20:18:29 [TRACE] 正在返回菜单,请保持游戏画面处于前台
2025-10-20 20:18:32 [TRACE] 正在返回菜单,请保持游戏画面处于前台
2025-10-20 20:18:35 [TRACE] 正在返回菜单,请保持游戏画面处于前台
2025-10-20 20:18:39 [TRACE] 正在返回菜单,请保持游戏画面处于前台
2025-10-20 20:18:42 [TRACE] 正在返回菜单,请保持游戏画面处于前台
2025-10-20 20:18:45 [TRACE] 正在返回菜单,请保持游戏画面处于前台
2025-10-20 20:18:49 [TRACE] 正在返回菜单,请保持游戏画面处于前台
2025-10-20 20:18:52 [TRACE] 正在返回菜单,请保持游戏画面处于前台
2025-10-20 20:18:55 [TRACE] 正在返回菜单,请保持游戏画面处于前台
2025-10-20 20:18:58 [TRACE] 正在返回菜单,请保持游戏画面处于前台
2025-10-20 20:19:02 [TRACE] 正在返回菜单,请保持游戏画面处于前台
2025-10-20 20:19:05 [TRACE] 正在返回菜单,请保持游戏画面处于前台
2025-10-20 20:19:08 [TRACE] 正在返回菜单,请保持游戏画面处于前台
2025-10-20 20:19:11 [TRACE] 正在返回菜单,请保持游戏画面处于前台
2025-10-20 20:19:15 [TRACE] 正在返回菜单,请保持游戏画面处于前台
2025-10-20 20:19:18 [TRACE] 正在返回菜单,请保持游戏画面处于前台
2025-10-20 20:19:21 [TRACE] 正在返回菜单,请保持游戏画面处于前台
2025-10-20 20:19:24 [TRACE] 正在返回菜单,请保持游戏画面处于前台
2025-10-20 20:19:28 [TRACE] 正在返回菜单,请保持游戏画面处于前台
2025-10-20 20:19:31 [TRACE] 正在返回菜单,请保持游戏画面处于前台
2025-10-20 20:19:34 [TRACE] 正在返回菜单,请保持游戏画面处于前台
2025-10-20 20:19:37 [TRACE] 正在返回菜单,请保持游戏画面处于前台
2025-10-20 20:19:41 [TRACE] 正在返回菜单,请保持游戏画面处于前台
2025-10-20 20:19:44 [TRACE] 正在返回菜单,请保持游戏画面处于前台
2025-10-20 20:19:47 [TRACE] 正在返回菜单,请保持游戏画面处于前台
2025-10-20 20:19:51 [TRACE] 正在返回菜单,请保持游戏画面处于前台
2025-10-20 20:19:54 [TRACE] 正在返回菜单,请保持游戏画面处于前台
2025-10-20 20:19:57 [TRACE] 正在返回菜单,请保持游戏画面处于前台
2025-10-20 20:20:00 [TRACE] 正在返回菜单,请保持游戏画面处于前台
2025-10-20 20:20:04 [TRACE] 正在返回菜单,请保持游戏画面处于前台
2025-10-20 20:20:07 [TRACE] 正在返回菜单,请保持游戏画面处于前台
2025-10-20 20:20:10 [TRACE] 正在返回菜单,请保持游戏画面处于前台
2025-10-20 20:20:13 [TRACE] 正在返回菜单,请保持游戏画面处于前台
2025-10-20 20:20:17 [TRACE] 正在返回菜单,请保持游戏画面处于前台
2025-10-20 20:20:20 [TRACE] 正在返回菜单,请保持游戏画面处于前台
2025-10-20 20:20:23 [TRACE] 正在返回菜单,请保持游戏画面处于前台
2025-10-20 20:20:26 [TRACE] 正在返回菜单,请保持游戏画面处于前台
2025-10-20 20:20:30 [TRACE] 正在返回菜单,请保持游戏画面处于前台
2025-10-20 20:20:33 [TRACE] 正在返回菜单,请保持游戏画面处于前台
2025-10-20 20:20:36 [TRACE] 正在返回菜单,请保持游戏画面处于前台
2025-10-20 20:20:39 [TRACE] 正在返回菜单,请保持游戏画面处于前台
2025-10-20 20:20:43 [TRACE] 正在返回菜单,请保持游戏画面处于前台
2025-10-20 20:20:46 [TRACE] 正在返回菜单,请保持游戏画面处于前台
2025-10-20 20:20:49 [TRACE] 正在返回菜单,请保持游戏画面处于前台
2025-10-20 20:20:52 [TRACE] 正在返回菜单,请保持游戏画面处于前台
2025-10-20 20:20:56 [TRACE] 正在返回菜单,请保持游戏画面处于前台
2025-10-20 20:20:59 [TRACE] 正在返回菜单,请保持游戏画面处于前台
2025-10-20 20:21:02 [TRACE] 正在返回菜单,请保持游戏画面处于前台
2025-10-20 20:21:05 [TRACE] 正在返回菜单,请保持游戏画面处于前台
2025-10-20 20:21:09 [TRACE] 正在返回菜单,请保持游戏画面处于前台
2025-10-20 20:21:12 [TRACE] 正在返回菜单,请保持游戏画面处于前台
2025-10-20 20:21:15 [TRACE] 正在返回菜单,请保持游戏画面处于前台
2025-10-20 20:21:18 [TRACE] 正在返回菜单,请保持游戏画面处于前台
2025-10-20 20:21:22 [TRACE] 正在返回菜单,请保持游戏画面处于前台
2025-10-20 20:21:25 [TRACE] 正在返回菜单,请保持游戏画面处于前台
2025-10-20 20:21:28 [TRACE] 正在返回菜单,请保持游戏画面处于前台
2025-10-20 20:21:31 [TRACE] 正在返回菜单,请保持游戏画面处于前台
2025-10-20 20:21:34 [TRACE] 正在返回菜单,请保持游戏画面处于前台
2025-10-20 20:21:38 [TRACE] 正在返回菜单,请保持游戏画面处于前台
2025-10-20 20:21:41 [TRACE] 正在返回菜单,请保持游戏画面处于前台
2025-10-20 20:21:44 [TRACE] 正在返回菜单,请保持游戏画面处于前台
2025-10-20 20:21:48 [TRACE] 正在返回菜单,请保持游戏画面处于前台
2025-10-20 20:21:51 [TRACE] 正在返回菜单,请保持游戏画面处于前台
2025-10-20 20:21:54 [TRACE] 正在返回菜单,请保持游戏画面处于前台
2025-10-20 20:21:58 [TRACE] 正在返回菜单,请保持游戏画面处于前台
2025-10-20 20:22:01 [TRACE] 正在返回菜单,请保持游戏画面处于前台
2025-10-20 20:22:04 [TRACE] 正在返回菜单,请保持游戏画面处于前台
2025-10-20 20:22:07 [TRACE] 正在返回菜单,请保持游戏画面处于前台
2025-10-20 20:22:11 [TRACE] 正在返回菜单,请保持游戏画面处于前台
2025-10-20 20:22:14 [TRACE] 正在返回菜单,请保持游戏画面处于前台
2025-10-20 20:22:17 [TRACE] 正在返回菜单,请保持游戏画面处于前台
2025-10-20 20:22:20 [TRACE] 正在返回菜单,请保持游戏画面处于前台
2025-10-20 20:22:24 [TRACE] 正在返回菜单,请保持游戏画面处于前台
2025-10-20 20:22:27 [TRACE] 正在返回菜单,请保持游戏画面处于前台
2025-10-20 20:22:30 [TRACE] 正在返回菜单,请保持游戏画面处于前台
2025-10-20 20:22:33 [TRACE] 正在返回菜单,请保持游戏画面处于前台
2025-10-20 20:22:36 [TRACE] 正在返回菜单,请保持游戏画面处于前台
2025-10-20 20:22:40 [TRACE] 正在返回菜单,请保持游戏画面处于前台
2025-10-20 20:22:43 [TRACE] 正在返回菜单,请保持游戏画面处于前台
2025-10-20 20:22:46 [TRACE] 正在返回菜单,请保持游戏画面处于前台
2025-10-20 20:22:50 [TRACE] 正在返回菜单,请保持游戏画面处于前台
2025-10-20 20:22:53 [TRACE] 正在返回菜单,请保持游戏画面处于前台
2025-10-20 20:22:56 [TRACE] 正在返回菜单,请保持游戏画面处于前台
2025-10-20 20:22:59 [TRACE] 正在返回菜单,请保持游戏画面处于前台
2025-10-20 20:23:03 [TRACE] 正在返回菜单,请保持游戏画面处于前台
2025-10-20 20:23:06 [TRACE] 正在返回菜单,请保持游戏画面处于前台
2025-10-20 20:23:09 [TRACE] 正在返回菜单,请保持游戏画面处于前台
2025-10-20 20:23:13 [TRACE] 正在返回菜单,请保持游戏画面处于前台
2025-10-20 20:23:16 [TRACE] 正在返回菜单,请保持游戏画面处于前台
2025-10-20 20:23:19 [TRACE] 正在返回菜单,请保持游戏画面处于前台
2025-10-20 20:23:22 [TRACE] 正在返回菜单,请保持游戏画面处于前台
2025-10-20 20:23:25 [TRACE] 正在返回菜单,请保持游戏画面处于前台
2025-10-20 20:23:29 [TRACE] 正在返回菜单,请保持游戏画面处于前台
2025-10-20 20:23:32 [TRACE] 正在返回菜单,请保持游戏画面处于前台
2025-10-20 20:23:35 [TRACE] 正在返回菜单,请保持游戏画面处于前台
2025-10-20 20:23:38 [TRACE] 正在返回菜单,请保持游戏画面处于前台
2025-10-20 20:23:42 [TRACE] 正在返回菜单,请保持游戏画面处于前台
2025-10-20 20:23:45 [TRACE] 正在返回菜单,请保持游戏画面处于前台
2025-10-20 20:23:48 [TRACE] 正在返回菜单,请保持游戏画面处于前台
2025-10-20 20:23:51 [TRACE] 正在返回菜单,请保持游戏画面处于前台
2025-10-20 20:23:55 [TRACE] 正在返回菜单,请保持游戏画面处于前台
2025-10-20 20:23:58 [TRACE] 正在返回菜单,请保持游戏画面处于前台
2025-10-20 20:24:01 [TRACE] 正在返回菜单,请保持游戏画面处于前台
2025-10-20 20:24:05 [TRACE] 正在返回菜单,请保持游戏画面处于前台
2025-10-20 20:24:08 [TRACE] 正在返回菜单,请保持游戏画面处于前台
2025-10-20 20:24:11 [TRACE] 正在返回菜单,请保持游戏画面处于前台
2025-10-20 20:24:14 [TRACE] 正在返回菜单,请保持游戏画面处于前台
2025-10-20 20:24:18 [TRACE] 正在返回菜单,请保持游戏画面处于前台
2025-10-20 20:24:21 [TRACE] 正在返回菜单,请保持游戏画面处于前台
2025-10-20 20:24:24 [TRACE] 正在返回菜单,请保持游戏画面处于前台
2025-10-20 20:24:28 [TRACE] 正在返回菜单,请保持游戏画面处于前台
2025-10-20 20:24:31 [TRACE] 正在返回菜单,请保持游戏画面处于前台
2025-10-20 20:24:34 [TRACE] 正在返回菜单,请保持游戏画面处于前台
2025-10-20 20:24:37 [TRACE] 正在返回菜单,请保持游戏画面处于前台
2025-10-20 20:24:41 [TRACE] 正在返回菜单,请保持游戏画面处于前台
2025-10-20 20:24:44 [TRACE] 正在返回菜单,请保持游戏画面处于前台
2025-10-20 20:24:47 [TRACE] 正在返回菜单,请保持游戏画面处于前台
2025-10-20 20:24:50 [TRACE] 正在返回菜单,请保持游戏画面处于前台
2025-10-20 20:24:54 [TRACE] 正在返回菜单,请保持游戏画面处于前台
2025-10-20 20:24:57 [TRACE] 正在返回菜单,请保持游戏画面处于前台
2025-10-20 20:25:00 [TRACE] 正在返回菜单,请保持游戏画面处于前台
2025-10-20 20:25:03 [TRACE] 正在返回菜单,请保持游戏画面处于前台
2025-10-20 20:25:07 [TRACE] 正在返回菜单,请保持游戏画面处于前台
2025-10-20 20:25:10 [TRACE] 正在返回菜单,请保持游戏画面处于前台
2025-10-20 20:25:13 [TRACE] 正在返回菜单,请保持游戏画面处于前台
2025-10-20 20:25:16 [TRACE] 正在返回菜单,请保持游戏画面处于前台
2025-10-20 20:25:20 [TRACE] 正在返回菜单,请保持游戏画面处于前台
2025-10-20 20:25:23 [TRACE] 正在返回菜单,请保持游戏画面处于前台
2025-10-20 20:25:26 [TRACE] 正在返回菜单,请保持游戏画面处于前台
2025-10-20 20:25:29 [TRACE] 正在返回菜单,请保持游戏画面处于前台
2025-10-20 20:25:33 [TRACE] 正在返回菜单,请保持游戏画面处于前台
2025-10-20 20:25:36 [TRACE] 正在返回菜单,请保持游戏画面处于前台
2025-10-20 20:25:39 [TRACE] 正在返回菜单,请保持游戏画面处于前台
2025-10-20 20:25:43 [TRACE] 正在返回菜单,请保持游戏画面处于前台
2025-10-20 20:25:46 [TRACE] 正在返回菜单,请保持游戏画面处于前台
2025-10-20 20:25:49 [TRACE] 正在返回菜单,请保持游戏画面处于前台
2025-10-20 20:25:52 [TRACE] 正在返回菜单,请保持游戏画面处于前台
2025-10-20 20:25:56 [TRACE] 正在返回菜单,请保持游戏画面处于前台
2025-10-20 20:25:59 [TRACE] 正在返回菜单,请保持游戏画面处于前台
2025-10-20 20:26:02 [TRACE] 正在返回菜单,请保持游戏画面处于前台
2025-10-20 20:26:05 [TRACE] 正在返回菜单,请保持游戏画面处于前台
2025-10-20 20:26:09 [TRACE] 正在返回菜单,请保持游戏画面处于前台
2025-10-20 20:26:12 [TRACE] 正在返回菜单,请保持游戏画面处于前台
2025-10-20 20:26:15 [TRACE] 正在返回菜单,请保持游戏画面处于前台
2025-10-20 20:26:18 [TRACE] 正在返回菜单,请保持游戏画面处于前台
2025-10-20 20:26:22 [TRACE] 正在返回菜单,请保持游戏画面处于前台
2025-10-20 20:26:25 [TRACE] 正在返回菜单,请保持游戏画面处于前台
2025-10-20 20:26:28 [TRACE] 正在返回菜单,请保持游戏画面处于前台
2025-10-20 20:26:31 [TRACE] 正在返回菜单,请保持游戏画面处于前台
2025-10-20 20:26:35 [TRACE] 正在返回菜单,请保持游戏画面处于前台
2025-10-20 20:26:38 [TRACE] 正在返回菜单,请保持游戏画面处于前台
2025-10-20 20:26:41 [TRACE] 正在返回菜单,请保持游戏画面处于前台
2025-10-20 20:26:44 [TRACE] 正在返回菜单,请保持游戏画面处于前台
2025-10-20 20:26:48 [TRACE] 正在返回菜单,请保持游戏画面处于前台
2025-10-20 20:26:51 [TRACE] 正在返回菜单,请保持游戏画面处于前台
2025-10-20 20:26:54 [TRACE] 正在返回菜单,请保持游戏画面处于前台
2025-10-20 20:26:57 [TRACE] 正在返回菜单,请保持游戏画面处于前台
2025-10-20 20:27:01 [TRACE] 正在返回菜单,请保持游戏画面处于前台
2025-10-20 20:27:04 [TRACE] 正在返回菜单,请保持游戏画面处于前台
2025-10-20 20:27:07 [TRACE] 正在返回菜单,请保持游戏画面处于前台
2025-10-20 20:27:10 [TRACE] 正在返回菜单,请保持游戏画面处于前台
2025-10-20 20:27:14 [TRACE] 正在返回菜单,请保持游戏画面处于前台
2025-10-20 20:27:17 [TRACE] 正在返回菜单,请保持游戏画面处于前台
2025-10-20 20:27:20 [TRACE] 正在返回菜单,请保持游戏画面处于前台
2025-10-20 20:27:23 [TRACE] 正在返回菜单,请保持游戏画面处于前台
2025-10-20 20:27:27 [TRACE] 正在返回菜单,请保持游戏画面处于前台
2025-10-20 20:27:30 [TRACE] 正在返回菜单,请保持游戏画面处于前台
2025-10-20 20:27:33 [TRACE] 正在返回菜单,请保持游戏画面处于前台
2025-10-20 20:27:37 [TRACE] 正在返回菜单,请保持游戏画面处于前台
2025-10-20 20:27:40 [TRACE] 正在返回菜单,请保持游戏画面处于前台
2025-10-20 20:27:43 [TRACE] 正在返回菜单,请保持游戏画面处于前台
2025-10-20 20:27:46 [TRACE] 正在返回菜单,请保持游戏画面处于前台
2025-10-20 20:27:50 [TRACE] 正在返回菜单,请保持游戏画面处于前台
2025-10-20 20:27:53 [TRACE] 正在返回菜单,请保持游戏画面处于前台
2025-10-20 20:27:56 [TRACE] 正在返回菜单,请保持游戏画面处于前台
2025-10-20 20:27:59 [TRACE] 正在返回菜单,请保持游戏画面处于前台
2025-10-20 20:28:02 [TRACE] 正在返回菜单,请保持游戏画面处于前台
2025-10-20 20:28:06 [TRACE] 正在返回菜单,请保持游戏画面处于前台
2025-10-20 20:28:09 [TRACE] 正在返回菜单,请保持游戏画面处于前台
2025-10-20 20:28:12 [TRACE] 正在返回菜单,请保持游戏画面处于前台
2025-10-20 20:28:16 [TRACE] 正在返回菜单,请保持游戏画面处于前台
2025-10-20 20:28:19 [TRACE] 正在返回菜单,请保持游戏画面处于前台
2025-10-20 20:28:22 [TRACE] 正在返回菜单,请保持游戏画面处于前台
2025-10-20 20:28:25 [TRACE] 正在返回菜单,请保持游戏画面处于前台
2025-10-20 20:28:29 [TRACE] 正在返回菜单,请保持游戏画面处于前台
2025-10-20 20:28:32 [TRACE] 正在返回菜单,请保持游戏画面处于前台
2025-10-20 20:28:35 [TRACE] 正在返回菜单,请保持游戏画面处于前台
2025-10-20 20:28:38 [TRACE] 正在返回菜单,请保持游戏画面处于前台
2025-10-20 20:28:41 [TRACE] 正在返回菜单,请保持游戏画面处于前台
2025-10-20 20:28:45 [TRACE] 正在返回菜单,请保持游戏画面处于前台
2025-10-20 20:28:48 [TRACE] 正在返回菜单,请保持游戏画面处于前台
2025-10-20 20:28:51 [TRACE] 正在返回菜单,请保持游戏画面处于前台
2025-10-20 20:28:55 [TRACE] 正在返回菜单,请保持游戏画面处于前台
2025-10-20 20:28:58 [TRACE] 正在返回菜单,请保持游戏画面处于前台
2025-10-20 20:29:01 [TRACE] 正在返回菜单,请保持游戏画面处于前台
2025-10-20 20:29:05 [TRACE] 正在返回菜单,请保持游戏画面处于前台
2025-10-20 20:29:08 [TRACE] 正在返回菜单,请保持游戏画面处于前台
2025-10-20 20:29:11 [TRACE] 正在返回菜单,请保持游戏画面处于前台
2025-10-20 20:29:14 [TRACE] 正在返回菜单,请保持游戏画面处于前台
2025-10-20 20:29:17 [TRACE] 正在返回菜单,请保持游戏画面处于前台
2025-10-20 20:29:21 [TRACE] 正在返回菜单,请保持游戏画面处于前台
2025-10-20 20:29:24 [TRACE] 正在返回菜单,请保持游戏画面处于前台
2025-10-20 20:29:27 [TRACE] 正在返回菜单,请保持游戏画面处于前台
2025-10-20 20:29:30 [TRACE] 正在返回菜单,请保持游戏画面处于前台
2025-10-20 20:29:34 [TRACE] 正在返回菜单,请保持游戏画面处于前台
2025-10-20 20:29:37 [TRACE] 正在返回菜单,请保持游戏画面处于前台
2025-10-20 20:29:40 [TRACE] 正在返回菜单,请保持游戏画面处于前台
2025-10-20 20:29:44 [TRACE] 正在返回菜单,请保持游戏画面处于前台
2025-10-20 20:29:47 [TRACE] 正在返回菜单,请保持游戏画面处于前台
2025-10-20 20:29:50 [TRACE] 正在返回菜单,请保持游戏画面处于前台
2025-10-20 20:29:53 [TRACE] 正在返回菜单,请保持游戏画面处于前台
2025-10-20 20:29:56 [TRACE] 正在返回菜单,请保持游戏画面处于前台
2025-10-20 20:30:00 [TRACE] 正在返回菜单,请保持游戏画面处于前台
2025-10-20 20:30:03 [TRACE] 正在返回菜单,请保持游戏画面处于前台
2025-10-20 20:30:06 [TRACE] 正在返回菜单,请保持游戏画面处于前台
2025-10-20 20:30:09 [TRACE] 正在返回菜单,请保持游戏画面处于前台
2025-10-20 20:30:13 [TRACE] 正在返回菜单,请保持游戏画面处于前台
2025-10-20 20:30:16 [TRACE] 正在返回菜单,请保持游戏画面处于前台
2025-10-20 20:30:19 [TRACE] 正在返回菜单,请保持游戏画面处于前台
2025-10-20 20:30:22 [TRACE] 正在返回菜单,请保持游戏画面处于前台
2025-10-20 20:30:26 [TRACE] 正在返回菜单,请保持游戏画面处于前台
2025-10-20 20:30:29 [TRACE] 正在返回菜单,请保持游戏画面处于前台
2025-10-20 20:30:32 [TRACE] 正在返回菜单,请保持游戏画面处于前台
2025-10-20 20:30:35 [TRACE] 正在返回菜单,请保持游戏画面处于前台
2025-10-20 20:30:39 [TRACE] 正在返回菜单,请保持游戏画面处于前台
2025-10-20 20:30:42 [TRACE] 正在返回菜单,请保持游戏画面处于前台
2025-10-20 20:30:45 [TRACE] 正在返回菜单,请保持游戏画面处于前台
2025-10-20 20:30:48 [TRACE] 正在返回菜单,请保持游戏画面处于前台
2025-10-20 20:30:52 [TRACE] 正在返回菜单,请保持游戏画面处于前台
2025-10-20 20:30:55 [TRACE] 正在返回菜单,请保持游戏画面处于前台
2025-10-20 20:30:58 [TRACE] 正在返回菜单,请保持游戏画面处于前台
2025-10-20 20:31:02 [TRACE] 正在返回菜单,请保持游戏画面处于前台
2025-10-20 20:31:05 [TRACE] 正在返回菜单,请保持游戏画面处于前台
2025-10-20 20:31:08 [TRACE] 正在返回菜单,请保持游戏画面处于前台
2025-10-20 20:31:11 [TRACE] 正在返回菜单,请保持游戏画面处于前台
2025-10-20 20:31:15 [TRACE] 正在返回菜单,请保持游戏画面处于前台
2025-10-20 20:31:18 [TRACE] 正在返回菜单,请保持游戏画面处于前台
2025-10-20 20:31:21 [TRACE] 正在返回菜单,请保持游戏画面处于前台
2025-10-20 20:31:24 [TRACE] 正在返回菜单,请保持游戏画面处于前台
2025-10-20 20:31:28 [TRACE] 正在返回菜单,请保持游戏画面处于前台
2025-10-20 20:31:31 [TRACE] 正在返回菜单,请保持游戏画面处于前台
2025-10-20 20:31:34 [TRACE] 正在返回菜单,请保持游戏画面处于前台
2025-10-20 20:31:37 [TRACE] 正在返回菜单,请保持游戏画面处于前台
2025-10-20 20:31:41 [TRACE] 正在返回菜单,请保持游戏画面处于前台
2025-10-20 20:31:44 [TRACE] 正在返回菜单,请保持游戏画面处于前台
2025-10-20 20:31:47 [TRACE] 正在返回菜单,请保持游戏画面处于前台
2025-10-20 20:31:50 [TRACE] 正在返回菜单,请保持游戏画面处于前台
2025-10-20 20:31:53 [TRACE] 正在返回菜单,请保持游戏画面处于前台
2025-10-20 20:31:57 [TRACE] 正在返回菜单,请保持游戏画面处于前台
2025-10-20 20:32:00 [TRACE] 正在返回菜单,请保持游戏画面处于前台
2025-10-20 20:32:03 [TRACE] 正在返回菜单,请保持游戏画面处于前台
2025-10-20 20:32:07 [TRACE] 正在返回菜单,请保持游戏画面处于前台
2025-10-20 20:32:10 [TRACE] 正在返回菜单,请保持游戏画面处于前台
2025-10-20 20:32:13 [TRACE] 正在返回菜单,请保持游戏画面处于前台
2025-10-20 20:32:17 [TRACE] 正在返回菜单,请保持游戏画面处于前台
2025-10-20 20:32:20 [TRACE] 正在返回菜单,请保持游戏画面处于前台
2025-10-20 20:32:23 [TRACE] 正在返回菜单,请保持游戏画面处于前台
2025-10-20 20:32:26 [TRACE] 正在返回菜单,请保持游戏画面处于前台
2025-10-20 20:32:30 [TRACE] 正在返回菜单,请保持游戏画面处于前台
2025-10-20 20:32:33 [TRACE] 正在返回菜单,请保持游戏画面处于前台
2025-10-20 20:32:36 [TRACE] 正在返回菜单,请保持游戏画面处于前台
2025-10-20 20:32:39 [TRACE] 正在返回菜单,请保持游戏画面处于前台
2025-10-20 20:32:42 [TRACE] 正在返回菜单,请保持游戏画面处于前台
2025-10-20 20:32:46 [TRACE] 正在返回菜单,请保持游戏画面处于前台
2025-10-20 20:32:49 [TRACE] 正在返回菜单,请保持游戏画面处于前台
2025-10-20 20:32:52 [TRACE] 正在返回菜单,请保持游戏画面处于前台
2025-10-20 20:32:55 [TRACE] 正在返回菜单,请保持游戏画面处于前台
2025-10-20 20:32:59 [TRACE] 正在返回菜单,请保持游戏画面处于前台
2025-10-20 20:33:02 [TRACE] 正在返回菜单,请保持游戏画面处于前台
2025-10-20 20:33:05 [TRACE] 正在返回菜单,请保持游戏画面处于前台
2025-10-20 20:33:09 [TRACE] 正在返回菜单,请保持游戏画面处于前台
2025-10-20 20:33:12 [TRACE] 正在返回菜单,请保持游戏画面处于前台
2025-10-20 20:33:15 [TRACE] 正在返回菜单,请保持游戏画面处于前台
2025-10-20 20:33:18 [TRACE] 正在返回菜单,请保持游戏画面处于前台
2025-10-20 20:33:22 [TRACE] 正在返回菜单,请保持游戏画面处于前台
2025-10-20 20:33:25 [TRACE] 正在返回菜单,请保持游戏画面处于前台
2025-10-20 20:33:28 [TRACE] 正在返回菜单,请保持游戏画面处于前台
2025-10-20 20:33:31 [TRACE] 正在返回菜单,请保持游戏画面处于前台
2025-10-20 20:33:35 [TRACE] 正在返回菜单,请保持游戏画面处于前台
2025-10-20 20:33:38 [TRACE] 正在返回菜单,请保持游戏画面处于前台
2025-10-20 20:33:41 [TRACE] 正在返回菜单,请保持游戏画面处于前台
2025-10-20 20:33:44 [TRACE] 正在返回菜单,请保持游戏画面处于前台
2025-10-20 20:33:48 [TRACE] 正在返回菜单,请保持游戏画面处于前台
2025-10-20 20:33:51 [TRACE] 正在返回菜单,请保持游戏画面处于前台
2025-10-20 20:33:54 [TRACE] 正在返回菜单,请保持游戏画面处于前台
2025-10-20 20:33:57 [TRACE] 正在返回菜单,请保持游戏画面处于前台
2025-10-20 20:34:01 [TRACE] 正在返回菜单,请保持游戏画面处于前台
2025-10-20 20:34:04 [TRACE] 正在返回菜单,请保持游戏画面处于前台
2025-10-20 20:34:07 [TRACE] 正在返回菜单,请保持游戏画面处于前台
2025-10-20 20:34:10 [TRACE] 正在返回菜单,请保持游戏画面处于前台
2025-10-20 20:34:14 [TRACE] 正在返回菜单,请保持游戏画面处于前台
2025-10-20 20:34:17 [TRACE] 正在返回菜单,请保持游戏画面处于前台
2025-10-20 20:34:20 [TRACE] 正在返回菜单,请保持游戏画面处于前台
2025-10-20 20:34:23 [TRACE] 正在返回菜单,请保持游戏画面处于前台
2025-10-20 20:34:27 [TRACE] 正在返回菜单,请保持游戏画面处于前台
2025-10-20 20:34:30 [TRACE] 正在返回菜单,请保持游戏画面处于前台
2025-10-20 20:34:33 [TRACE] 正在返回菜单,请保持游戏画面处于前台
2025-10-20 20:34:36 [TRACE] 正在返回菜单,请保持游戏画面处于前台
2025-10-20 20:34:40 [TRACE] 正在返回菜单,请保持游戏画面处于前台
2025-10-20 20:34:43 [TRACE] 正在返回菜单,请保持游戏画面处于前台
2025-10-20 20:34:46 [TRACE] 正在返回菜单,请保持游戏画面处于前台
2025-10-20 20:34:49 [TRACE] 正在返回菜单,请保持游戏画面处于前台
2025-10-20 20:34:53 [TRACE] 正在返回菜单,请保持游戏画面处于前台
2025-10-20 20:34:56 [TRACE] 正在返回菜单,请保持游戏画面处于前台
2025-10-20 20:34:59 [TRACE] 正在返回菜单,请保持游戏画面处于前台
2025-10-20 20:35:02 [TRACE] 正在返回菜单,请保持游戏画面处于前台
2025-10-20 20:35:06 [TRACE] 正在返回菜单,请保持游戏画面处于前台
2025-10-20 20:35:09 [TRACE] 正在返回菜单,请保持游戏画面处于前台
2025-10-20 20:35:12 [TRACE] 正在返回菜单,请保持游戏画面处于前台
2025-10-20 20:35:15 [TRACE] 正在返回菜单,请保持游戏画面处于前台
2025-10-20 20:35:19 [TRACE] 正在返回菜单,请保持游戏画面处于前台
2025-10-20 20:35:22 [TRACE] 正在返回菜单,请保持游戏画面处于前台
2025-10-20 20:35:25 [TRACE] 正在返回菜单,请保持游戏画面处于前台
2025-10-20 20:35:29 [TRACE] 正在返回菜单,请保持游戏画面处于前台
2025-10-20 20:35:32 [TRACE] 正在返回菜单,请保持游戏画面处于前台
2025-10-20 20:35:35 [TRACE] 正在返回菜单,请保持游戏画面处于前台
2025-10-20 20:35:38 [TRACE] 正在返回菜单,请保持游戏画面处于前台
2025-10-20 20:35:42 [TRACE] 正在返回菜单,请保持游戏画面处于前台
2025-10-20 20:35:45 [TRACE] 正在返回菜单,请保持游戏画面处于前台
2025-10-20 20:35:48 [TRACE] 正在返回菜单,请保持游戏画面处于前台
2025-10-20 20:35:51 [TRACE] 正在返回菜单,请保持游戏画面处于前台
2025-10-20 20:35:55 [TRACE] 正在返回菜单,请保持游戏画面处于前台
2025-10-20 20:35:58 [TRACE] 正在返回菜单,请保持游戏画面处于前台
2025-10-20 20:36:01 [TRACE] 正在返回菜单,请保持游戏画面处于前台
2025-10-20 20:36:04 [TRACE] 正在返回菜单,请保持游戏画面处于前台
2025-10-20 20:36:08 [TRACE] 正在返回菜单,请保持游戏画面处于前台
2025-10-20 20:36:11 [TRACE] 正在返回菜单,请保持游戏画面处于前台
2025-10-20 20:36:14 [TRACE] 正在返回菜单,请保持游戏画面处于前台
2025-10-20 20:36:17 [TRACE] 正在返回菜单,请保持游戏画面处于前台
2025-10-20 20:36:21 [TRACE] 正在返回菜单,请保持游戏画面处于前台
2025-10-20 20:36:24 [TRACE] 正在返回菜单,请保持游戏画面处于前台
2025-10-20 20:36:27 [TRACE] 正在返回菜单,请保持游戏画面处于前台
2025-10-20 20:36:30 [TRACE] 正在返回菜单,请保持游戏画面处于前台
2025-10-20 20:36:33 [TRACE] 正在返回菜单,请保持游戏画面处于前台
2025-10-20 20:36:37 [TRACE] 正在返回菜单,请保持游戏画面处于前台
2025-10-20 20:36:40 [TRACE] 正在返回菜单,请保持游戏画面处于前台
2025-10-20 20:36:44 [TRACE] 正在返回菜单,请保持游戏画面处于前台
2025-10-20 20:36:47 [TRACE] 正在返回菜单,请保持游戏画面处于前台
2025-10-20 20:36:50 [TRACE] 正在返回菜单,请保持游戏画面处于前台
2025-10-20 20:36:53 [TRACE] 正在返回菜单,请保持游戏画面处于前台
2025-10-20 20:36:56 [TRACE] 正在返回菜单,请保持游戏画面处于前台
2025-10-20 20:37:00 [TRACE] 正在返回菜单,请保持游戏画面处于前台
2025-10-20 20:37:03 [TRACE] 正在返回菜单,请保持游戏画面处于前台
2025-10-20 20:37:06 [TRACE] 正在返回菜单,请保持游戏画面处于前台
2025-10-20 20:37:09 [TRACE] 正在返回菜单,请保持游戏画面处于前台
2025-10-20 20:37:13 [TRACE] 正在返回菜单,请保持游戏画面处于前台
2025-10-20 20:37:16 [TRACE] 正在返回菜单,请保持游戏画面处于前台
2025-10-20 20:37:19 [TRACE] 正在返回菜单,请保持游戏画面处于前台
2025-10-20 20:37:22 [TRACE] 正在返回菜单,请保持游戏画面处于前台
2025-10-20 20:37:26 [TRACE] 正在返回菜单,请保持游戏画面处于前台
2025-10-20 20:37:29 [TRACE] 正在返回菜单,请保持游戏画面处于前台
2025-10-20 20:37:32 [TRACE] 正在返回菜单,请保持游戏画面处于前台
2025-10-20 20:37:35 [TRACE] 正在返回菜单,请保持游戏画面处于前台
2025-10-20 20:37:39 [TRACE] 正在返回菜单,请保持游戏画面处于前台
2025-10-20 20:37:42 [TRACE] 正在返回菜单,请保持游戏画面处于前台
2025-10-20 20:37:45 [TRACE] 正在返回菜单,请保持游戏画面处于前台
2025-10-20 20:37:48 [TRACE] 正在返回菜单,请保持游戏画面处于前台
2025-10-20 20:37:52 [TRACE] 正在返回菜单,请保持游戏画面处于前台
2025-10-20 20:37:55 [TRACE] 正在返回菜单,请保持游戏画面处于前台
2025-10-20 20:37:58 [TRACE] 正在返回菜单,请保持游戏画面处于前台
2025-10-20 20:38:01 [TRACE] 正在返回菜单,请保持游戏画面处于前台
2025-10-20 20:38:05 [TRACE] 正在返回菜单,请保持游戏画面处于前台
2025-10-20 20:38:08 [TRACE] 正在返回菜单,请保持游戏画面处于前台
2025-10-20 20:38:11 [TRACE] 正在返回菜单,请保持游戏画面处于前台
2025-10-20 20:38:14 [TRACE] 正在返回菜单,请保持游戏画面处于前台
2025-10-20 20:38:18 [TRACE] 正在返回菜单,请保持游戏画面处于前台
2025-10-20 20:38:21 [TRACE] 正在返回菜单,请保持游戏画面处于前台
2025-10-20 20:38:24 [TRACE] 正在返回菜单,请保持游戏画面处于前台
2025-10-20 20:38:27 [TRACE] 正在返回菜单,请保持游戏画面处于前台
2025-10-20 20:38:31 [TRACE] 正在返回菜单,请保持游戏画面处于前台
2025-10-20 20:38:34 [TRACE] 正在返回菜单,请保持游戏画面处于前台
2025-10-20 20:38:37 [TRACE] 正在返回菜单,请保持游戏画面处于前台
2025-10-20 20:38:40 [TRACE] 正在返回菜单,请保持游戏画面处于前台
2025-10-20 20:38:44 [TRACE] 正在返回菜单,请保持游戏画面处于前台
2025-10-20 20:38:47 [TRACE] 正在返回菜单,请保持游戏画面处于前台
2025-10-20 20:38:50 [TRACE] 正在返回菜单,请保持游戏画面处于前台
2025-10-20 20:38:54 [TRACE] 正在返回菜单,请保持游戏画面处于前台
2025-10-20 20:38:57 [TRACE] 正在返回菜单,请保持游戏画面处于前台
2025-10-20 20:39:00 [TRACE] 正在返回菜单,请保持游戏画面处于前台
2025-10-20 20:39:03 [TRACE] 正在返回菜单,请保持游戏画面处于前台
2025-10-20 20:39:06 [TRACE] 正在返回菜单,请保持游戏画面处于前台
2025-10-20 20:39:10 [TRACE] 正在返回菜单,请保持游戏画面处于前台
2025-10-20 20:39:13 [TRACE] 正在返回菜单,请保持游戏画面处于前台
2025-10-20 20:39:16 [TRACE] 正在返回菜单,请保持游戏画面处于前台
2025-10-20 20:39:20 [TRACE] 正在返回菜单,请保持游戏画面处于前台
2025-10-20 20:39:23 [TRACE] 正在返回菜单,请保持游戏画面处于前台
2025-10-20 20:39:26 [TRACE] 正在返回菜单,请保持游戏画面处于前台
2025-10-20 20:39:29 [TRACE] 正在返回菜单,请保持游戏画面处于前台
2025-10-20 20:39:33 [TRACE] 正在返回菜单,请保持游戏画面处于前台
2025-10-20 20:39:36 [TRACE] 正在返回菜单,请保持游戏画面处于前台
2025-10-20 20:39:39 [TRACE] 正在返回菜单,请保持游戏画面处于前台
2025-10-20 20:39:42 [TRACE] 正在返回菜单,请保持游戏画面处于前台
2025-10-20 20:39:46 [TRACE] 正在返回菜单,请保持游戏画面处于前台
2025-10-20 20:39:49 [TRACE] 正在返回菜单,请保持游戏画面处于前台
2025-10-20 20:39:52 [TRACE] 正在返回菜单,请保持游戏画面处于前台
2025-10-20 20:39:55 [TRACE] 正在返回菜单,请保持游戏画面处于前台
2025-10-20 20:39:59 [TRACE] 正在返回菜单,请保持游戏画面处于前台
2025-10-20 20:40:02 [TRACE] 正在返回菜单,请保持游戏画面处于前台
2025-10-20 20:40:05 [TRACE] 正在返回菜单,请保持游戏画面处于前台
2025-10-20 20:40:08 [TRACE] 正在返回菜单,请保持游戏画面处于前台
2025-10-20 20:40:12 [TRACE] 正在返回菜单,请保持游戏画面处于前台
2025-10-20 20:40:15 [TRACE] 正在返回菜单,请保持游戏画面处于前台
2025-10-20 20:40:18 [TRACE] 正在返回菜单,请保持游戏画面处于前台
2025-10-20 20:40:22 [TRACE] 正在返回菜单,请保持游戏画面处于前台
2025-10-20 20:40:25 [TRACE] 正在返回菜单,请保持游戏画面处于前台
2025-10-20 20:40:28 [TRACE] 正在返回菜单,请保持游戏画面处于前台
2025-10-20 20:40:31 [TRACE] 正在返回菜单,请保持游戏画面处于前台
2025-10-20 20:40:35 [TRACE] 正在返回菜单,请保持游戏画面处于前台
2025-10-20 20:40:38 [TRACE] 正在返回菜单,请保持游戏画面处于前台
2025-10-20 20:40:41 [TRACE] 正在返回菜单,请保持游戏画面处于前台
2025-10-20 20:40:44 [TRACE] 正在返回菜单,请保持游戏画面处于前台
2025-10-20 20:40:47 [TRACE] 正在返回菜单,请保持游戏画面处于前台
2025-10-20 20:40:51 [TRACE] 正在返回菜单,请保持游戏画面处于前台
2025-10-20 20:40:54 [TRACE] 正在返回菜单,请保持游戏画面处于前台
2025-10-20 20:40:57 [TRACE] 正在返回菜单,请保持游戏画面处于前台
2025-10-20 20:41:00 [TRACE] 正在返回菜单,请保持游戏画面处于前台
2025-10-20 20:41:04 [TRACE] 正在返回菜单,请保持游戏画面处于前台
2025-10-20 20:41:07 [TRACE] 正在返回菜单,请保持游戏画面处于前台
2025-10-20 20:41:10 [TRACE] 正在返回菜单,请保持游戏画面处于前台
2025-10-20 20:41:13 [TRACE] 正在返回菜单,请保持游戏画面处于前台
2025-10-20 20:41:17 [TRACE] 正在返回菜单,请保持游戏画面处于前台
2025-10-20 20:41:20 [TRACE] 正在返回菜单,请保持游戏画面处于前台
2025-10-20 20:41:23 [TRACE] 正在返回菜单,请保持游戏画面处于前台
2025-10-20 20:41:26 [TRACE] 正在返回菜单,请保持游戏画面处于前台
2025-10-20 20:41:30 [TRACE] 正在返回菜单,请保持游戏画面处于前台
2025-10-20 20:41:33 [TRACE] 正在返回菜单,请保持游戏画面处于前台
2025-10-20 20:41:36 [TRACE] 正在返回菜单,请保持游戏画面处于前台
2025-10-20 20:41:39 [TRACE] 正在返回菜单,请保持游戏画面处于前台
2025-10-20 20:41:43 [TRACE] 正在返回菜单,请保持游戏画面处于前台
2025-10-20 20:41:46 [TRACE] 正在返回菜单,请保持游戏画面处于前台
2025-10-20 20:41:49 [TRACE] 正在返回菜单,请保持游戏画面处于前台
2025-10-20 20:41:52 [TRACE] 正在返回菜单,请保持游戏画面处于前台
2025-10-20 20:41:56 [TRACE] 正在返回菜单,请保持游戏画面处于前台
2025-10-20 20:41:59 [TRACE] 正在返回菜单,请保持游戏画面处于前台
2025-10-20 20:42:02 [TRACE] 正在返回菜单,请保持游戏画面处于前台
2025-10-20 20:42:06 [TRACE] 正在返回菜单,请保持游戏画面处于前台
2025-10-20 20:42:09 [TRACE] 正在返回菜单,请保持游戏画面处于前台
2025-10-20 20:42:12 [TRACE] 正在返回菜单,请保持游戏画面处于前台
2025-10-20 20:42:15 [TRACE] 正在返回菜单,请保持游戏画面处于前台
2025-10-20 20:42:19 [TRACE] 正在返回菜单,请保持游戏画面处于前台
2025-10-20 20:42:22 [TRACE] 正在返回菜单,请保持游戏画面处于前台
2025-10-20 20:42:25 [TRACE] 正在返回菜单,请保持游戏画面处于前台
2025-10-20 20:42:28 [TRACE] 正在返回菜单,请保持游戏画面处于前台
2025-10-20 20:42:32 [TRACE] 正在返回菜单,请保持游戏画面处于前台
2025-10-20 20:42:35 [TRACE] 正在返回菜单,请保持游戏画面处于前台
2025-10-20 20:42:38 [TRACE] 正在返回菜单,请保持游戏画面处于前台
2025-10-20 20:42:41 [TRACE] 正在返回菜单,请保持游戏画面处于前台
2025-10-20 20:42:45 [TRACE] 正在返回菜单,请保持游戏画面处于前台
2025-10-20 20:42:48 [TRACE] 正在返回菜单,请保持游戏画面处于前台
2025-10-20 20:42:51 [TRACE] 正在返回菜单,请保持游戏画面处于前台
2025-10-20 20:42:54 [TRACE] 正在返回菜单,请保持游戏画面处于前台
2025-10-20 20:42:58 [TRACE] 正在返回菜单,请保持游戏画面处于前台
2025-10-20 20:43:01 [TRACE] 正在返回菜单,请保持游戏画面处于前台
2025-10-20 20:43:04 [TRACE] 正在返回菜单,请保持游戏画面处于前台
2025-10-20 20:43:07 [TRACE] 正在返回菜单,请保持游戏画面处于前台
2025-10-20 20:43:11 [TRACE] 正在返回菜单,请保持游戏画面处于前台
2025-10-20 20:43:14 [TRACE] 正在返回菜单,请保持游戏画面处于前台
2025-10-20 20:43:17 [TRACE] 正在返回菜单,请保持游戏画面处于前台
2025-10-20 20:43:21 [TRACE] 正在返回菜单,请保持游戏画面处于前台
2025-10-20 20:43:24 [TRACE] 正在返回菜单,请保持游戏画面处于前台
2025-10-20 20:43:27 [TRACE] 正在返回菜单,请保持游戏画面处于前台
2025-10-20 20:43:30 [TRACE] 正在返回菜单,请保持游戏画面处于前台
2025-10-20 20:43:33 [TRACE] 正在返回菜单,请保持游戏画面处于前台
2025-10-20 20:43:37 [TRACE] 正在返回菜单,请保持游戏画面处于前台
2025-10-20 20:43:40 [TRACE] 正在返回菜单,请保持游戏画面处于前台
2025-10-20 20:43:43 [TRACE] 正在返回菜单,请保持游戏画面处于前台
2025-10-20 20:43:46 [TRACE] 正在返回菜单,请保持游戏画面处于前台
2025-10-20 20:43:50 [TRACE] 正在返回菜单,请保持游戏画面处于前台
2025-10-20 20:43:53 [TRACE] 正在返回菜单,请保持游戏画面处于前台
2025-10-20 20:43:56 [TRACE] 正在返回菜单,请保持游戏画面处于前台
2025-10-20 20:44:00 [TRACE] 正在返回菜单,请保持游戏画面处于前台
2025-10-20 20:44:03 [TRACE] 正在返回菜单,请保持游戏画面处于前台
2025-10-20 20:44:06 [TRACE] 正在返回菜单,请保持游戏画面处于前台
2025-10-20 20:44:09 [TRACE] 正在返回菜单,请保持游戏画面处于前台
2025-10-20 20:44:13 [TRACE] 正在返回菜单,请保持游戏画面处于前台
2025-10-20 20:44:16 [TRACE] 正在返回菜单,请保持游戏画面处于前台
2025-10-20 20:44:19 [TRACE] 正在返回菜单,请保持游戏画面处于前台
2025-10-20 20:44:22 [TRACE] 正在返回菜单,请保持游戏画面处于前台
2025-10-20 20:44:26 [TRACE] 正在返回菜单,请保持游戏画面处于前台
2025-10-20 20:44:29 [TRACE] 正在返回菜单,请保持游戏画面处于前台
2025-10-20 20:44:32 [TRACE] 正在返回菜单,请保持游戏画面处于前台
2025-10-20 20:44:35 [TRACE] 正在返回菜单,请保持游戏画面处于前台
2025-10-20 20:44:39 [TRACE] 正在返回菜单,请保持游戏画面处于前台
2025-10-20 20:44:42 [TRACE] 正在返回菜单,请保持游戏画面处于前台
2025-10-20 20:44:45 [TRACE] 正在返回菜单,请保持游戏画面处于前台
2025-10-20 20:44:48 [TRACE] 正在返回菜单,请保持游戏画面处于前台
2025-10-20 20:44:52 [TRACE] 正在返回菜单,请保持游戏画面处于前台
2025-10-20 20:44:55 [TRACE] 正在返回菜单,请保持游戏画面处于前台
2025-10-20 20:44:58 [TRACE] 正在返回菜单,请保持游戏画面处于前台
2025-10-20 20:45:02 [TRACE] 正在返回菜单,请保持游戏画面处于前台
2025-10-20 20:45:05 [TRACE] 正在返回菜单,请保持游戏画面处于前台
2025-10-20 20:45:08 [TRACE] 正在返回菜单,请保持游戏画面处于前台
2025-10-20 20:45:11 [TRACE] 正在返回菜单,请保持游戏画面处于前台
2025-10-20 20:45:15 [TRACE] 正在返回菜单,请保持游戏画面处于前台
2025-10-20 20:45:18 [TRACE] 正在返回菜单,请保持游戏画面处于前台
2025-10-20 20:45:21 [TRACE] 正在返回菜单,请保持游戏画面处于前台
2025-10-20 20:45:24 [TRACE] 正在返回菜单,请保持游戏画面处于前台
2025-10-20 20:45:28 [TRACE] 正在返回菜单,请保持游戏画面处于前台
2025-10-20 20:45:31 [TRACE] 正在返回菜单,请保持游戏画面处于前台
2025-10-20 20:45:34 [TRACE] 正在返回菜单,请保持游戏画面处于前台
2025-10-20 20:45:37 [TRACE] 正在返回菜单,请保持游戏画面处于前台
2025-10-20 20:45:41 [TRACE] 正在返回菜单,请保持游戏画面处于前台
2025-10-20 20:45:44 [TRACE] 正在返回菜单,请保持游戏画面处于前台
2025-10-20 20:45:47 [TRACE] 正在返回菜单,请保持游戏画面处于前台
2025-10-20 20:45:51 [TRACE] 正在返回菜单,请保持游戏画面处于前台
2025-10-20 20:45:54 [TRACE] 正在返回菜单,请保持游戏画面处于前台
2025-10-20 20:45:57 [TRACE] 正在返回菜单,请保持游戏画面处于前台
2025-10-20 20:46:00 [TRACE] 正在返回菜单,请保持游戏画面处于前台
2025-10-20 20:46:03 [TRACE] 正在返回菜单,请保持游戏画面处于前台
2025-10-20 20:46:07 [TRACE] 正在返回菜单,请保持游戏画面处于前台
2025-10-20 20:46:10 [TRACE] 正在返回菜单,请保持游戏画面处于前台
2025-10-20 20:46:13 [TRACE] 正在返回菜单,请保持游戏画面处于前台
2025-10-20 20:46:16 [TRACE] 正在返回菜单,请保持游戏画面处于前台
2025-10-20 20:46:20 [TRACE] 正在返回菜单,请保持游戏画面处于前台
2025-10-20 20:46:23 [TRACE] 正在返回菜单,请保持游戏画面处于前台
2025-10-20 20:46:26 [TRACE] 正在返回菜单,请保持游戏画面处于前台
2025-10-20 20:46:29 [TRACE] 正在返回菜单,请保持游戏画面处于前台
2025-10-20 20:46:33 [TRACE] 正在返回菜单,请保持游戏画面处于前台
2025-10-20 20:46:36 [TRACE] 正在返回菜单,请保持游戏画面处于前台
2025-10-20 20:46:39 [TRACE] 正在返回菜单,请保持游戏画面处于前台
2025-10-20 20:46:42 [TRACE] 正在返回菜单,请保持游戏画面处于前台
2025-10-20 20:46:46 [TRACE] 正在返回菜单,请保持游戏画面处于前台
2025-10-20 20:46:49 [TRACE] 正在返回菜单,请保持游戏画面处于前台
2025-10-20 20:46:52 [TRACE] 正在返回菜单,请保持游戏画面处于前台
2025-10-20 20:46:55 [TRACE] 正在返回菜单,请保持游戏画面处于前台
2025-10-20 20:46:59 [TRACE] 正在返回菜单,请保持游戏画面处于前台
2025-10-20 20:47:02 [TRACE] 正在返回菜单,请保持游戏画面处于前台
2025-10-20 20:47:05 [TRACE] 正在返回菜单,请保持游戏画面处于前台
2025-10-20 20:47:08 [TRACE] 正在返回菜单,请保持游戏画面处于前台
2025-10-20 20:47:12 [TRACE] 正在返回菜单,请保持游戏画面处于前台
2025-10-20 20:47:15 [TRACE] 正在返回菜单,请保持游戏画面处于前台
2025-10-20 20:47:18 [TRACE] 正在返回菜单,请保持游戏画面处于前台
2025-10-20 20:47:22 [TRACE] 正在返回菜单,请保持游戏画面处于前台
2025-10-20 20:47:25 [TRACE] 正在返回菜单,请保持游戏画面处于前台
2025-10-20 20:47:28 [TRACE] 正在返回菜单,请保持游戏画面处于前台
2025-10-20 20:47:31 [TRACE] 正在返回菜单,请保持游戏画面处于前台
2025-10-20 20:47:34 [TRACE] 正在返回菜单,请保持游戏画面处于前台
2025-10-20 20:47:38 [TRACE] 正在返回菜单,请保持游戏画面处于前台
2025-10-20 20:47:41 [TRACE] 正在返回菜单,请保持游戏画面处于前台
2025-10-20 20:47:44 [TRACE] 正在返回菜单,请保持游戏画面处于前台
2025-10-20 20:47:48 [TRACE] 正在返回菜单,请保持游戏画面处于前台
2025-10-20 20:47:51 [TRACE] 正在返回菜单,请保持游戏画面处于前台
2025-10-20 20:47:54 [TRACE] 正在返回菜单,请保持游戏画面处于前台
2025-10-20 20:47:57 [TRACE] 正在返回菜单,请保持游戏画面处于前台
2025-10-20 20:48:00 [TRACE] 正在返回菜单,请保持游戏画面处于前台
2025-10-20 20:48:04 [TRACE] 正在返回菜单,请保持游戏画面处于前台
2025-10-20 20:48:07 [TRACE] 正在返回菜单,请保持游戏画面处于前台
2025-10-20 20:48:10 [TRACE] 正在返回菜单,请保持游戏画面处于前台
2025-10-20 20:48:13 [TRACE] 正在返回菜单,请保持游戏画面处于前台
2025-10-20 20:48:17 [TRACE] 正在返回菜单,请保持游戏画面处于前台
2025-10-20 20:48:20 [TRACE] 正在返回菜单,请保持游戏画面处于前台
2025-10-20 20:48:23 [TRACE] 正在返回菜单,请保持游戏画面处于前台
2025-10-20 20:48:26 [TRACE] 正在返回菜单,请保持游戏画面处于前台
2025-10-20 20:48:30 [TRACE] 正在返回菜单,请保持游戏画面处于前台
2025-10-20 20:48:33 [TRACE] 正在返回菜单,请保持游戏画面处于前台
2025-10-20 20:48:36 [TRACE] 正在返回菜单,请保持游戏画面处于前台
2025-10-20 20:48:40 [TRACE] 正在返回菜单,请保持游戏画面处于前台
2025-10-20 20:48:43 [TRACE] 正在返回菜单,请保持游戏画面处于前台
2025-10-20 20:48:46 [TRACE] 正在返回菜单,请保持游戏画面处于前台
2025-10-20 20:48:49 [TRACE] 正在返回菜单,请保持游戏画面处于前台
2025-10-20 20:48:53 [TRACE] 正在返回菜单,请保持游戏画面处于前台
2025-10-20 20:48:56 [TRACE] 正在返回菜单,请保持游戏画面处于前台
2025-10-20 20:48:59 [TRACE] 正在返回菜单,请保持游戏画面处于前台
2025-10-20 20:49:02 [TRACE] 正在返回菜单,请保持游戏画面处于前台
2025-10-20 20:49:06 [TRACE] 正在返回菜单,请保持游戏画面处于前台
2025-10-20 20:49:09 [TRACE] 正在返回菜单,请保持游戏画面处于前台
2025-10-20 20:49:12 [TRACE] 正在返回菜单,请保持游戏画面处于前台
2025-10-20 20:49:15 [TRACE] 正在返回菜单,请保持游戏画面处于前台
2025-10-20 20:49:19 [TRACE] 正在返回菜单,请保持游戏画面处于前台
2025-10-20 20:49:22 [TRACE] 正在返回菜单,请保持游戏画面处于前台
2025-10-20 20:49:25 [TRACE] 正在返回菜单,请保持游戏画面处于前台
2025-10-20 20:49:28 [TRACE] 正在返回菜单,请保持游戏画面处于前台
2025-10-20 20:49:32 [TRACE] 正在返回菜单,请保持游戏画面处于前台
2025-10-20 20:49:35 [TRACE] 正在返回菜单,请保持游戏画面处于前台
2025-10-20 20:49:38 [TRACE] 正在返回菜单,请保持游戏画面处于前台
2025-10-20 20:49:41 [TRACE] 正在返回菜单,请保持游戏画面处于前台
2025-10-20 20:49:45 [TRACE] 正在返回菜单,请保持游戏画面处于前台
2025-10-20 20:49:48 [TRACE] 正在返回菜单,请保持游戏画面处于前台
2025-10-20 20:49:51 [TRACE] 正在返回菜单,请保持游戏画面处于前台
2025-10-20 20:49:55 [TRACE] 正在返回菜单,请保持游戏画面处于前台
2025-10-20 20:49:58 [TRACE] 正在返回菜单,请保持游戏画面处于前台
2025-10-20 20:50:01 [TRACE] 正在返回菜单,请保持游戏画面处于前台
2025-10-20 20:50:04 [TRACE] 正在返回菜单,请保持游戏画面处于前台
2025-10-20 20:50:08 [TRACE] 正在返回菜单,请保持游戏画面处于前台
2025-10-20 20:50:11 [TRACE] 正在返回菜单,请保持游戏画面处于前台
2025-10-20 20:50:14 [TRACE] 正在返回菜单,请保持游戏画面处于前台
2025-10-20 20:50:17 [TRACE] 正在返回菜单,请保持游戏画面处于前台
2025-10-20 20:50:21 [TRACE] 正在返回菜单,请保持游戏画面处于前台
2025-10-20 20:50:24 [TRACE] 正在返回菜单,请保持游戏画面处于前台
2025-10-20 20:50:27 [TRACE] 正在返回菜单,请保持游戏画面处于前台
2025-10-20 20:50:30 [TRACE] 正在返回菜单,请保持游戏画面处于前台
2025-10-20 20:50:34 [TRACE] 正在返回菜单,请保持游戏画面处于前台
2025-10-20 20:50:37 [TRACE] 正在返回菜单,请保持游戏画面处于前台
2025-10-20 20:50:40 [TRACE] 正在返回菜单,请保持游戏画面处于前台
2025-10-20 20:50:43 [TRACE] 正在返回菜单,请保持游戏画面处于前台
2025-10-20 20:50:47 [TRACE] 正在返回菜单,请保持游戏画面处于前台
2025-10-20 20:50:50 [TRACE] 正在返回菜单,请保持游戏画面处于前台
2025-10-20 20:50:53 [TRACE] 正在返回菜单,请保持游戏画面处于前台
2025-10-20 20:50:56 [TRACE] 正在返回菜单,请保持游戏画面处于前台
2025-10-20 20:51:00 [TRACE] 正在返回菜单,请保持游戏画面处于前台
2025-10-20 20:51:03 [TRACE] 正在返回菜单,请保持游戏画面处于前台
2025-10-20 20:51:06 [TRACE] 正在返回菜单,请保持游戏画面处于前台
2025-10-20 20:51:10 [TRACE] 正在返回菜单,请保持游戏画面处于前台
2025-10-20 20:51:13 [TRACE] 正在返回菜单,请保持游戏画面处于前台
2025-10-20 20:51:16 [TRACE] 正在返回菜单,请保持游戏画面处于前台
2025-10-20 20:51:19 [TRACE] 正在返回菜单,请保持游戏画面处于前台
2025-10-20 20:51:23 [TRACE] 正在返回菜单,请保持游戏画面处于前台
2025-10-20 20:51:26 [TRACE] 正在返回菜单,请保持游戏画面处于前台
2025-10-20 20:51:29 [TRACE] 正在返回菜单,请保持游戏画面处于前台
2025-10-20 20:51:32 [TRACE] 正在返回菜单,请保持游戏画面处于前台
2025-10-20 20:51:35 [TRACE] 正在返回菜单,请保持游戏画面处于前台
2025-10-20 20:51:39 [TRACE] 正在返回菜单,请保持游戏画面处于前台
2025-10-20 20:51:42 [TRACE] 正在返回菜单,请保持游戏画面处于前台
2025-10-20 20:51:45 [TRACE] 正在返回菜单,请保持游戏画面处于前台
2025-10-20 20:51:48 [TRACE] 正在返回菜单,请保持游戏画面处于前台
2025-10-20 20:51:52 [TRACE] 正在返回菜单,请保持游戏画面处于前台
2025-10-20 20:51:55 [TRACE] 正在返回菜单,请保持游戏画面处于前台
2025-10-20 20:51:58 [TRACE] 正在返回菜单,请保持游戏画面处于前台
2025-10-20 20:52:01 [TRACE] 正在返回菜单,请保持游戏画面处于前台
2025-10-20 20:52:05 [TRACE] 正在返回菜单,请保持游戏画面处于前台
2025-10-20 20:52:08 [TRACE] 正在返回菜单,请保持游戏画面处于前台
2025-10-20 20:52:11 [TRACE] 正在返回菜单,请保持游戏画面处于前台
2025-10-20 20:52:15 [TRACE] 正在返回菜单,请保持游戏画面处于前台
2025-10-20 20:52:18 [TRACE] 正在返回菜单,请保持游戏画面处于前台
2025-10-20 20:52:21 [TRACE] 正在返回菜单,请保持游戏画面处于前台
2025-10-20 20:52:24 [TRACE] 正在返回菜单,请保持游戏画面处于前台
2025-10-20 20:52:28 [TRACE] 正在返回菜单,请保持游戏画面处于前台
2025-10-20 20:52:31 [TRACE] 正在返回菜单,请保持游戏画面处于前台
2025-10-20 20:52:34 [TRACE] 正在返回菜单,请保持游戏画面处于前台
2025-10-20 20:52:37 [TRACE] 正在返回菜单,请保持游戏画面处于前台
2025-10-20 20:52:41 [TRACE] 正在返回菜单,请保持游戏画面处于前台
2025-10-20 20:52:44 [TRACE] 正在返回菜单,请保持游戏画面处于前台
2025-10-20 20:52:47 [TRACE] 正在返回菜单,请保持游戏画面处于前台
2025-10-20 20:52:50 [TRACE] 正在返回菜单,请保持游戏画面处于前台
2025-10-20 20:52:54 [TRACE] 正在返回菜单,请保持游戏画面处于前台
2025-10-20 20:52:57 [TRACE] 正在返回菜单,请保持游戏画面处于前台
2025-10-20 20:53:00 [TRACE] 正在返回菜单,请保持游戏画面处于前台
2025-10-20 20:53:04 [TRACE] 正在返回菜单,请保持游戏画面处于前台
2025-10-20 20:53:07 [TRACE] 正在返回菜单,请保持游戏画面处于前台
2025-10-20 20:53:10 [TRACE] 正在返回菜单,请保持游戏画面处于前台
2025-10-20 20:53:13 [TRACE] 正在返回菜单,请保持游戏画面处于前台
2025-10-20 20:53:17 [TRACE] 正在返回菜单,请保持游戏画面处于前台
2025-10-20 20:53:20 [TRACE] 正在返回菜单,请保持游戏画面处于前台
2025-10-20 20:53:23 [TRACE] 正在返回菜单,请保持游戏画面处于前台
2025-10-20 20:53:26 [TRACE] 正在返回菜单,请保持游戏画面处于前台
2025-10-20 20:53:30 [TRACE] 正在返回菜单,请保持游戏画面处于前台
2025-10-20 20:53:33 [TRACE] 正在返回菜单,请保持游戏画面处于前台
2025-10-20 20:53:36 [TRACE] 正在返回菜单,请保持游戏画面处于前台
2025-10-20 20:53:39 [TRACE] 正在返回菜单,请保持游戏画面处于前台
2025-10-20 20:53:43 [TRACE] 正在返回菜单,请保持游戏画面处于前台
2025-10-20 20:53:46 [TRACE] 正在返回菜单,请保持游戏画面处于前台
2025-10-20 20:53:49 [TRACE] 正在返回菜单,请保持游戏画面处于前台
2025-10-20 20:53:53 [TRACE] 正在返回菜单,请保持游戏画面处于前台
2025-10-20 20:53:56 [TRACE] 正在返回菜单,请保持游戏画面处于前台
2025-10-20 20:53:59 [TRACE] 正在返回菜单,请保持游戏画面处于前台
2025-10-20 20:54:02 [TRACE] 正在返回菜单,请保持游戏画面处于前台
2025-10-20 20:54:06 [TRACE] 正在返回菜单,请保持游戏画面处于前台
2025-10-20 20:54:09 [TRACE] 正在返回菜单,请保持游戏画面处于前台
2025-10-20 20:54:12 [TRACE] 正在返回菜单,请保持游戏画面处于前台
2025-10-20 20:54:15 [TRACE] 正在返回菜单,请保持游戏画面处于前台
2025-10-20 20:54:18 [TRACE] 正在返回菜单,请保持游戏画面处于前台
2025-10-20 20:54:22 [TRACE] 正在返回菜单,请保持游戏画面处于前台
2025-10-20 20:54:25 [TRACE] 正在返回菜单,请保持游戏画面处于前台
2025-10-20 20:54:28 [TRACE] 正在返回菜单,请保持游戏画面处于前台
2025-10-20 20:54:31 [TRACE] 正在返回菜单,请保持游戏画面处于前台
2025-10-20 20:54:35 [TRACE] 正在返回菜单,请保持游戏画面处于前台
2025-10-20 20:54:38 [TRACE] 正在返回菜单,请保持游戏画面处于前台
2025-10-20 20:54:41 [TRACE] 正在返回菜单,请保持游戏画面处于前台
2025-10-20 20:54:44 [TRACE] 正在返回菜单,请保持游戏画面处于前台
2025-10-20 20:54:48 [TRACE] 正在返回菜单,请保持游戏画面处于前台
2025-10-20 20:54:51 [TRACE] 正在返回菜单,请保持游戏画面处于前台
2025-10-20 20:54:54 [TRACE] 正在返回菜单,请保持游戏画面处于前台
2025-10-20 20:54:57 [TRACE] 正在返回菜单,请保持游戏画面处于前台
2025-10-20 20:55:01 [TRACE] 正在返回菜单,请保持游戏画面处于前台
2025-10-20 20:55:04 [TRACE] 正在返回菜单,请保持游戏画面处于前台
2025-10-20 20:55:07 [TRACE] 正在返回菜单,请保持游戏画面处于前台
2025-10-20 20:55:10 [TRACE] 正在返回菜单,请保持游戏画面处于前台
2025-10-20 20:55:14 [TRACE] 正在返回菜单,请保持游戏画面处于前台
2025-10-20 20:55:17 [TRACE] 正在返回菜单,请保持游戏画面处于前台
2025-10-20 20:55:20 [TRACE] 正在返回菜单,请保持游戏画面处于前台
2025-10-20 20:55:23 [TRACE] 正在返回菜单,请保持游戏画面处于前台
2025-10-20 20:55:27 [TRACE] 正在返回菜单,请保持游戏画面处于前台
2025-10-20 20:55:30 [TRACE] 正在返回菜单,请保持游戏画面处于前台
2025-10-20 20:55:33 [TRACE] 正在返回菜单,请保持游戏画面处于前台
2025-10-20 20:55:37 [TRACE] 正在返回菜单,请保持游戏画面处于前台
2025-10-20 20:55:40 [TRACE] 正在返回菜单,请保持游戏画面处于前台
2025-10-20 20:55:43 [TRACE] 正在返回菜单,请保持游戏画面处于前台
2025-10-20 20:55:46 [TRACE] 正在返回菜单,请保持游戏画面处于前台
2025-10-20 20:55:50 [TRACE] 正在返回菜单,请保持游戏画面处于前台
2025-10-20 20:55:53 [TRACE] 正在返回菜单,请保持游戏画面处于前台
2025-10-20 20:55:56 [TRACE] 正在返回菜单,请保持游戏画面处于前台
2025-10-20 20:55:59 [TRACE] 正在返回菜单,请保持游戏画面处于前台
2025-10-20 20:56:03 [TRACE] 正在返回菜单,请保持游戏画面处于前台
2025-10-20 20:56:06 [TRACE] 正在返回菜单,请保持游戏画面处于前台
2025-10-20 20:56:09 [TRACE] 正在返回菜单,请保持游戏画面处于前台
2025-10-20 20:56:12 [TRACE] 正在返回菜单,请保持游戏画面处于前台
2025-10-20 20:56:16 [TRACE] 正在返回菜单,请保持游戏画面处于前台
2025-10-20 20:56:19 [TRACE] 正在返回菜单,请保持游戏画面处于前台
2025-10-20 20:56:22 [TRACE] 正在返回菜单,请保持游戏画面处于前台
2025-10-20 20:56:25 [TRACE] 正在返回菜单,请保持游戏画面处于前台
2025-10-20 20:56:29 [TRACE] 正在返回菜单,请保持游戏画面处于前台
2025-10-20 20:56:32 [TRACE] 正在返回菜单,请保持游戏画面处于前台
2025-10-20 20:56:35 [TRACE] 正在返回菜单,请保持游戏画面处于前台
2025-10-20 20:56:38 [TRACE] 正在返回菜单,请保持游戏画面处于前台
2025-10-20 20:56:42 [TRACE] 正在返回菜单,请保持游戏画面处于前台
2025-10-20 20:56:45 [TRACE] 正在返回菜单,请保持游戏画面处于前台
2025-10-20 20:56:48 [TRACE] 正在返回菜单,请保持游戏画面处于前台
2025-10-20 20:56:51 [TRACE] 正在返回菜单,请保持游戏画面处于前台
2025-10-20 20:56:55 [TRACE] 正在返回菜单,请保持游戏画面处于前台
2025-10-20 20:56:58 [TRACE] 正在返回菜单,请保持游戏画面处于前台
2025-10-20 20:57:01 [TRACE] 正在返回菜单,请保持游戏画面处于前台
2025-10-20 20:57:05 [TRACE] 正在返回菜单,请保持游戏画面处于前台
2025-10-20 20:57:08 [TRACE] 正在返回菜单,请保持游戏画面处于前台
2025-10-20 20:57:11 [TRACE] 正在返回菜单,请保持游戏画面处于前台
2025-10-20 20:57:14 [TRACE] 正在返回菜单,请保持游戏画面处于前台
2025-10-20 20:57:17 [TRACE] 正在返回菜单,请保持游戏画面处于前台
2025-10-20 20:57:21 [TRACE] 正在返回菜单,请保持游戏画面处于前台
2025-10-20 20:57:24 [TRACE] 正在返回菜单,请保持游戏画面处于前台
2025-10-20 20:57:27 [TRACE] 正在返回菜单,请保持游戏画面处于前台
2025-10-20 20:57:31 [TRACE] 正在返回菜单,请保持游戏画面处于前台
2025-10-20 20:57:34 [TRACE] 正在返回菜单,请保持游戏画面处于前台
2025-10-20 20:57:37 [TRACE] 正在返回菜单,请保持游戏画面处于前台
2025-10-20 20:57:40 [TRACE] 正在返回菜单,请保持游戏画面处于前台
2025-10-20 20:57:43 [TRACE] 正在返回菜单,请保持游戏画面处于前台
2025-10-20 20:57:47 [TRACE] 正在返回菜单,请保持游戏画面处于前台
2025-10-20 20:57:50 [TRACE] 正在返回菜单,请保持游戏画面处于前台
2025-10-20 20:57:53 [TRACE] 正在返回菜单,请保持游戏画面处于前台
2025-10-20 20:57:56 [TRACE] 正在返回菜单,请保持游戏画面处于前台
2025-10-20 20:58:00 [TRACE] 正在返回菜单,请保持游戏画面处于前台
2025-10-20 20:58:03 [TRACE] 正在返回菜单,请保持游戏画面处于前台
2025-10-20 20:58:06 [TRACE] 正在返回菜单,请保持游戏画面处于前台
2025-10-20 20:58:09 [TRACE] 正在返回菜单,请保持游戏画面处于前台
2025-10-20 20:58:13 [TRACE] 正在返回菜单,请保持游戏画面处于前台
2025-10-20 20:58:16 [TRACE] 正在返回菜单,请保持游戏画面处于前台
2025-10-20 20:58:19 [TRACE] 正在返回菜单,请保持游戏画面处于前台
2025-10-20 20:58:22 [TRACE] 正在返回菜单,请保持游戏画面处于前台
2025-10-20 20:58:26 [TRACE] 正在返回菜单,请保持游戏画面处于前台
2025-10-20 20:58:29 [TRACE] 正在返回菜单,请保持游戏画面处于前台
2025-10-20 20:58:32 [TRACE] 正在返回菜单,请保持游戏画面处于前台
2025-10-20 20:58:35 [TRACE] 正在返回菜单,请保持游戏画面处于前台
2025-10-20 20:58:39 [TRACE] 正在返回菜单,请保持游戏画面处于前台
2025-10-20 20:58:42 [TRACE] 正在返回菜单,请保持游戏画面处于前台
2025-10-20 20:58:45 [TRACE] 正在返回菜单,请保持游戏画面处于前台
2025-10-20 20:58:49 [TRACE] 正在返回菜单,请保持游戏画面处于前台
2025-10-20 20:58:52 [TRACE] 正在返回菜单,请保持游戏画面处于前台
2025-10-20 20:58:55 [TRACE] 正在返回菜单,请保持游戏画面处于前台
2025-10-20 20:58:58 [TRACE] 正在返回菜单,请保持游戏画面处于前台
2025-10-20 20:59:02 [TRACE] 正在返回菜单,请保持游戏画面处于前台
2025-10-20 20:59:05 [TRACE] 正在返回菜单,请保持游戏画面处于前台
2025-10-20 20:59:08 [TRACE] 正在返回菜单,请保持游戏画面处于前台
2025-10-20 20:59:11 [TRACE] 正在返回菜单,请保持游戏画面处于前台
2025-10-20 20:59:15 [TRACE] 正在返回菜单,请保持游戏画面处于前台
2025-10-20 20:59:18 [TRACE] 正在返回菜单,请保持游戏画面处于前台
2025-10-20 20:59:21 [TRACE] 正在返回菜单,请保持游戏画面处于前台
2025-10-20 20:59:24 [TRACE] 正在返回菜单,请保持游戏画面处于前台
2025-10-20 20:59:28 [TRACE] 正在返回菜单,请保持游戏画面处于前台
2025-10-20 20:59:31 [TRACE] 正在返回菜单,请保持游戏画面处于前台
2025-10-20 20:59:34 [TRACE] 正在返回菜单,请保持游戏画面处于前台
2025-10-20 20:59:37 [TRACE] 正在返回菜单,请保持游戏画面处于前台
2025-10-20 20:59:41 [TRACE] 正在返回菜单,请保持游戏画面处于前台
2025-10-20 20:59:44 [TRACE] 正在返回菜单,请保持游戏画面处于前台
2025-10-20 20:59:47 [TRACE] 正在返回菜单,请保持游戏画面处于前台
2025-10-20 20:59:50 [TRACE] 正在返回菜单,请保持游戏画面处于前台
2025-10-20 20:59:54 [TRACE] 正在返回菜单,请保持游戏画面处于前台
2025-10-20 20:59:57 [TRACE] 正在返回菜单,请保持游戏画面处于前台
2025-10-20 21:00:00 [TRACE] 正在返回菜单,请保持游戏画面处于前台
2025-10-20 21:00:04 [TRACE] 正在返回菜单,请保持游戏画面处于前台
2025-10-20 21:00:07 [TRACE] 正在返回菜单,请保持游戏画面处于前台
2025-10-20 21:00:10 [TRACE] 正在返回菜单,请保持游戏画面处于前台
2025-10-20 21:00:13 [TRACE] 正在返回菜单,请保持游戏画面处于前台
2025-10-20 21:00:16 [TRACE] 正在返回菜单,请保持游戏画面处于前台
2025-10-20 21:00:20 [TRACE] 正在返回菜单,请保持游戏画面处于前台
2025-10-20 21:00:23 [TRACE] 正在返回菜单,请保持游戏画面处于前台
2025-10-20 21:00:26 [TRACE] 正在返回菜单,请保持游戏画面处于前台
2025-10-20 21:00:29 [TRACE] 正在返回菜单,请保持游戏画面处于前台
2025-10-20 21:00:33 [TRACE] 正在返回菜单,请保持游戏画面处于前台
2025-10-20 21:00:36 [TRACE] 正在返回菜单,请保持游戏画面处于前台
2025-10-20 21:00:39 [TRACE] 正在返回菜单,请保持游戏画面处于前台
2025-10-20 21:00:42 [TRACE] 正在返回菜单,请保持游戏画面处于前台
2025-10-20 21:00:46 [TRACE] 正在返回菜单,请保持游戏画面处于前台
2025-10-20 21:00:49 [TRACE] 正在返回菜单,请保持游戏画面处于前台
2025-10-20 21:00:52 [TRACE] 正在返回菜单,请保持游戏画面处于前台
2025-10-20 21:00:55 [TRACE] 正在返回菜单,请保持游戏画面处于前台
2025-10-20 21:00:59 [TRACE] 正在返回菜单,请保持游戏画面处于前台
2025-10-20 21:01:02 [TRACE] 正在返回菜单,请保持游戏画面处于前台
2025-10-20 21:01:05 [TRACE] 正在返回菜单,请保持游戏画面处于前台
2025-10-20 21:01:08 [TRACE] 正在返回菜单,请保持游戏画面处于前台
2025-10-20 21:01:12 [TRACE] 正在返回菜单,请保持游戏画面处于前台
2025-10-20 21:01:15 [TRACE] 正在返回菜单,请保持游戏画面处于前台
2025-10-20 21:01:18 [TRACE] 正在返回菜单,请保持游戏画面处于前台
2025-10-20 21:01:22 [TRACE] 正在返回菜单,请保持游戏画面处于前台
2025-10-20 21:01:25 [TRACE] 正在返回菜单,请保持游戏画面处于前台
2025-10-20 21:01:28 [TRACE] 正在返回菜单,请保持游戏画面处于前台
2025-10-20 21:01:31 [TRACE] 正在返回菜单,请保持游戏画面处于前台
2025-10-20 21:01:34 [TRACE] 正在返回菜单,请保持游戏画面处于前台
2025-10-20 21:01:38 [TRACE] 正在返回菜单,请保持游戏画面处于前台
2025-10-20 21:01:41 [TRACE] 正在返回菜单,请保持游戏画面处于前台
2025-10-20 21:01:44 [TRACE] 正在返回菜单,请保持游戏画面处于前台
2025-10-20 21:01:48 [TRACE] 正在返回菜单,请保持游戏画面处于前台
2025-10-20 21:01:51 [TRACE] 正在返回菜单,请保持游戏画面处于前台
2025-10-20 21:01:54 [TRACE] 正在返回菜单,请保持游戏画面处于前台
2025-10-20 21:01:57 [TRACE] 正在返回菜单,请保持游戏画面处于前台
2025-10-20 21:02:01 [TRACE] 正在返回菜单,请保持游戏画面处于前台
2025-10-20 21:02:04 [TRACE] 正在返回菜单,请保持游戏画面处于前台
2025-10-20 21:02:07 [TRACE] 正在返回菜单,请保持游戏画面处于前台
2025-10-20 21:02:10 [TRACE] 正在返回菜单,请保持游戏画面处于前台
2025-10-20 21:02:14 [TRACE] 正在返回菜单,请保持游戏画面处于前台
2025-10-20 21:02:17 [TRACE] 正在返回菜单,请保持游戏画面处于前台
2025-10-20 21:02:20 [TRACE] 正在返回菜单,请保持游戏画面处于前台
2025-10-20 21:02:23 [TRACE] 正在返回菜单,请保持游戏画面处于前台
2025-10-20 21:02:27 [TRACE] 正在返回菜单,请保持游戏画面处于前台
2025-10-20 21:02:30 [TRACE] 正在返回菜单,请保持游戏画面处于前台
2025-10-20 21:02:33 [TRACE] 正在返回菜单,请保持游戏画面处于前台
2025-10-20 21:02:36 [TRACE] 正在返回菜单,请保持游戏画面处于前台
2025-10-20 21:02:40 [TRACE] 正在返回菜单,请保持游戏画面处于前台
2025-10-20 21:02:43 [TRACE] 正在返回菜单,请保持游戏画面处于前台
2025-10-20 21:02:46 [TRACE] 正在返回菜单,请保持游戏画面处于前台
2025-10-20 21:02:49 [TRACE] 正在返回菜单,请保持游戏画面处于前台
2025-10-20 21:02:53 [TRACE] 正在返回菜单,请保持游戏画面处于前台
2025-10-20 21:02:56 [TRACE] 正在返回菜单,请保持游戏画面处于前台
2025-10-20 21:02:59 [TRACE] 正在返回菜单,请保持游戏画面处于前台
2025-10-20 21:03:02 [TRACE] 正在返回菜单,请保持游戏画面处于前台
2025-10-20 21:03:06 [TRACE] 正在返回菜单,请保持游戏画面处于前台
2025-10-20 21:03:09 [TRACE] 正在返回菜单,请保持游戏画面处于前台
2025-10-20 21:03:12 [TRACE] 正在返回菜单,请保持游戏画面处于前台
2025-10-20 21:03:16 [TRACE] 正在返回菜单,请保持游戏画面处于前台
2025-10-20 21:03:19 [TRACE] 正在返回菜单,请保持游戏画面处于前台
2025-10-20 21:03:22 [TRACE] 正在返回菜单,请保持游戏画面处于前台
2025-10-20 21:03:25 [TRACE] 正在返回菜单,请保持游戏画面处于前台
2025-10-20 21:03:29 [TRACE] 正在返回菜单,请保持游戏画面处于前台
2025-10-20 21:03:32 [TRACE] 正在返回菜单,请保持游戏画面处于前台
2025-10-20 21:03:35 [TRACE] 正在返回菜单,请保持游戏画面处于前台
2025-10-20 21:03:38 [TRACE] 正在返回菜单,请保持游戏画面处于前台
2025-10-20 21:03:42 [TRACE] 正在返回菜单,请保持游戏画面处于前台
2025-10-20 21:03:45 [TRACE] 正在返回菜单,请保持游戏画面处于前台
2025-10-20 21:03:48 [TRACE] 正在返回菜单,请保持游戏画面处于前台
2025-10-20 21:03:51 [TRACE] 正在返回菜单,请保持游戏画面处于前台
2025-10-20 21:03:55 [TRACE] 正在返回菜单,请保持游戏画面处于前台
2025-10-20 21:03:58 [TRACE] 正在返回菜单,请保持游戏画面处于前台
2025-10-20 21:04:01 [TRACE] 正在返回菜单,请保持游戏画面处于前台
2025-10-20 21:04:04 [TRACE] 正在返回菜单,请保持游戏画面处于前台
2025-10-20 21:04:08 [TRACE] 正在返回菜单,请保持游戏画面处于前台
2025-10-20 21:04:11 [TRACE] 正在返回菜单,请保持游戏画面处于前台
2025-10-20 21:04:14 [TRACE] 正在返回菜单,请保持游戏画面处于前台
2025-10-20 21:04:17 [TRACE] 正在返回菜单,请保持游戏画面处于前台
2025-10-20 21:04:21 [TRACE] 正在返回菜单,请保持游戏画面处于前台
2025-10-20 21:04:24 [TRACE] 正在返回菜单,请保持游戏画面处于前台
2025-10-20 21:04:27 [TRACE] 正在返回菜单,请保持游戏画面处于前台
2025-10-20 21:04:31 [TRACE] 正在返回菜单,请保持游戏画面处于前台
2025-10-20 21:04:34 [TRACE] 正在返回菜单,请保持游戏画面处于前台
2025-10-20 21:04:37 [TRACE] 正在返回菜单,请保持游戏画面处于前台
2025-10-20 21:04:40 [TRACE] 正在返回菜单,请保持游戏画面处于前台
2025-10-20 21:04:43 [TRACE] 正在返回菜单,请保持游戏画面处于前台
2025-10-20 21:04:47 [TRACE] 正在返回菜单,请保持游戏画面处于前台
2025-10-20 21:04:50 [TRACE] 正在返回菜单,请保持游戏画面处于前台
2025-10-20 21:04:53 [TRACE] 正在返回菜单,请保持游戏画面处于前台
2025-10-20 21:04:56 [TRACE] 正在返回菜单,请保持游戏画面处于前台
2025-10-20 21:05:00 [TRACE] 正在返回菜单,请保持游戏画面处于前台
2025-10-20 21:05:03 [TRACE] 正在返回菜单,请保持游戏画面处于前台
2025-10-20 21:05:06 [TRACE] 正在返回菜单,请保持游戏画面处于前台
2025-10-20 21:05:09 [TRACE] 正在返回菜单,请保持游戏画面处于前台
2025-10-20 21:05:13 [TRACE] 正在返回菜单,请保持游戏画面处于前台
2025-10-20 21:05:16 [TRACE] 正在返回菜单,请保持游戏画面处于前台
2025-10-20 21:05:19 [TRACE] 正在返回菜单,请保持游戏画面处于前台
2025-10-20 21:05:22 [TRACE] 正在返回菜单,请保持游戏画面处于前台
2025-10-20 21:05:26 [TRACE] 正在返回菜单,请保持游戏画面处于前台
2025-10-20 21:05:29 [TRACE] 正在返回菜单,请保持游戏画面处于前台
2025-10-20 21:05:32 [TRACE] 正在返回菜单,请保持游戏画面处于前台
2025-10-20 21:05:35 [TRACE] 正在返回菜单,请保持游戏画面处于前台
2025-10-20 21:05:39 [TRACE] 正在返回菜单,请保持游戏画面处于前台
2025-10-20 21:05:42 [TRACE] 正在返回菜单,请保持游戏画面处于前台
2025-10-20 21:05:45 [TRACE] 正在返回菜单,请保持游戏画面处于前台
2025-10-20 21:05:48 [TRACE] 正在返回菜单,请保持游戏画面处于前台
2025-10-20 21:05:52 [TRACE] 正在返回菜单,请保持游戏画面处于前台
2025-10-20 21:05:55 [TRACE] 正在返回菜单,请保持游戏画面处于前台
2025-10-20 21:05:58 [TRACE] 正在返回菜单,请保持游戏画面处于前台
2025-10-20 21:06:01 [TRACE] 正在返回菜单,请保持游戏画面处于前台
2025-10-20 21:06:05 [TRACE] 正在返回菜单,请保持游戏画面处于前台
2025-10-20 21:06:08 [TRACE] 正在返回菜单,请保持游戏画面处于前台
2025-10-20 21:06:11 [TRACE] 正在返回菜单,请保持游戏画面处于前台
2025-10-20 21:06:14 [TRACE] 正在返回菜单,请保持游戏画面处于前台
2025-10-20 21:06:18 [TRACE] 正在返回菜单,请保持游戏画面处于前台
2025-10-20 21:06:21 [TRACE] 正在返回菜单,请保持游戏画面处于前台
2025-10-20 21:06:24 [TRACE] 正在返回菜单,请保持游戏画面处于前台
2025-10-20 21:06:27 [TRACE] 正在返回菜单,请保持游戏画面处于前台
2025-10-20 21:06:31 [TRACE] 正在返回菜单,请保持游戏画面处于前台
2025-10-20 21:06:34 [TRACE] 正在返回菜单,请保持游戏画面处于前台
2025-10-20 21:06:37 [TRACE] 正在返回菜单,请保持游戏画面处于前台
2025-10-20 21:06:41 [TRACE] 正在返回菜单,请保持游戏画面处于前台
2025-10-20 21:06:44 [TRACE] 正在返回菜单,请保持游戏画面处于前台
2025-10-20 21:06:47 [TRACE] 正在返回菜单,请保持游戏画面处于前台
2025-10-20 21:06:50 [TRACE] 正在返回菜单,请保持游戏画面处于前台
2025-10-20 21:06:54 [TRACE] 正在返回菜单,请保持游戏画面处于前台
2025-10-20 21:06:57 [TRACE] 正在返回菜单,请保持游戏画面处于前台
2025-10-20 21:07:00 [TRACE] 正在返回菜单,请保持游戏画面处于前台
2025-10-20 21:07:03 [TRACE] 正在返回菜单,请保持游戏画面处于前台
2025-10-20 21:07:07 [TRACE] 正在返回菜单,请保持游戏画面处于前台
2025-10-20 21:07:10 [TRACE] 正在返回菜单,请保持游戏画面处于前台
2025-10-20 21:07:13 [TRACE] 正在返回菜单,请保持游戏画面处于前台
2025-10-20 21:07:16 [TRACE] 正在返回菜单,请保持游戏画面处于前台
2025-10-20 21:07:20 [TRACE] 正在返回菜单,请保持游戏画面处于前台
2025-10-20 21:07:23 [TRACE] 正在返回菜单,请保持游戏画面处于前台
2025-10-20 21:07:26 [TRACE] 正在返回菜单,请保持游戏画面处于前台
2025-10-20 21:07:29 [TRACE] 正在返回菜单,请保持游戏画面处于前台
2025-10-20 21:07:33 [TRACE] 正在返回菜单,请保持游戏画面处于前台
2025-10-20 21:07:36 [TRACE] 正在返回菜单,请保持游戏画面处于前台
2025-10-20 21:07:39 [TRACE] 正在返回菜单,请保持游戏画面处于前台
2025-10-20 21:07:42 [TRACE] 正在返回菜单,请保持游戏画面处于前台
2025-10-20 21:07:46 [TRACE] 正在返回菜单,请保持游戏画面处于前台
2025-10-20 21:07:49 [TRACE] 正在返回菜单,请保持游戏画面处于前台
2025-10-20 21:07:52 [TRACE] 正在返回菜单,请保持游戏画面处于前台
2025-10-20 21:07:56 [TRACE] 正在返回菜单,请保持游戏画面处于前台
2025-10-20 21:07:59 [TRACE] 正在返回菜单,请保持游戏画面处于前台
2025-10-20 21:08:02 [TRACE] 正在返回菜单,请保持游戏画面处于前台
2025-10-20 21:08:06 [TRACE] 正在返回菜单,请保持游戏画面处于前台
2025-10-20 21:08:09 [TRACE] 正在返回菜单,请保持游戏画面处于前台
2025-10-20 21:08:12 [TRACE] 正在返回菜单,请保持游戏画面处于前台
2025-10-20 21:08:15 [TRACE] 正在返回菜单,请保持游戏画面处于前台
2025-10-20 21:08:18 [TRACE] 正在返回菜单,请保持游戏画面处于前台
2025-10-20 21:08:22 [TRACE] 正在返回菜单,请保持游戏画面处于前台
2025-10-20 21:08:25 [TRACE] 正在返回菜单,请保持游戏画面处于前台
2025-10-20 21:08:28 [TRACE] 正在返回菜单,请保持游戏画面处于前台
2025-10-20 21:08:32 [TRACE] 正在返回菜单,请保持游戏画面处于前台
2025-10-20 21:08:35 [TRACE] 正在返回菜单,请保持游戏画面处于前台
2025-10-20 21:08:38 [TRACE] 正在返回菜单,请保持游戏画面处于前台
2025-10-20 21:08:41 [TRACE] 正在返回菜单,请保持游戏画面处于前台
2025-10-20 21:08:45 [TRACE] 正在返回菜单,请保持游戏画面处于前台
2025-10-20 21:08:48 [TRACE] 正在返回菜单,请保持游戏画面处于前台
2025-10-20 21:08:51 [TRACE] 正在返回菜单,请保持游戏画面处于前台
2025-10-20 21:08:54 [TRACE] 正在返回菜单,请保持游戏画面处于前台
2025-10-20 21:08:58 [TRACE] 正在返回菜单,请保持游戏画面处于前台
2025-10-20 21:09:01 [TRACE] 正在返回菜单,请保持游戏画面处于前台
2025-10-20 21:09:04 [TRACE] 正在返回菜单,请保持游戏画面处于前台
2025-10-20 21:09:08 [TRACE] 正在返回菜单,请保持游戏画面处于前台
2025-10-20 21:09:11 [TRACE] 正在返回菜单,请保持游戏画面处于前台
2025-10-20 21:09:14 [TRACE] 正在返回菜单,请保持游戏画面处于前台
2025-10-20 21:09:17 [TRACE] 正在返回菜单,请保持游戏画面处于前台
2025-10-20 21:09:21 [TRACE] 正在返回菜单,请保持游戏画面处于前台
2025-10-20 21:09:24 [TRACE] 正在返回菜单,请保持游戏画面处于前台
2025-10-20 21:09:27 [TRACE] 正在返回菜单,请保持游戏画面处于前台
2025-10-20 21:09:30 [TRACE] 正在返回菜单,请保持游戏画面处于前台
2025-10-20 21:09:34 [TRACE] 正在返回菜单,请保持游戏画面处于前台
2025-10-20 21:09:37 [TRACE] 正在返回菜单,请保持游戏画面处于前台
2025-10-20 21:09:40 [TRACE] 正在返回菜单,请保持游戏画面处于前台
2025-10-20 21:09:43 [TRACE] 正在返回菜单,请保持游戏画面处于前台
2025-10-20 21:09:47 [TRACE] 正在返回菜单,请保持游戏画面处于前台
2025-10-20 21:09:50 [TRACE] 正在返回菜单,请保持游戏画面处于前台
2025-10-20 21:09:53 [TRACE] 正在返回菜单,请保持游戏画面处于前台
2025-10-20 21:09:56 [TRACE] 正在返回菜单,请保持游戏画面处于前台
2025-10-20 21:10:00 [TRACE] 正在返回菜单,请保持游戏画面处于前台
2025-10-20 21:10:03 [TRACE] 正在返回菜单,请保持游戏画面处于前台
2025-10-20 21:10:06 [TRACE] 正在返回菜单,请保持游戏画面处于前台
2025-10-20 21:10:09 [TRACE] 正在返回菜单,请保持游戏画面处于前台
2025-10-20 21:10:13 [TRACE] 正在返回菜单,请保持游戏画面处于前台
2025-10-20 21:10:16 [TRACE] 正在返回菜单,请保持游戏画面处于前台
2025-10-20 21:10:19 [TRACE] 正在返回菜单,请保持游戏画面处于前台
2025-10-20 21:10:23 [TRACE] 正在返回菜单,请保持游戏画面处于前台
2025-10-20 21:10:26 [TRACE] 正在返回菜单,请保持游戏画面处于前台
2025-10-20 21:10:29 [TRACE] 正在返回菜单,请保持游戏画面处于前台
2025-10-20 21:10:32 [TRACE] 正在返回菜单,请保持游戏画面处于前台
2025-10-20 21:10:36 [TRACE] 正在返回菜单,请保持游戏画面处于前台
2025-10-20 21:10:39 [TRACE] 正在返回菜单,请保持游戏画面处于前台
2025-10-20 21:10:42 [TRACE] 正在返回菜单,请保持游戏画面处于前台
2025-10-20 21:10:45 [TRACE] 正在返回菜单,请保持游戏画面处于前台
2025-10-20 21:10:49 [TRACE] 正在返回菜单,请保持游戏画面处于前台
2025-10-20 21:10:52 [TRACE] 正在返回菜单,请保持游戏画面处于前台
2025-10-20 21:10:55 [TRACE] 正在返回菜单,请保持游戏画面处于前台
2025-10-20 21:10:58 [TRACE] 正在返回菜单,请保持游戏画面处于前台
2025-10-20 21:11:02 [TRACE] 正在返回菜单,请保持游戏画面处于前台
2025-10-20 21:11:05 [TRACE] 正在返回菜单,请保持游戏画面处于前台
2025-10-20 21:11:08 [TRACE] 正在返回菜单,请保持游戏画面处于前台
2025-10-20 21:11:11 [TRACE] 正在返回菜单,请保持游戏画面处于前台
2025-10-20 21:11:15 [TRACE] 正在返回菜单,请保持游戏画面处于前台
2025-10-20 21:11:18 [TRACE] 正在返回菜单,请保持游戏画面处于前台
2025-10-20 21:11:21 [TRACE] 正在返回菜单,请保持游戏画面处于前台
2025-10-20 21:11:24 [TRACE] 正在返回菜单,请保持游戏画面处于前台
2025-10-20 21:11:27 [TRACE] 正在返回菜单,请保持游戏画面处于前台
2025-10-20 21:11:31 [TRACE] 正在返回菜单,请保持游戏画面处于前台
2025-10-20 21:11:34 [TRACE] 正在返回菜单,请保持游戏画面处于前台
2025-10-20 21:11:37 [TRACE] 正在返回菜单,请保持游戏画面处于前台
2025-10-20 21:11:41 [TRACE] 正在返回菜单,请保持游戏画面处于前台
2025-10-20 21:11:44 [TRACE] 正在返回菜单,请保持游戏画面处于前台
2025-10-20 21:11:47 [TRACE] 正在返回菜单,请保持游戏画面处于前台
2025-10-20 21:11:50 [TRACE] 正在返回菜单,请保持游戏画面处于前台
2025-10-20 21:11:54 [TRACE] 正在返回菜单,请保持游戏画面处于前台
2025-10-20 21:11:57 [TRACE] 正在返回菜单,请保持游戏画面处于前台
2025-10-20 21:12:00 [TRACE] 正在返回菜单,请保持游戏画面处于前台
2025-10-20 21:12:03 [TRACE] 正在返回菜单,请保持游戏画面处于前台
2025-10-20 21:12:06 [TRACE] 正在返回菜单,请保持游戏画面处于前台
2025-10-20 21:12:10 [TRACE] 正在返回菜单,请保持游戏画面处于前台
2025-10-20 21:12:13 [TRACE] 正在返回菜单,请保持游戏画面处于前台
2025-10-20 21:12:17 [TRACE] 正在返回菜单,请保持游戏画面处于前台
2025-10-20 21:12:20 [TRACE] 正在返回菜单,请保持游戏画面处于前台
2025-10-20 21:12:23 [TRACE] 正在返回菜单,请保持游戏画面处于前台
2025-10-20 21:12:26 [TRACE] 正在返回菜单,请保持游戏画面处于前台
2025-10-20 21:12:30 [TRACE] 正在返回菜单,请保持游戏画面处于前台
2025-10-20 21:12:33 [TRACE] 正在返回菜单,请保持游戏画面处于前台
2025-10-20 21:12:36 [TRACE] 正在返回菜单,请保持游戏画面处于前台
2025-10-20 21:12:39 [TRACE] 正在返回菜单,请保持游戏画面处于前台
2025-10-20 21:12:43 [TRACE] 正在返回菜单,请保持游戏画面处于前台
2025-10-20 21:12:46 [TRACE] 正在返回菜单,请保持游戏画面处于前台
2025-10-20 21:12:49 [TRACE] 正在返回菜单,请保持游戏画面处于前台
2025-10-20 21:12:52 [TRACE] 正在返回菜单,请保持游戏画面处于前台
2025-10-20 21:12:56 [TRACE] 正在返回菜单,请保持游戏画面处于前台
2025-10-20 21:12:59 [TRACE] 正在返回菜单,请保持游戏画面处于前台
2025-10-20 21:13:02 [TRACE] 正在返回菜单,请保持游戏画面处于前台
2025-10-20 21:13:05 [TRACE] 正在返回菜单,请保持游戏画面处于前台
2025-10-20 21:13:09 [TRACE] 正在返回菜单,请保持游戏画面处于前台
2025-10-20 21:13:12 [TRACE] 正在返回菜单,请保持游戏画面处于前台
2025-10-20 21:13:15 [TRACE] 正在返回菜单,请保持游戏画面处于前台
2025-10-20 21:13:18 [TRACE] 正在返回菜单,请保持游戏画面处于前台
2025-10-20 21:13:21 [TRACE] 正在返回菜单,请保持游戏画面处于前台
2025-10-20 21:13:25 [TRACE] 正在返回菜单,请保持游戏画面处于前台
2025-10-20 21:13:28 [TRACE] 正在返回菜单,请保持游戏画面处于前台
2025-10-20 21:13:32 [TRACE] 正在返回菜单,请保持游戏画面处于前台
2025-10-20 21:13:35 [TRACE] 正在返回菜单,请保持游戏画面处于前台
2025-10-20 21:13:38 [TRACE] 正在返回菜单,请保持游戏画面处于前台
2025-10-20 21:13:41 [TRACE] 正在返回菜单,请保持游戏画面处于前台
2025-10-20 21:13:45 [TRACE] 正在返回菜单,请保持游戏画面处于前台
2025-10-20 21:13:48 [TRACE] 正在返回菜单,请保持游戏画面处于前台
2025-10-20 21:13:51 [TRACE] 正在返回菜单,请保持游戏画面处于前台
2025-10-20 21:13:54 [TRACE] 正在返回菜单,请保持游戏画面处于前台
2025-10-20 21:13:58 [TRACE] 正在返回菜单,请保持游戏画面处于前台
2025-10-20 21:14:01 [TRACE] 正在返回菜单,请保持游戏画面处于前台
2025-10-20 21:14:04 [TRACE] 正在返回菜单,请保持游戏画面处于前台
2025-10-20 21:14:07 [TRACE] 正在返回菜单,请保持游戏画面处于前台
2025-10-20 21:14:11 [TRACE] 正在返回菜单,请保持游戏画面处于前台
2025-10-20 21:14:14 [TRACE] 正在返回菜单,请保持游戏画面处于前台
2025-10-20 21:14:17 [TRACE] 正在返回菜单,请保持游戏画面处于前台
2025-10-20 21:14:20 [TRACE] 正在返回菜单,请保持游戏画面处于前台
2025-10-20 21:14:24 [TRACE] 正在返回菜单,请保持游戏画面处于前台
2025-10-20 21:14:27 [TRACE] 正在返回菜单,请保持游戏画面处于前台
2025-10-20 21:14:30 [TRACE] 正在返回菜单,请保持游戏画面处于前台
2025-10-20 21:14:33 [TRACE] 正在返回菜单,请保持游戏画面处于前台
2025-10-20 21:14:37 [TRACE] 正在返回菜单,请保持游戏画面处于前台
2025-10-20 21:14:40 [TRACE] 正在返回菜单,请保持游戏画面处于前台
2025-10-20 21:14:43 [TRACE] 正在返回菜单,请保持游戏画面处于前台
2025-10-20 21:14:47 [TRACE] 正在返回菜单,请保持游戏画面处于前台
2025-10-20 21:14:50 [TRACE] 正在返回菜单,请保持游戏画面处于前台
2025-10-20 21:14:53 [TRACE] 正在返回菜单,请保持游戏画面处于前台
2025-10-20 21:14:56 [TRACE] 正在返回菜单,请保持游戏画面处于前台
2025-10-20 21:14:59 [TRACE] 正在返回菜单,请保持游戏画面处于前台
2025-10-20 21:15:03 [TRACE] 正在返回菜单,请保持游戏画面处于前台
2025-10-20 21:15:06 [TRACE] 正在返回菜单,请保持游戏画面处于前台
2025-10-20 21:15:09 [TRACE] 正在返回菜单,请保持游戏画面处于前台
2025-10-20 21:15:12 [TRACE] 正在返回菜单,请保持游戏画面处于前台
2025-10-20 21:15:16 [TRACE] 正在返回菜单,请保持游戏画面处于前台
2025-10-20 21:15:19 [TRACE] 正在返回菜单,请保持游戏画面处于前台
2025-10-20 21:15:22 [TRACE] 正在返回菜单,请保持游戏画面处于前台
2025-10-20 21:15:25 [TRACE] 正在返回菜单,请保持游戏画面处于前台
2025-10-20 21:15:29 [TRACE] 正在返回菜单,请保持游戏画面处于前台
2025-10-20 21:15:32 [TRACE] 正在返回菜单,请保持游戏画面处于前台
2025-10-20 21:15:35 [TRACE] 正在返回菜单,请保持游戏画面处于前台
2025-10-20 21:15:38 [TRACE] 正在返回菜单,请保持游戏画面处于前台
2025-10-20 21:15:42 [TRACE] 正在返回菜单,请保持游戏画面处于前台
2025-10-20 21:15:45 [TRACE] 正在返回菜单,请保持游戏画面处于前台
2025-10-20 21:15:48 [TRACE] 正在返回菜单,请保持游戏画面处于前台
2025-10-20 21:15:51 [TRACE] 正在返回菜单,请保持游戏画面处于前台
2025-10-20 21:15:55 [TRACE] 正在返回菜单,请保持游戏画面处于前台
2025-10-20 21:15:58 [TRACE] 正在返回菜单,请保持游戏画面处于前台
2025-10-20 21:16:01 [TRACE] 正在返回菜单,请保持游戏画面处于前台
2025-10-20 21:16:04 [TRACE] 正在返回菜单,请保持游戏画面处于前台
2025-10-20 21:16:08 [TRACE] 正在返回菜单,请保持游戏画面处于前台
2025-10-20 21:16:11 [TRACE] 正在返回菜单,请保持游戏画面处于前台
2025-10-20 21:16:14 [TRACE] 正在返回菜单,请保持游戏画面处于前台
2025-10-20 21:16:17 [TRACE] 正在返回菜单,请保持游戏画面处于前台
2025-10-20 21:16:21 [TRACE] 正在返回菜单,请保持游戏画面处于前台
2025-10-20 21:16:24 [TRACE] 正在返回菜单,请保持游戏画面处于前台
2025-10-20 21:16:27 [TRACE] 正在返回菜单,请保持游戏画面处于前台
2025-10-20 21:16:30 [TRACE] 正在返回菜单,请保持游戏画面处于前台
2025-10-20 21:16:34 [TRACE] 正在返回菜单,请保持游戏画面处于前台
2025-10-20 21:16:37 [TRACE] 正在返回菜单,请保持游戏画面处于前台
2025-10-20 21:16:40 [TRACE] 正在返回菜单,请保持游戏画面处于前台
2025-10-20 21:16:43 [TRACE] 正在返回菜单,请保持游戏画面处于前台
2025-10-20 21:16:47 [TRACE] 正在返回菜单,请保持游戏画面处于前台
2025-10-20 21:16:50 [TRACE] 正在返回菜单,请保持游戏画面处于前台
2025-10-20 21:16:53 [TRACE] 正在返回菜单,请保持游戏画面处于前台
2025-10-20 21:16:56 [TRACE] 正在返回菜单,请保持游戏画面处于前台
2025-10-20 21:17:00 [TRACE] 正在返回菜单,请保持游戏画面处于前台
2025-10-20 21:17:03 [TRACE] 正在返回菜单,请保持游戏画面处于前台
2025-10-20 21:17:06 [TRACE] 正在返回菜单,请保持游戏画面处于前台
2025-10-20 21:17:09 [TRACE] 正在返回菜单,请保持游戏画面处于前台
2025-10-20 21:17:13 [TRACE] 正在返回菜单,请保持游戏画面处于前台
2025-10-20 21:17:16 [TRACE] 正在返回菜单,请保持游戏画面处于前台
2025-10-20 21:17:19 [TRACE] 正在返回菜单,请保持游戏画面处于前台
2025-10-20 21:17:23 [TRACE] 正在返回菜单,请保持游戏画面处于前台
2025-10-20 21:17:26 [TRACE] 正在返回菜单,请保持游戏画面处于前台
2025-10-20 21:17:29 [TRACE] 正在返回菜单,请保持游戏画面处于前台
2025-10-20 21:17:32 [TRACE] 正在返回菜单,请保持游戏画面处于前台
2025-10-20 21:17:36 [TRACE] 正在返回菜单,请保持游戏画面处于前台
2025-10-20 21:17:39 [TRACE] 正在返回菜单,请保持游戏画面处于前台
2025-10-20 21:17:42 [TRACE] 正在返回菜单,请保持游戏画面处于前台
2025-10-20 21:17:45 [TRACE] 正在返回菜单,请保持游戏画面处于前台
2025-10-20 21:17:48 [TRACE] 正在返回菜单,请保持游戏画面处于前台
2025-10-20 21:17:52 [TRACE] 正在返回菜单,请保持游戏画面处于前台
2025-10-20 21:17:55 [TRACE] 正在返回菜单,请保持游戏画面处于前台
2025-10-20 21:17:58 [TRACE] 正在返回菜单,请保持游戏画面处于前台
2025-10-20 21:18:02 [TRACE] 正在返回菜单,请保持游戏画面处于前台
2025-10-20 21:18:05 [TRACE] 正在返回菜单,请保持游戏画面处于前台
2025-10-20 21:18:08 [TRACE] 正在返回菜单,请保持游戏画面处于前台
2025-10-20 21:18:11 [TRACE] 正在返回菜单,请保持游戏画面处于前台
2025-10-20 21:18:15 [TRACE] 正在返回菜单,请保持游戏画面处于前台
2025-10-20 21:18:18 [TRACE] 正在返回菜单,请保持游戏画面处于前台
2025-10-20 21:18:21 [TRACE] 正在返回菜单,请保持游戏画面处于前台
2025-10-20 21:18:24 [TRACE] 正在返回菜单,请保持游戏画面处于前台
2025-10-20 21:18:28 [TRACE] 正在返回菜单,请保持游戏画面处于前台
2025-10-20 21:18:31 [TRACE] 正在返回菜单,请保持游戏画面处于前台
2025-10-20 21:18:34 [TRACE] 正在返回菜单,请保持游戏画面处于前台
2025-10-20 21:18:37 [TRACE] 正在返回菜单,请保持游戏画面处于前台
2025-10-20 21:18:41 [TRACE] 正在返回菜单,请保持游戏画面处于前台
2025-10-20 21:18:44 [TRACE] 正在返回菜单,请保持游戏画面处于前台
2025-10-20 21:18:47 [TRACE] 正在返回菜单,请保持游戏画面处于前台
2025-10-20 21:18:50 [TRACE] 正在返回菜单,请保持游戏画面处于前台
2025-10-20 21:18:54 [TRACE] 正在返回菜单,请保持游戏画面处于前台
2025-10-20 21:18:57 [TRACE] 正在返回菜单,请保持游戏画面处于前台
2025-10-20 21:19:00 [TRACE] 正在返回菜单,请保持游戏画面处于前台
2025-10-20 21:19:03 [TRACE] 正在返回菜单,请保持游戏画面处于前台
2025-10-20 21:19:07 [TRACE] 正在返回菜单,请保持游戏画面处于前台
2025-10-20 21:19:10 [TRACE] 正在返回菜单,请保持游戏画面处于前台
2025-10-20 21:19:13 [TRACE] 正在返回菜单,请保持游戏画面处于前台
2025-10-20 21:19:16 [TRACE] 正在返回菜单,请保持游戏画面处于前台
2025-10-20 21:19:20 [TRACE] 正在返回菜单,请保持游戏画面处于前台
2025-10-20 21:19:23 [TRACE] 正在返回菜单,请保持游戏画面处于前台
2025-10-20 21:19:26 [TRACE] 正在返回菜单,请保持游戏画面处于前台
2025-10-20 21:19:29 [TRACE] 正在返回菜单,请保持游戏画面处于前台
2025-10-20 21:19:33 [TRACE] 正在返回菜单,请保持游戏画面处于前台
2025-10-20 21:19:36 [TRACE] 正在返回菜单,请保持游戏画面处于前台
2025-10-20 21:19:39 [TRACE] 正在返回菜单,请保持游戏画面处于前台
2025-10-20 21:19:42 [TRACE] 正在返回菜单,请保持游戏画面处于前台
2025-10-20 21:19:46 [TRACE] 正在返回菜单,请保持游戏画面处于前台
2025-10-20 21:19:49 [TRACE] 正在返回菜单,请保持游戏画面处于前台
2025-10-20 21:19:52 [TRACE] 正在返回菜单,请保持游戏画面处于前台
2025-10-20 21:19:55 [TRACE] 正在返回菜单,请保持游戏画面处于前台
2025-10-20 21:19:59 [TRACE] 正在返回菜单,请保持游戏画面处于前台
2025-10-20 21:20:02 [TRACE] 正在返回菜单,请保持游戏画面处于前台
2025-10-20 21:20:05 [TRACE] 正在返回菜单,请保持游戏画面处于前台
2025-10-20 21:20:09 [TRACE] 正在返回菜单,请保持游戏画面处于前台
2025-10-20 21:20:12 [TRACE] 正在返回菜单,请保持游戏画面处于前台
2025-10-20 21:20:15 [TRACE] 正在返回菜单,请保持游戏画面处于前台
2025-10-20 21:20:18 [TRACE] 正在返回菜单,请保持游戏画面处于前台
2025-10-20 21:20:22 [TRACE] 正在返回菜单,请保持游戏画面处于前台
2025-10-20 21:20:25 [TRACE] 正在返回菜单,请保持游戏画面处于前台
2025-10-20 21:20:28 [TRACE] 正在返回菜单,请保持游戏画面处于前台
2025-10-20 21:20:31 [TRACE] 正在返回菜单,请保持游戏画面处于前台
2025-10-20 21:20:35 [TRACE] 正在返回菜单,请保持游戏画面处于前台
2025-10-20 21:20:38 [TRACE] 正在返回菜单,请保持游戏画面处于前台
2025-10-20 21:20:41 [TRACE] 正在返回菜单,请保持游戏画面处于前台
2025-10-20 21:20:44 [TRACE] 正在返回菜单,请保持游戏画面处于前台
2025-10-20 21:20:48 [TRACE] 正在返回菜单,请保持游戏画面处于前台
2025-10-20 21:20:51 [TRACE] 正在返回菜单,请保持游戏画面处于前台
2025-10-20 21:20:54 [TRACE] 正在返回菜单,请保持游戏画面处于前台
2025-10-20 21:20:57 [TRACE] 正在返回菜单,请保持游戏画面处于前台
2025-10-20 21:21:00 [TRACE] 正在返回菜单,请保持游戏画面处于前台
2025-10-20 21:21:04 [TRACE] 正在返回菜单,请保持游戏画面处于前台
2025-10-20 21:21:07 [TRACE] 正在返回菜单,请保持游戏画面处于前台
2025-10-20 21:21:10 [TRACE] 正在返回菜单,请保持游戏画面处于前台
2025-10-20 21:21:14 [TRACE] 正在返回菜单,请保持游戏画面处于前台
2025-10-20 21:21:17 [TRACE] 正在返回菜单,请保持游戏画面处于前台
2025-10-20 21:21:20 [TRACE] 正在返回菜单,请保持游戏画面处于前台
2025-10-20 21:21:23 [TRACE] 正在返回菜单,请保持游戏画面处于前台
2025-10-20 21:21:27 [TRACE] 正在返回菜单,请保持游戏画面处于前台
2025-10-20 21:21:30 [TRACE] 正在返回菜单,请保持游戏画面处于前台
2025-10-20 21:21:33 [TRACE] 正在返回菜单,请保持游戏画面处于前台
2025-10-20 21:21:37 [TRACE] 正在返回菜单,请保持游戏画面处于前台
2025-10-20 21:21:40 [TRACE] 正在返回菜单,请保持游戏画面处于前台
2025-10-20 21:21:43 [TRACE] 正在返回菜单,请保持游戏画面处于前台
2025-10-20 21:21:46 [TRACE] 正在返回菜单,请保持游戏画面处于前台
2025-10-20 21:21:50 [TRACE] 正在返回菜单,请保持游戏画面处于前台
2025-10-20 21:21:53 [TRACE] 正在返回菜单,请保持游戏画面处于前台
2025-10-20 21:21:56 [TRACE] 正在返回菜单,请保持游戏画面处于前台
2025-10-20 21:21:59 [TRACE] 正在返回菜单,请保持游戏画面处于前台
2025-10-20 21:22:02 [TRACE] 正在返回菜单,请保持游戏画面处于前台
2025-10-20 21:22:06 [TRACE] 正在返回菜单,请保持游戏画面处于前台
2025-10-20 21:22:09 [TRACE] 正在返回菜单,请保持游戏画面处于前台
2025-10-20 21:22:12 [TRACE] 正在返回菜单,请保持游戏画面处于前台
2025-10-20 21:22:16 [TRACE] 正在返回菜单,请保持游戏画面处于前台
2025-10-20 21:22:19 [TRACE] 正在返回菜单,请保持游戏画面处于前台
2025-10-20 21:22:22 [TRACE] 正在返回菜单,请保持游戏画面处于前台
2025-10-20 21:22:25 [TRACE] 正在返回菜单,请保持游戏画面处于前台
2025-10-20 21:22:29 [TRACE] 正在返回菜单,请保持游戏画面处于前台
2025-10-20 21:22:32 [TRACE] 正在返回菜单,请保持游戏画面处于前台
2025-10-20 21:22:35 [TRACE] 正在返回菜单,请保持游戏画面处于前台
2025-10-20 21:22:38 [TRACE] 正在返回菜单,请保持游戏画面处于前台
2025-10-20 21:22:42 [TRACE] 正在返回菜单,请保持游戏画面处于前台
2025-10-20 21:22:45 [TRACE] 正在返回菜单,请保持游戏画面处于前台
2025-10-20 21:22:48 [TRACE] 正在返回菜单,请保持游戏画面处于前台
2025-10-20 21:22:51 [TRACE] 正在返回菜单,请保持游戏画面处于前台
2025-10-20 21:22:55 [TRACE] 正在返回菜单,请保持游戏画面处于前台
2025-10-20 21:22:58 [TRACE] 正在返回菜单,请保持游戏画面处于前台
2025-10-20 21:23:01 [TRACE] 正在返回菜单,请保持游戏画面处于前台
2025-10-20 21:23:04 [TRACE] 正在返回菜单,请保持游戏画面处于前台
2025-10-20 21:23:08 [TRACE] 正在返回菜单,请保持游戏画面处于前台
2025-10-20 21:23:11 [TRACE] 正在返回菜单,请保持游戏画面处于前台
2025-10-20 21:23:14 [TRACE] 正在返回菜单,请保持游戏画面处于前台
2025-10-20 21:23:17 [TRACE] 正在返回菜单,请保持游戏画面处于前台
2025-10-20 21:23:21 [TRACE] 正在返回菜单,请保持游戏画面处于前台
2025-10-20 21:23:24 [TRACE] 正在返回菜单,请保持游戏画面处于前台
2025-10-20 21:23:27 [TRACE] 正在返回菜单,请保持游戏画面处于前台
2025-10-20 21:23:30 [TRACE] 正在返回菜单,请保持游戏画面处于前台
2025-10-20 21:23:34 [TRACE] 正在返回菜单,请保持游戏画面处于前台
2025-10-20 21:23:37 [TRACE] 正在返回菜单,请保持游戏画面处于前台
2025-10-20 21:23:40 [TRACE] 正在返回菜单,请保持游戏画面处于前台
2025-10-20 21:23:43 [TRACE] 正在返回菜单,请保持游戏画面处于前台
2025-10-20 21:23:47 [TRACE] 正在返回菜单,请保持游戏画面处于前台
2025-10-20 21:23:50 [TRACE] 正在返回菜单,请保持游戏画面处于前台
2025-10-20 21:23:53 [TRACE] 正在返回菜单,请保持游戏画面处于前台
2025-10-20 21:23:56 [TRACE] 正在返回菜单,请保持游戏画面处于前台
2025-10-20 21:24:00 [TRACE] 正在返回菜单,请保持游戏画面处于前台
2025-10-20 21:24:03 [TRACE] 正在返回菜单,请保持游戏画面处于前台
2025-10-20 21:24:06 [TRACE] 正在返回菜单,请保持游戏画面处于前台
2025-10-20 21:24:09 [TRACE] 正在返回菜单,请保持游戏画面处于前台
2025-10-20 21:24:13 [TRACE] 正在返回菜单,请保持游戏画面处于前台
2025-10-20 21:24:16 [TRACE] 正在返回菜单,请保持游戏画面处于前台
2025-10-20 21:24:19 [TRACE] 正在返回菜单,请保持游戏画面处于前台
2025-10-20 21:24:22 [TRACE] 正在返回菜单,请保持游戏画面处于前台
2025-10-20 21:24:25 [TRACE] 正在返回菜单,请保持游戏画面处于前台
2025-10-20 21:24:29 [TRACE] 正在返回菜单,请保持游戏画面处于前台
2025-10-20 21:24:32 [TRACE] 正在返回菜单,请保持游戏画面处于前台
2025-10-20 21:24:35 [TRACE] 正在返回菜单,请保持游戏画面处于前台
2025-10-20 21:24:39 [TRACE] 正在返回菜单,请保持游戏画面处于前台
2025-10-20 21:24:42 [TRACE] 正在返回菜单,请保持游戏画面处于前台
2025-10-20 21:24:45 [TRACE] 正在返回菜单,请保持游戏画面处于前台
2025-10-20 21:24:48 [TRACE] 正在返回菜单,请保持游戏画面处于前台
2025-10-20 21:24:52 [TRACE] 正在返回菜单,请保持游戏画面处于前台
2025-10-20 21:24:55 [TRACE] 正在返回菜单,请保持游戏画面处于前台
2025-10-20 21:24:58 [TRACE] 正在返回菜单,请保持游戏画面处于前台
2025-10-20 21:25:01 [TRACE] 正在返回菜单,请保持游戏画面处于前台
2025-10-20 21:25:05 [TRACE] 正在返回菜单,请保持游戏画面处于前台
2025-10-20 21:25:08 [TRACE] 正在返回菜单,请保持游戏画面处于前台
2025-10-20 21:25:11 [TRACE] 正在返回菜单,请保持游戏画面处于前台
2025-10-20 21:25:14 [TRACE] 正在返回菜单,请保持游戏画面处于前台
2025-10-20 21:25:18 [TRACE] 正在返回菜单,请保持游戏画面处于前台
2025-10-20 21:25:21 [TRACE] 正在返回菜单,请保持游戏画面处于前台
2025-10-20 21:25:24 [TRACE] 正在返回菜单,请保持游戏画面处于前台
2025-10-20 21:25:27 [TRACE] 正在返回菜单,请保持游戏画面处于前台
2025-10-20 21:25:30 [TRACE] 正在返回菜单,请保持游戏画面处于前台
2025-10-20 21:25:34 [TRACE] 正在返回菜单,请保持游戏画面处于前台
2025-10-20 21:25:37 [TRACE] 正在返回菜单,请保持游戏画面处于前台
2025-10-20 21:25:40 [TRACE] 正在返回菜单,请保持游戏画面处于前台
2025-10-20 21:25:43 [TRACE] 正在返回菜单,请保持游戏画面处于前台
2025-10-20 21:25:47 [TRACE] 正在返回菜单,请保持游戏画面处于前台
2025-10-20 21:25:50 [TRACE] 正在返回菜单,请保持游戏画面处于前台
2025-10-20 21:25:53 [TRACE] 正在返回菜单,请保持游戏画面处于前台
2025-10-20 21:25:57 [TRACE] 正在返回菜单,请保持游戏画面处于前台
2025-10-20 21:26:00 [TRACE] 正在返回菜单,请保持游戏画面处于前台
2025-10-20 21:26:03 [TRACE] 正在返回菜单,请保持游戏画面处于前台
2025-10-20 21:26:06 [TRACE] 正在返回菜单,请保持游戏画面处于前台
2025-10-20 21:26:10 [TRACE] 正在返回菜单,请保持游戏画面处于前台
2025-10-20 21:26:13 [TRACE] 正在返回菜单,请保持游戏画面处于前台
2025-10-20 21:26:16 [TRACE] 正在返回菜单,请保持游戏画面处于前台
2025-10-20 21:26:19 [TRACE] 正在返回菜单,请保持游戏画面处于前台
2025-10-20 21:26:23 [TRACE] 正在返回菜单,请保持游戏画面处于前台
2025-10-20 21:26:26 [TRACE] 正在返回菜单,请保持游戏画面处于前台
2025-10-20 21:26:29 [TRACE] 正在返回菜单,请保持游戏画面处于前台
2025-10-20 21:26:33 [TRACE] 正在返回菜单,请保持游戏画面处于前台
2025-10-20 21:26:36 [TRACE] 正在返回菜单,请保持游戏画面处于前台
2025-10-20 21:26:39 [TRACE] 正在返回菜单,请保持游戏画面处于前台
2025-10-20 21:26:42 [TRACE] 正在返回菜单,请保持游戏画面处于前台
2025-10-20 21:26:45 [TRACE] 正在返回菜单,请保持游戏画面处于前台
2025-10-20 21:26:49 [TRACE] 正在返回菜单,请保持游戏画面处于前台
2025-10-20 21:26:52 [TRACE] 正在返回菜单,请保持游戏画面处于前台
2025-10-20 21:26:55 [TRACE] 正在返回菜单,请保持游戏画面处于前台
2025-10-20 21:26:58 [TRACE] 正在返回菜单,请保持游戏画面处于前台
2025-10-20 21:27:02 [TRACE] 正在返回菜单,请保持游戏画面处于前台
2025-10-20 21:27:05 [TRACE] 正在返回菜单,请保持游戏画面处于前台
2025-10-20 21:27:08 [TRACE] 正在返回菜单,请保持游戏画面处于前台
2025-10-20 21:27:11 [TRACE] 正在返回菜单,请保持游戏画面处于前台
2025-10-20 21:27:15 [TRACE] 正在返回菜单,请保持游戏画面处于前台
2025-10-20 21:27:18 [TRACE] 正在返回菜单,请保持游戏画面处于前台
2025-10-20 21:27:21 [TRACE] 正在返回菜单,请保持游戏画面处于前台
2025-10-20 21:27:25 [TRACE] 正在返回菜单,请保持游戏画面处于前台
2025-10-20 21:27:28 [TRACE] 正在返回菜单,请保持游戏画面处于前台
2025-10-20 21:27:31 [TRACE] 正在返回菜单,请保持游戏画面处于前台
2025-10-20 21:27:34 [TRACE] 正在返回菜单,请保持游戏画面处于前台
2025-10-20 21:27:38 [TRACE] 正在返回菜单,请保持游戏画面处于前台
2025-10-20 21:27:41 [TRACE] 正在返回菜单,请保持游戏画面处于前台
2025-10-20 21:27:44 [TRACE] 正在返回菜单,请保持游戏画面处于前台
2025-10-20 21:27:48 [TRACE] 正在返回菜单,请保持游戏画面处于前台
2025-10-20 21:27:51 [TRACE] 正在返回菜单,请保持游戏画面处于前台
2025-10-20 21:27:54 [TRACE] 正在返回菜单,请保持游戏画面处于前台
2025-10-20 21:27:57 [TRACE] 正在返回菜单,请保持游戏画面处于前台
2025-10-20 21:28:01 [TRACE] 正在返回菜单,请保持游戏画面处于前台
2025-10-20 21:28:04 [TRACE] 正在返回菜单,请保持游戏画面处于前台
2025-10-20 21:28:07 [TRACE] 正在返回菜单,请保持游戏画面处于前台
2025-10-20 21:28:10 [TRACE] 正在返回菜单,请保持游戏画面处于前台
2025-10-20 21:28:14 [TRACE] 正在返回菜单,请保持游戏画面处于前台
2025-10-20 21:28:17 [TRACE] 正在返回菜单,请保持游戏画面处于前台
2025-10-20 21:28:20 [TRACE] 正在返回菜单,请保持游戏画面处于前台
2025-10-20 21:28:23 [TRACE] 正在返回菜单,请保持游戏画面处于前台
2025-10-20 21:28:27 [TRACE] 正在返回菜单,请保持游戏画面处于前台
2025-10-20 21:28:30 [TRACE] 正在返回菜单,请保持游戏画面处于前台
2025-10-20 21:28:33 [TRACE] 正在返回菜单,请保持游戏画面处于前台
2025-10-20 21:28:36 [TRACE] 正在返回菜单,请保持游戏画面处于前台
2025-10-20 21:28:40 [TRACE] 正在返回菜单,请保持游戏画面处于前台
2025-10-20 21:28:43 [TRACE] 正在返回菜单,请保持游戏画面处于前台
2025-10-20 21:28:46 [TRACE] 正在返回菜单,请保持游戏画面处于前台
2025-10-20 21:28:49 [TRACE] 正在返回菜单,请保持游戏画面处于前台
2025-10-20 21:28:53 [TRACE] 正在返回菜单,请保持游戏画面处于前台
2025-10-20 21:28:56 [TRACE] 正在返回菜单,请保持游戏画面处于前台
2025-10-20 21:28:59 [TRACE] 正在返回菜单,请保持游戏画面处于前台
2025-10-20 21:29:03 [TRACE] 正在返回菜单,请保持游戏画面处于前台
2025-10-20 21:29:06 [TRACE] 正在返回菜单,请保持游戏画面处于前台
2025-10-20 21:29:09 [TRACE] 正在返回菜单,请保持游戏画面处于前台
2025-10-20 21:29:12 [TRACE] 正在返回菜单,请保持游戏画面处于前台
2025-10-20 21:29:16 [TRACE] 正在返回菜单,请保持游戏画面处于前台
2025-10-20 21:29:19 [TRACE] 正在返回菜单,请保持游戏画面处于前台
2025-10-20 21:29:22 [TRACE] 正在返回菜单,请保持游戏画面处于前台
2025-10-20 21:29:25 [TRACE] 正在返回菜单,请保持游戏画面处于前台
2025-10-20 21:29:29 [TRACE] 正在返回菜单,请保持游戏画面处于前台
2025-10-20 21:29:32 [TRACE] 正在返回菜单,请保持游戏画面处于前台
2025-10-20 21:29:35 [TRACE] 正在返回菜单,请保持游戏画面处于前台
2025-10-20 21:29:38 [TRACE] 正在返回菜单,请保持游戏画面处于前台
2025-10-20 21:29:42 [TRACE] 正在返回菜单,请保持游戏画面处于前台
2025-10-20 21:29:45 [TRACE] 正在返回菜单,请保持游戏画面处于前台
2025-10-20 21:29:48 [TRACE] 正在返回菜单,请保持游戏画面处于前台
2025-10-20 21:29:51 [TRACE] 正在返回菜单,请保持游戏画面处于前台
2025-10-20 21:29:55 [TRACE] 正在返回菜单,请保持游戏画面处于前台
2025-10-20 21:29:58 [TRACE] 正在返回菜单,请保持游戏画面处于前台
2025-10-20 21:30:01 [TRACE] 正在返回菜单,请保持游戏画面处于前台
2025-10-20 21:30:04 [TRACE] 正在返回菜单,请保持游戏画面处于前台
2025-10-20 21:30:08 [TRACE] 正在返回菜单,请保持游戏画面处于前台
2025-10-20 21:30:11 [TRACE] 正在返回菜单,请保持游戏画面处于前台
2025-10-20 21:30:14 [TRACE] 正在返回菜单,请保持游戏画面处于前台
2025-10-20 21:30:17 [TRACE] 正在返回菜单,请保持游戏画面处于前台
2025-10-20 21:30:21 [TRACE] 正在返回菜单,请保持游戏画面处于前台
2025-10-20 21:30:24 [TRACE] 正在返回菜单,请保持游戏画面处于前台
2025-10-20 21:30:27 [TRACE] 正在返回菜单,请保持游戏画面处于前台
2025-10-20 21:30:30 [TRACE] 正在返回菜单,请保持游戏画面处于前台
2025-10-20 21:30:34 [TRACE] 正在返回菜单,请保持游戏画面处于前台
2025-10-20 21:30:37 [TRACE] 正在返回菜单,请保持游戏画面处于前台
2025-10-20 21:30:40 [TRACE] 正在返回菜单,请保持游戏画面处于前台
2025-10-20 21:30:43 [TRACE] 正在返回菜单,请保持游戏画面处于前台
2025-10-20 21:30:47 [TRACE] 正在返回菜单,请保持游戏画面处于前台
2025-10-20 21:30:50 [TRACE] 正在返回菜单,请保持游戏画面处于前台
2025-10-20 21:30:53 [TRACE] 正在返回菜单,请保持游戏画面处于前台
2025-10-20 21:30:56 [TRACE] 正在返回菜单,请保持游戏画面处于前台
2025-10-20 21:31:00 [TRACE] 正在返回菜单,请保持游戏画面处于前台
2025-10-20 21:31:03 [TRACE] 正在返回菜单,请保持游戏画面处于前台
2025-10-20 21:31:06 [TRACE] 正在返回菜单,请保持游戏画面处于前台
2025-10-20 21:31:10 [TRACE] 正在返回菜单,请保持游戏画面处于前台
2025-10-20 21:31:13 [TRACE] 正在返回菜单,请保持游戏画面处于前台
2025-10-20 21:31:16 [TRACE] 正在返回菜单,请保持游戏画面处于前台
2025-10-20 21:31:19 [TRACE] 正在返回菜单,请保持游戏画面处于前台
2025-10-20 21:31:22 [TRACE] 正在返回菜单,请保持游戏画面处于前台
2025-10-20 21:31:26 [TRACE] 正在返回菜单,请保持游戏画面处于前台
2025-10-20 21:31:29 [TRACE] 正在返回菜单,请保持游戏画面处于前台
2025-10-20 21:31:32 [TRACE] 正在返回菜单,请保持游戏画面处于前台
2025-10-20 21:31:35 [TRACE] 正在返回菜单,请保持游戏画面处于前台
2025-10-20 21:31:39 [TRACE] 正在返回菜单,请保持游戏画面处于前台
2025-10-20 21:31:42 [TRACE] 正在返回菜单,请保持游戏画面处于前台
2025-10-20 21:31:45 [TRACE] 正在返回菜单,请保持游戏画面处于前台
2025-10-20 21:31:48 [TRACE] 正在返回菜单,请保持游戏画面处于前台
2025-10-20 21:31:52 [TRACE] 正在返回菜单,请保持游戏画面处于前台
2025-10-20 21:31:55 [TRACE] 正在返回菜单,请保持游戏画面处于前台
2025-10-20 21:31:58 [TRACE] 正在返回菜单,请保持游戏画面处于前台
2025-10-20 21:32:01 [TRACE] 正在返回菜单,请保持游戏画面处于前台
2025-10-20 21:32:05 [TRACE] 正在返回菜单,请保持游戏画面处于前台
2025-10-20 21:32:08 [TRACE] 正在返回菜单,请保持游戏画面处于前台
2025-10-20 21:32:11 [TRACE] 正在返回菜单,请保持游戏画面处于前台
2025-10-20 21:32:14 [TRACE] 正在返回菜单,请保持游戏画面处于前台
2025-10-20 21:32:18 [TRACE] 正在返回菜单,请保持游戏画面处于前台
2025-10-20 21:32:21 [TRACE] 正在返回菜单,请保持游戏画面处于前台
2025-10-20 21:32:24 [TRACE] 正在返回菜单,请保持游戏画面处于前台
2025-10-20 21:32:28 [TRACE] 正在返回菜单,请保持游戏画面处于前台
2025-10-20 21:32:31 [TRACE] 正在返回菜单,请保持游戏画面处于前台
2025-10-20 21:32:34 [TRACE] 正在返回菜单,请保持游戏画面处于前台
2025-10-20 21:32:37 [TRACE] 正在返回菜单,请保持游戏画面处于前台
2025-10-20 21:32:41 [TRACE] 正在返回菜单,请保持游戏画面处于前台
2025-10-20 21:32:44 [TRACE] 正在返回菜单,请保持游戏画面处于前台
2025-10-20 21:32:47 [TRACE] 正在返回菜单,请保持游戏画面处于前台
2025-10-20 21:32:50 [TRACE] 正在返回菜单,请保持游戏画面处于前台
2025-10-20 21:32:54 [TRACE] 正在返回菜单,请保持游戏画面处于前台
2025-10-20 21:32:57 [TRACE] 正在返回菜单,请保持游戏画面处于前台
2025-10-20 21:33:00 [TRACE] 正在返回菜单,请保持游戏画面处于前台
2025-10-20 21:33:03 [TRACE] 正在返回菜单,请保持游戏画面处于前台
2025-10-20 21:33:07 [TRACE] 正在返回菜单,请保持游戏画面处于前台
2025-10-20 21:33:10 [TRACE] 正在返回菜单,请保持游戏画面处于前台
2025-10-20 21:33:13 [TRACE] 正在返回菜单,请保持游戏画面处于前台
2025-10-20 21:33:16 [TRACE] 正在返回菜单,请保持游戏画面处于前台
2025-10-20 21:33:19 [TRACE] 正在返回菜单,请保持游戏画面处于前台
2025-10-20 21:33:23 [TRACE] 正在返回菜单,请保持游戏画面处于前台
2025-10-20 21:33:26 [TRACE] 正在返回菜单,请保持游戏画面处于前台
2025-10-20 21:33:29 [TRACE] 正在返回菜单,请保持游戏画面处于前台
2025-10-20 21:33:33 [TRACE] 正在返回菜单,请保持游戏画面处于前台
2025-10-20 21:33:36 [TRACE] 正在返回菜单,请保持游戏画面处于前台
2025-10-20 21:33:39 [TRACE] 正在返回菜单,请保持游戏画面处于前台
2025-10-20 21:33:42 [TRACE] 正在返回菜单,请保持游戏画面处于前台
2025-10-20 21:33:46 [TRACE] 正在返回菜单,请保持游戏画面处于前台
2025-10-20 21:33:49 [TRACE] 正在返回菜单,请保持游戏画面处于前台
2025-10-20 21:33:52 [TRACE] 正在返回菜单,请保持游戏画面处于前台
2025-10-20 21:33:55 [TRACE] 正在返回菜单,请保持游戏画面处于前台
2025-10-20 21:33:59 [TRACE] 正在返回菜单,请保持游戏画面处于前台
2025-10-20 21:34:02 [TRACE] 正在返回菜单,请保持游戏画面处于前台
2025-10-20 21:34:05 [TRACE] 正在返回菜单,请保持游戏画面处于前台
2025-10-20 21:34:08 [TRACE] 正在返回菜单,请保持游戏画面处于前台
2025-10-20 21:34:12 [TRACE] 正在返回菜单,请保持游戏画面处于前台
2025-10-20 21:34:15 [TRACE] 正在返回菜单,请保持游戏画面处于前台
2025-10-20 21:34:18 [TRACE] 正在返回菜单,请保持游戏画面处于前台
2025-10-20 21:34:21 [TRACE] 正在返回菜单,请保持游戏画面处于前台
2025-10-20 21:34:25 [TRACE] 正在返回菜单,请保持游戏画面处于前台
2025-10-20 21:34:28 [TRACE] 正在返回菜单,请保持游戏画面处于前台
2025-10-20 21:34:31 [TRACE] 正在返回菜单,请保持游戏画面处于前台
2025-10-20 21:34:34 [TRACE] 正在返回菜单,请保持游戏画面处于前台
2025-10-20 21:34:38 [TRACE] 正在返回菜单,请保持游戏画面处于前台
2025-10-20 21:34:41 [TRACE] 正在返回菜单,请保持游戏画面处于前台
2025-10-20 21:34:44 [TRACE] 正在返回菜单,请保持游戏画面处于前台
2025-10-20 21:34:48 [TRACE] 正在返回菜单,请保持游戏画面处于前台
2025-10-20 21:34:51 [TRACE] 正在返回菜单,请保持游戏画面处于前台
2025-10-20 21:34:54 [TRACE] 正在返回菜单,请保持游戏画面处于前台
2025-10-20 21:34:57 [TRACE] 正在返回菜单,请保持游戏画面处于前台
2025-10-20 21:35:01 [TRACE] 正在返回菜单,请保持游戏画面处于前台
2025-10-20 21:35:04 [TRACE] 正在返回菜单,请保持游戏画面处于前台
2025-10-20 21:35:07 [TRACE] 正在返回菜单,请保持游戏画面处于前台
2025-10-20 21:35:10 [TRACE] 正在返回菜单,请保持游戏画面处于前台
2025-10-20 21:35:14 [TRACE] 正在返回菜单,请保持游戏画面处于前台
2025-10-20 21:35:17 [TRACE] 正在返回菜单,请保持游戏画面处于前台
2025-10-20 21:35:20 [TRACE] 正在返回菜单,请保持游戏画面处于前台
2025-10-20 21:35:23 [TRACE] 正在返回菜单,请保持游戏画面处于前台
2025-10-20 21:35:27 [TRACE] 正在返回菜单,请保持游戏画面处于前台
2025-10-20 21:35:30 [TRACE] 正在返回菜单,请保持游戏画面处于前台
2025-10-20 21:35:33 [TRACE] 正在返回菜单,请保持游戏画面处于前台
2025-10-20 21:35:36 [TRACE] 正在返回菜单,请保持游戏画面处于前台
2025-10-20 21:35:40 [TRACE] 正在返回菜单,请保持游戏画面处于前台
2025-10-20 21:35:43 [TRACE] 正在返回菜单,请保持游戏画面处于前台
2025-10-20 21:35:46 [TRACE] 正在返回菜单,请保持游戏画面处于前台
2025-10-20 21:35:49 [TRACE] 正在返回菜单,请保持游戏画面处于前台
2025-10-20 21:35:53 [TRACE] 正在返回菜单,请保持游戏画面处于前台
2025-10-20 21:35:56 [TRACE] 正在返回菜单,请保持游戏画面处于前台
2025-10-20 21:35:59 [TRACE] 正在返回菜单,请保持游戏画面处于前台
2025-10-20 21:36:02 [TRACE] 正在返回菜单,请保持游戏画面处于前台
2025-10-20 21:36:06 [TRACE] 正在返回菜单,请保持游戏画面处于前台
2025-10-20 21:36:09 [TRACE] 正在返回菜单,请保持游戏画面处于前台
2025-10-20 21:36:12 [TRACE] 正在返回菜单,请保持游戏画面处于前台
2025-10-20 21:36:15 [TRACE] 正在返回菜单,请保持游戏画面处于前台
2025-10-20 21:36:19 [TRACE] 正在返回菜单,请保持游戏画面处于前台
2025-10-20 21:36:22 [TRACE] 正在返回菜单,请保持游戏画面处于前台
2025-10-20 21:36:25 [TRACE] 正在返回菜单,请保持游戏画面处于前台
2025-10-20 21:36:28 [TRACE] 正在返回菜单,请保持游戏画面处于前台
2025-10-20 21:36:32 [TRACE] 正在返回菜单,请保持游戏画面处于前台
2025-10-20 21:36:35 [TRACE] 正在返回菜单,请保持游戏画面处于前台
2025-10-20 21:36:38 [TRACE] 正在返回菜单,请保持游戏画面处于前台
2025-10-20 21:36:41 [TRACE] 正在返回菜单,请保持游戏画面处于前台
2025-10-20 21:36:45 [TRACE] 正在返回菜单,请保持游戏画面处于前台
2025-10-20 21:36:48 [TRACE] 正在返回菜单,请保持游戏画面处于前台
2025-10-20 21:36:51 [TRACE] 正在返回菜单,请保持游戏画面处于前台
2025-10-20 21:36:54 [TRACE] 正在返回菜单,请保持游戏画面处于前台
2025-10-20 21:36:58 [TRACE] 正在返回菜单,请保持游戏画面处于前台
2025-10-20 21:37:01 [TRACE] 正在返回菜单,请保持游戏画面处于前台
2025-10-20 21:37:04 [TRACE] 正在返回菜单,请保持游戏画面处于前台
2025-10-20 21:37:07 [TRACE] 正在返回菜单,请保持游戏画面处于前台
2025-10-20 21:37:11 [TRACE] 正在返回菜单,请保持游戏画面处于前台
2025-10-20 21:37:14 [TRACE] 正在返回菜单,请保持游戏画面处于前台
2025-10-20 21:37:17 [TRACE] 正在返回菜单,请保持游戏画面处于前台
2025-10-20 21:37:20 [TRACE] 正在返回菜单,请保持游戏画面处于前台
2025-10-20 21:37:24 [TRACE] 正在返回菜单,请保持游戏画面处于前台
2025-10-20 21:37:27 [TRACE] 正在返回菜单,请保持游戏画面处于前台
2025-10-20 21:37:30 [TRACE] 正在返回菜单,请保持游戏画面处于前台
2025-10-20 21:37:33 [TRACE] 正在返回菜单,请保持游戏画面处于前台
2025-10-20 21:37:37 [TRACE] 正在返回菜单,请保持游戏画面处于前台
2025-10-20 21:37:40 [TRACE] 正在返回菜单,请保持游戏画面处于前台
2025-10-20 21:37:43 [TRACE] 正在返回菜单,请保持游戏画面处于前台
2025-10-20 21:37:46 [TRACE] 正在返回菜单,请保持游戏画面处于前台
2025-10-20 21:37:50 [TRACE] 正在返回菜单,请保持游戏画面处于前台
2025-10-20 21:37:53 [TRACE] 正在返回菜单,请保持游戏画面处于前台
2025-10-20 21:37:56 [TRACE] 正在返回菜单,请保持游戏画面处于前台
2025-10-20 21:37:59 [TRACE] 正在返回菜单,请保持游戏画面处于前台
2025-10-20 21:38:03 [TRACE] 正在返回菜单,请保持游戏画面处于前台
2025-10-20 21:38:06 [TRACE] 正在返回菜单,请保持游戏画面处于前台
2025-10-20 21:38:09 [TRACE] 正在返回菜单,请保持游戏画面处于前台
2025-10-20 21:38:12 [TRACE] 正在返回菜单,请保持游戏画面处于前台
2025-10-20 21:38:16 [TRACE] 正在返回菜单,请保持游戏画面处于前台
2025-10-20 21:38:19 [TRACE] 正在返回菜单,请保持游戏画面处于前台
2025-10-20 21:38:22 [TRACE] 正在返回菜单,请保持游戏画面处于前台
2025-10-20 21:38:25 [TRACE] 正在返回菜单,请保持游戏画面处于前台
2025-10-20 21:38:29 [TRACE] 正在返回菜单,请保持游戏画面处于前台
2025-10-20 21:38:32 [TRACE] 正在返回菜单,请保持游戏画面处于前台
2025-10-20 21:38:35 [TRACE] 正在返回菜单,请保持游戏画面处于前台
2025-10-20 21:38:38 [TRACE] 正在返回菜单,请保持游戏画面处于前台
2025-10-20 21:38:42 [TRACE] 正在返回菜单,请保持游戏画面处于前台
2025-10-20 21:38:45 [TRACE] 正在返回菜单,请保持游戏画面处于前台
2025-10-20 21:38:48 [TRACE] 正在返回菜单,请保持游戏画面处于前台
2025-10-20 21:38:51 [TRACE] 正在返回菜单,请保持游戏画面处于前台
2025-10-20 21:38:55 [TRACE] 正在返回菜单,请保持游戏画面处于前台
2025-10-20 21:38:58 [TRACE] 正在返回菜单,请保持游戏画面处于前台
2025-10-20 21:39:01 [TRACE] 正在返回菜单,请保持游戏画面处于前台
2025-10-20 21:39:05 [TRACE] 正在返回菜单,请保持游戏画面处于前台
2025-10-20 21:39:08 [TRACE] 正在返回菜单,请保持游戏画面处于前台
2025-10-20 21:39:11 [TRACE] 正在返回菜单,请保持游戏画面处于前台
2025-10-20 21:39:14 [TRACE] 正在返回菜单,请保持游戏画面处于前台
2025-10-20 21:39:17 [TRACE] 正在返回菜单,请保持游戏画面处于前台
2025-10-20 21:39:21 [TRACE] 正在返回菜单,请保持游戏画面处于前台
2025-10-20 21:39:24 [TRACE] 正在返回菜单,请保持游戏画面处于前台
2025-10-20 21:39:27 [TRACE] 正在返回菜单,请保持游戏画面处于前台
2025-10-20 21:39:30 [TRACE] 正在返回菜单,请保持游戏画面处于前台
2025-10-20 21:39:34 [TRACE] 正在返回菜单,请保持游戏画面处于前台
2025-10-20 21:39:37 [TRACE] 正在返回菜单,请保持游戏画面处于前台
2025-10-20 21:39:40 [TRACE] 正在返回菜单,请保持游戏画面处于前台
2025-10-20 21:39:43 [TRACE] 正在返回菜单,请保持游戏画面处于前台
2025-10-20 21:39:47 [TRACE] 正在返回菜单,请保持游戏画面处于前台
2025-10-20 21:39:50 [TRACE] 正在返回菜单,请保持游戏画面处于前台
2025-10-20 21:39:53 [TRACE] 正在返回菜单,请保持游戏画面处于前台
2025-10-20 21:39:56 [TRACE] 正在返回菜单,请保持游戏画面处于前台
2025-10-20 21:40:00 [TRACE] 正在返回菜单,请保持游戏画面处于前台
2025-10-20 21:40:03 [TRACE] 正在返回菜单,请保持游戏画面处于前台
2025-10-20 21:40:06 [TRACE] 正在返回菜单,请保持游戏画面处于前台
2025-10-20 21:40:09 [TRACE] 正在返回菜单,请保持游戏画面处于前台
2025-10-20 21:40:13 [TRACE] 正在返回菜单,请保持游戏画面处于前台
2025-10-20 21:40:16 [TRACE] 正在返回菜单,请保持游戏画面处于前台
2025-10-20 21:40:19 [TRACE] 正在返回菜单,请保持游戏画面处于前台
2025-10-20 21:40:22 [TRACE] 正在返回菜单,请保持游戏画面处于前台
2025-10-20 21:40:26 [TRACE] 正在返回菜单,请保持游戏画面处于前台
2025-10-20 21:40:29 [TRACE] 正在返回菜单,请保持游戏画面处于前台
2025-10-20 21:40:32 [TRACE] 正在返回菜单,请保持游戏画面处于前台
2025-10-20 21:40:35 [TRACE] 正在返回菜单,请保持游戏画面处于前台
2025-10-20 21:40:39 [TRACE] 正在返回菜单,请保持游戏画面处于前台
2025-10-20 21:40:42 [TRACE] 正在返回菜单,请保持游戏画面处于前台
2025-10-20 21:40:45 [TRACE] 正在返回菜单,请保持游戏画面处于前台
2025-10-20 21:40:49 [TRACE] 正在返回菜单,请保持游戏画面处于前台
2025-10-20 21:40:52 [TRACE] 正在返回菜单,请保持游戏画面处于前台
2025-10-20 21:40:55 [TRACE] 正在返回菜单,请保持游戏画面处于前台
2025-10-20 21:40:58 [TRACE] 正在返回菜单,请保持游戏画面处于前台
2025-10-20 21:41:02 [TRACE] 正在返回菜单,请保持游戏画面处于前台
2025-10-20 21:41:05 [TRACE] 正在返回菜单,请保持游戏画面处于前台
2025-10-20 21:41:08 [TRACE] 正在返回菜单,请保持游戏画面处于前台
2025-10-20 21:41:11 [TRACE] 正在返回菜单,请保持游戏画面处于前台
2025-10-20 21:41:15 [TRACE] 正在返回菜单,请保持游戏画面处于前台
2025-10-20 21:41:18 [TRACE] 正在返回菜单,请保持游戏画面处于前台
2025-10-20 21:41:21 [TRACE] 正在返回菜单,请保持游戏画面处于前台
2025-10-20 21:41:24 [TRACE] 正在返回菜单,请保持游戏画面处于前台
2025-10-20 21:41:27 [TRACE] 正在返回菜单,请保持游戏画面处于前台
2025-10-20 21:41:31 [TRACE] 正在返回菜单,请保持游戏画面处于前台
2025-10-20 21:41:34 [TRACE] 正在返回菜单,请保持游戏画面处于前台
2025-10-20 21:41:37 [TRACE] 正在返回菜单,请保持游戏画面处于前台
2025-10-20 21:41:40 [TRACE] 正在返回菜单,请保持游戏画面处于前台
2025-10-20 21:41:44 [TRACE] 正在返回菜单,请保持游戏画面处于前台
2025-10-20 21:41:47 [TRACE] 正在返回菜单,请保持游戏画面处于前台
2025-10-20 21:41:50 [TRACE] 正在返回菜单,请保持游戏画面处于前台
2025-10-20 21:41:53 [TRACE] 正在返回菜单,请保持游戏画面处于前台
2025-10-20 21:41:57 [TRACE] 正在返回菜单,请保持游戏画面处于前台
2025-10-20 21:42:00 [TRACE] 正在返回菜单,请保持游戏画面处于前台
2025-10-20 21:42:03 [TRACE] 正在返回菜单,请保持游戏画面处于前台
2025-10-20 21:42:07 [TRACE] 正在返回菜单,请保持游戏画面处于前台
2025-10-20 21:42:10 [TRACE] 正在返回菜单,请保持游戏画面处于前台
2025-10-20 21:42:13 [TRACE] 正在返回菜单,请保持游戏画面处于前台
2025-10-20 21:42:16 [TRACE] 正在返回菜单,请保持游戏画面处于前台
2025-10-20 21:42:20 [TRACE] 正在返回菜单,请保持游戏画面处于前台
2025-10-20 21:42:23 [TRACE] 正在返回菜单,请保持游戏画面处于前台
2025-10-20 21:42:26 [TRACE] 正在返回菜单,请保持游戏画面处于前台
2025-10-20 21:42:29 [TRACE] 正在返回菜单,请保持游戏画面处于前台
2025-10-20 21:42:33 [TRACE] 正在返回菜单,请保持游戏画面处于前台
2025-10-20 21:42:36 [TRACE] 正在返回菜单,请保持游戏画面处于前台
2025-10-20 21:42:39 [TRACE] 正在返回菜单,请保持游戏画面处于前台
2025-10-20 21:42:42 [TRACE] 正在返回菜单,请保持游戏画面处于前台
2025-10-20 21:42:46 [TRACE] 正在返回菜单,请保持游戏画面处于前台
2025-10-20 21:42:49 [TRACE] 正在返回菜单,请保持游戏画面处于前台
2025-10-20 21:42:52 [TRACE] 正在返回菜单,请保持游戏画面处于前台
2025-10-20 21:42:55 [TRACE] 正在返回菜单,请保持游戏画面处于前台
2025-10-20 21:42:59 [TRACE] 正在返回菜单,请保持游戏画面处于前台
2025-10-20 21:43:02 [TRACE] 正在返回菜单,请保持游戏画面处于前台
2025-10-20 21:43:05 [TRACE] 正在返回菜单,请保持游戏画面处于前台
2025-10-20 21:43:08 [TRACE] 正在返回菜单,请保持游戏画面处于前台
2025-10-20 21:43:12 [TRACE] 正在返回菜单,请保持游戏画面处于前台
2025-10-20 21:43:15 [TRACE] 正在返回菜单,请保持游戏画面处于前台
2025-10-20 21:43:18 [TRACE] 正在返回菜单,请保持游戏画面处于前台
2025-10-20 21:43:22 [TRACE] 正在返回菜单,请保持游戏画面处于前台
2025-10-20 21:43:25 [TRACE] 正在返回菜单,请保持游戏画面处于前台
2025-10-20 21:43:28 [TRACE] 正在返回菜单,请保持游戏画面处于前台
2025-10-20 21:43:31 [TRACE] 正在返回菜单,请保持游戏画面处于前台
2025-10-20 21:43:35 [TRACE] 正在返回菜单,请保持游戏画面处于前台
2025-10-20 21:43:38 [TRACE] 正在返回菜单,请保持游戏画面处于前台
2025-10-20 21:43:41 [TRACE] 正在返回菜单,请保持游戏画面处于前台
2025-10-20 21:43:44 [TRACE] 正在返回菜单,请保持游戏画面处于前台
2025-10-20 21:43:48 [TRACE] 正在返回菜单,请保持游戏画面处于前台
2025-10-20 21:43:51 [TRACE] 正在返回菜单,请保持游戏画面处于前台
2025-10-20 21:43:54 [TRACE] 正在返回菜单,请保持游戏画面处于前台
2025-10-20 21:43:57 [TRACE] 正在返回菜单,请保持游戏画面处于前台
2025-10-20 21:44:01 [TRACE] 正在返回菜单,请保持游戏画面处于前台
2025-10-20 21:44:04 [TRACE] 正在返回菜单,请保持游戏画面处于前台
2025-10-20 21:44:07 [TRACE] 正在返回菜单,请保持游戏画面处于前台
2025-10-20 21:44:10 [TRACE] 正在返回菜单,请保持游戏画面处于前台
2025-10-20 21:44:14 [TRACE] 正在返回菜单,请保持游戏画面处于前台
2025-10-20 21:44:17 [TRACE] 正在返回菜单,请保持游戏画面处于前台
2025-10-20 21:44:20 [TRACE] 正在返回菜单,请保持游戏画面处于前台
2025-10-20 21:44:23 [TRACE] 正在返回菜单,请保持游戏画面处于前台
2025-10-20 21:44:27 [TRACE] 正在返回菜单,请保持游戏画面处于前台
2025-10-20 21:44:30 [TRACE] 正在返回菜单,请保持游戏画面处于前台
2025-10-20 21:44:33 [TRACE] 正在返回菜单,请保持游戏画面处于前台
2025-10-20 21:44:36 [TRACE] 正在返回菜单,请保持游戏画面处于前台
2025-10-20 21:44:40 [TRACE] 正在返回菜单,请保持游戏画面处于前台
2025-10-20 21:44:43 [TRACE] 正在返回菜单,请保持游戏画面处于前台
2025-10-20 21:44:46 [TRACE] 正在返回菜单,请保持游戏画面处于前台
2025-10-20 21:44:49 [TRACE] 正在返回菜单,请保持游戏画面处于前台
2025-10-20 21:44:53 [TRACE] 正在返回菜单,请保持游戏画面处于前台
2025-10-20 21:44:56 [TRACE] 正在返回菜单,请保持游戏画面处于前台
2025-10-20 21:44:59 [TRACE] 正在返回菜单,请保持游戏画面处于前台
2025-10-20 21:45:02 [TRACE] 正在返回菜单,请保持游戏画面处于前台
2025-10-20 21:45:06 [TRACE] 正在返回菜单,请保持游戏画面处于前台
2025-10-20 21:45:09 [TRACE] 正在返回菜单,请保持游戏画面处于前台
2025-10-20 21:45:12 [TRACE] 正在返回菜单,请保持游戏画面处于前台
2025-10-20 21:45:15 [TRACE] 正在返回菜单,请保持游戏画面处于前台
2025-10-20 21:45:19 [TRACE] 正在返回菜单,请保持游戏画面处于前台
2025-10-20 21:45:22 [TRACE] 正在返回菜单,请保持游戏画面处于前台
2025-10-20 21:45:25 [TRACE] 正在返回菜单,请保持游戏画面处于前台
2025-10-20 21:45:29 [TRACE] 正在返回菜单,请保持游戏画面处于前台
2025-10-20 21:45:32 [TRACE] 正在返回菜单,请保持游戏画面处于前台
2025-10-20 21:45:35 [TRACE] 正在返回菜单,请保持游戏画面处于前台
2025-10-20 21:45:38 [TRACE] 正在返回菜单,请保持游戏画面处于前台
2025-10-20 21:45:42 [TRACE] 正在返回菜单,请保持游戏画面处于前台
2025-10-20 21:45:45 [TRACE] 正在返回菜单,请保持游戏画面处于前台
2025-10-20 21:45:48 [TRACE] 正在返回菜单,请保持游戏画面处于前台
2025-10-20 21:45:51 [TRACE] 正在返回菜单,请保持游戏画面处于前台
2025-10-20 21:45:55 [TRACE] 正在返回菜单,请保持游戏画面处于前台
2025-10-20 21:45:58 [TRACE] 正在返回菜单,请保持游戏画面处于前台
2025-10-20 21:46:01 [TRACE] 正在返回菜单,请保持游戏画面处于前台
2025-10-20 21:46:04 [TRACE] 正在返回菜单,请保持游戏画面处于前台
2025-10-20 21:46:08 [TRACE] 正在返回菜单,请保持游戏画面处于前台
2025-10-20 21:46:11 [TRACE] 正在返回菜单,请保持游戏画面处于前台
2025-10-20 21:46:14 [TRACE] 正在返回菜单,请保持游戏画面处于前台
2025-10-20 21:46:17 [TRACE] 正在返回菜单,请保持游戏画面处于前台
2025-10-20 21:46:20 [TRACE] 正在返回菜单,请保持游戏画面处于前台
2025-10-20 21:46:24 [TRACE] 正在返回菜单,请保持游戏画面处于前台
2025-10-20 21:46:27 [TRACE] 正在返回菜单,请保持游戏画面处于前台
2025-10-20 21:46:30 [TRACE] 正在返回菜单,请保持游戏画面处于前台
2025-10-20 21:46:34 [TRACE] 正在返回菜单,请保持游戏画面处于前台
2025-10-20 21:46:37 [TRACE] 正在返回菜单,请保持游戏画面处于前台
2025-10-20 21:46:40 [TRACE] 正在返回菜单,请保持游戏画面处于前台
2025-10-20 21:46:43 [TRACE] 正在返回菜单,请保持游戏画面处于前台
2025-10-20 21:46:47 [TRACE] 正在返回菜单,请保持游戏画面处于前台
2025-10-20 21:46:50 [TRACE] 正在返回菜单,请保持游戏画面处于前台
2025-10-20 21:46:53 [TRACE] 正在返回菜单,请保持游戏画面处于前台
2025-10-20 21:46:56 [TRACE] 正在返回菜单,请保持游戏画面处于前台
2025-10-20 21:47:00 [TRACE] 正在返回菜单,请保持游戏画面处于前台
2025-10-20 21:47:03 [TRACE] 正在返回菜单,请保持游戏画面处于前台
2025-10-20 21:47:06 [TRACE] 正在返回菜单,请保持游戏画面处于前台
2025-10-20 21:47:09 [TRACE] 正在返回菜单,请保持游戏画面处于前台
2025-10-20 21:47:13 [TRACE] 正在返回菜单,请保持游戏画面处于前台
2025-10-20 21:47:16 [TRACE] 正在返回菜单,请保持游戏画面处于前台
2025-10-20 21:47:19 [TRACE] 正在返回菜单,请保持游戏画面处于前台
2025-10-20 21:47:22 [TRACE] 正在返回菜单,请保持游戏画面处于前台
2025-10-20 21:47:26 [TRACE] 正在返回菜单,请保持游戏画面处于前台
2025-10-20 21:47:29 [TRACE] 正在返回菜单,请保持游戏画面处于前台
2025-10-20 21:47:32 [TRACE] 正在返回菜单,请保持游戏画面处于前台
2025-10-20 21:47:35 [TRACE] 正在返回菜单,请保持游戏画面处于前台
2025-10-20 21:47:39 [TRACE] 正在返回菜单,请保持游戏画面处于前台
2025-10-20 21:47:42 [TRACE] 正在返回菜单,请保持游戏画面处于前台
2025-10-20 21:47:45 [TRACE] 正在返回菜单,请保持游戏画面处于前台
2025-10-20 21:47:48 [TRACE] 正在返回菜单,请保持游戏画面处于前台
2025-10-20 21:47:52 [TRACE] 正在返回菜单,请保持游戏画面处于前台
2025-10-20 21:47:55 [TRACE] 正在返回菜单,请保持游戏画面处于前台
2025-10-20 21:47:58 [TRACE] 正在返回菜单,请保持游戏画面处于前台
2025-10-20 21:48:01 [TRACE] 正在返回菜单,请保持游戏画面处于前台
2025-10-20 21:48:05 [TRACE] 正在返回菜单,请保持游戏画面处于前台
2025-10-20 21:48:08 [TRACE] 正在返回菜单,请保持游戏画面处于前台
2025-10-20 21:48:11 [TRACE] 正在返回菜单,请保持游戏画面处于前台
2025-10-20 21:48:14 [TRACE] 正在返回菜单,请保持游戏画面处于前台
2025-10-20 21:48:18 [TRACE] 正在返回菜单,请保持游戏画面处于前台
2025-10-20 21:48:21 [TRACE] 正在返回菜单,请保持游戏画面处于前台
2025-10-20 21:48:24 [TRACE] 正在返回菜单,请保持游戏画面处于前台
2025-10-20 21:48:27 [TRACE] 正在返回菜单,请保持游戏画面处于前台
2025-10-20 21:48:31 [TRACE] 正在返回菜单,请保持游戏画面处于前台
2025-10-20 21:48:34 [TRACE] 正在返回菜单,请保持游戏画面处于前台
2025-10-20 21:48:37 [TRACE] 正在返回菜单,请保持游戏画面处于前台
2025-10-20 21:48:41 [TRACE] 正在返回菜单,请保持游戏画面处于前台
2025-10-20 21:48:44 [TRACE] 正在返回菜单,请保持游戏画面处于前台
2025-10-20 21:48:47 [TRACE] 正在返回菜单,请保持游戏画面处于前台
2025-10-20 21:48:50 [TRACE] 正在返回菜单,请保持游戏画面处于前台
2025-10-20 21:48:54 [TRACE] 正在返回菜单,请保持游戏画面处于前台
2025-10-20 21:48:57 [TRACE] 正在返回菜单,请保持游戏画面处于前台
2025-10-20 21:49:00 [TRACE] 正在返回菜单,请保持游戏画面处于前台
2025-10-20 21:49:03 [TRACE] 正在返回菜单,请保持游戏画面处于前台
2025-10-20 21:49:07 [TRACE] 正在返回菜单,请保持游戏画面处于前台
2025-10-20 21:49:10 [TRACE] 正在返回菜单,请保持游戏画面处于前台
2025-10-20 21:49:13 [TRACE] 正在返回菜单,请保持游戏画面处于前台
2025-10-20 21:49:16 [TRACE] 正在返回菜单,请保持游戏画面处于前台
2025-10-20 21:49:20 [TRACE] 正在返回菜单,请保持游戏画面处于前台
2025-10-20 21:49:23 [TRACE] 正在返回菜单,请保持游戏画面处于前台
2025-10-20 21:49:26 [TRACE] 正在返回菜单,请保持游戏画面处于前台
2025-10-20 21:49:29 [TRACE] 正在返回菜单,请保持游戏画面处于前台
2025-10-20 21:49:33 [TRACE] 正在返回菜单,请保持游戏画面处于前台
2025-10-20 21:49:36 [TRACE] 正在返回菜单,请保持游戏画面处于前台
2025-10-20 21:49:39 [TRACE] 正在返回菜单,请保持游戏画面处于前台
2025-10-20 21:49:42 [TRACE] 正在返回菜单,请保持游戏画面处于前台
2025-10-20 21:49:46 [TRACE] 正在返回菜单,请保持游戏画面处于前台
2025-10-20 21:49:49 [TRACE] 正在返回菜单,请保持游戏画面处于前台
2025-10-20 21:49:52 [TRACE] 正在返回菜单,请保持游戏画面处于前台
2025-10-20 21:49:55 [TRACE] 正在返回菜单,请保持游戏画面处于前台
2025-10-20 21:49:59 [TRACE] 正在返回菜单,请保持游戏画面处于前台
2025-10-20 21:50:02 [TRACE] 正在返回菜单,请保持游戏画面处于前台
2025-10-20 21:50:05 [TRACE] 正在返回菜单,请保持游戏画面处于前台
2025-10-20 21:50:08 [TRACE] 正在返回菜单,请保持游戏画面处于前台
2025-10-20 21:50:12 [TRACE] 正在返回菜单,请保持游戏画面处于前台
2025-10-20 21:50:15 [TRACE] 正在返回菜单,请保持游戏画面处于前台
2025-10-20 21:50:18 [TRACE] 正在返回菜单,请保持游戏画面处于前台
2025-10-20 21:50:21 [TRACE] 正在返回菜单,请保持游戏画面处于前台
2025-10-20 21:50:25 [TRACE] 正在返回菜单,请保持游戏画面处于前台
2025-10-20 21:50:28 [TRACE] 正在返回菜单,请保持游戏画面处于前台
2025-10-20 21:50:31 [TRACE] 正在返回菜单,请保持游戏画面处于前台
2025-10-20 21:50:34 [TRACE] 正在返回菜单,请保持游戏画面处于前台
2025-10-20 21:50:38 [TRACE] 正在返回菜单,请保持游戏画面处于前台
2025-10-20 21:50:41 [TRACE] 正在返回菜单,请保持游戏画面处于前台
2025-10-20 21:50:44 [TRACE] 正在返回菜单,请保持游戏画面处于前台
2025-10-20 21:50:47 [TRACE] 正在返回菜单,请保持游戏画面处于前台
2025-10-20 21:50:51 [TRACE] 正在返回菜单,请保持游戏画面处于前台
2025-10-20 21:50:54 [TRACE] 正在返回菜单,请保持游戏画面处于前台
2025-10-20 21:50:57 [TRACE] 正在返回菜单,请保持游戏画面处于前台
2025-10-20 21:51:00 [TRACE] 正在返回菜单,请保持游戏画面处于前台
2025-10-20 21:51:04 [TRACE] 正在返回菜单,请保持游戏画面处于前台
2025-10-20 21:51:07 [TRACE] 正在返回菜单,请保持游戏画面处于前台
2025-10-20 21:51:10 [TRACE] 正在返回菜单,请保持游戏画面处于前台
2025-10-20 21:51:13 [TRACE] 正在返回菜单,请保持游戏画面处于前台
2025-10-20 21:51:17 [TRACE] 正在返回菜单,请保持游戏画面处于前台
2025-10-20 21:51:20 [TRACE] 正在返回菜单,请保持游戏画面处于前台
2025-10-20 21:51:23 [TRACE] 正在返回菜单,请保持游戏画面处于前台
2025-10-20 21:51:26 [TRACE] 正在返回菜单,请保持游戏画面处于前台
2025-10-20 21:51:30 [TRACE] 正在返回菜单,请保持游戏画面处于前台
2025-10-20 21:51:33 [TRACE] 正在返回菜单,请保持游戏画面处于前台
2025-10-20 21:51:36 [TRACE] 正在返回菜单,请保持游戏画面处于前台
2025-10-20 21:51:40 [TRACE] 正在返回菜单,请保持游戏画面处于前台
2025-10-20 21:51:43 [TRACE] 正在返回菜单,请保持游戏画面处于前台
2025-10-20 21:51:46 [TRACE] 正在返回菜单,请保持游戏画面处于前台
2025-10-20 21:51:49 [TRACE] 正在返回菜单,请保持游戏画面处于前台
2025-10-20 21:51:53 [TRACE] 正在返回菜单,请保持游戏画面处于前台
2025-10-20 21:51:56 [TRACE] 正在返回菜单,请保持游戏画面处于前台
2025-10-20 21:51:59 [TRACE] 正在返回菜单,请保持游戏画面处于前台
2025-10-20 21:52:02 [TRACE] 正在返回菜单,请保持游戏画面处于前台
2025-10-20 21:52:06 [TRACE] 正在返回菜单,请保持游戏画面处于前台
2025-10-20 21:52:09 [TRACE] 正在返回菜单,请保持游戏画面处于前台
2025-10-20 21:52:12 [TRACE] 正在返回菜单,请保持游戏画面处于前台
2025-10-20 21:52:15 [TRACE] 正在返回菜单,请保持游戏画面处于前台
2025-10-20 21:52:19 [TRACE] 正在返回菜单,请保持游戏画面处于前台
2025-10-20 21:52:22 [TRACE] 正在返回菜单,请保持游戏画面处于前台
2025-10-20 21:52:25 [TRACE] 正在返回菜单,请保持游戏画面处于前台
2025-10-20 21:52:28 [TRACE] 正在返回菜单,请保持游戏画面处于前台
2025-10-20 21:52:32 [TRACE] 正在返回菜单,请保持游戏画面处于前台
2025-10-20 21:52:35 [TRACE] 正在返回菜单,请保持游戏画面处于前台
2025-10-20 21:52:38 [TRACE] 正在返回菜单,请保持游戏画面处于前台
2025-10-20 21:52:42 [TRACE] 正在返回菜单,请保持游戏画面处于前台
2025-10-20 21:52:45 [TRACE] 正在返回菜单,请保持游戏画面处于前台
2025-10-20 21:52:48 [TRACE] 正在返回菜单,请保持游戏画面处于前台
2025-10-20 21:52:51 [TRACE] 正在返回菜单,请保持游戏画面处于前台
2025-10-20 21:52:55 [TRACE] 正在返回菜单,请保持游戏画面处于前台
2025-10-20 21:52:58 [TRACE] 正在返回菜单,请保持游戏画面处于前台
2025-10-20 21:53:01 [TRACE] 正在返回菜单,请保持游戏画面处于前台
2025-10-20 21:53:04 [TRACE] 正在返回菜单,请保持游戏画面处于前台
2025-10-20 21:53:08 [TRACE] 正在返回菜单,请保持游戏画面处于前台
2025-10-20 21:53:11 [TRACE] 正在返回菜单,请保持游戏画面处于前台
2025-10-20 21:53:14 [TRACE] 正在返回菜单,请保持游戏画面处于前台
2025-10-20 21:53:17 [TRACE] 正在返回菜单,请保持游戏画面处于前台
2025-10-20 21:53:21 [TRACE] 正在返回菜单,请保持游戏画面处于前台
2025-10-20 21:53:24 [TRACE] 正在返回菜单,请保持游戏画面处于前台
2025-10-20 21:53:27 [TRACE] 正在返回菜单,请保持游戏画面处于前台
2025-10-20 21:53:30 [TRACE] 正在返回菜单,请保持游戏画面处于前台
2025-10-20 21:53:34 [TRACE] 正在返回菜单,请保持游戏画面处于前台
2025-10-20 21:53:37 [TRACE] 正在返回菜单,请保持游戏画面处于前台
2025-10-20 21:53:40 [TRACE] 正在返回菜单,请保持游戏画面处于前台
2025-10-20 21:53:43 [TRACE] 正在返回菜单,请保持游戏画面处于前台
2025-10-20 21:53:47 [TRACE] 正在返回菜单,请保持游戏画面处于前台
2025-10-20 21:53:50 [TRACE] 正在返回菜单,请保持游戏画面处于前台
2025-10-20 21:53:53 [TRACE] 正在返回菜单,请保持游戏画面处于前台
2025-10-20 21:53:56 [TRACE] 正在返回菜单,请保持游戏画面处于前台
2025-10-20 21:54:00 [TRACE] 正在返回菜单,请保持游戏画面处于前台
2025-10-20 21:54:03 [TRACE] 正在返回菜单,请保持游戏画面处于前台
2025-10-20 21:54:06 [TRACE] 正在返回菜单,请保持游戏画面处于前台
2025-10-20 21:54:09 [TRACE] 正在返回菜单,请保持游戏画面处于前台
2025-10-20 21:54:13 [TRACE] 正在返回菜单,请保持游戏画面处于前台
2025-10-20 21:54:16 [TRACE] 正在返回菜单,请保持游戏画面处于前台
2025-10-20 21:54:19 [TRACE] 正在返回菜单,请保持游戏画面处于前台
2025-10-20 21:54:23 [TRACE] 正在返回菜单,请保持游戏画面处于前台
2025-10-20 21:54:26 [TRACE] 正在返回菜单,请保持游戏画面处于前台
2025-10-20 21:54:29 [TRACE] 正在返回菜单,请保持游戏画面处于前台
2025-10-20 21:54:32 [TRACE] 正在返回菜单,请保持游戏画面处于前台
2025-10-20 21:54:36 [TRACE] 正在返回菜单,请保持游戏画面处于前台
2025-10-20 21:54:39 [TRACE] 正在返回菜单,请保持游戏画面处于前台
2025-10-20 21:54:42 [TRACE] 正在返回菜单,请保持游戏画面处于前台
2025-10-20 21:54:45 [TRACE] 正在返回菜单,请保持游戏画面处于前台
2025-10-20 21:54:49 [TRACE] 正在返回菜单,请保持游戏画面处于前台
2025-10-20 21:54:52 [TRACE] 正在返回菜单,请保持游戏画面处于前台
2025-10-20 21:54:55 [TRACE] 正在返回菜单,请保持游戏画面处于前台
2025-10-20 21:54:58 [TRACE] 正在返回菜单,请保持游戏画面处于前台
2025-10-20 21:55:02 [TRACE] 正在返回菜单,请保持游戏画面处于前台
2025-10-20 21:55:05 [TRACE] 正在返回菜单,请保持游戏画面处于前台
2025-10-20 21:55:08 [TRACE] 正在返回菜单,请保持游戏画面处于前台
2025-10-20 21:55:11 [TRACE] 正在返回菜单,请保持游戏画面处于前台
2025-10-20 21:55:15 [TRACE] 正在返回菜单,请保持游戏画面处于前台
2025-10-20 21:55:18 [TRACE] 正在返回菜单,请保持游戏画面处于前台
2025-10-20 21:55:21 [TRACE] 正在返回菜单,请保持游戏画面处于前台
2025-10-20 21:55:24 [TRACE] 正在返回菜单,请保持游戏画面处于前台
2025-10-20 21:55:28 [TRACE] 正在返回菜单,请保持游戏画面处于前台
2025-10-20 21:55:31 [TRACE] 正在返回菜单,请保持游戏画面处于前台
2025-10-20 21:55:34 [TRACE] 正在返回菜单,请保持游戏画面处于前台
2025-10-20 21:55:38 [TRACE] 正在返回菜单,请保持游戏画面处于前台
2025-10-20 21:55:41 [TRACE] 正在返回菜单,请保持游戏画面处于前台
2025-10-20 21:55:44 [TRACE] 正在返回菜单,请保持游戏画面处于前台
2025-10-20 21:55:47 [TRACE] 正在返回菜单,请保持游戏画面处于前台
2025-10-20 21:55:51 [TRACE] 正在返回菜单,请保持游戏画面处于前台
2025-10-20 21:55:54 [TRACE] 正在返回菜单,请保持游戏画面处于前台
2025-10-20 21:55:57 [TRACE] 正在返回菜单,请保持游戏画面处于前台
2025-10-20 21:56:00 [TRACE] 正在返回菜单,请保持游戏画面处于前台
2025-10-20 21:56:04 [TRACE] 正在返回菜单,请保持游戏画面处于前台
2025-10-20 21:56:07 [TRACE] 正在返回菜单,请保持游戏画面处于前台
2025-10-20 21:56:10 [TRACE] 正在返回菜单,请保持游戏画面处于前台
2025-10-20 21:56:13 [TRACE] 正在返回菜单,请保持游戏画面处于前台
2025-10-20 21:56:17 [TRACE] 正在返回菜单,请保持游戏画面处于前台
2025-10-20 21:56:20 [TRACE] 正在返回菜单,请保持游戏画面处于前台
2025-10-20 21:56:23 [TRACE] 正在返回菜单,请保持游戏画面处于前台
2025-10-20 21:56:26 [TRACE] 正在返回菜单,请保持游戏画面处于前台
2025-10-20 21:56:30 [TRACE] 正在返回菜单,请保持游戏画面处于前台
2025-10-20 21:56:33 [TRACE] 正在返回菜单,请保持游戏画面处于前台
2025-10-20 21:56:36 [TRACE] 正在返回菜单,请保持游戏画面处于前台
2025-10-20 21:56:39 [TRACE] 正在返回菜单,请保持游戏画面处于前台
2025-10-20 21:56:43 [TRACE] 正在返回菜单,请保持游戏画面处于前台
2025-10-20 21:56:46 [TRACE] 正在返回菜单,请保持游戏画面处于前台
2025-10-20 21:56:49 [TRACE] 正在返回菜单,请保持游戏画面处于前台
2025-10-20 21:56:53 [TRACE] 正在返回菜单,请保持游戏画面处于前台
2025-10-20 21:56:56 [TRACE] 正在返回菜单,请保持游戏画面处于前台
2025-10-20 21:56:59 [TRACE] 正在返回菜单,请保持游戏画面处于前台
2025-10-20 21:57:02 [TRACE] 正在返回菜单,请保持游戏画面处于前台
2025-10-20 21:57:06 [TRACE] 正在返回菜单,请保持游戏画面处于前台
2025-10-20 21:57:09 [TRACE] 正在返回菜单,请保持游戏画面处于前台
2025-10-20 21:57:12 [TRACE] 正在返回菜单,请保持游戏画面处于前台
2025-10-20 21:57:15 [TRACE] 正在返回菜单,请保持游戏画面处于前台
2025-10-20 21:57:19 [TRACE] 正在返回菜单,请保持游戏画面处于前台
2025-10-20 21:57:22 [TRACE] 正在返回菜单,请保持游戏画面处于前台
2025-10-20 21:57:25 [TRACE] 正在返回菜单,请保持游戏画面处于前台
2025-10-20 21:57:28 [TRACE] 正在返回菜单,请保持游戏画面处于前台
2025-10-20 21:57:32 [TRACE] 正在返回菜单,请保持游戏画面处于前台
2025-10-20 21:57:35 [TRACE] 正在返回菜单,请保持游戏画面处于前台
2025-10-20 21:57:38 [TRACE] 正在返回菜单,请保持游戏画面处于前台
2025-10-20 21:57:42 [TRACE] 正在返回菜单,请保持游戏画面处于前台
2025-10-20 21:57:45 [TRACE] 正在返回菜单,请保持游戏画面处于前台
2025-10-20 21:57:48 [TRACE] 正在返回菜单,请保持游戏画面处于前台
2025-10-20 21:57:51 [TRACE] 正在返回菜单,请保持游戏画面处于前台
2025-10-20 21:57:55 [TRACE] 正在返回菜单,请保持游戏画面处于前台
2025-10-20 21:57:58 [TRACE] 正在返回菜单,请保持游戏画面处于前台
2025-10-20 21:58:01 [TRACE] 正在返回菜单,请保持游戏画面处于前台
2025-10-20 21:58:04 [TRACE] 正在返回菜单,请保持游戏画面处于前台
2025-10-20 21:58:08 [TRACE] 正在返回菜单,请保持游戏画面处于前台
2025-10-20 21:58:11 [TRACE] 正在返回菜单,请保持游戏画面处于前台
2025-10-20 21:58:14 [TRACE] 正在返回菜单,请保持游戏画面处于前台
2025-10-20 21:58:17 [TRACE] 正在返回菜单,请保持游戏画面处于前台
2025-10-20 21:58:21 [TRACE] 正在返回菜单,请保持游戏画面处于前台
2025-10-20 21:58:24 [TRACE] 正在返回菜单,请保持游戏画面处于前台
2025-10-20 21:58:27 [TRACE] 正在返回菜单,请保持游戏画面处于前台
2025-10-20 21:58:30 [TRACE] 正在返回菜单,请保持游戏画面处于前台
2025-10-20 21:58:34 [TRACE] 正在返回菜单,请保持游戏画面处于前台
2025-10-20 21:58:37 [TRACE] 正在返回菜单,请保持游戏画面处于前台
2025-10-20 21:58:40 [TRACE] 正在返回菜单,请保持游戏画面处于前台
2025-10-20 21:58:43 [TRACE] 正在返回菜单,请保持游戏画面处于前台
2025-10-20 21:58:47 [TRACE] 正在返回菜单,请保持游戏画面处于前台
2025-10-20 21:58:50 [TRACE] 正在返回菜单,请保持游戏画面处于前台
2025-10-20 21:58:53 [TRACE] 正在返回菜单,请保持游戏画面处于前台
2025-10-20 21:58:57 [TRACE] 正在返回菜单,请保持游戏画面处于前台
2025-10-20 21:59:00 [TRACE] 正在返回菜单,请保持游戏画面处于前台
2025-10-20 21:59:03 [TRACE] 正在返回菜单,请保持游戏画面处于前台
2025-10-20 21:59:06 [TRACE] 正在返回菜单,请保持游戏画面处于前台
2025-10-20 21:59:10 [TRACE] 正在返回菜单,请保持游戏画面处于前台
2025-10-20 21:59:13 [TRACE] 正在返回菜单,请保持游戏画面处于前台
2025-10-20 21:59:16 [TRACE] 正在返回菜单,请保持游戏画面处于前台
2025-10-20 21:59:19 [TRACE] 正在返回菜单,请保持游戏画面处于前台
2025-10-20 21:59:23 [TRACE] 正在返回菜单,请保持游戏画面处于前台
2025-10-20 21:59:26 [TRACE] 正在返回菜单,请保持游戏画面处于前台
2025-10-20 21:59:29 [TRACE] 正在返回菜单,请保持游戏画面处于前台
2025-10-20 21:59:32 [TRACE] 正在返回菜单,请保持游戏画面处于前台
2025-10-20 21:59:36 [TRACE] 正在返回菜单,请保持游戏画面处于前台
2025-10-20 21:59:39 [TRACE] 正在返回菜单,请保持游戏画面处于前台
2025-10-20 21:59:42 [TRACE] 正在返回菜单,请保持游戏画面处于前台
2025-10-20 21:59:45 [TRACE] 正在返回菜单,请保持游戏画面处于前台
2025-10-20 21:59:49 [TRACE] 正在返回菜单,请保持游戏画面处于前台
2025-10-20 21:59:52 [TRACE] 正在返回菜单,请保持游戏画面处于前台
2025-10-20 21:59:55 [TRACE] 正在返回菜单,请保持游戏画面处于前台
2025-10-20 21:59:58 [TRACE] 正在返回菜单,请保持游戏画面处于前台
2025-10-20 22:00:02 [TRACE] 正在返回菜单,请保持游戏画面处于前台
2025-10-20 22:00:05 [TRACE] 正在返回菜单,请保持游戏画面处于前台
2025-10-20 22:00:08 [TRACE] 正在返回菜单,请保持游戏画面处于前台
2025-10-20 22:00:12 [TRACE] 正在返回菜单,请保持游戏画面处于前台
2025-10-20 22:00:15 [TRACE] 正在返回菜单,请保持游戏画面处于前台
2025-10-20 22:00:18 [TRACE] 正在返回菜单,请保持游戏画面处于前台
2025-10-20 22:00:21 [TRACE] 正在返回菜单,请保持游戏画面处于前台
2025-10-20 22:00:25 [TRACE] 正在返回菜单,请保持游戏画面处于前台
2025-10-20 22:00:28 [TRACE] 正在返回菜单,请保持游戏画面处于前台
2025-10-20 22:00:31 [TRACE] 正在返回菜单,请保持游戏画面处于前台
2025-10-20 22:00:34 [TRACE] 正在返回菜单,请保持游戏画面处于前台
2025-10-20 22:00:37 [TRACE] 正在返回菜单,请保持游戏画面处于前台
2025-10-20 22:00:41 [TRACE] 正在返回菜单,请保持游戏画面处于前台
2025-10-20 22:00:44 [TRACE] 正在返回菜单,请保持游戏画面处于前台
2025-10-20 22:00:47 [TRACE] 正在返回菜单,请保持游戏画面处于前台
2025-10-20 22:00:51 [TRACE] 正在返回菜单,请保持游戏画面处于前台
2025-10-20 22:00:54 [TRACE] 正在返回菜单,请保持游戏画面处于前台
2025-10-20 22:00:57 [TRACE] 正在返回菜单,请保持游戏画面处于前台
2025-10-20 22:01:00 [TRACE] 正在返回菜单,请保持游戏画面处于前台
2025-10-20 22:01:04 [TRACE] 正在返回菜单,请保持游戏画面处于前台
2025-10-20 22:01:07 [TRACE] 正在返回菜单,请保持游戏画面处于前台
2025-10-20 22:01:10 [TRACE] 正在返回菜单,请保持游戏画面处于前台
2025-10-20 22:01:13 [TRACE] 正在返回菜单,请保持游戏画面处于前台
2025-10-20 22:01:16 [TRACE] 正在返回菜单,请保持游戏画面处于前台
2025-10-20 22:01:20 [TRACE] 正在返回菜单,请保持游戏画面处于前台
2025-10-20 22:01:23 [TRACE] 正在返回菜单,请保持游戏画面处于前台
2025-10-20 22:01:26 [TRACE] 正在返回菜单,请保持游戏画面处于前台
2025-10-20 22:01:30 [TRACE] 正在返回菜单,请保持游戏画面处于前台
2025-10-20 22:01:33 [TRACE] 正在返回菜单,请保持游戏画面处于前台
2025-10-20 22:01:36 [TRACE] 正在返回菜单,请保持游戏画面处于前台
2025-10-20 22:01:39 [TRACE] 正在返回菜单,请保持游戏画面处于前台
2025-10-20 22:01:43 [TRACE] 正在返回菜单,请保持游戏画面处于前台
2025-10-20 22:01:46 [TRACE] 正在返回菜单,请保持游戏画面处于前台
2025-10-20 22:01:49 [TRACE] 正在返回菜单,请保持游戏画面处于前台
2025-10-20 22:01:52 [TRACE] 正在返回菜单,请保持游戏画面处于前台
2025-10-20 22:01:56 [TRACE] 正在返回菜单,请保持游戏画面处于前台
2025-10-20 22:01:59 [TRACE] 正在返回菜单,请保持游戏画面处于前台
2025-10-20 22:02:02 [TRACE] 正在返回菜单,请保持游戏画面处于前台
2025-10-20 22:02:05 [TRACE] 正在返回菜单,请保持游戏画面处于前台
2025-10-20 22:02:09 [TRACE] 正在返回菜单,请保持游戏画面处于前台
2025-10-20 22:02:12 [TRACE] 正在返回菜单,请保持游戏画面处于前台
2025-10-20 22:02:15 [TRACE] 正在返回菜单,请保持游戏画面处于前台
2025-10-20 22:02:18 [TRACE] 正在返回菜单,请保持游戏画面处于前台
2025-10-20 22:02:22 [TRACE] 正在返回菜单,请保持游戏画面处于前台
2025-10-20 22:02:25 [TRACE] 正在返回菜单,请保持游戏画面处于前台
2025-10-20 22:02:28 [TRACE] 正在返回菜单,请保持游戏画面处于前台
2025-10-20 22:02:31 [TRACE] 正在返回菜单,请保持游戏画面处于前台
2025-10-20 22:02:35 [TRACE] 正在返回菜单,请保持游戏画面处于前台
2025-10-20 22:02:38 [TRACE] 正在返回菜单,请保持游戏画面处于前台
2025-10-20 22:02:41 [TRACE] 正在返回菜单,请保持游戏画面处于前台
2025-10-20 22:02:45 [TRACE] 正在返回菜单,请保持游戏画面处于前台
2025-10-20 22:02:48 [TRACE] 正在返回菜单,请保持游戏画面处于前台
2025-10-20 22:02:51 [TRACE] 正在返回菜单,请保持游戏画面处于前台
2025-10-20 22:02:55 [TRACE] 正在返回菜单,请保持游戏画面处于前台
2025-10-20 22:02:58 [TRACE] 正在返回菜单,请保持游戏画面处于前台
2025-10-20 22:03:01 [TRACE] 正在返回菜单,请保持游戏画面处于前台
2025-10-20 22:03:04 [TRACE] 正在返回菜单,请保持游戏画面处于前台
2025-10-20 22:03:07 [TRACE] 正在返回菜单,请保持游戏画面处于前台
2025-10-20 22:03:11 [TRACE] 正在返回菜单,请保持游戏画面处于前台
2025-10-20 22:03:14 [TRACE] 正在返回菜单,请保持游戏画面处于前台
2025-10-20 22:03:17 [TRACE] 正在返回菜单,请保持游戏画面处于前台
2025-10-20 22:03:20 [TRACE] 正在返回菜单,请保持游戏画面处于前台
2025-10-20 22:03:24 [TRACE] 正在返回菜单,请保持游戏画面处于前台
2025-10-20 22:03:27 [TRACE] 正在返回菜单,请保持游戏画面处于前台
2025-10-20 22:03:30 [TRACE] 正在返回菜单,请保持游戏画面处于前台
2025-10-20 22:03:33 [TRACE] 正在返回菜单,请保持游戏画面处于前台
2025-10-20 22:03:37 [TRACE] 正在返回菜单,请保持游戏画面处于前台
2025-10-20 22:03:40 [TRACE] 正在返回菜单,请保持游戏画面处于前台
2025-10-20 22:03:43 [TRACE] 正在返回菜单,请保持游戏画面处于前台
2025-10-20 22:03:46 [TRACE] 正在返回菜单,请保持游戏画面处于前台
2025-10-20 22:03:50 [TRACE] 正在返回菜单,请保持游戏画面处于前台
2025-10-20 22:03:53 [TRACE] 正在返回菜单,请保持游戏画面处于前台
2025-10-20 22:03:56 [TRACE] 正在返回菜单,请保持游戏画面处于前台
2025-10-20 22:04:00 [TRACE] 正在返回菜单,请保持游戏画面处于前台
2025-10-20 22:04:03 [TRACE] 正在返回菜单,请保持游戏画面处于前台
2025-10-20 22:04:06 [TRACE] 正在返回菜单,请保持游戏画面处于前台
2025-10-20 22:04:09 [TRACE] 正在返回菜单,请保持游戏画面处于前台
2025-10-20 22:04:12 [TRACE] 正在返回菜单,请保持游戏画面处于前台
2025-10-20 22:04:16 [TRACE] 正在返回菜单,请保持游戏画面处于前台
2025-10-20 22:04:19 [TRACE] 正在返回菜单,请保持游戏画面处于前台
2025-10-20 22:04:22 [TRACE] 正在返回菜单,请保持游戏画面处于前台
2025-10-20 22:04:25 [TRACE] 正在返回菜单,请保持游戏画面处于前台
2025-10-20 22:04:29 [TRACE] 正在返回菜单,请保持游戏画面处于前台
2025-10-20 22:04:32 [TRACE] 正在返回菜单,请保持游戏画面处于前台
2025-10-20 22:04:35 [TRACE] 正在返回菜单,请保持游戏画面处于前台
2025-10-20 22:04:39 [TRACE] 正在返回菜单,请保持游戏画面处于前台
2025-10-20 22:04:42 [TRACE] 正在返回菜单,请保持游戏画面处于前台
2025-10-20 22:04:45 [TRACE] 正在返回菜单,请保持游戏画面处于前台
2025-10-20 22:04:48 [TRACE] 正在返回菜单,请保持游戏画面处于前台
2025-10-20 22:04:52 [TRACE] 正在返回菜单,请保持游戏画面处于前台
2025-10-20 22:04:55 [TRACE] 正在返回菜单,请保持游戏画面处于前台
2025-10-20 22:04:58 [TRACE] 正在返回菜单,请保持游戏画面处于前台
2025-10-20 22:05:01 [TRACE] 正在返回菜单,请保持游戏画面处于前台
2025-10-20 22:05:04 [TRACE] 正在返回菜单,请保持游戏画面处于前台
2025-10-20 22:05:08 [TRACE] 正在返回菜单,请保持游戏画面处于前台
2025-10-20 22:05:11 [TRACE] 正在返回菜单,请保持游戏画面处于前台
2025-10-20 22:05:14 [TRACE] 正在返回菜单,请保持游戏画面处于前台
2025-10-20 22:05:17 [TRACE] 正在返回菜单,请保持游戏画面处于前台
2025-10-20 22:05:21 [TRACE] 正在返回菜单,请保持游戏画面处于前台
2025-10-20 22:05:24 [TRACE] 正在返回菜单,请保持游戏画面处于前台
2025-10-20 22:05:27 [TRACE] 正在返回菜单,请保持游戏画面处于前台
2025-10-20 22:05:30 [TRACE] 正在返回菜单,请保持游戏画面处于前台
2025-10-20 22:05:34 [TRACE] 正在返回菜单,请保持游戏画面处于前台
2025-10-20 22:05:37 [TRACE] 正在返回菜单,请保持游戏画面处于前台
2025-10-20 22:05:40 [TRACE] 正在返回菜单,请保持游戏画面处于前台
2025-10-20 22:05:43 [TRACE] 正在返回菜单,请保持游戏画面处于前台
2025-10-20 22:05:47 [TRACE] 正在返回菜单,请保持游戏画面处于前台
2025-10-20 22:05:50 [TRACE] 正在返回菜单,请保持游戏画面处于前台
2025-10-20 22:05:53 [TRACE] 正在返回菜单,请保持游戏画面处于前台
2025-10-20 22:05:57 [TRACE] 正在返回菜单,请保持游戏画面处于前台
2025-10-20 22:06:00 [TRACE] 正在返回菜单,请保持游戏画面处于前台
2025-10-20 22:06:03 [TRACE] 正在返回菜单,请保持游戏画面处于前台
2025-10-20 22:06:06 [TRACE] 正在返回菜单,请保持游戏画面处于前台
2025-10-20 22:06:09 [TRACE] 正在返回菜单,请保持游戏画面处于前台
2025-10-20 22:06:13 [TRACE] 正在返回菜单,请保持游戏画面处于前台
2025-10-20 22:06:16 [TRACE] 正在返回菜单,请保持游戏画面处于前台
2025-10-20 22:06:19 [TRACE] 正在返回菜单,请保持游戏画面处于前台
2025-10-20 22:06:22 [TRACE] 正在返回菜单,请保持游戏画面处于前台
2025-10-20 22:06:26 [TRACE] 正在返回菜单,请保持游戏画面处于前台
2025-10-20 22:06:29 [TRACE] 正在返回菜单,请保持游戏画面处于前台
2025-10-20 22:06:32 [TRACE] 正在返回菜单,请保持游戏画面处于前台
2025-10-20 22:06:35 [TRACE] 正在返回菜单,请保持游戏画面处于前台
2025-10-20 22:06:39 [TRACE] 正在返回菜单,请保持游戏画面处于前台
2025-10-20 22:06:42 [TRACE] 正在返回菜单,请保持游戏画面处于前台
2025-10-20 22:06:45 [TRACE] 正在返回菜单,请保持游戏画面处于前台
2025-10-20 22:06:48 [TRACE] 正在返回菜单,请保持游戏画面处于前台
2025-10-20 22:06:52 [TRACE] 正在返回菜单,请保持游戏画面处于前台
2025-10-20 22:06:55 [TRACE] 正在返回菜单,请保持游戏画面处于前台
2025-10-20 22:06:58 [TRACE] 正在返回菜单,请保持游戏画面处于前台
2025-10-20 22:07:01 [TRACE] 正在返回菜单,请保持游戏画面处于前台
2025-10-20 22:07:05 [TRACE] 正在返回菜单,请保持游戏画面处于前台
2025-10-20 22:07:08 [TRACE] 正在返回菜单,请保持游戏画面处于前台
2025-10-20 22:07:11 [TRACE] 正在返回菜单,请保持游戏画面处于前台
2025-10-20 22:07:14 [TRACE] 正在返回菜单,请保持游戏画面处于前台
2025-10-20 22:07:18 [TRACE] 正在返回菜单,请保持游戏画面处于前台
2025-10-20 22:07:21 [TRACE] 正在返回菜单,请保持游戏画面处于前台
2025-10-20 22:07:24 [TRACE] 正在返回菜单,请保持游戏画面处于前台
2025-10-20 22:07:27 [TRACE] 正在返回菜单,请保持游戏画面处于前台
2025-10-20 22:07:31 [TRACE] 正在返回菜单,请保持游戏画面处于前台
2025-10-20 22:07:34 [TRACE] 正在返回菜单,请保持游戏画面处于前台
2025-10-20 22:07:37 [TRACE] 正在返回菜单,请保持游戏画面处于前台
2025-10-20 22:07:40 [TRACE] 正在返回菜单,请保持游戏画面处于前台
2025-10-20 22:07:44 [TRACE] 正在返回菜单,请保持游戏画面处于前台
2025-10-20 22:07:47 [TRACE] 正在返回菜单,请保持游戏画面处于前台
2025-10-20 22:07:50 [TRACE] 正在返回菜单,请保持游戏画面处于前台
2025-10-20 22:07:54 [TRACE] 正在返回菜单,请保持游戏画面处于前台
2025-10-20 22:07:57 [TRACE] 正在返回菜单,请保持游戏画面处于前台
2025-10-20 22:08:00 [TRACE] 正在返回菜单,请保持游戏画面处于前台
2025-10-20 22:08:03 [TRACE] 正在返回菜单,请保持游戏画面处于前台
2025-10-20 22:08:06 [TRACE] 正在返回菜单,请保持游戏画面处于前台
2025-10-20 22:08:10 [TRACE] 正在返回菜单,请保持游戏画面处于前台
2025-10-20 22:08:13 [TRACE] 正在返回菜单,请保持游戏画面处于前台
2025-10-20 22:08:16 [TRACE] 正在返回菜单,请保持游戏画面处于前台
2025-10-20 22:08:19 [TRACE] 正在返回菜单,请保持游戏画面处于前台
2025-10-20 22:08:23 [TRACE] 正在返回菜单,请保持游戏画面处于前台
2025-10-20 22:08:26 [TRACE] 正在返回菜单,请保持游戏画面处于前台
2025-10-20 22:08:29 [TRACE] 正在返回菜单,请保持游戏画面处于前台
2025-10-20 22:08:32 [TRACE] 正在返回菜单,请保持游戏画面处于前台
2025-10-20 22:08:36 [TRACE] 正在返回菜单,请保持游戏画面处于前台
2025-10-20 22:08:39 [TRACE] 正在返回菜单,请保持游戏画面处于前台
2025-10-20 22:08:42 [TRACE] 正在返回菜单,请保持游戏画面处于前台
2025-10-20 22:08:45 [TRACE] 正在返回菜单,请保持游戏画面处于前台
2025-10-20 22:08:49 [TRACE] 正在返回菜单,请保持游戏画面处于前台
2025-10-20 22:08:52 [TRACE] 正在返回菜单,请保持游戏画面处于前台
2025-10-20 22:08:55 [TRACE] 正在返回菜单,请保持游戏画面处于前台
2025-10-20 22:08:59 [TRACE] 正在返回菜单,请保持游戏画面处于前台
2025-10-20 22:09:02 [TRACE] 正在返回菜单,请保持游戏画面处于前台
2025-10-20 22:09:05 [TRACE] 正在返回菜单,请保持游戏画面处于前台
2025-10-20 22:09:08 [TRACE] 正在返回菜单,请保持游戏画面处于前台
2025-10-20 22:09:12 [TRACE] 正在返回菜单,请保持游戏画面处于前台
2025-10-20 22:09:15 [TRACE] 正在返回菜单,请保持游戏画面处于前台
2025-10-20 22:09:18 [TRACE] 正在返回菜单,请保持游戏画面处于前台
2025-10-20 22:09:21 [TRACE] 正在返回菜单,请保持游戏画面处于前台
2025-10-20 22:09:25 [TRACE] 正在返回菜单,请保持游戏画面处于前台
2025-10-20 22:09:28 [TRACE] 正在返回菜单,请保持游戏画面处于前台
2025-10-20 22:09:31 [TRACE] 正在返回菜单,请保持游戏画面处于前台
2025-10-20 22:09:34 [TRACE] 正在返回菜单,请保持游戏画面处于前台
2025-10-20 22:09:37 [TRACE] 正在返回菜单,请保持游戏画面处于前台
2025-10-20 22:09:41 [TRACE] 正在返回菜单,请保持游戏画面处于前台
2025-10-20 22:09:44 [TRACE] 正在返回菜单,请保持游戏画面处于前台
2025-10-20 22:09:47 [TRACE] 正在返回菜单,请保持游戏画面处于前台
2025-10-20 22:09:51 [TRACE] 正在返回菜单,请保持游戏画面处于前台
2025-10-20 22:09:54 [TRACE] 正在返回菜单,请保持游戏画面处于前台
2025-10-20 22:09:57 [TRACE] 正在返回菜单,请保持游戏画面处于前台
2025-10-20 22:10:00 [TRACE] 正在返回菜单,请保持游戏画面处于前台
2025-10-20 22:10:04 [TRACE] 正在返回菜单,请保持游戏画面处于前台
2025-10-20 22:10:07 [TRACE] 正在返回菜单,请保持游戏画面处于前台
2025-10-20 22:10:10 [TRACE] 正在返回菜单,请保持游戏画面处于前台
2025-10-20 22:10:13 [TRACE] 正在返回菜单,请保持游戏画面处于前台
2025-10-20 22:10:17 [TRACE] 正在返回菜单,请保持游戏画面处于前台
2025-10-20 22:10:20 [TRACE] 正在返回菜单,请保持游戏画面处于前台
2025-10-20 22:10:23 [TRACE] 正在返回菜单,请保持游戏画面处于前台
2025-10-20 22:10:26 [TRACE] 正在返回菜单,请保持游戏画面处于前台
2025-10-20 22:10:30 [TRACE] 正在返回菜单,请保持游戏画面处于前台
2025-10-20 22:10:33 [TRACE] 正在返回菜单,请保持游戏画面处于前台
2025-10-20 22:10:36 [TRACE] 正在返回菜单,请保持游戏画面处于前台
2025-10-20 22:10:39 [TRACE] 正在返回菜单,请保持游戏画面处于前台
2025-10-20 22:10:43 [TRACE] 正在返回菜单,请保持游戏画面处于前台
2025-10-20 22:10:46 [TRACE] 正在返回菜单,请保持游戏画面处于前台
2025-10-20 22:10:49 [TRACE] 正在返回菜单,请保持游戏画面处于前台
2025-10-20 22:10:52 [TRACE] 正在返回菜单,请保持游戏画面处于前台
2025-10-20 22:10:55 [TRACE] 正在返回菜单,请保持游戏画面处于前台
2025-10-20 22:10:59 [TRACE] 正在返回菜单,请保持游戏画面处于前台
2025-10-20 22:11:02 [TRACE] 正在返回菜单,请保持游戏画面处于前台
2025-10-20 22:11:05 [TRACE] 正在返回菜单,请保持游戏画面处于前台
2025-10-20 22:11:09 [TRACE] 正在返回菜单,请保持游戏画面处于前台
2025-10-20 22:11:12 [TRACE] 正在返回菜单,请保持游戏画面处于前台
2025-10-20 22:11:15 [TRACE] 正在返回菜单,请保持游戏画面处于前台
2025-10-20 22:11:19 [TRACE] 正在返回菜单,请保持游戏画面处于前台
2025-10-20 22:11:22 [TRACE] 正在返回菜单,请保持游戏画面处于前台
2025-10-20 22:11:25 [TRACE] 正在返回菜单,请保持游戏画面处于前台
2025-10-20 22:11:28 [TRACE] 正在返回菜单,请保持游戏画面处于前台
2025-10-20 22:11:32 [TRACE] 正在返回菜单,请保持游戏画面处于前台
2025-10-20 22:11:35 [TRACE] 正在返回菜单,请保持游戏画面处于前台
2025-10-20 22:11:38 [TRACE] 正在返回菜单,请保持游戏画面处于前台
2025-10-20 22:11:41 [TRACE] 正在返回菜单,请保持游戏画面处于前台
2025-10-20 22:11:45 [TRACE] 正在返回菜单,请保持游戏画面处于前台
2025-10-20 22:11:48 [TRACE] 正在返回菜单,请保持游戏画面处于前台
2025-10-20 22:11:51 [TRACE] 正在返回菜单,请保持游戏画面处于前台
2025-10-20 22:11:54 [TRACE] 正在返回菜单,请保持游戏画面处于前台
2025-10-20 22:11:58 [TRACE] 正在返回菜单,请保持游戏画面处于前台
2025-10-20 22:12:01 [TRACE] 正在返回菜单,请保持游戏画面处于前台
2025-10-20 22:12:04 [TRACE] 正在返回菜单,请保持游戏画面处于前台
2025-10-20 22:12:07 [TRACE] 正在返回菜单,请保持游戏画面处于前台
2025-10-20 22:12:11 [TRACE] 正在返回菜单,请保持游戏画面处于前台
2025-10-20 22:12:14 [TRACE] 正在返回菜单,请保持游戏画面处于前台
2025-10-20 22:12:17 [TRACE] 正在返回菜单,请保持游戏画面处于前台
2025-10-20 22:12:20 [TRACE] 正在返回菜单,请保持游戏画面处于前台
2025-10-20 22:12:24 [TRACE] 正在返回菜单,请保持游戏画面处于前台
2025-10-20 22:12:27 [TRACE] 正在返回菜单,请保持游戏画面处于前台
2025-10-20 22:12:30 [TRACE] 正在返回菜单,请保持游戏画面处于前台
2025-10-20 22:12:33 [TRACE] 正在返回菜单,请保持游戏画面处于前台
2025-10-20 22:12:37 [TRACE] 正在返回菜单,请保持游戏画面处于前台
2025-10-20 22:12:40 [TRACE] 正在返回菜单,请保持游戏画面处于前台
2025-10-20 22:12:43 [TRACE] 正在返回菜单,请保持游戏画面处于前台
2025-10-20 22:12:46 [TRACE] 正在返回菜单,请保持游戏画面处于前台
2025-10-20 22:12:50 [TRACE] 正在返回菜单,请保持游戏画面处于前台
2025-10-20 22:12:53 [TRACE] 正在返回菜单,请保持游戏画面处于前台
2025-10-20 22:12:56 [TRACE] 正在返回菜单,请保持游戏画面处于前台
2025-10-20 22:12:59 [TRACE] 正在返回菜单,请保持游戏画面处于前台
2025-10-20 22:13:03 [TRACE] 正在返回菜单,请保持游戏画面处于前台
2025-10-20 22:13:06 [TRACE] 正在返回菜单,请保持游戏画面处于前台
2025-10-20 22:13:09 [TRACE] 正在返回菜单,请保持游戏画面处于前台
2025-10-20 22:13:12 [TRACE] 正在返回菜单,请保持游戏画面处于前台
2025-10-20 22:13:16 [TRACE] 正在返回菜单,请保持游戏画面处于前台
2025-10-20 22:13:19 [TRACE] 正在返回菜单,请保持游戏画面处于前台
2025-10-20 22:13:22 [TRACE] 正在返回菜单,请保持游戏画面处于前台
2025-10-20 22:13:25 [TRACE] 正在返回菜单,请保持游戏画面处于前台
2025-10-20 22:13:29 [TRACE] 正在返回菜单,请保持游戏画面处于前台
2025-10-20 22:13:32 [TRACE] 正在返回菜单,请保持游戏画面处于前台
2025-10-20 22:13:35 [TRACE] 正在返回菜单,请保持游戏画面处于前台
2025-10-20 22:13:38 [TRACE] 正在返回菜单,请保持游戏画面处于前台
2025-10-20 22:13:42 [TRACE] 正在返回菜单,请保持游戏画面处于前台
2025-10-20 22:13:45 [TRACE] 正在返回菜单,请保持游戏画面处于前台
2025-10-20 22:13:48 [TRACE] 正在返回菜单,请保持游戏画面处于前台
2025-10-20 22:13:51 [TRACE] 正在返回菜单,请保持游戏画面处于前台
2025-10-20 22:13:55 [TRACE] 正在返回菜单,请保持游戏画面处于前台
2025-10-20 22:13:58 [TRACE] 正在返回菜单,请保持游戏画面处于前台
2025-10-20 22:14:01 [TRACE] 正在返回菜单,请保持游戏画面处于前台
2025-10-20 22:14:04 [TRACE] 正在返回菜单,请保持游戏画面处于前台
2025-10-20 22:14:08 [TRACE] 正在返回菜单,请保持游戏画面处于前台
2025-10-20 22:14:11 [TRACE] 正在返回菜单,请保持游戏画面处于前台
2025-10-20 22:14:14 [TRACE] 正在返回菜单,请保持游戏画面处于前台
2025-10-20 22:14:17 [TRACE] 正在返回菜单,请保持游戏画面处于前台
2025-10-20 22:14:21 [TRACE] 正在返回菜单,请保持游戏画面处于前台
2025-10-20 22:14:24 [TRACE] 正在返回菜单,请保持游戏画面处于前台
2025-10-20 22:14:27 [TRACE] 正在返回菜单,请保持游戏画面处于前台
2025-10-20 22:14:31 [TRACE] 正在返回菜单,请保持游戏画面处于前台
2025-10-20 22:14:34 [TRACE] 正在返回菜单,请保持游戏画面处于前台
2025-10-20 22:14:37 [TRACE] 正在返回菜单,请保持游戏画面处于前台
2025-10-20 22:14:40 [TRACE] 正在返回菜单,请保持游戏画面处于前台
2025-10-20 22:14:44 [TRACE] 正在返回菜单,请保持游戏画面处于前台
2025-10-20 22:14:47 [TRACE] 正在返回菜单,请保持游戏画面处于前台
2025-10-20 22:14:50 [TRACE] 正在返回菜单,请保持游戏画面处于前台
2025-10-20 22:14:53 [TRACE] 正在返回菜单,请保持游戏画面处于前台
2025-10-20 22:14:57 [TRACE] 正在返回菜单,请保持游戏画面处于前台
2025-10-20 22:15:00 [TRACE] 正在返回菜单,请保持游戏画面处于前台
2025-10-20 22:15:03 [TRACE] 正在返回菜单,请保持游戏画面处于前台
2025-10-20 22:15:06 [TRACE] 正在返回菜单,请保持游戏画面处于前台
2025-10-20 22:15:10 [TRACE] 正在返回菜单,请保持游戏画面处于前台
2025-10-20 22:15:13 [TRACE] 正在返回菜单,请保持游戏画面处于前台
2025-10-20 22:15:16 [TRACE] 正在返回菜单,请保持游戏画面处于前台
2025-10-20 22:15:19 [TRACE] 正在返回菜单,请保持游戏画面处于前台
2025-10-20 22:15:23 [TRACE] 正在返回菜单,请保持游戏画面处于前台
2025-10-20 22:15:26 [TRACE] 正在返回菜单,请保持游戏画面处于前台
2025-10-20 22:15:29 [TRACE] 正在返回菜单,请保持游戏画面处于前台
2025-10-20 22:15:32 [TRACE] 正在返回菜单,请保持游戏画面处于前台
2025-10-20 22:15:36 [TRACE] 正在返回菜单,请保持游戏画面处于前台
2025-10-20 22:15:39 [TRACE] 正在返回菜单,请保持游戏画面处于前台
2025-10-20 22:15:42 [TRACE] 正在返回菜单,请保持游戏画面处于前台
2025-10-20 22:15:46 [TRACE] 正在返回菜单,请保持游戏画面处于前台
2025-10-20 22:15:49 [TRACE] 正在返回菜单,请保持游戏画面处于前台
2025-10-20 22:15:52 [TRACE] 正在返回菜单,请保持游戏画面处于前台
2025-10-20 22:15:55 [TRACE] 正在返回菜单,请保持游戏画面处于前台
2025-10-20 22:15:59 [TRACE] 正在返回菜单,请保持游戏画面处于前台
2025-10-20 22:16:02 [TRACE] 正在返回菜单,请保持游戏画面处于前台
2025-10-20 22:16:05 [TRACE] 正在返回菜单,请保持游戏画面处于前台
2025-10-20 22:16:08 [TRACE] 正在返回菜单,请保持游戏画面处于前台
2025-10-20 22:16:12 [TRACE] 正在返回菜单,请保持游戏画面处于前台
2025-10-20 22:16:15 [TRACE] 正在返回菜单,请保持游戏画面处于前台
2025-10-20 22:16:18 [TRACE] 正在返回菜单,请保持游戏画面处于前台
2025-10-20 22:16:22 [TRACE] 正在返回菜单,请保持游戏画面处于前台
2025-10-20 22:16:25 [TRACE] 正在返回菜单,请保持游戏画面处于前台
2025-10-20 22:16:28 [TRACE] 正在返回菜单,请保持游戏画面处于前台
2025-10-20 22:16:31 [TRACE] 正在返回菜单,请保持游戏画面处于前台
2025-10-20 22:16:34 [TRACE] 正在返回菜单,请保持游戏画面处于前台
2025-10-20 22:16:38 [TRACE] 正在返回菜单,请保持游戏画面处于前台
2025-10-20 22:16:41 [TRACE] 正在返回菜单,请保持游戏画面处于前台
2025-10-20 22:16:44 [TRACE] 正在返回菜单,请保持游戏画面处于前台
2025-10-20 22:16:47 [TRACE] 正在返回菜单,请保持游戏画面处于前台
2025-10-20 22:16:51 [TRACE] 正在返回菜单,请保持游戏画面处于前台
2025-10-20 22:16:54 [TRACE] 正在返回菜单,请保持游戏画面处于前台
2025-10-20 22:16:57 [TRACE] 正在返回菜单,请保持游戏画面处于前台
2025-10-20 22:17:01 [TRACE] 正在返回菜单,请保持游戏画面处于前台
2025-10-20 22:17:04 [TRACE] 正在返回菜单,请保持游戏画面处于前台
2025-10-20 22:17:07 [TRACE] 正在返回菜单,请保持游戏画面处于前台
2025-10-20 22:17:11 [TRACE] 正在返回菜单,请保持游戏画面处于前台
2025-10-20 22:17:14 [TRACE] 正在返回菜单,请保持游戏画面处于前台
2025-10-20 22:17:17 [TRACE] 正在返回菜单,请保持游戏画面处于前台
2025-10-20 22:17:20 [TRACE] 正在返回菜单,请保持游戏画面处于前台
2025-10-20 22:17:24 [TRACE] 正在返回菜单,请保持游戏画面处于前台
2025-10-20 22:17:27 [TRACE] 正在返回菜单,请保持游戏画面处于前台
2025-10-20 22:17:30 [TRACE] 正在返回菜单,请保持游戏画面处于前台
2025-10-20 22:17:33 [TRACE] 正在返回菜单,请保持游戏画面处于前台
2025-10-20 22:17:37 [TRACE] 正在返回菜单,请保持游戏画面处于前台
2025-10-20 22:17:40 [TRACE] 正在返回菜单,请保持游戏画面处于前台
2025-10-20 22:17:43 [TRACE] 正在返回菜单,请保持游戏画面处于前台
2025-10-20 22:17:46 [TRACE] 正在返回菜单,请保持游戏画面处于前台
2025-10-20 22:17:50 [TRACE] 正在返回菜单,请保持游戏画面处于前台
2025-10-20 22:17:53 [TRACE] 正在返回菜单,请保持游戏画面处于前台
2025-10-20 22:17:56 [TRACE] 正在返回菜单,请保持游戏画面处于前台
2025-10-20 22:17:59 [TRACE] 正在返回菜单,请保持游戏画面处于前台
2025-10-20 22:18:03 [TRACE] 正在返回菜单,请保持游戏画面处于前台
2025-10-20 22:18:06 [TRACE] 正在返回菜单,请保持游戏画面处于前台
2025-10-20 22:18:09 [TRACE] 正在返回菜单,请保持游戏画面处于前台
2025-10-20 22:18:13 [TRACE] 正在返回菜单,请保持游戏画面处于前台
2025-10-20 22:18:16 [TRACE] 正在返回菜单,请保持游戏画面处于前台
2025-10-20 22:18:19 [TRACE] 正在返回菜单,请保持游戏画面处于前台
2025-10-20 22:18:22 [TRACE] 正在返回菜单,请保持游戏画面处于前台
2025-10-20 22:18:25 [TRACE] 正在返回菜单,请保持游戏画面处于前台
2025-10-20 22:18:29 [TRACE] 正在返回菜单,请保持游戏画面处于前台
2025-10-20 22:18:32 [TRACE] 正在返回菜单,请保持游戏画面处于前台
2025-10-20 22:18:35 [TRACE] 正在返回菜单,请保持游戏画面处于前台
2025-10-20 22:18:38 [TRACE] 正在返回菜单,请保持游戏画面处于前台
2025-10-20 22:18:42 [TRACE] 正在返回菜单,请保持游戏画面处于前台
2025-10-20 22:18:45 [TRACE] 正在返回菜单,请保持游戏画面处于前台
2025-10-20 22:18:48 [TRACE] 正在返回菜单,请保持游戏画面处于前台
2025-10-20 22:18:52 [TRACE] 正在返回菜单,请保持游戏画面处于前台
2025-10-20 22:18:55 [TRACE] 正在返回菜单,请保持游戏画面处于前台
2025-10-20 22:18:58 [TRACE] 正在返回菜单,请保持游戏画面处于前台
2025-10-20 22:19:01 [TRACE] 正在返回菜单,请保持游戏画面处于前台
2025-10-20 22:19:05 [TRACE] 正在返回菜单,请保持游戏画面处于前台
2025-10-20 22:19:08 [TRACE] 正在返回菜单,请保持游戏画面处于前台
2025-10-20 22:19:11 [TRACE] 正在返回菜单,请保持游戏画面处于前台
2025-10-20 22:19:14 [TRACE] 正在返回菜单,请保持游戏画面处于前台
2025-10-20 22:19:18 [TRACE] 正在返回菜单,请保持游戏画面处于前台
2025-10-20 22:19:21 [TRACE] 正在返回菜单,请保持游戏画面处于前台
2025-10-20 22:19:24 [TRACE] 正在返回菜单,请保持游戏画面处于前台
2025-10-20 22:19:27 [TRACE] 正在返回菜单,请保持游戏画面处于前台
2025-10-20 22:19:31 [TRACE] 正在返回菜单,请保持游戏画面处于前台
2025-10-20 22:19:34 [TRACE] 正在返回菜单,请保持游戏画面处于前台
2025-10-20 22:19:37 [TRACE] 正在返回菜单,请保持游戏画面处于前台
2025-10-20 22:19:41 [TRACE] 正在返回菜单,请保持游戏画面处于前台
2025-10-20 22:19:44 [TRACE] 正在返回菜单,请保持游戏画面处于前台
2025-10-20 22:19:47 [TRACE] 正在返回菜单,请保持游戏画面处于前台
2025-10-20 22:19:50 [TRACE] 正在返回菜单,请保持游戏画面处于前台
2025-10-20 22:19:53 [TRACE] 正在返回菜单,请保持游戏画面处于前台
2025-10-20 22:19:57 [TRACE] 正在返回菜单,请保持游戏画面处于前台
2025-10-20 22:20:00 [TRACE] 正在返回菜单,请保持游戏画面处于前台
2025-10-20 22:20:03 [TRACE] 正在返回菜单,请保持游戏画面处于前台
2025-10-20 22:20:07 [TRACE] 正在返回菜单,请保持游戏画面处于前台
2025-10-20 22:20:10 [TRACE] 正在返回菜单,请保持游戏画面处于前台
2025-10-20 22:20:13 [TRACE] 正在返回菜单,请保持游戏画面处于前台
2025-10-20 22:20:16 [TRACE] 正在返回菜单,请保持游戏画面处于前台
2025-10-20 22:20:20 [TRACE] 正在返回菜单,请保持游戏画面处于前台
2025-10-20 22:20:23 [TRACE] 正在返回菜单,请保持游戏画面处于前台
2025-10-20 22:20:26 [TRACE] 正在返回菜单,请保持游戏画面处于前台
2025-10-20 22:20:29 [TRACE] 正在返回菜单,请保持游戏画面处于前台
2025-10-20 22:20:33 [TRACE] 正在返回菜单,请保持游戏画面处于前台
2025-10-20 22:20:36 [TRACE] 正在返回菜单,请保持游戏画面处于前台
2025-10-20 22:20:39 [TRACE] 正在返回菜单,请保持游戏画面处于前台
2025-10-20 22:20:43 [TRACE] 正在返回菜单,请保持游戏画面处于前台
2025-10-20 22:20:46 [TRACE] 正在返回菜单,请保持游戏画面处于前台
2025-10-20 22:20:49 [TRACE] 正在返回菜单,请保持游戏画面处于前台
2025-10-20 22:20:52 [TRACE] 正在返回菜单,请保持游戏画面处于前台
2025-10-20 22:20:55 [TRACE] 正在返回菜单,请保持游戏画面处于前台
2025-10-20 22:20:59 [TRACE] 正在返回菜单,请保持游戏画面处于前台
2025-10-20 22:21:02 [TRACE] 正在返回菜单,请保持游戏画面处于前台
2025-10-20 22:21:05 [TRACE] 正在返回菜单,请保持游戏画面处于前台
2025-10-20 22:21:08 [TRACE] 正在返回菜单,请保持游戏画面处于前台
2025-10-20 22:21:12 [TRACE] 正在返回菜单,请保持游戏画面处于前台
2025-10-20 22:21:15 [TRACE] 正在返回菜单,请保持游戏画面处于前台
2025-10-20 22:21:18 [TRACE] 正在返回菜单,请保持游戏画面处于前台
2025-10-20 22:21:22 [TRACE] 正在返回菜单,请保持游戏画面处于前台
2025-10-20 22:21:25 [TRACE] 正在返回菜单,请保持游戏画面处于前台
2025-10-20 22:21:28 [TRACE] 正在返回菜单,请保持游戏画面处于前台
2025-10-20 22:21:31 [TRACE] 正在返回菜单,请保持游戏画面处于前台
2025-10-20 22:21:35 [TRACE] 正在返回菜单,请保持游戏画面处于前台
2025-10-20 22:21:38 [TRACE] 正在返回菜单,请保持游戏画面处于前台
2025-10-20 22:21:41 [TRACE] 正在返回菜单,请保持游戏画面处于前台
2025-10-20 22:21:44 [TRACE] 正在返回菜单,请保持游戏画面处于前台
2025-10-20 22:21:48 [TRACE] 正在返回菜单,请保持游戏画面处于前台
2025-10-20 22:21:51 [TRACE] 正在返回菜单,请保持游戏画面处于前台
2025-10-20 22:21:54 [TRACE] 正在返回菜单,请保持游戏画面处于前台
2025-10-20 22:21:57 [TRACE] 正在返回菜单,请保持游戏画面处于前台
2025-10-20 22:22:01 [TRACE] 正在返回菜单,请保持游戏画面处于前台
2025-10-20 22:22:04 [TRACE] 正在返回菜单,请保持游戏画面处于前台
2025-10-20 22:22:07 [TRACE] 正在返回菜单,请保持游戏画面处于前台
2025-10-20 22:22:11 [TRACE] 正在返回菜单,请保持游戏画面处于前台
2025-10-20 22:22:14 [TRACE] 正在返回菜单,请保持游戏画面处于前台
2025-10-20 22:22:17 [TRACE] 正在返回菜单,请保持游戏画面处于前台
2025-10-20 22:22:20 [TRACE] 正在返回菜单,请保持游戏画面处于前台
2025-10-20 22:22:23 [TRACE] 正在返回菜单,请保持游戏画面处于前台
2025-10-20 22:22:27 [TRACE] 正在返回菜单,请保持游戏画面处于前台
2025-10-20 22:22:30 [TRACE] 正在返回菜单,请保持游戏画面处于前台
2025-10-20 22:22:33 [TRACE] 正在返回菜单,请保持游戏画面处于前台
2025-10-20 22:22:37 [TRACE] 正在返回菜单,请保持游戏画面处于前台
2025-10-20 22:22:40 [TRACE] 正在返回菜单,请保持游戏画面处于前台
2025-10-20 22:22:43 [TRACE] 正在返回菜单,请保持游戏画面处于前台
2025-10-20 22:22:46 [TRACE] 正在返回菜单,请保持游戏画面处于前台
2025-10-20 22:22:50 [TRACE] 正在返回菜单,请保持游戏画面处于前台
2025-10-20 22:22:53 [TRACE] 正在返回菜单,请保持游戏画面处于前台
2025-10-20 22:22:56 [TRACE] 正在返回菜单,请保持游戏画面处于前台
2025-10-20 22:22:59 [TRACE] 正在返回菜单,请保持游戏画面处于前台
2025-10-20 22:23:03 [TRACE] 正在返回菜单,请保持游戏画面处于前台
2025-10-20 22:23:06 [TRACE] 正在返回菜单,请保持游戏画面处于前台
2025-10-20 22:23:09 [TRACE] 正在返回菜单,请保持游戏画面处于前台
2025-10-20 22:23:12 [TRACE] 正在返回菜单,请保持游戏画面处于前台
2025-10-20 22:23:16 [TRACE] 正在返回菜单,请保持游戏画面处于前台
2025-10-20 22:23:19 [TRACE] 正在返回菜单,请保持游戏画面处于前台
2025-10-20 22:23:22 [TRACE] 正在返回菜单,请保持游戏画面处于前台
2025-10-20 22:23:25 [TRACE] 正在返回菜单,请保持游戏画面处于前台
2025-10-20 22:23:29 [TRACE] 正在返回菜单,请保持游戏画面处于前台
2025-10-20 22:23:32 [TRACE] 正在返回菜单,请保持游戏画面处于前台
2025-10-20 22:23:35 [TRACE] 正在返回菜单,请保持游戏画面处于前台
2025-10-20 22:23:38 [TRACE] 正在返回菜单,请保持游戏画面处于前台
2025-10-20 22:23:42 [TRACE] 正在返回菜单,请保持游戏画面处于前台
2025-10-20 22:23:45 [TRACE] 正在返回菜单,请保持游戏画面处于前台
2025-10-20 22:23:48 [TRACE] 正在返回菜单,请保持游戏画面处于前台
2025-10-20 22:23:52 [TRACE] 正在返回菜单,请保持游戏画面处于前台
2025-10-20 22:23:55 [TRACE] 正在返回菜单,请保持游戏画面处于前台
2025-10-20 22:23:58 [TRACE] 正在返回菜单,请保持游戏画面处于前台
2025-10-20 22:24:01 [TRACE] 正在返回菜单,请保持游戏画面处于前台
2025-10-20 22:24:05 [TRACE] 正在返回菜单,请保持游戏画面处于前台
2025-10-20 22:24:08 [TRACE] 正在返回菜单,请保持游戏画面处于前台
2025-10-20 22:24:11 [TRACE] 正在返回菜单,请保持游戏画面处于前台
2025-10-20 22:24:15 [TRACE] 正在返回菜单,请保持游戏画面处于前台
2025-10-20 22:24:18 [TRACE] 正在返回菜单,请保持游戏画面处于前台
2025-10-20 22:24:21 [TRACE] 正在返回菜单,请保持游戏画面处于前台
2025-10-20 22:24:24 [TRACE] 正在返回菜单,请保持游戏画面处于前台
2025-10-20 22:24:27 [TRACE] 正在返回菜单,请保持游戏画面处于前台
2025-10-20 22:24:31 [TRACE] 正在返回菜单,请保持游戏画面处于前台
2025-10-20 22:24:34 [TRACE] 正在返回菜单,请保持游戏画面处于前台
2025-10-20 22:24:37 [TRACE] 正在返回菜单,请保持游戏画面处于前台
2025-10-20 22:24:40 [TRACE] 正在返回菜单,请保持游戏画面处于前台
2025-10-20 22:24:44 [TRACE] 正在返回菜单,请保持游戏画面处于前台
2025-10-20 22:24:47 [TRACE] 正在返回菜单,请保持游戏画面处于前台
2025-10-20 22:24:50 [TRACE] 正在返回菜单,请保持游戏画面处于前台
2025-10-20 22:24:54 [TRACE] 正在返回菜单,请保持游戏画面处于前台
2025-10-20 22:24:57 [TRACE] 正在返回菜单,请保持游戏画面处于前台
2025-10-20 22:25:00 [TRACE] 正在返回菜单,请保持游戏画面处于前台
2025-10-20 22:25:03 [TRACE] 正在返回菜单,请保持游戏画面处于前台
2025-10-20 22:25:07 [TRACE] 正在返回菜单,请保持游戏画面处于前台
2025-10-20 22:25:10 [TRACE] 正在返回菜单,请保持游戏画面处于前台
2025-10-20 22:25:13 [TRACE] 正在返回菜单,请保持游戏画面处于前台
2025-10-20 22:25:16 [TRACE] 正在返回菜单,请保持游戏画面处于前台
2025-10-20 22:25:20 [TRACE] 正在返回菜单,请保持游戏画面处于前台
2025-10-20 22:25:23 [TRACE] 正在返回菜单,请保持游戏画面处于前台
2025-10-20 22:25:26 [TRACE] 正在返回菜单,请保持游戏画面处于前台
2025-10-20 22:25:30 [TRACE] 正在返回菜单,请保持游戏画面处于前台
2025-10-20 22:25:33 [TRACE] 正在返回菜单,请保持游戏画面处于前台
2025-10-20 22:25:36 [TRACE] 正在返回菜单,请保持游戏画面处于前台
2025-10-20 22:25:39 [TRACE] 正在返回菜单,请保持游戏画面处于前台
2025-10-20 22:25:43 [TRACE] 正在返回菜单,请保持游戏画面处于前台
2025-10-20 22:25:46 [TRACE] 正在返回菜单,请保持游戏画面处于前台
2025-10-20 22:25:49 [TRACE] 正在返回菜单,请保持游戏画面处于前台
2025-10-20 22:25:52 [TRACE] 正在返回菜单,请保持游戏画面处于前台
2025-10-20 22:25:56 [TRACE] 正在返回菜单,请保持游戏画面处于前台
2025-10-20 22:25:59 [TRACE] 正在返回菜单,请保持游戏画面处于前台
2025-10-20 22:26:02 [TRACE] 正在返回菜单,请保持游戏画面处于前台
2025-10-20 22:26:05 [TRACE] 正在返回菜单,请保持游戏画面处于前台
2025-10-20 22:26:09 [TRACE] 正在返回菜单,请保持游戏画面处于前台
2025-10-20 22:26:12 [TRACE] 正在返回菜单,请保持游戏画面处于前台
2025-10-20 22:26:15 [TRACE] 正在返回菜单,请保持游戏画面处于前台
2025-10-20 22:26:18 [TRACE] 正在返回菜单,请保持游戏画面处于前台
2025-10-20 22:26:22 [TRACE] 正在返回菜单,请保持游戏画面处于前台
2025-10-20 22:26:25 [TRACE] 正在返回菜单,请保持游戏画面处于前台
2025-10-20 22:26:28 [TRACE] 正在返回菜单,请保持游戏画面处于前台
2025-10-20 22:26:32 [TRACE] 正在返回菜单,请保持游戏画面处于前台
2025-10-20 22:26:35 [TRACE] 正在返回菜单,请保持游戏画面处于前台
2025-10-20 22:26:38 [TRACE] 正在返回菜单,请保持游戏画面处于前台
2025-10-20 22:26:41 [TRACE] 正在返回菜单,请保持游戏画面处于前台
2025-10-20 22:26:45 [TRACE] 正在返回菜单,请保持游戏画面处于前台
2025-10-20 22:26:48 [TRACE] 正在返回菜单,请保持游戏画面处于前台
2025-10-20 22:26:51 [TRACE] 正在返回菜单,请保持游戏画面处于前台
2025-10-20 22:26:54 [TRACE] 正在返回菜单,请保持游戏画面处于前台
2025-10-20 22:26:58 [TRACE] 正在返回菜单,请保持游戏画面处于前台
2025-10-20 22:27:01 [TRACE] 正在返回菜单,请保持游戏画面处于前台
2025-10-20 22:27:04 [TRACE] 正在返回菜单,请保持游戏画面处于前台
2025-10-20 22:27:07 [TRACE] 正在返回菜单,请保持游戏画面处于前台
2025-10-20 22:27:11 [TRACE] 正在返回菜单,请保持游戏画面处于前台
2025-10-20 22:27:14 [TRACE] 正在返回菜单,请保持游戏画面处于前台
2025-10-20 22:27:17 [TRACE] 正在返回菜单,请保持游戏画面处于前台
2025-10-20 22:27:20 [TRACE] 正在返回菜单,请保持游戏画面处于前台
2025-10-20 22:27:24 [TRACE] 正在返回菜单,请保持游戏画面处于前台
2025-10-20 22:27:27 [TRACE] 正在返回菜单,请保持游戏画面处于前台
2025-10-20 22:27:30 [TRACE] 正在返回菜单,请保持游戏画面处于前台
2025-10-20 22:27:33 [TRACE] 正在返回菜单,请保持游戏画面处于前台
2025-10-20 22:27:37 [TRACE] 正在返回菜单,请保持游戏画面处于前台
2025-10-20 22:27:40 [TRACE] 正在返回菜单,请保持游戏画面处于前台
2025-10-20 22:27:44 [TRACE] 正在返回菜单,请保持游戏画面处于前台
2025-10-20 22:27:47 [TRACE] 正在返回菜单,请保持游戏画面处于前台
2025-10-20 22:27:50 [TRACE] 正在返回菜单,请保持游戏画面处于前台
2025-10-20 22:27:53 [TRACE] 正在返回菜单,请保持游戏画面处于前台
2025-10-20 22:27:56 [TRACE] 正在返回菜单,请保持游戏画面处于前台
2025-10-20 22:28:00 [TRACE] 正在返回菜单,请保持游戏画面处于前台
2025-10-20 22:28:03 [TRACE] 正在返回菜单,请保持游戏画面处于前台
2025-10-20 22:28:06 [TRACE] 正在返回菜单,请保持游戏画面处于前台
2025-10-20 22:28:09 [TRACE] 正在返回菜单,请保持游戏画面处于前台
2025-10-20 22:28:13 [TRACE] 正在返回菜单,请保持游戏画面处于前台
2025-10-20 22:28:16 [TRACE] 正在返回菜单,请保持游戏画面处于前台
2025-10-20 22:28:19 [TRACE] 正在返回菜单,请保持游戏画面处于前台
2025-10-20 22:28:22 [TRACE] 正在返回菜单,请保持游戏画面处于前台
2025-10-20 22:28:26 [TRACE] 正在返回菜单,请保持游戏画面处于前台
2025-10-20 22:28:29 [TRACE] 正在返回菜单,请保持游戏画面处于前台
2025-10-20 22:28:32 [TRACE] 正在返回菜单,请保持游戏画面处于前台
2025-10-20 22:28:35 [TRACE] 正在返回菜单,请保持游戏画面处于前台
2025-10-20 22:28:39 [TRACE] 正在返回菜单,请保持游戏画面处于前台
2025-10-20 22:28:42 [TRACE] 正在返回菜单,请保持游戏画面处于前台
2025-10-20 22:28:45 [TRACE] 正在返回菜单,请保持游戏画面处于前台
2025-10-20 22:28:48 [TRACE] 正在返回菜单,请保持游戏画面处于前台
2025-10-20 22:28:52 [TRACE] 正在返回菜单,请保持游戏画面处于前台
2025-10-20 22:28:55 [TRACE] 正在返回菜单,请保持游戏画面处于前台
2025-10-20 22:28:58 [TRACE] 正在返回菜单,请保持游戏画面处于前台
2025-10-20 22:29:02 [TRACE] 正在返回菜单,请保持游戏画面处于前台
2025-10-20 22:29:05 [TRACE] 正在返回菜单,请保持游戏画面处于前台
2025-10-20 22:29:08 [TRACE] 正在返回菜单,请保持游戏画面处于前台
2025-10-20 22:29:11 [TRACE] 正在返回菜单,请保持游戏画面处于前台
2025-10-20 22:29:14 [TRACE] 正在返回菜单,请保持游戏画面处于前台
2025-10-20 22:29:18 [TRACE] 正在返回菜单,请保持游戏画面处于前台
2025-10-20 22:29:21 [TRACE] 正在返回菜单,请保持游戏画面处于前台
2025-10-20 22:29:24 [TRACE] 正在返回菜单,请保持游戏画面处于前台
2025-10-20 22:29:27 [TRACE] 正在返回菜单,请保持游戏画面处于前台
2025-10-20 22:29:31 [TRACE] 正在返回菜单,请保持游戏画面处于前台
2025-10-20 22:29:34 [TRACE] 正在返回菜单,请保持游戏画面处于前台
2025-10-20 22:29:37 [TRACE] 正在返回菜单,请保持游戏画面处于前台
2025-10-20 22:29:40 [TRACE] 正在返回菜单,请保持游戏画面处于前台
2025-10-20 22:29:44 [TRACE] 正在返回菜单,请保持游戏画面处于前台
2025-10-20 22:29:47 [TRACE] 正在返回菜单,请保持游戏画面处于前台
2025-10-20 22:29:50 [TRACE] 正在返回菜单,请保持游戏画面处于前台
2025-10-20 22:29:54 [TRACE] 正在返回菜单,请保持游戏画面处于前台
2025-10-20 22:29:57 [TRACE] 正在返回菜单,请保持游戏画面处于前台
2025-10-20 22:30:00 [TRACE] 正在返回菜单,请保持游戏画面处于前台
2025-10-20 22:30:03 [TRACE] 正在返回菜单,请保持游戏画面处于前台
2025-10-20 22:30:06 [TRACE] 正在返回菜单,请保持游戏画面处于前台
2025-10-20 22:30:10 [TRACE] 正在返回菜单,请保持游戏画面处于前台
2025-10-20 22:30:13 [TRACE] 正在返回菜单,请保持游戏画面处于前台
2025-10-20 22:30:16 [TRACE] 正在返回菜单,请保持游戏画面处于前台
2025-10-20 22:30:19 [TRACE] 正在返回菜单,请保持游戏画面处于前台
2025-10-20 22:30:23 [TRACE] 正在返回菜单,请保持游戏画面处于前台
2025-10-20 22:30:26 [TRACE] 正在返回菜单,请保持游戏画面处于前台
2025-10-20 22:30:29 [TRACE] 正在返回菜单,请保持游戏画面处于前台
2025-10-20 22:30:33 [TRACE] 正在返回菜单,请保持游戏画面处于前台
2025-10-20 22:30:36 [TRACE] 正在返回菜单,请保持游戏画面处于前台
2025-10-20 22:30:39 [TRACE] 正在返回菜单,请保持游戏画面处于前台
2025-10-20 22:30:42 [TRACE] 正在返回菜单,请保持游戏画面处于前台
2025-10-20 22:30:46 [TRACE] 正在返回菜单,请保持游戏画面处于前台
2025-10-20 22:30:49 [TRACE] 正在返回菜单,请保持游戏画面处于前台
2025-10-20 22:30:52 [TRACE] 正在返回菜单,请保持游戏画面处于前台
2025-10-20 22:30:55 [TRACE] 正在返回菜单,请保持游戏画面处于前台
2025-10-20 22:30:59 [TRACE] 正在返回菜单,请保持游戏画面处于前台
2025-10-20 22:31:02 [TRACE] 正在返回菜单,请保持游戏画面处于前台
2025-10-20 22:31:05 [TRACE] 正在返回菜单,请保持游戏画面处于前台
2025-10-20 22:31:08 [TRACE] 正在返回菜单,请保持游戏画面处于前台
2025-10-20 22:31:12 [TRACE] 正在返回菜单,请保持游戏画面处于前台
2025-10-20 22:31:15 [TRACE] 正在返回菜单,请保持游戏画面处于前台
2025-10-20 22:31:18 [TRACE] 正在返回菜单,请保持游戏画面处于前台
2025-10-20 22:31:21 [TRACE] 正在返回菜单,请保持游戏画面处于前台
2025-10-20 22:31:24 [TRACE] 正在返回菜单,请保持游戏画面处于前台
2025-10-20 22:31:28 [TRACE] 正在返回菜单,请保持游戏画面处于前台
2025-10-20 22:31:31 [TRACE] 正在返回菜单,请保持游戏画面处于前台
2025-10-20 22:31:34 [TRACE] 正在返回菜单,请保持游戏画面处于前台
2025-10-20 22:31:38 [TRACE] 正在返回菜单,请保持游戏画面处于前台
2025-10-20 22:31:41 [TRACE] 正在返回菜单,请保持游戏画面处于前台
2025-10-20 22:31:44 [TRACE] 正在返回菜单,请保持游戏画面处于前台
2025-10-20 22:31:47 [TRACE] 正在返回菜单,请保持游戏画面处于前台
2025-10-20 22:31:51 [TRACE] 正在返回菜单,请保持游戏画面处于前台
2025-10-20 22:31:54 [TRACE] 正在返回菜单,请保持游戏画面处于前台
2025-10-20 22:31:57 [TRACE] 正在返回菜单,请保持游戏画面处于前台
2025-10-20 22:32:00 [TRACE] 正在返回菜单,请保持游戏画面处于前台
2025-10-20 22:32:03 [TRACE] 正在返回菜单,请保持游戏画面处于前台
2025-10-20 22:32:07 [TRACE] 正在返回菜单,请保持游戏画面处于前台
2025-10-20 22:32:10 [TRACE] 正在返回菜单,请保持游戏画面处于前台
2025-10-20 22:32:13 [TRACE] 正在返回菜单,请保持游戏画面处于前台
2025-10-20 22:32:17 [TRACE] 正在返回菜单,请保持游戏画面处于前台
2025-10-20 22:32:20 [TRACE] 正在返回菜单,请保持游戏画面处于前台
2025-10-20 22:32:23 [TRACE] 正在返回菜单,请保持游戏画面处于前台
2025-10-20 22:32:26 [TRACE] 正在返回菜单,请保持游戏画面处于前台
2025-10-20 22:32:29 [TRACE] 正在返回菜单,请保持游戏画面处于前台
2025-10-20 22:32:33 [TRACE] 正在返回菜单,请保持游戏画面处于前台
2025-10-20 22:32:36 [TRACE] 正在返回菜单,请保持游戏画面处于前台
2025-10-20 22:32:39 [TRACE] 正在返回菜单,请保持游戏画面处于前台
2025-10-20 22:32:42 [TRACE] 正在返回菜单,请保持游戏画面处于前台
2025-10-20 22:32:46 [TRACE] 正在返回菜单,请保持游戏画面处于前台
2025-10-20 22:32:49 [TRACE] 正在返回菜单,请保持游戏画面处于前台
2025-10-20 22:32:52 [TRACE] 正在返回菜单,请保持游戏画面处于前台
2025-10-20 22:32:56 [TRACE] 正在返回菜单,请保持游戏画面处于前台
2025-10-20 22:32:59 [TRACE] 正在返回菜单,请保持游戏画面处于前台
2025-10-20 22:33:02 [TRACE] 正在返回菜单,请保持游戏画面处于前台
2025-10-20 22:33:05 [TRACE] 正在返回菜单,请保持游戏画面处于前台
2025-10-20 22:33:09 [TRACE] 正在返回菜单,请保持游戏画面处于前台
2025-10-20 22:33:12 [TRACE] 正在返回菜单,请保持游戏画面处于前台
2025-10-20 22:33:15 [TRACE] 正在返回菜单,请保持游戏画面处于前台
2025-10-20 22:33:18 [TRACE] 正在返回菜单,请保持游戏画面处于前台
2025-10-20 22:33:22 [TRACE] 正在返回菜单,请保持游戏画面处于前台
2025-10-20 22:33:25 [TRACE] 正在返回菜单,请保持游戏画面处于前台
2025-10-20 22:33:28 [TRACE] 正在返回菜单,请保持游戏画面处于前台
2025-10-20 22:33:31 [TRACE] 正在返回菜单,请保持游戏画面处于前台
2025-10-20 22:33:35 [TRACE] 正在返回菜单,请保持游戏画面处于前台
2025-10-20 22:33:38 [TRACE] 正在返回菜单,请保持游戏画面处于前台
2025-10-20 22:33:41 [TRACE] 正在返回菜单,请保持游戏画面处于前台
2025-10-20 22:33:44 [TRACE] 正在返回菜单,请保持游戏画面处于前台
2025-10-20 22:33:48 [TRACE] 正在返回菜单,请保持游戏画面处于前台
2025-10-20 22:33:51 [TRACE] 正在返回菜单,请保持游戏画面处于前台
2025-10-20 22:33:54 [TRACE] 正在返回菜单,请保持游戏画面处于前台
2025-10-20 22:33:57 [TRACE] 正在返回菜单,请保持游戏画面处于前台
2025-10-20 22:34:01 [TRACE] 正在返回菜单,请保持游戏画面处于前台
2025-10-20 22:34:04 [TRACE] 正在返回菜单,请保持游戏画面处于前台
2025-10-20 22:34:07 [TRACE] 正在返回菜单,请保持游戏画面处于前台
2025-10-20 22:34:11 [TRACE] 正在返回菜单,请保持游戏画面处于前台
2025-10-20 22:34:14 [TRACE] 正在返回菜单,请保持游戏画面处于前台
2025-10-20 22:34:17 [TRACE] 正在返回菜单,请保持游戏画面处于前台
2025-10-20 22:34:20 [TRACE] 正在返回菜单,请保持游戏画面处于前台
2025-10-20 22:34:23 [TRACE] 正在返回菜单,请保持游戏画面处于前台
2025-10-20 22:34:27 [TRACE] 正在返回菜单,请保持游戏画面处于前台
2025-10-20 22:34:30 [TRACE] 正在返回菜单,请保持游戏画面处于前台
2025-10-20 22:34:33 [TRACE] 正在返回菜单,请保持游戏画面处于前台
2025-10-20 22:34:36 [TRACE] 正在返回菜单,请保持游戏画面处于前台
2025-10-20 22:34:40 [TRACE] 正在返回菜单,请保持游戏画面处于前台
2025-10-20 22:34:43 [TRACE] 正在返回菜单,请保持游戏画面处于前台
2025-10-20 22:34:46 [TRACE] 正在返回菜单,请保持游戏画面处于前台
2025-10-20 22:34:49 [TRACE] 正在返回菜单,请保持游戏画面处于前台
2025-10-20 22:34:53 [TRACE] 正在返回菜单,请保持游戏画面处于前台
2025-10-20 22:34:56 [TRACE] 正在返回菜单,请保持游戏画面处于前台
2025-10-20 22:34:59 [TRACE] 正在返回菜单,请保持游戏画面处于前台
2025-10-20 22:35:02 [TRACE] 正在返回菜单,请保持游戏画面处于前台
2025-10-20 22:35:06 [TRACE] 正在返回菜单,请保持游戏画面处于前台
2025-10-20 22:35:09 [TRACE] 正在返回菜单,请保持游戏画面处于前台
2025-10-20 22:35:12 [TRACE] 正在返回菜单,请保持游戏画面处于前台
2025-10-20 22:35:15 [TRACE] 正在返回菜单,请保持游戏画面处于前台
2025-10-20 22:35:19 [TRACE] 正在返回菜单,请保持游戏画面处于前台
2025-10-20 22:35:22 [TRACE] 正在返回菜单,请保持游戏画面处于前台
2025-10-20 22:35:26 [TRACE] 正在返回菜单,请保持游戏画面处于前台
2025-10-20 22:35:29 [TRACE] 正在返回菜单,请保持游戏画面处于前台
2025-10-20 22:35:32 [TRACE] 正在返回菜单,请保持游戏画面处于前台
2025-10-20 22:35:35 [TRACE] 正在返回菜单,请保持游戏画面处于前台
2025-10-20 22:35:38 [TRACE] 正在返回菜单,请保持游戏画面处于前台
2025-10-20 22:35:42 [TRACE] 正在返回菜单,请保持游戏画面处于前台
2025-10-20 22:35:45 [TRACE] 正在返回菜单,请保持游戏画面处于前台
2025-10-20 22:35:48 [TRACE] 正在返回菜单,请保持游戏画面处于前台
2025-10-20 22:35:51 [TRACE] 正在返回菜单,请保持游戏画面处于前台
2025-10-20 22:35:55 [TRACE] 正在返回菜单,请保持游戏画面处于前台
2025-10-20 22:35:58 [TRACE] 正在返回菜单,请保持游戏画面处于前台
2025-10-20 22:36:01 [TRACE] 正在返回菜单,请保持游戏画面处于前台
2025-10-20 22:36:04 [TRACE] 正在返回菜单,请保持游戏画面处于前台
2025-10-20 22:36:08 [TRACE] 正在返回菜单,请保持游戏画面处于前台
2025-10-20 22:36:11 [TRACE] 正在返回菜单,请保持游戏画面处于前台
2025-10-20 22:36:14 [TRACE] 正在返回菜单,请保持游戏画面处于前台
2025-10-20 22:36:18 [TRACE] 正在返回菜单,请保持游戏画面处于前台
2025-10-20 22:36:21 [TRACE] 正在返回菜单,请保持游戏画面处于前台
2025-10-20 22:36:24 [TRACE] 正在返回菜单,请保持游戏画面处于前台
2025-10-20 22:36:27 [TRACE] 正在返回菜单,请保持游戏画面处于前台
2025-10-20 22:36:31 [TRACE] 正在返回菜单,请保持游戏画面处于前台
2025-10-20 22:36:34 [TRACE] 正在返回菜单,请保持游戏画面处于前台
2025-10-20 22:36:37 [TRACE] 正在返回菜单,请保持游戏画面处于前台
2025-10-20 22:36:40 [TRACE] 正在返回菜单,请保持游戏画面处于前台
2025-10-20 22:36:44 [TRACE] 正在返回菜单,请保持游戏画面处于前台
2025-10-20 22:36:47 [TRACE] 正在返回菜单,请保持游戏画面处于前台
2025-10-20 22:36:50 [TRACE] 正在返回菜单,请保持游戏画面处于前台
2025-10-20 22:36:53 [TRACE] 正在返回菜单,请保持游戏画面处于前台
2025-10-20 22:36:57 [TRACE] 正在返回菜单,请保持游戏画面处于前台
2025-10-20 22:37:00 [TRACE] 正在返回菜单,请保持游戏画面处于前台
2025-10-20 22:37:03 [TRACE] 正在返回菜单,请保持游戏画面处于前台
2025-10-20 22:37:06 [TRACE] 正在返回菜单,请保持游戏画面处于前台
2025-10-20 22:37:10 [TRACE] 正在返回菜单,请保持游戏画面处于前台
2025-10-20 22:37:13 [TRACE] 正在返回菜单,请保持游戏画面处于前台
2025-10-20 22:37:16 [TRACE] 正在返回菜单,请保持游戏画面处于前台
2025-10-20 22:37:19 [TRACE] 正在返回菜单,请保持游戏画面处于前台
2025-10-20 22:37:23 [TRACE] 正在返回菜单,请保持游戏画面处于前台
2025-10-20 22:37:26 [TRACE] 正在返回菜单,请保持游戏画面处于前台
2025-10-20 22:37:29 [TRACE] 正在返回菜单,请保持游戏画面处于前台
2025-10-20 22:37:32 [TRACE] 正在返回菜单,请保持游戏画面处于前台
2025-10-20 22:37:36 [TRACE] 正在返回菜单,请保持游戏画面处于前台
2025-10-20 22:37:39 [TRACE] 正在返回菜单,请保持游戏画面处于前台
2025-10-20 22:37:42 [TRACE] 正在返回菜单,请保持游戏画面处于前台
2025-10-20 22:37:45 [TRACE] 正在返回菜单,请保持游戏画面处于前台
2025-10-20 22:37:49 [TRACE] 正在返回菜单,请保持游戏画面处于前台
2025-10-20 22:37:52 [TRACE] 正在返回菜单,请保持游戏画面处于前台
2025-10-20 22:37:55 [TRACE] 正在返回菜单,请保持游戏画面处于前台
2025-10-20 22:37:58 [TRACE] 正在返回菜单,请保持游戏画面处于前台
2025-10-20 22:38:02 [TRACE] 正在返回菜单,请保持游戏画面处于前台
2025-10-20 22:38:05 [TRACE] 正在返回菜单,请保持游戏画面处于前台
2025-10-20 22:38:08 [TRACE] 正在返回菜单,请保持游戏画面处于前台
2025-10-20 22:38:11 [TRACE] 正在返回菜单,请保持游戏画面处于前台
2025-10-20 22:38:15 [TRACE] 正在返回菜单,请保持游戏画面处于前台
2025-10-20 22:38:18 [TRACE] 正在返回菜单,请保持游戏画面处于前台
2025-10-20 22:38:21 [TRACE] 正在返回菜单,请保持游戏画面处于前台
2025-10-20 22:38:24 [TRACE] 正在返回菜单,请保持游戏画面处于前台
2025-10-20 22:38:28 [TRACE] 正在返回菜单,请保持游戏画面处于前台
2025-10-20 22:38:31 [TRACE] 正在返回菜单,请保持游戏画面处于前台
2025-10-20 22:38:34 [TRACE] 正在返回菜单,请保持游戏画面处于前台
2025-10-20 22:38:38 [TRACE] 正在返回菜单,请保持游戏画面处于前台
2025-10-20 22:38:41 [TRACE] 正在返回菜单,请保持游戏画面处于前台
2025-10-20 22:38:44 [TRACE] 正在返回菜单,请保持游戏画面处于前台
2025-10-20 22:38:47 [TRACE] 正在返回菜单,请保持游戏画面处于前台
2025-10-20 22:38:51 [TRACE] 正在返回菜单,请保持游戏画面处于前台
2025-10-20 22:38:54 [TRACE] 正在返回菜单,请保持游戏画面处于前台
2025-10-20 22:38:57 [TRACE] 正在返回菜单,请保持游戏画面处于前台
2025-10-20 22:39:00 [TRACE] 正在返回菜单,请保持游戏画面处于前台
2025-10-20 22:39:04 [TRACE] 正在返回菜单,请保持游戏画面处于前台
2025-10-20 22:39:07 [TRACE] 正在返回菜单,请保持游戏画面处于前台
2025-10-20 22:39:10 [TRACE] 正在返回菜单,请保持游戏画面处于前台
2025-10-20 22:39:13 [TRACE] 正在返回菜单,请保持游戏画面处于前台
2025-10-20 22:39:17 [TRACE] 正在返回菜单,请保持游戏画面处于前台
2025-10-20 22:39:20 [TRACE] 正在返回菜单,请保持游戏画面处于前台
2025-10-20 22:39:23 [TRACE] 正在返回菜单,请保持游戏画面处于前台
2025-10-20 22:39:26 [TRACE] 正在返回菜单,请保持游戏画面处于前台
2025-10-20 22:39:30 [TRACE] 正在返回菜单,请保持游戏画面处于前台
2025-10-20 22:39:33 [TRACE] 正在返回菜单,请保持游戏画面处于前台
2025-10-20 22:39:36 [TRACE] 正在返回菜单,请保持游戏画面处于前台
2025-10-20 22:39:39 [TRACE] 正在返回菜单,请保持游戏画面处于前台
2025-10-20 22:39:43 [TRACE] 正在返回菜单,请保持游戏画面处于前台
2025-10-20 22:39:46 [TRACE] 正在返回菜单,请保持游戏画面处于前台
2025-10-20 22:39:49 [TRACE] 正在返回菜单,请保持游戏画面处于前台
2025-10-20 22:39:53 [TRACE] 正在返回菜单,请保持游戏画面处于前台
2025-10-20 22:39:56 [TRACE] 正在返回菜单,请保持游戏画面处于前台
2025-10-20 22:39:59 [TRACE] 正在返回菜单,请保持游戏画面处于前台
2025-10-20 22:40:02 [TRACE] 正在返回菜单,请保持游戏画面处于前台
2025-10-20 22:40:06 [TRACE] 正在返回菜单,请保持游戏画面处于前台
2025-10-20 22:40:09 [TRACE] 正在返回菜单,请保持游戏画面处于前台
2025-10-20 22:40:12 [TRACE] 正在返回菜单,请保持游戏画面处于前台
2025-10-20 22:40:15 [TRACE] 正在返回菜单,请保持游戏画面处于前台
2025-10-20 22:40:19 [TRACE] 正在返回菜单,请保持游戏画面处于前台
2025-10-20 22:40:22 [TRACE] 正在返回菜单,请保持游戏画面处于前台
2025-10-20 22:40:25 [TRACE] 正在返回菜单,请保持游戏画面处于前台
2025-10-20 22:40:28 [TRACE] 正在返回菜单,请保持游戏画面处于前台
2025-10-20 22:40:32 [TRACE] 正在返回菜单,请保持游戏画面处于前台
2025-10-20 22:40:35 [TRACE] 正在返回菜单,请保持游戏画面处于前台
2025-10-20 22:40:38 [TRACE] 正在返回菜单,请保持游戏画面处于前台
2025-10-20 22:40:41 [TRACE] 正在返回菜单,请保持游戏画面处于前台
2025-10-20 22:40:45 [TRACE] 正在返回菜单,请保持游戏画面处于前台
2025-10-20 22:40:48 [TRACE] 正在返回菜单,请保持游戏画面处于前台
2025-10-20 22:40:51 [TRACE] 正在返回菜单,请保持游戏画面处于前台
2025-10-20 22:40:55 [TRACE] 正在返回菜单,请保持游戏画面处于前台
2025-10-20 22:40:58 [TRACE] 正在返回菜单,请保持游戏画面处于前台
2025-10-20 22:41:01 [TRACE] 正在返回菜单,请保持游戏画面处于前台
2025-10-20 22:41:04 [TRACE] 正在返回菜单,请保持游戏画面处于前台
2025-10-20 22:41:08 [TRACE] 正在返回菜单,请保持游戏画面处于前台
2025-10-20 22:41:11 [TRACE] 正在返回菜单,请保持游戏画面处于前台
2025-10-20 22:41:14 [TRACE] 正在返回菜单,请保持游戏画面处于前台
2025-10-20 22:41:17 [TRACE] 正在返回菜单,请保持游戏画面处于前台
2025-10-20 22:41:21 [TRACE] 正在返回菜单,请保持游戏画面处于前台
2025-10-20 22:41:24 [TRACE] 正在返回菜单,请保持游戏画面处于前台
2025-10-20 22:41:27 [TRACE] 正在返回菜单,请保持游戏画面处于前台
2025-10-20 22:41:30 [TRACE] 正在返回菜单,请保持游戏画面处于前台
2025-10-20 22:41:34 [TRACE] 正在返回菜单,请保持游戏画面处于前台
2025-10-20 22:41:37 [TRACE] 正在返回菜单,请保持游戏画面处于前台
2025-10-20 22:41:40 [TRACE] 正在返回菜单,请保持游戏画面处于前台
2025-10-20 22:41:43 [TRACE] 正在返回菜单,请保持游戏画面处于前台
2025-10-20 22:41:47 [TRACE] 正在返回菜单,请保持游戏画面处于前台
2025-10-20 22:41:50 [TRACE] 正在返回菜单,请保持游戏画面处于前台
2025-10-20 22:41:53 [TRACE] 正在返回菜单,请保持游戏画面处于前台
2025-10-20 22:41:57 [TRACE] 正在返回菜单,请保持游戏画面处于前台
2025-10-20 22:42:00 [TRACE] 正在返回菜单,请保持游戏画面处于前台
2025-10-20 22:42:03 [TRACE] 正在返回菜单,请保持游戏画面处于前台
2025-10-20 22:42:06 [TRACE] 正在返回菜单,请保持游戏画面处于前台
2025-10-20 22:42:09 [TRACE] 正在返回菜单,请保持游戏画面处于前台
2025-10-20 22:42:13 [TRACE] 正在返回菜单,请保持游戏画面处于前台
2025-10-20 22:42:16 [TRACE] 正在返回菜单,请保持游戏画面处于前台
2025-10-20 22:42:19 [TRACE] 正在返回菜单,请保持游戏画面处于前台
2025-10-20 22:42:22 [TRACE] 正在返回菜单,请保持游戏画面处于前台
2025-10-20 22:42:26 [TRACE] 正在返回菜单,请保持游戏画面处于前台
2025-10-20 22:42:29 [TRACE] 正在返回菜单,请保持游戏画面处于前台
2025-10-20 22:42:32 [TRACE] 正在返回菜单,请保持游戏画面处于前台
2025-10-20 22:42:35 [TRACE] 正在返回菜单,请保持游戏画面处于前台
2025-10-20 22:42:39 [TRACE] 正在返回菜单,请保持游戏画面处于前台
2025-10-20 22:42:42 [TRACE] 正在返回菜单,请保持游戏画面处于前台
2025-10-20 22:42:45 [TRACE] 正在返回菜单,请保持游戏画面处于前台
2025-10-20 22:42:48 [TRACE] 正在返回菜单,请保持游戏画面处于前台
2025-10-20 22:42:52 [TRACE] 正在返回菜单,请保持游戏画面处于前台
2025-10-20 22:42:55 [TRACE] 正在返回菜单,请保持游戏画面处于前台
2025-10-20 22:42:58 [TRACE] 正在返回菜单,请保持游戏画面处于前台
2025-10-20 22:43:01 [TRACE] 正在返回菜单,请保持游戏画面处于前台
2025-10-20 22:43:05 [TRACE] 正在返回菜单,请保持游戏画面处于前台
2025-10-20 22:43:08 [TRACE] 正在返回菜单,请保持游戏画面处于前台
2025-10-20 22:43:11 [TRACE] 正在返回菜单,请保持游戏画面处于前台
2025-10-20 22:43:15 [TRACE] 正在返回菜单,请保持游戏画面处于前台
2025-10-20 22:43:18 [TRACE] 正在返回菜单,请保持游戏画面处于前台
2025-10-20 22:43:21 [TRACE] 正在返回菜单,请保持游戏画面处于前台
2025-10-20 22:43:24 [TRACE] 正在返回菜单,请保持游戏画面处于前台
2025-10-20 22:43:27 [TRACE] 正在返回菜单,请保持游戏画面处于前台
2025-10-20 22:43:31 [TRACE] 正在返回菜单,请保持游戏画面处于前台
2025-10-20 22:43:34 [TRACE] 正在返回菜单,请保持游戏画面处于前台
2025-10-20 22:43:37 [TRACE] 正在返回菜单,请保持游戏画面处于前台
2025-10-20 22:43:41 [TRACE] 正在返回菜单,请保持游戏画面处于前台
2025-10-20 22:43:44 [TRACE] 正在返回菜单,请保持游戏画面处于前台
2025-10-20 22:43:47 [TRACE] 正在返回菜单,请保持游戏画面处于前台
2025-10-20 22:43:50 [TRACE] 正在返回菜单,请保持游戏画面处于前台
2025-10-20 22:43:54 [TRACE] 正在返回菜单,请保持游戏画面处于前台
2025-10-20 22:43:57 [TRACE] 正在返回菜单,请保持游戏画面处于前台
2025-10-20 22:44:00 [TRACE] 正在返回菜单,请保持游戏画面处于前台
2025-10-20 22:44:03 [TRACE] 正在返回菜单,请保持游戏画面处于前台
2025-10-20 22:44:07 [TRACE] 正在返回菜单,请保持游戏画面处于前台
2025-10-20 22:44:10 [TRACE] 正在返回菜单,请保持游戏画面处于前台
2025-10-20 22:44:13 [TRACE] 正在返回菜单,请保持游戏画面处于前台
2025-10-20 22:44:16 [TRACE] 正在返回菜单,请保持游戏画面处于前台
2025-10-20 22:44:20 [TRACE] 正在返回菜单,请保持游戏画面处于前台
2025-10-20 22:44:23 [TRACE] 正在返回菜单,请保持游戏画面处于前台
2025-10-20 22:44:26 [TRACE] 正在返回菜单,请保持游戏画面处于前台
2025-10-20 22:44:29 [TRACE] 正在返回菜单,请保持游戏画面处于前台
2025-10-20 22:44:33 [TRACE] 正在返回菜单,请保持游戏画面处于前台
2025-10-20 22:44:36 [TRACE] 正在返回菜单,请保持游戏画面处于前台
2025-10-20 22:44:39 [TRACE] 正在返回菜单,请保持游戏画面处于前台
2025-10-20 22:44:42 [TRACE] 正在返回菜单,请保持游戏画面处于前台
2025-10-20 22:44:46 [TRACE] 正在返回菜单,请保持游戏画面处于前台
2025-10-20 22:44:49 [TRACE] 正在返回菜单,请保持游戏画面处于前台
2025-10-20 22:44:52 [TRACE] 正在返回菜单,请保持游戏画面处于前台
2025-10-20 22:44:55 [TRACE] 正在返回菜单,请保持游戏画面处于前台
2025-10-20 22:44:59 [TRACE] 正在返回菜单,请保持游戏画面处于前台
2025-10-20 22:45:02 [TRACE] 正在返回菜单,请保持游戏画面处于前台
2025-10-20 22:45:05 [TRACE] 正在返回菜单,请保持游戏画面处于前台
2025-10-20 22:45:08 [TRACE] 正在返回菜单,请保持游戏画面处于前台
2025-10-20 22:45:12 [TRACE] 正在返回菜单,请保持游戏画面处于前台
2025-10-20 22:45:15 [TRACE] 正在返回菜单,请保持游戏画面处于前台
2025-10-20 22:45:18 [TRACE] 正在返回菜单,请保持游戏画面处于前台
2025-10-20 22:45:21 [TRACE] 正在返回菜单,请保持游戏画面处于前台
2025-10-20 22:45:25 [TRACE] 正在返回菜单,请保持游戏画面处于前台
2025-10-20 22:45:28 [TRACE] 正在返回菜单,请保持游戏画面处于前台
2025-10-20 22:45:31 [TRACE] 正在返回菜单,请保持游戏画面处于前台
2025-10-20 22:45:34 [TRACE] 正在返回菜单,请保持游戏画面处于前台
2025-10-20 22:45:38 [TRACE] 正在返回菜单,请保持游戏画面处于前台
2025-10-20 22:45:41 [TRACE] 正在返回菜单,请保持游戏画面处于前台
2025-10-20 22:45:44 [TRACE] 正在返回菜单,请保持游戏画面处于前台
2025-10-20 22:45:47 [TRACE] 正在返回菜单,请保持游戏画面处于前台
2025-10-20 22:45:51 [TRACE] 正在返回菜单,请保持游戏画面处于前台
2025-10-20 22:45:54 [TRACE] 正在返回菜单,请保持游戏画面处于前台
2025-10-20 22:45:57 [TRACE] 正在返回菜单,请保持游戏画面处于前台
2025-10-20 22:46:00 [TRACE] 正在返回菜单,请保持游戏画面处于前台
2025-10-20 22:46:04 [TRACE] 正在返回菜单,请保持游戏画面处于前台
2025-10-20 22:46:07 [TRACE] 正在返回菜单,请保持游戏画面处于前台
2025-10-20 22:46:10 [TRACE] 正在返回菜单,请保持游戏画面处于前台
2025-10-20 22:46:13 [TRACE] 正在返回菜单,请保持游戏画面处于前台
2025-10-20 22:46:17 [TRACE] 正在返回菜单,请保持游戏画面处于前台
2025-10-20 22:46:20 [TRACE] 正在返回菜单,请保持游戏画面处于前台
2025-10-20 22:46:24 [TRACE] 正在返回菜单,请保持游戏画面处于前台
2025-10-20 22:46:27 [TRACE] 正在返回菜单,请保持游戏画面处于前台
2025-10-20 22:46:30 [TRACE] 正在返回菜单,请保持游戏画面处于前台
2025-10-20 22:46:33 [TRACE] 正在返回菜单,请保持游戏画面处于前台
2025-10-20 22:46:37 [TRACE] 正在返回菜单,请保持游戏画面处于前台
2025-10-20 22:46:40 [TRACE] 正在返回菜单,请保持游戏画面处于前台
2025-10-20 22:46:43 [TRACE] 正在返回菜单,请保持游戏画面处于前台
2025-10-20 22:46:46 [TRACE] 正在返回菜单,请保持游戏画面处于前台
2025-10-20 22:46:49 [TRACE] 正在返回菜单,请保持游戏画面处于前台
2025-10-20 22:46:53 [TRACE] 正在返回菜单,请保持游戏画面处于前台
2025-10-20 22:46:56 [TRACE] 正在返回菜单,请保持游戏画面处于前台
2025-10-20 22:46:59 [TRACE] 正在返回菜单,请保持游戏画面处于前台
2025-10-20 22:47:02 [TRACE] 正在返回菜单,请保持游戏画面处于前台
2025-10-20 22:47:06 [TRACE] 正在返回菜单,请保持游戏画面处于前台
2025-10-20 22:47:09 [TRACE] 正在返回菜单,请保持游戏画面处于前台
2025-10-20 22:47:12 [TRACE] 正在返回菜单,请保持游戏画面处于前台
2025-10-20 22:47:15 [TRACE] 正在返回菜单,请保持游戏画面处于前台
2025-10-20 22:47:19 [TRACE] 正在返回菜单,请保持游戏画面处于前台
2025-10-20 22:47:22 [TRACE] 正在返回菜单,请保持游戏画面处于前台
2025-10-20 22:47:25 [TRACE] 正在返回菜单,请保持游戏画面处于前台
2025-10-20 22:47:29 [TRACE] 正在返回菜单,请保持游戏画面处于前台
2025-10-20 22:47:32 [TRACE] 正在返回菜单,请保持游戏画面处于前台
2025-10-20 22:47:35 [TRACE] 正在返回菜单,请保持游戏画面处于前台
2025-10-20 22:47:39 [TRACE] 正在返回菜单,请保持游戏画面处于前台
2025-10-20 22:47:42 [TRACE] 正在返回菜单,请保持游戏画面处于前台
2025-10-20 22:47:45 [TRACE] 正在返回菜单,请保持游戏画面处于前台
2025-10-20 22:47:48 [TRACE] 正在返回菜单,请保持游戏画面处于前台
2025-10-20 22:47:52 [TRACE] 正在返回菜单,请保持游戏画面处于前台
2025-10-20 22:47:55 [TRACE] 正在返回菜单,请保持游戏画面处于前台
2025-10-20 22:47:58 [TRACE] 正在返回菜单,请保持游戏画面处于前台
2025-10-20 22:48:01 [TRACE] 正在返回菜单,请保持游戏画面处于前台
2025-10-20 22:48:05 [TRACE] 正在返回菜单,请保持游戏画面处于前台
2025-10-20 22:48:08 [TRACE] 正在返回菜单,请保持游戏画面处于前台
2025-10-20 22:48:11 [TRACE] 正在返回菜单,请保持游戏画面处于前台
2025-10-20 22:48:14 [TRACE] 正在返回菜单,请保持游戏画面处于前台
2025-10-20 22:48:18 [TRACE] 正在返回菜单,请保持游戏画面处于前台
2025-10-20 22:48:21 [TRACE] 正在返回菜单,请保持游戏画面处于前台
2025-10-20 22:48:24 [TRACE] 正在返回菜单,请保持游戏画面处于前台
2025-10-20 22:48:27 [TRACE] 正在返回菜单,请保持游戏画面处于前台
2025-10-20 22:48:31 [TRACE] 正在返回菜单,请保持游戏画面处于前台
2025-10-20 22:48:34 [TRACE] 正在返回菜单,请保持游戏画面处于前台
2025-10-20 22:48:37 [TRACE] 正在返回菜单,请保持游戏画面处于前台
2025-10-20 22:48:40 [TRACE] 正在返回菜单,请保持游戏画面处于前台
2025-10-20 22:48:44 [TRACE] 正在返回菜单,请保持游戏画面处于前台
2025-10-20 22:48:47 [TRACE] 正在返回菜单,请保持游戏画面处于前台
2025-10-20 22:48:50 [TRACE] 正在返回菜单,请保持游戏画面处于前台
2025-10-20 22:48:54 [TRACE] 正在返回菜单,请保持游戏画面处于前台
2025-10-20 22:48:57 [TRACE] 正在返回菜单,请保持游戏画面处于前台
2025-10-20 22:49:00 [TRACE] 正在返回菜单,请保持游戏画面处于前台
2025-10-20 22:49:03 [TRACE] 正在返回菜单,请保持游戏画面处于前台
2025-10-20 22:49:07 [TRACE] 正在返回菜单,请保持游戏画面处于前台
2025-10-20 22:49:10 [TRACE] 正在返回菜单,请保持游戏画面处于前台
2025-10-20 22:49:13 [TRACE] 正在返回菜单,请保持游戏画面处于前台
2025-10-20 22:49:16 [TRACE] 正在返回菜单,请保持游戏画面处于前台
2025-10-20 22:49:20 [TRACE] 正在返回菜单,请保持游戏画面处于前台
2025-10-20 22:49:23 [TRACE] 正在返回菜单,请保持游戏画面处于前台
2025-10-20 22:49:26 [TRACE] 正在返回菜单,请保持游戏画面处于前台
2025-10-20 22:49:29 [TRACE] 正在返回菜单,请保持游戏画面处于前台
2025-10-20 22:49:33 [TRACE] 正在返回菜单,请保持游戏画面处于前台
2025-10-20 22:49:36 [TRACE] 正在返回菜单,请保持游戏画面处于前台
2025-10-20 22:49:39 [TRACE] 正在返回菜单,请保持游戏画面处于前台
2025-10-20 22:49:42 [TRACE] 正在返回菜单,请保持游戏画面处于前台
2025-10-20 22:49:46 [TRACE] 正在返回菜单,请保持游戏画面处于前台
2025-10-20 22:49:49 [TRACE] 正在返回菜单,请保持游戏画面处于前台
2025-10-20 22:49:52 [TRACE] 正在返回菜单,请保持游戏画面处于前台
2025-10-20 22:49:55 [TRACE] 正在返回菜单,请保持游戏画面处于前台
2025-10-20 22:49:58 [TRACE] 正在返回菜单,请保持游戏画面处于前台
2025-10-20 22:50:02 [TRACE] 正在返回菜单,请保持游戏画面处于前台
2025-10-20 22:50:05 [TRACE] 正在返回菜单,请保持游戏画面处于前台
2025-10-20 22:50:09 [TRACE] 正在返回菜单,请保持游戏画面处于前台
2025-10-20 22:50:12 [TRACE] 正在返回菜单,请保持游戏画面处于前台
2025-10-20 22:50:15 [TRACE] 正在返回菜单,请保持游戏画面处于前台
2025-10-20 22:50:18 [TRACE] 正在返回菜单,请保持游戏画面处于前台
2025-10-20 22:50:21 [TRACE] 正在返回菜单,请保持游戏画面处于前台
2025-10-20 22:50:25 [TRACE] 正在返回菜单,请保持游戏画面处于前台
2025-10-20 22:50:28 [TRACE] 正在返回菜单,请保持游戏画面处于前台
2025-10-20 22:50:31 [TRACE] 正在返回菜单,请保持游戏画面处于前台
2025-10-20 22:50:34 [TRACE] 正在返回菜单,请保持游戏画面处于前台
2025-10-20 22:50:38 [TRACE] 正在返回菜单,请保持游戏画面处于前台
2025-10-20 22:50:41 [TRACE] 正在返回菜单,请保持游戏画面处于前台
2025-10-20 22:50:44 [TRACE] 正在返回菜单,请保持游戏画面处于前台
2025-10-20 22:50:48 [TRACE] 正在返回菜单,请保持游戏画面处于前台
2025-10-20 22:50:51 [TRACE] 正在返回菜单,请保持游戏画面处于前台
2025-10-20 22:50:54 [TRACE] 正在返回菜单,请保持游戏画面处于前台
2025-10-20 22:50:57 [TRACE] 正在返回菜单,请保持游戏画面处于前台
2025-10-20 22:51:01 [TRACE] 正在返回菜单,请保持游戏画面处于前台
2025-10-20 22:51:04 [TRACE] 正在返回菜单,请保持游戏画面处于前台
2025-10-20 22:51:07 [TRACE] 正在返回菜单,请保持游戏画面处于前台
2025-10-20 22:51:10 [TRACE] 正在返回菜单,请保持游戏画面处于前台
2025-10-20 22:51:14 [TRACE] 正在返回菜单,请保持游戏画面处于前台
2025-10-20 22:51:17 [TRACE] 正在返回菜单,请保持游戏画面处于前台
2025-10-20 22:51:20 [TRACE] 正在返回菜单,请保持游戏画面处于前台
2025-10-20 22:51:24 [TRACE] 正在返回菜单,请保持游戏画面处于前台
2025-10-20 22:51:27 [TRACE] 正在返回菜单,请保持游戏画面处于前台
2025-10-20 22:51:30 [TRACE] 正在返回菜单,请保持游戏画面处于前台
2025-10-20 22:51:33 [TRACE] 正在返回菜单,请保持游戏画面处于前台
2025-10-20 22:51:36 [TRACE] 正在返回菜单,请保持游戏画面处于前台
2025-10-20 22:51:40 [TRACE] 正在返回菜单,请保持游戏画面处于前台
2025-10-20 22:51:43 [TRACE] 正在返回菜单,请保持游戏画面处于前台
2025-10-20 22:51:46 [TRACE] 正在返回菜单,请保持游戏画面处于前台
2025-10-20 22:51:49 [TRACE] 正在返回菜单,请保持游戏画面处于前台
2025-10-20 22:51:53 [TRACE] 正在返回菜单,请保持游戏画面处于前台
2025-10-20 22:51:56 [TRACE] 正在返回菜单,请保持游戏画面处于前台
2025-10-20 22:51:59 [TRACE] 正在返回菜单,请保持游戏画面处于前台
2025-10-20 22:52:02 [TRACE] 正在返回菜单,请保持游戏画面处于前台
2025-10-20 22:52:06 [TRACE] 正在返回菜单,请保持游戏画面处于前台
2025-10-20 22:52:09 [TRACE] 正在返回菜单,请保持游戏画面处于前台
2025-10-20 22:52:12 [TRACE] 正在返回菜单,请保持游戏画面处于前台
2025-10-20 22:52:16 [TRACE] 正在返回菜单,请保持游戏画面处于前台
2025-10-20 22:52:19 [TRACE] 正在返回菜单,请保持游戏画面处于前台
2025-10-20 22:52:22 [TRACE] 正在返回菜单,请保持游戏画面处于前台
2025-10-20 22:52:25 [TRACE] 正在返回菜单,请保持游戏画面处于前台
2025-10-20 22:52:29 [TRACE] 正在返回菜单,请保持游戏画面处于前台
2025-10-20 22:52:32 [TRACE] 正在返回菜单,请保持游戏画面处于前台
2025-10-20 22:52:35 [TRACE] 正在返回菜单,请保持游戏画面处于前台
2025-10-20 22:52:39 [TRACE] 正在返回菜单,请保持游戏画面处于前台
2025-10-20 22:52:42 [TRACE] 正在返回菜单,请保持游戏画面处于前台
2025-10-20 22:52:45 [TRACE] 正在返回菜单,请保持游戏画面处于前台
2025-10-20 22:52:48 [TRACE] 正在返回菜单,请保持游戏画面处于前台
2025-10-20 22:52:52 [TRACE] 正在返回菜单,请保持游戏画面处于前台
2025-10-20 22:52:55 [TRACE] 正在返回菜单,请保持游戏画面处于前台
2025-10-20 22:52:58 [TRACE] 正在返回菜单,请保持游戏画面处于前台
2025-10-20 22:53:01 [TRACE] 正在返回菜单,请保持游戏画面处于前台
2025-10-20 22:53:05 [TRACE] 正在返回菜单,请保持游戏画面处于前台
2025-10-20 22:53:08 [TRACE] 正在返回菜单,请保持游戏画面处于前台
2025-10-20 22:53:11 [TRACE] 正在返回菜单,请保持游戏画面处于前台
2025-10-20 22:53:15 [TRACE] 正在返回菜单,请保持游戏画面处于前台
2025-10-20 22:53:18 [TRACE] 正在返回菜单,请保持游戏画面处于前台
2025-10-20 22:53:21 [TRACE] 正在返回菜单,请保持游戏画面处于前台
2025-10-20 22:53:24 [TRACE] 正在返回菜单,请保持游戏画面处于前台
2025-10-20 22:53:28 [TRACE] 正在返回菜单,请保持游戏画面处于前台
2025-10-20 22:53:31 [TRACE] 正在返回菜单,请保持游戏画面处于前台
2025-10-20 22:53:34 [TRACE] 正在返回菜单,请保持游戏画面处于前台
2025-10-20 22:53:37 [TRACE] 正在返回菜单,请保持游戏画面处于前台
2025-10-20 22:53:41 [TRACE] 正在返回菜单,请保持游戏画面处于前台
2025-10-20 22:53:44 [TRACE] 正在返回菜单,请保持游戏画面处于前台
2025-10-20 22:53:47 [TRACE] 正在返回菜单,请保持游戏画面处于前台
2025-10-20 22:53:50 [TRACE] 正在返回菜单,请保持游戏画面处于前台
2025-10-20 22:53:54 [TRACE] 正在返回菜单,请保持游戏画面处于前台
2025-10-20 22:53:57 [TRACE] 正在返回菜单,请保持游戏画面处于前台
2025-10-20 22:54:00 [TRACE] 正在返回菜单,请保持游戏画面处于前台
2025-10-20 22:54:03 [TRACE] 正在返回菜单,请保持游戏画面处于前台
2025-10-20 22:54:07 [TRACE] 正在返回菜单,请保持游戏画面处于前台
2025-10-20 22:54:10 [TRACE] 正在返回菜单,请保持游戏画面处于前台
2025-10-20 22:54:13 [TRACE] 正在返回菜单,请保持游戏画面处于前台
2025-10-20 22:54:16 [TRACE] 正在返回菜单,请保持游戏画面处于前台
2025-10-20 22:54:20 [TRACE] 正在返回菜单,请保持游戏画面处于前台
2025-10-20 22:54:23 [TRACE] 正在返回菜单,请保持游戏画面处于前台
2025-10-20 22:54:26 [TRACE] 正在返回菜单,请保持游戏画面处于前台
2025-10-20 22:54:29 [TRACE] 正在返回菜单,请保持游戏画面处于前台
2025-10-20 22:54:33 [TRACE] 正在返回菜单,请保持游戏画面处于前台
2025-10-20 22:54:36 [TRACE] 正在返回菜单,请保持游戏画面处于前台
2025-10-20 22:54:39 [TRACE] 正在返回菜单,请保持游戏画面处于前台
2025-10-20 22:54:42 [TRACE] 正在返回菜单,请保持游戏画面处于前台
2025-10-20 22:54:46 [TRACE] 正在返回菜单,请保持游戏画面处于前台
2025-10-20 22:54:49 [TRACE] 正在返回菜单,请保持游戏画面处于前台
2025-10-20 22:54:52 [TRACE] 正在返回菜单,请保持游戏画面处于前台
2025-10-20 22:54:55 [TRACE] 正在返回菜单,请保持游戏画面处于前台
2025-10-20 22:54:59 [TRACE] 正在返回菜单,请保持游戏画面处于前台
2025-10-20 22:55:02 [TRACE] 正在返回菜单,请保持游戏画面处于前台
2025-10-20 22:55:05 [TRACE] 正在返回菜单,请保持游戏画面处于前台
2025-10-20 22:55:08 [TRACE] 正在返回菜单,请保持游戏画面处于前台
2025-10-20 22:55:12 [TRACE] 正在返回菜单,请保持游戏画面处于前台
2025-10-20 22:55:15 [TRACE] 正在返回菜单,请保持游戏画面处于前台
2025-10-20 22:55:18 [TRACE] 正在返回菜单,请保持游戏画面处于前台
2025-10-20 22:55:21 [TRACE] 正在返回菜单,请保持游戏画面处于前台
2025-10-20 22:55:25 [TRACE] 正在返回菜单,请保持游戏画面处于前台
2025-10-20 22:55:28 [TRACE] 正在返回菜单,请保持游戏画面处于前台
2025-10-20 22:55:31 [TRACE] 正在返回菜单,请保持游戏画面处于前台
2025-10-20 22:55:34 [TRACE] 正在返回菜单,请保持游戏画面处于前台
2025-10-20 22:55:38 [TRACE] 正在返回菜单,请保持游戏画面处于前台
2025-10-20 22:55:41 [TRACE] 正在返回菜单,请保持游戏画面处于前台
2025-10-20 22:55:44 [TRACE] 正在返回菜单,请保持游戏画面处于前台
2025-10-20 22:55:47 [TRACE] 正在返回菜单,请保持游戏画面处于前台
2025-10-20 22:55:51 [TRACE] 正在返回菜单,请保持游戏画面处于前台
2025-10-20 22:55:54 [TRACE] 正在返回菜单,请保持游戏画面处于前台
2025-10-20 22:55:57 [TRACE] 正在返回菜单,请保持游戏画面处于前台
2025-10-20 22:56:01 [TRACE] 正在返回菜单,请保持游戏画面处于前台
2025-10-20 22:56:04 [TRACE] 正在返回菜单,请保持游戏画面处于前台
2025-10-20 22:56:07 [TRACE] 正在返回菜单,请保持游戏画面处于前台
2025-10-20 22:56:11 [TRACE] 正在返回菜单,请保持游戏画面处于前台
2025-10-20 22:56:14 [TRACE] 正在返回菜单,请保持游戏画面处于前台
2025-10-20 22:56:17 [TRACE] 正在返回菜单,请保持游戏画面处于前台
2025-10-20 22:56:20 [TRACE] 正在返回菜单,请保持游戏画面处于前台
2025-10-20 22:56:24 [TRACE] 正在返回菜单,请保持游戏画面处于前台
2025-10-20 22:56:27 [TRACE] 正在返回菜单,请保持游戏画面处于前台
2025-10-20 22:56:31 [TRACE] 正在返回菜单,请保持游戏画面处于前台
2025-10-20 22:56:34 [TRACE] 正在返回菜单,请保持游戏画面处于前台
2025-10-20 22:56:37 [TRACE] 正在返回菜单,请保持游戏画面处于前台
2025-10-20 22:56:40 [TRACE] 正在返回菜单,请保持游戏画面处于前台
2025-10-20 22:56:44 [TRACE] 正在返回菜单,请保持游戏画面处于前台
2025-10-20 22:56:47 [TRACE] 正在返回菜单,请保持游戏画面处于前台
2025-10-20 22:56:50 [TRACE] 正在返回菜单,请保持游戏画面处于前台
2025-10-20 22:56:53 [TRACE] 正在返回菜单,请保持游戏画面处于前台
2025-10-20 22:56:57 [TRACE] 正在返回菜单,请保持游戏画面处于前台
2025-10-20 22:57:00 [TRACE] 正在返回菜单,请保持游戏画面处于前台
2025-10-20 22:57:03 [TRACE] 正在返回菜单,请保持游戏画面处于前台
2025-10-20 22:57:06 [TRACE] 正在返回菜单,请保持游戏画面处于前台
2025-10-20 22:57:10 [TRACE] 正在返回菜单,请保持游戏画面处于前台
2025-10-20 22:57:13 [TRACE] 正在返回菜单,请保持游戏画面处于前台
2025-10-20 22:57:16 [TRACE] 正在返回菜单,请保持游戏画面处于前台
2025-10-20 22:57:19 [TRACE] 正在返回菜单,请保持游戏画面处于前台
2025-10-20 22:57:23 [TRACE] 正在返回菜单,请保持游戏画面处于前台
2025-10-20 22:57:26 [TRACE] 正在返回菜单,请保持游戏画面处于前台
2025-10-20 22:57:29 [TRACE] 正在返回菜单,请保持游戏画面处于前台
2025-10-20 22:57:32 [TRACE] 正在返回菜单,请保持游戏画面处于前台
2025-10-20 22:57:36 [TRACE] 正在返回菜单,请保持游戏画面处于前台
2025-10-20 22:57:39 [TRACE] 正在返回菜单,请保持游戏画面处于前台
2025-10-20 22:57:43 [TRACE] 正在返回菜单,请保持游戏画面处于前台
2025-10-20 22:57:46 [TRACE] 正在返回菜单,请保持游戏画面处于前台
2025-10-20 22:57:49 [TRACE] 正在返回菜单,请保持游戏画面处于前台
2025-10-20 22:57:52 [TRACE] 正在返回菜单,请保持游戏画面处于前台
2025-10-20 22:57:55 [TRACE] 正在返回菜单,请保持游戏画面处于前台
2025-10-20 22:57:59 [TRACE] 正在返回菜单,请保持游戏画面处于前台
2025-10-20 22:58:02 [TRACE] 正在返回菜单,请保持游戏画面处于前台
2025-10-20 22:58:05 [TRACE] 正在返回菜单,请保持游戏画面处于前台
2025-10-20 22:58:09 [TRACE] 正在返回菜单,请保持游戏画面处于前台
2025-10-20 22:58:12 [TRACE] 正在返回菜单,请保持游戏画面处于前台
2025-10-20 22:58:15 [TRACE] 正在返回菜单,请保持游戏画面处于前台
2025-10-20 22:58:18 [TRACE] 正在返回菜单,请保持游戏画面处于前台
2025-10-20 22:58:21 [TRACE] 正在返回菜单,请保持游戏画面处于前台
2025-10-20 22:58:25 [TRACE] 正在返回菜单,请保持游戏画面处于前台
2025-10-20 22:58:28 [TRACE] 正在返回菜单,请保持游戏画面处于前台
2025-10-20 22:58:31 [TRACE] 正在返回菜单,请保持游戏画面处于前台
2025-10-20 22:58:34 [TRACE] 正在返回菜单,请保持游戏画面处于前台
2025-10-20 22:58:38 [TRACE] 正在返回菜单,请保持游戏画面处于前台
2025-10-20 22:58:41 [TRACE] 正在返回菜单,请保持游戏画面处于前台
2025-10-20 22:58:44 [TRACE] 正在返回菜单,请保持游戏画面处于前台
2025-10-20 22:58:47 [TRACE] 正在返回菜单,请保持游戏画面处于前台
2025-10-20 22:58:51 [TRACE] 正在返回菜单,请保持游戏画面处于前台
2025-10-20 22:58:54 [TRACE] 正在返回菜单,请保持游戏画面处于前台
2025-10-20 22:58:58 [TRACE] 正在返回菜单,请保持游戏画面处于前台
2025-10-20 22:59:01 [TRACE] 正在返回菜单,请保持游戏画面处于前台
2025-10-20 22:59:04 [TRACE] 正在返回菜单,请保持游戏画面处于前台
2025-10-20 22:59:07 [TRACE] 正在返回菜单,请保持游戏画面处于前台
2025-10-20 22:59:11 [TRACE] 正在返回菜单,请保持游戏画面处于前台
2025-10-20 22:59:14 [TRACE] 正在返回菜单,请保持游戏画面处于前台
2025-10-20 22:59:17 [TRACE] 正在返回菜单,请保持游戏画面处于前台
2025-10-20 22:59:20 [TRACE] 正在返回菜单,请保持游戏画面处于前台
2025-10-20 22:59:24 [TRACE] 正在返回菜单,请保持游戏画面处于前台
2025-10-20 22:59:27 [TRACE] 正在返回菜单,请保持游戏画面处于前台
2025-10-20 22:59:30 [TRACE] 正在返回菜单,请保持游戏画面处于前台
2025-10-20 22:59:33 [TRACE] 正在返回菜单,请保持游戏画面处于前台
2025-10-20 22:59:37 [TRACE] 正在返回菜单,请保持游戏画面处于前台
2025-10-20 22:59:40 [TRACE] 正在返回菜单,请保持游戏画面处于前台
2025-10-20 22:59:43 [TRACE] 正在返回菜单,请保持游戏画面处于前台
2025-10-20 22:59:46 [TRACE] 正在返回菜单,请保持游戏画面处于前台
2025-10-20 22:59:50 [TRACE] 正在返回菜单,请保持游戏画面处于前台
2025-10-20 22:59:53 [TRACE] 正在返回菜单,请保持游戏画面处于前台
2025-10-20 22:59:56 [TRACE] 正在返回菜单,请保持游戏画面处于前台
2025-10-20 22:59:59 [TRACE] 正在返回菜单,请保持游戏画面处于前台
2025-10-20 23:00:03 [TRACE] 正在返回菜单,请保持游戏画面处于前台
2025-10-20 23:00:06 [TRACE] 正在返回菜单,请保持游戏画面处于前台
2025-10-20 23:00:09 [TRACE] 正在返回菜单,请保持游戏画面处于前台
2025-10-20 23:00:13 [TRACE] 正在返回菜单,请保持游戏画面处于前台
2025-10-20 23:00:16 [TRACE] 正在返回菜单,请保持游戏画面处于前台
2025-10-20 23:00:19 [TRACE] 正在返回菜单,请保持游戏画面处于前台
2025-10-20 23:00:22 [TRACE] 正在返回菜单,请保持游戏画面处于前台
2025-10-20 23:00:26 [TRACE] 正在返回菜单,请保持游戏画面处于前台
2025-10-20 23:00:29 [TRACE] 正在返回菜单,请保持游戏画面处于前台
2025-10-20 23:00:32 [TRACE] 正在返回菜单,请保持游戏画面处于前台
2025-10-20 23:00:35 [TRACE] 正在返回菜单,请保持游戏画面处于前台
2025-10-20 23:00:39 [TRACE] 正在返回菜单,请保持游戏画面处于前台
2025-10-20 23:00:42 [TRACE] 正在返回菜单,请保持游戏画面处于前台
2025-10-20 23:00:45 [TRACE] 正在返回菜单,请保持游戏画面处于前台
2025-10-20 23:00:48 [TRACE] 正在返回菜单,请保持游戏画面处于前台
2025-10-20 23:00:51 [TRACE] 正在返回菜单,请保持游戏画面处于前台
2025-10-20 23:00:55 [TRACE] 正在返回菜单,请保持游戏画面处于前台
2025-10-20 23:00:58 [TRACE] 正在返回菜单,请保持游戏画面处于前台
2025-10-20 23:01:01 [TRACE] 正在返回菜单,请保持游戏画面处于前台
2025-10-20 23:01:05 [TRACE] 正在返回菜单,请保持游戏画面处于前台
2025-10-20 23:01:08 [TRACE] 正在返回菜单,请保持游戏画面处于前台
2025-10-20 23:01:11 [TRACE] 正在返回菜单,请保持游戏画面处于前台
2025-10-20 23:01:14 [TRACE] 正在返回菜单,请保持游戏画面处于前台
2025-10-20 23:01:17 [TRACE] 正在返回菜单,请保持游戏画面处于前台
2025-10-20 23:01:21 [TRACE] 正在返回菜单,请保持游戏画面处于前台
2025-10-20 23:01:24 [TRACE] 正在返回菜单,请保持游戏画面处于前台
2025-10-20 23:01:27 [TRACE] 正在返回菜单,请保持游戏画面处于前台
2025-10-20 23:01:31 [TRACE] 正在返回菜单,请保持游戏画面处于前台
2025-10-20 23:01:34 [TRACE] 正在返回菜单,请保持游戏画面处于前台
2025-10-20 23:01:37 [TRACE] 正在返回菜单,请保持游戏画面处于前台
2025-10-20 23:01:40 [TRACE] 正在返回菜单,请保持游戏画面处于前台
2025-10-20 23:01:44 [TRACE] 正在返回菜单,请保持游戏画面处于前台
2025-10-20 23:01:47 [TRACE] 正在返回菜单,请保持游戏画面处于前台
2025-10-20 23:01:50 [TRACE] 正在返回菜单,请保持游戏画面处于前台
2025-10-20 23:01:53 [TRACE] 正在返回菜单,请保持游戏画面处于前台
2025-10-20 23:01:57 [TRACE] 正在返回菜单,请保持游戏画面处于前台
2025-10-20 23:02:00 [TRACE] 正在返回菜单,请保持游戏画面处于前台
2025-10-20 23:02:03 [TRACE] 正在返回菜单,请保持游戏画面处于前台
2025-10-20 23:02:06 [TRACE] 正在返回菜单,请保持游戏画面处于前台
2025-10-20 23:02:10 [TRACE] 正在返回菜单,请保持游戏画面处于前台
2025-10-20 23:02:13 [TRACE] 正在返回菜单,请保持游戏画面处于前台
2025-10-20 23:02:16 [TRACE] 正在返回菜单,请保持游戏画面处于前台
2025-10-20 23:02:19 [TRACE] 正在返回菜单,请保持游戏画面处于前台
2025-10-20 23:02:23 [TRACE] 正在返回菜单,请保持游戏画面处于前台
2025-10-20 23:02:26 [TRACE] 正在返回菜单,请保持游戏画面处于前台
2025-10-20 23:02:29 [TRACE] 正在返回菜单,请保持游戏画面处于前台
2025-10-20 23:02:32 [TRACE] 正在返回菜单,请保持游戏画面处于前台
2025-10-20 23:02:36 [TRACE] 正在返回菜单,请保持游戏画面处于前台
2025-10-20 23:02:39 [TRACE] 正在返回菜单,请保持游戏画面处于前台
2025-10-20 23:02:42 [TRACE] 正在返回菜单,请保持游戏画面处于前台
2025-10-20 23:02:46 [TRACE] 正在返回菜单,请保持游戏画面处于前台
2025-10-20 23:02:49 [TRACE] 正在返回菜单,请保持游戏画面处于前台
2025-10-20 23:02:52 [TRACE] 正在返回菜单,请保持游戏画面处于前台
2025-10-20 23:02:55 [TRACE] 正在返回菜单,请保持游戏画面处于前台
2025-10-20 23:02:59 [TRACE] 正在返回菜单,请保持游戏画面处于前台
2025-10-20 23:03:02 [TRACE] 正在返回菜单,请保持游戏画面处于前台
2025-10-20 23:03:05 [TRACE] 正在返回菜单,请保持游戏画面处于前台
2025-10-20 23:03:08 [TRACE] 正在返回菜单,请保持游戏画面处于前台
2025-10-20 23:03:12 [TRACE] 正在返回菜单,请保持游戏画面处于前台
2025-10-20 23:03:15 [TRACE] 正在返回菜单,请保持游戏画面处于前台
2025-10-20 23:03:18 [TRACE] 正在返回菜单,请保持游戏画面处于前台
2025-10-20 23:03:21 [TRACE] 正在返回菜单,请保持游戏画面处于前台
2025-10-20 23:03:25 [TRACE] 正在返回菜单,请保持游戏画面处于前台
2025-10-20 23:03:28 [TRACE] 正在返回菜单,请保持游戏画面处于前台
2025-10-20 23:03:31 [TRACE] 正在返回菜单,请保持游戏画面处于前台
2025-10-20 23:03:35 [TRACE] 正在返回菜单,请保持游戏画面处于前台
2025-10-20 23:03:38 [TRACE] 正在返回菜单,请保持游戏画面处于前台
2025-10-20 23:03:41 [TRACE] 正在返回菜单,请保持游戏画面处于前台
2025-10-20 23:03:44 [TRACE] 正在返回菜单,请保持游戏画面处于前台
2025-10-20 23:03:48 [TRACE] 正在返回菜单,请保持游戏画面处于前台
2025-10-20 23:03:51 [TRACE] 正在返回菜单,请保持游戏画面处于前台
2025-10-20 23:03:54 [TRACE] 正在返回菜单,请保持游戏画面处于前台
2025-10-20 23:03:58 [TRACE] 正在返回菜单,请保持游戏画面处于前台
2025-10-20 23:04:01 [TRACE] 正在返回菜单,请保持游戏画面处于前台
2025-10-20 23:04:04 [TRACE] 正在返回菜单,请保持游戏画面处于前台
2025-10-20 23:04:07 [TRACE] 正在返回菜单,请保持游戏画面处于前台
2025-10-20 23:04:11 [TRACE] 正在返回菜单,请保持游戏画面处于前台
2025-10-20 23:04:14 [TRACE] 正在返回菜单,请保持游戏画面处于前台
2025-10-20 23:04:17 [TRACE] 正在返回菜单,请保持游戏画面处于前台
2025-10-20 23:04:20 [TRACE] 正在返回菜单,请保持游戏画面处于前台
2025-10-20 23:04:24 [TRACE] 正在返回菜单,请保持游戏画面处于前台
2025-10-20 23:04:27 [TRACE] 正在返回菜单,请保持游戏画面处于前台
2025-10-20 23:04:30 [TRACE] 正在返回菜单,请保持游戏画面处于前台
2025-10-20 23:04:33 [TRACE] 正在返回菜单,请保持游戏画面处于前台
2025-10-20 23:04:37 [TRACE] 正在返回菜单,请保持游戏画面处于前台
2025-10-20 23:04:40 [TRACE] 正在返回菜单,请保持游戏画面处于前台
2025-10-20 23:04:43 [TRACE] 正在返回菜单,请保持游戏画面处于前台
2025-10-20 23:04:46 [TRACE] 正在返回菜单,请保持游戏画面处于前台
2025-10-20 23:04:50 [TRACE] 正在返回菜单,请保持游戏画面处于前台
2025-10-20 23:04:53 [TRACE] 正在返回菜单,请保持游戏画面处于前台
2025-10-20 23:04:56 [TRACE] 正在返回菜单,请保持游戏画面处于前台
2025-10-20 23:04:59 [TRACE] 正在返回菜单,请保持游戏画面处于前台
2025-10-20 23:05:03 [TRACE] 正在返回菜单,请保持游戏画面处于前台
2025-10-20 23:05:06 [TRACE] 正在返回菜单,请保持游戏画面处于前台
2025-10-20 23:05:09 [TRACE] 正在返回菜单,请保持游戏画面处于前台
2025-10-20 23:05:12 [TRACE] 正在返回菜单,请保持游戏画面处于前台
2025-10-20 23:05:15 [TRACE] 正在返回菜单,请保持游戏画面处于前台
2025-10-20 23:05:19 [TRACE] 正在返回菜单,请保持游戏画面处于前台
2025-10-20 23:05:22 [TRACE] 正在返回菜单,请保持游戏画面处于前台
2025-10-20 23:05:25 [TRACE] 正在返回菜单,请保持游戏画面处于前台
2025-10-20 23:05:28 [TRACE] 正在返回菜单,请保持游戏画面处于前台
2025-10-20 23:05:32 [TRACE] 正在返回菜单,请保持游戏画面处于前台
2025-10-20 23:05:35 [TRACE] 正在返回菜单,请保持游戏画面处于前台
2025-10-20 23:05:38 [TRACE] 正在返回菜单,请保持游戏画面处于前台
2025-10-20 23:05:41 [TRACE] 正在返回菜单,请保持游戏画面处于前台
2025-10-20 23:05:45 [TRACE] 正在返回菜单,请保持游戏画面处于前台
2025-10-20 23:05:48 [TRACE] 正在返回菜单,请保持游戏画面处于前台
2025-10-20 23:05:51 [TRACE] 正在返回菜单,请保持游戏画面处于前台
2025-10-20 23:05:55 [TRACE] 正在返回菜单,请保持游戏画面处于前台
2025-10-20 23:05:58 [TRACE] 正在返回菜单,请保持游戏画面处于前台
2025-10-20 23:06:01 [TRACE] 正在返回菜单,请保持游戏画面处于前台
2025-10-20 23:06:05 [TRACE] 正在返回菜单,请保持游戏画面处于前台
2025-10-20 23:06:08 [TRACE] 正在返回菜单,请保持游戏画面处于前台
2025-10-20 23:06:11 [TRACE] 正在返回菜单,请保持游戏画面处于前台
2025-10-20 23:06:14 [TRACE] 正在返回菜单,请保持游戏画面处于前台
2025-10-20 23:06:18 [TRACE] 正在返回菜单,请保持游戏画面处于前台
2025-10-20 23:06:21 [TRACE] 正在返回菜单,请保持游戏画面处于前台
2025-10-20 23:06:24 [TRACE] 正在返回菜单,请保持游戏画面处于前台
2025-10-20 23:06:27 [TRACE] 正在返回菜单,请保持游戏画面处于前台
2025-10-20 23:06:31 [TRACE] 正在返回菜单,请保持游戏画面处于前台
2025-10-20 23:06:34 [TRACE] 正在返回菜单,请保持游戏画面处于前台
2025-10-20 23:06:37 [TRACE] 正在返回菜单,请保持游戏画面处于前台
2025-10-20 23:06:40 [TRACE] 正在返回菜单,请保持游戏画面处于前台
2025-10-20 23:06:44 [TRACE] 正在返回菜单,请保持游戏画面处于前台
2025-10-20 23:06:47 [TRACE] 正在返回菜单,请保持游戏画面处于前台
2025-10-20 23:06:50 [TRACE] 正在返回菜单,请保持游戏画面处于前台
2025-10-20 23:06:53 [TRACE] 正在返回菜单,请保持游戏画面处于前台
2025-10-20 23:06:57 [TRACE] 正在返回菜单,请保持游戏画面处于前台
2025-10-20 23:07:00 [TRACE] 正在返回菜单,请保持游戏画面处于前台
2025-10-20 23:07:03 [TRACE] 正在返回菜单,请保持游戏画面处于前台
2025-10-20 23:07:06 [TRACE] 正在返回菜单,请保持游戏画面处于前台
2025-10-20 23:07:10 [TRACE] 正在返回菜单,请保持游戏画面处于前台
2025-10-20 23:07:13 [TRACE] 正在返回菜单,请保持游戏画面处于前台
2025-10-20 23:07:16 [TRACE] 正在返回菜单,请保持游戏画面处于前台
2025-10-20 23:07:19 [TRACE] 正在返回菜单,请保持游戏画面处于前台
2025-10-20 23:07:23 [TRACE] 正在返回菜单,请保持游戏画面处于前台
2025-10-20 23:07:26 [TRACE] 正在返回菜单,请保持游戏画面处于前台
2025-10-20 23:07:29 [TRACE] 正在返回菜单,请保持游戏画面处于前台
2025-10-20 23:07:33 [TRACE] 正在返回菜单,请保持游戏画面处于前台
2025-10-20 23:07:36 [TRACE] 正在返回菜单,请保持游戏画面处于前台
2025-10-20 23:07:39 [TRACE] 正在返回菜单,请保持游戏画面处于前台
2025-10-20 23:07:42 [TRACE] 正在返回菜单,请保持游戏画面处于前台
2025-10-20 23:07:46 [TRACE] 正在返回菜单,请保持游戏画面处于前台
2025-10-20 23:07:49 [TRACE] 正在返回菜单,请保持游戏画面处于前台
2025-10-20 23:07:52 [TRACE] 正在返回菜单,请保持游戏画面处于前台
2025-10-20 23:07:55 [TRACE] 正在返回菜单,请保持游戏画面处于前台
2025-10-20 23:07:59 [TRACE] 正在返回菜单,请保持游戏画面处于前台
2025-10-20 23:08:02 [TRACE] 正在返回菜单,请保持游戏画面处于前台
2025-10-20 23:08:05 [TRACE] 正在返回菜单,请保持游戏画面处于前台
2025-10-20 23:08:08 [TRACE] 正在返回菜单,请保持游戏画面处于前台
2025-10-20 23:08:12 [TRACE] 正在返回菜单,请保持游戏画面处于前台
2025-10-20 23:08:15 [TRACE] 正在返回菜单,请保持游戏画面处于前台
2025-10-20 23:08:18 [TRACE] 正在返回菜单,请保持游戏画面处于前台
2025-10-20 23:08:21 [TRACE] 正在返回菜单,请保持游戏画面处于前台
2025-10-20 23:08:25 [TRACE] 正在返回菜单,请保持游戏画面处于前台
2025-10-20 23:08:28 [TRACE] 正在返回菜单,请保持游戏画面处于前台
2025-10-20 23:08:32 [TRACE] 正在返回菜单,请保持游戏画面处于前台
2025-10-20 23:08:35 [TRACE] 正在返回菜单,请保持游戏画面处于前台
2025-10-20 23:08:38 [TRACE] 正在返回菜单,请保持游戏画面处于前台
2025-10-20 23:08:41 [TRACE] 正在返回菜单,请保持游戏画面处于前台
2025-10-20 23:08:44 [TRACE] 正在返回菜单,请保持游戏画面处于前台
2025-10-20 23:08:48 [TRACE] 正在返回菜单,请保持游戏画面处于前台
2025-10-20 23:08:51 [TRACE] 正在返回菜单,请保持游戏画面处于前台
2025-10-20 23:08:54 [TRACE] 正在返回菜单,请保持游戏画面处于前台
2025-10-20 23:08:58 [TRACE] 正在返回菜单,请保持游戏画面处于前台
2025-10-20 23:09:01 [TRACE] 正在返回菜单,请保持游戏画面处于前台
2025-10-20 23:09:04 [TRACE] 正在返回菜单,请保持游戏画面处于前台
2025-10-20 23:09:07 [TRACE] 正在返回菜单,请保持游戏画面处于前台
2025-10-20 23:09:11 [TRACE] 正在返回菜单,请保持游戏画面处于前台
2025-10-20 23:09:14 [TRACE] 正在返回菜单,请保持游戏画面处于前台
2025-10-20 23:09:17 [TRACE] 正在返回菜单,请保持游戏画面处于前台
2025-10-20 23:09:20 [TRACE] 正在返回菜单,请保持游戏画面处于前台
2025-10-20 23:09:23 [TRACE] 正在返回菜单,请保持游戏画面处于前台
2025-10-20 23:09:27 [TRACE] 正在返回菜单,请保持游戏画面处于前台
2025-10-20 23:09:30 [TRACE] 正在返回菜单,请保持游戏画面处于前台
2025-10-20 23:09:33 [TRACE] 正在返回菜单,请保持游戏画面处于前台
2025-10-20 23:09:36 [TRACE] 正在返回菜单,请保持游戏画面处于前台
2025-10-20 23:09:40 [TRACE] 正在返回菜单,请保持游戏画面处于前台
2025-10-20 23:09:43 [TRACE] 正在返回菜单,请保持游戏画面处于前台
2025-10-20 23:09:46 [TRACE] 正在返回菜单,请保持游戏画面处于前台
2025-10-20 23:09:49 [TRACE] 正在返回菜单,请保持游戏画面处于前台
2025-10-20 23:09:53 [TRACE] 正在返回菜单,请保持游戏画面处于前台
2025-10-20 23:09:56 [TRACE] 正在返回菜单,请保持游戏画面处于前台
2025-10-20 23:09:59 [TRACE] 正在返回菜单,请保持游戏画面处于前台
2025-10-20 23:10:02 [TRACE] 正在返回菜单,请保持游戏画面处于前台
2025-10-20 23:10:06 [TRACE] 正在返回菜单,请保持游戏画面处于前台
2025-10-20 23:10:09 [TRACE] 正在返回菜单,请保持游戏画面处于前台
2025-10-20 23:10:12 [TRACE] 正在返回菜单,请保持游戏画面处于前台
2025-10-20 23:10:15 [TRACE] 正在返回菜单,请保持游戏画面处于前台
2025-10-20 23:10:19 [TRACE] 正在返回菜单,请保持游戏画面处于前台
2025-10-20 23:10:22 [TRACE] 正在返回菜单,请保持游戏画面处于前台
2025-10-20 23:10:25 [TRACE] 正在返回菜单,请保持游戏画面处于前台
2025-10-20 23:10:29 [TRACE] 正在返回菜单,请保持游戏画面处于前台
2025-10-20 23:10:32 [TRACE] 正在返回菜单,请保持游戏画面处于前台
2025-10-20 23:10:35 [TRACE] 正在返回菜单,请保持游戏画面处于前台
2025-10-20 23:10:38 [TRACE] 正在返回菜单,请保持游戏画面处于前台
2025-10-20 23:10:42 [TRACE] 正在返回菜单,请保持游戏画面处于前台
2025-10-20 23:10:45 [TRACE] 正在返回菜单,请保持游戏画面处于前台
2025-10-20 23:10:48 [TRACE] 正在返回菜单,请保持游戏画面处于前台
2025-10-20 23:10:51 [TRACE] 正在返回菜单,请保持游戏画面处于前台
2025-10-20 23:10:55 [TRACE] 正在返回菜单,请保持游戏画面处于前台
2025-10-20 23:10:58 [TRACE] 正在返回菜单,请保持游戏画面处于前台
2025-10-20 23:11:01 [TRACE] 正在返回菜单,请保持游戏画面处于前台
2025-10-20 23:11:04 [TRACE] 正在返回菜单,请保持游戏画面处于前台
2025-10-20 23:11:08 [TRACE] 正在返回菜单,请保持游戏画面处于前台
2025-10-20 23:11:11 [TRACE] 正在返回菜单,请保持游戏画面处于前台
2025-10-20 23:11:14 [TRACE] 正在返回菜单,请保持游戏画面处于前台
2025-10-20 23:11:18 [TRACE] 正在返回菜单,请保持游戏画面处于前台
2025-10-20 23:11:21 [TRACE] 正在返回菜单,请保持游戏画面处于前台
2025-10-20 23:11:24 [TRACE] 正在返回菜单,请保持游戏画面处于前台
2025-10-20 23:11:27 [TRACE] 正在返回菜单,请保持游戏画面处于前台
2025-10-20 23:11:31 [TRACE] 正在返回菜单,请保持游戏画面处于前台
2025-10-20 23:11:34 [TRACE] 正在返回菜单,请保持游戏画面处于前台
2025-10-20 23:11:37 [TRACE] 正在返回菜单,请保持游戏画面处于前台
2025-10-20 23:11:40 [TRACE] 正在返回菜单,请保持游戏画面处于前台
2025-10-20 23:11:44 [TRACE] 正在返回菜单,请保持游戏画面处于前台
2025-10-20 23:11:47 [TRACE] 正在返回菜单,请保持游戏画面处于前台
2025-10-20 23:11:50 [TRACE] 正在返回菜单,请保持游戏画面处于前台
2025-10-20 23:11:53 [TRACE] 正在返回菜单,请保持游戏画面处于前台
2025-10-20 23:11:57 [TRACE] 正在返回菜单,请保持游戏画面处于前台
2025-10-20 23:12:00 [TRACE] 正在返回菜单,请保持游戏画面处于前台
2025-10-20 23:12:03 [TRACE] 正在返回菜单,请保持游戏画面处于前台
2025-10-20 23:12:06 [TRACE] 正在返回菜单,请保持游戏画面处于前台
2025-10-20 23:12:09 [TRACE] 正在返回菜单,请保持游戏画面处于前台
2025-10-20 23:12:13 [TRACE] 正在返回菜单,请保持游戏画面处于前台
2025-10-20 23:12:16 [TRACE] 正在返回菜单,请保持游戏画面处于前台
2025-10-20 23:12:19 [TRACE] 正在返回菜单,请保持游戏画面处于前台
2025-10-20 23:12:22 [TRACE] 正在返回菜单,请保持游戏画面处于前台
2025-10-20 23:12:26 [TRACE] 正在返回菜单,请保持游戏画面处于前台
2025-10-20 23:12:29 [TRACE] 正在返回菜单,请保持游戏画面处于前台
2025-10-20 23:12:32 [TRACE] 正在返回菜单,请保持游戏画面处于前台
2025-10-20 23:12:36 [TRACE] 正在返回菜单,请保持游戏画面处于前台
2025-10-20 23:12:39 [TRACE] 正在返回菜单,请保持游戏画面处于前台
2025-10-20 23:12:42 [TRACE] 正在返回菜单,请保持游戏画面处于前台
2025-10-20 23:12:45 [TRACE] 正在返回菜单,请保持游戏画面处于前台
2025-10-20 23:12:48 [TRACE] 正在返回菜单,请保持游戏画面处于前台
2025-10-20 23:12:52 [TRACE] 正在返回菜单,请保持游戏画面处于前台
2025-10-20 23:12:55 [TRACE] 正在返回菜单,请保持游戏画面处于前台
2025-10-20 23:12:58 [TRACE] 正在返回菜单,请保持游戏画面处于前台
2025-10-20 23:13:02 [TRACE] 正在返回菜单,请保持游戏画面处于前台
2025-10-20 23:13:05 [TRACE] 正在返回菜单,请保持游戏画面处于前台
2025-10-20 23:13:08 [TRACE] 正在返回菜单,请保持游戏画面处于前台
2025-10-20 23:13:11 [TRACE] 正在返回菜单,请保持游戏画面处于前台
2025-10-20 23:13:15 [TRACE] 正在返回菜单,请保持游戏画面处于前台
2025-10-20 23:13:18 [TRACE] 正在返回菜单,请保持游戏画面处于前台
2025-10-20 23:13:21 [TRACE] 正在返回菜单,请保持游戏画面处于前台
2025-10-20 23:13:24 [TRACE] 正在返回菜单,请保持游戏画面处于前台
2025-10-20 23:13:28 [TRACE] 正在返回菜单,请保持游戏画面处于前台
2025-10-20 23:13:31 [TRACE] 正在返回菜单,请保持游戏画面处于前台
2025-10-20 23:13:34 [TRACE] 正在返回菜单,请保持游戏画面处于前台
2025-10-20 23:13:37 [TRACE] 正在返回菜单,请保持游戏画面处于前台
2025-10-20 23:13:41 [TRACE] 正在返回菜单,请保持游戏画面处于前台
2025-10-20 23:13:44 [TRACE] 正在返回菜单,请保持游戏画面处于前台
2025-10-20 23:13:47 [TRACE] 正在返回菜单,请保持游戏画面处于前台
2025-10-20 23:13:51 [TRACE] 正在返回菜单,请保持游戏画面处于前台
2025-10-20 23:13:54 [TRACE] 正在返回菜单,请保持游戏画面处于前台
2025-10-20 23:13:57 [TRACE] 正在返回菜单,请保持游戏画面处于前台
2025-10-20 23:14:00 [TRACE] 正在返回菜单,请保持游戏画面处于前台
2025-10-20 23:14:04 [TRACE] 正在返回菜单,请保持游戏画面处于前台
2025-10-20 23:14:07 [TRACE] 正在返回菜单,请保持游戏画面处于前台
2025-10-20 23:14:10 [TRACE] 正在返回菜单,请保持游戏画面处于前台
2025-10-20 23:14:13 [TRACE] 正在返回菜单,请保持游戏画面处于前台
2025-10-20 23:14:17 [TRACE] 正在返回菜单,请保持游戏画面处于前台
2025-10-20 23:14:20 [TRACE] 正在返回菜单,请保持游戏画面处于前台
2025-10-20 23:14:23 [TRACE] 正在返回菜单,请保持游戏画面处于前台
2025-10-20 23:14:26 [TRACE] 正在返回菜单,请保持游戏画面处于前台
2025-10-20 23:14:30 [TRACE] 正在返回菜单,请保持游戏画面处于前台
2025-10-20 23:14:33 [TRACE] 正在返回菜单,请保持游戏画面处于前台
2025-10-20 23:14:36 [TRACE] 正在返回菜单,请保持游戏画面处于前台
2025-10-20 23:14:39 [TRACE] 正在返回菜单,请保持游戏画面处于前台
2025-10-20 23:14:43 [TRACE] 正在返回菜单,请保持游戏画面处于前台
2025-10-20 23:14:46 [TRACE] 正在返回菜单,请保持游戏画面处于前台
2025-10-20 23:14:49 [TRACE] 正在返回菜单,请保持游戏画面处于前台
2025-10-20 23:14:52 [TRACE] 正在返回菜单,请保持游戏画面处于前台
2025-10-20 23:14:56 [TRACE] 正在返回菜单,请保持游戏画面处于前台
2025-10-20 23:14:59 [TRACE] 正在返回菜单,请保持游戏画面处于前台
2025-10-20 23:15:02 [TRACE] 正在返回菜单,请保持游戏画面处于前台
2025-10-20 23:15:05 [TRACE] 正在返回菜单,请保持游戏画面处于前台
2025-10-20 23:15:09 [TRACE] 正在返回菜单,请保持游戏画面处于前台
2025-10-20 23:15:12 [TRACE] 正在返回菜单,请保持游戏画面处于前台
2025-10-20 23:15:15 [TRACE] 正在返回菜单,请保持游戏画面处于前台
2025-10-20 23:15:18 [TRACE] 正在返回菜单,请保持游戏画面处于前台
2025-10-20 23:15:22 [TRACE] 正在返回菜单,请保持游戏画面处于前台
2025-10-20 23:15:25 [TRACE] 正在返回菜单,请保持游戏画面处于前台
2025-10-20 23:15:28 [TRACE] 正在返回菜单,请保持游戏画面处于前台
2025-10-20 23:15:31 [TRACE] 正在返回菜单,请保持游戏画面处于前台
2025-10-20 23:15:35 [TRACE] 正在返回菜单,请保持游戏画面处于前台
2025-10-20 23:15:38 [TRACE] 正在返回菜单,请保持游戏画面处于前台
2025-10-20 23:15:41 [TRACE] 正在返回菜单,请保持游戏画面处于前台
2025-10-20 23:15:44 [TRACE] 正在返回菜单,请保持游戏画面处于前台
2025-10-20 23:15:48 [TRACE] 正在返回菜单,请保持游戏画面处于前台
2025-10-20 23:15:51 [TRACE] 正在返回菜单,请保持游戏画面处于前台
2025-10-20 23:15:54 [TRACE] 正在返回菜单,请保持游戏画面处于前台
2025-10-20 23:15:57 [TRACE] 正在返回菜单,请保持游戏画面处于前台
2025-10-20 23:16:01 [TRACE] 正在返回菜单,请保持游戏画面处于前台
2025-10-20 23:16:04 [TRACE] 正在返回菜单,请保持游戏画面处于前台
2025-10-20 23:16:07 [TRACE] 正在返回菜单,请保持游戏画面处于前台
2025-10-20 23:16:11 [TRACE] 正在返回菜单,请保持游戏画面处于前台
2025-10-20 23:16:14 [TRACE] 正在返回菜单,请保持游戏画面处于前台
2025-10-20 23:16:17 [TRACE] 正在返回菜单,请保持游戏画面处于前台
2025-10-20 23:16:20 [TRACE] 正在返回菜单,请保持游戏画面处于前台
2025-10-20 23:16:24 [TRACE] 正在返回菜单,请保持游戏画面处于前台
2025-10-20 23:16:27 [TRACE] 正在返回菜单,请保持游戏画面处于前台
2025-10-20 23:16:30 [TRACE] 正在返回菜单,请保持游戏画面处于前台
2025-10-20 23:16:33 [TRACE] 正在返回菜单,请保持游戏画面处于前台
2025-10-20 23:16:37 [TRACE] 正在返回菜单,请保持游戏画面处于前台
2025-10-20 23:16:40 [TRACE] 正在返回菜单,请保持游戏画面处于前台
2025-10-20 23:16:44 [TRACE] 正在返回菜单,请保持游戏画面处于前台
2025-10-20 23:16:47 [TRACE] 正在返回菜单,请保持游戏画面处于前台
2025-10-20 23:16:50 [TRACE] 正在返回菜单,请保持游戏画面处于前台
2025-10-20 23:16:53 [TRACE] 正在返回菜单,请保持游戏画面处于前台
2025-10-20 23:16:56 [TRACE] 正在返回菜单,请保持游戏画面处于前台
2025-10-20 23:17:00 [TRACE] 正在返回菜单,请保持游戏画面处于前台
2025-10-20 23:17:03 [TRACE] 正在返回菜单,请保持游戏画面处于前台
2025-10-20 23:17:06 [TRACE] 正在返回菜单,请保持游戏画面处于前台
2025-10-20 23:17:09 [TRACE] 正在返回菜单,请保持游戏画面处于前台
2025-10-20 23:17:13 [TRACE] 正在返回菜单,请保持游戏画面处于前台
2025-10-20 23:17:16 [TRACE] 正在返回菜单,请保持游戏画面处于前台
2025-10-20 23:17:19 [TRACE] 正在返回菜单,请保持游戏画面处于前台
2025-10-20 23:17:23 [TRACE] 正在返回菜单,请保持游戏画面处于前台
2025-10-20 23:17:26 [TRACE] 正在返回菜单,请保持游戏画面处于前台
2025-10-20 23:17:29 [TRACE] 正在返回菜单,请保持游戏画面处于前台
2025-10-20 23:17:32 [TRACE] 正在返回菜单,请保持游戏画面处于前台
2025-10-20 23:17:36 [TRACE] 正在返回菜单,请保持游戏画面处于前台
2025-10-20 23:17:39 [TRACE] 正在返回菜单,请保持游戏画面处于前台
2025-10-20 23:17:42 [TRACE] 正在返回菜单,请保持游戏画面处于前台
2025-10-20 23:17:45 [TRACE] 正在返回菜单,请保持游戏画面处于前台
2025-10-20 23:17:49 [TRACE] 正在返回菜单,请保持游戏画面处于前台
2025-10-20 23:17:52 [TRACE] 正在返回菜单,请保持游戏画面处于前台
2025-10-20 23:17:55 [TRACE] 正在返回菜单,请保持游戏画面处于前台
2025-10-20 23:17:58 [TRACE] 正在返回菜单,请保持游戏画面处于前台
2025-10-20 23:18:02 [TRACE] 正在返回菜单,请保持游戏画面处于前台
2025-10-20 23:18:05 [TRACE] 正在返回菜单,请保持游戏画面处于前台
2025-10-20 23:18:08 [TRACE] 正在返回菜单,请保持游戏画面处于前台
2025-10-20 23:18:11 [TRACE] 正在返回菜单,请保持游戏画面处于前台
2025-10-20 23:18:15 [TRACE] 正在返回菜单,请保持游戏画面处于前台
2025-10-20 23:18:18 [TRACE] 正在返回菜单,请保持游戏画面处于前台
2025-10-20 23:18:21 [TRACE] 正在返回菜单,请保持游戏画面处于前台
2025-10-20 23:18:24 [TRACE] 正在返回菜单,请保持游戏画面处于前台
2025-10-20 23:18:28 [TRACE] 正在返回菜单,请保持游戏画面处于前台
2025-10-20 23:18:31 [TRACE] 正在返回菜单,请保持游戏画面处于前台
2025-10-20 23:18:34 [TRACE] 正在返回菜单,请保持游戏画面处于前台
2025-10-20 23:18:37 [TRACE] 正在返回菜单,请保持游戏画面处于前台
2025-10-20 23:18:41 [TRACE] 正在返回菜单,请保持游戏画面处于前台
2025-10-20 23:18:44 [TRACE] 正在返回菜单,请保持游戏画面处于前台
2025-10-20 23:18:47 [TRACE] 正在返回菜单,请保持游戏画面处于前台
2025-10-20 23:18:50 [TRACE] 正在返回菜单,请保持游戏画面处于前台
2025-10-20 23:18:54 [TRACE] 正在返回菜单,请保持游戏画面处于前台
2025-10-20 23:18:57 [TRACE] 正在返回菜单,请保持游戏画面处于前台
2025-10-20 23:19:00 [TRACE] 正在返回菜单,请保持游戏画面处于前台
2025-10-20 23:19:03 [TRACE] 正在返回菜单,请保持游戏画面处于前台
2025-10-20 23:19:07 [TRACE] 正在返回菜单,请保持游戏画面处于前台
2025-10-20 23:19:10 [TRACE] 正在返回菜单,请保持游戏画面处于前台
2025-10-20 23:19:13 [TRACE] 正在返回菜单,请保持游戏画面处于前台
2025-10-20 23:19:16 [TRACE] 正在返回菜单,请保持游戏画面处于前台
2025-10-20 23:19:20 [TRACE] 正在返回菜单,请保持游戏画面处于前台
2025-10-20 23:19:23 [TRACE] 正在返回菜单,请保持游戏画面处于前台
2025-10-20 23:19:26 [TRACE] 正在返回菜单,请保持游戏画面处于前台
2025-10-20 23:19:29 [TRACE] 正在返回菜单,请保持游戏画面处于前台
2025-10-20 23:19:33 [TRACE] 正在返回菜单,请保持游戏画面处于前台
2025-10-20 23:19:36 [TRACE] 正在返回菜单,请保持游戏画面处于前台
2025-10-20 23:19:39 [TRACE] 正在返回菜单,请保持游戏画面处于前台
2025-10-20 23:19:42 [TRACE] 正在返回菜单,请保持游戏画面处于前台
2025-10-20 23:19:46 [TRACE] 正在返回菜单,请保持游戏画面处于前台
2025-10-20 23:19:49 [TRACE] 正在返回菜单,请保持游戏画面处于前台
2025-10-20 23:19:52 [TRACE] 正在返回菜单,请保持游戏画面处于前台
2025-10-20 23:19:56 [TRACE] 正在返回菜单,请保持游戏画面处于前台
2025-10-20 23:19:59 [TRACE] 正在返回菜单,请保持游戏画面处于前台
2025-10-20 23:20:02 [TRACE] 正在返回菜单,请保持游戏画面处于前台
2025-10-20 23:20:05 [TRACE] 正在返回菜单,请保持游戏画面处于前台
2025-10-20 23:20:09 [TRACE] 正在返回菜单,请保持游戏画面处于前台
2025-10-20 23:20:12 [TRACE] 正在返回菜单,请保持游戏画面处于前台
2025-10-20 23:20:15 [TRACE] 正在返回菜单,请保持游戏画面处于前台
2025-10-20 23:20:18 [TRACE] 正在返回菜单,请保持游戏画面处于前台
2025-10-20 23:20:22 [TRACE] 正在返回菜单,请保持游戏画面处于前台
2025-10-20 23:20:25 [TRACE] 正在返回菜单,请保持游戏画面处于前台
2025-10-20 23:20:28 [TRACE] 正在返回菜单,请保持游戏画面处于前台
2025-10-20 23:20:31 [TRACE] 正在返回菜单,请保持游戏画面处于前台
2025-10-20 23:20:35 [TRACE] 正在返回菜单,请保持游戏画面处于前台
2025-10-20 23:20:38 [TRACE] 正在返回菜单,请保持游戏画面处于前台
2025-10-20 23:20:41 [TRACE] 正在返回菜单,请保持游戏画面处于前台
2025-10-20 23:20:44 [TRACE] 正在返回菜单,请保持游戏画面处于前台
2025-10-20 23:20:47 [TRACE] 正在返回菜单,请保持游戏画面处于前台
2025-10-20 23:20:51 [TRACE] 正在返回菜单,请保持游戏画面处于前台
2025-10-20 23:20:54 [TRACE] 正在返回菜单,请保持游戏画面处于前台
2025-10-20 23:20:57 [TRACE] 正在返回菜单,请保持游戏画面处于前台
2025-10-20 23:21:00 [TRACE] 正在返回菜单,请保持游戏画面处于前台
2025-10-20 23:21:04 [TRACE] 正在返回菜单,请保持游戏画面处于前台
2025-10-20 23:21:07 [TRACE] 正在返回菜单,请保持游戏画面处于前台
2025-10-20 23:21:10 [TRACE] 正在返回菜单,请保持游戏画面处于前台
2025-10-20 23:21:13 [TRACE] 正在返回菜单,请保持游戏画面处于前台
2025-10-20 23:21:17 [TRACE] 正在返回菜单,请保持游戏画面处于前台
2025-10-20 23:21:20 [TRACE] 正在返回菜单,请保持游戏画面处于前台
2025-10-20 23:21:23 [TRACE] 正在返回菜单,请保持游戏画面处于前台
2025-10-20 23:21:27 [TRACE] 正在返回菜单,请保持游戏画面处于前台
2025-10-20 23:21:30 [TRACE] 正在返回菜单,请保持游戏画面处于前台
2025-10-20 23:21:33 [TRACE] 正在返回菜单,请保持游戏画面处于前台
2025-10-20 23:21:36 [TRACE] 正在返回菜单,请保持游戏画面处于前台
2025-10-20 23:21:39 [TRACE] 正在返回菜单,请保持游戏画面处于前台
2025-10-20 23:21:43 [TRACE] 正在返回菜单,请保持游戏画面处于前台
2025-10-20 23:21:46 [TRACE] 正在返回菜单,请保持游戏画面处于前台
2025-10-20 23:21:49 [TRACE] 正在返回菜单,请保持游戏画面处于前台
2025-10-20 23:21:52 [TRACE] 正在返回菜单,请保持游戏画面处于前台
2025-10-20 23:21:56 [TRACE] 正在返回菜单,请保持游戏画面处于前台
2025-10-20 23:21:59 [TRACE] 正在返回菜单,请保持游戏画面处于前台
2025-10-20 23:22:02 [TRACE] 正在返回菜单,请保持游戏画面处于前台
2025-10-20 23:22:06 [TRACE] 正在返回菜单,请保持游戏画面处于前台
2025-10-20 23:22:09 [TRACE] 正在返回菜单,请保持游戏画面处于前台
2025-10-20 23:22:12 [TRACE] 正在返回菜单,请保持游戏画面处于前台
2025-10-20 23:22:15 [TRACE] 正在返回菜单,请保持游戏画面处于前台
2025-10-20 23:22:19 [TRACE] 正在返回菜单,请保持游戏画面处于前台
2025-10-20 23:22:22 [TRACE] 正在返回菜单,请保持游戏画面处于前台
2025-10-20 23:22:25 [TRACE] 正在返回菜单,请保持游戏画面处于前台
2025-10-20 23:22:28 [TRACE] 正在返回菜单,请保持游戏画面处于前台
2025-10-20 23:22:32 [TRACE] 正在返回菜单,请保持游戏画面处于前台
2025-10-20 23:22:35 [TRACE] 正在返回菜单,请保持游戏画面处于前台
2025-10-20 23:22:38 [TRACE] 正在返回菜单,请保持游戏画面处于前台
2025-10-20 23:22:41 [TRACE] 正在返回菜单,请保持游戏画面处于前台
2025-10-20 23:22:45 [TRACE] 正在返回菜单,请保持游戏画面处于前台
2025-10-20 23:22:48 [TRACE] 正在返回菜单,请保持游戏画面处于前台
2025-10-20 23:22:51 [TRACE] 正在返回菜单,请保持游戏画面处于前台
2025-10-20 23:22:54 [TRACE] 正在返回菜单,请保持游戏画面处于前台
2025-10-20 23:22:58 [TRACE] 正在返回菜单,请保持游戏画面处于前台
2025-10-20 23:23:01 [TRACE] 正在返回菜单,请保持游戏画面处于前台
2025-10-20 23:23:04 [TRACE] 正在返回菜单,请保持游戏画面处于前台
2025-10-20 23:23:07 [TRACE] 正在返回菜单,请保持游戏画面处于前台
2025-10-20 23:23:11 [TRACE] 正在返回菜单,请保持游戏画面处于前台
2025-10-20 23:23:14 [TRACE] 正在返回菜单,请保持游戏画面处于前台
2025-10-20 23:23:17 [TRACE] 正在返回菜单,请保持游戏画面处于前台
2025-10-20 23:23:20 [TRACE] 正在返回菜单,请保持游戏画面处于前台
2025-10-20 23:23:24 [TRACE] 正在返回菜单,请保持游戏画面处于前台
2025-10-20 23:23:27 [TRACE] 正在返回菜单,请保持游戏画面处于前台
2025-10-20 23:23:30 [TRACE] 正在返回菜单,请保持游戏画面处于前台
2025-10-20 23:23:34 [TRACE] 正在返回菜单,请保持游戏画面处于前台
2025-10-20 23:23:37 [TRACE] 正在返回菜单,请保持游戏画面处于前台
2025-10-20 23:23:40 [TRACE] 正在返回菜单,请保持游戏画面处于前台
2025-10-20 23:23:43 [TRACE] 正在返回菜单,请保持游戏画面处于前台
2025-10-20 23:23:47 [TRACE] 正在返回菜单,请保持游戏画面处于前台
2025-10-20 23:23:50 [TRACE] 正在返回菜单,请保持游戏画面处于前台
2025-10-20 23:23:53 [TRACE] 正在返回菜单,请保持游戏画面处于前台
2025-10-20 23:23:56 [TRACE] 正在返回菜单,请保持游戏画面处于前台
2025-10-20 23:24:00 [TRACE] 正在返回菜单,请保持游戏画面处于前台
2025-10-20 23:24:03 [TRACE] 正在返回菜单,请保持游戏画面处于前台
2025-10-20 23:24:06 [TRACE] 正在返回菜单,请保持游戏画面处于前台
2025-10-20 23:24:09 [TRACE] 正在返回菜单,请保持游戏画面处于前台
2025-10-20 23:24:13 [TRACE] 正在返回菜单,请保持游戏画面处于前台
2025-10-20 23:24:16 [TRACE] 正在返回菜单,请保持游戏画面处于前台
2025-10-20 23:24:19 [TRACE] 正在返回菜单,请保持游戏画面处于前台
2025-10-20 23:24:22 [TRACE] 正在返回菜单,请保持游戏画面处于前台
2025-10-20 23:24:25 [TRACE] 正在返回菜单,请保持游戏画面处于前台
2025-10-20 23:24:29 [TRACE] 正在返回菜单,请保持游戏画面处于前台
2025-10-20 23:24:32 [TRACE] 正在返回菜单,请保持游戏画面处于前台
2025-10-20 23:24:35 [TRACE] 正在返回菜单,请保持游戏画面处于前台
2025-10-20 23:24:38 [TRACE] 正在返回菜单,请保持游戏画面处于前台
2025-10-20 23:24:42 [TRACE] 正在返回菜单,请保持游戏画面处于前台
2025-10-20 23:24:45 [TRACE] 正在返回菜单,请保持游戏画面处于前台
2025-10-20 23:24:48 [TRACE] 正在返回菜单,请保持游戏画面处于前台
2025-10-20 23:24:51 [TRACE] 正在返回菜单,请保持游戏画面处于前台
2025-10-20 23:24:55 [TRACE] 正在返回菜单,请保持游戏画面处于前台
2025-10-20 23:24:58 [TRACE] 正在返回菜单,请保持游戏画面处于前台
2025-10-20 23:25:01 [TRACE] 正在返回菜单,请保持游戏画面处于前台
2025-10-20 23:25:04 [TRACE] 正在返回菜单,请保持游戏画面处于前台
2025-10-20 23:25:08 [TRACE] 正在返回菜单,请保持游戏画面处于前台
2025-10-20 23:25:11 [TRACE] 正在返回菜单,请保持游戏画面处于前台
2025-10-20 23:25:15 [TRACE] 正在返回菜单,请保持游戏画面处于前台
2025-10-20 23:25:18 [TRACE] 正在返回菜单,请保持游戏画面处于前台
2025-10-20 23:25:21 [TRACE] 正在返回菜单,请保持游戏画面处于前台
2025-10-20 23:25:24 [TRACE] 正在返回菜单,请保持游戏画面处于前台
2025-10-20 23:25:27 [TRACE] 正在返回菜单,请保持游戏画面处于前台
2025-10-20 23:25:31 [TRACE] 正在返回菜单,请保持游戏画面处于前台
2025-10-20 23:25:34 [TRACE] 正在返回菜单,请保持游戏画面处于前台
2025-10-20 23:25:37 [TRACE] 正在返回菜单,请保持游戏画面处于前台
2025-10-20 23:25:40 [TRACE] 正在返回菜单,请保持游戏画面处于前台
2025-10-20 23:25:44 [TRACE] 正在返回菜单,请保持游戏画面处于前台
2025-10-20 23:25:47 [TRACE] 正在返回菜单,请保持游戏画面处于前台
2025-10-20 23:25:50 [TRACE] 正在返回菜单,请保持游戏画面处于前台
2025-10-20 23:25:53 [TRACE] 正在返回菜单,请保持游戏画面处于前台
2025-10-20 23:25:57 [TRACE] 正在返回菜单,请保持游戏画面处于前台
2025-10-20 23:26:00 [TRACE] 正在返回菜单,请保持游戏画面处于前台
2025-10-20 23:26:03 [TRACE] 正在返回菜单,请保持游戏画面处于前台
2025-10-20 23:26:06 [TRACE] 正在返回菜单,请保持游戏画面处于前台
2025-10-20 23:26:10 [TRACE] 正在返回菜单,请保持游戏画面处于前台
2025-10-20 23:26:13 [TRACE] 正在返回菜单,请保持游戏画面处于前台
2025-10-20 23:26:16 [TRACE] 正在返回菜单,请保持游戏画面处于前台
2025-10-20 23:26:19 [TRACE] 正在返回菜单,请保持游戏画面处于前台
2025-10-20 23:26:23 [TRACE] 正在返回菜单,请保持游戏画面处于前台
2025-10-20 23:26:26 [TRACE] 正在返回菜单,请保持游戏画面处于前台
2025-10-20 23:26:29 [TRACE] 正在返回菜单,请保持游戏画面处于前台
2025-10-20 23:26:33 [TRACE] 正在返回菜单,请保持游戏画面处于前台
2025-10-20 23:26:36 [TRACE] 正在返回菜单,请保持游戏画面处于前台
2025-10-20 23:26:39 [TRACE] 正在返回菜单,请保持游戏画面处于前台
2025-10-20 23:26:42 [TRACE] 正在返回菜单,请保持游戏画面处于前台
2025-10-20 23:26:46 [TRACE] 正在返回菜单,请保持游戏画面处于前台
2025-10-20 23:26:49 [TRACE] 正在返回菜单,请保持游戏画面处于前台
2025-10-20 23:26:52 [TRACE] 正在返回菜单,请保持游戏画面处于前台
2025-10-20 23:26:55 [TRACE] 正在返回菜单,请保持游戏画面处于前台
2025-10-20 23:26:58 [TRACE] 正在返回菜单,请保持游戏画面处于前台
2025-10-20 23:27:02 [TRACE] 正在返回菜单,请保持游戏画面处于前台
2025-10-20 23:27:05 [TRACE] 正在返回菜单,请保持游戏画面处于前台
2025-10-20 23:27:08 [TRACE] 正在返回菜单,请保持游戏画面处于前台
2025-10-20 23:27:12 [TRACE] 正在返回菜单,请保持游戏画面处于前台
2025-10-20 23:27:15 [TRACE] 正在返回菜单,请保持游戏画面处于前台
2025-10-20 23:27:18 [TRACE] 正在返回菜单,请保持游戏画面处于前台
2025-10-20 23:27:21 [TRACE] 正在返回菜单,请保持游戏画面处于前台
2025-10-20 23:27:24 [TRACE] 正在返回菜单,请保持游戏画面处于前台
2025-10-20 23:27:28 [TRACE] 正在返回菜单,请保持游戏画面处于前台
2025-10-20 23:27:31 [TRACE] 正在返回菜单,请保持游戏画面处于前台
2025-10-20 23:27:34 [TRACE] 正在返回菜单,请保持游戏画面处于前台
2025-10-20 23:27:37 [TRACE] 正在返回菜单,请保持游戏画面处于前台
2025-10-20 23:27:41 [TRACE] 正在返回菜单,请保持游戏画面处于前台
2025-10-20 23:27:44 [TRACE] 正在返回菜单,请保持游戏画面处于前台
2025-10-20 23:27:47 [TRACE] 正在返回菜单,请保持游戏画面处于前台
2025-10-20 23:27:50 [TRACE] 正在返回菜单,请保持游戏画面处于前台
2025-10-20 23:27:54 [TRACE] 正在返回菜单,请保持游戏画面处于前台
2025-10-20 23:27:57 [TRACE] 正在返回菜单,请保持游戏画面处于前台
2025-10-20 23:28:00 [TRACE] 正在返回菜单,请保持游戏画面处于前台
2025-10-20 23:28:03 [TRACE] 正在返回菜单,请保持游戏画面处于前台
2025-10-20 23:28:07 [TRACE] 正在返回菜单,请保持游戏画面处于前台
2025-10-20 23:28:10 [TRACE] 正在返回菜单,请保持游戏画面处于前台
2025-10-20 23:28:13 [TRACE] 正在返回菜单,请保持游戏画面处于前台
2025-10-20 23:28:16 [TRACE] 正在返回菜单,请保持游戏画面处于前台
2025-10-20 23:28:20 [TRACE] 正在返回菜单,请保持游戏画面处于前台
2025-10-20 23:28:23 [TRACE] 正在返回菜单,请保持游戏画面处于前台
2025-10-20 23:28:26 [TRACE] 正在返回菜单,请保持游戏画面处于前台
2025-10-20 23:28:30 [TRACE] 正在返回菜单,请保持游戏画面处于前台
2025-10-20 23:28:33 [TRACE] 正在返回菜单,请保持游戏画面处于前台
2025-10-20 23:28:36 [TRACE] 正在返回菜单,请保持游戏画面处于前台
2025-10-20 23:28:39 [TRACE] 正在返回菜单,请保持游戏画面处于前台
2025-10-20 23:28:43 [TRACE] 正在返回菜单,请保持游戏画面处于前台
2025-10-20 23:28:46 [TRACE] 正在返回菜单,请保持游戏画面处于前台
2025-10-20 23:28:49 [TRACE] 正在返回菜单,请保持游戏画面处于前台
2025-10-20 23:28:52 [TRACE] 正在返回菜单,请保持游戏画面处于前台
2025-10-20 23:28:56 [TRACE] 正在返回菜单,请保持游戏画面处于前台
2025-10-20 23:28:59 [TRACE] 正在返回菜单,请保持游戏画面处于前台
2025-10-20 23:29:02 [TRACE] 正在返回菜单,请保持游戏画面处于前台
2025-10-20 23:29:05 [TRACE] 正在返回菜单,请保持游戏画面处于前台
2025-10-20 23:29:09 [TRACE] 正在返回菜单,请保持游戏画面处于前台
2025-10-20 23:29:12 [TRACE] 正在返回菜单,请保持游戏画面处于前台
2025-10-20 23:29:15 [TRACE] 正在返回菜单,请保持游戏画面处于前台
2025-10-20 23:29:18 [TRACE] 正在返回菜单,请保持游戏画面处于前台
2025-10-20 23:29:22 [TRACE] 正在返回菜单,请保持游戏画面处于前台
2025-10-20 23:29:25 [TRACE] 正在返回菜单,请保持游戏画面处于前台
2025-10-20 23:29:28 [TRACE] 正在返回菜单,请保持游戏画面处于前台
2025-10-20 23:29:31 [TRACE] 正在返回菜单,请保持游戏画面处于前台
2025-10-20 23:29:35 [TRACE] 正在返回菜单,请保持游戏画面处于前台
2025-10-20 23:29:38 [TRACE] 正在返回菜单,请保持游戏画面处于前台
2025-10-20 23:29:41 [TRACE] 正在返回菜单,请保持游戏画面处于前台
2025-10-20 23:29:44 [TRACE] 正在返回菜单,请保持游戏画面处于前台
2025-10-20 23:29:48 [TRACE] 正在返回菜单,请保持游戏画面处于前台
2025-10-20 23:29:51 [TRACE] 正在返回菜单,请保持游戏画面处于前台
2025-10-20 23:29:54 [TRACE] 正在返回菜单,请保持游戏画面处于前台
2025-10-20 23:29:58 [TRACE] 正在返回菜单,请保持游戏画面处于前台
2025-10-20 23:30:01 [TRACE] 正在返回菜单,请保持游戏画面处于前台
2025-10-20 23:30:04 [TRACE] 正在返回菜单,请保持游戏画面处于前台
2025-10-20 23:30:07 [TRACE] 正在返回菜单,请保持游戏画面处于前台
2025-10-20 23:30:10 [TRACE] 正在返回菜单,请保持游戏画面处于前台
2025-10-20 23:30:14 [TRACE] 正在返回菜单,请保持游戏画面处于前台
2025-10-20 23:30:17 [TRACE] 正在返回菜单,请保持游戏画面处于前台
2025-10-20 23:30:20 [TRACE] 正在返回菜单,请保持游戏画面处于前台
2025-10-20 23:30:24 [TRACE] 正在返回菜单,请保持游戏画面处于前台
2025-10-20 23:30:27 [TRACE] 正在返回菜单,请保持游戏画面处于前台
2025-10-20 23:30:30 [TRACE] 正在返回菜单,请保持游戏画面处于前台
2025-10-20 23:30:33 [TRACE] 正在返回菜单,请保持游戏画面处于前台
2025-10-20 23:30:37 [TRACE] 正在返回菜单,请保持游戏画面处于前台
2025-10-20 23:30:40 [TRACE] 正在返回菜单,请保持游戏画面处于前台
2025-10-20 23:30:43 [TRACE] 正在返回菜单,请保持游戏画面处于前台
2025-10-20 23:30:46 [TRACE] 正在返回菜单,请保持游戏画面处于前台
2025-10-20 23:30:50 [TRACE] 正在返回菜单,请保持游戏画面处于前台
2025-10-20 23:30:53 [TRACE] 正在返回菜单,请保持游戏画面处于前台
2025-10-20 23:30:56 [TRACE] 正在返回菜单,请保持游戏画面处于前台
2025-10-20 23:30:59 [TRACE] 正在返回菜单,请保持游戏画面处于前台
2025-10-20 23:31:02 [TRACE] 正在返回菜单,请保持游戏画面处于前台
2025-10-20 23:31:06 [TRACE] 正在返回菜单,请保持游戏画面处于前台
2025-10-20 23:31:09 [TRACE] 正在返回菜单,请保持游戏画面处于前台
2025-10-20 23:31:12 [TRACE] 正在返回菜单,请保持游戏画面处于前台
2025-10-20 23:31:15 [TRACE] 正在返回菜单,请保持游戏画面处于前台
2025-10-20 23:31:19 [TRACE] 正在返回菜单,请保持游戏画面处于前台
2025-10-20 23:31:22 [TRACE] 正在返回菜单,请保持游戏画面处于前台
2025-10-20 23:31:25 [TRACE] 正在返回菜单,请保持游戏画面处于前台
2025-10-20 23:31:29 [TRACE] 正在返回菜单,请保持游戏画面处于前台
2025-10-20 23:31:32 [TRACE] 正在返回菜单,请保持游戏画面处于前台
2025-10-20 23:31:35 [TRACE] 正在返回菜单,请保持游戏画面处于前台
2025-10-20 23:31:38 [TRACE] 正在返回菜单,请保持游戏画面处于前台
2025-10-20 23:31:42 [TRACE] 正在返回菜单,请保持游戏画面处于前台
2025-10-20 23:31:45 [TRACE] 正在返回菜单,请保持游戏画面处于前台
2025-10-20 23:31:48 [TRACE] 正在返回菜单,请保持游戏画面处于前台
2025-10-20 23:31:51 [TRACE] 正在返回菜单,请保持游戏画面处于前台
2025-10-20 23:31:55 [TRACE] 正在返回菜单,请保持游戏画面处于前台
2025-10-20 23:31:58 [TRACE] 正在返回菜单,请保持游戏画面处于前台
2025-10-20 23:32:01 [TRACE] 正在返回菜单,请保持游戏画面处于前台
2025-10-20 23:32:04 [TRACE] 正在返回菜单,请保持游戏画面处于前台
2025-10-20 23:32:08 [TRACE] 正在返回菜单,请保持游戏画面处于前台
2025-10-20 23:32:11 [TRACE] 正在返回菜单,请保持游戏画面处于前台
2025-10-20 23:32:14 [TRACE] 正在返回菜单,请保持游戏画面处于前台
2025-10-20 23:32:18 [TRACE] 正在返回菜单,请保持游戏画面处于前台
2025-10-20 23:32:21 [TRACE] 正在返回菜单,请保持游戏画面处于前台
2025-10-20 23:32:24 [TRACE] 正在返回菜单,请保持游戏画面处于前台
2025-10-20 23:32:27 [TRACE] 正在返回菜单,请保持游戏画面处于前台
2025-10-20 23:32:30 [TRACE] 正在返回菜单,请保持游戏画面处于前台
2025-10-20 23:32:34 [TRACE] 正在返回菜单,请保持游戏画面处于前台
2025-10-20 23:32:37 [TRACE] 正在返回菜单,请保持游戏画面处于前台
2025-10-20 23:32:40 [TRACE] 正在返回菜单,请保持游戏画面处于前台
2025-10-20 23:32:43 [TRACE] 正在返回菜单,请保持游戏画面处于前台
2025-10-20 23:32:47 [TRACE] 正在返回菜单,请保持游戏画面处于前台
2025-10-20 23:32:50 [TRACE] 正在返回菜单,请保持游戏画面处于前台
2025-10-20 23:32:53 [TRACE] 正在返回菜单,请保持游戏画面处于前台
2025-10-20 23:32:57 [TRACE] 正在返回菜单,请保持游戏画面处于前台
2025-10-20 23:33:00 [TRACE] 正在返回菜单,请保持游戏画面处于前台
2025-10-20 23:33:03 [TRACE] 正在返回菜单,请保持游戏画面处于前台
2025-10-20 23:33:06 [TRACE] 正在返回菜单,请保持游戏画面处于前台
2025-10-20 23:33:10 [TRACE] 正在返回菜单,请保持游戏画面处于前台
2025-10-20 23:33:13 [TRACE] 正在返回菜单,请保持游戏画面处于前台
2025-10-20 23:33:16 [TRACE] 正在返回菜单,请保持游戏画面处于前台
2025-10-20 23:33:19 [TRACE] 正在返回菜单,请保持游戏画面处于前台
2025-10-20 23:33:23 [TRACE] 正在返回菜单,请保持游戏画面处于前台
2025-10-20 23:33:26 [TRACE] 正在返回菜单,请保持游戏画面处于前台
2025-10-20 23:33:29 [TRACE] 正在返回菜单,请保持游戏画面处于前台
2025-10-20 23:33:32 [TRACE] 正在返回菜单,请保持游戏画面处于前台
2025-10-20 23:33:36 [TRACE] 正在返回菜单,请保持游戏画面处于前台
2025-10-20 23:33:39 [TRACE] 正在返回菜单,请保持游戏画面处于前台
2025-10-20 23:33:42 [TRACE] 正在返回菜单,请保持游戏画面处于前台
2025-10-20 23:33:46 [TRACE] 正在返回菜单,请保持游戏画面处于前台
2025-10-20 23:33:49 [TRACE] 正在返回菜单,请保持游戏画面处于前台
2025-10-20 23:33:52 [TRACE] 正在返回菜单,请保持游戏画面处于前台
2025-10-20 23:33:55 [TRACE] 正在返回菜单,请保持游戏画面处于前台
2025-10-20 23:33:58 [TRACE] 正在返回菜单,请保持游戏画面处于前台
2025-10-20 23:34:02 [TRACE] 正在返回菜单,请保持游戏画面处于前台
2025-10-20 23:34:05 [TRACE] 正在返回菜单,请保持游戏画面处于前台
2025-10-20 23:34:08 [TRACE] 正在返回菜单,请保持游戏画面处于前台
2025-10-20 23:34:12 [TRACE] 正在返回菜单,请保持游戏画面处于前台
2025-10-20 23:34:15 [TRACE] 正在返回菜单,请保持游戏画面处于前台
2025-10-20 23:34:18 [TRACE] 正在返回菜单,请保持游戏画面处于前台
2025-10-20 23:34:21 [TRACE] 正在返回菜单,请保持游戏画面处于前台
2025-10-20 23:34:25 [TRACE] 正在返回菜单,请保持游戏画面处于前台
2025-10-20 23:34:28 [TRACE] 正在返回菜单,请保持游戏画面处于前台
2025-10-20 23:34:31 [TRACE] 正在返回菜单,请保持游戏画面处于前台
2025-10-20 23:34:34 [TRACE] 正在返回菜单,请保持游戏画面处于前台
2025-10-20 23:34:38 [TRACE] 正在返回菜单,请保持游戏画面处于前台
2025-10-20 23:34:41 [TRACE] 正在返回菜单,请保持游戏画面处于前台
2025-10-20 23:34:44 [TRACE] 正在返回菜单,请保持游戏画面处于前台
2025-10-20 23:34:47 [TRACE] 正在返回菜单,请保持游戏画面处于前台
2025-10-20 23:34:51 [TRACE] 正在返回菜单,请保持游戏画面处于前台
2025-10-20 23:34:54 [TRACE] 正在返回菜单,请保持游戏画面处于前台
2025-10-20 23:34:57 [TRACE] 正在返回菜单,请保持游戏画面处于前台
2025-10-20 23:35:00 [TRACE] 正在返回菜单,请保持游戏画面处于前台
2025-10-20 23:35:04 [TRACE] 正在返回菜单,请保持游戏画面处于前台
2025-10-20 23:35:07 [TRACE] 正在返回菜单,请保持游戏画面处于前台
2025-10-20 23:35:10 [TRACE] 正在返回菜单,请保持游戏画面处于前台
2025-10-20 23:35:13 [TRACE] 正在返回菜单,请保持游戏画面处于前台
2025-10-20 23:35:17 [TRACE] 正在返回菜单,请保持游戏画面处于前台
2025-10-20 23:35:20 [TRACE] 正在返回菜单,请保持游戏画面处于前台
2025-10-20 23:35:23 [TRACE] 正在返回菜单,请保持游戏画面处于前台
2025-10-20 23:35:26 [TRACE] 正在返回菜单,请保持游戏画面处于前台
2025-10-20 23:35:29 [TRACE] 正在返回菜单,请保持游戏画面处于前台
2025-10-20 23:35:33 [TRACE] 正在返回菜单,请保持游戏画面处于前台
2025-10-20 23:35:36 [TRACE] 正在返回菜单,请保持游戏画面处于前台
2025-10-20 23:35:39 [TRACE] 正在返回菜单,请保持游戏画面处于前台
2025-10-20 23:35:43 [TRACE] 正在返回菜单,请保持游戏画面处于前台
2025-10-20 23:35:46 [TRACE] 正在返回菜单,请保持游戏画面处于前台
2025-10-20 23:35:49 [TRACE] 正在返回菜单,请保持游戏画面处于前台
2025-10-20 23:35:52 [TRACE] 正在返回菜单,请保持游戏画面处于前台
2025-10-20 23:35:56 [TRACE] 正在返回菜单,请保持游戏画面处于前台
2025-10-20 23:35:59 [TRACE] 正在返回菜单,请保持游戏画面处于前台
2025-10-20 23:36:02 [TRACE] 正在返回菜单,请保持游戏画面处于前台
2025-10-20 23:36:05 [TRACE] 正在返回菜单,请保持游戏画面处于前台
2025-10-20 23:36:09 [TRACE] 正在返回菜单,请保持游戏画面处于前台
2025-10-20 23:36:12 [TRACE] 正在返回菜单,请保持游戏画面处于前台
2025-10-20 23:36:15 [TRACE] 正在返回菜单,请保持游戏画面处于前台
2025-10-20 23:36:19 [TRACE] 正在返回菜单,请保持游戏画面处于前台
2025-10-20 23:36:22 [TRACE] 正在返回菜单,请保持游戏画面处于前台
2025-10-20 23:36:25 [TRACE] 正在返回菜单,请保持游戏画面处于前台
2025-10-20 23:36:28 [TRACE] 正在返回菜单,请保持游戏画面处于前台
2025-10-20 23:36:32 [TRACE] 正在返回菜单,请保持游戏画面处于前台
2025-10-20 23:36:35 [TRACE] 正在返回菜单,请保持游戏画面处于前台
2025-10-20 23:36:38 [TRACE] 正在返回菜单,请保持游戏画面处于前台
2025-10-20 23:36:41 [TRACE] 正在返回菜单,请保持游戏画面处于前台
2025-10-20 23:36:45 [TRACE] 正在返回菜单,请保持游戏画面处于前台
2025-10-20 23:36:48 [TRACE] 正在返回菜单,请保持游戏画面处于前台
2025-10-20 23:36:51 [TRACE] 正在返回菜单,请保持游戏画面处于前台
2025-10-20 23:36:54 [TRACE] 正在返回菜单,请保持游戏画面处于前台
2025-10-20 23:36:58 [TRACE] 正在返回菜单,请保持游戏画面处于前台
2025-10-20 23:37:01 [TRACE] 正在返回菜单,请保持游戏画面处于前台
2025-10-20 23:37:04 [TRACE] 正在返回菜单,请保持游戏画面处于前台
2025-10-20 23:37:07 [TRACE] 正在返回菜单,请保持游戏画面处于前台
2025-10-20 23:37:11 [TRACE] 正在返回菜单,请保持游戏画面处于前台
2025-10-20 23:37:14 [TRACE] 正在返回菜单,请保持游戏画面处于前台
2025-10-20 23:37:17 [TRACE] 正在返回菜单,请保持游戏画面处于前台
2025-10-20 23:37:20 [TRACE] 正在返回菜单,请保持游戏画面处于前台
2025-10-20 23:37:24 [TRACE] 正在返回菜单,请保持游戏画面处于前台
2025-10-20 23:37:27 [TRACE] 正在返回菜单,请保持游戏画面处于前台
2025-10-20 23:37:31 [TRACE] 正在返回菜单,请保持游戏画面处于前台
2025-10-20 23:37:34 [TRACE] 正在返回菜单,请保持游戏画面处于前台
2025-10-20 23:37:37 [TRACE] 正在返回菜单,请保持游戏画面处于前台
2025-10-20 23:37:40 [TRACE] 正在返回菜单,请保持游戏画面处于前台
2025-10-20 23:37:44 [TRACE] 正在返回菜单,请保持游戏画面处于前台
2025-10-20 23:37:47 [TRACE] 正在返回菜单,请保持游戏画面处于前台
2025-10-20 23:37:50 [TRACE] 正在返回菜单,请保持游戏画面处于前台
2025-10-20 23:37:53 [TRACE] 正在返回菜单,请保持游戏画面处于前台
2025-10-20 23:37:56 [TRACE] 正在返回菜单,请保持游戏画面处于前台
2025-10-20 23:38:00 [TRACE] 正在返回菜单,请保持游戏画面处于前台
2025-10-20 23:38:03 [TRACE] 正在返回菜单,请保持游戏画面处于前台
2025-10-20 23:38:06 [TRACE] 正在返回菜单,请保持游戏画面处于前台
2025-10-20 23:38:09 [TRACE] 正在返回菜单,请保持游戏画面处于前台
2025-10-20 23:38:13 [TRACE] 正在返回菜单,请保持游戏画面处于前台
2025-10-20 23:38:16 [TRACE] 正在返回菜单,请保持游戏画面处于前台
2025-10-20 23:38:19 [TRACE] 正在返回菜单,请保持游戏画面处于前台
2025-10-20 23:38:22 [TRACE] 正在返回菜单,请保持游戏画面处于前台
2025-10-20 23:38:26 [TRACE] 正在返回菜单,请保持游戏画面处于前台
2025-10-20 23:38:29 [TRACE] 正在返回菜单,请保持游戏画面处于前台
2025-10-20 23:38:32 [TRACE] 正在返回菜单,请保持游戏画面处于前台
2025-10-20 23:38:35 [TRACE] 正在返回菜单,请保持游戏画面处于前台
2025-10-20 23:38:39 [TRACE] 正在返回菜单,请保持游戏画面处于前台
2025-10-20 23:38:42 [TRACE] 正在返回菜单,请保持游戏画面处于前台
2025-10-20 23:38:45 [TRACE] 正在返回菜单,请保持游戏画面处于前台
2025-10-20 23:38:49 [TRACE] 正在返回菜单,请保持游戏画面处于前台
2025-10-20 23:38:52 [TRACE] 正在返回菜单,请保持游戏画面处于前台
2025-10-20 23:38:55 [TRACE] 正在返回菜单,请保持游戏画面处于前台
2025-10-20 23:38:58 [TRACE] 正在返回菜单,请保持游戏画面处于前台
2025-10-20 23:39:02 [TRACE] 正在返回菜单,请保持游戏画面处于前台
2025-10-20 23:39:05 [TRACE] 正在返回菜单,请保持游戏画面处于前台
2025-10-20 23:39:08 [TRACE] 正在返回菜单,请保持游戏画面处于前台
2025-10-20 23:39:11 [TRACE] 正在返回菜单,请保持游戏画面处于前台
2025-10-20 23:39:15 [TRACE] 正在返回菜单,请保持游戏画面处于前台
2025-10-20 23:39:18 [TRACE] 正在返回菜单,请保持游戏画面处于前台
2025-10-20 23:39:21 [TRACE] 正在返回菜单,请保持游戏画面处于前台
2025-10-20 23:39:24 [TRACE] 正在返回菜单,请保持游戏画面处于前台
2025-10-20 23:39:28 [TRACE] 正在返回菜单,请保持游戏画面处于前台
2025-10-20 23:39:31 [TRACE] 正在返回菜单,请保持游戏画面处于前台
2025-10-20 23:39:34 [TRACE] 正在返回菜单,请保持游戏画面处于前台
2025-10-20 23:39:37 [TRACE] 正在返回菜单,请保持游戏画面处于前台
2025-10-20 23:39:40 [TRACE] 正在返回菜单,请保持游戏画面处于前台
2025-10-20 23:39:44 [TRACE] 正在返回菜单,请保持游戏画面处于前台
2025-10-20 23:39:47 [TRACE] 正在返回菜单,请保持游戏画面处于前台
2025-10-20 23:39:50 [TRACE] 正在返回菜单,请保持游戏画面处于前台
2025-10-20 23:39:54 [TRACE] 正在返回菜单,请保持游戏画面处于前台
2025-10-20 23:39:57 [TRACE] 正在返回菜单,请保持游戏画面处于前台
2025-10-20 23:40:00 [TRACE] 正在返回菜单,请保持游戏画面处于前台
2025-10-20 23:40:04 [TRACE] 正在返回菜单,请保持游戏画面处于前台
2025-10-20 23:40:07 [TRACE] 正在返回菜单,请保持游戏画面处于前台
2025-10-20 23:40:10 [TRACE] 正在返回菜单,请保持游戏画面处于前台
2025-10-20 23:40:13 [TRACE] 正在返回菜单,请保持游戏画面处于前台
2025-10-20 23:40:16 [TRACE] 正在返回菜单,请保持游戏画面处于前台
2025-10-20 23:40:20 [TRACE] 正在返回菜单,请保持游戏画面处于前台
2025-10-20 23:40:23 [TRACE] 正在返回菜单,请保持游戏画面处于前台
2025-10-20 23:40:26 [TRACE] 正在返回菜单,请保持游戏画面处于前台
2025-10-20 23:40:29 [TRACE] 正在返回菜单,请保持游戏画面处于前台
2025-10-20 23:40:33 [TRACE] 正在返回菜单,请保持游戏画面处于前台
2025-10-20 23:40:36 [TRACE] 正在返回菜单,请保持游戏画面处于前台
2025-10-20 23:40:39 [TRACE] 正在返回菜单,请保持游戏画面处于前台
2025-10-20 23:40:42 [TRACE] 正在返回菜单,请保持游戏画面处于前台
2025-10-20 23:40:46 [TRACE] 正在返回菜单,请保持游戏画面处于前台
2025-10-20 23:40:49 [TRACE] 正在返回菜单,请保持游戏画面处于前台
2025-10-20 23:40:52 [TRACE] 正在返回菜单,请保持游戏画面处于前台
2025-10-20 23:40:55 [TRACE] 正在返回菜单,请保持游戏画面处于前台
2025-10-20 23:40:59 [TRACE] 正在返回菜单,请保持游戏画面处于前台
2025-10-20 23:41:02 [TRACE] 正在返回菜单,请保持游戏画面处于前台
2025-10-20 23:41:05 [TRACE] 正在返回菜单,请保持游戏画面处于前台
2025-10-20 23:41:08 [TRACE] 正在返回菜单,请保持游戏画面处于前台
2025-10-20 23:41:12 [TRACE] 正在返回菜单,请保持游戏画面处于前台
2025-10-20 23:41:15 [TRACE] 正在返回菜单,请保持游戏画面处于前台
2025-10-20 23:41:18 [TRACE] 正在返回菜单,请保持游戏画面处于前台
2025-10-20 23:41:21 [TRACE] 正在返回菜单,请保持游戏画面处于前台
2025-10-20 23:41:25 [TRACE] 正在返回菜单,请保持游戏画面处于前台
2025-10-20 23:41:28 [TRACE] 正在返回菜单,请保持游戏画面处于前台
2025-10-20 23:41:31 [TRACE] 正在返回菜单,请保持游戏画面处于前台
2025-10-20 23:41:34 [TRACE] 正在返回菜单,请保持游戏画面处于前台
2025-10-20 23:41:38 [TRACE] 正在返回菜单,请保持游戏画面处于前台
2025-10-20 23:41:41 [TRACE] 正在返回菜单,请保持游戏画面处于前台
2025-10-20 23:41:44 [TRACE] 正在返回菜单,请保持游戏画面处于前台
2025-10-20 23:41:47 [TRACE] 正在返回菜单,请保持游戏画面处于前台
2025-10-20 23:41:51 [TRACE] 正在返回菜单,请保持游戏画面处于前台
2025-10-20 23:41:54 [TRACE] 正在返回菜单,请保持游戏画面处于前台
2025-10-20 23:41:57 [TRACE] 正在返回菜单,请保持游戏画面处于前台
2025-10-20 23:42:01 [TRACE] 正在返回菜单,请保持游戏画面处于前台
2025-10-20 23:42:04 [TRACE] 正在返回菜单,请保持游戏画面处于前台
2025-10-20 23:42:07 [TRACE] 正在返回菜单,请保持游戏画面处于前台
2025-10-20 23:42:10 [TRACE] 正在返回菜单,请保持游戏画面处于前台
2025-10-20 23:42:13 [TRACE] 正在返回菜单,请保持游戏画面处于前台
2025-10-20 23:42:17 [TRACE] 正在返回菜单,请保持游戏画面处于前台
2025-10-20 23:42:20 [TRACE] 正在返回菜单,请保持游戏画面处于前台
2025-10-20 23:42:23 [TRACE] 正在返回菜单,请保持游戏画面处于前台
2025-10-20 23:42:26 [TRACE] 正在返回菜单,请保持游戏画面处于前台
2025-10-20 23:42:30 [TRACE] 正在返回菜单,请保持游戏画面处于前台
2025-10-20 23:42:33 [TRACE] 正在返回菜单,请保持游戏画面处于前台
2025-10-20 23:42:36 [TRACE] 正在返回菜单,请保持游戏画面处于前台
2025-10-20 23:42:39 [TRACE] 正在返回菜单,请保持游戏画面处于前台
2025-10-20 23:42:43 [TRACE] 正在返回菜单,请保持游戏画面处于前台
2025-10-20 23:42:46 [TRACE] 正在返回菜单,请保持游戏画面处于前台
2025-10-20 23:42:49 [TRACE] 正在返回菜单,请保持游戏画面处于前台
2025-10-20 23:42:53 [TRACE] 正在返回菜单,请保持游戏画面处于前台
2025-10-20 23:42:56 [TRACE] 正在返回菜单,请保持游戏画面处于前台
2025-10-20 23:42:59 [TRACE] 正在返回菜单,请保持游戏画面处于前台
2025-10-20 23:43:02 [TRACE] 正在返回菜单,请保持游戏画面处于前台
2025-10-20 23:43:06 [TRACE] 正在返回菜单,请保持游戏画面处于前台
2025-10-20 23:43:09 [TRACE] 正在返回菜单,请保持游戏画面处于前台
2025-10-20 23:43:12 [TRACE] 正在返回菜单,请保持游戏画面处于前台
2025-10-20 23:43:16 [TRACE] 正在返回菜单,请保持游戏画面处于前台
2025-10-20 23:43:19 [TRACE] 正在返回菜单,请保持游戏画面处于前台
2025-10-20 23:43:22 [TRACE] 正在返回菜单,请保持游戏画面处于前台
2025-10-20 23:43:25 [TRACE] 正在返回菜单,请保持游戏画面处于前台
2025-10-20 23:43:28 [TRACE] 正在返回菜单,请保持游戏画面处于前台
2025-10-20 23:43:32 [TRACE] 正在返回菜单,请保持游戏画面处于前台
2025-10-20 23:43:35 [TRACE] 正在返回菜单,请保持游戏画面处于前台
2025-10-20 23:43:38 [TRACE] 正在返回菜单,请保持游戏画面处于前台
2025-10-20 23:43:41 [TRACE] 正在返回菜单,请保持游戏画面处于前台
2025-10-20 23:43:45 [TRACE] 正在返回菜单,请保持游戏画面处于前台
2025-10-20 23:43:48 [TRACE] 正在返回菜单,请保持游戏画面处于前台
2025-10-20 23:43:51 [TRACE] 正在返回菜单,请保持游戏画面处于前台
2025-10-20 23:43:54 [TRACE] 正在返回菜单,请保持游戏画面处于前台
2025-10-20 23:43:58 [TRACE] 正在返回菜单,请保持游戏画面处于前台
2025-10-20 23:44:01 [TRACE] 正在返回菜单,请保持游戏画面处于前台
2025-10-20 23:44:04 [TRACE] 正在返回菜单,请保持游戏画面处于前台
2025-10-20 23:44:07 [TRACE] 正在返回菜单,请保持游戏画面处于前台
2025-10-20 23:44:11 [TRACE] 正在返回菜单,请保持游戏画面处于前台
2025-10-20 23:44:14 [TRACE] 正在返回菜单,请保持游戏画面处于前台
2025-10-20 23:44:17 [TRACE] 正在返回菜单,请保持游戏画面处于前台
2025-10-20 23:44:20 [TRACE] 正在返回菜单,请保持游戏画面处于前台
2025-10-20 23:44:24 [TRACE] 正在返回菜单,请保持游戏画面处于前台
2025-10-20 23:44:27 [TRACE] 正在返回菜单,请保持游戏画面处于前台
2025-10-20 23:44:30 [TRACE] 正在返回菜单,请保持游戏画面处于前台
2025-10-20 23:44:34 [TRACE] 正在返回菜单,请保持游戏画面处于前台
2025-10-20 23:44:37 [TRACE] 正在返回菜单,请保持游戏画面处于前台
2025-10-20 23:44:40 [TRACE] 正在返回菜单,请保持游戏画面处于前台
2025-10-20 23:44:43 [TRACE] 正在返回菜单,请保持游戏画面处于前台
2025-10-20 23:44:46 [TRACE] 正在返回菜单,请保持游戏画面处于前台
2025-10-20 23:44:50 [TRACE] 正在返回菜单,请保持游戏画面处于前台
2025-10-20 23:44:53 [TRACE] 正在返回菜单,请保持游戏画面处于前台
2025-10-20 23:44:56 [TRACE] 正在返回菜单,请保持游戏画面处于前台
2025-10-20 23:44:59 [TRACE] 正在返回菜单,请保持游戏画面处于前台
2025-10-20 23:45:03 [TRACE] 正在返回菜单,请保持游戏画面处于前台
2025-10-20 23:45:06 [TRACE] 正在返回菜单,请保持游戏画面处于前台
2025-10-20 23:45:09 [TRACE] 正在返回菜单,请保持游戏画面处于前台
2025-10-20 23:45:13 [TRACE] 正在返回菜单,请保持游戏画面处于前台
2025-10-20 23:45:16 [TRACE] 正在返回菜单,请保持游戏画面处于前台
2025-10-20 23:45:19 [TRACE] 正在返回菜单,请保持游戏画面处于前台
2025-10-20 23:45:23 [TRACE] 正在返回菜单,请保持游戏画面处于前台
2025-10-20 23:45:26 [TRACE] 正在返回菜单,请保持游戏画面处于前台
2025-10-20 23:45:29 [TRACE] 正在返回菜单,请保持游戏画面处于前台
2025-10-20 23:45:32 [TRACE] 正在返回菜单,请保持游戏画面处于前台
2025-10-20 23:45:36 [TRACE] 正在返回菜单,请保持游戏画面处于前台
2025-10-20 23:45:39 [TRACE] 正在返回菜单,请保持游戏画面处于前台
2025-10-20 23:45:42 [TRACE] 正在返回菜单,请保持游戏画面处于前台
2025-10-20 23:45:45 [TRACE] 正在返回菜单,请保持游戏画面处于前台
2025-10-20 23:45:48 [TRACE] 正在返回菜单,请保持游戏画面处于前台
2025-10-20 23:45:52 [TRACE] 正在返回菜单,请保持游戏画面处于前台
2025-10-20 23:45:55 [TRACE] 正在返回菜单,请保持游戏画面处于前台
2025-10-20 23:45:58 [TRACE] 正在返回菜单,请保持游戏画面处于前台
2025-10-20 23:46:02 [TRACE] 正在返回菜单,请保持游戏画面处于前台
2025-10-20 23:46:05 [TRACE] 正在返回菜单,请保持游戏画面处于前台
2025-10-20 23:46:08 [TRACE] 正在返回菜单,请保持游戏画面处于前台
2025-10-20 23:46:11 [TRACE] 正在返回菜单,请保持游戏画面处于前台
2025-10-20 23:46:15 [TRACE] 正在返回菜单,请保持游戏画面处于前台
2025-10-20 23:46:18 [TRACE] 正在返回菜单,请保持游戏画面处于前台
2025-10-20 23:46:21 [TRACE] 正在返回菜单,请保持游戏画面处于前台
2025-10-20 23:46:24 [TRACE] 正在返回菜单,请保持游戏画面处于前台
2025-10-20 23:46:28 [TRACE] 正在返回菜单,请保持游戏画面处于前台
2025-10-20 23:46:31 [TRACE] 正在返回菜单,请保持游戏画面处于前台
2025-10-20 23:46:34 [TRACE] 正在返回菜单,请保持游戏画面处于前台
2025-10-20 23:46:37 [TRACE] 正在返回菜单,请保持游戏画面处于前台
2025-10-20 23:46:41 [TRACE] 正在返回菜单,请保持游戏画面处于前台
2025-10-20 23:46:44 [TRACE] 正在返回菜单,请保持游戏画面处于前台
2025-10-20 23:46:47 [TRACE] 正在返回菜单,请保持游戏画面处于前台
2025-10-20 23:46:51 [TRACE] 正在返回菜单,请保持游戏画面处于前台
2025-10-20 23:46:54 [TRACE] 正在返回菜单,请保持游戏画面处于前台
2025-10-20 23:46:57 [TRACE] 正在返回菜单,请保持游戏画面处于前台
2025-10-20 23:47:00 [TRACE] 正在返回菜单,请保持游戏画面处于前台
2025-10-20 23:47:04 [TRACE] 正在返回菜单,请保持游戏画面处于前台
2025-10-20 23:47:07 [TRACE] 正在返回菜单,请保持游戏画面处于前台
2025-10-20 23:47:10 [TRACE] 正在返回菜单,请保持游戏画面处于前台
2025-10-20 23:47:13 [TRACE] 正在返回菜单,请保持游戏画面处于前台
2025-10-20 23:47:16 [TRACE] 正在返回菜单,请保持游戏画面处于前台
2025-10-20 23:47:20 [TRACE] 正在返回菜单,请保持游戏画面处于前台
2025-10-20 23:47:23 [TRACE] 正在返回菜单,请保持游戏画面处于前台
2025-10-20 23:47:26 [TRACE] 正在返回菜单,请保持游戏画面处于前台
2025-10-20 23:47:29 [TRACE] 正在返回菜单,请保持游戏画面处于前台
2025-10-20 23:47:33 [TRACE] 正在返回菜单,请保持游戏画面处于前台
2025-10-20 23:47:36 [TRACE] 正在返回菜单,请保持游戏画面处于前台
2025-10-20 23:47:39 [TRACE] 正在返回菜单,请保持游戏画面处于前台
2025-10-20 23:47:42 [TRACE] 正在返回菜单,请保持游戏画面处于前台
2025-10-20 23:47:46 [TRACE] 正在返回菜单,请保持游戏画面处于前台
2025-10-20 23:47:49 [TRACE] 正在返回菜单,请保持游戏画面处于前台
2025-10-20 23:47:52 [TRACE] 正在返回菜单,请保持游戏画面处于前台
2025-10-20 23:47:56 [TRACE] 正在返回菜单,请保持游戏画面处于前台
2025-10-20 23:47:59 [TRACE] 正在返回菜单,请保持游戏画面处于前台
2025-10-20 23:48:02 [TRACE] 正在返回菜单,请保持游戏画面处于前台
2025-10-20 23:48:05 [TRACE] 正在返回菜单,请保持游戏画面处于前台
2025-10-20 23:48:08 [TRACE] 正在返回菜单,请保持游戏画面处于前台
2025-10-20 23:48:12 [TRACE] 正在返回菜单,请保持游戏画面处于前台
2025-10-20 23:48:15 [TRACE] 正在返回菜单,请保持游戏画面处于前台
2025-10-20 23:48:18 [TRACE] 正在返回菜单,请保持游戏画面处于前台
2025-10-20 23:48:22 [TRACE] 正在返回菜单,请保持游戏画面处于前台
2025-10-20 23:48:25 [TRACE] 正在返回菜单,请保持游戏画面处于前台
2025-10-20 23:48:28 [TRACE] 正在返回菜单,请保持游戏画面处于前台
2025-10-20 23:48:31 [TRACE] 正在返回菜单,请保持游戏画面处于前台
2025-10-20 23:48:35 [TRACE] 正在返回菜单,请保持游戏画面处于前台
2025-10-20 23:48:38 [TRACE] 正在返回菜单,请保持游戏画面处于前台
2025-10-20 23:48:41 [TRACE] 正在返回菜单,请保持游戏画面处于前台
2025-10-20 23:48:44 [TRACE] 正在返回菜单,请保持游戏画面处于前台
2025-10-20 23:48:48 [TRACE] 正在返回菜单,请保持游戏画面处于前台
2025-10-20 23:48:51 [TRACE] 正在返回菜单,请保持游戏画面处于前台
2025-10-20 23:48:54 [TRACE] 正在返回菜单,请保持游戏画面处于前台
2025-10-20 23:48:58 [TRACE] 正在返回菜单,请保持游戏画面处于前台
2025-10-20 23:49:01 [TRACE] 正在返回菜单,请保持游戏画面处于前台
2025-10-20 23:49:04 [TRACE] 正在返回菜单,请保持游戏画面处于前台
2025-10-20 23:49:07 [TRACE] 正在返回菜单,请保持游戏画面处于前台
2025-10-20 23:49:11 [TRACE] 正在返回菜单,请保持游戏画面处于前台
2025-10-20 23:49:14 [TRACE] 正在返回菜单,请保持游戏画面处于前台
2025-10-20 23:49:17 [TRACE] 正在返回菜单,请保持游戏画面处于前台
2025-10-20 23:49:20 [TRACE] 正在返回菜单,请保持游戏画面处于前台
2025-10-20 23:49:24 [TRACE] 正在返回菜单,请保持游戏画面处于前台
2025-10-20 23:49:27 [TRACE] 正在返回菜单,请保持游戏画面处于前台
2025-10-20 23:49:30 [TRACE] 正在返回菜单,请保持游戏画面处于前台
2025-10-20 23:49:33 [TRACE] 正在返回菜单,请保持游戏画面处于前台
2025-10-20 23:49:37 [TRACE] 正在返回菜单,请保持游戏画面处于前台
2025-10-20 23:49:40 [TRACE] 正在返回菜单,请保持游戏画面处于前台
2025-10-20 23:49:43 [TRACE] 正在返回菜单,请保持游戏画面处于前台
2025-10-20 23:49:46 [TRACE] 正在返回菜单,请保持游戏画面处于前台
2025-10-20 23:49:50 [TRACE] 正在返回菜单,请保持游戏画面处于前台
2025-10-20 23:49:53 [TRACE] 正在返回菜单,请保持游戏画面处于前台
2025-10-20 23:49:56 [TRACE] 正在返回菜单,请保持游戏画面处于前台
2025-10-20 23:49:59 [TRACE] 正在返回菜单,请保持游戏画面处于前台
2025-10-20 23:50:03 [TRACE] 正在返回菜单,请保持游戏画面处于前台
2025-10-20 23:50:06 [TRACE] 正在返回菜单,请保持游戏画面处于前台
2025-10-20 23:50:09 [TRACE] 正在返回菜单,请保持游戏画面处于前台
2025-10-20 23:50:12 [TRACE] 正在返回菜单,请保持游戏画面处于前台
2025-10-20 23:50:16 [TRACE] 正在返回菜单,请保持游戏画面处于前台
2025-10-20 23:50:19 [TRACE] 正在返回菜单,请保持游戏画面处于前台
2025-10-20 23:50:22 [TRACE] 正在返回菜单,请保持游戏画面处于前台
2025-10-20 23:50:25 [TRACE] 正在返回菜单,请保持游戏画面处于前台
2025-10-20 23:50:29 [TRACE] 正在返回菜单,请保持游戏画面处于前台
2025-10-20 23:50:32 [TRACE] 正在返回菜单,请保持游戏画面处于前台
2025-10-20 23:50:35 [TRACE] 正在返回菜单,请保持游戏画面处于前台
2025-10-20 23:50:38 [TRACE] 正在返回菜单,请保持游戏画面处于前台
2025-10-20 23:50:42 [TRACE] 正在返回菜单,请保持游戏画面处于前台
2025-10-20 23:50:45 [TRACE] 正在返回菜单,请保持游戏画面处于前台
2025-10-20 23:50:48 [TRACE] 正在返回菜单,请保持游戏画面处于前台
2025-10-20 23:50:51 [TRACE] 正在返回菜单,请保持游戏画面处于前台
2025-10-20 23:50:55 [TRACE] 正在返回菜单,请保持游戏画面处于前台
2025-10-20 23:50:58 [TRACE] 正在返回菜单,请保持游戏画面处于前台
2025-10-20 23:51:01 [TRACE] 正在返回菜单,请保持游戏画面处于前台
2025-10-20 23:51:05 [TRACE] 正在返回菜单,请保持游戏画面处于前台
2025-10-20 23:51:08 [TRACE] 正在返回菜单,请保持游戏画面处于前台
2025-10-20 23:51:11 [TRACE] 正在返回菜单,请保持游戏画面处于前台
2025-10-20 23:51:14 [TRACE] 正在返回菜单,请保持游戏画面处于前台
2025-10-20 23:51:18 [TRACE] 正在返回菜单,请保持游戏画面处于前台
2025-10-20 23:51:21 [TRACE] 正在返回菜单,请保持游戏画面处于前台
2025-10-20 23:51:24 [TRACE] 正在返回菜单,请保持游戏画面处于前台
2025-10-20 23:51:27 [TRACE] 正在返回菜单,请保持游戏画面处于前台
2025-10-20 23:51:31 [TRACE] 正在返回菜单,请保持游戏画面处于前台
2025-10-20 23:51:34 [TRACE] 正在返回菜单,请保持游戏画面处于前台
2025-10-20 23:51:37 [TRACE] 正在返回菜单,请保持游戏画面处于前台
2025-10-20 23:51:40 [TRACE] 正在返回菜单,请保持游戏画面处于前台
2025-10-20 23:51:44 [TRACE] 正在返回菜单,请保持游戏画面处于前台
2025-10-20 23:51:47 [TRACE] 正在返回菜单,请保持游戏画面处于前台
2025-10-20 23:51:50 [TRACE] 正在返回菜单,请保持游戏画面处于前台
2025-10-20 23:51:53 [TRACE] 正在返回菜单,请保持游戏画面处于前台
2025-10-20 23:51:57 [TRACE] 正在返回菜单,请保持游戏画面处于前台
2025-10-20 23:52:00 [TRACE] 正在返回菜单,请保持游戏画面处于前台
2025-10-20 23:52:03 [TRACE] 正在返回菜单,请保持游戏画面处于前台
2025-10-20 23:52:06 [TRACE] 正在返回菜单,请保持游戏画面处于前台
2025-10-20 23:52:10 [TRACE] 正在返回菜单,请保持游戏画面处于前台
2025-10-20 23:52:13 [TRACE] 正在返回菜单,请保持游戏画面处于前台
2025-10-20 23:52:16 [TRACE] 正在返回菜单,请保持游戏画面处于前台
2025-10-20 23:52:19 [TRACE] 正在返回菜单,请保持游戏画面处于前台
2025-10-20 23:52:23 [TRACE] 正在返回菜单,请保持游戏画面处于前台
2025-10-20 23:52:26 [TRACE] 正在返回菜单,请保持游戏画面处于前台
2025-10-20 23:52:29 [TRACE] 正在返回菜单,请保持游戏画面处于前台
2025-10-20 23:52:33 [TRACE] 正在返回菜单,请保持游戏画面处于前台
2025-10-20 23:52:36 [TRACE] 正在返回菜单,请保持游戏画面处于前台
2025-10-20 23:52:39 [TRACE] 正在返回菜单,请保持游戏画面处于前台
2025-10-20 23:52:42 [TRACE] 正在返回菜单,请保持游戏画面处于前台
2025-10-20 23:52:46 [TRACE] 正在返回菜单,请保持游戏画面处于前台
2025-10-20 23:52:49 [TRACE] 正在返回菜单,请保持游戏画面处于前台
2025-10-20 23:52:52 [TRACE] 正在返回菜单,请保持游戏画面处于前台
2025-10-20 23:52:55 [TRACE] 正在返回菜单,请保持游戏画面处于前台
2025-10-20 23:52:59 [TRACE] 正在返回菜单,请保持游戏画面处于前台
2025-10-20 23:53:02 [TRACE] 正在返回菜单,请保持游戏画面处于前台
2025-10-20 23:53:05 [TRACE] 正在返回菜单,请保持游戏画面处于前台
2025-10-20 23:53:08 [TRACE] 正在返回菜单,请保持游戏画面处于前台
2025-10-20 23:53:12 [TRACE] 正在返回菜单,请保持游戏画面处于前台
2025-10-20 23:53:15 [TRACE] 正在返回菜单,请保持游戏画面处于前台
2025-10-20 23:53:18 [TRACE] 正在返回菜单,请保持游戏画面处于前台
2025-10-20 23:53:21 [TRACE] 正在返回菜单,请保持游戏画面处于前台
2025-10-20 23:53:25 [TRACE] 正在返回菜单,请保持游戏画面处于前台
2025-10-20 23:53:28 [TRACE] 正在返回菜单,请保持游戏画面处于前台
2025-10-20 23:53:31 [TRACE] 正在返回菜单,请保持游戏画面处于前台
2025-10-20 23:53:34 [TRACE] 正在返回菜单,请保持游戏画面处于前台
2025-10-20 23:53:38 [TRACE] 正在返回菜单,请保持游戏画面处于前台
2025-10-20 23:53:41 [TRACE] 正在返回菜单,请保持游戏画面处于前台
2025-10-20 23:53:44 [TRACE] 正在返回菜单,请保持游戏画面处于前台
2025-10-20 23:53:48 [TRACE] 正在返回菜单,请保持游戏画面处于前台
2025-10-20 23:53:51 [TRACE] 正在返回菜单,请保持游戏画面处于前台
2025-10-20 23:53:54 [TRACE] 正在返回菜单,请保持游戏画面处于前台
2025-10-20 23:53:57 [TRACE] 正在返回菜单,请保持游戏画面处于前台
2025-10-20 23:54:01 [TRACE] 正在返回菜单,请保持游戏画面处于前台
2025-10-20 23:54:04 [TRACE] 正在返回菜单,请保持游戏画面处于前台
2025-10-20 23:54:07 [TRACE] 正在返回菜单,请保持游戏画面处于前台
2025-10-20 23:54:10 [TRACE] 正在返回菜单,请保持游戏画面处于前台
2025-10-20 23:54:14 [TRACE] 正在返回菜单,请保持游戏画面处于前台
2025-10-20 23:54:17 [TRACE] 正在返回菜单,请保持游戏画面处于前台
2025-10-20 23:54:20 [TRACE] 正在返回菜单,请保持游戏画面处于前台
2025-10-20 23:54:23 [TRACE] 正在返回菜单,请保持游戏画面处于前台
2025-10-20 23:54:27 [TRACE] 正在返回菜单,请保持游戏画面处于前台
2025-10-20 23:54:30 [TRACE] 正在返回菜单,请保持游戏画面处于前台
2025-10-20 23:54:33 [TRACE] 正在返回菜单,请保持游戏画面处于前台
2025-10-20 23:54:36 [TRACE] 正在返回菜单,请保持游戏画面处于前台
2025-10-20 23:54:40 [TRACE] 正在返回菜单,请保持游戏画面处于前台
2025-10-20 23:54:43 [TRACE] 正在返回菜单,请保持游戏画面处于前台
2025-10-20 23:54:46 [TRACE] 正在返回菜单,请保持游戏画面处于前台
2025-10-20 23:54:49 [TRACE] 正在返回菜单,请保持游戏画面处于前台
2025-10-20 23:54:52 [TRACE] 正在返回菜单,请保持游戏画面处于前台
2025-10-20 23:54:56 [TRACE] 正在返回菜单,请保持游戏画面处于前台
2025-10-20 23:54:59 [TRACE] 正在返回菜单,请保持游戏画面处于前台
2025-10-20 23:55:02 [TRACE] 正在返回菜单,请保持游戏画面处于前台
2025-10-20 23:55:05 [TRACE] 正在返回菜单,请保持游戏画面处于前台
2025-10-20 23:55:09 [TRACE] 正在返回菜单,请保持游戏画面处于前台
2025-10-20 23:55:12 [TRACE] 正在返回菜单,请保持游戏画面处于前台
2025-10-20 23:55:15 [TRACE] 正在返回菜单,请保持游戏画面处于前台
2025-10-20 23:55:18 [TRACE] 正在返回菜单,请保持游戏画面处于前台
2025-10-20 23:55:22 [TRACE] 正在返回菜单,请保持游戏画面处于前台
2025-10-20 23:55:25 [TRACE] 正在返回菜单,请保持游戏画面处于前台
2025-10-20 23:55:28 [TRACE] 正在返回菜单,请保持游戏画面处于前台
2025-10-20 23:55:32 [TRACE] 正在返回菜单,请保持游戏画面处于前台
2025-10-20 23:55:35 [TRACE] 正在返回菜单,请保持游戏画面处于前台
2025-10-20 23:55:38 [TRACE] 正在返回菜单,请保持游戏画面处于前台
2025-10-20 23:55:41 [TRACE] 正在返回菜单,请保持游戏画面处于前台
2025-10-20 23:55:44 [TRACE] 正在返回菜单,请保持游戏画面处于前台
2025-10-20 23:55:48 [TRACE] 正在返回菜单,请保持游戏画面处于前台
2025-10-20 23:55:51 [TRACE] 正在返回菜单,请保持游戏画面处于前台
2025-10-20 23:55:54 [TRACE] 正在返回菜单,请保持游戏画面处于前台
2025-10-20 23:55:57 [TRACE] 正在返回菜单,请保持游戏画面处于前台
2025-10-20 23:56:01 [TRACE] 正在返回菜单,请保持游戏画面处于前台
2025-10-20 23:56:04 [TRACE] 正在返回菜单,请保持游戏画面处于前台
2025-10-20 23:56:07 [TRACE] 正在返回菜单,请保持游戏画面处于前台
2025-10-20 23:56:10 [TRACE] 正在返回菜单,请保持游戏画面处于前台
2025-10-20 23:56:14 [TRACE] 正在返回菜单,请保持游戏画面处于前台
2025-10-20 23:56:17 [TRACE] 正在返回菜单,请保持游戏画面处于前台
2025-10-20 23:56:20 [TRACE] 正在返回菜单,请保持游戏画面处于前台
2025-10-20 23:56:23 [TRACE] 正在返回菜单,请保持游戏画面处于前台
2025-10-20 23:56:27 [TRACE] 正在返回菜单,请保持游戏画面处于前台
2025-10-20 23:56:30 [TRACE] 正在返回菜单,请保持游戏画面处于前台
2025-10-20 23:56:33 [TRACE] 正在返回菜单,请保持游戏画面处于前台
2025-10-20 23:56:36 [TRACE] 正在返回菜单,请保持游戏画面处于前台
2025-10-20 23:56:40 [TRACE] 正在返回菜单,请保持游戏画面处于前台
2025-10-20 23:56:43 [TRACE] 正在返回菜单,请保持游戏画面处于前台
2025-10-20 23:56:46 [TRACE] 正在返回菜单,请保持游戏画面处于前台
2025-10-20 23:56:49 [TRACE] 正在返回菜单,请保持游戏画面处于前台
2025-10-20 23:56:53 [TRACE] 正在返回菜单,请保持游戏画面处于前台
2025-10-20 23:56:56 [TRACE] 正在返回菜单,请保持游戏画面处于前台
2025-10-20 23:56:59 [TRACE] 正在返回菜单,请保持游戏画面处于前台
2025-10-20 23:57:03 [TRACE] 正在返回菜单,请保持游戏画面处于前台
2025-10-20 23:57:06 [TRACE] 正在返回菜单,请保持游戏画面处于前台
2025-10-20 23:57:09 [TRACE] 正在返回菜单,请保持游戏画面处于前台
2025-10-20 23:57:12 [TRACE] 正在返回菜单,请保持游戏画面处于前台
2025-10-20 23:57:16 [TRACE] 正在返回菜单,请保持游戏画面处于前台
2025-10-20 23:57:19 [TRACE] 正在返回菜单,请保持游戏画面处于前台
2025-10-20 23:57:22 [TRACE] 正在返回菜单,请保持游戏画面处于前台
2025-10-20 23:57:25 [TRACE] 正在返回菜单,请保持游戏画面处于前台
2025-10-20 23:57:29 [TRACE] 正在返回菜单,请保持游戏画面处于前台
2025-10-20 23:57:32 [TRACE] 正在返回菜单,请保持游戏画面处于前台
2025-10-20 23:57:35 [TRACE] 正在返回菜单,请保持游戏画面处于前台
2025-10-20 23:57:38 [TRACE] 正在返回菜单,请保持游戏画面处于前台
2025-10-20 23:57:42 [TRACE] 正在返回菜单,请保持游戏画面处于前台
2025-10-20 23:57:45 [TRACE] 正在返回菜单,请保持游戏画面处于前台
2025-10-20 23:57:48 [TRACE] 正在返回菜单,请保持游戏画面处于前台
2025-10-20 23:57:51 [TRACE] 正在返回菜单,请保持游戏画面处于前台
2025-10-20 23:57:55 [TRACE] 正在返回菜单,请保持游戏画面处于前台
2025-10-20 23:57:58 [TRACE] 正在返回菜单,请保持游戏画面处于前台
2025-10-20 23:58:01 [TRACE] 正在返回菜单,请保持游戏画面处于前台
2025-10-20 23:58:04 [TRACE] 正在返回菜单,请保持游戏画面处于前台
2025-10-20 23:58:08 [TRACE] 正在返回菜单,请保持游戏画面处于前台
2025-10-20 23:58:11 [TRACE] 正在返回菜单,请保持游戏画面处于前台
2025-10-20 23:58:14 [TRACE] 正在返回菜单,请保持游戏画面处于前台
2025-10-20 23:58:17 [TRACE] 正在返回菜单,请保持游戏画面处于前台
2025-10-20 23:58:21 [TRACE] 正在返回菜单,请保持游戏画面处于前台
2025-10-20 23:58:24 [TRACE] 正在返回菜单,请保持游戏画面处于前台
2025-10-20 23:58:27 [TRACE] 正在返回菜单,请保持游戏画面处于前台
2025-10-20 23:58:30 [TRACE] 正在返回菜单,请保持游戏画面处于前台
2025-10-20 23:58:34 [TRACE] 正在返回菜单,请保持游戏画面处于前台
2025-10-20 23:58:37 [TRACE] 正在返回菜单,请保持游戏画面处于前台
2025-10-20 23:58:40 [TRACE] 正在返回菜单,请保持游戏画面处于前台
2025-10-20 23:58:44 [TRACE] 正在返回菜单,请保持游戏画面处于前台
2025-10-20 23:58:47 [TRACE] 正在返回菜单,请保持游戏画面处于前台
2025-10-20 23:58:50 [TRACE] 正在返回菜单,请保持游戏画面处于前台
2025-10-20 23:58:53 [TRACE] 正在返回菜单,请保持游戏画面处于前台
2025-10-20 23:58:56 [TRACE] 正在返回菜单,请保持游戏画面处于前台
2025-10-20 23:59:00 [TRACE] 正在返回菜单,请保持游戏画面处于前台
2025-10-20 23:59:03 [TRACE] 正在返回菜单,请保持游戏画面处于前台
2025-10-20 23:59:06 [TRACE] 正在返回菜单,请保持游戏画面处于前台
2025-10-20 23:59:09 [TRACE] 正在返回菜单,请保持游戏画面处于前台
2025-10-20 23:59:13 [TRACE] 正在返回菜单,请保持游戏画面处于前台
2025-10-20 23:59:16 [TRACE] 正在返回菜单,请保持游戏画面处于前台
2025-10-20 23:59:19 [TRACE] 正在返回菜单,请保持游戏画面处于前台
2025-10-20 23:59:22 [TRACE] 正在返回菜单,请保持游戏画面处于前台
2025-10-20 23:59:26 [TRACE] 正在返回菜单,请保持游戏画面处于前台
2025-10-20 23:59:29 [TRACE] 正在返回菜单,请保持游戏画面处于前台
2025-10-20 23:59:32 [TRACE] 正在返回菜单,请保持游戏画面处于前台
2025-10-20 23:59:36 [TRACE] 正在返回菜单,请保持游戏画面处于前台
2025-10-20 23:59:39 [TRACE] 正在返回菜单,请保持游戏画面处于前台
2025-10-20 23:59:42 [TRACE] 正在返回菜单,请保持游戏画面处于前台
2025-10-20 23:59:45 [TRACE] 正在返回菜单,请保持游戏画面处于前台
2025-10-20 23:59:48 [TRACE] 正在返回菜单,请保持游戏画面处于前台
2025-10-20 23:59:52 [TRACE] 正在返回菜单,请保持游戏画面处于前台
2025-10-20 23:59:55 [TRACE] 正在返回菜单,请保持游戏画面处于前台
2025-10-20 23:59:58 [TRACE] 正在返回菜单,请保持游戏画面处于前台
2025-10-21 00:00:02 [TRACE] 正在返回菜单,请保持游戏画面处于前台
2025-10-21 00:00:05 [TRACE] 正在返回菜单,请保持游戏画面处于前台
2025-10-21 00:00:08 [TRACE] 正在返回菜单,请保持游戏画面处于前台
2025-10-21 00:00:11 [TRACE] 正在返回菜单,请保持游戏画面处于前台
2025-10-21 00:00:15 [TRACE] 正在返回菜单,请保持游戏画面处于前台
2025-10-21 00:00:18 [TRACE] 正在返回菜单,请保持游戏画面处于前台
2025-10-21 00:00:21 [TRACE] 正在返回菜单,请保持游戏画面处于前台
2025-10-21 00:00:24 [TRACE] 正在返回菜单,请保持游戏画面处于前台
2025-10-21 00:00:28 [TRACE] 正在返回菜单,请保持游戏画面处于前台
2025-10-21 00:00:31 [TRACE] 正在返回菜单,请保持游戏画面处于前台
2025-10-21 00:00:34 [TRACE] 正在返回菜单,请保持游戏画面处于前台
2025-10-21 00:00:37 [TRACE] 正在返回菜单,请保持游戏画面处于前台
2025-10-21 00:00:41 [TRACE] 正在返回菜单,请保持游戏画面处于前台
2025-10-21 00:00:44 [TRACE] 正在返回菜单,请保持游戏画面处于前台
2025-10-21 00:00:47 [TRACE] 正在返回菜单,请保持游戏画面处于前台
2025-10-21 00:00:50 [TRACE] 正在返回菜单,请保持游戏画面处于前台
2025-10-21 00:00:54 [TRACE] 正在返回菜单,请保持游戏画面处于前台
2025-10-21 00:00:57 [TRACE] 正在返回菜单,请保持游戏画面处于前台
2025-10-21 00:01:00 [TRACE] 正在返回菜单,请保持游戏画面处于前台
2025-10-21 00:01:04 [TRACE] 正在返回菜单,请保持游戏画面处于前台
2025-10-21 00:01:07 [TRACE] 正在返回菜单,请保持游戏画面处于前台
2025-10-21 00:01:10 [TRACE] 正在返回菜单,请保持游戏画面处于前台
2025-10-21 00:01:13 [TRACE] 正在返回菜单,请保持游戏画面处于前台
2025-10-21 00:01:17 [TRACE] 正在返回菜单,请保持游戏画面处于前台
2025-10-21 00:01:20 [TRACE] 正在返回菜单,请保持游戏画面处于前台
2025-10-21 00:01:23 [TRACE] 正在返回菜单,请保持游戏画面处于前台
2025-10-21 00:01:26 [TRACE] 正在返回菜单,请保持游戏画面处于前台
2025-10-21 00:01:30 [TRACE] 正在返回菜单,请保持游戏画面处于前台
2025-10-21 00:01:33 [TRACE] 正在返回菜单,请保持游戏画面处于前台
2025-10-21 00:01:36 [TRACE] 正在返回菜单,请保持游戏画面处于前台
2025-10-21 00:01:39 [TRACE] 正在返回菜单,请保持游戏画面处于前台
2025-10-21 00:01:42 [TRACE] 正在返回菜单,请保持游戏画面处于前台
2025-10-21 00:01:46 [TRACE] 正在返回菜单,请保持游戏画面处于前台
2025-10-21 00:01:49 [TRACE] 正在返回菜单,请保持游戏画面处于前台
2025-10-21 00:01:52 [TRACE] 正在返回菜单,请保持游戏画面处于前台
2025-10-21 00:01:55 [TRACE] 正在返回菜单,请保持游戏画面处于前台
2025-10-21 00:01:59 [TRACE] 正在返回菜单,请保持游戏画面处于前台
2025-10-21 00:02:02 [TRACE] 正在返回菜单,请保持游戏画面处于前台
2025-10-21 00:02:05 [TRACE] 正在返回菜单,请保持游戏画面处于前台
2025-10-21 00:02:09 [TRACE] 正在返回菜单,请保持游戏画面处于前台
2025-10-21 00:02:12 [TRACE] 正在返回菜单,请保持游戏画面处于前台
2025-10-21 00:02:15 [TRACE] 正在返回菜单,请保持游戏画面处于前台
2025-10-21 00:02:18 [TRACE] 正在返回菜单,请保持游戏画面处于前台
2025-10-21 00:02:22 [TRACE] 正在返回菜单,请保持游戏画面处于前台
2025-10-21 00:02:25 [TRACE] 正在返回菜单,请保持游戏画面处于前台
2025-10-21 00:02:28 [TRACE] 正在返回菜单,请保持游戏画面处于前台
2025-10-21 00:02:31 [TRACE] 正在返回菜单,请保持游戏画面处于前台
2025-10-21 00:02:35 [TRACE] 正在返回菜单,请保持游戏画面处于前台
2025-10-21 00:02:38 [TRACE] 正在返回菜单,请保持游戏画面处于前台
2025-10-21 00:02:41 [TRACE] 正在返回菜单,请保持游戏画面处于前台
2025-10-21 00:02:44 [TRACE] 正在返回菜单,请保持游戏画面处于前台
2025-10-21 00:02:48 [TRACE] 正在返回菜单,请保持游戏画面处于前台
2025-10-21 00:02:51 [TRACE] 正在返回菜单,请保持游戏画面处于前台
2025-10-21 00:02:54 [TRACE] 正在返回菜单,请保持游戏画面处于前台
2025-10-21 00:02:57 [TRACE] 正在返回菜单,请保持游戏画面处于前台
2025-10-21 00:03:01 [TRACE] 正在返回菜单,请保持游戏画面处于前台
2025-10-21 00:03:04 [TRACE] 正在返回菜单,请保持游戏画面处于前台
2025-10-21 00:03:07 [TRACE] 正在返回菜单,请保持游戏画面处于前台
2025-10-21 00:03:10 [TRACE] 正在返回菜单,请保持游戏画面处于前台
2025-10-21 00:03:14 [TRACE] 正在返回菜单,请保持游戏画面处于前台
2025-10-21 00:03:17 [TRACE] 正在返回菜单,请保持游戏画面处于前台
2025-10-21 00:03:20 [TRACE] 正在返回菜单,请保持游戏画面处于前台
2025-10-21 00:03:24 [TRACE] 正在返回菜单,请保持游戏画面处于前台
2025-10-21 00:03:27 [TRACE] 正在返回菜单,请保持游戏画面处于前台
2025-10-21 00:03:30 [TRACE] 正在返回菜单,请保持游戏画面处于前台
2025-10-21 00:03:33 [TRACE] 正在返回菜单,请保持游戏画面处于前台
2025-10-21 00:03:37 [TRACE] 正在返回菜单,请保持游戏画面处于前台
2025-10-21 00:03:40 [TRACE] 正在返回菜单,请保持游戏画面处于前台
2025-10-21 00:03:43 [TRACE] 正在返回菜单,请保持游戏画面处于前台
2025-10-21 00:03:46 [TRACE] 正在返回菜单,请保持游戏画面处于前台
2025-10-21 00:03:50 [TRACE] 正在返回菜单,请保持游戏画面处于前台
2025-10-21 00:03:53 [TRACE] 正在返回菜单,请保持游戏画面处于前台
2025-10-21 00:03:56 [TRACE] 正在返回菜单,请保持游戏画面处于前台
2025-10-21 00:04:00 [TRACE] 正在返回菜单,请保持游戏画面处于前台
2025-10-21 00:04:03 [TRACE] 正在返回菜单,请保持游戏画面处于前台
2025-10-21 00:04:06 [TRACE] 正在返回菜单,请保持游戏画面处于前台
2025-10-21 00:04:09 [TRACE] 正在返回菜单,请保持游戏画面处于前台
2025-10-21 00:04:13 [TRACE] 正在返回菜单,请保持游戏画面处于前台
2025-10-21 00:04:16 [TRACE] 正在返回菜单,请保持游戏画面处于前台
2025-10-21 00:04:19 [TRACE] 正在返回菜单,请保持游戏画面处于前台
2025-10-21 00:04:22 [TRACE] 正在返回菜单,请保持游戏画面处于前台
2025-10-21 00:04:25 [TRACE] 正在返回菜单,请保持游戏画面处于前台
2025-10-21 00:04:29 [TRACE] 正在返回菜单,请保持游戏画面处于前台
2025-10-21 00:04:32 [TRACE] 正在返回菜单,请保持游戏画面处于前台
2025-10-21 00:04:35 [TRACE] 正在返回菜单,请保持游戏画面处于前台
2025-10-21 00:04:39 [TRACE] 正在返回菜单,请保持游戏画面处于前台
2025-10-21 00:04:42 [TRACE] 正在返回菜单,请保持游戏画面处于前台
2025-10-21 00:04:45 [TRACE] 正在返回菜单,请保持游戏画面处于前台
2025-10-21 00:04:48 [TRACE] 正在返回菜单,请保持游戏画面处于前台
2025-10-21 00:04:52 [TRACE] 正在返回菜单,请保持游戏画面处于前台
2025-10-21 00:04:55 [TRACE] 正在返回菜单,请保持游戏画面处于前台
2025-10-21 00:04:58 [TRACE] 正在返回菜单,请保持游戏画面处于前台
2025-10-21 00:05:01 [TRACE] 正在返回菜单,请保持游戏画面处于前台
2025-10-21 00:05:05 [TRACE] 正在返回菜单,请保持游戏画面处于前台
2025-10-21 00:05:08 [TRACE] 正在返回菜单,请保持游戏画面处于前台
2025-10-21 00:05:11 [TRACE] 正在返回菜单,请保持游戏画面处于前台
2025-10-21 00:05:14 [TRACE] 正在返回菜单,请保持游戏画面处于前台
2025-10-21 00:05:18 [TRACE] 正在返回菜单,请保持游戏画面处于前台
2025-10-21 00:05:21 [TRACE] 正在返回菜单,请保持游戏画面处于前台
2025-10-21 00:05:24 [TRACE] 正在返回菜单,请保持游戏画面处于前台
2025-10-21 00:05:27 [TRACE] 正在返回菜单,请保持游戏画面处于前台
2025-10-21 00:05:31 [TRACE] 正在返回菜单,请保持游戏画面处于前台
2025-10-21 00:05:34 [TRACE] 正在返回菜单,请保持游戏画面处于前台
2025-10-21 00:05:37 [TRACE] 正在返回菜单,请保持游戏画面处于前台
2025-10-21 00:05:40 [TRACE] 正在返回菜单,请保持游戏画面处于前台
2025-10-21 00:05:44 [TRACE] 正在返回菜单,请保持游戏画面处于前台
2025-10-21 00:05:47 [TRACE] 正在返回菜单,请保持游戏画面处于前台
2025-10-21 00:05:50 [TRACE] 正在返回菜单,请保持游戏画面处于前台
2025-10-21 00:05:53 [TRACE] 正在返回菜单,请保持游戏画面处于前台
2025-10-21 00:05:57 [TRACE] 正在返回菜单,请保持游戏画面处于前台
2025-10-21 00:06:00 [TRACE] 正在返回菜单,请保持游戏画面处于前台
2025-10-21 00:06:03 [TRACE] 正在返回菜单,请保持游戏画面处于前台
2025-10-21 00:06:06 [TRACE] 正在返回菜单,请保持游戏画面处于前台
2025-10-21 00:06:10 [TRACE] 正在返回菜单,请保持游戏画面处于前台
2025-10-21 00:06:13 [TRACE] 正在返回菜单,请保持游戏画面处于前台
2025-10-21 00:06:16 [TRACE] 正在返回菜单,请保持游戏画面处于前台
2025-10-21 00:06:19 [TRACE] 正在返回菜单,请保持游戏画面处于前台
2025-10-21 00:06:23 [TRACE] 正在返回菜单,请保持游戏画面处于前台
2025-10-21 00:06:26 [TRACE] 正在返回菜单,请保持游戏画面处于前台
2025-10-21 00:06:29 [TRACE] 正在返回菜单,请保持游戏画面处于前台
2025-10-21 00:06:32 [TRACE] 正在返回菜单,请保持游戏画面处于前台
2025-10-21 00:06:36 [TRACE] 正在返回菜单,请保持游戏画面处于前台
2025-10-21 00:06:39 [TRACE] 正在返回菜单,请保持游戏画面处于前台
2025-10-21 00:06:42 [TRACE] 正在返回菜单,请保持游戏画面处于前台
2025-10-21 00:06:45 [TRACE] 正在返回菜单,请保持游戏画面处于前台
2025-10-21 00:06:49 [TRACE] 正在返回菜单,请保持游戏画面处于前台
2025-10-21 00:06:52 [TRACE] 正在返回菜单,请保持游戏画面处于前台
2025-10-21 00:06:55 [TRACE] 正在返回菜单,请保持游戏画面处于前台
2025-10-21 00:06:58 [TRACE] 正在返回菜单,请保持游戏画面处于前台
2025-10-21 00:07:02 [TRACE] 正在返回菜单,请保持游戏画面处于前台
2025-10-21 00:07:05 [TRACE] 正在返回菜单,请保持游戏画面处于前台
2025-10-21 00:07:08 [TRACE] 正在返回菜单,请保持游戏画面处于前台
2025-10-21 00:07:11 [TRACE] 正在返回菜单,请保持游戏画面处于前台
2025-10-21 00:07:15 [TRACE] 正在返回菜单,请保持游戏画面处于前台
2025-10-21 00:07:18 [TRACE] 正在返回菜单,请保持游戏画面处于前台
2025-10-21 00:07:21 [TRACE] 正在返回菜单,请保持游戏画面处于前台
2025-10-21 00:07:24 [TRACE] 正在返回菜单,请保持游戏画面处于前台
2025-10-21 00:07:28 [TRACE] 正在返回菜单,请保持游戏画面处于前台
2025-10-21 00:07:31 [TRACE] 正在返回菜单,请保持游戏画面处于前台
2025-10-21 00:07:34 [TRACE] 正在返回菜单,请保持游戏画面处于前台
2025-10-21 00:07:37 [TRACE] 正在返回菜单,请保持游戏画面处于前台
2025-10-21 00:07:40 [TRACE] 正在返回菜单,请保持游戏画面处于前台
2025-10-21 00:07:44 [TRACE] 正在返回菜单,请保持游戏画面处于前台
2025-10-21 00:07:47 [TRACE] 正在返回菜单,请保持游戏画面处于前台
2025-10-21 00:07:50 [TRACE] 正在返回菜单,请保持游戏画面处于前台
2025-10-21 00:07:54 [TRACE] 正在返回菜单,请保持游戏画面处于前台
2025-10-21 00:07:57 [TRACE] 正在返回菜单,请保持游戏画面处于前台
2025-10-21 00:08:00 [TRACE] 正在返回菜单,请保持游戏画面处于前台
2025-10-21 00:08:03 [TRACE] 正在返回菜单,请保持游戏画面处于前台
2025-10-21 00:08:07 [TRACE] 正在返回菜单,请保持游戏画面处于前台
2025-10-21 00:08:10 [TRACE] 正在返回菜单,请保持游戏画面处于前台
2025-10-21 00:08:13 [TRACE] 正在返回菜单,请保持游戏画面处于前台
2025-10-21 00:08:16 [TRACE] 正在返回菜单,请保持游戏画面处于前台
2025-10-21 00:08:20 [TRACE] 正在返回菜单,请保持游戏画面处于前台
2025-10-21 00:08:23 [TRACE] 正在返回菜单,请保持游戏画面处于前台
2025-10-21 00:08:26 [TRACE] 正在返回菜单,请保持游戏画面处于前台
2025-10-21 00:08:29 [TRACE] 正在返回菜单,请保持游戏画面处于前台
2025-10-21 00:08:33 [TRACE] 正在返回菜单,请保持游戏画面处于前台
2025-10-21 00:08:36 [TRACE] 正在返回菜单,请保持游戏画面处于前台
2025-10-21 00:08:39 [TRACE] 正在返回菜单,请保持游戏画面处于前台
2025-10-21 00:08:42 [TRACE] 正在返回菜单,请保持游戏画面处于前台
2025-10-21 00:08:46 [TRACE] 正在返回菜单,请保持游戏画面处于前台
2025-10-21 00:08:49 [TRACE] 正在返回菜单,请保持游戏画面处于前台
2025-10-21 00:08:52 [TRACE] 正在返回菜单,请保持游戏画面处于前台
2025-10-21 00:08:55 [TRACE] 正在返回菜单,请保持游戏画面处于前台
2025-10-21 00:08:59 [TRACE] 正在返回菜单,请保持游戏画面处于前台
2025-10-21 00:09:02 [TRACE] 正在返回菜单,请保持游戏画面处于前台
2025-10-21 00:09:05 [TRACE] 正在返回菜单,请保持游戏画面处于前台
2025-10-21 00:09:08 [TRACE] 正在返回菜单,请保持游戏画面处于前台
2025-10-21 00:09:12 [TRACE] 正在返回菜单,请保持游戏画面处于前台
2025-10-21 00:09:15 [TRACE] 正在返回菜单,请保持游戏画面处于前台
2025-10-21 00:09:18 [TRACE] 正在返回菜单,请保持游戏画面处于前台
2025-10-21 00:09:21 [TRACE] 正在返回菜单,请保持游戏画面处于前台
2025-10-21 00:09:25 [TRACE] 正在返回菜单,请保持游戏画面处于前台
2025-10-21 00:09:28 [TRACE] 正在返回菜单,请保持游戏画面处于前台
2025-10-21 00:09:31 [TRACE] 正在返回菜单,请保持游戏画面处于前台
2025-10-21 00:09:34 [TRACE] 正在返回菜单,请保持游戏画面处于前台
2025-10-21 00:09:38 [TRACE] 正在返回菜单,请保持游戏画面处于前台
2025-10-21 00:09:41 [TRACE] 正在返回菜单,请保持游戏画面处于前台
2025-10-21 00:09:45 [TRACE] 正在返回菜单,请保持游戏画面处于前台
2025-10-21 00:09:48 [TRACE] 正在返回菜单,请保持游戏画面处于前台
2025-10-21 00:09:51 [TRACE] 正在返回菜单,请保持游戏画面处于前台
2025-10-21 00:09:54 [TRACE] 正在返回菜单,请保持游戏画面处于前台
2025-10-21 00:09:58 [TRACE] 正在返回菜单,请保持游戏画面处于前台
2025-10-21 00:10:01 [TRACE] 正在返回菜单,请保持游戏画面处于前台
2025-10-21 00:10:04 [TRACE] 正在返回菜单,请保持游戏画面处于前台
2025-10-21 00:10:07 [TRACE] 正在返回菜单,请保持游戏画面处于前台
2025-10-21 00:10:11 [TRACE] 正在返回菜单,请保持游戏画面处于前台
2025-10-21 00:10:14 [TRACE] 正在返回菜单,请保持游戏画面处于前台
2025-10-21 00:10:17 [TRACE] 正在返回菜单,请保持游戏画面处于前台
2025-10-21 00:10:20 [TRACE] 正在返回菜单,请保持游戏画面处于前台
2025-10-21 00:10:23 [TRACE] 正在返回菜单,请保持游戏画面处于前台
2025-10-21 00:10:27 [TRACE] 正在返回菜单,请保持游戏画面处于前台
2025-10-21 00:10:30 [TRACE] 正在返回菜单,请保持游戏画面处于前台
2025-10-21 00:10:33 [TRACE] 正在返回菜单,请保持游戏画面处于前台
2025-10-21 00:10:37 [TRACE] 正在返回菜单,请保持游戏画面处于前台
2025-10-21 00:10:40 [TRACE] 正在返回菜单,请保持游戏画面处于前台
2025-10-21 00:10:43 [TRACE] 正在返回菜单,请保持游戏画面处于前台
2025-10-21 00:10:46 [TRACE] 正在返回菜单,请保持游戏画面处于前台
2025-10-21 00:10:49 [TRACE] 正在返回菜单,请保持游戏画面处于前台
2025-10-21 00:10:53 [TRACE] 正在返回菜单,请保持游戏画面处于前台
2025-10-21 00:10:56 [TRACE] 正在返回菜单,请保持游戏画面处于前台
2025-10-21 00:10:59 [TRACE] 正在返回菜单,请保持游戏画面处于前台
2025-10-21 00:11:03 [TRACE] 正在返回菜单,请保持游戏画面处于前台
2025-10-21 00:11:06 [TRACE] 正在返回菜单,请保持游戏画面处于前台
2025-10-21 00:11:09 [TRACE] 正在返回菜单,请保持游戏画面处于前台
2025-10-21 00:11:12 [TRACE] 正在返回菜单,请保持游戏画面处于前台
2025-10-21 00:11:16 [TRACE] 正在返回菜单,请保持游戏画面处于前台
2025-10-21 00:11:19 [TRACE] 正在返回菜单,请保持游戏画面处于前台
2025-10-21 00:11:22 [TRACE] 正在返回菜单,请保持游戏画面处于前台
2025-10-21 00:11:25 [TRACE] 正在返回菜单,请保持游戏画面处于前台
2025-10-21 00:11:29 [TRACE] 正在返回菜单,请保持游戏画面处于前台
2025-10-21 00:11:32 [TRACE] 正在返回菜单,请保持游戏画面处于前台
2025-10-21 00:11:35 [TRACE] 正在返回菜单,请保持游戏画面处于前台
2025-10-21 00:11:38 [TRACE] 正在返回菜单,请保持游戏画面处于前台
2025-10-21 00:11:42 [TRACE] 正在返回菜单,请保持游戏画面处于前台
2025-10-21 00:11:45 [TRACE] 正在返回菜单,请保持游戏画面处于前台
2025-10-21 00:11:48 [TRACE] 正在返回菜单,请保持游戏画面处于前台
2025-10-21 00:11:51 [TRACE] 正在返回菜单,请保持游戏画面处于前台
2025-10-21 00:11:55 [TRACE] 正在返回菜单,请保持游戏画面处于前台
2025-10-21 00:11:58 [TRACE] 正在返回菜单,请保持游戏画面处于前台
2025-10-21 00:12:01 [TRACE] 正在返回菜单,请保持游戏画面处于前台
2025-10-21 00:12:05 [TRACE] 正在返回菜单,请保持游戏画面处于前台
2025-10-21 00:12:08 [TRACE] 正在返回菜单,请保持游戏画面处于前台
2025-10-21 00:12:11 [TRACE] 正在返回菜单,请保持游戏画面处于前台
2025-10-21 00:12:14 [TRACE] 正在返回菜单,请保持游戏画面处于前台
2025-10-21 00:12:18 [TRACE] 正在返回菜单,请保持游戏画面处于前台
2025-10-21 00:12:21 [TRACE] 正在返回菜单,请保持游戏画面处于前台
2025-10-21 00:12:24 [TRACE] 正在返回菜单,请保持游戏画面处于前台
2025-10-21 00:12:27 [TRACE] 正在返回菜单,请保持游戏画面处于前台
2025-10-21 00:12:30 [TRACE] 正在返回菜单,请保持游戏画面处于前台
2025-10-21 00:12:34 [TRACE] 正在返回菜单,请保持游戏画面处于前台
2025-10-21 00:12:37 [TRACE] 正在返回菜单,请保持游戏画面处于前台
2025-10-21 00:12:40 [TRACE] 正在返回菜单,请保持游戏画面处于前台
2025-10-21 00:12:43 [TRACE] 正在返回菜单,请保持游戏画面处于前台
2025-10-21 00:12:47 [TRACE] 正在返回菜单,请保持游戏画面处于前台
2025-10-21 00:12:50 [TRACE] 正在返回菜单,请保持游戏画面处于前台
2025-10-21 00:12:53 [TRACE] 正在返回菜单,请保持游戏画面处于前台
2025-10-21 00:12:56 [TRACE] 正在返回菜单,请保持游戏画面处于前台
2025-10-21 00:13:00 [TRACE] 正在返回菜单,请保持游戏画面处于前台
2025-10-21 00:13:03 [TRACE] 正在返回菜单,请保持游戏画面处于前台
2025-10-21 00:13:07 [TRACE] 正在返回菜单,请保持游戏画面处于前台
2025-10-21 00:13:10 [TRACE] 正在返回菜单,请保持游戏画面处于前台
2025-10-21 00:13:13 [TRACE] 正在返回菜单,请保持游戏画面处于前台
2025-10-21 00:13:16 [TRACE] 正在返回菜单,请保持游戏画面处于前台
2025-10-21 00:13:19 [TRACE] 正在返回菜单,请保持游戏画面处于前台
2025-10-21 00:13:23 [TRACE] 正在返回菜单,请保持游戏画面处于前台
2025-10-21 00:13:26 [TRACE] 正在返回菜单,请保持游戏画面处于前台
2025-10-21 00:13:29 [TRACE] 正在返回菜单,请保持游戏画面处于前台
2025-10-21 00:13:33 [TRACE] 正在返回菜单,请保持游戏画面处于前台
2025-10-21 00:13:36 [TRACE] 正在返回菜单,请保持游戏画面处于前台
2025-10-21 00:13:39 [TRACE] 正在返回菜单,请保持游戏画面处于前台
2025-10-21 00:13:42 [TRACE] 正在返回菜单,请保持游戏画面处于前台
2025-10-21 00:13:46 [TRACE] 正在返回菜单,请保持游戏画面处于前台
2025-10-21 00:13:49 [TRACE] 正在返回菜单,请保持游戏画面处于前台
2025-10-21 00:13:52 [TRACE] 正在返回菜单,请保持游戏画面处于前台
2025-10-21 00:13:55 [TRACE] 正在返回菜单,请保持游戏画面处于前台
2025-10-21 00:13:59 [TRACE] 正在返回菜单,请保持游戏画面处于前台
2025-10-21 00:14:02 [TRACE] 正在返回菜单,请保持游戏画面处于前台
2025-10-21 00:14:05 [TRACE] 正在返回菜单,请保持游戏画面处于前台
2025-10-21 00:14:08 [TRACE] 正在返回菜单,请保持游戏画面处于前台
2025-10-21 00:14:12 [TRACE] 正在返回菜单,请保持游戏画面处于前台
2025-10-21 00:14:15 [TRACE] 正在返回菜单,请保持游戏画面处于前台
2025-10-21 00:14:18 [TRACE] 正在返回菜单,请保持游戏画面处于前台
2025-10-21 00:14:21 [TRACE] 正在返回菜单,请保持游戏画面处于前台
2025-10-21 00:14:25 [TRACE] 正在返回菜单,请保持游戏画面处于前台
2025-10-21 00:14:28 [TRACE] 正在返回菜单,请保持游戏画面处于前台
2025-10-21 00:14:31 [TRACE] 正在返回菜单,请保持游戏画面处于前台
2025-10-21 00:14:34 [TRACE] 正在返回菜单,请保持游戏画面处于前台
2025-10-21 00:14:38 [TRACE] 正在返回菜单,请保持游戏画面处于前台
2025-10-21 00:14:41 [TRACE] 正在返回菜单,请保持游戏画面处于前台
2025-10-21 00:14:44 [TRACE] 正在返回菜单,请保持游戏画面处于前台
2025-10-21 00:14:47 [TRACE] 正在返回菜单,请保持游戏画面处于前台
2025-10-21 00:14:51 [TRACE] 正在返回菜单,请保持游戏画面处于前台
2025-10-21 00:14:54 [TRACE] 正在返回菜单,请保持游戏画面处于前台
2025-10-21 00:14:57 [TRACE] 正在返回菜单,请保持游戏画面处于前台
2025-10-21 00:15:00 [TRACE] 正在返回菜单,请保持游戏画面处于前台
2025-10-21 00:15:04 [TRACE] 正在返回菜单,请保持游戏画面处于前台
2025-10-21 00:15:07 [TRACE] 正在返回菜单,请保持游戏画面处于前台
2025-10-21 00:15:10 [TRACE] 正在返回菜单,请保持游戏画面处于前台
2025-10-21 00:15:13 [TRACE] 正在返回菜单,请保持游戏画面处于前台
2025-10-21 00:15:17 [TRACE] 正在返回菜单,请保持游戏画面处于前台
2025-10-21 00:15:20 [TRACE] 正在返回菜单,请保持游戏画面处于前台
2025-10-21 00:15:23 [TRACE] 正在返回菜单,请保持游戏画面处于前台
2025-10-21 00:15:26 [TRACE] 正在返回菜单,请保持游戏画面处于前台
2025-10-21 00:15:30 [TRACE] 正在返回菜单,请保持游戏画面处于前台
2025-10-21 00:15:33 [TRACE] 正在返回菜单,请保持游戏画面处于前台
2025-10-21 00:15:36 [TRACE] 正在返回菜单,请保持游戏画面处于前台
2025-10-21 00:15:40 [TRACE] 正在返回菜单,请保持游戏画面处于前台
2025-10-21 00:15:43 [TRACE] 正在返回菜单,请保持游戏画面处于前台
2025-10-21 00:15:46 [TRACE] 正在返回菜单,请保持游戏画面处于前台
2025-10-21 00:15:49 [TRACE] 正在返回菜单,请保持游戏画面处于前台
2025-10-21 00:15:53 [TRACE] 正在返回菜单,请保持游戏画面处于前台
2025-10-21 00:15:56 [TRACE] 正在返回菜单,请保持游戏画面处于前台
2025-10-21 00:15:59 [TRACE] 正在返回菜单,请保持游戏画面处于前台
2025-10-21 00:16:02 [TRACE] 正在返回菜单,请保持游戏画面处于前台
2025-10-21 00:16:06 [TRACE] 正在返回菜单,请保持游戏画面处于前台
2025-10-21 00:16:09 [TRACE] 正在返回菜单,请保持游戏画面处于前台
2025-10-21 00:16:12 [TRACE] 正在返回菜单,请保持游戏画面处于前台
2025-10-21 00:16:15 [TRACE] 正在返回菜单,请保持游戏画面处于前台
2025-10-21 00:16:19 [TRACE] 正在返回菜单,请保持游戏画面处于前台
2025-10-21 00:16:22 [TRACE] 正在返回菜单,请保持游戏画面处于前台
2025-10-21 00:16:25 [TRACE] 正在返回菜单,请保持游戏画面处于前台
2025-10-21 00:16:28 [TRACE] 正在返回菜单,请保持游戏画面处于前台
2025-10-21 00:16:32 [TRACE] 正在返回菜单,请保持游戏画面处于前台
2025-10-21 00:16:35 [TRACE] 正在返回菜单,请保持游戏画面处于前台
2025-10-21 00:16:38 [TRACE] 正在返回菜单,请保持游戏画面处于前台
2025-10-21 00:16:41 [TRACE] 正在返回菜单,请保持游戏画面处于前台
2025-10-21 00:16:45 [TRACE] 正在返回菜单,请保持游戏画面处于前台
2025-10-21 00:16:48 [TRACE] 正在返回菜单,请保持游戏画面处于前台
2025-10-21 00:16:51 [TRACE] 正在返回菜单,请保持游戏画面处于前台
2025-10-21 00:16:55 [TRACE] 正在返回菜单,请保持游戏画面处于前台
2025-10-21 00:16:58 [TRACE] 正在返回菜单,请保持游戏画面处于前台
2025-10-21 00:17:01 [TRACE] 正在返回菜单,请保持游戏画面处于前台
2025-10-21 00:17:04 [TRACE] 正在返回菜单,请保持游戏画面处于前台
2025-10-21 00:17:08 [TRACE] 正在返回菜单,请保持游戏画面处于前台
2025-10-21 00:17:11 [TRACE] 正在返回菜单,请保持游戏画面处于前台
2025-10-21 00:17:14 [TRACE] 正在返回菜单,请保持游戏画面处于前台
2025-10-21 00:17:17 [TRACE] 正在返回菜单,请保持游戏画面处于前台
2025-10-21 00:17:21 [TRACE] 正在返回菜单,请保持游戏画面处于前台
2025-10-21 00:17:24 [TRACE] 正在返回菜单,请保持游戏画面处于前台
2025-10-21 00:17:27 [TRACE] 正在返回菜单,请保持游戏画面处于前台
2025-10-21 00:17:31 [TRACE] 正在返回菜单,请保持游戏画面处于前台
2025-10-21 00:17:34 [TRACE] 正在返回菜单,请保持游戏画面处于前台
2025-10-21 00:17:37 [TRACE] 正在返回菜单,请保持游戏画面处于前台
2025-10-21 00:17:40 [TRACE] 正在返回菜单,请保持游戏画面处于前台
2025-10-21 00:17:43 [TRACE] 正在返回菜单,请保持游戏画面处于前台
2025-10-21 00:17:47 [TRACE] 正在返回菜单,请保持游戏画面处于前台
2025-10-21 00:17:50 [TRACE] 正在返回菜单,请保持游戏画面处于前台
2025-10-21 00:17:53 [TRACE] 正在返回菜单,请保持游戏画面处于前台
2025-10-21 00:17:56 [TRACE] 正在返回菜单,请保持游戏画面处于前台
2025-10-21 00:18:00 [TRACE] 正在返回菜单,请保持游戏画面处于前台
2025-10-21 00:18:03 [TRACE] 正在返回菜单,请保持游戏画面处于前台
2025-10-21 00:18:06 [TRACE] 正在返回菜单,请保持游戏画面处于前台
2025-10-21 00:18:10 [TRACE] 正在返回菜单,请保持游戏画面处于前台
2025-10-21 00:18:13 [TRACE] 正在返回菜单,请保持游戏画面处于前台
2025-10-21 00:18:16 [TRACE] 正在返回菜单,请保持游戏画面处于前台
2025-10-21 00:18:19 [TRACE] 正在返回菜单,请保持游戏画面处于前台
2025-10-21 00:18:23 [TRACE] 正在返回菜单,请保持游戏画面处于前台
2025-10-21 00:18:26 [TRACE] 正在返回菜单,请保持游戏画面处于前台
2025-10-21 00:18:29 [TRACE] 正在返回菜单,请保持游戏画面处于前台
2025-10-21 00:18:32 [TRACE] 正在返回菜单,请保持游戏画面处于前台
2025-10-21 00:18:36 [TRACE] 正在返回菜单,请保持游戏画面处于前台
2025-10-21 00:18:39 [TRACE] 正在返回菜单,请保持游戏画面处于前台
2025-10-21 00:18:42 [TRACE] 正在返回菜单,请保持游戏画面处于前台
2025-10-21 00:18:45 [TRACE] 正在返回菜单,请保持游戏画面处于前台
2025-10-21 00:18:49 [TRACE] 正在返回菜单,请保持游戏画面处于前台
2025-10-21 00:18:52 [TRACE] 正在返回菜单,请保持游戏画面处于前台
2025-10-21 00:18:55 [TRACE] 正在返回菜单,请保持游戏画面处于前台
2025-10-21 00:18:58 [TRACE] 正在返回菜单,请保持游戏画面处于前台
2025-10-21 00:19:02 [TRACE] 正在返回菜单,请保持游戏画面处于前台
2025-10-21 00:19:05 [TRACE] 正在返回菜单,请保持游戏画面处于前台
2025-10-21 00:19:08 [TRACE] 正在返回菜单,请保持游戏画面处于前台
2025-10-21 00:19:11 [TRACE] 正在返回菜单,请保持游戏画面处于前台
2025-10-21 00:19:14 [TRACE] 正在返回菜单,请保持游戏画面处于前台
2025-10-21 00:19:18 [TRACE] 正在返回菜单,请保持游戏画面处于前台
2025-10-21 00:19:21 [TRACE] 正在返回菜单,请保持游戏画面处于前台
2025-10-21 00:19:24 [TRACE] 正在返回菜单,请保持游戏画面处于前台
2025-10-21 00:19:27 [TRACE] 正在返回菜单,请保持游戏画面处于前台
2025-10-21 00:19:31 [TRACE] 正在返回菜单,请保持游戏画面处于前台
2025-10-21 00:19:34 [TRACE] 正在返回菜单,请保持游戏画面处于前台
2025-10-21 00:19:37 [TRACE] 正在返回菜单,请保持游戏画面处于前台
2025-10-21 00:19:41 [TRACE] 正在返回菜单,请保持游戏画面处于前台
2025-10-21 00:19:44 [TRACE] 正在返回菜单,请保持游戏画面处于前台
2025-10-21 00:19:47 [TRACE] 正在返回菜单,请保持游戏画面处于前台
2025-10-21 00:19:50 [TRACE] 正在返回菜单,请保持游戏画面处于前台
2025-10-21 00:19:53 [TRACE] 正在返回菜单,请保持游戏画面处于前台
2025-10-21 00:19:57 [TRACE] 正在返回菜单,请保持游戏画面处于前台
2025-10-21 00:20:00 [TRACE] 正在返回菜单,请保持游戏画面处于前台
2025-10-21 00:20:03 [TRACE] 正在返回菜单,请保持游戏画面处于前台
2025-10-21 00:20:07 [TRACE] 正在返回菜单,请保持游戏画面处于前台
2025-10-21 00:20:10 [TRACE] 正在返回菜单,请保持游戏画面处于前台
2025-10-21 00:20:13 [TRACE] 正在返回菜单,请保持游戏画面处于前台
2025-10-21 00:20:17 [TRACE] 正在返回菜单,请保持游戏画面处于前台
2025-10-21 00:20:20 [TRACE] 正在返回菜单,请保持游戏画面处于前台
2025-10-21 00:20:23 [TRACE] 正在返回菜单,请保持游戏画面处于前台
2025-10-21 00:20:26 [TRACE] 正在返回菜单,请保持游戏画面处于前台
2025-10-21 00:20:30 [TRACE] 正在返回菜单,请保持游戏画面处于前台
2025-10-21 00:20:33 [TRACE] 正在返回菜单,请保持游戏画面处于前台
2025-10-21 00:20:36 [TRACE] 正在返回菜单,请保持游戏画面处于前台
2025-10-21 00:20:39 [TRACE] 正在返回菜单,请保持游戏画面处于前台
2025-10-21 00:20:43 [TRACE] 正在返回菜单,请保持游戏画面处于前台
2025-10-21 00:20:46 [TRACE] 正在返回菜单,请保持游戏画面处于前台
2025-10-21 00:20:49 [TRACE] 正在返回菜单,请保持游戏画面处于前台
2025-10-21 00:20:52 [TRACE] 正在返回菜单,请保持游戏画面处于前台
2025-10-21 00:20:56 [TRACE] 正在返回菜单,请保持游戏画面处于前台
2025-10-21 00:20:59 [TRACE] 正在返回菜单,请保持游戏画面处于前台
2025-10-21 00:21:02 [TRACE] 正在返回菜单,请保持游戏画面处于前台
2025-10-21 00:21:05 [TRACE] 正在返回菜单,请保持游戏画面处于前台
2025-10-21 00:21:09 [TRACE] 正在返回菜单,请保持游戏画面处于前台
2025-10-21 00:21:12 [TRACE] 正在返回菜单,请保持游戏画面处于前台
2025-10-21 00:21:15 [TRACE] 正在返回菜单,请保持游戏画面处于前台
2025-10-21 00:21:18 [TRACE] 正在返回菜单,请保持游戏画面处于前台
2025-10-21 00:21:22 [TRACE] 正在返回菜单,请保持游戏画面处于前台
2025-10-21 00:21:25 [TRACE] 正在返回菜单,请保持游戏画面处于前台
2025-10-21 00:21:28 [TRACE] 正在返回菜单,请保持游戏画面处于前台
2025-10-21 00:21:31 [TRACE] 正在返回菜单,请保持游戏画面处于前台
2025-10-21 00:21:35 [TRACE] 正在返回菜单,请保持游戏画面处于前台
2025-10-21 00:21:38 [TRACE] 正在返回菜单,请保持游戏画面处于前台
2025-10-21 00:21:41 [TRACE] 正在返回菜单,请保持游戏画面处于前台
2025-10-21 00:21:44 [TRACE] 正在返回菜单,请保持游戏画面处于前台
2025-10-21 00:21:48 [TRACE] 正在返回菜单,请保持游戏画面处于前台
2025-10-21 00:21:51 [TRACE] 正在返回菜单,请保持游戏画面处于前台
2025-10-21 00:21:54 [TRACE] 正在返回菜单,请保持游戏画面处于前台
2025-10-21 00:21:57 [TRACE] 正在返回菜单,请保持游戏画面处于前台
2025-10-21 00:22:01 [TRACE] 正在返回菜单,请保持游戏画面处于前台
2025-10-21 00:22:04 [TRACE] 正在返回菜单,请保持游戏画面处于前台
2025-10-21 00:22:07 [TRACE] 正在返回菜单,请保持游戏画面处于前台
2025-10-21 00:22:10 [TRACE] 正在返回菜单,请保持游戏画面处于前台
2025-10-21 00:22:14 [TRACE] 正在返回菜单,请保持游戏画面处于前台
2025-10-21 00:22:17 [TRACE] 正在返回菜单,请保持游戏画面处于前台
2025-10-21 00:22:20 [TRACE] 正在返回菜单,请保持游戏画面处于前台
2025-10-21 00:22:23 [TRACE] 正在返回菜单,请保持游戏画面处于前台
2025-10-21 00:22:27 [TRACE] 正在返回菜单,请保持游戏画面处于前台
2025-10-21 00:22:30 [TRACE] 正在返回菜单,请保持游戏画面处于前台
2025-10-21 00:22:33 [TRACE] 正在返回菜单,请保持游戏画面处于前台
2025-10-21 00:22:36 [TRACE] 正在返回菜单,请保持游戏画面处于前台
2025-10-21 00:22:40 [TRACE] 正在返回菜单,请保持游戏画面处于前台
2025-10-21 00:22:43 [TRACE] 正在返回菜单,请保持游戏画面处于前台
2025-10-21 00:22:46 [TRACE] 正在返回菜单,请保持游戏画面处于前台
2025-10-21 00:22:49 [TRACE] 正在返回菜单,请保持游戏画面处于前台
2025-10-21 00:22:53 [TRACE] 正在返回菜单,请保持游戏画面处于前台
2025-10-21 00:22:56 [TRACE] 正在返回菜单,请保持游戏画面处于前台
2025-10-21 00:22:59 [TRACE] 正在返回菜单,请保持游戏画面处于前台
2025-10-21 00:23:02 [TRACE] 正在返回菜单,请保持游戏画面处于前台
2025-10-21 00:23:06 [TRACE] 正在返回菜单,请保持游戏画面处于前台
2025-10-21 00:23:09 [TRACE] 正在返回菜单,请保持游戏画面处于前台
2025-10-21 00:23:12 [TRACE] 正在返回菜单,请保持游戏画面处于前台
2025-10-21 00:23:16 [TRACE] 正在返回菜单,请保持游戏画面处于前台
2025-10-21 00:23:19 [TRACE] 正在返回菜单,请保持游戏画面处于前台
2025-10-21 00:23:22 [TRACE] 正在返回菜单,请保持游戏画面处于前台
2025-10-21 00:23:25 [TRACE] 正在返回菜单,请保持游戏画面处于前台
2025-10-21 00:23:28 [TRACE] 正在返回菜单,请保持游戏画面处于前台
2025-10-21 00:23:32 [TRACE] 正在返回菜单,请保持游戏画面处于前台
2025-10-21 00:23:35 [TRACE] 正在返回菜单,请保持游戏画面处于前台
2025-10-21 00:23:38 [TRACE] 正在返回菜单,请保持游戏画面处于前台
2025-10-21 00:23:42 [TRACE] 正在返回菜单,请保持游戏画面处于前台
2025-10-21 00:23:45 [TRACE] 正在返回菜单,请保持游戏画面处于前台
2025-10-21 00:23:48 [TRACE] 正在返回菜单,请保持游戏画面处于前台
2025-10-21 00:23:51 [TRACE] 正在返回菜单,请保持游戏画面处于前台
2025-10-21 00:23:54 [TRACE] 正在返回菜单,请保持游戏画面处于前台
2025-10-21 00:23:58 [TRACE] 正在返回菜单,请保持游戏画面处于前台
2025-10-21 00:24:01 [TRACE] 正在返回菜单,请保持游戏画面处于前台
2025-10-21 00:24:04 [TRACE] 正在返回菜单,请保持游戏画面处于前台
2025-10-21 00:24:08 [TRACE] 正在返回菜单,请保持游戏画面处于前台
2025-10-21 00:24:11 [TRACE] 正在返回菜单,请保持游戏画面处于前台
2025-10-21 00:24:14 [TRACE] 正在返回菜单,请保持游戏画面处于前台
2025-10-21 00:24:17 [TRACE] 正在返回菜单,请保持游戏画面处于前台
2025-10-21 00:24:20 [TRACE] 正在返回菜单,请保持游戏画面处于前台
2025-10-21 00:24:24 [TRACE] 正在返回菜单,请保持游戏画面处于前台
2025-10-21 00:24:27 [TRACE] 正在返回菜单,请保持游戏画面处于前台
2025-10-21 00:24:31 [TRACE] 正在返回菜单,请保持游戏画面处于前台
2025-10-21 00:24:34 [TRACE] 正在返回菜单,请保持游戏画面处于前台
2025-10-21 00:24:37 [TRACE] 正在返回菜单,请保持游戏画面处于前台
2025-10-21 00:24:40 [TRACE] 正在返回菜单,请保持游戏画面处于前台
2025-10-21 00:24:43 [TRACE] 正在返回菜单,请保持游戏画面处于前台
2025-10-21 00:24:47 [TRACE] 正在返回菜单,请保持游戏画面处于前台
2025-10-21 00:24:50 [TRACE] 正在返回菜单,请保持游戏画面处于前台
2025-10-21 00:24:53 [TRACE] 正在返回菜单,请保持游戏画面处于前台
2025-10-21 00:24:56 [TRACE] 正在返回菜单,请保持游戏画面处于前台
2025-10-21 00:25:00 [TRACE] 正在返回菜单,请保持游戏画面处于前台
2025-10-21 00:25:03 [TRACE] 正在返回菜单,请保持游戏画面处于前台
2025-10-21 00:25:06 [TRACE] 正在返回菜单,请保持游戏画面处于前台
2025-10-21 00:25:09 [TRACE] 正在返回菜单,请保持游戏画面处于前台
2025-10-21 00:25:13 [TRACE] 正在返回菜单,请保持游戏画面处于前台
2025-10-21 00:25:16 [TRACE] 正在返回菜单,请保持游戏画面处于前台
2025-10-21 00:25:19 [TRACE] 正在返回菜单,请保持游戏画面处于前台
2025-10-21 00:25:22 [TRACE] 正在返回菜单,请保持游戏画面处于前台
2025-10-21 00:25:26 [TRACE] 正在返回菜单,请保持游戏画面处于前台
2025-10-21 00:25:29 [TRACE] 正在返回菜单,请保持游戏画面处于前台
2025-10-21 00:25:32 [TRACE] 正在返回菜单,请保持游戏画面处于前台
2025-10-21 00:25:35 [TRACE] 正在返回菜单,请保持游戏画面处于前台
2025-10-21 00:25:39 [TRACE] 正在返回菜单,请保持游戏画面处于前台
2025-10-21 00:25:42 [TRACE] 正在返回菜单,请保持游戏画面处于前台
2025-10-21 00:25:46 [TRACE] 正在返回菜单,请保持游戏画面处于前台
2025-10-21 00:25:49 [TRACE] 正在返回菜单,请保持游戏画面处于前台
2025-10-21 00:25:52 [TRACE] 正在返回菜单,请保持游戏画面处于前台
2025-10-21 00:25:55 [TRACE] 正在返回菜单,请保持游戏画面处于前台
2025-10-21 00:25:59 [TRACE] 正在返回菜单,请保持游戏画面处于前台
2025-10-21 00:26:02 [TRACE] 正在返回菜单,请保持游戏画面处于前台
2025-10-21 00:26:05 [TRACE] 正在返回菜单,请保持游戏画面处于前台
2025-10-21 00:26:08 [TRACE] 正在返回菜单,请保持游戏画面处于前台
2025-10-21 00:26:12 [TRACE] 正在返回菜单,请保持游戏画面处于前台
2025-10-21 00:26:15 [TRACE] 正在返回菜单,请保持游戏画面处于前台
2025-10-21 00:26:18 [TRACE] 正在返回菜单,请保持游戏画面处于前台
2025-10-21 00:26:21 [TRACE] 正在返回菜单,请保持游戏画面处于前台
2025-10-21 00:26:25 [TRACE] 正在返回菜单,请保持游戏画面处于前台
2025-10-21 00:26:28 [TRACE] 正在返回菜单,请保持游戏画面处于前台
2025-10-21 00:26:31 [TRACE] 正在返回菜单,请保持游戏画面处于前台
2025-10-21 00:26:34 [TRACE] 正在返回菜单,请保持游戏画面处于前台
2025-10-21 00:26:38 [TRACE] 正在返回菜单,请保持游戏画面处于前台
2025-10-21 00:26:41 [TRACE] 正在返回菜单,请保持游戏画面处于前台
2025-10-21 00:26:44 [TRACE] 正在返回菜单,请保持游戏画面处于前台
2025-10-21 00:26:47 [TRACE] 正在返回菜单,请保持游戏画面处于前台
2025-10-21 00:26:51 [TRACE] 正在返回菜单,请保持游戏画面处于前台
2025-10-21 00:26:54 [TRACE] 正在返回菜单,请保持游戏画面处于前台
2025-10-21 00:26:57 [TRACE] 正在返回菜单,请保持游戏画面处于前台
2025-10-21 00:27:01 [TRACE] 正在返回菜单,请保持游戏画面处于前台
2025-10-21 00:27:04 [TRACE] 正在返回菜单,请保持游戏画面处于前台
2025-10-21 00:27:07 [TRACE] 正在返回菜单,请保持游戏画面处于前台
2025-10-21 00:27:10 [TRACE] 正在返回菜单,请保持游戏画面处于前台
2025-10-21 00:27:14 [TRACE] 正在返回菜单,请保持游戏画面处于前台
2025-10-21 00:27:17 [TRACE] 正在返回菜单,请保持游戏画面处于前台
2025-10-21 00:27:20 [TRACE] 正在返回菜单,请保持游戏画面处于前台
2025-10-21 00:27:23 [TRACE] 正在返回菜单,请保持游戏画面处于前台
2025-10-21 00:27:27 [TRACE] 正在返回菜单,请保持游戏画面处于前台
2025-10-21 00:27:30 [TRACE] 正在返回菜单,请保持游戏画面处于前台
2025-10-21 00:27:33 [TRACE] 正在返回菜单,请保持游戏画面处于前台
2025-10-21 00:27:36 [TRACE] 正在返回菜单,请保持游戏画面处于前台
2025-10-21 00:27:40 [TRACE] 正在返回菜单,请保持游戏画面处于前台
2025-10-21 00:27:43 [TRACE] 正在返回菜单,请保持游戏画面处于前台
2025-10-21 00:27:46 [TRACE] 正在返回菜单,请保持游戏画面处于前台
2025-10-21 00:27:49 [TRACE] 正在返回菜单,请保持游戏画面处于前台
2025-10-21 00:27:53 [TRACE] 正在返回菜单,请保持游戏画面处于前台
2025-10-21 00:27:56 [TRACE] 正在返回菜单,请保持游戏画面处于前台
2025-10-21 00:27:59 [TRACE] 正在返回菜单,请保持游戏画面处于前台
2025-10-21 00:28:02 [TRACE] 正在返回菜单,请保持游戏画面处于前台
2025-10-21 00:28:05 [TRACE] 正在返回菜单,请保持游戏画面处于前台
2025-10-21 00:28:09 [TRACE] 正在返回菜单,请保持游戏画面处于前台
2025-10-21 00:28:12 [TRACE] 正在返回菜单,请保持游戏画面处于前台
2025-10-21 00:28:15 [TRACE] 正在返回菜单,请保持游戏画面处于前台
2025-10-21 00:28:18 [TRACE] 正在返回菜单,请保持游戏画面处于前台
2025-10-21 00:28:22 [TRACE] 正在返回菜单,请保持游戏画面处于前台
2025-10-21 00:28:25 [TRACE] 正在返回菜单,请保持游戏画面处于前台
2025-10-21 00:28:28 [TRACE] 正在返回菜单,请保持游戏画面处于前台
2025-10-21 00:28:32 [TRACE] 正在返回菜单,请保持游戏画面处于前台
2025-10-21 00:28:35 [TRACE] 正在返回菜单,请保持游戏画面处于前台
2025-10-21 00:28:38 [TRACE] 正在返回菜单,请保持游戏画面处于前台
2025-10-21 00:28:41 [TRACE] 正在返回菜单,请保持游戏画面处于前台
2025-10-21 00:28:44 [TRACE] 正在返回菜单,请保持游戏画面处于前台
2025-10-21 00:28:48 [TRACE] 正在返回菜单,请保持游戏画面处于前台
2025-10-21 00:28:51 [TRACE] 正在返回菜单,请保持游戏画面处于前台
2025-10-21 00:28:54 [TRACE] 正在返回菜单,请保持游戏画面处于前台
2025-10-21 00:28:57 [TRACE] 正在返回菜单,请保持游戏画面处于前台
2025-10-21 00:29:01 [TRACE] 正在返回菜单,请保持游戏画面处于前台
2025-10-21 00:29:04 [TRACE] 正在返回菜单,请保持游戏画面处于前台
2025-10-21 00:29:07 [TRACE] 正在返回菜单,请保持游戏画面处于前台
2025-10-21 00:29:10 [TRACE] 正在返回菜单,请保持游戏画面处于前台
2025-10-21 00:29:14 [TRACE] 正在返回菜单,请保持游戏画面处于前台
2025-10-21 00:29:17 [TRACE] 正在返回菜单,请保持游戏画面处于前台
2025-10-21 00:29:20 [TRACE] 正在返回菜单,请保持游戏画面处于前台
2025-10-21 00:29:23 [TRACE] 正在返回菜单,请保持游戏画面处于前台
2025-10-21 00:29:27 [TRACE] 正在返回菜单,请保持游戏画面处于前台
2025-10-21 00:29:30 [TRACE] 正在返回菜单,请保持游戏画面处于前台
2025-10-21 00:29:33 [TRACE] 正在返回菜单,请保持游戏画面处于前台
2025-10-21 00:29:36 [TRACE] 正在返回菜单,请保持游戏画面处于前台
2025-10-21 00:29:39 [TRACE] 正在返回菜单,请保持游戏画面处于前台
2025-10-21 00:29:43 [TRACE] 正在返回菜单,请保持游戏画面处于前台
2025-10-21 00:29:46 [TRACE] 正在返回菜单,请保持游戏画面处于前台
2025-10-21 00:29:49 [TRACE] 正在返回菜单,请保持游戏画面处于前台
2025-10-21 00:29:53 [TRACE] 正在返回菜单,请保持游戏画面处于前台
2025-10-21 00:29:56 [TRACE] 正在返回菜单,请保持游戏画面处于前台
2025-10-21 00:29:59 [TRACE] 正在返回菜单,请保持游戏画面处于前台
2025-10-21 00:30:02 [TRACE] 正在返回菜单,请保持游戏画面处于前台
2025-10-21 00:30:06 [TRACE] 正在返回菜单,请保持游戏画面处于前台
2025-10-21 00:30:09 [TRACE] 正在返回菜单,请保持游戏画面处于前台
2025-10-21 00:30:12 [TRACE] 正在返回菜单,请保持游戏画面处于前台
2025-10-21 00:30:15 [TRACE] 正在返回菜单,请保持游戏画面处于前台
2025-10-21 00:30:19 [TRACE] 正在返回菜单,请保持游戏画面处于前台
2025-10-21 00:30:22 [TRACE] 正在返回菜单,请保持游戏画面处于前台
2025-10-21 00:30:25 [TRACE] 正在返回菜单,请保持游戏画面处于前台
2025-10-21 00:30:28 [TRACE] 正在返回菜单,请保持游戏画面处于前台
2025-10-21 00:30:32 [TRACE] 正在返回菜单,请保持游戏画面处于前台
2025-10-21 00:30:35 [TRACE] 正在返回菜单,请保持游戏画面处于前台
2025-10-21 00:30:38 [TRACE] 正在返回菜单,请保持游戏画面处于前台
2025-10-21 00:30:41 [TRACE] 正在返回菜单,请保持游戏画面处于前台
2025-10-21 00:30:45 [TRACE] 正在返回菜单,请保持游戏画面处于前台
2025-10-21 00:30:48 [TRACE] 正在返回菜单,请保持游戏画面处于前台
2025-10-21 00:30:51 [TRACE] 正在返回菜单,请保持游戏画面处于前台
2025-10-21 00:30:54 [TRACE] 正在返回菜单,请保持游戏画面处于前台
2025-10-21 00:30:58 [TRACE] 正在返回菜单,请保持游戏画面处于前台
2025-10-21 00:31:01 [TRACE] 正在返回菜单,请保持游戏画面处于前台
2025-10-21 00:31:04 [TRACE] 正在返回菜单,请保持游戏画面处于前台
2025-10-21 00:31:08 [TRACE] 正在返回菜单,请保持游戏画面处于前台
2025-10-21 00:31:11 [TRACE] 正在返回菜单,请保持游戏画面处于前台
2025-10-21 00:31:14 [TRACE] 正在返回菜单,请保持游戏画面处于前台
2025-10-21 00:31:17 [TRACE] 正在返回菜单,请保持游戏画面处于前台
2025-10-21 00:31:21 [TRACE] 正在返回菜单,请保持游戏画面处于前台
2025-10-21 00:31:24 [TRACE] 正在返回菜单,请保持游戏画面处于前台
2025-10-21 00:31:27 [TRACE] 正在返回菜单,请保持游戏画面处于前台
2025-10-21 00:31:30 [TRACE] 正在返回菜单,请保持游戏画面处于前台
2025-10-21 00:31:34 [TRACE] 正在返回菜单,请保持游戏画面处于前台
2025-10-21 00:31:37 [TRACE] 正在返回菜单,请保持游戏画面处于前台
2025-10-21 00:31:40 [TRACE] 正在返回菜单,请保持游戏画面处于前台
2025-10-21 00:31:43 [TRACE] 正在返回菜单,请保持游戏画面处于前台
2025-10-21 00:31:47 [TRACE] 正在返回菜单,请保持游戏画面处于前台
2025-10-21 00:31:50 [TRACE] 正在返回菜单,请保持游戏画面处于前台
2025-10-21 00:31:53 [TRACE] 正在返回菜单,请保持游戏画面处于前台
2025-10-21 00:31:56 [TRACE] 正在返回菜单,请保持游戏画面处于前台
2025-10-21 00:32:00 [TRACE] 正在返回菜单,请保持游戏画面处于前台
2025-10-21 00:32:03 [TRACE] 正在返回菜单,请保持游戏画面处于前台
2025-10-21 00:32:06 [TRACE] 正在返回菜单,请保持游戏画面处于前台
2025-10-21 00:32:09 [TRACE] 正在返回菜单,请保持游戏画面处于前台
2025-10-21 00:32:13 [TRACE] 正在返回菜单,请保持游戏画面处于前台
2025-10-21 00:32:16 [TRACE] 正在返回菜单,请保持游戏画面处于前台
2025-10-21 00:32:19 [TRACE] 正在返回菜单,请保持游戏画面处于前台
2025-10-21 00:32:22 [TRACE] 正在返回菜单,请保持游戏画面处于前台
2025-10-21 00:32:26 [TRACE] 正在返回菜单,请保持游戏画面处于前台
2025-10-21 00:32:29 [TRACE] 正在返回菜单,请保持游戏画面处于前台
2025-10-21 00:32:32 [TRACE] 正在返回菜单,请保持游戏画面处于前台
2025-10-21 00:32:35 [TRACE] 正在返回菜单,请保持游戏画面处于前台
2025-10-21 00:32:39 [TRACE] 正在返回菜单,请保持游戏画面处于前台
2025-10-21 00:32:42 [TRACE] 正在返回菜单,请保持游戏画面处于前台
2025-10-21 00:32:45 [TRACE] 正在返回菜单,请保持游戏画面处于前台
2025-10-21 00:32:48 [TRACE] 正在返回菜单,请保持游戏画面处于前台
2025-10-21 00:32:52 [TRACE] 正在返回菜单,请保持游戏画面处于前台
2025-10-21 00:32:55 [TRACE] 正在返回菜单,请保持游戏画面处于前台
2025-10-21 00:32:58 [TRACE] 正在返回菜单,请保持游戏画面处于前台
2025-10-21 00:33:01 [TRACE] 正在返回菜单,请保持游戏画面处于前台
2025-10-21 00:33:05 [TRACE] 正在返回菜单,请保持游戏画面处于前台
2025-10-21 00:33:08 [TRACE] 正在返回菜单,请保持游戏画面处于前台
2025-10-21 00:33:11 [TRACE] 正在返回菜单,请保持游戏画面处于前台
2025-10-21 00:33:14 [TRACE] 正在返回菜单,请保持游戏画面处于前台
2025-10-21 00:33:18 [TRACE] 正在返回菜单,请保持游戏画面处于前台
2025-10-21 00:33:21 [TRACE] 正在返回菜单,请保持游戏画面处于前台
2025-10-21 00:33:24 [TRACE] 正在返回菜单,请保持游戏画面处于前台
2025-10-21 00:33:27 [TRACE] 正在返回菜单,请保持游戏画面处于前台
2025-10-21 00:33:31 [TRACE] 正在返回菜单,请保持游戏画面处于前台
2025-10-21 00:33:34 [TRACE] 正在返回菜单,请保持游戏画面处于前台
2025-10-21 00:33:37 [TRACE] 正在返回菜单,请保持游戏画面处于前台
2025-10-21 00:33:40 [TRACE] 正在返回菜单,请保持游戏画面处于前台
2025-10-21 00:33:44 [TRACE] 正在返回菜单,请保持游戏画面处于前台
2025-10-21 00:33:47 [TRACE] 正在返回菜单,请保持游戏画面处于前台
2025-10-21 00:33:50 [TRACE] 正在返回菜单,请保持游戏画面处于前台
2025-10-21 00:33:53 [TRACE] 正在返回菜单,请保持游戏画面处于前台
2025-10-21 00:33:57 [TRACE] 正在返回菜单,请保持游戏画面处于前台
2025-10-21 00:34:00 [TRACE] 正在返回菜单,请保持游戏画面处于前台
2025-10-21 00:34:03 [TRACE] 正在返回菜单,请保持游戏画面处于前台
2025-10-21 00:34:06 [TRACE] 正在返回菜单,请保持游戏画面处于前台
2025-10-21 00:34:09 [TRACE] 正在返回菜单,请保持游戏画面处于前台
2025-10-21 00:34:13 [TRACE] 正在返回菜单,请保持游戏画面处于前台
2025-10-21 00:34:16 [TRACE] 正在返回菜单,请保持游戏画面处于前台
2025-10-21 00:34:19 [TRACE] 正在返回菜单,请保持游戏画面处于前台
2025-10-21 00:34:23 [TRACE] 正在返回菜单,请保持游戏画面处于前台
2025-10-21 00:34:26 [TRACE] 正在返回菜单,请保持游戏画面处于前台
2025-10-21 00:34:29 [TRACE] 正在返回菜单,请保持游戏画面处于前台
2025-10-21 00:34:32 [TRACE] 正在返回菜单,请保持游戏画面处于前台
2025-10-21 00:34:36 [TRACE] 正在返回菜单,请保持游戏画面处于前台
2025-10-21 00:34:39 [TRACE] 正在返回菜单,请保持游戏画面处于前台
2025-10-21 00:34:42 [TRACE] 正在返回菜单,请保持游戏画面处于前台
2025-10-21 00:34:45 [TRACE] 正在返回菜单,请保持游戏画面处于前台
2025-10-21 00:34:49 [TRACE] 正在返回菜单,请保持游戏画面处于前台
2025-10-21 00:34:52 [TRACE] 正在返回菜单,请保持游戏画面处于前台
2025-10-21 00:34:55 [TRACE] 正在返回菜单,请保持游戏画面处于前台
2025-10-21 00:34:58 [TRACE] 正在返回菜单,请保持游戏画面处于前台
2025-10-21 00:35:02 [TRACE] 正在返回菜单,请保持游戏画面处于前台
2025-10-21 00:35:05 [TRACE] 正在返回菜单,请保持游戏画面处于前台
2025-10-21 00:35:08 [TRACE] 正在返回菜单,请保持游戏画面处于前台
2025-10-21 00:35:11 [TRACE] 正在返回菜单,请保持游戏画面处于前台
2025-10-21 00:35:15 [TRACE] 正在返回菜单,请保持游戏画面处于前台
2025-10-21 00:35:18 [TRACE] 正在返回菜单,请保持游戏画面处于前台
2025-10-21 00:35:21 [TRACE] 正在返回菜单,请保持游戏画面处于前台
2025-10-21 00:35:24 [TRACE] 正在返回菜单,请保持游戏画面处于前台
2025-10-21 00:35:28 [TRACE] 正在返回菜单,请保持游戏画面处于前台
2025-10-21 00:35:31 [TRACE] 正在返回菜单,请保持游戏画面处于前台
2025-10-21 00:35:34 [TRACE] 正在返回菜单,请保持游戏画面处于前台
2025-10-21 00:35:37 [TRACE] 正在返回菜单,请保持游戏画面处于前台
2025-10-21 00:35:41 [TRACE] 正在返回菜单,请保持游戏画面处于前台
2025-10-21 00:35:44 [TRACE] 正在返回菜单,请保持游戏画面处于前台
2025-10-21 00:35:47 [TRACE] 正在返回菜单,请保持游戏画面处于前台
2025-10-21 00:35:50 [TRACE] 正在返回菜单,请保持游戏画面处于前台
2025-10-21 00:35:54 [TRACE] 正在返回菜单,请保持游戏画面处于前台
2025-10-21 00:35:57 [TRACE] 正在返回菜单,请保持游戏画面处于前台
2025-10-21 00:36:00 [TRACE] 正在返回菜单,请保持游戏画面处于前台
2025-10-21 00:36:04 [TRACE] 正在返回菜单,请保持游戏画面处于前台
2025-10-21 00:36:07 [TRACE] 正在返回菜单,请保持游戏画面处于前台
2025-10-21 00:36:10 [TRACE] 正在返回菜单,请保持游戏画面处于前台
2025-10-21 00:36:13 [TRACE] 正在返回菜单,请保持游戏画面处于前台
2025-10-21 00:36:17 [TRACE] 正在返回菜单,请保持游戏画面处于前台
2025-10-21 00:36:20 [TRACE] 正在返回菜单,请保持游戏画面处于前台
2025-10-21 00:36:23 [TRACE] 正在返回菜单,请保持游戏画面处于前台
2025-10-21 00:36:26 [TRACE] 正在返回菜单,请保持游戏画面处于前台
2025-10-21 00:36:30 [TRACE] 正在返回菜单,请保持游戏画面处于前台
2025-10-21 00:36:33 [TRACE] 正在返回菜单,请保持游戏画面处于前台
2025-10-21 00:36:36 [TRACE] 正在返回菜单,请保持游戏画面处于前台
2025-10-21 00:36:39 [TRACE] 正在返回菜单,请保持游戏画面处于前台
2025-10-21 00:36:43 [TRACE] 正在返回菜单,请保持游戏画面处于前台
2025-10-21 00:36:46 [TRACE] 正在返回菜单,请保持游戏画面处于前台
2025-10-21 00:36:49 [TRACE] 正在返回菜单,请保持游戏画面处于前台
2025-10-21 00:36:52 [TRACE] 正在返回菜单,请保持游戏画面处于前台
2025-10-21 00:36:55 [TRACE] 正在返回菜单,请保持游戏画面处于前台
2025-10-21 00:36:59 [TRACE] 正在返回菜单,请保持游戏画面处于前台
2025-10-21 00:37:02 [TRACE] 正在返回菜单,请保持游戏画面处于前台
2025-10-21 00:37:05 [TRACE] 正在返回菜单,请保持游戏画面处于前台
2025-10-21 00:37:08 [TRACE] 正在返回菜单,请保持游戏画面处于前台
2025-10-21 00:37:12 [TRACE] 正在返回菜单,请保持游戏画面处于前台
2025-10-21 00:37:15 [TRACE] 正在返回菜单,请保持游戏画面处于前台
2025-10-21 00:37:18 [TRACE] 正在返回菜单,请保持游戏画面处于前台
2025-10-21 00:37:21 [TRACE] 正在返回菜单,请保持游戏画面处于前台
2025-10-21 00:37:25 [TRACE] 正在返回菜单,请保持游戏画面处于前台
2025-10-21 00:37:28 [TRACE] 正在返回菜单,请保持游戏画面处于前台
2025-10-21 00:37:31 [TRACE] 正在返回菜单,请保持游戏画面处于前台
2025-10-21 00:37:34 [TRACE] 正在返回菜单,请保持游戏画面处于前台
2025-10-21 00:37:38 [TRACE] 正在返回菜单,请保持游戏画面处于前台
2025-10-21 00:37:41 [TRACE] 正在返回菜单,请保持游戏画面处于前台
2025-10-21 00:37:44 [TRACE] 正在返回菜单,请保持游戏画面处于前台
2025-10-21 00:37:48 [TRACE] 正在返回菜单,请保持游戏画面处于前台
2025-10-21 00:37:51 [TRACE] 正在返回菜单,请保持游戏画面处于前台
2025-10-21 00:37:54 [TRACE] 正在返回菜单,请保持游戏画面处于前台
2025-10-21 00:37:57 [TRACE] 正在返回菜单,请保持游戏画面处于前台
2025-10-21 00:38:00 [TRACE] 正在返回菜单,请保持游戏画面处于前台
2025-10-21 00:38:04 [TRACE] 正在返回菜单,请保持游戏画面处于前台
2025-10-21 00:38:07 [TRACE] 正在返回菜单,请保持游戏画面处于前台
2025-10-21 00:38:10 [TRACE] 正在返回菜单,请保持游戏画面处于前台
2025-10-21 00:38:13 [TRACE] 正在返回菜单,请保持游戏画面处于前台
2025-10-21 00:38:17 [TRACE] 正在返回菜单,请保持游戏画面处于前台
2025-10-21 00:38:20 [TRACE] 正在返回菜单,请保持游戏画面处于前台
2025-10-21 00:38:23 [TRACE] 正在返回菜单,请保持游戏画面处于前台
2025-10-21 00:38:27 [TRACE] 正在返回菜单,请保持游戏画面处于前台
2025-10-21 00:38:30 [TRACE] 正在返回菜单,请保持游戏画面处于前台
2025-10-21 00:38:33 [TRACE] 正在返回菜单,请保持游戏画面处于前台
2025-10-21 00:38:36 [TRACE] 正在返回菜单,请保持游戏画面处于前台
2025-10-21 00:38:40 [TRACE] 正在返回菜单,请保持游戏画面处于前台
2025-10-21 00:38:43 [TRACE] 正在返回菜单,请保持游戏画面处于前台
2025-10-21 00:38:46 [TRACE] 正在返回菜单,请保持游戏画面处于前台
2025-10-21 00:38:50 [TRACE] 正在返回菜单,请保持游戏画面处于前台
2025-10-21 00:38:53 [TRACE] 正在返回菜单,请保持游戏画面处于前台
2025-10-21 00:38:56 [TRACE] 正在返回菜单,请保持游戏画面处于前台
2025-10-21 00:38:59 [TRACE] 正在返回菜单,请保持游戏画面处于前台
2025-10-21 00:39:03 [TRACE] 正在返回菜单,请保持游戏画面处于前台
2025-10-21 00:39:06 [TRACE] 正在返回菜单,请保持游戏画面处于前台
2025-10-21 00:39:09 [TRACE] 正在返回菜单,请保持游戏画面处于前台
2025-10-21 00:39:12 [TRACE] 正在返回菜单,请保持游戏画面处于前台
2025-10-21 00:39:16 [TRACE] 正在返回菜单,请保持游戏画面处于前台
2025-10-21 00:39:19 [TRACE] 正在返回菜单,请保持游戏画面处于前台
2025-10-21 00:39:22 [TRACE] 正在返回菜单,请保持游戏画面处于前台
2025-10-21 00:39:25 [TRACE] 正在返回菜单,请保持游戏画面处于前台
2025-10-21 00:39:29 [TRACE] 正在返回菜单,请保持游戏画面处于前台
2025-10-21 00:39:32 [TRACE] 正在返回菜单,请保持游戏画面处于前台
2025-10-21 00:39:35 [TRACE] 正在返回菜单,请保持游戏画面处于前台
2025-10-21 00:39:38 [TRACE] 正在返回菜单,请保持游戏画面处于前台
2025-10-21 00:39:42 [TRACE] 正在返回菜单,请保持游戏画面处于前台
2025-10-21 00:39:45 [TRACE] 正在返回菜单,请保持游戏画面处于前台
2025-10-21 00:39:48 [TRACE] 正在返回菜单,请保持游戏画面处于前台
2025-10-21 00:39:51 [TRACE] 正在返回菜单,请保持游戏画面处于前台
2025-10-21 00:39:55 [TRACE] 正在返回菜单,请保持游戏画面处于前台
2025-10-21 00:39:58 [TRACE] 正在返回菜单,请保持游戏画面处于前台
2025-10-21 00:40:01 [TRACE] 正在返回菜单,请保持游戏画面处于前台
2025-10-21 00:40:04 [TRACE] 正在返回菜单,请保持游戏画面处于前台
2025-10-21 00:40:08 [TRACE] 正在返回菜单,请保持游戏画面处于前台
2025-10-21 00:40:11 [TRACE] 正在返回菜单,请保持游戏画面处于前台
2025-10-21 00:40:14 [TRACE] 正在返回菜单,请保持游戏画面处于前台
2025-10-21 00:40:17 [TRACE] 正在返回菜单,请保持游戏画面处于前台
2025-10-21 00:40:21 [TRACE] 正在返回菜单,请保持游戏画面处于前台
2025-10-21 00:40:24 [TRACE] 正在返回菜单,请保持游戏画面处于前台
2025-10-21 00:40:27 [TRACE] 正在返回菜单,请保持游戏画面处于前台
2025-10-21 00:40:30 [TRACE] 正在返回菜单,请保持游戏画面处于前台
2025-10-21 00:40:34 [TRACE] 正在返回菜单,请保持游戏画面处于前台
2025-10-21 00:40:37 [TRACE] 正在返回菜单,请保持游戏画面处于前台
2025-10-21 00:40:40 [TRACE] 正在返回菜单,请保持游戏画面处于前台
2025-10-21 00:40:43 [TRACE] 正在返回菜单,请保持游戏画面处于前台
2025-10-21 00:40:47 [TRACE] 正在返回菜单,请保持游戏画面处于前台
2025-10-21 00:40:50 [TRACE] 正在返回菜单,请保持游戏画面处于前台
2025-10-21 00:40:53 [TRACE] 正在返回菜单,请保持游戏画面处于前台
2025-10-21 00:40:56 [TRACE] 正在返回菜单,请保持游戏画面处于前台
2025-10-21 00:41:00 [TRACE] 正在返回菜单,请保持游戏画面处于前台
2025-10-21 00:41:03 [TRACE] 正在返回菜单,请保持游戏画面处于前台
2025-10-21 00:41:06 [TRACE] 正在返回菜单,请保持游戏画面处于前台
2025-10-21 00:41:09 [TRACE] 正在返回菜单,请保持游戏画面处于前台
2025-10-21 00:41:13 [TRACE] 正在返回菜单,请保持游戏画面处于前台
2025-10-21 00:41:16 [TRACE] 正在返回菜单,请保持游戏画面处于前台
2025-10-21 00:41:19 [TRACE] 正在返回菜单,请保持游戏画面处于前台
2025-10-21 00:41:22 [TRACE] 正在返回菜单,请保持游戏画面处于前台
2025-10-21 00:41:26 [TRACE] 正在返回菜单,请保持游戏画面处于前台
2025-10-21 00:41:29 [TRACE] 正在返回菜单,请保持游戏画面处于前台
2025-10-21 00:41:32 [TRACE] 正在返回菜单,请保持游戏画面处于前台
2025-10-21 00:41:35 [TRACE] 正在返回菜单,请保持游戏画面处于前台
2025-10-21 00:41:39 [TRACE] 正在返回菜单,请保持游戏画面处于前台
2025-10-21 00:41:42 [TRACE] 正在返回菜单,请保持游戏画面处于前台
2025-10-21 00:41:45 [TRACE] 正在返回菜单,请保持游戏画面处于前台
2025-10-21 00:41:48 [TRACE] 正在返回菜单,请保持游戏画面处于前台
2025-10-21 00:41:52 [TRACE] 正在返回菜单,请保持游戏画面处于前台
2025-10-21 00:41:55 [TRACE] 正在返回菜单,请保持游戏画面处于前台
2025-10-21 00:41:58 [TRACE] 正在返回菜单,请保持游戏画面处于前台
2025-10-21 00:42:01 [TRACE] 正在返回菜单,请保持游戏画面处于前台
2025-10-21 00:42:05 [TRACE] 正在返回菜单,请保持游戏画面处于前台
2025-10-21 00:42:08 [TRACE] 正在返回菜单,请保持游戏画面处于前台
2025-10-21 00:42:11 [TRACE] 正在返回菜单,请保持游戏画面处于前台
2025-10-21 00:42:14 [TRACE] 正在返回菜单,请保持游戏画面处于前台
2025-10-21 00:42:18 [TRACE] 正在返回菜单,请保持游戏画面处于前台
2025-10-21 00:42:21 [TRACE] 正在返回菜单,请保持游戏画面处于前台
2025-10-21 00:42:24 [TRACE] 正在返回菜单,请保持游戏画面处于前台
2025-10-21 00:42:27 [TRACE] 正在返回菜单,请保持游戏画面处于前台
2025-10-21 00:42:30 [TRACE] 正在返回菜单,请保持游戏画面处于前台
2025-10-21 00:42:34 [TRACE] 正在返回菜单,请保持游戏画面处于前台
2025-10-21 00:42:37 [TRACE] 正在返回菜单,请保持游戏画面处于前台
2025-10-21 00:42:40 [TRACE] 正在返回菜单,请保持游戏画面处于前台
2025-10-21 00:42:43 [TRACE] 正在返回菜单,请保持游戏画面处于前台
2025-10-21 00:42:47 [TRACE] 正在返回菜单,请保持游戏画面处于前台
2025-10-21 00:42:50 [TRACE] 正在返回菜单,请保持游戏画面处于前台
2025-10-21 00:42:53 [TRACE] 正在返回菜单,请保持游戏画面处于前台
2025-10-21 00:42:57 [TRACE] 正在返回菜单,请保持游戏画面处于前台
2025-10-21 00:43:00 [TRACE] 正在返回菜单,请保持游戏画面处于前台
2025-10-21 00:43:03 [TRACE] 正在返回菜单,请保持游戏画面处于前台
2025-10-21 00:43:06 [TRACE] 正在返回菜单,请保持游戏画面处于前台
2025-10-21 00:43:10 [TRACE] 正在返回菜单,请保持游戏画面处于前台
2025-10-21 00:43:13 [TRACE] 正在返回菜单,请保持游戏画面处于前台
2025-10-21 00:43:16 [TRACE] 正在返回菜单,请保持游戏画面处于前台
2025-10-21 00:43:19 [TRACE] 正在返回菜单,请保持游戏画面处于前台
2025-10-21 00:43:23 [TRACE] 正在返回菜单,请保持游戏画面处于前台
2025-10-21 00:43:26 [TRACE] 正在返回菜单,请保持游戏画面处于前台
2025-10-21 00:43:29 [TRACE] 正在返回菜单,请保持游戏画面处于前台
2025-10-21 00:43:32 [TRACE] 正在返回菜单,请保持游戏画面处于前台
2025-10-21 00:43:36 [TRACE] 正在返回菜单,请保持游戏画面处于前台
2025-10-21 00:43:39 [TRACE] 正在返回菜单,请保持游戏画面处于前台
2025-10-21 00:43:42 [TRACE] 正在返回菜单,请保持游戏画面处于前台
2025-10-21 00:43:45 [TRACE] 正在返回菜单,请保持游戏画面处于前台
2025-10-21 00:43:49 [TRACE] 正在返回菜单,请保持游戏画面处于前台
2025-10-21 00:43:52 [TRACE] 正在返回菜单,请保持游戏画面处于前台
2025-10-21 00:43:55 [TRACE] 正在返回菜单,请保持游戏画面处于前台
2025-10-21 00:43:58 [TRACE] 正在返回菜单,请保持游戏画面处于前台
2025-10-21 00:44:02 [TRACE] 正在返回菜单,请保持游戏画面处于前台
2025-10-21 00:44:05 [TRACE] 正在返回菜单,请保持游戏画面处于前台
2025-10-21 00:44:08 [TRACE] 正在返回菜单,请保持游戏画面处于前台
2025-10-21 00:44:11 [TRACE] 正在返回菜单,请保持游戏画面处于前台
2025-10-21 00:44:14 [TRACE] 正在返回菜单,请保持游戏画面处于前台
2025-10-21 00:44:18 [TRACE] 正在返回菜单,请保持游戏画面处于前台
2025-10-21 00:44:21 [TRACE] 正在返回菜单,请保持游戏画面处于前台
2025-10-21 00:44:24 [TRACE] 正在返回菜单,请保持游戏画面处于前台
2025-10-21 00:44:27 [TRACE] 正在返回菜单,请保持游戏画面处于前台
2025-10-21 00:44:31 [TRACE] 正在返回菜单,请保持游戏画面处于前台
2025-10-21 00:44:34 [TRACE] 正在返回菜单,请保持游戏画面处于前台
2025-10-21 00:44:37 [TRACE] 正在返回菜单,请保持游戏画面处于前台
2025-10-21 00:44:40 [TRACE] 正在返回菜单,请保持游戏画面处于前台
2025-10-21 00:44:44 [TRACE] 正在返回菜单,请保持游戏画面处于前台
2025-10-21 00:44:47 [TRACE] 正在返回菜单,请保持游戏画面处于前台
2025-10-21 00:44:50 [TRACE] 正在返回菜单,请保持游戏画面处于前台
2025-10-21 00:44:53 [TRACE] 正在返回菜单,请保持游戏画面处于前台
2025-10-21 00:44:57 [TRACE] 正在返回菜单,请保持游戏画面处于前台
2025-10-21 00:45:00 [TRACE] 正在返回菜单,请保持游戏画面处于前台
2025-10-21 00:45:03 [TRACE] 正在返回菜单,请保持游戏画面处于前台
2025-10-21 00:45:06 [TRACE] 正在返回菜单,请保持游戏画面处于前台
2025-10-21 00:45:10 [TRACE] 正在返回菜单,请保持游戏画面处于前台
2025-10-21 00:45:13 [TRACE] 正在返回菜单,请保持游戏画面处于前台
2025-10-21 00:45:16 [TRACE] 正在返回菜单,请保持游戏画面处于前台
2025-10-21 00:45:20 [TRACE] 正在返回菜单,请保持游戏画面处于前台
2025-10-21 00:45:23 [TRACE] 正在返回菜单,请保持游戏画面处于前台
2025-10-21 00:45:26 [TRACE] 正在返回菜单,请保持游戏画面处于前台
2025-10-21 00:45:29 [TRACE] 正在返回菜单,请保持游戏画面处于前台
2025-10-21 00:45:32 [TRACE] 正在返回菜单,请保持游戏画面处于前台
2025-10-21 00:45:36 [TRACE] 正在返回菜单,请保持游戏画面处于前台
2025-10-21 00:45:39 [TRACE] 正在返回菜单,请保持游戏画面处于前台
2025-10-21 00:45:42 [TRACE] 正在返回菜单,请保持游戏画面处于前台
2025-10-21 00:45:45 [TRACE] 正在返回菜单,请保持游戏画面处于前台
2025-10-21 00:45:49 [TRACE] 正在返回菜单,请保持游戏画面处于前台
2025-10-21 00:45:52 [TRACE] 正在返回菜单,请保持游戏画面处于前台
2025-10-21 00:45:55 [TRACE] 正在返回菜单,请保持游戏画面处于前台
2025-10-21 00:45:58 [TRACE] 正在返回菜单,请保持游戏画面处于前台
2025-10-21 00:46:02 [TRACE] 正在返回菜单,请保持游戏画面处于前台
2025-10-21 00:46:05 [TRACE] 正在返回菜单,请保持游戏画面处于前台
2025-10-21 00:46:08 [TRACE] 正在返回菜单,请保持游戏画面处于前台
2025-10-21 00:46:11 [TRACE] 正在返回菜单,请保持游戏画面处于前台
2025-10-21 00:46:15 [TRACE] 正在返回菜单,请保持游戏画面处于前台
2025-10-21 00:46:18 [TRACE] 正在返回菜单,请保持游戏画面处于前台
2025-10-21 00:46:21 [TRACE] 正在返回菜单,请保持游戏画面处于前台
2025-10-21 00:46:24 [TRACE] 正在返回菜单,请保持游戏画面处于前台
2025-10-21 00:46:28 [TRACE] 正在返回菜单,请保持游戏画面处于前台
2025-10-21 00:46:31 [TRACE] 正在返回菜单,请保持游戏画面处于前台
2025-10-21 00:46:34 [TRACE] 正在返回菜单,请保持游戏画面处于前台
2025-10-21 00:46:37 [TRACE] 正在返回菜单,请保持游戏画面处于前台
2025-10-21 00:46:41 [TRACE] 正在返回菜单,请保持游戏画面处于前台
2025-10-21 00:46:44 [TRACE] 正在返回菜单,请保持游戏画面处于前台
2025-10-21 00:46:47 [TRACE] 正在返回菜单,请保持游戏画面处于前台
2025-10-21 00:46:51 [TRACE] 正在返回菜单,请保持游戏画面处于前台
2025-10-21 00:46:54 [TRACE] 正在返回菜单,请保持游戏画面处于前台
2025-10-21 00:46:57 [TRACE] 正在返回菜单,请保持游戏画面处于前台
2025-10-21 00:47:00 [TRACE] 正在返回菜单,请保持游戏画面处于前台
2025-10-21 00:47:04 [TRACE] 正在返回菜单,请保持游戏画面处于前台
2025-10-21 00:47:07 [TRACE] 正在返回菜单,请保持游戏画面处于前台
2025-10-21 00:47:10 [TRACE] 正在返回菜单,请保持游戏画面处于前台
2025-10-21 00:47:13 [TRACE] 正在返回菜单,请保持游戏画面处于前台
2025-10-21 00:47:17 [TRACE] 正在返回菜单,请保持游戏画面处于前台
2025-10-21 00:47:20 [TRACE] 正在返回菜单,请保持游戏画面处于前台
2025-10-21 00:47:23 [TRACE] 正在返回菜单,请保持游戏画面处于前台
2025-10-21 00:47:26 [TRACE] 正在返回菜单,请保持游戏画面处于前台
2025-10-21 00:47:30 [TRACE] 正在返回菜单,请保持游戏画面处于前台
2025-10-21 00:47:33 [TRACE] 正在返回菜单,请保持游戏画面处于前台
2025-10-21 00:47:36 [TRACE] 正在返回菜单,请保持游戏画面处于前台
2025-10-21 00:47:39 [TRACE] 正在返回菜单,请保持游戏画面处于前台
2025-10-21 00:47:43 [TRACE] 正在返回菜单,请保持游戏画面处于前台
2025-10-21 00:47:46 [TRACE] 正在返回菜单,请保持游戏画面处于前台
2025-10-21 00:47:49 [TRACE] 正在返回菜单,请保持游戏画面处于前台
2025-10-21 00:47:52 [TRACE] 正在返回菜单,请保持游戏画面处于前台
2025-10-21 00:47:55 [TRACE] 正在返回菜单,请保持游戏画面处于前台
2025-10-21 00:47:59 [TRACE] 正在返回菜单,请保持游戏画面处于前台
2025-10-21 00:48:02 [TRACE] 正在返回菜单,请保持游戏画面处于前台
2025-10-21 00:48:05 [TRACE] 正在返回菜单,请保持游戏画面处于前台
2025-10-21 00:48:09 [TRACE] 正在返回菜单,请保持游戏画面处于前台
2025-10-21 00:48:12 [TRACE] 正在返回菜单,请保持游戏画面处于前台
2025-10-21 00:48:15 [TRACE] 正在返回菜单,请保持游戏画面处于前台
2025-10-21 00:48:18 [TRACE] 正在返回菜单,请保持游戏画面处于前台
2025-10-21 00:48:22 [TRACE] 正在返回菜单,请保持游戏画面处于前台
2025-10-21 00:48:25 [TRACE] 正在返回菜单,请保持游戏画面处于前台
2025-10-21 00:48:28 [TRACE] 正在返回菜单,请保持游戏画面处于前台
2025-10-21 00:48:31 [TRACE] 正在返回菜单,请保持游戏画面处于前台
2025-10-21 00:48:34 [TRACE] 正在返回菜单,请保持游戏画面处于前台
2025-10-21 00:48:38 [TRACE] 正在返回菜单,请保持游戏画面处于前台
2025-10-21 00:48:41 [TRACE] 正在返回菜单,请保持游戏画面处于前台
2025-10-21 00:48:44 [TRACE] 正在返回菜单,请保持游戏画面处于前台
2025-10-21 00:48:48 [TRACE] 正在返回菜单,请保持游戏画面处于前台
2025-10-21 00:48:51 [TRACE] 正在返回菜单,请保持游戏画面处于前台
2025-10-21 00:48:54 [TRACE] 正在返回菜单,请保持游戏画面处于前台
2025-10-21 00:48:57 [TRACE] 正在返回菜单,请保持游戏画面处于前台
2025-10-21 00:49:01 [TRACE] 正在返回菜单,请保持游戏画面处于前台
2025-10-21 00:49:04 [TRACE] 正在返回菜单,请保持游戏画面处于前台
2025-10-21 00:49:07 [TRACE] 正在返回菜单,请保持游戏画面处于前台
2025-10-21 00:49:10 [TRACE] 正在返回菜单,请保持游戏画面处于前台
2025-10-21 00:49:14 [TRACE] 正在返回菜单,请保持游戏画面处于前台
2025-10-21 00:49:17 [TRACE] 正在返回菜单,请保持游戏画面处于前台
2025-10-21 00:49:20 [TRACE] 正在返回菜单,请保持游戏画面处于前台
2025-10-21 00:49:23 [TRACE] 正在返回菜单,请保持游戏画面处于前台
2025-10-21 00:49:27 [TRACE] 正在返回菜单,请保持游戏画面处于前台
2025-10-21 00:49:30 [TRACE] 正在返回菜单,请保持游戏画面处于前台
2025-10-21 00:49:33 [TRACE] 正在返回菜单,请保持游戏画面处于前台
2025-10-21 00:49:36 [TRACE] 正在返回菜单,请保持游戏画面处于前台
2025-10-21 00:49:40 [TRACE] 正在返回菜单,请保持游戏画面处于前台
2025-10-21 00:49:43 [TRACE] 正在返回菜单,请保持游戏画面处于前台
2025-10-21 00:49:46 [TRACE] 正在返回菜单,请保持游戏画面处于前台
2025-10-21 00:49:49 [TRACE] 正在返回菜单,请保持游戏画面处于前台
2025-10-21 00:49:53 [TRACE] 正在返回菜单,请保持游戏画面处于前台
2025-10-21 00:49:56 [TRACE] 正在返回菜单,请保持游戏画面处于前台
2025-10-21 00:49:59 [TRACE] 正在返回菜单,请保持游戏画面处于前台
2025-10-21 00:50:03 [TRACE] 正在返回菜单,请保持游戏画面处于前台
2025-10-21 00:50:06 [TRACE] 正在返回菜单,请保持游戏画面处于前台
2025-10-21 00:50:09 [TRACE] 正在返回菜单,请保持游戏画面处于前台
2025-10-21 00:50:12 [TRACE] 正在返回菜单,请保持游戏画面处于前台
2025-10-21 00:50:16 [TRACE] 正在返回菜单,请保持游戏画面处于前台
2025-10-21 00:50:19 [TRACE] 正在返回菜单,请保持游戏画面处于前台
2025-10-21 00:50:22 [TRACE] 正在返回菜单,请保持游戏画面处于前台
2025-10-21 00:50:25 [TRACE] 正在返回菜单,请保持游戏画面处于前台
2025-10-21 00:50:29 [TRACE] 正在返回菜单,请保持游戏画面处于前台
2025-10-21 00:50:32 [TRACE] 正在返回菜单,请保持游戏画面处于前台
2025-10-21 00:50:35 [TRACE] 正在返回菜单,请保持游戏画面处于前台
2025-10-21 00:50:38 [TRACE] 正在返回菜单,请保持游戏画面处于前台
2025-10-21 00:50:42 [TRACE] 正在返回菜单,请保持游戏画面处于前台
2025-10-21 00:50:45 [TRACE] 正在返回菜单,请保持游戏画面处于前台
2025-10-21 00:50:48 [TRACE] 正在返回菜单,请保持游戏画面处于前台
2025-10-21 00:50:51 [TRACE] 正在返回菜单,请保持游戏画面处于前台
2025-10-21 00:50:54 [TRACE] 正在返回菜单,请保持游戏画面处于前台
2025-10-21 00:50:58 [TRACE] 正在返回菜单,请保持游戏画面处于前台
2025-10-21 00:51:01 [TRACE] 正在返回菜单,请保持游戏画面处于前台
2025-10-21 00:51:04 [TRACE] 正在返回菜单,请保持游戏画面处于前台
2025-10-21 00:51:07 [TRACE] 正在返回菜单,请保持游戏画面处于前台
2025-10-21 00:51:11 [TRACE] 正在返回菜单,请保持游戏画面处于前台
2025-10-21 00:51:14 [TRACE] 正在返回菜单,请保持游戏画面处于前台
2025-10-21 00:51:17 [TRACE] 正在返回菜单,请保持游戏画面处于前台
2025-10-21 00:51:21 [TRACE] 正在返回菜单,请保持游戏画面处于前台
2025-10-21 00:51:24 [TRACE] 正在返回菜单,请保持游戏画面处于前台
2025-10-21 00:51:27 [TRACE] 正在返回菜单,请保持游戏画面处于前台
2025-10-21 00:51:30 [TRACE] 正在返回菜单,请保持游戏画面处于前台
2025-10-21 00:51:34 [TRACE] 正在返回菜单,请保持游戏画面处于前台
2025-10-21 00:51:37 [TRACE] 正在返回菜单,请保持游戏画面处于前台
2025-10-21 00:51:40 [TRACE] 正在返回菜单,请保持游戏画面处于前台
2025-10-21 00:51:43 [TRACE] 正在返回菜单,请保持游戏画面处于前台
2025-10-21 00:51:46 [TRACE] 正在返回菜单,请保持游戏画面处于前台
2025-10-21 00:51:50 [TRACE] 正在返回菜单,请保持游戏画面处于前台
2025-10-21 00:51:53 [TRACE] 正在返回菜单,请保持游戏画面处于前台
2025-10-21 00:51:56 [TRACE] 正在返回菜单,请保持游戏画面处于前台
2025-10-21 00:51:59 [TRACE] 正在返回菜单,请保持游戏画面处于前台
2025-10-21 00:52:03 [TRACE] 正在返回菜单,请保持游戏画面处于前台
2025-10-21 00:52:06 [TRACE] 正在返回菜单,请保持游戏画面处于前台
2025-10-21 00:52:09 [TRACE] 正在返回菜单,请保持游戏画面处于前台
2025-10-21 00:52:12 [TRACE] 正在返回菜单,请保持游戏画面处于前台
2025-10-21 00:52:16 [TRACE] 正在返回菜单,请保持游戏画面处于前台
2025-10-21 00:52:19 [TRACE] 正在返回菜单,请保持游戏画面处于前台
2025-10-21 00:52:22 [TRACE] 正在返回菜单,请保持游戏画面处于前台
2025-10-21 00:52:25 [TRACE] 正在返回菜单,请保持游戏画面处于前台
2025-10-21 00:52:29 [TRACE] 正在返回菜单,请保持游戏画面处于前台
2025-10-21 00:52:32 [TRACE] 正在返回菜单,请保持游戏画面处于前台
2025-10-21 00:52:35 [TRACE] 正在返回菜单,请保持游戏画面处于前台
2025-10-21 00:52:38 [TRACE] 正在返回菜单,请保持游戏画面处于前台
2025-10-21 00:52:42 [TRACE] 正在返回菜单,请保持游戏画面处于前台
2025-10-21 00:52:45 [TRACE] 正在返回菜单,请保持游戏画面处于前台
2025-10-21 00:52:48 [TRACE] 正在返回菜单,请保持游戏画面处于前台
2025-10-21 00:52:51 [TRACE] 正在返回菜单,请保持游戏画面处于前台
2025-10-21 00:52:55 [TRACE] 正在返回菜单,请保持游戏画面处于前台
2025-10-21 00:52:58 [TRACE] 正在返回菜单,请保持游戏画面处于前台
2025-10-21 00:53:01 [TRACE] 正在返回菜单,请保持游戏画面处于前台
2025-10-21 00:53:04 [TRACE] 正在返回菜单,请保持游戏画面处于前台
2025-10-21 00:53:08 [TRACE] 正在返回菜单,请保持游戏画面处于前台
2025-10-21 00:53:11 [TRACE] 正在返回菜单,请保持游戏画面处于前台
2025-10-21 00:53:14 [TRACE] 正在返回菜单,请保持游戏画面处于前台
2025-10-21 00:53:18 [TRACE] 正在返回菜单,请保持游戏画面处于前台
2025-10-21 00:53:21 [TRACE] 正在返回菜单,请保持游戏画面处于前台
2025-10-21 00:53:24 [TRACE] 正在返回菜单,请保持游戏画面处于前台
2025-10-21 00:53:27 [TRACE] 正在返回菜单,请保持游戏画面处于前台
2025-10-21 00:53:31 [TRACE] 正在返回菜单,请保持游戏画面处于前台
2025-10-21 00:53:34 [TRACE] 正在返回菜单,请保持游戏画面处于前台
2025-10-21 00:53:37 [TRACE] 正在返回菜单,请保持游戏画面处于前台
2025-10-21 00:53:40 [TRACE] 正在返回菜单,请保持游戏画面处于前台
2025-10-21 00:53:44 [TRACE] 正在返回菜单,请保持游戏画面处于前台
2025-10-21 00:53:47 [TRACE] 正在返回菜单,请保持游戏画面处于前台
2025-10-21 00:53:50 [TRACE] 正在返回菜单,请保持游戏画面处于前台
2025-10-21 00:53:53 [TRACE] 正在返回菜单,请保持游戏画面处于前台
2025-10-21 00:53:56 [TRACE] 正在返回菜单,请保持游戏画面处于前台
2025-10-21 00:54:00 [TRACE] 正在返回菜单,请保持游戏画面处于前台
2025-10-21 00:54:03 [TRACE] 正在返回菜单,请保持游戏画面处于前台
2025-10-21 00:54:06 [TRACE] 正在返回菜单,请保持游戏画面处于前台
2025-10-21 00:54:09 [TRACE] 正在返回菜单,请保持游戏画面处于前台
2025-10-21 00:54:13 [TRACE] 正在返回菜单,请保持游戏画面处于前台
2025-10-21 00:54:16 [TRACE] 正在返回菜单,请保持游戏画面处于前台
2025-10-21 00:54:19 [TRACE] 正在返回菜单,请保持游戏画面处于前台
2025-10-21 00:54:22 [TRACE] 正在返回菜单,请保持游戏画面处于前台
2025-10-21 00:54:26 [TRACE] 正在返回菜单,请保持游戏画面处于前台
2025-10-21 00:54:29 [TRACE] 正在返回菜单,请保持游戏画面处于前台
2025-10-21 00:54:32 [TRACE] 正在返回菜单,请保持游戏画面处于前台
2025-10-21 00:54:35 [TRACE] 正在返回菜单,请保持游戏画面处于前台
2025-10-21 00:54:39 [TRACE] 正在返回菜单,请保持游戏画面处于前台
2025-10-21 00:54:42 [TRACE] 正在返回菜单,请保持游戏画面处于前台
2025-10-21 00:54:45 [TRACE] 正在返回菜单,请保持游戏画面处于前台
2025-10-21 00:54:48 [TRACE] 正在返回菜单,请保持游戏画面处于前台
2025-10-21 00:54:52 [TRACE] 正在返回菜单,请保持游戏画面处于前台
2025-10-21 00:54:55 [TRACE] 正在返回菜单,请保持游戏画面处于前台
2025-10-21 00:54:58 [TRACE] 正在返回菜单,请保持游戏画面处于前台
2025-10-21 00:55:01 [TRACE] 正在返回菜单,请保持游戏画面处于前台
2025-10-21 00:55:04 [TRACE] 正在返回菜单,请保持游戏画面处于前台
2025-10-21 00:55:08 [TRACE] 正在返回菜单,请保持游戏画面处于前台
2025-10-21 00:55:11 [TRACE] 正在返回菜单,请保持游戏画面处于前台
2025-10-21 00:55:14 [TRACE] 正在返回菜单,请保持游戏画面处于前台
2025-10-21 00:55:18 [TRACE] 正在返回菜单,请保持游戏画面处于前台
2025-10-21 00:55:21 [TRACE] 正在返回菜单,请保持游戏画面处于前台
2025-10-21 00:55:24 [TRACE] 正在返回菜单,请保持游戏画面处于前台
2025-10-21 00:55:27 [TRACE] 正在返回菜单,请保持游戏画面处于前台
2025-10-21 00:55:31 [TRACE] 正在返回菜单,请保持游戏画面处于前台
2025-10-21 00:55:34 [TRACE] 正在返回菜单,请保持游戏画面处于前台
2025-10-21 00:55:37 [TRACE] 正在返回菜单,请保持游戏画面处于前台
2025-10-21 00:55:40 [TRACE] 正在返回菜单,请保持游戏画面处于前台
2025-10-21 00:55:43 [TRACE] 正在返回菜单,请保持游戏画面处于前台
2025-10-21 00:55:47 [TRACE] 正在返回菜单,请保持游戏画面处于前台
2025-10-21 00:55:50 [TRACE] 正在返回菜单,请保持游戏画面处于前台
2025-10-21 00:55:53 [TRACE] 正在返回菜单,请保持游戏画面处于前台
2025-10-21 00:55:56 [TRACE] 正在返回菜单,请保持游戏画面处于前台
2025-10-21 00:56:00 [TRACE] 正在返回菜单,请保持游戏画面处于前台
2025-10-21 00:56:03 [TRACE] 正在返回菜单,请保持游戏画面处于前台
2025-10-21 00:56:06 [TRACE] 正在返回菜单,请保持游戏画面处于前台
2025-10-21 00:56:09 [TRACE] 正在返回菜单,请保持游戏画面处于前台
2025-10-21 00:56:13 [TRACE] 正在返回菜单,请保持游戏画面处于前台
2025-10-21 00:56:16 [TRACE] 正在返回菜单,请保持游戏画面处于前台
2025-10-21 00:56:19 [TRACE] 正在返回菜单,请保持游戏画面处于前台
2025-10-21 00:56:23 [TRACE] 正在返回菜单,请保持游戏画面处于前台
2025-10-21 00:56:26 [TRACE] 正在返回菜单,请保持游戏画面处于前台
2025-10-21 00:56:29 [TRACE] 正在返回菜单,请保持游戏画面处于前台
2025-10-21 00:56:32 [TRACE] 正在返回菜单,请保持游戏画面处于前台
2025-10-21 00:56:36 [TRACE] 正在返回菜单,请保持游戏画面处于前台
2025-10-21 00:56:39 [TRACE] 正在返回菜单,请保持游戏画面处于前台
2025-10-21 00:56:42 [TRACE] 正在返回菜单,请保持游戏画面处于前台
2025-10-21 00:56:45 [TRACE] 正在返回菜单,请保持游戏画面处于前台
2025-10-21 00:56:49 [TRACE] 正在返回菜单,请保持游戏画面处于前台
2025-10-21 00:56:52 [TRACE] 正在返回菜单,请保持游戏画面处于前台
2025-10-21 00:56:55 [TRACE] 正在返回菜单,请保持游戏画面处于前台
2025-10-21 00:56:58 [TRACE] 正在返回菜单,请保持游戏画面处于前台
2025-10-21 00:57:02 [TRACE] 正在返回菜单,请保持游戏画面处于前台
2025-10-21 00:57:05 [TRACE] 正在返回菜单,请保持游戏画面处于前台
2025-10-21 00:57:08 [TRACE] 正在返回菜单,请保持游戏画面处于前台
2025-10-21 00:57:11 [TRACE] 正在返回菜单,请保持游戏画面处于前台
2025-10-21 00:57:15 [TRACE] 正在返回菜单,请保持游戏画面处于前台
2025-10-21 00:57:18 [TRACE] 正在返回菜单,请保持游戏画面处于前台
2025-10-21 00:57:21 [TRACE] 正在返回菜单,请保持游戏画面处于前台
2025-10-21 00:57:25 [TRACE] 正在返回菜单,请保持游戏画面处于前台
2025-10-21 00:57:28 [TRACE] 正在返回菜单,请保持游戏画面处于前台
2025-10-21 00:57:31 [TRACE] 正在返回菜单,请保持游戏画面处于前台
2025-10-21 00:57:34 [TRACE] 正在返回菜单,请保持游戏画面处于前台
2025-10-21 00:57:37 [TRACE] 正在返回菜单,请保持游戏画面处于前台
2025-10-21 00:57:41 [TRACE] 正在返回菜单,请保持游戏画面处于前台
2025-10-21 00:57:44 [TRACE] 正在返回菜单,请保持游戏画面处于前台
2025-10-21 00:57:47 [TRACE] 正在返回菜单,请保持游戏画面处于前台
2025-10-21 00:57:50 [TRACE] 正在返回菜单,请保持游戏画面处于前台
2025-10-21 00:57:54 [TRACE] 正在返回菜单,请保持游戏画面处于前台
2025-10-21 00:57:57 [TRACE] 正在返回菜单,请保持游戏画面处于前台
2025-10-21 00:58:00 [TRACE] 正在返回菜单,请保持游戏画面处于前台
2025-10-21 00:58:03 [TRACE] 正在返回菜单,请保持游戏画面处于前台
2025-10-21 00:58:07 [TRACE] 正在返回菜单,请保持游戏画面处于前台
2025-10-21 00:58:10 [TRACE] 正在返回菜单,请保持游戏画面处于前台
2025-10-21 00:58:13 [TRACE] 正在返回菜单,请保持游戏画面处于前台
2025-10-21 00:58:16 [TRACE] 正在返回菜单,请保持游戏画面处于前台
2025-10-21 00:58:20 [TRACE] 正在返回菜单,请保持游戏画面处于前台
2025-10-21 00:58:23 [TRACE] 正在返回菜单,请保持游戏画面处于前台
2025-10-21 00:58:26 [TRACE] 正在返回菜单,请保持游戏画面处于前台
2025-10-21 00:58:29 [TRACE] 正在返回菜单,请保持游戏画面处于前台
2025-10-21 00:58:33 [TRACE] 正在返回菜单,请保持游戏画面处于前台
2025-10-21 00:58:36 [TRACE] 正在返回菜单,请保持游戏画面处于前台
2025-10-21 00:58:39 [TRACE] 正在返回菜单,请保持游戏画面处于前台
2025-10-21 00:58:42 [TRACE] 正在返回菜单,请保持游戏画面处于前台
2025-10-21 00:58:46 [TRACE] 正在返回菜单,请保持游戏画面处于前台
2025-10-21 00:58:49 [TRACE] 正在返回菜单,请保持游戏画面处于前台
2025-10-21 00:58:52 [TRACE] 正在返回菜单,请保持游戏画面处于前台
2025-10-21 00:58:55 [TRACE] 正在返回菜单,请保持游戏画面处于前台
2025-10-21 00:58:59 [TRACE] 正在返回菜单,请保持游戏画面处于前台
2025-10-21 00:59:02 [TRACE] 正在返回菜单,请保持游戏画面处于前台
2025-10-21 00:59:05 [TRACE] 正在返回菜单,请保持游戏画面处于前台
2025-10-21 00:59:08 [TRACE] 正在返回菜单,请保持游戏画面处于前台
2025-10-21 00:59:12 [TRACE] 正在返回菜单,请保持游戏画面处于前台
2025-10-21 00:59:15 [TRACE] 正在返回菜单,请保持游戏画面处于前台
2025-10-21 00:59:18 [TRACE] 正在返回菜单,请保持游戏画面处于前台
2025-10-21 00:59:21 [TRACE] 正在返回菜单,请保持游戏画面处于前台
2025-10-21 00:59:25 [TRACE] 正在返回菜单,请保持游戏画面处于前台
2025-10-21 00:59:28 [TRACE] 正在返回菜单,请保持游戏画面处于前台
2025-10-21 00:59:31 [TRACE] 正在返回菜单,请保持游戏画面处于前台
2025-10-21 00:59:34 [TRACE] 正在返回菜单,请保持游戏画面处于前台
2025-10-21 00:59:38 [TRACE] 正在返回菜单,请保持游戏画面处于前台
2025-10-21 00:59:41 [TRACE] 正在返回菜单,请保持游戏画面处于前台
2025-10-21 00:59:44 [TRACE] 正在返回菜单,请保持游戏画面处于前台
2025-10-21 00:59:48 [TRACE] 正在返回菜单,请保持游戏画面处于前台
2025-10-21 00:59:51 [TRACE] 正在返回菜单,请保持游戏画面处于前台
2025-10-21 00:59:54 [TRACE] 正在返回菜单,请保持游戏画面处于前台
2025-10-21 00:59:57 [TRACE] 正在返回菜单,请保持游戏画面处于前台
2025-10-21 01:00:00 [TRACE] 正在返回菜单,请保持游戏画面处于前台
2025-10-21 01:00:04 [TRACE] 正在返回菜单,请保持游戏画面处于前台
2025-10-21 01:00:07 [TRACE] 正在返回菜单,请保持游戏画面处于前台
2025-10-21 01:00:10 [TRACE] 正在返回菜单,请保持游戏画面处于前台
2025-10-21 01:00:13 [TRACE] 正在返回菜单,请保持游戏画面处于前台
2025-10-21 01:00:17 [TRACE] 正在返回菜单,请保持游戏画面处于前台
2025-10-21 01:00:20 [TRACE] 正在返回菜单,请保持游戏画面处于前台
2025-10-21 01:00:23 [TRACE] 正在返回菜单,请保持游戏画面处于前台
2025-10-21 01:00:26 [TRACE] 正在返回菜单,请保持游戏画面处于前台
2025-10-21 01:00:30 [TRACE] 正在返回菜单,请保持游戏画面处于前台
2025-10-21 01:00:33 [TRACE] 正在返回菜单,请保持游戏画面处于前台
2025-10-21 01:00:36 [TRACE] 正在返回菜单,请保持游戏画面处于前台
2025-10-21 01:00:39 [TRACE] 正在返回菜单,请保持游戏画面处于前台
2025-10-21 01:00:43 [TRACE] 正在返回菜单,请保持游戏画面处于前台
2025-10-21 01:00:46 [TRACE] 正在返回菜单,请保持游戏画面处于前台
2025-10-21 01:00:49 [TRACE] 正在返回菜单,请保持游戏画面处于前台
2025-10-21 01:00:52 [TRACE] 正在返回菜单,请保持游戏画面处于前台
2025-10-21 01:00:56 [TRACE] 正在返回菜单,请保持游戏画面处于前台
2025-10-21 01:00:59 [TRACE] 正在返回菜单,请保持游戏画面处于前台
2025-10-21 01:01:02 [TRACE] 正在返回菜单,请保持游戏画面处于前台
2025-10-21 01:01:06 [TRACE] 正在返回菜单,请保持游戏画面处于前台
2025-10-21 01:01:09 [TRACE] 正在返回菜单,请保持游戏画面处于前台
2025-10-21 01:01:12 [TRACE] 正在返回菜单,请保持游戏画面处于前台
2025-10-21 01:01:15 [TRACE] 正在返回菜单,请保持游戏画面处于前台
2025-10-21 01:01:19 [TRACE] 正在返回菜单,请保持游戏画面处于前台
2025-10-21 01:01:22 [TRACE] 正在返回菜单,请保持游戏画面处于前台
2025-10-21 01:01:25 [TRACE] 正在返回菜单,请保持游戏画面处于前台
2025-10-21 01:01:28 [TRACE] 正在返回菜单,请保持游戏画面处于前台
2025-10-21 01:01:32 [TRACE] 正在返回菜单,请保持游戏画面处于前台
2025-10-21 01:01:35 [TRACE] 正在返回菜单,请保持游戏画面处于前台
2025-10-21 01:01:38 [TRACE] 正在返回菜单,请保持游戏画面处于前台
2025-10-21 01:01:41 [TRACE] 正在返回菜单,请保持游戏画面处于前台
2025-10-21 01:01:45 [TRACE] 正在返回菜单,请保持游戏画面处于前台
2025-10-21 01:01:48 [TRACE] 正在返回菜单,请保持游戏画面处于前台
2025-10-21 01:01:51 [TRACE] 正在返回菜单,请保持游戏画面处于前台
2025-10-21 01:01:54 [TRACE] 正在返回菜单,请保持游戏画面处于前台
2025-10-21 01:01:58 [TRACE] 正在返回菜单,请保持游戏画面处于前台
2025-10-21 01:02:01 [TRACE] 正在返回菜单,请保持游戏画面处于前台
2025-10-21 01:02:04 [TRACE] 正在返回菜单,请保持游戏画面处于前台
2025-10-21 01:02:07 [TRACE] 正在返回菜单,请保持游戏画面处于前台
2025-10-21 01:02:11 [TRACE] 正在返回菜单,请保持游戏画面处于前台
2025-10-21 01:02:14 [TRACE] 正在返回菜单,请保持游戏画面处于前台
2025-10-21 01:02:17 [TRACE] 正在返回菜单,请保持游戏画面处于前台
2025-10-21 01:02:21 [TRACE] 正在返回菜单,请保持游戏画面处于前台
2025-10-21 01:02:24 [TRACE] 正在返回菜单,请保持游戏画面处于前台
2025-10-21 01:02:27 [TRACE] 正在返回菜单,请保持游戏画面处于前台
2025-10-21 01:02:30 [TRACE] 正在返回菜单,请保持游戏画面处于前台
2025-10-21 01:02:34 [TRACE] 正在返回菜单,请保持游戏画面处于前台
2025-10-21 01:02:37 [TRACE] 正在返回菜单,请保持游戏画面处于前台
2025-10-21 01:02:40 [TRACE] 正在返回菜单,请保持游戏画面处于前台
2025-10-21 01:02:43 [TRACE] 正在返回菜单,请保持游戏画面处于前台
2025-10-21 01:02:47 [TRACE] 正在返回菜单,请保持游戏画面处于前台
2025-10-21 01:02:50 [TRACE] 正在返回菜单,请保持游戏画面处于前台
2025-10-21 01:02:53 [TRACE] 正在返回菜单,请保持游戏画面处于前台
2025-10-21 01:02:56 [TRACE] 正在返回菜单,请保持游戏画面处于前台
2025-10-21 01:03:00 [TRACE] 正在返回菜单,请保持游戏画面处于前台
2025-10-21 01:03:03 [TRACE] 正在返回菜单,请保持游戏画面处于前台
2025-10-21 01:03:06 [TRACE] 正在返回菜单,请保持游戏画面处于前台
2025-10-21 01:03:10 [TRACE] 正在返回菜单,请保持游戏画面处于前台
2025-10-21 01:03:13 [TRACE] 正在返回菜单,请保持游戏画面处于前台
2025-10-21 01:03:16 [TRACE] 正在返回菜单,请保持游戏画面处于前台
2025-10-21 01:03:19 [TRACE] 正在返回菜单,请保持游戏画面处于前台
2025-10-21 01:03:23 [TRACE] 正在返回菜单,请保持游戏画面处于前台
2025-10-21 01:03:26 [TRACE] 正在返回菜单,请保持游戏画面处于前台
2025-10-21 01:03:29 [TRACE] 正在返回菜单,请保持游戏画面处于前台
2025-10-21 01:03:32 [TRACE] 正在返回菜单,请保持游戏画面处于前台
2025-10-21 01:03:36 [TRACE] 正在返回菜单,请保持游戏画面处于前台
2025-10-21 01:03:39 [TRACE] 正在返回菜单,请保持游戏画面处于前台
2025-10-21 01:03:42 [TRACE] 正在返回菜单,请保持游戏画面处于前台
2025-10-21 01:03:45 [TRACE] 正在返回菜单,请保持游戏画面处于前台
2025-10-21 01:03:49 [TRACE] 正在返回菜单,请保持游戏画面处于前台
2025-10-21 01:03:52 [TRACE] 正在返回菜单,请保持游戏画面处于前台
2025-10-21 01:03:55 [TRACE] 正在返回菜单,请保持游戏画面处于前台
2025-10-21 01:03:58 [TRACE] 正在返回菜单,请保持游戏画面处于前台
2025-10-21 01:04:02 [TRACE] 正在返回菜单,请保持游戏画面处于前台
2025-10-21 01:04:05 [TRACE] 正在返回菜单,请保持游戏画面处于前台
2025-10-21 01:04:08 [TRACE] 正在返回菜单,请保持游戏画面处于前台
2025-10-21 01:04:11 [TRACE] 正在返回菜单,请保持游戏画面处于前台
2025-10-21 01:04:15 [TRACE] 正在返回菜单,请保持游戏画面处于前台
2025-10-21 01:04:18 [TRACE] 正在返回菜单,请保持游戏画面处于前台
2025-10-21 01:04:22 [TRACE] 正在返回菜单,请保持游戏画面处于前台
2025-10-21 01:04:25 [TRACE] 正在返回菜单,请保持游戏画面处于前台
2025-10-21 01:04:28 [TRACE] 正在返回菜单,请保持游戏画面处于前台
2025-10-21 01:04:31 [TRACE] 正在返回菜单,请保持游戏画面处于前台
2025-10-21 01:04:34 [TRACE] 正在返回菜单,请保持游戏画面处于前台
2025-10-21 01:04:38 [TRACE] 正在返回菜单,请保持游戏画面处于前台
2025-10-21 01:04:41 [TRACE] 正在返回菜单,请保持游戏画面处于前台
2025-10-21 01:04:44 [TRACE] 正在返回菜单,请保持游戏画面处于前台
2025-10-21 01:04:47 [TRACE] 正在返回菜单,请保持游戏画面处于前台
2025-10-21 01:04:51 [TRACE] 正在返回菜单,请保持游戏画面处于前台
2025-10-21 01:04:54 [TRACE] 正在返回菜单,请保持游戏画面处于前台
2025-10-21 01:04:57 [TRACE] 正在返回菜单,请保持游戏画面处于前台
2025-10-21 01:05:00 [TRACE] 正在返回菜单,请保持游戏画面处于前台
2025-10-21 01:05:04 [TRACE] 正在返回菜单,请保持游戏画面处于前台
2025-10-21 01:05:07 [TRACE] 正在返回菜单,请保持游戏画面处于前台
2025-10-21 01:05:10 [TRACE] 正在返回菜单,请保持游戏画面处于前台
2025-10-21 01:05:14 [TRACE] 正在返回菜单,请保持游戏画面处于前台
2025-10-21 01:05:17 [TRACE] 正在返回菜单,请保持游戏画面处于前台
2025-10-21 01:05:20 [TRACE] 正在返回菜单,请保持游戏画面处于前台
2025-10-21 01:05:23 [TRACE] 正在返回菜单,请保持游戏画面处于前台
2025-10-21 01:05:27 [TRACE] 正在返回菜单,请保持游戏画面处于前台
2025-10-21 01:05:30 [TRACE] 正在返回菜单,请保持游戏画面处于前台
2025-10-21 01:05:33 [TRACE] 正在返回菜单,请保持游戏画面处于前台
2025-10-21 01:05:36 [TRACE] 正在返回菜单,请保持游戏画面处于前台
2025-10-21 01:05:40 [TRACE] 正在返回菜单,请保持游戏画面处于前台
2025-10-21 01:05:43 [TRACE] 正在返回菜单,请保持游戏画面处于前台
2025-10-21 01:05:46 [TRACE] 正在返回菜单,请保持游戏画面处于前台
2025-10-21 01:05:49 [TRACE] 正在返回菜单,请保持游戏画面处于前台
2025-10-21 01:05:53 [TRACE] 正在返回菜单,请保持游戏画面处于前台
2025-10-21 01:05:56 [TRACE] 正在返回菜单,请保持游戏画面处于前台
2025-10-21 01:05:59 [TRACE] 正在返回菜单,请保持游戏画面处于前台
2025-10-21 01:06:02 [TRACE] 正在返回菜单,请保持游戏画面处于前台
2025-10-21 01:06:06 [TRACE] 正在返回菜单,请保持游戏画面处于前台
2025-10-21 01:06:09 [TRACE] 正在返回菜单,请保持游戏画面处于前台
2025-10-21 01:06:12 [TRACE] 正在返回菜单,请保持游戏画面处于前台
2025-10-21 01:06:15 [TRACE] 正在返回菜单,请保持游戏画面处于前台
2025-10-21 01:06:19 [TRACE] 正在返回菜单,请保持游戏画面处于前台
2025-10-21 01:06:22 [TRACE] 正在返回菜单,请保持游戏画面处于前台
2025-10-21 01:06:25 [TRACE] 正在返回菜单,请保持游戏画面处于前台
2025-10-21 01:06:28 [TRACE] 正在返回菜单,请保持游戏画面处于前台
2025-10-21 01:06:32 [TRACE] 正在返回菜单,请保持游戏画面处于前台
2025-10-21 01:06:35 [TRACE] 正在返回菜单,请保持游戏画面处于前台
2025-10-21 01:06:38 [TRACE] 正在返回菜单,请保持游戏画面处于前台
2025-10-21 01:06:42 [TRACE] 正在返回菜单,请保持游戏画面处于前台
2025-10-21 01:06:45 [TRACE] 正在返回菜单,请保持游戏画面处于前台
2025-10-21 01:06:48 [TRACE] 正在返回菜单,请保持游戏画面处于前台
2025-10-21 01:06:51 [TRACE] 正在返回菜单,请保持游戏画面处于前台
2025-10-21 01:06:54 [TRACE] 正在返回菜单,请保持游戏画面处于前台
2025-10-21 01:06:58 [TRACE] 正在返回菜单,请保持游戏画面处于前台
2025-10-21 01:07:01 [TRACE] 正在返回菜单,请保持游戏画面处于前台
2025-10-21 01:07:04 [TRACE] 正在返回菜单,请保持游戏画面处于前台
2025-10-21 01:07:07 [TRACE] 正在返回菜单,请保持游戏画面处于前台
2025-10-21 01:07:11 [TRACE] 正在返回菜单,请保持游戏画面处于前台
2025-10-21 01:07:14 [TRACE] 正在返回菜单,请保持游戏画面处于前台
2025-10-21 01:07:17 [TRACE] 正在返回菜单,请保持游戏画面处于前台
2025-10-21 01:07:20 [TRACE] 正在返回菜单,请保持游戏画面处于前台
2025-10-21 01:07:24 [TRACE] 正在返回菜单,请保持游戏画面处于前台
2025-10-21 01:07:27 [TRACE] 正在返回菜单,请保持游戏画面处于前台
2025-10-21 01:07:30 [TRACE] 正在返回菜单,请保持游戏画面处于前台
2025-10-21 01:07:34 [TRACE] 正在返回菜单,请保持游戏画面处于前台
2025-10-21 01:07:37 [TRACE] 正在返回菜单,请保持游戏画面处于前台
2025-10-21 01:07:40 [TRACE] 正在返回菜单,请保持游戏画面处于前台
2025-10-21 01:07:43 [TRACE] 正在返回菜单,请保持游戏画面处于前台
2025-10-21 01:07:47 [TRACE] 正在返回菜单,请保持游戏画面处于前台
2025-10-21 01:07:50 [TRACE] 正在返回菜单,请保持游戏画面处于前台
2025-10-21 01:07:53 [TRACE] 正在返回菜单,请保持游戏画面处于前台
2025-10-21 01:07:56 [TRACE] 正在返回菜单,请保持游戏画面处于前台
2025-10-21 01:08:00 [TRACE] 正在返回菜单,请保持游戏画面处于前台
2025-10-21 01:08:03 [TRACE] 正在返回菜单,请保持游戏画面处于前台
2025-10-21 01:08:06 [TRACE] 正在返回菜单,请保持游戏画面处于前台
2025-10-21 01:08:09 [TRACE] 正在返回菜单,请保持游戏画面处于前台
2025-10-21 01:08:13 [TRACE] 正在返回菜单,请保持游戏画面处于前台
2025-10-21 01:08:16 [TRACE] 正在返回菜单,请保持游戏画面处于前台
2025-10-21 01:08:19 [TRACE] 正在返回菜单,请保持游戏画面处于前台
2025-10-21 01:08:22 [TRACE] 正在返回菜单,请保持游戏画面处于前台
2025-10-21 01:08:26 [TRACE] 正在返回菜单,请保持游戏画面处于前台
2025-10-21 01:08:29 [TRACE] 正在返回菜单,请保持游戏画面处于前台
2025-10-21 01:08:32 [TRACE] 正在返回菜单,请保持游戏画面处于前台
2025-10-21 01:08:35 [TRACE] 正在返回菜单,请保持游戏画面处于前台
2025-10-21 01:08:39 [TRACE] 正在返回菜单,请保持游戏画面处于前台
2025-10-21 01:08:42 [TRACE] 正在返回菜单,请保持游戏画面处于前台
2025-10-21 01:08:45 [TRACE] 正在返回菜单,请保持游戏画面处于前台
2025-10-21 01:08:49 [TRACE] 正在返回菜单,请保持游戏画面处于前台
2025-10-21 01:08:52 [TRACE] 正在返回菜单,请保持游戏画面处于前台
2025-10-21 01:08:55 [TRACE] 正在返回菜单,请保持游戏画面处于前台
2025-10-21 01:08:58 [TRACE] 正在返回菜单,请保持游戏画面处于前台
2025-10-21 01:09:02 [TRACE] 正在返回菜单,请保持游戏画面处于前台
2025-10-21 01:09:05 [TRACE] 正在返回菜单,请保持游戏画面处于前台
2025-10-21 01:09:08 [TRACE] 正在返回菜单,请保持游戏画面处于前台
2025-10-21 01:09:11 [TRACE] 正在返回菜单,请保持游戏画面处于前台
2025-10-21 01:09:15 [TRACE] 正在返回菜单,请保持游戏画面处于前台
2025-10-21 01:09:18 [TRACE] 正在返回菜单,请保持游戏画面处于前台
2025-10-21 01:09:21 [TRACE] 正在返回菜单,请保持游戏画面处于前台
2025-10-21 01:09:24 [TRACE] 正在返回菜单,请保持游戏画面处于前台
2025-10-21 01:09:28 [TRACE] 正在返回菜单,请保持游戏画面处于前台
2025-10-21 01:09:31 [TRACE] 正在返回菜单,请保持游戏画面处于前台
2025-10-21 01:09:34 [TRACE] 正在返回菜单,请保持游戏画面处于前台
2025-10-21 01:09:37 [TRACE] 正在返回菜单,请保持游戏画面处于前台
2025-10-21 01:09:41 [TRACE] 正在返回菜单,请保持游戏画面处于前台
2025-10-21 01:09:44 [TRACE] 正在返回菜单,请保持游戏画面处于前台
2025-10-21 01:09:47 [TRACE] 正在返回菜单,请保持游戏画面处于前台
2025-10-21 01:09:50 [TRACE] 正在返回菜单,请保持游戏画面处于前台
2025-10-21 01:09:53 [TRACE] 正在返回菜单,请保持游戏画面处于前台
2025-10-21 01:09:57 [TRACE] 正在返回菜单,请保持游戏画面处于前台
2025-10-21 01:10:00 [TRACE] 正在返回菜单,请保持游戏画面处于前台
2025-10-21 01:10:03 [TRACE] 正在返回菜单,请保持游戏画面处于前台
2025-10-21 01:10:07 [TRACE] 正在返回菜单,请保持游戏画面处于前台
2025-10-21 01:10:10 [TRACE] 正在返回菜单,请保持游戏画面处于前台
2025-10-21 01:10:13 [TRACE] 正在返回菜单,请保持游戏画面处于前台
2025-10-21 01:10:16 [TRACE] 正在返回菜单,请保持游戏画面处于前台
2025-10-21 01:10:19 [TRACE] 正在返回菜单,请保持游戏画面处于前台
2025-10-21 01:10:23 [TRACE] 正在返回菜单,请保持游戏画面处于前台
2025-10-21 01:10:26 [TRACE] 正在返回菜单,请保持游戏画面处于前台
2025-10-21 01:10:29 [TRACE] 正在返回菜单,请保持游戏画面处于前台
2025-10-21 01:10:32 [TRACE] 正在返回菜单,请保持游戏画面处于前台
2025-10-21 01:10:36 [TRACE] 正在返回菜单,请保持游戏画面处于前台
2025-10-21 01:10:39 [TRACE] 正在返回菜单,请保持游戏画面处于前台
2025-10-21 01:10:42 [TRACE] 正在返回菜单,请保持游戏画面处于前台
2025-10-21 01:10:45 [TRACE] 正在返回菜单,请保持游戏画面处于前台
2025-10-21 01:10:49 [TRACE] 正在返回菜单,请保持游戏画面处于前台
2025-10-21 01:10:52 [TRACE] 正在返回菜单,请保持游戏画面处于前台
2025-10-21 01:10:55 [TRACE] 正在返回菜单,请保持游戏画面处于前台
2025-10-21 01:10:59 [TRACE] 正在返回菜单,请保持游戏画面处于前台
2025-10-21 01:11:02 [TRACE] 正在返回菜单,请保持游戏画面处于前台
2025-10-21 01:11:05 [TRACE] 正在返回菜单,请保持游戏画面处于前台
2025-10-21 01:11:08 [TRACE] 正在返回菜单,请保持游戏画面处于前台
2025-10-21 01:11:12 [TRACE] 正在返回菜单,请保持游戏画面处于前台
2025-10-21 01:11:15 [TRACE] 正在返回菜单,请保持游戏画面处于前台
2025-10-21 01:11:18 [TRACE] 正在返回菜单,请保持游戏画面处于前台
2025-10-21 01:11:21 [TRACE] 正在返回菜单,请保持游戏画面处于前台
2025-10-21 01:11:25 [TRACE] 正在返回菜单,请保持游戏画面处于前台
2025-10-21 01:11:28 [TRACE] 正在返回菜单,请保持游戏画面处于前台
2025-10-21 01:11:31 [TRACE] 正在返回菜单,请保持游戏画面处于前台
2025-10-21 01:11:34 [TRACE] 正在返回菜单,请保持游戏画面处于前台
2025-10-21 01:11:38 [TRACE] 正在返回菜单,请保持游戏画面处于前台
2025-10-21 01:11:41 [TRACE] 正在返回菜单,请保持游戏画面处于前台
2025-10-21 01:11:44 [TRACE] 正在返回菜单,请保持游戏画面处于前台
2025-10-21 01:11:47 [TRACE] 正在返回菜单,请保持游戏画面处于前台
2025-10-21 01:11:51 [TRACE] 正在返回菜单,请保持游戏画面处于前台
2025-10-21 01:11:54 [TRACE] 正在返回菜单,请保持游戏画面处于前台
2025-10-21 01:11:57 [TRACE] 正在返回菜单,请保持游戏画面处于前台
2025-10-21 01:12:00 [TRACE] 正在返回菜单,请保持游戏画面处于前台
2025-10-21 01:12:04 [TRACE] 正在返回菜单,请保持游戏画面处于前台
2025-10-21 01:12:07 [TRACE] 正在返回菜单,请保持游戏画面处于前台
2025-10-21 01:12:10 [TRACE] 正在返回菜单,请保持游戏画面处于前台
2025-10-21 01:12:13 [TRACE] 正在返回菜单,请保持游戏画面处于前台
2025-10-21 01:12:17 [TRACE] 正在返回菜单,请保持游戏画面处于前台
2025-10-21 01:12:20 [TRACE] 正在返回菜单,请保持游戏画面处于前台
2025-10-21 01:12:23 [TRACE] 正在返回菜单,请保持游戏画面处于前台
2025-10-21 01:12:27 [TRACE] 正在返回菜单,请保持游戏画面处于前台
2025-10-21 01:12:30 [TRACE] 正在返回菜单,请保持游戏画面处于前台
2025-10-21 01:12:33 [TRACE] 正在返回菜单,请保持游戏画面处于前台
2025-10-21 01:12:36 [TRACE] 正在返回菜单,请保持游戏画面处于前台
2025-10-21 01:12:40 [TRACE] 正在返回菜单,请保持游戏画面处于前台
2025-10-21 01:12:43 [TRACE] 正在返回菜单,请保持游戏画面处于前台
2025-10-21 01:12:46 [TRACE] 正在返回菜单,请保持游戏画面处于前台
2025-10-21 01:12:49 [TRACE] 正在返回菜单,请保持游戏画面处于前台
2025-10-21 01:12:52 [TRACE] 正在返回菜单,请保持游戏画面处于前台
2025-10-21 01:12:56 [TRACE] 正在返回菜单,请保持游戏画面处于前台
2025-10-21 01:12:59 [TRACE] 正在返回菜单,请保持游戏画面处于前台
2025-10-21 01:13:02 [TRACE] 正在返回菜单,请保持游戏画面处于前台
2025-10-21 01:13:05 [TRACE] 正在返回菜单,请保持游戏画面处于前台
2025-10-21 01:13:09 [TRACE] 正在返回菜单,请保持游戏画面处于前台
2025-10-21 01:13:12 [TRACE] 正在返回菜单,请保持游戏画面处于前台
2025-10-21 01:13:15 [TRACE] 正在返回菜单,请保持游戏画面处于前台
2025-10-21 01:13:18 [TRACE] 正在返回菜单,请保持游戏画面处于前台
2025-10-21 01:13:22 [TRACE] 正在返回菜单,请保持游戏画面处于前台
2025-10-21 01:13:25 [TRACE] 正在返回菜单,请保持游戏画面处于前台
2025-10-21 01:13:28 [TRACE] 正在返回菜单,请保持游戏画面处于前台
2025-10-21 01:13:31 [TRACE] 正在返回菜单,请保持游戏画面处于前台
2025-10-21 01:13:35 [TRACE] 正在返回菜单,请保持游戏画面处于前台
2025-10-21 01:13:38 [TRACE] 正在返回菜单,请保持游戏画面处于前台
2025-10-21 01:13:41 [TRACE] 正在返回菜单,请保持游戏画面处于前台
2025-10-21 01:13:44 [TRACE] 正在返回菜单,请保持游戏画面处于前台
2025-10-21 01:13:48 [TRACE] 正在返回菜单,请保持游戏画面处于前台
2025-10-21 01:13:51 [TRACE] 正在返回菜单,请保持游戏画面处于前台
2025-10-21 01:13:54 [TRACE] 正在返回菜单,请保持游戏画面处于前台
2025-10-21 01:13:57 [TRACE] 正在返回菜单,请保持游戏画面处于前台
2025-10-21 01:14:00 [TRACE] 正在返回菜单,请保持游戏画面处于前台
2025-10-21 01:14:04 [TRACE] 正在返回菜单,请保持游戏画面处于前台
2025-10-21 01:14:07 [TRACE] 正在返回菜单,请保持游戏画面处于前台
2025-10-21 01:14:10 [TRACE] 正在返回菜单,请保持游戏画面处于前台
2025-10-21 01:14:14 [TRACE] 正在返回菜单,请保持游戏画面处于前台
2025-10-21 01:14:17 [TRACE] 正在返回菜单,请保持游戏画面处于前台
2025-10-21 01:14:20 [TRACE] 正在返回菜单,请保持游戏画面处于前台
2025-10-21 01:14:23 [TRACE] 正在返回菜单,请保持游戏画面处于前台
2025-10-21 01:14:27 [TRACE] 正在返回菜单,请保持游戏画面处于前台
2025-10-21 01:14:30 [TRACE] 正在返回菜单,请保持游戏画面处于前台
2025-10-21 01:14:33 [TRACE] 正在返回菜单,请保持游戏画面处于前台
2025-10-21 01:14:36 [TRACE] 正在返回菜单,请保持游戏画面处于前台
2025-10-21 01:14:40 [TRACE] 正在返回菜单,请保持游戏画面处于前台
2025-10-21 01:14:43 [TRACE] 正在返回菜单,请保持游戏画面处于前台
2025-10-21 01:14:46 [TRACE] 正在返回菜单,请保持游戏画面处于前台
2025-10-21 01:14:49 [TRACE] 正在返回菜单,请保持游戏画面处于前台
2025-10-21 01:14:53 [TRACE] 正在返回菜单,请保持游戏画面处于前台
2025-10-21 01:14:56 [TRACE] 正在返回菜单,请保持游戏画面处于前台
2025-10-21 01:14:59 [TRACE] 正在返回菜单,请保持游戏画面处于前台
2025-10-21 01:15:02 [TRACE] 正在返回菜单,请保持游戏画面处于前台
2025-10-21 01:15:06 [TRACE] 正在返回菜单,请保持游戏画面处于前台
2025-10-21 01:15:09 [TRACE] 正在返回菜单,请保持游戏画面处于前台
2025-10-21 01:15:12 [TRACE] 正在返回菜单,请保持游戏画面处于前台
2025-10-21 01:15:15 [TRACE] 正在返回菜单,请保持游戏画面处于前台
2025-10-21 01:15:19 [TRACE] 正在返回菜单,请保持游戏画面处于前台
2025-10-21 01:15:22 [TRACE] 正在返回菜单,请保持游戏画面处于前台
2025-10-21 01:15:25 [TRACE] 正在返回菜单,请保持游戏画面处于前台
2025-10-21 01:15:28 [TRACE] 正在返回菜单,请保持游戏画面处于前台
2025-10-21 01:15:32 [TRACE] 正在返回菜单,请保持游戏画面处于前台
2025-10-21 01:15:35 [TRACE] 正在返回菜单,请保持游戏画面处于前台
2025-10-21 01:15:38 [TRACE] 正在返回菜单,请保持游戏画面处于前台
2025-10-21 01:15:41 [TRACE] 正在返回菜单,请保持游戏画面处于前台
2025-10-21 01:15:44 [TRACE] 正在返回菜单,请保持游戏画面处于前台
2025-10-21 01:15:48 [TRACE] 正在返回菜单,请保持游戏画面处于前台
2025-10-21 01:15:51 [TRACE] 正在返回菜单,请保持游戏画面处于前台
2025-10-21 01:15:54 [TRACE] 正在返回菜单,请保持游戏画面处于前台
2025-10-21 01:15:57 [TRACE] 正在返回菜单,请保持游戏画面处于前台
2025-10-21 01:16:01 [TRACE] 正在返回菜单,请保持游戏画面处于前台
2025-10-21 01:16:04 [TRACE] 正在返回菜单,请保持游戏画面处于前台
2025-10-21 01:16:07 [TRACE] 正在返回菜单,请保持游戏画面处于前台
2025-10-21 01:16:11 [TRACE] 正在返回菜单,请保持游戏画面处于前台
2025-10-21 01:16:14 [TRACE] 正在返回菜单,请保持游戏画面处于前台
2025-10-21 01:16:17 [TRACE] 正在返回菜单,请保持游戏画面处于前台
2025-10-21 01:16:20 [TRACE] 正在返回菜单,请保持游戏画面处于前台
2025-10-21 01:16:24 [TRACE] 正在返回菜单,请保持游戏画面处于前台
2025-10-21 01:16:27 [TRACE] 正在返回菜单,请保持游戏画面处于前台
2025-10-21 01:16:30 [TRACE] 正在返回菜单,请保持游戏画面处于前台
2025-10-21 01:16:33 [TRACE] 正在返回菜单,请保持游戏画面处于前台
2025-10-21 01:16:37 [TRACE] 正在返回菜单,请保持游戏画面处于前台
2025-10-21 01:16:40 [TRACE] 正在返回菜单,请保持游戏画面处于前台
2025-10-21 01:16:43 [TRACE] 正在返回菜单,请保持游戏画面处于前台
2025-10-21 01:16:46 [TRACE] 正在返回菜单,请保持游戏画面处于前台
2025-10-21 01:16:49 [TRACE] 正在返回菜单,请保持游戏画面处于前台
2025-10-21 01:16:53 [TRACE] 正在返回菜单,请保持游戏画面处于前台
2025-10-21 01:16:56 [TRACE] 正在返回菜单,请保持游戏画面处于前台
2025-10-21 01:16:59 [TRACE] 正在返回菜单,请保持游戏画面处于前台
2025-10-21 01:17:03 [TRACE] 正在返回菜单,请保持游戏画面处于前台
2025-10-21 01:17:06 [TRACE] 正在返回菜单,请保持游戏画面处于前台
2025-10-21 01:17:09 [TRACE] 正在返回菜单,请保持游戏画面处于前台
2025-10-21 01:17:12 [TRACE] 正在返回菜单,请保持游戏画面处于前台
2025-10-21 01:17:16 [TRACE] 正在返回菜单,请保持游戏画面处于前台
2025-10-21 01:17:19 [TRACE] 正在返回菜单,请保持游戏画面处于前台
2025-10-21 01:17:22 [TRACE] 正在返回菜单,请保持游戏画面处于前台
2025-10-21 01:17:25 [TRACE] 正在返回菜单,请保持游戏画面处于前台
2025-10-21 01:17:28 [TRACE] 正在返回菜单,请保持游戏画面处于前台
2025-10-21 01:17:32 [TRACE] 正在返回菜单,请保持游戏画面处于前台
2025-10-21 01:17:35 [TRACE] 正在返回菜单,请保持游戏画面处于前台
2025-10-21 01:17:38 [TRACE] 正在返回菜单,请保持游戏画面处于前台
2025-10-21 01:17:41 [TRACE] 正在返回菜单,请保持游戏画面处于前台
2025-10-21 01:17:45 [TRACE] 正在返回菜单,请保持游戏画面处于前台
2025-10-21 01:17:48 [TRACE] 正在返回菜单,请保持游戏画面处于前台
2025-10-21 01:17:51 [TRACE] 正在返回菜单,请保持游戏画面处于前台
2025-10-21 01:17:54 [TRACE] 正在返回菜单,请保持游戏画面处于前台
2025-10-21 01:17:58 [TRACE] 正在返回菜单,请保持游戏画面处于前台
2025-10-21 01:18:01 [TRACE] 正在返回菜单,请保持游戏画面处于前台
2025-10-21 01:18:04 [TRACE] 正在返回菜单,请保持游戏画面处于前台
2025-10-21 01:18:08 [TRACE] 正在返回菜单,请保持游戏画面处于前台
2025-10-21 01:18:11 [TRACE] 正在返回菜单,请保持游戏画面处于前台
2025-10-21 01:18:14 [TRACE] 正在返回菜单,请保持游戏画面处于前台
2025-10-21 01:18:17 [TRACE] 正在返回菜单,请保持游戏画面处于前台
2025-10-21 01:18:21 [TRACE] 正在返回菜单,请保持游戏画面处于前台
2025-10-21 01:18:24 [TRACE] 正在返回菜单,请保持游戏画面处于前台
2025-10-21 01:18:27 [TRACE] 正在返回菜单,请保持游戏画面处于前台
2025-10-21 01:18:30 [TRACE] 正在返回菜单,请保持游戏画面处于前台
2025-10-21 01:18:33 [TRACE] 正在返回菜单,请保持游戏画面处于前台
2025-10-21 01:18:37 [TRACE] 正在返回菜单,请保持游戏画面处于前台
2025-10-21 01:18:40 [TRACE] 正在返回菜单,请保持游戏画面处于前台
2025-10-21 01:18:43 [TRACE] 正在返回菜单,请保持游戏画面处于前台
2025-10-21 01:18:46 [TRACE] 正在返回菜单,请保持游戏画面处于前台
2025-10-21 01:18:50 [TRACE] 正在返回菜单,请保持游戏画面处于前台
2025-10-21 01:18:53 [TRACE] 正在返回菜单,请保持游戏画面处于前台
2025-10-21 01:18:56 [TRACE] 正在返回菜单,请保持游戏画面处于前台
2025-10-21 01:19:00 [TRACE] 正在返回菜单,请保持游戏画面处于前台
2025-10-21 01:19:03 [TRACE] 正在返回菜单,请保持游戏画面处于前台
2025-10-21 01:19:06 [TRACE] 正在返回菜单,请保持游戏画面处于前台
2025-10-21 01:19:09 [TRACE] 正在返回菜单,请保持游戏画面处于前台
2025-10-21 01:19:13 [TRACE] 正在返回菜单,请保持游戏画面处于前台
2025-10-21 01:19:16 [TRACE] 正在返回菜单,请保持游戏画面处于前台
2025-10-21 01:19:19 [TRACE] 正在返回菜单,请保持游戏画面处于前台
2025-10-21 01:19:22 [TRACE] 正在返回菜单,请保持游戏画面处于前台
2025-10-21 01:19:26 [TRACE] 正在返回菜单,请保持游戏画面处于前台
2025-10-21 01:19:29 [TRACE] 正在返回菜单,请保持游戏画面处于前台
2025-10-21 01:19:32 [TRACE] 正在返回菜单,请保持游戏画面处于前台
2025-10-21 01:19:35 [TRACE] 正在返回菜单,请保持游戏画面处于前台
2025-10-21 01:19:39 [TRACE] 正在返回菜单,请保持游戏画面处于前台
2025-10-21 01:19:42 [TRACE] 正在返回菜单,请保持游戏画面处于前台
2025-10-21 01:19:45 [TRACE] 正在返回菜单,请保持游戏画面处于前台
2025-10-21 01:19:48 [TRACE] 正在返回菜单,请保持游戏画面处于前台
2025-10-21 01:19:51 [TRACE] 正在返回菜单,请保持游戏画面处于前台
2025-10-21 01:19:55 [TRACE] 正在返回菜单,请保持游戏画面处于前台
2025-10-21 01:19:58 [TRACE] 正在返回菜单,请保持游戏画面处于前台
2025-10-21 01:20:01 [TRACE] 正在返回菜单,请保持游戏画面处于前台
2025-10-21 01:20:05 [TRACE] 正在返回菜单,请保持游戏画面处于前台
2025-10-21 01:20:08 [TRACE] 正在返回菜单,请保持游戏画面处于前台
2025-10-21 01:20:11 [TRACE] 正在返回菜单,请保持游戏画面处于前台
2025-10-21 01:20:15 [TRACE] 正在返回菜单,请保持游戏画面处于前台
2025-10-21 01:20:18 [TRACE] 正在返回菜单,请保持游戏画面处于前台
2025-10-21 01:20:21 [TRACE] 正在返回菜单,请保持游戏画面处于前台
2025-10-21 01:20:24 [TRACE] 正在返回菜单,请保持游戏画面处于前台
2025-10-21 01:20:27 [TRACE] 正在返回菜单,请保持游戏画面处于前台
2025-10-21 01:20:31 [TRACE] 正在返回菜单,请保持游戏画面处于前台
2025-10-21 01:20:34 [TRACE] 正在返回菜单,请保持游戏画面处于前台
2025-10-21 01:20:37 [TRACE] 正在返回菜单,请保持游戏画面处于前台
2025-10-21 01:20:41 [TRACE] 正在返回菜单,请保持游戏画面处于前台
2025-10-21 01:20:44 [TRACE] 正在返回菜单,请保持游戏画面处于前台
2025-10-21 01:20:47 [TRACE] 正在返回菜单,请保持游戏画面处于前台
2025-10-21 01:20:50 [TRACE] 正在返回菜单,请保持游戏画面处于前台
2025-10-21 01:20:53 [TRACE] 正在返回菜单,请保持游戏画面处于前台
2025-10-21 01:20:57 [TRACE] 正在返回菜单,请保持游戏画面处于前台
2025-10-21 01:21:00 [TRACE] 正在返回菜单,请保持游戏画面处于前台
2025-10-21 01:21:03 [TRACE] 正在返回菜单,请保持游戏画面处于前台
2025-10-21 01:21:06 [TRACE] 正在返回菜单,请保持游戏画面处于前台
2025-10-21 01:21:10 [TRACE] 正在返回菜单,请保持游戏画面处于前台
2025-10-21 01:21:13 [TRACE] 正在返回菜单,请保持游戏画面处于前台
2025-10-21 01:21:16 [TRACE] 正在返回菜单,请保持游戏画面处于前台
2025-10-21 01:21:20 [TRACE] 正在返回菜单,请保持游戏画面处于前台
2025-10-21 01:21:23 [TRACE] 正在返回菜单,请保持游戏画面处于前台
2025-10-21 01:21:26 [TRACE] 正在返回菜单,请保持游戏画面处于前台
2025-10-21 01:21:29 [TRACE] 正在返回菜单,请保持游戏画面处于前台
2025-10-21 01:21:33 [TRACE] 正在返回菜单,请保持游戏画面处于前台
2025-10-21 01:21:36 [TRACE] 正在返回菜单,请保持游戏画面处于前台
2025-10-21 01:21:39 [TRACE] 正在返回菜单,请保持游戏画面处于前台
2025-10-21 01:21:42 [TRACE] 正在返回菜单,请保持游戏画面处于前台
2025-10-21 01:21:46 [TRACE] 正在返回菜单,请保持游戏画面处于前台
2025-10-21 01:21:49 [TRACE] 正在返回菜单,请保持游戏画面处于前台
2025-10-21 01:21:52 [TRACE] 正在返回菜单,请保持游戏画面处于前台
2025-10-21 01:21:55 [TRACE] 正在返回菜单,请保持游戏画面处于前台
2025-10-21 01:21:58 [TRACE] 正在返回菜单,请保持游戏画面处于前台
2025-10-21 01:22:02 [TRACE] 正在返回菜单,请保持游戏画面处于前台
2025-10-21 01:22:05 [TRACE] 正在返回菜单,请保持游戏画面处于前台
2025-10-21 01:22:08 [TRACE] 正在返回菜单,请保持游戏画面处于前台
2025-10-21 01:22:12 [TRACE] 正在返回菜单,请保持游戏画面处于前台
2025-10-21 01:22:15 [TRACE] 正在返回菜单,请保持游戏画面处于前台
2025-10-21 01:22:18 [TRACE] 正在返回菜单,请保持游戏画面处于前台
2025-10-21 01:22:21 [TRACE] 正在返回菜单,请保持游戏画面处于前台
2025-10-21 01:22:25 [TRACE] 正在返回菜单,请保持游戏画面处于前台
2025-10-21 01:22:28 [TRACE] 正在返回菜单,请保持游戏画面处于前台
2025-10-21 01:22:31 [TRACE] 正在返回菜单,请保持游戏画面处于前台
2025-10-21 01:22:34 [TRACE] 正在返回菜单,请保持游戏画面处于前台
2025-10-21 01:22:38 [TRACE] 正在返回菜单,请保持游戏画面处于前台
2025-10-21 01:22:41 [TRACE] 正在返回菜单,请保持游戏画面处于前台
2025-10-21 01:22:44 [TRACE] 正在返回菜单,请保持游戏画面处于前台
2025-10-21 01:22:47 [TRACE] 正在返回菜单,请保持游戏画面处于前台
2025-10-21 01:22:51 [TRACE] 正在返回菜单,请保持游戏画面处于前台
2025-10-21 01:22:54 [TRACE] 正在返回菜单,请保持游戏画面处于前台
2025-10-21 01:22:57 [TRACE] 正在返回菜单,请保持游戏画面处于前台
2025-10-21 01:23:00 [TRACE] 正在返回菜单,请保持游戏画面处于前台
2025-10-21 01:23:04 [TRACE] 正在返回菜单,请保持游戏画面处于前台
2025-10-21 01:23:07 [TRACE] 正在返回菜单,请保持游戏画面处于前台
2025-10-21 01:23:10 [TRACE] 正在返回菜单,请保持游戏画面处于前台
2025-10-21 01:23:13 [TRACE] 正在返回菜单,请保持游戏画面处于前台
2025-10-21 01:23:17 [TRACE] 正在返回菜单,请保持游戏画面处于前台
2025-10-21 01:23:20 [TRACE] 正在返回菜单,请保持游戏画面处于前台
2025-10-21 01:23:23 [TRACE] 正在返回菜单,请保持游戏画面处于前台
2025-10-21 01:23:26 [TRACE] 正在返回菜单,请保持游戏画面处于前台
2025-10-21 01:23:30 [TRACE] 正在返回菜单,请保持游戏画面处于前台
2025-10-21 01:23:33 [TRACE] 正在返回菜单,请保持游戏画面处于前台
2025-10-21 01:23:36 [TRACE] 正在返回菜单,请保持游戏画面处于前台
2025-10-21 01:23:39 [TRACE] 正在返回菜单,请保持游戏画面处于前台
2025-10-21 01:23:43 [TRACE] 正在返回菜单,请保持游戏画面处于前台
2025-10-21 01:23:46 [TRACE] 正在返回菜单,请保持游戏画面处于前台
2025-10-21 01:23:49 [TRACE] 正在返回菜单,请保持游戏画面处于前台
2025-10-21 01:23:52 [TRACE] 正在返回菜单,请保持游戏画面处于前台
2025-10-21 01:23:56 [TRACE] 正在返回菜单,请保持游戏画面处于前台
2025-10-21 01:23:59 [TRACE] 正在返回菜单,请保持游戏画面处于前台
2025-10-21 01:24:02 [TRACE] 正在返回菜单,请保持游戏画面处于前台
2025-10-21 01:24:05 [TRACE] 正在返回菜单,请保持游戏画面处于前台
2025-10-21 01:24:09 [TRACE] 正在返回菜单,请保持游戏画面处于前台
2025-10-21 01:24:12 [TRACE] 正在返回菜单,请保持游戏画面处于前台
2025-10-21 01:24:15 [TRACE] 正在返回菜单,请保持游戏画面处于前台
2025-10-21 01:24:18 [TRACE] 正在返回菜单,请保持游戏画面处于前台
2025-10-21 01:24:22 [TRACE] 正在返回菜单,请保持游戏画面处于前台
2025-10-21 01:24:25 [TRACE] 正在返回菜单,请保持游戏画面处于前台
2025-10-21 01:24:28 [TRACE] 正在返回菜单,请保持游戏画面处于前台
2025-10-21 01:24:31 [TRACE] 正在返回菜单,请保持游戏画面处于前台
2025-10-21 01:24:35 [TRACE] 正在返回菜单,请保持游戏画面处于前台
2025-10-21 01:24:38 [TRACE] 正在返回菜单,请保持游戏画面处于前台
2025-10-21 01:24:41 [TRACE] 正在返回菜单,请保持游戏画面处于前台
2025-10-21 01:24:44 [TRACE] 正在返回菜单,请保持游戏画面处于前台
2025-10-21 01:24:48 [TRACE] 正在返回菜单,请保持游戏画面处于前台
2025-10-21 01:24:51 [TRACE] 正在返回菜单,请保持游戏画面处于前台
2025-10-21 01:24:54 [TRACE] 正在返回菜单,请保持游戏画面处于前台
2025-10-21 01:24:57 [TRACE] 正在返回菜单,请保持游戏画面处于前台
2025-10-21 01:25:01 [TRACE] 正在返回菜单,请保持游戏画面处于前台
2025-10-21 01:25:04 [TRACE] 正在返回菜单,请保持游戏画面处于前台
2025-10-21 01:25:07 [TRACE] 正在返回菜单,请保持游戏画面处于前台
2025-10-21 01:25:11 [TRACE] 正在返回菜单,请保持游戏画面处于前台
2025-10-21 01:25:14 [TRACE] 正在返回菜单,请保持游戏画面处于前台
2025-10-21 01:25:17 [TRACE] 正在返回菜单,请保持游戏画面处于前台
2025-10-21 01:25:20 [TRACE] 正在返回菜单,请保持游戏画面处于前台
2025-10-21 01:25:24 [TRACE] 正在返回菜单,请保持游戏画面处于前台
2025-10-21 01:25:27 [TRACE] 正在返回菜单,请保持游戏画面处于前台
2025-10-21 01:25:30 [TRACE] 正在返回菜单,请保持游戏画面处于前台
2025-10-21 01:25:33 [TRACE] 正在返回菜单,请保持游戏画面处于前台
2025-10-21 01:25:37 [TRACE] 正在返回菜单,请保持游戏画面处于前台
2025-10-21 01:25:40 [TRACE] 正在返回菜单,请保持游戏画面处于前台
2025-10-21 01:25:43 [TRACE] 正在返回菜单,请保持游戏画面处于前台
2025-10-21 01:25:46 [TRACE] 正在返回菜单,请保持游戏画面处于前台
2025-10-21 01:25:50 [TRACE] 正在返回菜单,请保持游戏画面处于前台
2025-10-21 01:25:53 [TRACE] 正在返回菜单,请保持游戏画面处于前台
2025-10-21 01:25:56 [TRACE] 正在返回菜单,请保持游戏画面处于前台
2025-10-21 01:25:59 [TRACE] 正在返回菜单,请保持游戏画面处于前台
2025-10-21 01:26:03 [TRACE] 正在返回菜单,请保持游戏画面处于前台
2025-10-21 01:26:06 [TRACE] 正在返回菜单,请保持游戏画面处于前台
2025-10-21 01:26:09 [TRACE] 正在返回菜单,请保持游戏画面处于前台
2025-10-21 01:26:12 [TRACE] 正在返回菜单,请保持游戏画面处于前台
2025-10-21 01:26:16 [TRACE] 正在返回菜单,请保持游戏画面处于前台
2025-10-21 01:26:19 [TRACE] 正在返回菜单,请保持游戏画面处于前台
2025-10-21 01:26:22 [TRACE] 正在返回菜单,请保持游戏画面处于前台
2025-10-21 01:26:25 [TRACE] 正在返回菜单,请保持游戏画面处于前台
2025-10-21 01:26:29 [TRACE] 正在返回菜单,请保持游戏画面处于前台
2025-10-21 01:26:32 [TRACE] 正在返回菜单,请保持游戏画面处于前台
2025-10-21 01:26:35 [TRACE] 正在返回菜单,请保持游戏画面处于前台
2025-10-21 01:26:38 [TRACE] 正在返回菜单,请保持游戏画面处于前台
2025-10-21 01:26:42 [TRACE] 正在返回菜单,请保持游戏画面处于前台
2025-10-21 01:26:45 [TRACE] 正在返回菜单,请保持游戏画面处于前台
2025-10-21 01:26:48 [TRACE] 正在返回菜单,请保持游戏画面处于前台
2025-10-21 01:26:51 [TRACE] 正在返回菜单,请保持游戏画面处于前台
2025-10-21 01:26:54 [TRACE] 正在返回菜单,请保持游戏画面处于前台
2025-10-21 01:26:58 [TRACE] 正在返回菜单,请保持游戏画面处于前台
2025-10-21 01:27:01 [TRACE] 正在返回菜单,请保持游戏画面处于前台
2025-10-21 01:27:04 [TRACE] 正在返回菜单,请保持游戏画面处于前台
2025-10-21 01:27:07 [TRACE] 正在返回菜单,请保持游戏画面处于前台
2025-10-21 01:27:11 [TRACE] 正在返回菜单,请保持游戏画面处于前台
2025-10-21 01:27:14 [TRACE] 正在返回菜单,请保持游戏画面处于前台
2025-10-21 01:27:17 [TRACE] 正在返回菜单,请保持游戏画面处于前台
2025-10-21 01:27:21 [TRACE] 正在返回菜单,请保持游戏画面处于前台
2025-10-21 01:27:24 [TRACE] 正在返回菜单,请保持游戏画面处于前台
2025-10-21 01:27:27 [TRACE] 正在返回菜单,请保持游戏画面处于前台
2025-10-21 01:27:30 [TRACE] 正在返回菜单,请保持游戏画面处于前台
2025-10-21 01:27:34 [TRACE] 正在返回菜单,请保持游戏画面处于前台
2025-10-21 01:27:37 [TRACE] 正在返回菜单,请保持游戏画面处于前台
2025-10-21 01:27:40 [TRACE] 正在返回菜单,请保持游戏画面处于前台
2025-10-21 01:27:43 [TRACE] 正在返回菜单,请保持游戏画面处于前台
2025-10-21 01:27:46 [TRACE] 正在返回菜单,请保持游戏画面处于前台
2025-10-21 01:27:50 [TRACE] 正在返回菜单,请保持游戏画面处于前台
2025-10-21 01:27:53 [TRACE] 正在返回菜单,请保持游戏画面处于前台
2025-10-21 01:27:56 [TRACE] 正在返回菜单,请保持游戏画面处于前台
2025-10-21 01:28:00 [TRACE] 正在返回菜单,请保持游戏画面处于前台
2025-10-21 01:28:03 [TRACE] 正在返回菜单,请保持游戏画面处于前台
2025-10-21 01:28:06 [TRACE] 正在返回菜单,请保持游戏画面处于前台
2025-10-21 01:28:09 [TRACE] 正在返回菜单,请保持游戏画面处于前台
2025-10-21 01:28:13 [TRACE] 正在返回菜单,请保持游戏画面处于前台
2025-10-21 01:28:16 [TRACE] 正在返回菜单,请保持游戏画面处于前台
2025-10-21 01:28:19 [TRACE] 正在返回菜单,请保持游戏画面处于前台
2025-10-21 01:28:22 [TRACE] 正在返回菜单,请保持游戏画面处于前台
2025-10-21 01:28:26 [TRACE] 正在返回菜单,请保持游戏画面处于前台
2025-10-21 01:28:29 [TRACE] 正在返回菜单,请保持游戏画面处于前台
2025-10-21 01:28:32 [TRACE] 正在返回菜单,请保持游戏画面处于前台
2025-10-21 01:28:35 [TRACE] 正在返回菜单,请保持游戏画面处于前台
2025-10-21 01:28:39 [TRACE] 正在返回菜单,请保持游戏画面处于前台
2025-10-21 01:28:42 [TRACE] 正在返回菜单,请保持游戏画面处于前台
2025-10-21 01:28:45 [TRACE] 正在返回菜单,请保持游戏画面处于前台
2025-10-21 01:28:48 [TRACE] 正在返回菜单,请保持游戏画面处于前台
2025-10-21 01:28:51 [TRACE] 正在返回菜单,请保持游戏画面处于前台
2025-10-21 01:28:55 [TRACE] 正在返回菜单,请保持游戏画面处于前台
2025-10-21 01:28:58 [TRACE] 正在返回菜单,请保持游戏画面处于前台
2025-10-21 01:29:01 [TRACE] 正在返回菜单,请保持游戏画面处于前台
2025-10-21 01:29:04 [TRACE] 正在返回菜单,请保持游戏画面处于前台
2025-10-21 01:29:08 [TRACE] 正在返回菜单,请保持游戏画面处于前台
2025-10-21 01:29:11 [TRACE] 正在返回菜单,请保持游戏画面处于前台
2025-10-21 01:29:14 [TRACE] 正在返回菜单,请保持游戏画面处于前台
2025-10-21 01:29:17 [TRACE] 正在返回菜单,请保持游戏画面处于前台
2025-10-21 01:29:21 [TRACE] 正在返回菜单,请保持游戏画面处于前台
2025-10-21 01:29:24 [TRACE] 正在返回菜单,请保持游戏画面处于前台
2025-10-21 01:29:27 [TRACE] 正在返回菜单,请保持游戏画面处于前台
2025-10-21 01:29:30 [TRACE] 正在返回菜单,请保持游戏画面处于前台
2025-10-21 01:29:34 [TRACE] 正在返回菜单,请保持游戏画面处于前台
2025-10-21 01:29:37 [TRACE] 正在返回菜单,请保持游戏画面处于前台
2025-10-21 01:29:40 [TRACE] 正在返回菜单,请保持游戏画面处于前台
2025-10-21 01:29:43 [TRACE] 正在返回菜单,请保持游戏画面处于前台
2025-10-21 01:29:47 [TRACE] 正在返回菜单,请保持游戏画面处于前台
2025-10-21 01:29:50 [TRACE] 正在返回菜单,请保持游戏画面处于前台
2025-10-21 01:29:53 [TRACE] 正在返回菜单,请保持游戏画面处于前台
2025-10-21 01:29:57 [TRACE] 正在返回菜单,请保持游戏画面处于前台
2025-10-21 01:30:00 [TRACE] 正在返回菜单,请保持游戏画面处于前台
2025-10-21 01:30:03 [TRACE] 正在返回菜单,请保持游戏画面处于前台
2025-10-21 01:30:06 [TRACE] 正在返回菜单,请保持游戏画面处于前台
2025-10-21 01:30:10 [TRACE] 正在返回菜单,请保持游戏画面处于前台
2025-10-21 01:30:13 [TRACE] 正在返回菜单,请保持游戏画面处于前台
2025-10-21 01:30:16 [TRACE] 正在返回菜单,请保持游戏画面处于前台
2025-10-21 01:30:19 [TRACE] 正在返回菜单,请保持游戏画面处于前台
2025-10-21 01:30:23 [TRACE] 正在返回菜单,请保持游戏画面处于前台
2025-10-21 01:30:26 [TRACE] 正在返回菜单,请保持游戏画面处于前台
2025-10-21 01:30:29 [TRACE] 正在返回菜单,请保持游戏画面处于前台
2025-10-21 01:30:32 [TRACE] 正在返回菜单,请保持游戏画面处于前台
2025-10-21 01:30:36 [TRACE] 正在返回菜单,请保持游戏画面处于前台
2025-10-21 01:30:39 [TRACE] 正在返回菜单,请保持游戏画面处于前台
2025-10-21 01:30:42 [TRACE] 正在返回菜单,请保持游戏画面处于前台
2025-10-21 01:30:45 [TRACE] 正在返回菜单,请保持游戏画面处于前台
2025-10-21 01:30:48 [TRACE] 正在返回菜单,请保持游戏画面处于前台
2025-10-21 01:30:52 [TRACE] 正在返回菜单,请保持游戏画面处于前台
2025-10-21 01:30:55 [TRACE] 正在返回菜单,请保持游戏画面处于前台
2025-10-21 01:30:58 [TRACE] 正在返回菜单,请保持游戏画面处于前台
2025-10-21 01:31:02 [TRACE] 正在返回菜单,请保持游戏画面处于前台
2025-10-21 01:31:05 [TRACE] 正在返回菜单,请保持游戏画面处于前台
2025-10-21 01:31:08 [TRACE] 正在返回菜单,请保持游戏画面处于前台
2025-10-21 01:31:11 [TRACE] 正在返回菜单,请保持游戏画面处于前台
2025-10-21 01:31:14 [TRACE] 正在返回菜单,请保持游戏画面处于前台
2025-10-21 01:31:18 [TRACE] 正在返回菜单,请保持游戏画面处于前台
2025-10-21 01:31:21 [TRACE] 正在返回菜单,请保持游戏画面处于前台
2025-10-21 01:31:24 [TRACE] 正在返回菜单,请保持游戏画面处于前台
2025-10-21 01:31:27 [TRACE] 正在返回菜单,请保持游戏画面处于前台
2025-10-21 01:31:31 [TRACE] 正在返回菜单,请保持游戏画面处于前台
2025-10-21 01:31:34 [TRACE] 正在返回菜单,请保持游戏画面处于前台
2025-10-21 01:31:37 [TRACE] 正在返回菜单,请保持游戏画面处于前台
2025-10-21 01:31:41 [TRACE] 正在返回菜单,请保持游戏画面处于前台
2025-10-21 01:31:44 [TRACE] 正在返回菜单,请保持游戏画面处于前台
2025-10-21 01:31:47 [TRACE] 正在返回菜单,请保持游戏画面处于前台
2025-10-21 01:31:50 [TRACE] 正在返回菜单,请保持游戏画面处于前台
2025-10-21 01:31:54 [TRACE] 正在返回菜单,请保持游戏画面处于前台
2025-10-21 01:31:57 [TRACE] 正在返回菜单,请保持游戏画面处于前台
2025-10-21 01:32:00 [TRACE] 正在返回菜单,请保持游戏画面处于前台
2025-10-21 01:32:03 [TRACE] 正在返回菜单,请保持游戏画面处于前台
2025-10-21 01:32:07 [TRACE] 正在返回菜单,请保持游戏画面处于前台
2025-10-21 01:32:10 [TRACE] 正在返回菜单,请保持游戏画面处于前台
2025-10-21 01:32:13 [TRACE] 正在返回菜单,请保持游戏画面处于前台
2025-10-21 01:32:16 [TRACE] 正在返回菜单,请保持游戏画面处于前台
2025-10-21 01:32:20 [TRACE] 正在返回菜单,请保持游戏画面处于前台
2025-10-21 01:32:23 [TRACE] 正在返回菜单,请保持游戏画面处于前台
2025-10-21 01:32:26 [TRACE] 正在返回菜单,请保持游戏画面处于前台
2025-10-21 01:32:29 [TRACE] 正在返回菜单,请保持游戏画面处于前台
2025-10-21 01:32:33 [TRACE] 正在返回菜单,请保持游戏画面处于前台
2025-10-21 01:32:36 [TRACE] 正在返回菜单,请保持游戏画面处于前台
2025-10-21 01:32:39 [TRACE] 正在返回菜单,请保持游戏画面处于前台
2025-10-21 01:32:42 [TRACE] 正在返回菜单,请保持游戏画面处于前台
2025-10-21 01:32:46 [TRACE] 正在返回菜单,请保持游戏画面处于前台
2025-10-21 01:32:49 [TRACE] 正在返回菜单,请保持游戏画面处于前台
2025-10-21 01:32:52 [TRACE] 正在返回菜单,请保持游戏画面处于前台
2025-10-21 01:32:55 [TRACE] 正在返回菜单,请保持游戏画面处于前台
2025-10-21 01:32:59 [TRACE] 正在返回菜单,请保持游戏画面处于前台
2025-10-21 01:33:02 [TRACE] 正在返回菜单,请保持游戏画面处于前台
2025-10-21 01:33:05 [TRACE] 正在返回菜单,请保持游戏画面处于前台
2025-10-21 01:33:09 [TRACE] 正在返回菜单,请保持游戏画面处于前台
2025-10-21 01:33:12 [TRACE] 正在返回菜单,请保持游戏画面处于前台
2025-10-21 01:33:15 [TRACE] 正在返回菜单,请保持游戏画面处于前台
2025-10-21 01:33:18 [TRACE] 正在返回菜单,请保持游戏画面处于前台
2025-10-21 01:33:21 [TRACE] 正在返回菜单,请保持游戏画面处于前台
2025-10-21 01:33:25 [TRACE] 正在返回菜单,请保持游戏画面处于前台
2025-10-21 01:33:28 [TRACE] 正在返回菜单,请保持游戏画面处于前台
2025-10-21 01:33:31 [TRACE] 正在返回菜单,请保持游戏画面处于前台
2025-10-21 01:33:34 [TRACE] 正在返回菜单,请保持游戏画面处于前台
2025-10-21 01:33:38 [TRACE] 正在返回菜单,请保持游戏画面处于前台
2025-10-21 01:33:41 [TRACE] 正在返回菜单,请保持游戏画面处于前台
2025-10-21 01:33:44 [TRACE] 正在返回菜单,请保持游戏画面处于前台
2025-10-21 01:33:47 [TRACE] 正在返回菜单,请保持游戏画面处于前台
2025-10-21 01:33:51 [TRACE] 正在返回菜单,请保持游戏画面处于前台
2025-10-21 01:33:54 [TRACE] 正在返回菜单,请保持游戏画面处于前台
2025-10-21 01:33:57 [TRACE] 正在返回菜单,请保持游戏画面处于前台
2025-10-21 01:34:01 [TRACE] 正在返回菜单,请保持游戏画面处于前台
2025-10-21 01:34:04 [TRACE] 正在返回菜单,请保持游戏画面处于前台
2025-10-21 01:34:07 [TRACE] 正在返回菜单,请保持游戏画面处于前台
2025-10-21 01:34:10 [TRACE] 正在返回菜单,请保持游戏画面处于前台
2025-10-21 01:34:13 [TRACE] 正在返回菜单,请保持游戏画面处于前台
2025-10-21 01:34:17 [TRACE] 正在返回菜单,请保持游戏画面处于前台
2025-10-21 01:34:20 [TRACE] 正在返回菜单,请保持游戏画面处于前台
2025-10-21 01:34:23 [TRACE] 正在返回菜单,请保持游戏画面处于前台
2025-10-21 01:34:26 [TRACE] 正在返回菜单,请保持游戏画面处于前台
2025-10-21 01:34:30 [TRACE] 正在返回菜单,请保持游戏画面处于前台
2025-10-21 01:34:33 [TRACE] 正在返回菜单,请保持游戏画面处于前台
2025-10-21 01:34:36 [TRACE] 正在返回菜单,请保持游戏画面处于前台
2025-10-21 01:34:39 [TRACE] 正在返回菜单,请保持游戏画面处于前台
2025-10-21 01:34:43 [TRACE] 正在返回菜单,请保持游戏画面处于前台
2025-10-21 01:34:46 [TRACE] 正在返回菜单,请保持游戏画面处于前台
2025-10-21 01:34:49 [TRACE] 正在返回菜单,请保持游戏画面处于前台
2025-10-21 01:34:52 [TRACE] 正在返回菜单,请保持游戏画面处于前台
2025-10-21 01:34:56 [TRACE] 正在返回菜单,请保持游戏画面处于前台
2025-10-21 01:34:59 [TRACE] 正在返回菜单,请保持游戏画面处于前台
2025-10-21 01:35:02 [TRACE] 正在返回菜单,请保持游戏画面处于前台
2025-10-21 01:35:06 [TRACE] 正在返回菜单,请保持游戏画面处于前台
2025-10-21 01:35:09 [TRACE] 正在返回菜单,请保持游戏画面处于前台
2025-10-21 01:35:12 [TRACE] 正在返回菜单,请保持游戏画面处于前台
2025-10-21 01:35:15 [TRACE] 正在返回菜单,请保持游戏画面处于前台
2025-10-21 01:35:19 [TRACE] 正在返回菜单,请保持游戏画面处于前台
2025-10-21 01:35:22 [TRACE] 正在返回菜单,请保持游戏画面处于前台
2025-10-21 01:35:25 [TRACE] 正在返回菜单,请保持游戏画面处于前台
2025-10-21 01:35:28 [TRACE] 正在返回菜单,请保持游戏画面处于前台
2025-10-21 01:35:32 [TRACE] 正在返回菜单,请保持游戏画面处于前台
2025-10-21 01:35:35 [TRACE] 正在返回菜单,请保持游戏画面处于前台
2025-10-21 01:35:38 [TRACE] 正在返回菜单,请保持游戏画面处于前台
2025-10-21 01:35:41 [TRACE] 正在返回菜单,请保持游戏画面处于前台
2025-10-21 01:35:45 [TRACE] 正在返回菜单,请保持游戏画面处于前台
2025-10-21 01:35:48 [TRACE] 正在返回菜单,请保持游戏画面处于前台
2025-10-21 01:35:51 [TRACE] 正在返回菜单,请保持游戏画面处于前台
2025-10-21 01:35:54 [TRACE] 正在返回菜单,请保持游戏画面处于前台
2025-10-21 01:35:57 [TRACE] 正在返回菜单,请保持游戏画面处于前台
2025-10-21 01:36:01 [TRACE] 正在返回菜单,请保持游戏画面处于前台
2025-10-21 01:36:04 [TRACE] 正在返回菜单,请保持游戏画面处于前台
2025-10-21 01:36:07 [TRACE] 正在返回菜单,请保持游戏画面处于前台
2025-10-21 01:36:10 [TRACE] 正在返回菜单,请保持游戏画面处于前台
2025-10-21 01:36:14 [TRACE] 正在返回菜单,请保持游戏画面处于前台
2025-10-21 01:36:17 [TRACE] 正在返回菜单,请保持游戏画面处于前台
2025-10-21 01:36:20 [TRACE] 正在返回菜单,请保持游戏画面处于前台
2025-10-21 01:36:24 [TRACE] 正在返回菜单,请保持游戏画面处于前台
2025-10-21 01:36:27 [TRACE] 正在返回菜单,请保持游戏画面处于前台
2025-10-21 01:36:30 [TRACE] 正在返回菜单,请保持游戏画面处于前台
2025-10-21 01:36:33 [TRACE] 正在返回菜单,请保持游戏画面处于前台
2025-10-21 01:36:36 [TRACE] 正在返回菜单,请保持游戏画面处于前台
2025-10-21 01:36:40 [TRACE] 正在返回菜单,请保持游戏画面处于前台
2025-10-21 01:36:43 [TRACE] 正在返回菜单,请保持游戏画面处于前台
2025-10-21 01:36:46 [TRACE] 正在返回菜单,请保持游戏画面处于前台
2025-10-21 01:36:49 [TRACE] 正在返回菜单,请保持游戏画面处于前台
2025-10-21 01:36:53 [TRACE] 正在返回菜单,请保持游戏画面处于前台
2025-10-21 01:36:56 [TRACE] 正在返回菜单,请保持游戏画面处于前台
2025-10-21 01:36:59 [TRACE] 正在返回菜单,请保持游戏画面处于前台
2025-10-21 01:37:03 [TRACE] 正在返回菜单,请保持游戏画面处于前台
2025-10-21 01:37:06 [TRACE] 正在返回菜单,请保持游戏画面处于前台
2025-10-21 01:37:09 [TRACE] 正在返回菜单,请保持游戏画面处于前台
2025-10-21 01:37:12 [TRACE] 正在返回菜单,请保持游戏画面处于前台
2025-10-21 01:37:16 [TRACE] 正在返回菜单,请保持游戏画面处于前台
2025-10-21 01:37:19 [TRACE] 正在返回菜单,请保持游戏画面处于前台
2025-10-21 01:37:22 [TRACE] 正在返回菜单,请保持游戏画面处于前台
2025-10-21 01:37:25 [TRACE] 正在返回菜单,请保持游戏画面处于前台
2025-10-21 01:37:29 [TRACE] 正在返回菜单,请保持游戏画面处于前台
2025-10-21 01:37:32 [TRACE] 正在返回菜单,请保持游戏画面处于前台
2025-10-21 01:37:35 [TRACE] 正在返回菜单,请保持游戏画面处于前台
2025-10-21 01:37:38 [TRACE] 正在返回菜单,请保持游戏画面处于前台
2025-10-21 01:37:42 [TRACE] 正在返回菜单,请保持游戏画面处于前台
2025-10-21 01:37:45 [TRACE] 正在返回菜单,请保持游戏画面处于前台
2025-10-21 01:37:48 [TRACE] 正在返回菜单,请保持游戏画面处于前台
2025-10-21 01:37:51 [TRACE] 正在返回菜单,请保持游戏画面处于前台
2025-10-21 01:37:55 [TRACE] 正在返回菜单,请保持游戏画面处于前台
2025-10-21 01:37:58 [TRACE] 正在返回菜单,请保持游戏画面处于前台
2025-10-21 01:38:01 [TRACE] 正在返回菜单,请保持游戏画面处于前台
2025-10-21 01:38:04 [TRACE] 正在返回菜单,请保持游戏画面处于前台
2025-10-21 01:38:08 [TRACE] 正在返回菜单,请保持游戏画面处于前台
2025-10-21 01:38:11 [TRACE] 正在返回菜单,请保持游戏画面处于前台
2025-10-21 01:38:14 [TRACE] 正在返回菜单,请保持游戏画面处于前台
2025-10-21 01:38:17 [TRACE] 正在返回菜单,请保持游戏画面处于前台
2025-10-21 01:38:21 [TRACE] 正在返回菜单,请保持游戏画面处于前台
2025-10-21 01:38:24 [TRACE] 正在返回菜单,请保持游戏画面处于前台
2025-10-21 01:38:27 [TRACE] 正在返回菜单,请保持游戏画面处于前台
2025-10-21 01:38:30 [TRACE] 正在返回菜单,请保持游戏画面处于前台
2025-10-21 01:38:34 [TRACE] 正在返回菜单,请保持游戏画面处于前台
2025-10-21 01:38:37 [TRACE] 正在返回菜单,请保持游戏画面处于前台
2025-10-21 01:38:40 [TRACE] 正在返回菜单,请保持游戏画面处于前台
2025-10-21 01:38:43 [TRACE] 正在返回菜单,请保持游戏画面处于前台
2025-10-21 01:38:47 [TRACE] 正在返回菜单,请保持游戏画面处于前台
2025-10-21 01:38:50 [TRACE] 正在返回菜单,请保持游戏画面处于前台
2025-10-21 01:38:53 [TRACE] 正在返回菜单,请保持游戏画面处于前台
2025-10-21 01:38:56 [TRACE] 正在返回菜单,请保持游戏画面处于前台
2025-10-21 01:39:00 [TRACE] 正在返回菜单,请保持游戏画面处于前台
2025-10-21 01:39:03 [TRACE] 正在返回菜单,请保持游戏画面处于前台
2025-10-21 01:39:06 [TRACE] 正在返回菜单,请保持游戏画面处于前台
2025-10-21 01:39:09 [TRACE] 正在返回菜单,请保持游戏画面处于前台
2025-10-21 01:39:13 [TRACE] 正在返回菜单,请保持游戏画面处于前台
2025-10-21 01:39:16 [TRACE] 正在返回菜单,请保持游戏画面处于前台
2025-10-21 01:39:19 [TRACE] 正在返回菜单,请保持游戏画面处于前台
2025-10-21 01:39:22 [TRACE] 正在返回菜单,请保持游戏画面处于前台
2025-10-21 01:39:26 [TRACE] 正在返回菜单,请保持游戏画面处于前台
2025-10-21 01:39:29 [TRACE] 正在返回菜单,请保持游戏画面处于前台
2025-10-21 01:39:32 [TRACE] 正在返回菜单,请保持游戏画面处于前台
2025-10-21 01:39:35 [TRACE] 正在返回菜单,请保持游戏画面处于前台
2025-10-21 01:39:38 [TRACE] 正在返回菜单,请保持游戏画面处于前台
2025-10-21 01:39:42 [TRACE] 正在返回菜单,请保持游戏画面处于前台
2025-10-21 01:39:45 [TRACE] 正在返回菜单,请保持游戏画面处于前台
2025-10-21 01:39:48 [TRACE] 正在返回菜单,请保持游戏画面处于前台
2025-10-21 01:39:51 [TRACE] 正在返回菜单,请保持游戏画面处于前台
2025-10-21 01:39:55 [TRACE] 正在返回菜单,请保持游戏画面处于前台
2025-10-21 01:39:58 [TRACE] 正在返回菜单,请保持游戏画面处于前台
2025-10-21 01:40:01 [TRACE] 正在返回菜单,请保持游戏画面处于前台
2025-10-21 01:40:04 [TRACE] 正在返回菜单,请保持游戏画面处于前台
2025-10-21 01:40:08 [TRACE] 正在返回菜单,请保持游戏画面处于前台
2025-10-21 01:40:11 [TRACE] 正在返回菜单,请保持游戏画面处于前台
2025-10-21 01:40:14 [TRACE] 正在返回菜单,请保持游戏画面处于前台
2025-10-21 01:40:17 [TRACE] 正在返回菜单,请保持游戏画面处于前台
2025-10-21 01:40:21 [TRACE] 正在返回菜单,请保持游戏画面处于前台
2025-10-21 01:40:24 [TRACE] 正在返回菜单,请保持游戏画面处于前台
2025-10-21 01:40:27 [TRACE] 正在返回菜单,请保持游戏画面处于前台
2025-10-21 01:40:31 [TRACE] 正在返回菜单,请保持游戏画面处于前台
2025-10-21 01:40:34 [TRACE] 正在返回菜单,请保持游戏画面处于前台
2025-10-21 01:40:37 [TRACE] 正在返回菜单,请保持游戏画面处于前台
2025-10-21 01:40:40 [TRACE] 正在返回菜单,请保持游戏画面处于前台
2025-10-21 01:40:43 [TRACE] 正在返回菜单,请保持游戏画面处于前台
2025-10-21 01:40:47 [TRACE] 正在返回菜单,请保持游戏画面处于前台
2025-10-21 01:40:50 [TRACE] 正在返回菜单,请保持游戏画面处于前台
2025-10-21 01:40:53 [TRACE] 正在返回菜单,请保持游戏画面处于前台
2025-10-21 01:40:56 [TRACE] 正在返回菜单,请保持游戏画面处于前台
2025-10-21 01:41:00 [TRACE] 正在返回菜单,请保持游戏画面处于前台
2025-10-21 01:41:03 [TRACE] 正在返回菜单,请保持游戏画面处于前台
2025-10-21 01:41:06 [TRACE] 正在返回菜单,请保持游戏画面处于前台
2025-10-21 01:41:09 [TRACE] 正在返回菜单,请保持游戏画面处于前台
2025-10-21 01:41:13 [TRACE] 正在返回菜单,请保持游戏画面处于前台
2025-10-21 01:41:16 [TRACE] 正在返回菜单,请保持游戏画面处于前台
2025-10-21 01:41:19 [TRACE] 正在返回菜单,请保持游戏画面处于前台
2025-10-21 01:41:22 [TRACE] 正在返回菜单,请保持游戏画面处于前台
2025-10-21 01:41:26 [TRACE] 正在返回菜单,请保持游戏画面处于前台
2025-10-21 01:41:29 [TRACE] 正在返回菜单,请保持游戏画面处于前台
2025-10-21 01:41:32 [TRACE] 正在返回菜单,请保持游戏画面处于前台
2025-10-21 01:41:36 [TRACE] 正在返回菜单,请保持游戏画面处于前台
2025-10-21 01:41:39 [TRACE] 正在返回菜单,请保持游戏画面处于前台
2025-10-21 01:41:42 [TRACE] 正在返回菜单,请保持游戏画面处于前台
2025-10-21 01:41:45 [TRACE] 正在返回菜单,请保持游戏画面处于前台
2025-10-21 01:41:48 [TRACE] 正在返回菜单,请保持游戏画面处于前台
2025-10-21 01:41:52 [TRACE] 正在返回菜单,请保持游戏画面处于前台
2025-10-21 01:41:55 [TRACE] 正在返回菜单,请保持游戏画面处于前台
2025-10-21 01:41:58 [TRACE] 正在返回菜单,请保持游戏画面处于前台
2025-10-21 01:42:01 [TRACE] 正在返回菜单,请保持游戏画面处于前台
2025-10-21 01:42:05 [TRACE] 正在返回菜单,请保持游戏画面处于前台
2025-10-21 01:42:08 [TRACE] 正在返回菜单,请保持游戏画面处于前台
2025-10-21 01:42:11 [TRACE] 正在返回菜单,请保持游戏画面处于前台
2025-10-21 01:42:14 [TRACE] 正在返回菜单,请保持游戏画面处于前台
2025-10-21 01:42:18 [TRACE] 正在返回菜单,请保持游戏画面处于前台
2025-10-21 01:42:21 [TRACE] 正在返回菜单,请保持游戏画面处于前台
2025-10-21 01:42:24 [TRACE] 正在返回菜单,请保持游戏画面处于前台
2025-10-21 01:42:28 [TRACE] 正在返回菜单,请保持游戏画面处于前台
2025-10-21 01:42:31 [TRACE] 正在返回菜单,请保持游戏画面处于前台
2025-10-21 01:42:34 [TRACE] 正在返回菜单,请保持游戏画面处于前台
2025-10-21 01:42:37 [TRACE] 正在返回菜单,请保持游戏画面处于前台
2025-10-21 01:42:41 [TRACE] 正在返回菜单,请保持游戏画面处于前台
2025-10-21 01:42:44 [TRACE] 正在返回菜单,请保持游戏画面处于前台
2025-10-21 01:42:47 [TRACE] 正在返回菜单,请保持游戏画面处于前台
2025-10-21 01:42:50 [TRACE] 正在返回菜单,请保持游戏画面处于前台
2025-10-21 01:42:54 [TRACE] 正在返回菜单,请保持游戏画面处于前台
2025-10-21 01:42:57 [TRACE] 正在返回菜单,请保持游戏画面处于前台
2025-10-21 01:43:00 [TRACE] 正在返回菜单,请保持游戏画面处于前台
2025-10-21 01:43:03 [TRACE] 正在返回菜单,请保持游戏画面处于前台
2025-10-21 01:43:07 [TRACE] 正在返回菜单,请保持游戏画面处于前台
2025-10-21 01:43:10 [TRACE] 正在返回菜单,请保持游戏画面处于前台
2025-10-21 01:43:13 [TRACE] 正在返回菜单,请保持游戏画面处于前台
2025-10-21 01:43:16 [TRACE] 正在返回菜单,请保持游戏画面处于前台
2025-10-21 01:43:19 [TRACE] 正在返回菜单,请保持游戏画面处于前台
2025-10-21 01:43:23 [TRACE] 正在返回菜单,请保持游戏画面处于前台
2025-10-21 01:43:26 [TRACE] 正在返回菜单,请保持游戏画面处于前台
2025-10-21 01:43:29 [TRACE] 正在返回菜单,请保持游戏画面处于前台
2025-10-21 01:43:32 [TRACE] 正在返回菜单,请保持游戏画面处于前台
2025-10-21 01:43:36 [TRACE] 正在返回菜单,请保持游戏画面处于前台
2025-10-21 01:43:39 [TRACE] 正在返回菜单,请保持游戏画面处于前台
2025-10-21 01:43:42 [TRACE] 正在返回菜单,请保持游戏画面处于前台
2025-10-21 01:43:46 [TRACE] 正在返回菜单,请保持游戏画面处于前台
2025-10-21 01:43:49 [TRACE] 正在返回菜单,请保持游戏画面处于前台
2025-10-21 01:43:52 [TRACE] 正在返回菜单,请保持游戏画面处于前台
2025-10-21 01:43:55 [TRACE] 正在返回菜单,请保持游戏画面处于前台
2025-10-21 01:43:58 [TRACE] 正在返回菜单,请保持游戏画面处于前台
2025-10-21 01:44:02 [TRACE] 正在返回菜单,请保持游戏画面处于前台
2025-10-21 01:44:05 [TRACE] 正在返回菜单,请保持游戏画面处于前台
2025-10-21 01:44:08 [TRACE] 正在返回菜单,请保持游戏画面处于前台
2025-10-21 01:44:11 [TRACE] 正在返回菜单,请保持游戏画面处于前台
2025-10-21 01:44:15 [TRACE] 正在返回菜单,请保持游戏画面处于前台
2025-10-21 01:44:18 [TRACE] 正在返回菜单,请保持游戏画面处于前台
2025-10-21 01:44:21 [TRACE] 正在返回菜单,请保持游戏画面处于前台
2025-10-21 01:44:25 [TRACE] 正在返回菜单,请保持游戏画面处于前台
2025-10-21 01:44:28 [TRACE] 正在返回菜单,请保持游戏画面处于前台
2025-10-21 01:44:31 [TRACE] 正在返回菜单,请保持游戏画面处于前台
2025-10-21 01:44:34 [TRACE] 正在返回菜单,请保持游戏画面处于前台
2025-10-21 01:44:38 [TRACE] 正在返回菜单,请保持游戏画面处于前台
2025-10-21 01:44:41 [TRACE] 正在返回菜单,请保持游戏画面处于前台
2025-10-21 01:44:44 [TRACE] 正在返回菜单,请保持游戏画面处于前台
2025-10-21 01:44:47 [TRACE] 正在返回菜单,请保持游戏画面处于前台
2025-10-21 01:44:51 [TRACE] 正在返回菜单,请保持游戏画面处于前台
2025-10-21 01:44:54 [TRACE] 正在返回菜单,请保持游戏画面处于前台
2025-10-21 01:44:57 [TRACE] 正在返回菜单,请保持游戏画面处于前台
2025-10-21 01:45:00 [TRACE] 正在返回菜单,请保持游戏画面处于前台
2025-10-21 01:45:03 [TRACE] 正在返回菜单,请保持游戏画面处于前台
2025-10-21 01:45:07 [TRACE] 正在返回菜单,请保持游戏画面处于前台
2025-10-21 01:45:10 [TRACE] 正在返回菜单,请保持游戏画面处于前台
2025-10-21 01:45:13 [TRACE] 正在返回菜单,请保持游戏画面处于前台
2025-10-21 01:45:16 [TRACE] 正在返回菜单,请保持游戏画面处于前台
2025-10-21 01:45:20 [TRACE] 正在返回菜单,请保持游戏画面处于前台
2025-10-21 01:45:23 [TRACE] 正在返回菜单,请保持游戏画面处于前台
2025-10-21 01:45:26 [TRACE] 正在返回菜单,请保持游戏画面处于前台
2025-10-21 01:45:29 [TRACE] 正在返回菜单,请保持游戏画面处于前台
2025-10-21 01:45:33 [TRACE] 正在返回菜单,请保持游戏画面处于前台
2025-10-21 01:45:36 [TRACE] 正在返回菜单,请保持游戏画面处于前台
2025-10-21 01:45:39 [TRACE] 正在返回菜单,请保持游戏画面处于前台
2025-10-21 01:45:42 [TRACE] 正在返回菜单,请保持游戏画面处于前台
2025-10-21 01:45:46 [TRACE] 正在返回菜单,请保持游戏画面处于前台
2025-10-21 01:45:49 [TRACE] 正在返回菜单,请保持游戏画面处于前台
2025-10-21 01:45:52 [TRACE] 正在返回菜单,请保持游戏画面处于前台
2025-10-21 01:45:55 [TRACE] 正在返回菜单,请保持游戏画面处于前台
2025-10-21 01:45:59 [TRACE] 正在返回菜单,请保持游戏画面处于前台
2025-10-21 01:46:02 [TRACE] 正在返回菜单,请保持游戏画面处于前台
2025-10-21 01:46:05 [TRACE] 正在返回菜单,请保持游戏画面处于前台
2025-10-21 01:46:08 [TRACE] 正在返回菜单,请保持游戏画面处于前台
2025-10-21 01:46:12 [TRACE] 正在返回菜单,请保持游戏画面处于前台
2025-10-21 01:46:15 [TRACE] 正在返回菜单,请保持游戏画面处于前台
2025-10-21 01:46:18 [TRACE] 正在返回菜单,请保持游戏画面处于前台
2025-10-21 01:46:22 [TRACE] 正在返回菜单,请保持游戏画面处于前台
2025-10-21 01:46:25 [TRACE] 正在返回菜单,请保持游戏画面处于前台
2025-10-21 01:46:28 [TRACE] 正在返回菜单,请保持游戏画面处于前台
2025-10-21 01:46:31 [TRACE] 正在返回菜单,请保持游戏画面处于前台
2025-10-21 01:46:34 [TRACE] 正在返回菜单,请保持游戏画面处于前台
2025-10-21 01:46:38 [TRACE] 正在返回菜单,请保持游戏画面处于前台
2025-10-21 01:46:41 [TRACE] 正在返回菜单,请保持游戏画面处于前台
2025-10-21 01:46:44 [TRACE] 正在返回菜单,请保持游戏画面处于前台
2025-10-21 01:46:47 [TRACE] 正在返回菜单,请保持游戏画面处于前台
2025-10-21 01:46:51 [TRACE] 正在返回菜单,请保持游戏画面处于前台
2025-10-21 01:46:54 [TRACE] 正在返回菜单,请保持游戏画面处于前台
2025-10-21 01:46:57 [TRACE] 正在返回菜单,请保持游戏画面处于前台
2025-10-21 01:47:00 [TRACE] 正在返回菜单,请保持游戏画面处于前台
2025-10-21 01:47:04 [TRACE] 正在返回菜单,请保持游戏画面处于前台
2025-10-21 01:47:07 [TRACE] 正在返回菜单,请保持游戏画面处于前台
2025-10-21 01:47:10 [TRACE] 正在返回菜单,请保持游戏画面处于前台
2025-10-21 01:47:13 [TRACE] 正在返回菜单,请保持游戏画面处于前台
2025-10-21 01:47:17 [TRACE] 正在返回菜单,请保持游戏画面处于前台
2025-10-21 01:47:20 [TRACE] 正在返回菜单,请保持游戏画面处于前台
2025-10-21 01:47:23 [TRACE] 正在返回菜单,请保持游戏画面处于前台
2025-10-21 01:47:26 [TRACE] 正在返回菜单,请保持游戏画面处于前台
2025-10-21 01:47:30 [TRACE] 正在返回菜单,请保持游戏画面处于前台
2025-10-21 01:47:33 [TRACE] 正在返回菜单,请保持游戏画面处于前台
2025-10-21 01:47:36 [TRACE] 正在返回菜单,请保持游戏画面处于前台
2025-10-21 01:47:40 [TRACE] 正在返回菜单,请保持游戏画面处于前台
2025-10-21 01:47:43 [TRACE] 正在返回菜单,请保持游戏画面处于前台
2025-10-21 01:47:46 [TRACE] 正在返回菜单,请保持游戏画面处于前台
2025-10-21 01:47:49 [TRACE] 正在返回菜单,请保持游戏画面处于前台
2025-10-21 01:47:52 [TRACE] 正在返回菜单,请保持游戏画面处于前台
2025-10-21 01:47:56 [TRACE] 正在返回菜单,请保持游戏画面处于前台
2025-10-21 01:47:59 [TRACE] 正在返回菜单,请保持游戏画面处于前台
2025-10-21 01:48:02 [TRACE] 正在返回菜单,请保持游戏画面处于前台
2025-10-21 01:48:05 [TRACE] 正在返回菜单,请保持游戏画面处于前台
2025-10-21 01:48:09 [TRACE] 正在返回菜单,请保持游戏画面处于前台
2025-10-21 01:48:12 [TRACE] 正在返回菜单,请保持游戏画面处于前台
2025-10-21 01:48:15 [TRACE] 正在返回菜单,请保持游戏画面处于前台
2025-10-21 01:48:18 [TRACE] 正在返回菜单,请保持游戏画面处于前台
2025-10-21 01:48:22 [TRACE] 正在返回菜单,请保持游戏画面处于前台
2025-10-21 01:48:25 [TRACE] 正在返回菜单,请保持游戏画面处于前台
2025-10-21 01:48:28 [TRACE] 正在返回菜单,请保持游戏画面处于前台
2025-10-21 01:48:31 [TRACE] 正在返回菜单,请保持游戏画面处于前台
2025-10-21 01:48:35 [TRACE] 正在返回菜单,请保持游戏画面处于前台
2025-10-21 01:48:38 [TRACE] 正在返回菜单,请保持游戏画面处于前台
2025-10-21 01:48:41 [TRACE] 正在返回菜单,请保持游戏画面处于前台
2025-10-21 01:48:44 [TRACE] 正在返回菜单,请保持游戏画面处于前台
2025-10-21 01:48:48 [TRACE] 正在返回菜单,请保持游戏画面处于前台
2025-10-21 01:48:51 [TRACE] 正在返回菜单,请保持游戏画面处于前台
2025-10-21 01:48:54 [TRACE] 正在返回菜单,请保持游戏画面处于前台
2025-10-21 01:48:57 [TRACE] 正在返回菜单,请保持游戏画面处于前台
2025-10-21 01:49:01 [TRACE] 正在返回菜单,请保持游戏画面处于前台
2025-10-21 01:49:04 [TRACE] 正在返回菜单,请保持游戏画面处于前台
2025-10-21 01:49:07 [TRACE] 正在返回菜单,请保持游戏画面处于前台
2025-10-21 01:49:10 [TRACE] 正在返回菜单,请保持游戏画面处于前台
2025-10-21 01:49:14 [TRACE] 正在返回菜单,请保持游戏画面处于前台
2025-10-21 01:49:17 [TRACE] 正在返回菜单,请保持游戏画面处于前台
2025-10-21 01:49:20 [TRACE] 正在返回菜单,请保持游戏画面处于前台
2025-10-21 01:49:23 [TRACE] 正在返回菜单,请保持游戏画面处于前台
2025-10-21 01:49:27 [TRACE] 正在返回菜单,请保持游戏画面处于前台
2025-10-21 01:49:30 [TRACE] 正在返回菜单,请保持游戏画面处于前台
2025-10-21 01:49:33 [TRACE] 正在返回菜单,请保持游戏画面处于前台
2025-10-21 01:49:37 [TRACE] 正在返回菜单,请保持游戏画面处于前台
2025-10-21 01:49:40 [TRACE] 正在返回菜单,请保持游戏画面处于前台
2025-10-21 01:49:43 [TRACE] 正在返回菜单,请保持游戏画面处于前台
2025-10-21 01:49:46 [TRACE] 正在返回菜单,请保持游戏画面处于前台
2025-10-21 01:49:50 [TRACE] 正在返回菜单,请保持游戏画面处于前台
2025-10-21 01:49:53 [TRACE] 正在返回菜单,请保持游戏画面处于前台
2025-10-21 01:49:56 [TRACE] 正在返回菜单,请保持游戏画面处于前台
2025-10-21 01:49:59 [TRACE] 正在返回菜单,请保持游戏画面处于前台
2025-10-21 01:50:03 [TRACE] 正在返回菜单,请保持游戏画面处于前台
2025-10-21 01:50:06 [TRACE] 正在返回菜单,请保持游戏画面处于前台
2025-10-21 01:50:09 [TRACE] 正在返回菜单,请保持游戏画面处于前台
2025-10-21 01:50:12 [TRACE] 正在返回菜单,请保持游戏画面处于前台
2025-10-21 01:50:16 [TRACE] 正在返回菜单,请保持游戏画面处于前台
2025-10-21 01:50:19 [TRACE] 正在返回菜单,请保持游戏画面处于前台
2025-10-21 01:50:22 [TRACE] 正在返回菜单,请保持游戏画面处于前台
2025-10-21 01:50:25 [TRACE] 正在返回菜单,请保持游戏画面处于前台
2025-10-21 01:50:29 [TRACE] 正在返回菜单,请保持游戏画面处于前台
2025-10-21 01:50:32 [TRACE] 正在返回菜单,请保持游戏画面处于前台
2025-10-21 01:50:35 [TRACE] 正在返回菜单,请保持游戏画面处于前台
2025-10-21 01:50:38 [TRACE] 正在返回菜单,请保持游戏画面处于前台
2025-10-21 01:50:42 [TRACE] 正在返回菜单,请保持游戏画面处于前台
2025-10-21 01:50:45 [TRACE] 正在返回菜单,请保持游戏画面处于前台
2025-10-21 01:50:48 [TRACE] 正在返回菜单,请保持游戏画面处于前台
2025-10-21 01:50:51 [TRACE] 正在返回菜单,请保持游戏画面处于前台
2025-10-21 01:50:55 [TRACE] 正在返回菜单,请保持游戏画面处于前台
2025-10-21 01:50:58 [TRACE] 正在返回菜单,请保持游戏画面处于前台
2025-10-21 01:51:01 [TRACE] 正在返回菜单,请保持游戏画面处于前台
2025-10-21 01:51:04 [TRACE] 正在返回菜单,请保持游戏画面处于前台
2025-10-21 01:51:08 [TRACE] 正在返回菜单,请保持游戏画面处于前台
2025-10-21 01:51:11 [TRACE] 正在返回菜单,请保持游戏画面处于前台
2025-10-21 01:51:14 [TRACE] 正在返回菜单,请保持游戏画面处于前台
2025-10-21 01:51:17 [TRACE] 正在返回菜单,请保持游戏画面处于前台
2025-10-21 01:51:21 [TRACE] 正在返回菜单,请保持游戏画面处于前台
2025-10-21 01:51:24 [TRACE] 正在返回菜单,请保持游戏画面处于前台
2025-10-21 01:51:27 [TRACE] 正在返回菜单,请保持游戏画面处于前台
2025-10-21 01:51:30 [TRACE] 正在返回菜单,请保持游戏画面处于前台
2025-10-21 01:51:34 [TRACE] 正在返回菜单,请保持游戏画面处于前台
2025-10-21 01:51:37 [TRACE] 正在返回菜单,请保持游戏画面处于前台
2025-10-21 01:51:40 [TRACE] 正在返回菜单,请保持游戏画面处于前台
2025-10-21 01:51:43 [TRACE] 正在返回菜单,请保持游戏画面处于前台
2025-10-21 01:51:47 [TRACE] 正在返回菜单,请保持游戏画面处于前台
2025-10-21 01:51:50 [TRACE] 正在返回菜单,请保持游戏画面处于前台
2025-10-21 01:51:53 [TRACE] 正在返回菜单,请保持游戏画面处于前台
2025-10-21 01:51:56 [TRACE] 正在返回菜单,请保持游戏画面处于前台
2025-10-21 01:52:00 [TRACE] 正在返回菜单,请保持游戏画面处于前台
2025-10-21 01:52:03 [TRACE] 正在返回菜单,请保持游戏画面处于前台
2025-10-21 01:52:06 [TRACE] 正在返回菜单,请保持游戏画面处于前台
2025-10-21 01:52:09 [TRACE] 正在返回菜单,请保持游戏画面处于前台
2025-10-21 01:52:13 [TRACE] 正在返回菜单,请保持游戏画面处于前台
2025-10-21 01:52:16 [TRACE] 正在返回菜单,请保持游戏画面处于前台
2025-10-21 01:52:19 [TRACE] 正在返回菜单,请保持游戏画面处于前台
2025-10-21 01:52:22 [TRACE] 正在返回菜单,请保持游戏画面处于前台
2025-10-21 01:52:26 [TRACE] 正在返回菜单,请保持游戏画面处于前台
2025-10-21 01:52:29 [TRACE] 正在返回菜单,请保持游戏画面处于前台
2025-10-21 01:52:32 [TRACE] 正在返回菜单,请保持游戏画面处于前台
2025-10-21 01:52:35 [TRACE] 正在返回菜单,请保持游戏画面处于前台
2025-10-21 01:52:39 [TRACE] 正在返回菜单,请保持游戏画面处于前台
2025-10-21 01:52:42 [TRACE] 正在返回菜单,请保持游戏画面处于前台
2025-10-21 01:52:45 [TRACE] 正在返回菜单,请保持游戏画面处于前台
2025-10-21 01:52:48 [TRACE] 正在返回菜单,请保持游戏画面处于前台
2025-10-21 01:52:52 [TRACE] 正在返回菜单,请保持游戏画面处于前台
2025-10-21 01:52:55 [TRACE] 正在返回菜单,请保持游戏画面处于前台
2025-10-21 01:52:58 [TRACE] 正在返回菜单,请保持游戏画面处于前台
2025-10-21 01:53:01 [TRACE] 正在返回菜单,请保持游戏画面处于前台
2025-10-21 01:53:05 [TRACE] 正在返回菜单,请保持游戏画面处于前台
2025-10-21 01:53:08 [TRACE] 正在返回菜单,请保持游戏画面处于前台
2025-10-21 01:53:11 [TRACE] 正在返回菜单,请保持游戏画面处于前台
2025-10-21 01:53:14 [TRACE] 正在返回菜单,请保持游戏画面处于前台
2025-10-21 01:53:18 [TRACE] 正在返回菜单,请保持游戏画面处于前台
2025-10-21 01:53:21 [TRACE] 正在返回菜单,请保持游戏画面处于前台
2025-10-21 01:53:24 [TRACE] 正在返回菜单,请保持游戏画面处于前台
2025-10-21 01:53:27 [TRACE] 正在返回菜单,请保持游戏画面处于前台
2025-10-21 01:53:31 [TRACE] 正在返回菜单,请保持游戏画面处于前台
2025-10-21 01:53:34 [TRACE] 正在返回菜单,请保持游戏画面处于前台
2025-10-21 01:53:37 [TRACE] 正在返回菜单,请保持游戏画面处于前台
2025-10-21 01:53:40 [TRACE] 正在返回菜单,请保持游戏画面处于前台
2025-10-21 01:53:44 [TRACE] 正在返回菜单,请保持游戏画面处于前台
2025-10-21 01:53:47 [TRACE] 正在返回菜单,请保持游戏画面处于前台
2025-10-21 01:53:50 [TRACE] 正在返回菜单,请保持游戏画面处于前台
2025-10-21 01:53:53 [TRACE] 正在返回菜单,请保持游戏画面处于前台
2025-10-21 01:53:57 [TRACE] 正在返回菜单,请保持游戏画面处于前台
2025-10-21 01:54:00 [TRACE] 正在返回菜单,请保持游戏画面处于前台
2025-10-21 01:54:03 [TRACE] 正在返回菜单,请保持游戏画面处于前台
2025-10-21 01:54:06 [TRACE] 正在返回菜单,请保持游戏画面处于前台
2025-10-21 01:54:10 [TRACE] 正在返回菜单,请保持游戏画面处于前台
2025-10-21 01:54:13 [TRACE] 正在返回菜单,请保持游戏画面处于前台
2025-10-21 01:54:16 [TRACE] 正在返回菜单,请保持游戏画面处于前台
2025-10-21 01:54:19 [TRACE] 正在返回菜单,请保持游戏画面处于前台
2025-10-21 01:54:23 [TRACE] 正在返回菜单,请保持游戏画面处于前台
2025-10-21 01:54:26 [TRACE] 正在返回菜单,请保持游戏画面处于前台
2025-10-21 01:54:29 [TRACE] 正在返回菜单,请保持游戏画面处于前台
2025-10-21 01:54:32 [TRACE] 正在返回菜单,请保持游戏画面处于前台
2025-10-21 01:54:36 [TRACE] 正在返回菜单,请保持游戏画面处于前台
2025-10-21 01:54:39 [TRACE] 正在返回菜单,请保持游戏画面处于前台
2025-10-21 01:54:42 [TRACE] 正在返回菜单,请保持游戏画面处于前台
2025-10-21 01:54:45 [TRACE] 正在返回菜单,请保持游戏画面处于前台
2025-10-21 01:54:48 [TRACE] 正在返回菜单,请保持游戏画面处于前台
2025-10-21 01:54:52 [TRACE] 正在返回菜单,请保持游戏画面处于前台
2025-10-21 01:54:55 [TRACE] 正在返回菜单,请保持游戏画面处于前台
2025-10-21 01:54:59 [TRACE] 正在返回菜单,请保持游戏画面处于前台
2025-10-21 01:55:02 [TRACE] 正在返回菜单,请保持游戏画面处于前台
2025-10-21 01:55:05 [TRACE] 正在返回菜单,请保持游戏画面处于前台
2025-10-21 01:55:08 [TRACE] 正在返回菜单,请保持游戏画面处于前台
2025-10-21 01:55:12 [TRACE] 正在返回菜单,请保持游戏画面处于前台
2025-10-21 01:55:15 [TRACE] 正在返回菜单,请保持游戏画面处于前台
2025-10-21 01:55:18 [TRACE] 正在返回菜单,请保持游戏画面处于前台
2025-10-21 01:55:21 [TRACE] 正在返回菜单,请保持游戏画面处于前台
2025-10-21 01:55:24 [TRACE] 正在返回菜单,请保持游戏画面处于前台
2025-10-21 01:55:28 [TRACE] 正在返回菜单,请保持游戏画面处于前台
2025-10-21 01:55:31 [TRACE] 正在返回菜单,请保持游戏画面处于前台
2025-10-21 01:55:34 [TRACE] 正在返回菜单,请保持游戏画面处于前台
2025-10-21 01:55:37 [TRACE] 正在返回菜单,请保持游戏画面处于前台
2025-10-21 01:55:41 [TRACE] 正在返回菜单,请保持游戏画面处于前台
2025-10-21 01:55:44 [TRACE] 正在返回菜单,请保持游戏画面处于前台
2025-10-21 01:55:47 [TRACE] 正在返回菜单,请保持游戏画面处于前台
2025-10-21 01:55:50 [TRACE] 正在返回菜单,请保持游戏画面处于前台
2025-10-21 01:55:54 [TRACE] 正在返回菜单,请保持游戏画面处于前台
2025-10-21 01:55:57 [TRACE] 正在返回菜单,请保持游戏画面处于前台
2025-10-21 01:56:00 [TRACE] 正在返回菜单,请保持游戏画面处于前台
2025-10-21 01:56:03 [TRACE] 正在返回菜单,请保持游戏画面处于前台
2025-10-21 01:56:07 [TRACE] 正在返回菜单,请保持游戏画面处于前台
2025-10-21 01:56:10 [TRACE] 正在返回菜单,请保持游戏画面处于前台
2025-10-21 01:56:13 [TRACE] 正在返回菜单,请保持游戏画面处于前台
2025-10-21 01:56:17 [TRACE] 正在返回菜单,请保持游戏画面处于前台
2025-10-21 01:56:20 [TRACE] 正在返回菜单,请保持游戏画面处于前台
2025-10-21 01:56:23 [TRACE] 正在返回菜单,请保持游戏画面处于前台
2025-10-21 01:56:26 [TRACE] 正在返回菜单,请保持游戏画面处于前台
2025-10-21 01:56:30 [TRACE] 正在返回菜单,请保持游戏画面处于前台
2025-10-21 01:56:33 [TRACE] 正在返回菜单,请保持游戏画面处于前台
2025-10-21 01:56:36 [TRACE] 正在返回菜单,请保持游戏画面处于前台
2025-10-21 01:56:39 [TRACE] 正在返回菜单,请保持游戏画面处于前台
2025-10-21 01:56:43 [TRACE] 正在返回菜单,请保持游戏画面处于前台
2025-10-21 01:56:46 [TRACE] 正在返回菜单,请保持游戏画面处于前台
2025-10-21 01:56:49 [TRACE] 正在返回菜单,请保持游戏画面处于前台
2025-10-21 01:56:52 [TRACE] 正在返回菜单,请保持游戏画面处于前台
2025-10-21 01:56:56 [TRACE] 正在返回菜单,请保持游戏画面处于前台
2025-10-21 01:56:59 [TRACE] 正在返回菜单,请保持游戏画面处于前台
2025-10-21 01:57:02 [TRACE] 正在返回菜单,请保持游戏画面处于前台
2025-10-21 01:57:05 [TRACE] 正在返回菜单,请保持游戏画面处于前台
2025-10-21 01:57:09 [TRACE] 正在返回菜单,请保持游戏画面处于前台
2025-10-21 01:57:12 [TRACE] 正在返回菜单,请保持游戏画面处于前台
2025-10-21 01:57:15 [TRACE] 正在返回菜单,请保持游戏画面处于前台
2025-10-21 01:57:18 [TRACE] 正在返回菜单,请保持游戏画面处于前台
2025-10-21 01:57:22 [TRACE] 正在返回菜单,请保持游戏画面处于前台
2025-10-21 01:57:25 [TRACE] 正在返回菜单,请保持游戏画面处于前台
2025-10-21 01:57:28 [TRACE] 正在返回菜单,请保持游戏画面处于前台
2025-10-21 01:57:31 [TRACE] 正在返回菜单,请保持游戏画面处于前台
2025-10-21 01:57:35 [TRACE] 正在返回菜单,请保持游戏画面处于前台
2025-10-21 01:57:38 [TRACE] 正在返回菜单,请保持游戏画面处于前台
2025-10-21 01:57:41 [TRACE] 正在返回菜单,请保持游戏画面处于前台
2025-10-21 01:57:44 [TRACE] 正在返回菜单,请保持游戏画面处于前台
2025-10-21 01:57:47 [TRACE] 正在返回菜单,请保持游戏画面处于前台
2025-10-21 01:57:51 [TRACE] 正在返回菜单,请保持游戏画面处于前台
2025-10-21 01:57:54 [TRACE] 正在返回菜单,请保持游戏画面处于前台
2025-10-21 01:57:57 [TRACE] 正在返回菜单,请保持游戏画面处于前台
2025-10-21 01:58:00 [TRACE] 正在返回菜单,请保持游戏画面处于前台
2025-10-21 01:58:04 [TRACE] 正在返回菜单,请保持游戏画面处于前台
2025-10-21 01:58:07 [TRACE] 正在返回菜单,请保持游戏画面处于前台
2025-10-21 01:58:11 [TRACE] 正在返回菜单,请保持游戏画面处于前台
2025-10-21 01:58:14 [TRACE] 正在返回菜单,请保持游戏画面处于前台
2025-10-21 01:58:17 [TRACE] 正在返回菜单,请保持游戏画面处于前台
2025-10-21 01:58:20 [TRACE] 正在返回菜单,请保持游戏画面处于前台
2025-10-21 01:58:24 [TRACE] 正在返回菜单,请保持游戏画面处于前台
2025-10-21 01:58:27 [TRACE] 正在返回菜单,请保持游戏画面处于前台
2025-10-21 01:58:30 [TRACE] 正在返回菜单,请保持游戏画面处于前台
2025-10-21 01:58:33 [TRACE] 正在返回菜单,请保持游戏画面处于前台
2025-10-21 01:58:36 [TRACE] 正在返回菜单,请保持游戏画面处于前台
2025-10-21 01:58:40 [TRACE] 正在返回菜单,请保持游戏画面处于前台
2025-10-21 01:58:43 [TRACE] 正在返回菜单,请保持游戏画面处于前台
2025-10-21 01:58:46 [TRACE] 正在返回菜单,请保持游戏画面处于前台
2025-10-21 01:58:49 [TRACE] 正在返回菜单,请保持游戏画面处于前台
2025-10-21 01:58:53 [TRACE] 正在返回菜单,请保持游戏画面处于前台
2025-10-21 01:58:56 [TRACE] 正在返回菜单,请保持游戏画面处于前台
2025-10-21 01:58:59 [TRACE] 正在返回菜单,请保持游戏画面处于前台
2025-10-21 01:59:02 [TRACE] 正在返回菜单,请保持游戏画面处于前台
2025-10-21 01:59:06 [TRACE] 正在返回菜单,请保持游戏画面处于前台
2025-10-21 01:59:09 [TRACE] 正在返回菜单,请保持游戏画面处于前台
2025-10-21 01:59:12 [TRACE] 正在返回菜单,请保持游戏画面处于前台
2025-10-21 01:59:15 [TRACE] 正在返回菜单,请保持游戏画面处于前台
2025-10-21 01:59:19 [TRACE] 正在返回菜单,请保持游戏画面处于前台
2025-10-21 01:59:22 [TRACE] 正在返回菜单,请保持游戏画面处于前台
2025-10-21 01:59:25 [TRACE] 正在返回菜单,请保持游戏画面处于前台
2025-10-21 01:59:29 [TRACE] 正在返回菜单,请保持游戏画面处于前台
2025-10-21 01:59:32 [TRACE] 正在返回菜单,请保持游戏画面处于前台
2025-10-21 01:59:35 [TRACE] 正在返回菜单,请保持游戏画面处于前台
2025-10-21 01:59:38 [TRACE] 正在返回菜单,请保持游戏画面处于前台
2025-10-21 01:59:42 [TRACE] 正在返回菜单,请保持游戏画面处于前台
2025-10-21 01:59:45 [TRACE] 正在返回菜单,请保持游戏画面处于前台
2025-10-21 01:59:48 [TRACE] 正在返回菜单,请保持游戏画面处于前台
2025-10-21 01:59:51 [TRACE] 正在返回菜单,请保持游戏画面处于前台
2025-10-21 01:59:55 [TRACE] 正在返回菜单,请保持游戏画面处于前台
2025-10-21 01:59:58 [TRACE] 正在返回菜单,请保持游戏画面处于前台
2025-10-21 02:00:01 [TRACE] 正在返回菜单,请保持游戏画面处于前台
2025-10-21 02:00:04 [TRACE] 正在返回菜单,请保持游戏画面处于前台
2025-10-21 02:00:08 [TRACE] 正在返回菜单,请保持游戏画面处于前台
2025-10-21 02:00:11 [TRACE] 正在返回菜单,请保持游戏画面处于前台
2025-10-21 02:00:14 [TRACE] 正在返回菜单,请保持游戏画面处于前台
2025-10-21 02:00:17 [TRACE] 正在返回菜单,请保持游戏画面处于前台
2025-10-21 02:00:21 [TRACE] 正在返回菜单,请保持游戏画面处于前台
2025-10-21 02:00:24 [TRACE] 正在返回菜单,请保持游戏画面处于前台
2025-10-21 02:00:27 [TRACE] 正在返回菜单,请保持游戏画面处于前台
2025-10-21 02:00:30 [TRACE] 正在返回菜单,请保持游戏画面处于前台
2025-10-21 02:00:34 [TRACE] 正在返回菜单,请保持游戏画面处于前台
2025-10-21 02:00:37 [TRACE] 正在返回菜单,请保持游戏画面处于前台
2025-10-21 02:00:40 [TRACE] 正在返回菜单,请保持游戏画面处于前台
2025-10-21 02:00:43 [TRACE] 正在返回菜单,请保持游戏画面处于前台
2025-10-21 02:00:47 [TRACE] 正在返回菜单,请保持游戏画面处于前台
2025-10-21 02:00:50 [TRACE] 正在返回菜单,请保持游戏画面处于前台
2025-10-21 02:00:53 [TRACE] 正在返回菜单,请保持游戏画面处于前台
2025-10-21 02:00:56 [TRACE] 正在返回菜单,请保持游戏画面处于前台
2025-10-21 02:01:00 [TRACE] 正在返回菜单,请保持游戏画面处于前台
2025-10-21 02:01:03 [TRACE] 正在返回菜单,请保持游戏画面处于前台
2025-10-21 02:01:06 [TRACE] 正在返回菜单,请保持游戏画面处于前台
2025-10-21 02:01:09 [TRACE] 正在返回菜单,请保持游戏画面处于前台
2025-10-21 02:01:12 [TRACE] 正在返回菜单,请保持游戏画面处于前台
2025-10-21 02:01:16 [TRACE] 正在返回菜单,请保持游戏画面处于前台
2025-10-21 02:01:19 [TRACE] 正在返回菜单,请保持游戏画面处于前台
2025-10-21 02:01:22 [TRACE] 正在返回菜单,请保持游戏画面处于前台
2025-10-21 02:01:26 [TRACE] 正在返回菜单,请保持游戏画面处于前台
2025-10-21 02:01:29 [TRACE] 正在返回菜单,请保持游戏画面处于前台
2025-10-21 02:01:32 [TRACE] 正在返回菜单,请保持游戏画面处于前台
2025-10-21 02:01:35 [TRACE] 正在返回菜单,请保持游戏画面处于前台
2025-10-21 02:01:39 [TRACE] 正在返回菜单,请保持游戏画面处于前台
2025-10-21 02:01:42 [TRACE] 正在返回菜单,请保持游戏画面处于前台
2025-10-21 02:01:45 [TRACE] 正在返回菜单,请保持游戏画面处于前台
2025-10-21 02:01:48 [TRACE] 正在返回菜单,请保持游戏画面处于前台
2025-10-21 02:01:51 [TRACE] 正在返回菜单,请保持游戏画面处于前台
2025-10-21 02:01:55 [TRACE] 正在返回菜单,请保持游戏画面处于前台
2025-10-21 02:01:58 [TRACE] 正在返回菜单,请保持游戏画面处于前台
2025-10-21 02:02:01 [TRACE] 正在返回菜单,请保持游戏画面处于前台
2025-10-21 02:02:04 [TRACE] 正在返回菜单,请保持游戏画面处于前台
2025-10-21 02:02:08 [TRACE] 正在返回菜单,请保持游戏画面处于前台
2025-10-21 02:02:11 [TRACE] 正在返回菜单,请保持游戏画面处于前台
2025-10-21 02:02:14 [TRACE] 正在返回菜单,请保持游戏画面处于前台
2025-10-21 02:02:17 [TRACE] 正在返回菜单,请保持游戏画面处于前台
2025-10-21 02:02:21 [TRACE] 正在返回菜单,请保持游戏画面处于前台
2025-10-21 02:02:24 [TRACE] 正在返回菜单,请保持游戏画面处于前台
2025-10-21 02:02:27 [TRACE] 正在返回菜单,请保持游戏画面处于前台
2025-10-21 02:02:30 [TRACE] 正在返回菜单,请保持游戏画面处于前台
2025-10-21 02:02:34 [TRACE] 正在返回菜单,请保持游戏画面处于前台
2025-10-21 02:02:37 [TRACE] 正在返回菜单,请保持游戏画面处于前台
2025-10-21 02:02:40 [TRACE] 正在返回菜单,请保持游戏画面处于前台
2025-10-21 02:02:43 [TRACE] 正在返回菜单,请保持游戏画面处于前台
2025-10-21 02:02:47 [TRACE] 正在返回菜单,请保持游戏画面处于前台
2025-10-21 02:02:50 [TRACE] 正在返回菜单,请保持游戏画面处于前台
2025-10-21 02:02:53 [TRACE] 正在返回菜单,请保持游戏画面处于前台
2025-10-21 02:02:56 [TRACE] 正在返回菜单,请保持游戏画面处于前台
2025-10-21 02:03:00 [TRACE] 正在返回菜单,请保持游戏画面处于前台
2025-10-21 02:03:03 [TRACE] 正在返回菜单,请保持游戏画面处于前台
2025-10-21 02:03:06 [TRACE] 正在返回菜单,请保持游戏画面处于前台
2025-10-21 02:03:09 [TRACE] 正在返回菜单,请保持游戏画面处于前台
2025-10-21 02:03:12 [TRACE] 正在返回菜单,请保持游戏画面处于前台
2025-10-21 02:03:16 [TRACE] 正在返回菜单,请保持游戏画面处于前台
2025-10-21 02:03:19 [TRACE] 正在返回菜单,请保持游戏画面处于前台
2025-10-21 02:03:22 [TRACE] 正在返回菜单,请保持游戏画面处于前台
2025-10-21 02:03:26 [TRACE] 正在返回菜单,请保持游戏画面处于前台
2025-10-21 02:03:29 [TRACE] 正在返回菜单,请保持游戏画面处于前台
2025-10-21 02:03:32 [TRACE] 正在返回菜单,请保持游戏画面处于前台
2025-10-21 02:03:35 [TRACE] 正在返回菜单,请保持游戏画面处于前台
2025-10-21 02:03:39 [TRACE] 正在返回菜单,请保持游戏画面处于前台
2025-10-21 02:03:42 [TRACE] 正在返回菜单,请保持游戏画面处于前台
2025-10-21 02:03:45 [TRACE] 正在返回菜单,请保持游戏画面处于前台
2025-10-21 02:03:48 [TRACE] 正在返回菜单,请保持游戏画面处于前台
2025-10-21 02:03:52 [TRACE] 正在返回菜单,请保持游戏画面处于前台
2025-10-21 02:03:55 [TRACE] 正在返回菜单,请保持游戏画面处于前台
2025-10-21 02:03:58 [TRACE] 正在返回菜单,请保持游戏画面处于前台
2025-10-21 02:04:01 [TRACE] 正在返回菜单,请保持游戏画面处于前台
2025-10-21 02:04:05 [TRACE] 正在返回菜单,请保持游戏画面处于前台
2025-10-21 02:04:08 [TRACE] 正在返回菜单,请保持游戏画面处于前台
2025-10-21 02:04:11 [TRACE] 正在返回菜单,请保持游戏画面处于前台
2025-10-21 02:04:15 [TRACE] 正在返回菜单,请保持游戏画面处于前台
2025-10-21 02:04:18 [TRACE] 正在返回菜单,请保持游戏画面处于前台
2025-10-21 02:04:21 [TRACE] 正在返回菜单,请保持游戏画面处于前台
2025-10-21 02:04:24 [TRACE] 正在返回菜单,请保持游戏画面处于前台
2025-10-21 02:04:27 [TRACE] 正在返回菜单,请保持游戏画面处于前台
2025-10-21 02:04:31 [TRACE] 正在返回菜单,请保持游戏画面处于前台
2025-10-21 02:04:34 [TRACE] 正在返回菜单,请保持游戏画面处于前台
2025-10-21 02:04:37 [TRACE] 正在返回菜单,请保持游戏画面处于前台
2025-10-21 02:04:41 [TRACE] 正在返回菜单,请保持游戏画面处于前台
2025-10-21 02:04:44 [TRACE] 正在返回菜单,请保持游戏画面处于前台
2025-10-21 02:04:47 [TRACE] 正在返回菜单,请保持游戏画面处于前台
2025-10-21 02:04:50 [TRACE] 正在返回菜单,请保持游戏画面处于前台
2025-10-21 02:04:53 [TRACE] 正在返回菜单,请保持游戏画面处于前台
2025-10-21 02:04:57 [TRACE] 正在返回菜单,请保持游戏画面处于前台
2025-10-21 02:05:00 [TRACE] 正在返回菜单,请保持游戏画面处于前台
2025-10-21 02:05:03 [TRACE] 正在返回菜单,请保持游戏画面处于前台
2025-10-21 02:05:06 [TRACE] 正在返回菜单,请保持游戏画面处于前台
2025-10-21 02:05:10 [TRACE] 正在返回菜单,请保持游戏画面处于前台
2025-10-21 02:05:13 [TRACE] 正在返回菜单,请保持游戏画面处于前台
2025-10-21 02:05:16 [TRACE] 正在返回菜单,请保持游戏画面处于前台
2025-10-21 02:05:19 [TRACE] 正在返回菜单,请保持游戏画面处于前台
2025-10-21 02:05:23 [TRACE] 正在返回菜单,请保持游戏画面处于前台
2025-10-21 02:05:26 [TRACE] 正在返回菜单,请保持游戏画面处于前台
2025-10-21 02:05:29 [TRACE] 正在返回菜单,请保持游戏画面处于前台
2025-10-21 02:05:33 [TRACE] 正在返回菜单,请保持游戏画面处于前台
2025-10-21 02:05:36 [TRACE] 正在返回菜单,请保持游戏画面处于前台
2025-10-21 02:05:39 [TRACE] 正在返回菜单,请保持游戏画面处于前台
2025-10-21 02:05:42 [TRACE] 正在返回菜单,请保持游戏画面处于前台
2025-10-21 02:05:45 [TRACE] 正在返回菜单,请保持游戏画面处于前台
2025-10-21 02:05:49 [TRACE] 正在返回菜单,请保持游戏画面处于前台
2025-10-21 02:05:52 [TRACE] 正在返回菜单,请保持游戏画面处于前台
2025-10-21 02:05:55 [TRACE] 正在返回菜单,请保持游戏画面处于前台
2025-10-21 02:05:58 [TRACE] 正在返回菜单,请保持游戏画面处于前台
2025-10-21 02:06:02 [TRACE] 正在返回菜单,请保持游戏画面处于前台
2025-10-21 02:06:05 [TRACE] 正在返回菜单,请保持游戏画面处于前台
2025-10-21 02:06:08 [TRACE] 正在返回菜单,请保持游戏画面处于前台
2025-10-21 02:06:11 [TRACE] 正在返回菜单,请保持游戏画面处于前台
2025-10-21 02:06:15 [TRACE] 正在返回菜单,请保持游戏画面处于前台
2025-10-21 02:06:18 [TRACE] 正在返回菜单,请保持游戏画面处于前台
2025-10-21 02:06:21 [TRACE] 正在返回菜单,请保持游戏画面处于前台
2025-10-21 02:06:24 [TRACE] 正在返回菜单,请保持游戏画面处于前台
2025-10-21 02:06:28 [TRACE] 正在返回菜单,请保持游戏画面处于前台
2025-10-21 02:06:31 [TRACE] 正在返回菜单,请保持游戏画面处于前台
2025-10-21 02:06:34 [TRACE] 正在返回菜单,请保持游戏画面处于前台
2025-10-21 02:06:37 [TRACE] 正在返回菜单,请保持游戏画面处于前台
2025-10-21 02:06:41 [TRACE] 正在返回菜单,请保持游戏画面处于前台
2025-10-21 02:06:44 [TRACE] 正在返回菜单,请保持游戏画面处于前台
2025-10-21 02:06:47 [TRACE] 正在返回菜单,请保持游戏画面处于前台
2025-10-21 02:06:50 [TRACE] 正在返回菜单,请保持游戏画面处于前台
2025-10-21 02:06:54 [TRACE] 正在返回菜单,请保持游戏画面处于前台
2025-10-21 02:06:57 [TRACE] 正在返回菜单,请保持游戏画面处于前台
2025-10-21 02:07:00 [TRACE] 正在返回菜单,请保持游戏画面处于前台
2025-10-21 02:07:03 [TRACE] 正在返回菜单,请保持游戏画面处于前台
2025-10-21 02:07:06 [TRACE] 正在返回菜单,请保持游戏画面处于前台
2025-10-21 02:07:10 [TRACE] 正在返回菜单,请保持游戏画面处于前台
2025-10-21 02:07:13 [TRACE] 正在返回菜单,请保持游戏画面处于前台
2025-10-21 02:07:16 [TRACE] 正在返回菜单,请保持游戏画面处于前台
2025-10-21 02:07:19 [TRACE] 正在返回菜单,请保持游戏画面处于前台
2025-10-21 02:07:23 [TRACE] 正在返回菜单,请保持游戏画面处于前台
2025-10-21 02:07:26 [TRACE] 正在返回菜单,请保持游戏画面处于前台
2025-10-21 02:07:29 [TRACE] 正在返回菜单,请保持游戏画面处于前台
2025-10-21 02:07:33 [TRACE] 正在返回菜单,请保持游戏画面处于前台
2025-10-21 02:07:36 [TRACE] 正在返回菜单,请保持游戏画面处于前台
2025-10-21 02:07:39 [TRACE] 正在返回菜单,请保持游戏画面处于前台
2025-10-21 02:07:42 [TRACE] 正在返回菜单,请保持游戏画面处于前台
2025-10-21 02:07:46 [TRACE] 正在返回菜单,请保持游戏画面处于前台
2025-10-21 02:07:49 [TRACE] 正在返回菜单,请保持游戏画面处于前台
2025-10-21 02:07:52 [TRACE] 正在返回菜单,请保持游戏画面处于前台
2025-10-21 02:07:55 [TRACE] 正在返回菜单,请保持游戏画面处于前台
2025-10-21 02:07:59 [TRACE] 正在返回菜单,请保持游戏画面处于前台
2025-10-21 02:08:02 [TRACE] 正在返回菜单,请保持游戏画面处于前台
2025-10-21 02:08:05 [TRACE] 正在返回菜单,请保持游戏画面处于前台
2025-10-21 02:08:08 [TRACE] 正在返回菜单,请保持游戏画面处于前台
2025-10-21 02:08:12 [TRACE] 正在返回菜单,请保持游戏画面处于前台
2025-10-21 02:08:15 [TRACE] 正在返回菜单,请保持游戏画面处于前台
2025-10-21 02:08:18 [TRACE] 正在返回菜单,请保持游戏画面处于前台
2025-10-21 02:08:21 [TRACE] 正在返回菜单,请保持游戏画面处于前台
2025-10-21 02:08:25 [TRACE] 正在返回菜单,请保持游戏画面处于前台
2025-10-21 02:08:28 [TRACE] 正在返回菜单,请保持游戏画面处于前台
2025-10-21 02:08:31 [TRACE] 正在返回菜单,请保持游戏画面处于前台
2025-10-21 02:08:34 [TRACE] 正在返回菜单,请保持游戏画面处于前台
2025-10-21 02:08:38 [TRACE] 正在返回菜单,请保持游戏画面处于前台
2025-10-21 02:08:41 [TRACE] 正在返回菜单,请保持游戏画面处于前台
2025-10-21 02:08:44 [TRACE] 正在返回菜单,请保持游戏画面处于前台
2025-10-21 02:08:47 [TRACE] 正在返回菜单,请保持游戏画面处于前台
2025-10-21 02:08:51 [TRACE] 正在返回菜单,请保持游戏画面处于前台
2025-10-21 02:08:54 [TRACE] 正在返回菜单,请保持游戏画面处于前台
2025-10-21 02:08:57 [TRACE] 正在返回菜单,请保持游戏画面处于前台
2025-10-21 02:09:00 [TRACE] 正在返回菜单,请保持游戏画面处于前台
2025-10-21 02:09:04 [TRACE] 正在返回菜单,请保持游戏画面处于前台
2025-10-21 02:09:07 [TRACE] 正在返回菜单,请保持游戏画面处于前台
2025-10-21 02:09:10 [TRACE] 正在返回菜单,请保持游戏画面处于前台
2025-10-21 02:09:13 [TRACE] 正在返回菜单,请保持游戏画面处于前台
2025-10-21 02:09:17 [TRACE] 正在返回菜单,请保持游戏画面处于前台
2025-10-21 02:09:20 [TRACE] 正在返回菜单,请保持游戏画面处于前台
2025-10-21 02:09:23 [TRACE] 正在返回菜单,请保持游戏画面处于前台
2025-10-21 02:09:27 [TRACE] 正在返回菜单,请保持游戏画面处于前台
2025-10-21 02:09:30 [TRACE] 正在返回菜单,请保持游戏画面处于前台
2025-10-21 02:09:33 [TRACE] 正在返回菜单,请保持游戏画面处于前台
2025-10-21 02:09:36 [TRACE] 正在返回菜单,请保持游戏画面处于前台
2025-10-21 02:09:40 [TRACE] 正在返回菜单,请保持游戏画面处于前台
2025-10-21 02:09:43 [TRACE] 正在返回菜单,请保持游戏画面处于前台
2025-10-21 02:09:46 [TRACE] 正在返回菜单,请保持游戏画面处于前台
2025-10-21 02:09:49 [TRACE] 正在返回菜单,请保持游戏画面处于前台
2025-10-21 02:09:52 [TRACE] 正在返回菜单,请保持游戏画面处于前台
2025-10-21 02:09:56 [TRACE] 正在返回菜单,请保持游戏画面处于前台
2025-10-21 02:09:59 [TRACE] 正在返回菜单,请保持游戏画面处于前台
2025-10-21 02:10:02 [TRACE] 正在返回菜单,请保持游戏画面处于前台
2025-10-21 02:10:05 [TRACE] 正在返回菜单,请保持游戏画面处于前台
2025-10-21 02:10:09 [TRACE] 正在返回菜单,请保持游戏画面处于前台
2025-10-21 02:10:12 [TRACE] 正在返回菜单,请保持游戏画面处于前台
2025-10-21 02:10:15 [TRACE] 正在返回菜单,请保持游戏画面处于前台
2025-10-21 02:10:18 [TRACE] 正在返回菜单,请保持游戏画面处于前台
2025-10-21 02:10:22 [TRACE] 正在返回菜单,请保持游戏画面处于前台
2025-10-21 02:10:25 [TRACE] 正在返回菜单,请保持游戏画面处于前台
2025-10-21 02:10:28 [TRACE] 正在返回菜单,请保持游戏画面处于前台
2025-10-21 02:10:31 [TRACE] 正在返回菜单,请保持游戏画面处于前台
2025-10-21 02:10:35 [TRACE] 正在返回菜单,请保持游戏画面处于前台
2025-10-21 02:10:38 [TRACE] 正在返回菜单,请保持游戏画面处于前台
2025-10-21 02:10:41 [TRACE] 正在返回菜单,请保持游戏画面处于前台
2025-10-21 02:10:44 [TRACE] 正在返回菜单,请保持游戏画面处于前台
2025-10-21 02:10:48 [TRACE] 正在返回菜单,请保持游戏画面处于前台
2025-10-21 02:10:51 [TRACE] 正在返回菜单,请保持游戏画面处于前台
2025-10-21 02:10:54 [TRACE] 正在返回菜单,请保持游戏画面处于前台
2025-10-21 02:10:57 [TRACE] 正在返回菜单,请保持游戏画面处于前台
2025-10-21 02:11:01 [TRACE] 正在返回菜单,请保持游戏画面处于前台
2025-10-21 02:11:04 [TRACE] 正在返回菜单,请保持游戏画面处于前台
2025-10-21 02:11:07 [TRACE] 正在返回菜单,请保持游戏画面处于前台
2025-10-21 02:11:10 [TRACE] 正在返回菜单,请保持游戏画面处于前台
2025-10-21 02:11:14 [TRACE] 正在返回菜单,请保持游戏画面处于前台
2025-10-21 02:11:17 [TRACE] 正在返回菜单,请保持游戏画面处于前台
2025-10-21 02:11:20 [TRACE] 正在返回菜单,请保持游戏画面处于前台
2025-10-21 02:11:24 [TRACE] 正在返回菜单,请保持游戏画面处于前台
2025-10-21 02:11:27 [TRACE] 正在返回菜单,请保持游戏画面处于前台
2025-10-21 02:11:30 [TRACE] 正在返回菜单,请保持游戏画面处于前台
2025-10-21 02:11:33 [TRACE] 正在返回菜单,请保持游戏画面处于前台
2025-10-21 02:11:37 [TRACE] 正在返回菜单,请保持游戏画面处于前台
2025-10-21 02:11:40 [TRACE] 正在返回菜单,请保持游戏画面处于前台
2025-10-21 02:11:43 [TRACE] 正在返回菜单,请保持游戏画面处于前台
2025-10-21 02:11:46 [TRACE] 正在返回菜单,请保持游戏画面处于前台
2025-10-21 02:11:49 [TRACE] 正在返回菜单,请保持游戏画面处于前台
2025-10-21 02:11:53 [TRACE] 正在返回菜单,请保持游戏画面处于前台
2025-10-21 02:11:56 [TRACE] 正在返回菜单,请保持游戏画面处于前台
2025-10-21 02:11:59 [TRACE] 正在返回菜单,请保持游戏画面处于前台
2025-10-21 02:12:02 [TRACE] 正在返回菜单,请保持游戏画面处于前台
2025-10-21 02:12:06 [TRACE] 正在返回菜单,请保持游戏画面处于前台
2025-10-21 02:12:09 [TRACE] 正在返回菜单,请保持游戏画面处于前台
2025-10-21 02:12:12 [TRACE] 正在返回菜单,请保持游戏画面处于前台
2025-10-21 02:12:15 [TRACE] 正在返回菜单,请保持游戏画面处于前台
2025-10-21 02:12:19 [TRACE] 正在返回菜单,请保持游戏画面处于前台
2025-10-21 02:12:22 [TRACE] 正在返回菜单,请保持游戏画面处于前台
2025-10-21 02:12:25 [TRACE] 正在返回菜单,请保持游戏画面处于前台
2025-10-21 02:12:28 [TRACE] 正在返回菜单,请保持游戏画面处于前台
2025-10-21 02:12:32 [TRACE] 正在返回菜单,请保持游戏画面处于前台
2025-10-21 02:12:35 [TRACE] 正在返回菜单,请保持游戏画面处于前台
2025-10-21 02:12:38 [TRACE] 正在返回菜单,请保持游戏画面处于前台
2025-10-21 02:12:42 [TRACE] 正在返回菜单,请保持游戏画面处于前台
2025-10-21 02:12:45 [TRACE] 正在返回菜单,请保持游戏画面处于前台
2025-10-21 02:12:48 [TRACE] 正在返回菜单,请保持游戏画面处于前台
2025-10-21 02:12:51 [TRACE] 正在返回菜单,请保持游戏画面处于前台
2025-10-21 02:12:55 [TRACE] 正在返回菜单,请保持游戏画面处于前台
2025-10-21 02:12:58 [TRACE] 正在返回菜单,请保持游戏画面处于前台
2025-10-21 02:13:01 [TRACE] 正在返回菜单,请保持游戏画面处于前台
2025-10-21 02:13:04 [TRACE] 正在返回菜单,请保持游戏画面处于前台
2025-10-21 02:13:08 [TRACE] 正在返回菜单,请保持游戏画面处于前台
2025-10-21 02:13:11 [TRACE] 正在返回菜单,请保持游戏画面处于前台
2025-10-21 02:13:14 [TRACE] 正在返回菜单,请保持游戏画面处于前台
2025-10-21 02:13:17 [TRACE] 正在返回菜单,请保持游戏画面处于前台
2025-10-21 02:13:21 [TRACE] 正在返回菜单,请保持游戏画面处于前台
2025-10-21 02:13:24 [TRACE] 正在返回菜单,请保持游戏画面处于前台
2025-10-21 02:13:27 [TRACE] 正在返回菜单,请保持游戏画面处于前台
2025-10-21 02:13:30 [TRACE] 正在返回菜单,请保持游戏画面处于前台
2025-10-21 02:13:34 [TRACE] 正在返回菜单,请保持游戏画面处于前台
2025-10-21 02:13:37 [TRACE] 正在返回菜单,请保持游戏画面处于前台
2025-10-21 02:13:40 [TRACE] 正在返回菜单,请保持游戏画面处于前台
2025-10-21 02:13:43 [TRACE] 正在返回菜单,请保持游戏画面处于前台
2025-10-21 02:13:47 [TRACE] 正在返回菜单,请保持游戏画面处于前台
2025-10-21 02:13:50 [TRACE] 正在返回菜单,请保持游戏画面处于前台
2025-10-21 02:13:53 [TRACE] 正在返回菜单,请保持游戏画面处于前台
2025-10-21 02:13:56 [TRACE] 正在返回菜单,请保持游戏画面处于前台
2025-10-21 02:14:00 [TRACE] 正在返回菜单,请保持游戏画面处于前台
2025-10-21 02:14:03 [TRACE] 正在返回菜单,请保持游戏画面处于前台
2025-10-21 02:14:06 [TRACE] 正在返回菜单,请保持游戏画面处于前台
2025-10-21 02:14:09 [TRACE] 正在返回菜单,请保持游戏画面处于前台
2025-10-21 02:14:13 [TRACE] 正在返回菜单,请保持游戏画面处于前台
2025-10-21 02:14:16 [TRACE] 正在返回菜单,请保持游戏画面处于前台
2025-10-21 02:14:19 [TRACE] 正在返回菜单,请保持游戏画面处于前台
2025-10-21 02:14:22 [TRACE] 正在返回菜单,请保持游戏画面处于前台
2025-10-21 02:14:26 [TRACE] 正在返回菜单,请保持游戏画面处于前台
2025-10-21 02:14:29 [TRACE] 正在返回菜单,请保持游戏画面处于前台
2025-10-21 02:14:32 [TRACE] 正在返回菜单,请保持游戏画面处于前台
2025-10-21 02:14:36 [TRACE] 正在返回菜单,请保持游戏画面处于前台
2025-10-21 02:14:39 [TRACE] 正在返回菜单,请保持游戏画面处于前台
2025-10-21 02:14:42 [TRACE] 正在返回菜单,请保持游戏画面处于前台
2025-10-21 02:14:45 [TRACE] 正在返回菜单,请保持游戏画面处于前台
2025-10-21 02:14:49 [TRACE] 正在返回菜单,请保持游戏画面处于前台
2025-10-21 02:14:52 [TRACE] 正在返回菜单,请保持游戏画面处于前台
2025-10-21 02:14:55 [TRACE] 正在返回菜单,请保持游戏画面处于前台
2025-10-21 02:14:58 [TRACE] 正在返回菜单,请保持游戏画面处于前台
2025-10-21 02:15:01 [TRACE] 正在返回菜单,请保持游戏画面处于前台
2025-10-21 02:15:05 [TRACE] 正在返回菜单,请保持游戏画面处于前台
2025-10-21 02:15:08 [TRACE] 正在返回菜单,请保持游戏画面处于前台
2025-10-21 02:15:11 [TRACE] 正在返回菜单,请保持游戏画面处于前台
2025-10-21 02:15:15 [TRACE] 正在返回菜单,请保持游戏画面处于前台
2025-10-21 02:15:18 [TRACE] 正在返回菜单,请保持游戏画面处于前台
2025-10-21 02:15:21 [TRACE] 正在返回菜单,请保持游戏画面处于前台
2025-10-21 02:15:24 [TRACE] 正在返回菜单,请保持游戏画面处于前台
2025-10-21 02:15:28 [TRACE] 正在返回菜单,请保持游戏画面处于前台
2025-10-21 02:15:31 [TRACE] 正在返回菜单,请保持游戏画面处于前台
2025-10-21 02:15:34 [TRACE] 正在返回菜单,请保持游戏画面处于前台
2025-10-21 02:15:37 [TRACE] 正在返回菜单,请保持游戏画面处于前台
2025-10-21 02:15:41 [TRACE] 正在返回菜单,请保持游戏画面处于前台
2025-10-21 02:15:44 [TRACE] 正在返回菜单,请保持游戏画面处于前台
2025-10-21 02:15:47 [TRACE] 正在返回菜单,请保持游戏画面处于前台
2025-10-21 02:15:50 [TRACE] 正在返回菜单,请保持游戏画面处于前台
2025-10-21 02:15:54 [TRACE] 正在返回菜单,请保持游戏画面处于前台
2025-10-21 02:15:57 [TRACE] 正在返回菜单,请保持游戏画面处于前台
2025-10-21 02:16:00 [TRACE] 正在返回菜单,请保持游戏画面处于前台
2025-10-21 02:16:03 [TRACE] 正在返回菜单,请保持游戏画面处于前台
2025-10-21 02:16:07 [TRACE] 正在返回菜单,请保持游戏画面处于前台
2025-10-21 02:16:10 [TRACE] 正在返回菜单,请保持游戏画面处于前台
2025-10-21 02:16:13 [TRACE] 正在返回菜单,请保持游戏画面处于前台
2025-10-21 02:16:16 [TRACE] 正在返回菜单,请保持游戏画面处于前台
2025-10-21 02:16:20 [TRACE] 正在返回菜单,请保持游戏画面处于前台
2025-10-21 02:16:23 [TRACE] 正在返回菜单,请保持游戏画面处于前台
2025-10-21 02:16:26 [TRACE] 正在返回菜单,请保持游戏画面处于前台
2025-10-21 02:16:29 [TRACE] 正在返回菜单,请保持游戏画面处于前台
2025-10-21 02:16:33 [TRACE] 正在返回菜单,请保持游戏画面处于前台
2025-10-21 02:16:36 [TRACE] 正在返回菜单,请保持游戏画面处于前台
2025-10-21 02:16:39 [TRACE] 正在返回菜单,请保持游戏画面处于前台
2025-10-21 02:16:42 [TRACE] 正在返回菜单,请保持游戏画面处于前台
2025-10-21 02:16:46 [TRACE] 正在返回菜单,请保持游戏画面处于前台
2025-10-21 02:16:49 [TRACE] 正在返回菜单,请保持游戏画面处于前台
2025-10-21 02:16:52 [TRACE] 正在返回菜单,请保持游戏画面处于前台
2025-10-21 02:16:55 [TRACE] 正在返回菜单,请保持游戏画面处于前台
2025-10-21 02:16:59 [TRACE] 正在返回菜单,请保持游戏画面处于前台
2025-10-21 02:17:02 [TRACE] 正在返回菜单,请保持游戏画面处于前台
2025-10-21 02:17:05 [TRACE] 正在返回菜单,请保持游戏画面处于前台
2025-10-21 02:17:09 [TRACE] 正在返回菜单,请保持游戏画面处于前台
2025-10-21 02:17:12 [TRACE] 正在返回菜单,请保持游戏画面处于前台
2025-10-21 02:17:15 [TRACE] 正在返回菜单,请保持游戏画面处于前台
2025-10-21 02:17:18 [TRACE] 正在返回菜单,请保持游戏画面处于前台
2025-10-21 02:17:22 [TRACE] 正在返回菜单,请保持游戏画面处于前台
2025-10-21 02:17:25 [TRACE] 正在返回菜单,请保持游戏画面处于前台
2025-10-21 02:17:28 [TRACE] 正在返回菜单,请保持游戏画面处于前台
2025-10-21 02:17:31 [TRACE] 正在返回菜单,请保持游戏画面处于前台
2025-10-21 02:17:34 [TRACE] 正在返回菜单,请保持游戏画面处于前台
2025-10-21 02:17:38 [TRACE] 正在返回菜单,请保持游戏画面处于前台
2025-10-21 02:17:41 [TRACE] 正在返回菜单,请保持游戏画面处于前台
2025-10-21 02:17:44 [TRACE] 正在返回菜单,请保持游戏画面处于前台
2025-10-21 02:17:47 [TRACE] 正在返回菜单,请保持游戏画面处于前台
2025-10-21 02:17:51 [TRACE] 正在返回菜单,请保持游戏画面处于前台
2025-10-21 02:17:54 [TRACE] 正在返回菜单,请保持游戏画面处于前台
2025-10-21 02:17:57 [TRACE] 正在返回菜单,请保持游戏画面处于前台
2025-10-21 02:18:00 [TRACE] 正在返回菜单,请保持游戏画面处于前台
2025-10-21 02:18:04 [TRACE] 正在返回菜单,请保持游戏画面处于前台
2025-10-21 02:18:07 [TRACE] 正在返回菜单,请保持游戏画面处于前台
2025-10-21 02:18:10 [TRACE] 正在返回菜单,请保持游戏画面处于前台
2025-10-21 02:18:13 [TRACE] 正在返回菜单,请保持游戏画面处于前台
2025-10-21 02:18:17 [TRACE] 正在返回菜单,请保持游戏画面处于前台
2025-10-21 02:18:20 [TRACE] 正在返回菜单,请保持游戏画面处于前台
2025-10-21 02:18:23 [TRACE] 正在返回菜单,请保持游戏画面处于前台
2025-10-21 02:18:26 [TRACE] 正在返回菜单,请保持游戏画面处于前台
2025-10-21 02:18:30 [TRACE] 正在返回菜单,请保持游戏画面处于前台
2025-10-21 02:18:33 [TRACE] 正在返回菜单,请保持游戏画面处于前台
2025-10-21 02:18:36 [TRACE] 正在返回菜单,请保持游戏画面处于前台
2025-10-21 02:18:39 [TRACE] 正在返回菜单,请保持游戏画面处于前台
2025-10-21 02:18:43 [TRACE] 正在返回菜单,请保持游戏画面处于前台
2025-10-21 02:18:46 [TRACE] 正在返回菜单,请保持游戏画面处于前台
2025-10-21 02:18:49 [TRACE] 正在返回菜单,请保持游戏画面处于前台
2025-10-21 02:18:52 [TRACE] 正在返回菜单,请保持游戏画面处于前台
2025-10-21 02:18:56 [TRACE] 正在返回菜单,请保持游戏画面处于前台
2025-10-21 02:18:59 [TRACE] 正在返回菜单,请保持游戏画面处于前台
2025-10-21 02:19:02 [TRACE] 正在返回菜单,请保持游戏画面处于前台
2025-10-21 02:19:05 [TRACE] 正在返回菜单,请保持游戏画面处于前台
2025-10-21 02:19:09 [TRACE] 正在返回菜单,请保持游戏画面处于前台
2025-10-21 02:19:12 [TRACE] 正在返回菜单,请保持游戏画面处于前台
2025-10-21 02:19:15 [TRACE] 正在返回菜单,请保持游戏画面处于前台
2025-10-21 02:19:19 [TRACE] 正在返回菜单,请保持游戏画面处于前台
2025-10-21 02:19:22 [TRACE] 正在返回菜单,请保持游戏画面处于前台
2025-10-21 02:19:25 [TRACE] 正在返回菜单,请保持游戏画面处于前台
2025-10-21 02:19:28 [TRACE] 正在返回菜单,请保持游戏画面处于前台
2025-10-21 02:19:32 [TRACE] 正在返回菜单,请保持游戏画面处于前台
2025-10-21 02:19:35 [TRACE] 正在返回菜单,请保持游戏画面处于前台
2025-10-21 02:19:38 [TRACE] 正在返回菜单,请保持游戏画面处于前台
2025-10-21 02:19:41 [TRACE] 正在返回菜单,请保持游戏画面处于前台
2025-10-21 02:19:44 [TRACE] 正在返回菜单,请保持游戏画面处于前台
2025-10-21 02:19:48 [TRACE] 正在返回菜单,请保持游戏画面处于前台
2025-10-21 02:19:51 [TRACE] 正在返回菜单,请保持游戏画面处于前台
2025-10-21 02:19:54 [TRACE] 正在返回菜单,请保持游戏画面处于前台
2025-10-21 02:19:58 [TRACE] 正在返回菜单,请保持游戏画面处于前台
2025-10-21 02:20:01 [TRACE] 正在返回菜单,请保持游戏画面处于前台
2025-10-21 02:20:04 [TRACE] 正在返回菜单,请保持游戏画面处于前台
2025-10-21 02:20:07 [TRACE] 正在返回菜单,请保持游戏画面处于前台
2025-10-21 02:20:11 [TRACE] 正在返回菜单,请保持游戏画面处于前台
2025-10-21 02:20:14 [TRACE] 正在返回菜单,请保持游戏画面处于前台
2025-10-21 02:20:17 [TRACE] 正在返回菜单,请保持游戏画面处于前台
2025-10-21 02:20:20 [TRACE] 正在返回菜单,请保持游戏画面处于前台
2025-10-21 02:20:24 [TRACE] 正在返回菜单,请保持游戏画面处于前台
2025-10-21 02:20:27 [TRACE] 正在返回菜单,请保持游戏画面处于前台
2025-10-21 02:20:30 [TRACE] 正在返回菜单,请保持游戏画面处于前台
2025-10-21 02:20:34 [TRACE] 正在返回菜单,请保持游戏画面处于前台
2025-10-21 02:20:37 [TRACE] 正在返回菜单,请保持游戏画面处于前台
2025-10-21 02:20:40 [TRACE] 正在返回菜单,请保持游戏画面处于前台
2025-10-21 02:20:43 [TRACE] 正在返回菜单,请保持游戏画面处于前台
2025-10-21 02:20:47 [TRACE] 正在返回菜单,请保持游戏画面处于前台
2025-10-21 02:20:50 [TRACE] 正在返回菜单,请保持游戏画面处于前台
2025-10-21 02:20:53 [TRACE] 正在返回菜单,请保持游戏画面处于前台
2025-10-21 02:20:56 [TRACE] 正在返回菜单,请保持游戏画面处于前台
2025-10-21 02:21:00 [TRACE] 正在返回菜单,请保持游戏画面处于前台
2025-10-21 02:21:03 [TRACE] 正在返回菜单,请保持游戏画面处于前台
2025-10-21 02:21:06 [TRACE] 正在返回菜单,请保持游戏画面处于前台
2025-10-21 02:21:09 [TRACE] 正在返回菜单,请保持游戏画面处于前台
2025-10-21 02:21:12 [TRACE] 正在返回菜单,请保持游戏画面处于前台
2025-10-21 02:21:16 [TRACE] 正在返回菜单,请保持游戏画面处于前台
2025-10-21 02:21:19 [TRACE] 正在返回菜单,请保持游戏画面处于前台
2025-10-21 02:21:22 [TRACE] 正在返回菜单,请保持游戏画面处于前台
2025-10-21 02:21:25 [TRACE] 正在返回菜单,请保持游戏画面处于前台
2025-10-21 02:21:29 [TRACE] 正在返回菜单,请保持游戏画面处于前台
2025-10-21 02:21:32 [TRACE] 正在返回菜单,请保持游戏画面处于前台
2025-10-21 02:21:35 [TRACE] 正在返回菜单,请保持游戏画面处于前台
2025-10-21 02:21:38 [TRACE] 正在返回菜单,请保持游戏画面处于前台
2025-10-21 02:21:42 [TRACE] 正在返回菜单,请保持游戏画面处于前台
2025-10-21 02:21:45 [TRACE] 正在返回菜单,请保持游戏画面处于前台
2025-10-21 02:21:48 [TRACE] 正在返回菜单,请保持游戏画面处于前台
2025-10-21 02:21:51 [TRACE] 正在返回菜单,请保持游戏画面处于前台
2025-10-21 02:21:55 [TRACE] 正在返回菜单,请保持游戏画面处于前台
2025-10-21 02:21:58 [TRACE] 正在返回菜单,请保持游戏画面处于前台
2025-10-21 02:22:01 [TRACE] 正在返回菜单,请保持游戏画面处于前台
2025-10-21 02:22:04 [TRACE] 正在返回菜单,请保持游戏画面处于前台
2025-10-21 02:22:07 [TRACE] 正在返回菜单,请保持游戏画面处于前台
2025-10-21 02:22:11 [TRACE] 正在返回菜单,请保持游戏画面处于前台
2025-10-21 02:22:14 [TRACE] 正在返回菜单,请保持游戏画面处于前台
2025-10-21 02:22:17 [TRACE] 正在返回菜单,请保持游戏画面处于前台
2025-10-21 02:22:20 [TRACE] 正在返回菜单,请保持游戏画面处于前台
2025-10-21 02:22:24 [TRACE] 正在返回菜单,请保持游戏画面处于前台
2025-10-21 02:22:27 [TRACE] 正在返回菜单,请保持游戏画面处于前台
2025-10-21 02:22:30 [TRACE] 正在返回菜单,请保持游戏画面处于前台
2025-10-21 02:22:34 [TRACE] 正在返回菜单,请保持游戏画面处于前台
2025-10-21 02:22:37 [TRACE] 正在返回菜单,请保持游戏画面处于前台
2025-10-21 02:22:40 [TRACE] 正在返回菜单,请保持游戏画面处于前台
2025-10-21 02:22:43 [TRACE] 正在返回菜单,请保持游戏画面处于前台
2025-10-21 02:22:47 [TRACE] 正在返回菜单,请保持游戏画面处于前台
2025-10-21 02:22:50 [TRACE] 正在返回菜单,请保持游戏画面处于前台
2025-10-21 02:22:53 [TRACE] 正在返回菜单,请保持游戏画面处于前台
2025-10-21 02:22:56 [TRACE] 正在返回菜单,请保持游戏画面处于前台
2025-10-21 02:23:00 [TRACE] 正在返回菜单,请保持游戏画面处于前台
2025-10-21 02:23:03 [TRACE] 正在返回菜单,请保持游戏画面处于前台
2025-10-21 02:23:06 [TRACE] 正在返回菜单,请保持游戏画面处于前台
2025-10-21 02:23:09 [TRACE] 正在返回菜单,请保持游戏画面处于前台
2025-10-21 02:23:13 [TRACE] 正在返回菜单,请保持游戏画面处于前台
2025-10-21 02:23:16 [TRACE] 正在返回菜单,请保持游戏画面处于前台
2025-10-21 02:23:19 [TRACE] 正在返回菜单,请保持游戏画面处于前台
2025-10-21 02:23:22 [TRACE] 正在返回菜单,请保持游戏画面处于前台
2025-10-21 02:23:26 [TRACE] 正在返回菜单,请保持游戏画面处于前台
2025-10-21 02:23:29 [TRACE] 正在返回菜单,请保持游戏画面处于前台
2025-10-21 02:23:32 [TRACE] 正在返回菜单,请保持游戏画面处于前台
2025-10-21 02:23:35 [TRACE] 正在返回菜单,请保持游戏画面处于前台
2025-10-21 02:23:39 [TRACE] 正在返回菜单,请保持游戏画面处于前台
2025-10-21 02:23:42 [TRACE] 正在返回菜单,请保持游戏画面处于前台
2025-10-21 02:23:45 [TRACE] 正在返回菜单,请保持游戏画面处于前台
2025-10-21 02:23:49 [TRACE] 正在返回菜单,请保持游戏画面处于前台
2025-10-21 02:23:52 [TRACE] 正在返回菜单,请保持游戏画面处于前台
2025-10-21 02:23:55 [TRACE] 正在返回菜单,请保持游戏画面处于前台
2025-10-21 02:23:58 [TRACE] 正在返回菜单,请保持游戏画面处于前台
2025-10-21 02:24:02 [TRACE] 正在返回菜单,请保持游戏画面处于前台
2025-10-21 02:24:05 [TRACE] 正在返回菜单,请保持游戏画面处于前台
2025-10-21 02:24:08 [TRACE] 正在返回菜单,请保持游戏画面处于前台
2025-10-21 02:24:11 [TRACE] 正在返回菜单,请保持游戏画面处于前台
2025-10-21 02:24:14 [TRACE] 正在返回菜单,请保持游戏画面处于前台
2025-10-21 02:24:18 [TRACE] 正在返回菜单,请保持游戏画面处于前台
2025-10-21 02:24:21 [TRACE] 正在返回菜单,请保持游戏画面处于前台
2025-10-21 02:24:24 [TRACE] 正在返回菜单,请保持游戏画面处于前台
2025-10-21 02:24:28 [TRACE] 正在返回菜单,请保持游戏画面处于前台
2025-10-21 02:24:31 [TRACE] 正在返回菜单,请保持游戏画面处于前台
2025-10-21 02:24:34 [TRACE] 正在返回菜单,请保持游戏画面处于前台
2025-10-21 02:24:37 [TRACE] 正在返回菜单,请保持游戏画面处于前台
2025-10-21 02:24:41 [TRACE] 正在返回菜单,请保持游戏画面处于前台
2025-10-21 02:24:44 [TRACE] 正在返回菜单,请保持游戏画面处于前台
2025-10-21 02:24:47 [TRACE] 正在返回菜单,请保持游戏画面处于前台
2025-10-21 02:24:50 [TRACE] 正在返回菜单,请保持游戏画面处于前台
2025-10-21 02:24:54 [TRACE] 正在返回菜单,请保持游戏画面处于前台
2025-10-21 02:24:57 [TRACE] 正在返回菜单,请保持游戏画面处于前台
2025-10-21 02:25:00 [TRACE] 正在返回菜单,请保持游戏画面处于前台
2025-10-21 02:25:04 [TRACE] 正在返回菜单,请保持游戏画面处于前台
2025-10-21 02:25:07 [TRACE] 正在返回菜单,请保持游戏画面处于前台
2025-10-21 02:25:10 [TRACE] 正在返回菜单,请保持游戏画面处于前台
2025-10-21 02:25:13 [TRACE] 正在返回菜单,请保持游戏画面处于前台
2025-10-21 02:25:16 [TRACE] 正在返回菜单,请保持游戏画面处于前台
2025-10-21 02:25:20 [TRACE] 正在返回菜单,请保持游戏画面处于前台
2025-10-21 02:25:23 [TRACE] 正在返回菜单,请保持游戏画面处于前台
2025-10-21 02:25:26 [TRACE] 正在返回菜单,请保持游戏画面处于前台
2025-10-21 02:25:29 [TRACE] 正在返回菜单,请保持游戏画面处于前台
2025-10-21 02:25:33 [TRACE] 正在返回菜单,请保持游戏画面处于前台
2025-10-21 02:25:36 [TRACE] 正在返回菜单,请保持游戏画面处于前台
2025-10-21 02:25:39 [TRACE] 正在返回菜单,请保持游戏画面处于前台
2025-10-21 02:25:42 [TRACE] 正在返回菜单,请保持游戏画面处于前台
2025-10-21 02:25:46 [TRACE] 正在返回菜单,请保持游戏画面处于前台
2025-10-21 02:25:49 [TRACE] 正在返回菜单,请保持游戏画面处于前台
2025-10-21 02:25:52 [TRACE] 正在返回菜单,请保持游戏画面处于前台
2025-10-21 02:25:55 [TRACE] 正在返回菜单,请保持游戏画面处于前台
2025-10-21 02:25:59 [TRACE] 正在返回菜单,请保持游戏画面处于前台
2025-10-21 02:26:02 [TRACE] 正在返回菜单,请保持游戏画面处于前台
2025-10-21 02:26:05 [TRACE] 正在返回菜单,请保持游戏画面处于前台
2025-10-21 02:26:08 [TRACE] 正在返回菜单,请保持游戏画面处于前台
2025-10-21 02:26:12 [TRACE] 正在返回菜单,请保持游戏画面处于前台
2025-10-21 02:26:15 [TRACE] 正在返回菜单,请保持游戏画面处于前台
2025-10-21 02:26:18 [TRACE] 正在返回菜单,请保持游戏画面处于前台
2025-10-21 02:26:21 [TRACE] 正在返回菜单,请保持游戏画面处于前台
2025-10-21 02:26:25 [TRACE] 正在返回菜单,请保持游戏画面处于前台
2025-10-21 02:26:28 [TRACE] 正在返回菜单,请保持游戏画面处于前台
2025-10-21 02:26:31 [TRACE] 正在返回菜单,请保持游戏画面处于前台
2025-10-21 02:26:34 [TRACE] 正在返回菜单,请保持游戏画面处于前台
2025-10-21 02:26:38 [TRACE] 正在返回菜单,请保持游戏画面处于前台
2025-10-21 02:26:41 [TRACE] 正在返回菜单,请保持游戏画面处于前台
2025-10-21 02:26:44 [TRACE] 正在返回菜单,请保持游戏画面处于前台
2025-10-21 02:26:47 [TRACE] 正在返回菜单,请保持游戏画面处于前台
2025-10-21 02:26:51 [TRACE] 正在返回菜单,请保持游戏画面处于前台
2025-10-21 02:26:54 [TRACE] 正在返回菜单,请保持游戏画面处于前台
2025-10-21 02:26:57 [TRACE] 正在返回菜单,请保持游戏画面处于前台
2025-10-21 02:27:01 [TRACE] 正在返回菜单,请保持游戏画面处于前台
2025-10-21 02:27:04 [TRACE] 正在返回菜单,请保持游戏画面处于前台
2025-10-21 02:27:07 [TRACE] 正在返回菜单,请保持游戏画面处于前台
2025-10-21 02:27:10 [TRACE] 正在返回菜单,请保持游戏画面处于前台
2025-10-21 02:27:13 [TRACE] 正在返回菜单,请保持游戏画面处于前台
2025-10-21 02:27:17 [TRACE] 正在返回菜单,请保持游戏画面处于前台
2025-10-21 02:27:20 [TRACE] 正在返回菜单,请保持游戏画面处于前台
2025-10-21 02:27:23 [TRACE] 正在返回菜单,请保持游戏画面处于前台
2025-10-21 02:27:26 [TRACE] 正在返回菜单,请保持游戏画面处于前台
2025-10-21 02:27:30 [TRACE] 正在返回菜单,请保持游戏画面处于前台
2025-10-21 02:27:33 [TRACE] 正在返回菜单,请保持游戏画面处于前台
2025-10-21 02:27:36 [TRACE] 正在返回菜单,请保持游戏画面处于前台
2025-10-21 02:27:40 [TRACE] 正在返回菜单,请保持游戏画面处于前台
2025-10-21 02:27:43 [TRACE] 正在返回菜单,请保持游戏画面处于前台
2025-10-21 02:27:46 [TRACE] 正在返回菜单,请保持游戏画面处于前台
2025-10-21 02:27:49 [TRACE] 正在返回菜单,请保持游戏画面处于前台
2025-10-21 02:27:53 [TRACE] 正在返回菜单,请保持游戏画面处于前台
2025-10-21 02:27:56 [TRACE] 正在返回菜单,请保持游戏画面处于前台
2025-10-21 02:27:59 [TRACE] 正在返回菜单,请保持游戏画面处于前台
2025-10-21 02:28:02 [TRACE] 正在返回菜单,请保持游戏画面处于前台
2025-10-21 02:28:06 [TRACE] 正在返回菜单,请保持游戏画面处于前台
2025-10-21 02:28:09 [TRACE] 正在返回菜单,请保持游戏画面处于前台
2025-10-21 02:28:12 [TRACE] 正在返回菜单,请保持游戏画面处于前台
2025-10-21 02:28:15 [TRACE] 正在返回菜单,请保持游戏画面处于前台
2025-10-21 02:28:18 [TRACE] 正在返回菜单,请保持游戏画面处于前台
2025-10-21 02:28:22 [TRACE] 正在返回菜单,请保持游戏画面处于前台
2025-10-21 02:28:25 [TRACE] 正在返回菜单,请保持游戏画面处于前台
