2025-10-20 14:03:58 [TRACE] 【线程启动】全局监听
2025-10-20 14:03:58 [TRACE] 【线程启动】终止监听
2025-10-20 14:03:58 [INFO] 现在执行 1 次零号空洞
2025-10-20 14:04:00 [DEBUG] 初始化完毕..启动{零号空洞}模块
2025-10-20 14:04:03 [DEBUG] 发现已存在的游戏窗口
2025-10-20 14:04:08 [SUCCESS] 程序开始接管操作，请保持游戏画面处于前台，终止按下Alt键
2025-10-20 14:04:08 [TRACE] 【线程启动】空洞搜索
2025-10-20 14:04:08 [TRACE] 【线程启动】空洞监听
2025-10-20 14:04:08 [TRACE] 【线程启动】空洞战斗
2025-10-20 14:04:08 [DEBUG] 正在返回菜单
2025-10-20 14:04:08 [TRACE] 正在返回菜单,请保持游戏画面处于前台
2025-10-20 14:04:10 [TRACE] 正在返回菜单,请保持游戏画面处于前台
2025-10-20 14:04:13 [TRACE] 正在返回菜单,请保持游戏画面处于前台
2025-10-20 14:04:15 [TRACE] 正在返回菜单,请保持游戏画面处于前台
2025-10-20 14:04:17 [TRACE] 正在返回菜单,请保持游戏画面处于前台
2025-10-20 14:04:19 [TRACE] 正在返回菜单,请保持游戏画面处于前台
2025-10-20 14:04:22 [TRACE] 正在返回菜单,请保持游戏画面处于前台
2025-10-20 14:04:24 [TRACE] 正在返回菜单,请保持游戏画面处于前台
2025-10-20 14:04:26 [TRACE] 正在返回菜单,请保持游戏画面处于前台
2025-10-20 14:04:29 [TRACE] 正在返回菜单,请保持游戏画面处于前台
2025-10-20 14:04:31 [TRACE] 正在返回菜单,请保持游戏画面处于前台
2025-10-20 14:04:33 [TRACE] 正在返回菜单,请保持游戏画面处于前台
2025-10-20 14:04:36 [TRACE] 正在返回菜单,请保持游戏画面处于前台
2025-10-20 14:04:38 [TRACE] 正在返回菜单,请保持游戏画面处于前台
2025-10-20 14:04:40 [TRACE] 正在返回菜单,请保持游戏画面处于前台
2025-10-20 14:04:43 [TRACE] 正在返回菜单,请保持游戏画面处于前台
2025-10-20 14:04:45 [TRACE] 正在返回菜单,请保持游戏画面处于前台
2025-10-20 14:04:47 [TRACE] 正在返回菜单,请保持游戏画面处于前台
2025-10-20 14:04:50 [TRACE] 正在返回菜单,请保持游戏画面处于前台
2025-10-20 14:04:52 [TRACE] 正在返回菜单,请保持游戏画面处于前台
2025-10-20 14:04:54 [TRACE] 正在返回菜单,请保持游戏画面处于前台
2025-10-20 14:04:56 [TRACE] 正在返回菜单,请保持游戏画面处于前台
2025-10-20 14:04:59 [TRACE] 正在返回菜单,请保持游戏画面处于前台
2025-10-20 14:05:01 [TRACE] 正在返回菜单,请保持游戏画面处于前台
2025-10-20 14:05:03 [TRACE] 正在返回菜单,请保持游戏画面处于前台
2025-10-20 14:05:06 [TRACE] 正在返回菜单,请保持游戏画面处于前台
2025-10-20 14:05:08 [TRACE] 正在返回菜单,请保持游戏画面处于前台
2025-10-20 14:05:10 [TRACE] 正在返回菜单,请保持游戏画面处于前台
2025-10-20 14:05:13 [TRACE] 正在返回菜单,请保持游戏画面处于前台
2025-10-20 14:05:15 [TRACE] 正在返回菜单,请保持游戏画面处于前台
2025-10-20 14:05:17 [TRACE] 正在返回菜单,请保持游戏画面处于前台
2025-10-20 14:05:19 [TRACE] 正在返回菜单,请保持游戏画面处于前台
2025-10-20 14:05:22 [TRACE] 正在返回菜单,请保持游戏画面处于前台
2025-10-20 14:05:24 [TRACE] 正在返回菜单,请保持游戏画面处于前台
2025-10-20 14:05:26 [TRACE] 正在返回菜单,请保持游戏画面处于前台
2025-10-20 14:05:29 [TRACE] 正在返回菜单,请保持游戏画面处于前台
2025-10-20 14:05:31 [TRACE] 正在返回菜单,请保持游戏画面处于前台
2025-10-20 14:05:33 [TRACE] 正在返回菜单,请保持游戏画面处于前台
2025-10-20 14:05:35 [TRACE] 正在返回菜单,请保持游戏画面处于前台
2025-10-20 14:05:38 [TRACE] 正在返回菜单,请保持游戏画面处于前台
2025-10-20 14:05:40 [TRACE] 正在返回菜单,请保持游戏画面处于前台
2025-10-20 14:05:42 [TRACE] 正在返回菜单,请保持游戏画面处于前台
2025-10-20 14:05:45 [TRACE] 正在返回菜单,请保持游戏画面处于前台
2025-10-20 14:05:47 [TRACE] 正在返回菜单,请保持游戏画面处于前台
2025-10-20 14:05:49 [TRACE] 正在返回菜单,请保持游戏画面处于前台
2025-10-20 14:05:52 [TRACE] 正在返回菜单,请保持游戏画面处于前台
2025-10-20 14:05:54 [TRACE] 正在返回菜单,请保持游戏画面处于前台
2025-10-20 14:05:56 [TRACE] 正在返回菜单,请保持游戏画面处于前台
2025-10-20 14:05:58 [TRACE] 正在返回菜单,请保持游戏画面处于前台
2025-10-20 14:06:01 [TRACE] 正在返回菜单,请保持游戏画面处于前台
2025-10-20 14:06:03 [TRACE] 正在返回菜单,请保持游戏画面处于前台
2025-10-20 14:06:05 [TRACE] 正在返回菜单,请保持游戏画面处于前台
2025-10-20 14:06:08 [TRACE] 正在返回菜单,请保持游戏画面处于前台
2025-10-20 14:06:10 [TRACE] 正在返回菜单,请保持游戏画面处于前台
2025-10-20 14:06:12 [TRACE] 正在返回菜单,请保持游戏画面处于前台
2025-10-20 14:06:14 [TRACE] 正在返回菜单,请保持游戏画面处于前台
2025-10-20 14:06:17 [TRACE] 正在返回菜单,请保持游戏画面处于前台
2025-10-20 14:06:19 [TRACE] 正在返回菜单,请保持游戏画面处于前台
2025-10-20 14:06:21 [TRACE] 正在返回菜单,请保持游戏画面处于前台
2025-10-20 14:06:24 [TRACE] 正在返回菜单,请保持游戏画面处于前台
2025-10-20 14:06:26 [TRACE] 现在处于大厅
2025-10-20 14:06:27 [INFO] 执行零号空洞任务中
2025-10-20 14:06:27 [TRACE] 【1】等待目标中 C:\Users\gelon\Desktop\ZA-Lite\assets/images/hollow\combat.png
2025-10-20 14:06:28 [TRACE] 【目标出现】C:\Users\gelon\Desktop\ZA-Lite\assets/images/hollow\combat.png 置信度：0.9762948155403137
2025-10-20 14:06:29 [TRACE] 【目标出现】C:\Users\gelon\Desktop\ZA-Lite\assets/images/hollow\zero_hollow.png 置信度：0.9999944567680359
2025-10-20 14:06:31 [TRACE] 【目标出现】C:\Users\gelon\Desktop\ZA-Lite\assets/images/hollow\go_hollow.png 置信度：0.9945992231369019
2025-10-20 14:06:32 [TRACE] 【目标出现】C:\Users\gelon\Desktop\ZA-Lite\assets/images/hollow\confirm.png 置信度：0.9839527010917664
2025-10-20 14:06:34 [TRACE] 【1】等待目标中 C:\Users\gelon\Desktop\ZA-Lite\assets/images/hollow\hollow_taskforce.png
2025-10-20 14:06:34 [TRACE] 【2】等待目标中 C:\Users\gelon\Desktop\ZA-Lite\assets/images/hollow\hollow_taskforce.png
2025-10-20 14:06:35 [TRACE] 【目标出现】C:\Users\gelon\Desktop\ZA-Lite\assets/images/hollow\hollow_taskforce.png 置信度：0.9994494915008545
2025-10-20 14:06:36 [TRACE] 【目标出现】C:\Users\gelon\Desktop\ZA-Lite\assets/images/hollow\strategy.png 置信度：0.9999997019767761
2025-10-20 14:06:38 [TRACE] 【1】等待目标中 C:\Users\gelon\Desktop\ZA-Lite\assets/images/hollow\strategy_confirm.png
2025-10-20 14:06:38 [TRACE] 【目标出现】C:\Users\gelon\Desktop\ZA-Lite\assets/images/hollow\strategy_confirm.png 置信度：1.0
2025-10-20 14:06:40 [TRACE] 【目标出现】C:\Users\gelon\Desktop\ZA-Lite\assets/images/hollow\next_step.png 置信度：0.9800942540168762
2025-10-20 14:06:41 [TRACE] 【目标出现】C:\Users\gelon\Desktop\ZA-Lite\assets/images/daily\squad_preset.png 置信度：0.9862319827079773
2025-10-20 14:06:43 [TRACE] 【目标出现】C:\Users\gelon\Desktop\ZA-Lite\assets/images/daily\squad_6.png 置信度：0.9913831949234009
2025-10-20 14:06:44 [TRACE] 【目标出现】C:\Users\gelon\Desktop\ZA-Lite\assets/images/daily\select_squad.png 置信度：0.9685584306716919
2025-10-20 14:06:45 [TRACE] 【目标出现】C:\Users\gelon\Desktop\ZA-Lite\assets/images/hollow\start_battle.png 置信度：0.9752032160758972
2025-10-20 14:06:46 [TRACE] 【空洞监听】无匹配已持续：0秒
2025-10-20 14:06:46 [TRACE] 【线程启动】攻击检测
2025-10-20 14:06:47 [TRACE] 【目标检测】屏幕内没有目标
2025-10-20 14:06:49 [TRACE] 【目标检测】屏幕内没有目标
2025-10-20 14:06:51 [TRACE] 【目标检测】屏幕内没有目标
2025-10-20 14:06:52 [TRACE] 【目标检测】屏幕内没有目标
2025-10-20 14:06:53 [TRACE] 【空洞监听】无匹配已持续：6秒
2025-10-20 14:06:53 [TRACE] 【目标检测】屏幕内没有目标
2025-10-20 14:06:56 [TRACE] 【目标检测】屏幕内没有目标
2025-10-20 14:06:57 [TRACE] 【目标检测】屏幕内没有目标
2025-10-20 14:06:58 [TRACE] 【目标检测】屏幕内没有目标
2025-10-20 14:06:59 [TRACE] 【空洞监听】无匹配已持续：12秒
2025-10-20 14:07:00 [TRACE] 【目标检测】屏幕内没有目标
2025-10-20 14:07:01 [TRACE] 【目标检测】屏幕内没有目标
2025-10-20 14:07:04 [TRACE] 【目标检测】屏幕内没有目标
2025-10-20 14:07:06 [TRACE] 【目标检测】屏幕内没有目标
2025-10-20 14:07:06 [TRACE] 【空洞监听】无匹配已持续：20秒
2025-10-20 14:07:07 [TRACE] 【目标检测】屏幕内没有目标
2025-10-20 14:07:09 [TRACE] 【目标检测】屏幕内没有目标
2025-10-20 14:07:10 [TRACE] 【目标检测】屏幕内没有目标
2025-10-20 14:07:13 [TRACE] 【空洞监听】无匹配已持续：26秒
2025-10-20 14:07:17 [TRACE] 【目标检测】TRAPPED！ 类型：interact 置信度：0.9121160507202148
2025-10-20 14:07:20 [TRACE] 【空洞监听】无匹配已持续：33秒
2025-10-20 14:07:20 [TRACE] 【状态】搜索模式：C:\Users\gelon\Desktop\ZA-Lite\assets/images/hollow\card.png 置信度：1.0
2025-10-20 14:07:24 [TRACE] 【目标检测】目标存在，但置信度不足
2025-10-20 14:07:26 [TRACE] 【目标检测】目标存在，但置信度不足
2025-10-20 14:07:32 [TRACE] 【目标检测】TRAPPED！ 类型：interact 置信度：0.9187304377555847
2025-10-20 14:07:35 [TRACE] 【空洞监听】无匹配已持续：0秒
2025-10-20 14:07:41 [TRACE] 【空洞监听】无匹配已持续：6秒
2025-10-20 14:07:42 [TRACE] 【目标检测】微调超时，无法对齐！
2025-10-20 14:07:47 [TRACE] 【目标检测】TRAPPED！ 类型：interact 置信度：0.9093560576438904
2025-10-20 14:07:48 [TRACE] 【空洞监听】无匹配已持续：13秒
2025-10-20 14:07:55 [TRACE] 【目标检测】TRAPPED！ 类型：interact 置信度：0.91068035364151
2025-10-20 14:07:59 [TRACE] 【目标检测】屏幕内没有目标
2025-10-20 14:08:00 [TRACE] 【目标检测】屏幕内没有目标
2025-10-20 14:08:02 [TRACE] 【目标检测】屏幕内没有目标
2025-10-20 14:08:02 [TRACE] 【空洞监听】无匹配已持续：0秒
2025-10-20 14:08:03 [TRACE] 【目标检测】屏幕内没有目标
2025-10-20 14:08:05 [TRACE] 【目标检测】屏幕内没有目标
2025-10-20 14:08:08 [TRACE] 【目标检测】屏幕内没有目标
2025-10-20 14:08:10 [TRACE] 【空洞监听】无匹配已持续：7秒
2025-10-20 14:08:16 [TRACE] 【目标检测】TRAPPED！ 类型：interact 置信度：0.9181656837463379
2025-10-20 14:08:17 [TRACE] 【空洞监听】无匹配已持续：14秒
2025-10-20 14:08:23 [TRACE] 【目标检测】屏幕内没有目标
2025-10-20 14:08:30 [TRACE] 【目标检测】目标存在，但置信度不足
2025-10-20 14:08:31 [TRACE] 【空洞监听】无匹配已持续：0秒
2025-10-20 14:08:33 [TRACE] 【目标检测】微调超时，无法对齐！
2025-10-20 14:08:38 [TRACE] 【空洞监听】无匹配已持续：7秒
2025-10-20 14:08:42 [TRACE] 【目标检测】微调超时，无法对齐！
2025-10-20 14:08:42 [TRACE] 【状态】搜索模式：C:\Users\gelon\Desktop\ZA-Lite\assets/images/hollow\meter.png 置信度：0.9639208912849426
2025-10-20 14:08:46 [TRACE] 【目标检测】TRAPPED！ 类型：blue_portal 置信度：0.7974217534065247
2025-10-20 14:08:53 [TRACE] 【目标检测】屏幕内没有目标
2025-10-20 14:08:54 [TRACE] 【目标检测】屏幕内没有目标
2025-10-20 14:08:56 [TRACE] 【目标检测】屏幕内没有目标
2025-10-20 14:08:57 [TRACE] 【目标检测】屏幕内没有目标
2025-10-20 14:08:58 [TRACE] 【目标检测】屏幕内没有目标
2025-10-20 14:09:05 [TRACE] 【目标检测】目标存在，但置信度不足
2025-10-20 14:09:05 [TRACE] 【状态】搜索模式：C:\Users\gelon\Desktop\ZA-Lite\assets/images/hollow\meter.png 置信度：0.9653925895690918
2025-10-20 14:09:10 [TRACE] 【目标检测】TRAPPED！ 类型：blue_portal 置信度：0.8718490600585938
2025-10-20 14:09:15 [TRACE] 【空洞监听】无匹配已持续：0秒
2025-10-20 14:09:18 [TRACE] 【目标检测】TRAPPED！ 类型：blue_portal 置信度：0.8828319907188416
2025-10-20 14:09:22 [TRACE] 【空洞监听】无匹配已持续：6秒
2025-10-20 14:09:23 [TRACE] 【目标检测】TRAPPED！ 类型：blue_portal 置信度：0.8288578987121582
2025-10-20 14:09:28 [TRACE] 【空洞监听】无匹配已持续：13秒
2025-10-20 14:09:30 [TRACE] 【目标检测】屏幕内没有目标
2025-10-20 14:09:31 [TRACE] 【目标检测】屏幕内没有目标
2025-10-20 14:09:33 [TRACE] 【目标检测】屏幕内没有目标
2025-10-20 14:09:34 [TRACE] 【目标检测】目标存在，但置信度不足
2025-10-20 14:09:35 [TRACE] 【空洞监听】无匹配已持续：20秒
2025-10-20 14:09:36 [TRACE] 【目标检测】屏幕内没有目标
2025-10-20 14:09:38 [TRACE] 【目标检测】屏幕内没有目标
2025-10-20 14:09:41 [TRACE] 【目标检测】屏幕内没有目标
2025-10-20 14:09:42 [TRACE] 【空洞监听】无匹配已持续：27秒
2025-10-20 14:09:42 [TRACE] 【目标检测】屏幕内没有目标
2025-10-20 14:09:44 [TRACE] 【目标检测】屏幕内没有目标
2025-10-20 14:09:45 [TRACE] 【目标检测】屏幕内没有目标
2025-10-20 14:09:47 [TRACE] 【目标检测】屏幕内没有目标
2025-10-20 14:09:48 [TRACE] 【空洞监听】无匹配已持续：33秒
2025-10-20 14:09:55 [TRACE] 【目标检测】TRAPPED！ 类型：interact 置信度：0.9421795606613159
2025-10-20 14:09:55 [TRACE] 【空洞监听】无匹配已持续：40秒
2025-10-20 14:10:01 [TRACE] 【空洞监听】无匹配已持续：46秒
2025-10-20 14:10:02 [TRACE] 【目标检测】屏幕内没有目标
2025-10-20 14:10:03 [TRACE] 【目标检测】屏幕内没有目标
2025-10-20 14:10:05 [TRACE] 【目标检测】屏幕内没有目标
2025-10-20 14:10:06 [TRACE] 【目标检测】屏幕内没有目标
2025-10-20 14:10:07 [TRACE] 【目标检测】屏幕内没有目标
2025-10-20 14:10:10 [TRACE] 【目标检测】屏幕内没有目标
2025-10-20 14:10:11 [TRACE] 【目标检测】屏幕内没有目标
2025-10-20 14:10:12 [TRACE] 【目标检测】屏幕内没有目标
2025-10-20 14:10:14 [TRACE] 【目标检测】屏幕内没有目标
2025-10-20 14:10:15 [TRACE] 【目标检测】屏幕内没有目标
2025-10-20 14:10:18 [TRACE] 【目标检测】屏幕内没有目标
2025-10-20 14:10:19 [TRACE] 【目标检测】屏幕内没有目标
2025-10-20 14:10:21 [TRACE] 【目标检测】屏幕内没有目标
2025-10-20 14:10:22 [TRACE] 【目标检测】屏幕内没有目标
2025-10-20 14:10:23 [TRACE] 【目标检测】屏幕内没有目标
2025-10-20 14:10:26 [TRACE] 【目标检测】屏幕内没有目标
2025-10-20 14:10:27 [TRACE] 【目标检测】屏幕内没有目标
2025-10-20 14:10:28 [TRACE] 【目标检测】屏幕内没有目标
2025-10-20 14:10:30 [TRACE] 【目标检测】屏幕内没有目标
2025-10-20 14:10:31 [TRACE] 【目标检测】屏幕内没有目标
2025-10-20 14:10:33 [TRACE] 【目标检测】屏幕内没有目标
2025-10-20 14:10:35 [TRACE] 【目标检测】屏幕内没有目标
2025-10-20 14:10:37 [TRACE] 【目标检测】屏幕内没有目标
2025-10-20 14:10:38 [TRACE] 【目标检测】屏幕内没有目标
2025-10-20 14:10:39 [TRACE] 【目标检测】屏幕内没有目标
2025-10-20 14:10:42 [TRACE] 【目标检测】屏幕内没有目标
2025-10-20 14:10:43 [TRACE] 【目标检测】屏幕内没有目标
2025-10-20 14:10:45 [TRACE] 【目标检测】屏幕内没有目标
2025-10-20 14:10:46 [TRACE] 【目标检测】屏幕内没有目标
2025-10-20 14:10:47 [TRACE] 【目标检测】目标存在，但置信度不足
2025-10-20 14:10:48 [TRACE] 【目标检测】目标存在，但置信度不足
2025-10-20 14:10:50 [TRACE] 【状态】搜索模式：C:\Users\gelon\Desktop\ZA-Lite\assets/images/hollow\resonium.png 置信度：1.0
2025-10-20 14:10:50 [TRACE] 【目标出现】C:\Users\gelon\Desktop\ZA-Lite\assets/images/hollow\resonium.png 置信度：1.0
2025-10-20 14:10:50 [TRACE] 【本轮的坐标】：(np.int64(1174), np.int64(461)) ------------
2025-10-20 14:10:50 [TRACE] 【已点击过的坐标】：[(-10, -10)]
2025-10-20 14:10:50 [TRACE] 【成功点击】
2025-10-20 14:10:50 [TRACE] 【目标检测】屏幕内没有目标
2025-10-20 14:10:51 [TRACE] 【本轮的坐标】：(np.int64(1581), np.int64(461)) ------------
2025-10-20 14:10:51 [TRACE] 【已点击过的坐标】：[(-10, -10), (np.int64(1174), np.int64(461))]
2025-10-20 14:10:51 [TRACE] 【成功点击】
2025-10-20 14:10:51 [TRACE] 【本轮的坐标】：(np.int64(1582), np.int64(461)) ------------
2025-10-20 14:10:51 [TRACE] 【已点击过的坐标】：[(-10, -10), (np.int64(1174), np.int64(461)), (np.int64(1581), np.int64(461))]
2025-10-20 14:10:51 [TRACE] 【坐标太近】视为重复
2025-10-20 14:10:51 [TRACE] 【没有通过的坐标】开始下一轮
2025-10-20 14:10:51 [TRACE] 【本轮的坐标】：(np.int64(1988), np.int64(461)) ------------
2025-10-20 14:10:51 [TRACE] 【已点击过的坐标】：[(-10, -10), (np.int64(1174), np.int64(461)), (np.int64(1581), np.int64(461))]
2025-10-20 14:10:51 [TRACE] 【成功点击】
2025-10-20 14:10:52 [TRACE] 【本轮的坐标】：(np.int64(1989), np.int64(461)) ------------
2025-10-20 14:10:52 [TRACE] 【已点击过的坐标】：[(-10, -10), (np.int64(1174), np.int64(461)), (np.int64(1581), np.int64(461)), (np.int64(1988), np.int64(461))]
2025-10-20 14:10:52 [TRACE] 【坐标太近】视为重复
2025-10-20 14:10:52 [TRACE] 【没有通过的坐标】开始下一轮
2025-10-20 14:10:52 [TRACE] 【本轮的坐标】：(np.int64(1173), np.int64(462)) ------------
2025-10-20 14:10:52 [TRACE] 【已点击过的坐标】：[(-10, -10), (np.int64(1174), np.int64(461)), (np.int64(1581), np.int64(461)), (np.int64(1988), np.int64(461))]
2025-10-20 14:10:52 [TRACE] 【坐标太近】视为重复
2025-10-20 14:10:52 [TRACE] 【没有通过的坐标】开始下一轮
2025-10-20 14:10:52 [TRACE] 【本轮的坐标】：(np.int64(1174), np.int64(462)) ------------
2025-10-20 14:10:52 [TRACE] 【已点击过的坐标】：[(-10, -10), (np.int64(1174), np.int64(461)), (np.int64(1581), np.int64(461)), (np.int64(1988), np.int64(461))]
2025-10-20 14:10:52 [TRACE] 【坐标太近】视为重复
2025-10-20 14:10:52 [TRACE] 【没有通过的坐标】开始下一轮
2025-10-20 14:10:52 [TRACE] 【本轮的坐标】：(np.int64(1175), np.int64(462)) ------------
2025-10-20 14:10:52 [TRACE] 【已点击过的坐标】：[(-10, -10), (np.int64(1174), np.int64(461)), (np.int64(1581), np.int64(461)), (np.int64(1988), np.int64(461))]
2025-10-20 14:10:52 [TRACE] 【坐标太近】视为重复
2025-10-20 14:10:52 [TRACE] 【没有通过的坐标】开始下一轮
2025-10-20 14:10:52 [TRACE] 【本轮的坐标】：(np.int64(1580), np.int64(462)) ------------
2025-10-20 14:10:52 [TRACE] 【已点击过的坐标】：[(-10, -10), (np.int64(1174), np.int64(461)), (np.int64(1581), np.int64(461)), (np.int64(1988), np.int64(461))]
2025-10-20 14:10:52 [TRACE] 【坐标太近】视为重复
2025-10-20 14:10:52 [TRACE] 【没有通过的坐标】开始下一轮
2025-10-20 14:10:52 [TRACE] 【本轮的坐标】：(np.int64(1581), np.int64(462)) ------------
2025-10-20 14:10:52 [TRACE] 【已点击过的坐标】：[(-10, -10), (np.int64(1174), np.int64(461)), (np.int64(1581), np.int64(461)), (np.int64(1988), np.int64(461))]
2025-10-20 14:10:52 [TRACE] 【坐标太近】视为重复
2025-10-20 14:10:52 [TRACE] 【没有通过的坐标】开始下一轮
2025-10-20 14:10:52 [TRACE] 【本轮的坐标】：(np.int64(1582), np.int64(462)) ------------
2025-10-20 14:10:52 [TRACE] 【已点击过的坐标】：[(-10, -10), (np.int64(1174), np.int64(461)), (np.int64(1581), np.int64(461)), (np.int64(1988), np.int64(461))]
2025-10-20 14:10:52 [TRACE] 【坐标太近】视为重复
2025-10-20 14:10:52 [TRACE] 【没有通过的坐标】开始下一轮
2025-10-20 14:10:52 [TRACE] 【本轮的坐标】：(np.int64(1987), np.int64(462)) ------------
2025-10-20 14:10:52 [TRACE] 【已点击过的坐标】：[(-10, -10), (np.int64(1174), np.int64(461)), (np.int64(1581), np.int64(461)), (np.int64(1988), np.int64(461))]
2025-10-20 14:10:52 [TRACE] 【坐标太近】视为重复
2025-10-20 14:10:52 [TRACE] 【没有通过的坐标】开始下一轮
2025-10-20 14:10:52 [TRACE] 【本轮的坐标】：(np.int64(1988), np.int64(462)) ------------
2025-10-20 14:10:52 [TRACE] 【已点击过的坐标】：[(-10, -10), (np.int64(1174), np.int64(461)), (np.int64(1581), np.int64(461)), (np.int64(1988), np.int64(461))]
2025-10-20 14:10:52 [TRACE] 【坐标太近】视为重复
2025-10-20 14:10:52 [TRACE] 【没有通过的坐标】开始下一轮
2025-10-20 14:10:52 [TRACE] 【本轮的坐标】：(np.int64(1989), np.int64(462)) ------------
2025-10-20 14:10:52 [TRACE] 【已点击过的坐标】：[(-10, -10), (np.int64(1174), np.int64(461)), (np.int64(1581), np.int64(461)), (np.int64(1988), np.int64(461))]
2025-10-20 14:10:52 [TRACE] 【坐标太近】视为重复
2025-10-20 14:10:52 [TRACE] 【没有通过的坐标】开始下一轮
2025-10-20 14:10:52 [TRACE] 【本轮的坐标】：(np.int64(1990), np.int64(462)) ------------
2025-10-20 14:10:52 [TRACE] 【已点击过的坐标】：[(-10, -10), (np.int64(1174), np.int64(461)), (np.int64(1581), np.int64(461)), (np.int64(1988), np.int64(461))]
2025-10-20 14:10:52 [TRACE] 【坐标太近】视为重复
2025-10-20 14:10:52 [TRACE] 【没有通过的坐标】开始下一轮
2025-10-20 14:10:52 [TRACE] 【本轮的坐标】：(np.int64(1174), np.int64(463)) ------------
2025-10-20 14:10:52 [TRACE] 【已点击过的坐标】：[(-10, -10), (np.int64(1174), np.int64(461)), (np.int64(1581), np.int64(461)), (np.int64(1988), np.int64(461))]
2025-10-20 14:10:52 [TRACE] 【坐标太近】视为重复
2025-10-20 14:10:52 [TRACE] 【没有通过的坐标】开始下一轮
2025-10-20 14:10:52 [TRACE] 【本轮的坐标】：(np.int64(1581), np.int64(463)) ------------
2025-10-20 14:10:52 [TRACE] 【已点击过的坐标】：[(-10, -10), (np.int64(1174), np.int64(461)), (np.int64(1581), np.int64(461)), (np.int64(1988), np.int64(461))]
2025-10-20 14:10:52 [TRACE] 【坐标太近】视为重复
2025-10-20 14:10:52 [TRACE] 【没有通过的坐标】开始下一轮
2025-10-20 14:10:52 [TRACE] 【本轮的坐标】：(np.int64(1988), np.int64(463)) ------------
2025-10-20 14:10:52 [TRACE] 【已点击过的坐标】：[(-10, -10), (np.int64(1174), np.int64(461)), (np.int64(1581), np.int64(461)), (np.int64(1988), np.int64(461))]
2025-10-20 14:10:52 [TRACE] 【坐标太近】视为重复
2025-10-20 14:10:52 [TRACE] 【没有通过的坐标】开始下一轮
2025-10-20 14:10:52 [TRACE] 【完成所有点击】有效次数：3
2025-10-20 14:10:52 [TRACE] 【目标检测】目标存在，但置信度不足
2025-10-20 14:10:54 [TRACE] 【目标检测】屏幕内没有目标
2025-10-20 14:10:55 [TRACE] 【目标检测】屏幕内没有目标
2025-10-20 14:10:56 [TRACE] 【目标检测】屏幕内没有目标
2025-10-20 14:10:58 [TRACE] 【目标检测】屏幕内没有目标
2025-10-20 14:11:02 [TRACE] 【目标检测】TRAPPED！ 类型：blue_portal 置信度：0.9201412796974182
2025-10-20 14:11:05 [TRACE] 【空洞监听】无匹配已持续：0秒
2025-10-20 14:11:09 [TRACE] 【目标检测】屏幕内没有目标
2025-10-20 14:11:10 [TRACE] 【目标检测】屏幕内没有目标
2025-10-20 14:11:12 [TRACE] 【空洞监听】无匹配已持续：6秒
2025-10-20 14:11:12 [TRACE] 【目标检测】屏幕内没有目标
2025-10-20 14:11:13 [TRACE] 【目标检测】屏幕内没有目标
2025-10-20 14:11:14 [TRACE] 【状态】战斗模式：C:\Users\gelon\Desktop\ZA-Lite\assets/images/hollow\battle_2.png 置信度：1.0
2025-10-20 14:11:15 [TRACE] 【目标检测】屏幕内没有目标
2025-10-20 14:11:15 [TRACE] 【状态】战斗模式：C:\Users\gelon\Desktop\ZA-Lite\assets/images/hollow\battle_3.png 置信度：0.9999997615814209
2025-10-20 14:11:25 [TRACE] 【空洞监听】无匹配已持续：0秒
2025-10-20 14:11:31 [TRACE] 【状态】战斗模式：正在受到攻击
2025-10-20 14:11:35 [TRACE] 【状态】搜索模式：C:\Users\gelon\Desktop\ZA-Lite\assets/images/hollow\meter.png 置信度：0.9216352701187134
2025-10-20 14:11:36 [TRACE] 【目标检测】屏幕内没有目标
2025-10-20 14:11:39 [TRACE] 【目标检测】目标存在，但置信度不足
2025-10-20 14:11:42 [TRACE] 【状态】搜索模式：C:\Users\gelon\Desktop\ZA-Lite\assets/images/hollow\meter.png 置信度：0.9871422648429871
2025-10-20 14:11:46 [TRACE] 【目标检测】微调超时，无法对齐！
2025-10-20 14:11:49 [TRACE] 【状态】搜索模式：C:\Users\gelon\Desktop\ZA-Lite\assets/images/hollow\meter.png 置信度：0.9351932406425476
2025-10-20 14:11:52 [TRACE] 【目标检测】TRAPPED！ 类型：guide_point 置信度：0.9463527798652649
2025-10-20 14:11:56 [TRACE] 【状态】搜索模式：C:\Users\gelon\Desktop\ZA-Lite\assets/images/hollow\meter.png 置信度：0.9067370295524597
2025-10-20 14:12:00 [TRACE] 【目标检测】屏幕内没有目标
2025-10-20 14:12:01 [TRACE] 【目标检测】屏幕内没有目标
2025-10-20 14:12:02 [TRACE] 【目标检测】屏幕内没有目标
2025-10-20 14:12:04 [TRACE] 【目标检测】屏幕内没有目标
2025-10-20 14:12:05 [TRACE] 【空洞监听】无匹配已持续：0秒
2025-10-20 14:12:06 [TRACE] 【目标检测】屏幕内没有目标
2025-10-20 14:12:08 [TRACE] 【目标检测】屏幕内没有目标
2025-10-20 14:12:10 [TRACE] 【目标检测】屏幕内没有目标
2025-10-20 14:12:11 [TRACE] 【目标检测】屏幕内没有目标
2025-10-20 14:12:12 [TRACE] 【空洞监听】无匹配已持续：6秒
2025-10-20 14:12:13 [TRACE] 【目标检测】屏幕内没有目标
2025-10-20 14:12:14 [TRACE] 【目标检测】屏幕内没有目标
2025-10-20 14:12:17 [TRACE] 【目标检测】屏幕内没有目标
2025-10-20 14:12:18 [TRACE] 【空洞监听】无匹配已持续：12秒
2025-10-20 14:12:18 [TRACE] 【目标检测】屏幕内没有目标
2025-10-20 14:12:25 [TRACE] 【空洞监听】无匹配已持续：19秒
2025-10-20 14:12:25 [TRACE] 【目标检测】TRAPPED！ 类型：interact 置信度：0.9375592470169067
2025-10-20 14:12:31 [TRACE] 【空洞监听】无匹配已持续：25秒
2025-10-20 14:12:33 [TRACE] 【目标检测】TRAPPED！ 类型：interact 置信度：0.9526261687278748
2025-10-20 14:12:38 [TRACE] 【目标检测】TRAPPED！ 类型：interact 置信度：0.9350844621658325
2025-10-20 14:12:38 [TRACE] 【空洞监听】无匹配已持续：32秒
2025-10-20 14:12:45 [TRACE] 【目标检测】屏幕内没有目标
2025-10-20 14:12:45 [TRACE] 【状态】搜索模式：C:\Users\gelon\Desktop\ZA-Lite\assets/images/hollow\resonium.png 置信度：1.0
2025-10-20 14:12:45 [TRACE] 【目标出现】C:\Users\gelon\Desktop\ZA-Lite\assets/images/hollow\resonium.png 置信度：1.0
2025-10-20 14:12:45 [TRACE] 【本轮的坐标】：(np.int64(1174), np.int64(461)) ------------
2025-10-20 14:12:45 [TRACE] 【已点击过的坐标】：[(-10, -10)]
2025-10-20 14:12:45 [TRACE] 【成功点击】
2025-10-20 14:12:46 [TRACE] 【目标检测】屏幕内没有目标
2025-10-20 14:12:46 [TRACE] 【本轮的坐标】：(np.int64(1581), np.int64(461)) ------------
2025-10-20 14:12:46 [TRACE] 【已点击过的坐标】：[(-10, -10), (np.int64(1174), np.int64(461))]
2025-10-20 14:12:46 [TRACE] 【成功点击】
2025-10-20 14:12:47 [TRACE] 【本轮的坐标】：(np.int64(1582), np.int64(461)) ------------
2025-10-20 14:12:47 [TRACE] 【已点击过的坐标】：[(-10, -10), (np.int64(1174), np.int64(461)), (np.int64(1581), np.int64(461))]
2025-10-20 14:12:47 [TRACE] 【坐标太近】视为重复
2025-10-20 14:12:47 [TRACE] 【没有通过的坐标】开始下一轮
2025-10-20 14:12:47 [TRACE] 【本轮的坐标】：(np.int64(1988), np.int64(461)) ------------
2025-10-20 14:12:47 [TRACE] 【已点击过的坐标】：[(-10, -10), (np.int64(1174), np.int64(461)), (np.int64(1581), np.int64(461))]
2025-10-20 14:12:47 [TRACE] 【成功点击】
2025-10-20 14:12:47 [TRACE] 【目标检测】屏幕内没有目标
2025-10-20 14:12:48 [TRACE] 【本轮的坐标】：(np.int64(1989), np.int64(461)) ------------
2025-10-20 14:12:48 [TRACE] 【已点击过的坐标】：[(-10, -10), (np.int64(1174), np.int64(461)), (np.int64(1581), np.int64(461)), (np.int64(1988), np.int64(461))]
2025-10-20 14:12:48 [TRACE] 【坐标太近】视为重复
2025-10-20 14:12:48 [TRACE] 【没有通过的坐标】开始下一轮
2025-10-20 14:12:48 [TRACE] 【本轮的坐标】：(np.int64(1173), np.int64(462)) ------------
2025-10-20 14:12:48 [TRACE] 【已点击过的坐标】：[(-10, -10), (np.int64(1174), np.int64(461)), (np.int64(1581), np.int64(461)), (np.int64(1988), np.int64(461))]
2025-10-20 14:12:48 [TRACE] 【坐标太近】视为重复
2025-10-20 14:12:48 [TRACE] 【没有通过的坐标】开始下一轮
2025-10-20 14:12:48 [TRACE] 【本轮的坐标】：(np.int64(1174), np.int64(462)) ------------
2025-10-20 14:12:48 [TRACE] 【已点击过的坐标】：[(-10, -10), (np.int64(1174), np.int64(461)), (np.int64(1581), np.int64(461)), (np.int64(1988), np.int64(461))]
2025-10-20 14:12:48 [TRACE] 【坐标太近】视为重复
2025-10-20 14:12:48 [TRACE] 【没有通过的坐标】开始下一轮
2025-10-20 14:12:48 [TRACE] 【本轮的坐标】：(np.int64(1175), np.int64(462)) ------------
2025-10-20 14:12:48 [TRACE] 【已点击过的坐标】：[(-10, -10), (np.int64(1174), np.int64(461)), (np.int64(1581), np.int64(461)), (np.int64(1988), np.int64(461))]
2025-10-20 14:12:48 [TRACE] 【坐标太近】视为重复
2025-10-20 14:12:48 [TRACE] 【没有通过的坐标】开始下一轮
2025-10-20 14:12:48 [TRACE] 【本轮的坐标】：(np.int64(1580), np.int64(462)) ------------
2025-10-20 14:12:48 [TRACE] 【已点击过的坐标】：[(-10, -10), (np.int64(1174), np.int64(461)), (np.int64(1581), np.int64(461)), (np.int64(1988), np.int64(461))]
2025-10-20 14:12:48 [TRACE] 【坐标太近】视为重复
2025-10-20 14:12:48 [TRACE] 【没有通过的坐标】开始下一轮
2025-10-20 14:12:48 [TRACE] 【本轮的坐标】：(np.int64(1581), np.int64(462)) ------------
2025-10-20 14:12:48 [TRACE] 【已点击过的坐标】：[(-10, -10), (np.int64(1174), np.int64(461)), (np.int64(1581), np.int64(461)), (np.int64(1988), np.int64(461))]
2025-10-20 14:12:48 [TRACE] 【坐标太近】视为重复
2025-10-20 14:12:48 [TRACE] 【没有通过的坐标】开始下一轮
2025-10-20 14:12:48 [TRACE] 【本轮的坐标】：(np.int64(1582), np.int64(462)) ------------
2025-10-20 14:12:48 [TRACE] 【已点击过的坐标】：[(-10, -10), (np.int64(1174), np.int64(461)), (np.int64(1581), np.int64(461)), (np.int64(1988), np.int64(461))]
2025-10-20 14:12:48 [TRACE] 【坐标太近】视为重复
2025-10-20 14:12:48 [TRACE] 【没有通过的坐标】开始下一轮
2025-10-20 14:12:48 [TRACE] 【本轮的坐标】：(np.int64(1987), np.int64(462)) ------------
2025-10-20 14:12:48 [TRACE] 【已点击过的坐标】：[(-10, -10), (np.int64(1174), np.int64(461)), (np.int64(1581), np.int64(461)), (np.int64(1988), np.int64(461))]
2025-10-20 14:12:48 [TRACE] 【坐标太近】视为重复
2025-10-20 14:12:48 [TRACE] 【没有通过的坐标】开始下一轮
2025-10-20 14:12:48 [TRACE] 【本轮的坐标】：(np.int64(1988), np.int64(462)) ------------
2025-10-20 14:12:48 [TRACE] 【已点击过的坐标】：[(-10, -10), (np.int64(1174), np.int64(461)), (np.int64(1581), np.int64(461)), (np.int64(1988), np.int64(461))]
2025-10-20 14:12:48 [TRACE] 【坐标太近】视为重复
2025-10-20 14:12:48 [TRACE] 【没有通过的坐标】开始下一轮
2025-10-20 14:12:48 [TRACE] 【本轮的坐标】：(np.int64(1989), np.int64(462)) ------------
2025-10-20 14:12:48 [TRACE] 【已点击过的坐标】：[(-10, -10), (np.int64(1174), np.int64(461)), (np.int64(1581), np.int64(461)), (np.int64(1988), np.int64(461))]
2025-10-20 14:12:48 [TRACE] 【坐标太近】视为重复
2025-10-20 14:12:48 [TRACE] 【没有通过的坐标】开始下一轮
2025-10-20 14:12:48 [TRACE] 【本轮的坐标】：(np.int64(1990), np.int64(462)) ------------
2025-10-20 14:12:48 [TRACE] 【已点击过的坐标】：[(-10, -10), (np.int64(1174), np.int64(461)), (np.int64(1581), np.int64(461)), (np.int64(1988), np.int64(461))]
2025-10-20 14:12:48 [TRACE] 【坐标太近】视为重复
2025-10-20 14:12:48 [TRACE] 【没有通过的坐标】开始下一轮
2025-10-20 14:12:48 [TRACE] 【本轮的坐标】：(np.int64(1174), np.int64(463)) ------------
2025-10-20 14:12:48 [TRACE] 【已点击过的坐标】：[(-10, -10), (np.int64(1174), np.int64(461)), (np.int64(1581), np.int64(461)), (np.int64(1988), np.int64(461))]
2025-10-20 14:12:48 [TRACE] 【坐标太近】视为重复
2025-10-20 14:12:48 [TRACE] 【没有通过的坐标】开始下一轮
2025-10-20 14:12:48 [TRACE] 【本轮的坐标】：(np.int64(1581), np.int64(463)) ------------
2025-10-20 14:12:48 [TRACE] 【已点击过的坐标】：[(-10, -10), (np.int64(1174), np.int64(461)), (np.int64(1581), np.int64(461)), (np.int64(1988), np.int64(461))]
2025-10-20 14:12:48 [TRACE] 【坐标太近】视为重复
2025-10-20 14:12:48 [TRACE] 【没有通过的坐标】开始下一轮
2025-10-20 14:12:48 [TRACE] 【本轮的坐标】：(np.int64(1988), np.int64(463)) ------------
2025-10-20 14:12:48 [TRACE] 【已点击过的坐标】：[(-10, -10), (np.int64(1174), np.int64(461)), (np.int64(1581), np.int64(461)), (np.int64(1988), np.int64(461))]
2025-10-20 14:12:48 [TRACE] 【坐标太近】视为重复
2025-10-20 14:12:48 [TRACE] 【没有通过的坐标】开始下一轮
2025-10-20 14:12:48 [TRACE] 【完成所有点击】有效次数：3
2025-10-20 14:12:48 [TRACE] 【目标检测】屏幕内没有目标
2025-10-20 14:12:50 [TRACE] 【目标检测】屏幕内没有目标
2025-10-20 14:12:53 [TRACE] 【目标检测】屏幕内没有目标
2025-10-20 14:13:01 [TRACE] 【空洞监听】无匹配已持续：0秒
2025-10-20 14:13:01 [TRACE] 【目标检测】微调超时，无法对齐！
2025-10-20 14:13:03 [TRACE] 【目标检测】TRAPPED！ 类型：guide_point 置信度：0.740237295627594
2025-10-20 14:13:05 [TRACE] 【状态】搜索模式：C:\Users\gelon\Desktop\ZA-Lite\assets/images/hollow\meter.png 置信度：0.9426802396774292
2025-10-20 14:13:10 [TRACE] 【目标检测】屏幕内没有目标
2025-10-20 14:13:12 [TRACE] 【目标检测】屏幕内没有目标
2025-10-20 14:13:14 [TRACE] 【空洞监听】无匹配已持续：0秒
2025-10-20 14:13:15 [TRACE] 【目标检测】TRAPPED！ 类型：interact 置信度：0.8720214366912842
2025-10-20 14:13:21 [TRACE] 【状态】搜索模式：C:\Users\gelon\Desktop\ZA-Lite\assets/images/hollow\resonium.png 置信度：0.9999996423721313
2025-10-20 14:13:21 [TRACE] 【目标出现】C:\Users\gelon\Desktop\ZA-Lite\assets/images/hollow\resonium.png 置信度：1.0
2025-10-20 14:13:21 [TRACE] 【本轮的坐标】：(np.int64(1309), np.int64(441)) ------------
2025-10-20 14:13:21 [TRACE] 【已点击过的坐标】：[(-10, -10)]
2025-10-20 14:13:21 [TRACE] 【成功点击】
2025-10-20 14:13:22 [TRACE] 【本轮的坐标】：(np.int64(1310), np.int64(441)) ------------
2025-10-20 14:13:22 [TRACE] 【已点击过的坐标】：[(-10, -10), (np.int64(1309), np.int64(441))]
2025-10-20 14:13:22 [TRACE] 【坐标太近】视为重复
2025-10-20 14:13:22 [TRACE] 【没有通过的坐标】开始下一轮
2025-10-20 14:13:22 [TRACE] 【本轮的坐标】：(np.int64(1699), np.int64(441)) ------------
2025-10-20 14:13:22 [TRACE] 【已点击过的坐标】：[(-10, -10), (np.int64(1309), np.int64(441))]
2025-10-20 14:13:22 [TRACE] 【成功点击】
2025-10-20 14:13:22 [TRACE] 【目标检测】屏幕内没有目标
2025-10-20 14:13:22 [TRACE] 【本轮的坐标】：(np.int64(2088), np.int64(441)) ------------
2025-10-20 14:13:22 [TRACE] 【已点击过的坐标】：[(-10, -10), (np.int64(1309), np.int64(441)), (np.int64(1699), np.int64(441))]
2025-10-20 14:13:22 [TRACE] 【成功点击】
2025-10-20 14:13:23 [TRACE] 【目标检测】屏幕内没有目标
2025-10-20 14:13:23 [TRACE] 【本轮的坐标】：(np.int64(2089), np.int64(441)) ------------
2025-10-20 14:13:23 [TRACE] 【已点击过的坐标】：[(-10, -10), (np.int64(1309), np.int64(441)), (np.int64(1699), np.int64(441)), (np.int64(2088), np.int64(441))]
2025-10-20 14:13:23 [TRACE] 【坐标太近】视为重复
2025-10-20 14:13:23 [TRACE] 【没有通过的坐标】开始下一轮
2025-10-20 14:13:23 [TRACE] 【本轮的坐标】：(np.int64(2478), np.int64(441)) ------------
2025-10-20 14:13:23 [TRACE] 【已点击过的坐标】：[(-10, -10), (np.int64(1309), np.int64(441)), (np.int64(1699), np.int64(441)), (np.int64(2088), np.int64(441))]
2025-10-20 14:13:23 [TRACE] 【成功点击】
2025-10-20 14:13:24 [TRACE] 【目标检测】屏幕内没有目标
2025-10-20 14:13:24 [TRACE] 【本轮的坐标】：(np.int64(1308), np.int64(442)) ------------
2025-10-20 14:13:24 [TRACE] 【已点击过的坐标】：[(-10, -10), (np.int64(1309), np.int64(441)), (np.int64(1699), np.int64(441)), (np.int64(2088), np.int64(441)), (np.int64(2478), np.int64(441))]
2025-10-20 14:13:24 [TRACE] 【坐标太近】视为重复
2025-10-20 14:13:24 [TRACE] 【没有通过的坐标】开始下一轮
2025-10-20 14:13:24 [TRACE] 【本轮的坐标】：(np.int64(1309), np.int64(442)) ------------
2025-10-20 14:13:24 [TRACE] 【已点击过的坐标】：[(-10, -10), (np.int64(1309), np.int64(441)), (np.int64(1699), np.int64(441)), (np.int64(2088), np.int64(441)), (np.int64(2478), np.int64(441))]
2025-10-20 14:13:24 [TRACE] 【坐标太近】视为重复
2025-10-20 14:13:24 [TRACE] 【没有通过的坐标】开始下一轮
2025-10-20 14:13:24 [TRACE] 【本轮的坐标】：(np.int64(1310), np.int64(442)) ------------
2025-10-20 14:13:24 [TRACE] 【已点击过的坐标】：[(-10, -10), (np.int64(1309), np.int64(441)), (np.int64(1699), np.int64(441)), (np.int64(2088), np.int64(441)), (np.int64(2478), np.int64(441))]
2025-10-20 14:13:24 [TRACE] 【坐标太近】视为重复
2025-10-20 14:13:24 [TRACE] 【没有通过的坐标】开始下一轮
2025-10-20 14:13:24 [TRACE] 【本轮的坐标】：(np.int64(1698), np.int64(442)) ------------
2025-10-20 14:13:24 [TRACE] 【已点击过的坐标】：[(-10, -10), (np.int64(1309), np.int64(441)), (np.int64(1699), np.int64(441)), (np.int64(2088), np.int64(441)), (np.int64(2478), np.int64(441))]
2025-10-20 14:13:24 [TRACE] 【坐标太近】视为重复
2025-10-20 14:13:24 [TRACE] 【没有通过的坐标】开始下一轮
2025-10-20 14:13:24 [TRACE] 【本轮的坐标】：(np.int64(1699), np.int64(442)) ------------
2025-10-20 14:13:24 [TRACE] 【已点击过的坐标】：[(-10, -10), (np.int64(1309), np.int64(441)), (np.int64(1699), np.int64(441)), (np.int64(2088), np.int64(441)), (np.int64(2478), np.int64(441))]
2025-10-20 14:13:24 [TRACE] 【坐标太近】视为重复
2025-10-20 14:13:24 [TRACE] 【没有通过的坐标】开始下一轮
2025-10-20 14:13:24 [TRACE] 【本轮的坐标】：(np.int64(1700), np.int64(442)) ------------
2025-10-20 14:13:24 [TRACE] 【已点击过的坐标】：[(-10, -10), (np.int64(1309), np.int64(441)), (np.int64(1699), np.int64(441)), (np.int64(2088), np.int64(441)), (np.int64(2478), np.int64(441))]
2025-10-20 14:13:24 [TRACE] 【坐标太近】视为重复
2025-10-20 14:13:24 [TRACE] 【没有通过的坐标】开始下一轮
2025-10-20 14:13:24 [TRACE] 【本轮的坐标】：(np.int64(2087), np.int64(442)) ------------
2025-10-20 14:13:24 [TRACE] 【已点击过的坐标】：[(-10, -10), (np.int64(1309), np.int64(441)), (np.int64(1699), np.int64(441)), (np.int64(2088), np.int64(441)), (np.int64(2478), np.int64(441))]
2025-10-20 14:13:24 [TRACE] 【坐标太近】视为重复
2025-10-20 14:13:24 [TRACE] 【没有通过的坐标】开始下一轮
2025-10-20 14:13:24 [TRACE] 【本轮的坐标】：(np.int64(2088), np.int64(442)) ------------
2025-10-20 14:13:24 [TRACE] 【已点击过的坐标】：[(-10, -10), (np.int64(1309), np.int64(441)), (np.int64(1699), np.int64(441)), (np.int64(2088), np.int64(441)), (np.int64(2478), np.int64(441))]
2025-10-20 14:13:24 [TRACE] 【坐标太近】视为重复
2025-10-20 14:13:24 [TRACE] 【没有通过的坐标】开始下一轮
2025-10-20 14:13:24 [TRACE] 【本轮的坐标】：(np.int64(2089), np.int64(442)) ------------
2025-10-20 14:13:24 [TRACE] 【已点击过的坐标】：[(-10, -10), (np.int64(1309), np.int64(441)), (np.int64(1699), np.int64(441)), (np.int64(2088), np.int64(441)), (np.int64(2478), np.int64(441))]
2025-10-20 14:13:24 [TRACE] 【坐标太近】视为重复
2025-10-20 14:13:24 [TRACE] 【没有通过的坐标】开始下一轮
2025-10-20 14:13:24 [TRACE] 【本轮的坐标】：(np.int64(2090), np.int64(442)) ------------
2025-10-20 14:13:24 [TRACE] 【已点击过的坐标】：[(-10, -10), (np.int64(1309), np.int64(441)), (np.int64(1699), np.int64(441)), (np.int64(2088), np.int64(441)), (np.int64(2478), np.int64(441))]
2025-10-20 14:13:24 [TRACE] 【坐标太近】视为重复
2025-10-20 14:13:24 [TRACE] 【没有通过的坐标】开始下一轮
2025-10-20 14:13:24 [TRACE] 【本轮的坐标】：(np.int64(2477), np.int64(442)) ------------
2025-10-20 14:13:24 [TRACE] 【已点击过的坐标】：[(-10, -10), (np.int64(1309), np.int64(441)), (np.int64(1699), np.int64(441)), (np.int64(2088), np.int64(441)), (np.int64(2478), np.int64(441))]
2025-10-20 14:13:24 [TRACE] 【坐标太近】视为重复
2025-10-20 14:13:24 [TRACE] 【没有通过的坐标】开始下一轮
2025-10-20 14:13:24 [TRACE] 【本轮的坐标】：(np.int64(2478), np.int64(442)) ------------
2025-10-20 14:13:24 [TRACE] 【已点击过的坐标】：[(-10, -10), (np.int64(1309), np.int64(441)), (np.int64(1699), np.int64(441)), (np.int64(2088), np.int64(441)), (np.int64(2478), np.int64(441))]
2025-10-20 14:13:24 [TRACE] 【坐标太近】视为重复
2025-10-20 14:13:24 [TRACE] 【没有通过的坐标】开始下一轮
2025-10-20 14:13:24 [TRACE] 【本轮的坐标】：(np.int64(2479), np.int64(442)) ------------
2025-10-20 14:13:24 [TRACE] 【已点击过的坐标】：[(-10, -10), (np.int64(1309), np.int64(441)), (np.int64(1699), np.int64(441)), (np.int64(2088), np.int64(441)), (np.int64(2478), np.int64(441))]
2025-10-20 14:13:24 [TRACE] 【坐标太近】视为重复
2025-10-20 14:13:24 [TRACE] 【没有通过的坐标】开始下一轮
2025-10-20 14:13:24 [TRACE] 【本轮的坐标】：(np.int64(1309), np.int64(443)) ------------
2025-10-20 14:13:24 [TRACE] 【已点击过的坐标】：[(-10, -10), (np.int64(1309), np.int64(441)), (np.int64(1699), np.int64(441)), (np.int64(2088), np.int64(441)), (np.int64(2478), np.int64(441))]
2025-10-20 14:13:24 [TRACE] 【坐标太近】视为重复
2025-10-20 14:13:24 [TRACE] 【没有通过的坐标】开始下一轮
2025-10-20 14:13:24 [TRACE] 【本轮的坐标】：(np.int64(1698), np.int64(443)) ------------
2025-10-20 14:13:24 [TRACE] 【已点击过的坐标】：[(-10, -10), (np.int64(1309), np.int64(441)), (np.int64(1699), np.int64(441)), (np.int64(2088), np.int64(441)), (np.int64(2478), np.int64(441))]
2025-10-20 14:13:24 [TRACE] 【坐标太近】视为重复
2025-10-20 14:13:24 [TRACE] 【没有通过的坐标】开始下一轮
2025-10-20 14:13:24 [TRACE] 【本轮的坐标】：(np.int64(1699), np.int64(443)) ------------
2025-10-20 14:13:24 [TRACE] 【已点击过的坐标】：[(-10, -10), (np.int64(1309), np.int64(441)), (np.int64(1699), np.int64(441)), (np.int64(2088), np.int64(441)), (np.int64(2478), np.int64(441))]
2025-10-20 14:13:24 [TRACE] 【坐标太近】视为重复
2025-10-20 14:13:24 [TRACE] 【没有通过的坐标】开始下一轮
2025-10-20 14:13:24 [TRACE] 【本轮的坐标】：(np.int64(2088), np.int64(443)) ------------
2025-10-20 14:13:24 [TRACE] 【已点击过的坐标】：[(-10, -10), (np.int64(1309), np.int64(441)), (np.int64(1699), np.int64(441)), (np.int64(2088), np.int64(441)), (np.int64(2478), np.int64(441))]
2025-10-20 14:13:24 [TRACE] 【坐标太近】视为重复
2025-10-20 14:13:24 [TRACE] 【没有通过的坐标】开始下一轮
2025-10-20 14:13:24 [TRACE] 【本轮的坐标】：(np.int64(2478), np.int64(443)) ------------
2025-10-20 14:13:24 [TRACE] 【已点击过的坐标】：[(-10, -10), (np.int64(1309), np.int64(441)), (np.int64(1699), np.int64(441)), (np.int64(2088), np.int64(441)), (np.int64(2478), np.int64(441))]
2025-10-20 14:13:24 [TRACE] 【坐标太近】视为重复
2025-10-20 14:13:24 [TRACE] 【没有通过的坐标】开始下一轮
2025-10-20 14:13:24 [TRACE] 【完成所有点击】有效次数：4
2025-10-20 14:13:25 [TRACE] 【目标检测】屏幕内没有目标
2025-10-20 14:13:26 [TRACE] 【目标检测】屏幕内没有目标
2025-10-20 14:13:29 [TRACE] 【目标检测】目标存在，但置信度不足
2025-10-20 14:13:30 [TRACE] 【目标检测】屏幕内没有目标
2025-10-20 14:13:30 [TRACE] 【状态】搜索模式：C:\Users\gelon\Desktop\ZA-Lite\assets/images/hollow\resonium.png 置信度：0.9999998807907104
2025-10-20 14:13:31 [TRACE] 【目标出现】C:\Users\gelon\Desktop\ZA-Lite\assets/images/hollow\resonium.png 置信度：1.0
2025-10-20 14:13:31 [TRACE] 【本轮的坐标】：(np.int64(1309), np.int64(441)) ------------
2025-10-20 14:13:31 [TRACE] 【已点击过的坐标】：[(-10, -10)]
2025-10-20 14:13:31 [TRACE] 【成功点击】
2025-10-20 14:13:31 [TRACE] 【目标检测】目标存在，但置信度不足
2025-10-20 14:13:31 [TRACE] 【本轮的坐标】：(np.int64(1310), np.int64(441)) ------------
2025-10-20 14:13:31 [TRACE] 【已点击过的坐标】：[(-10, -10), (np.int64(1309), np.int64(441))]
2025-10-20 14:13:31 [TRACE] 【坐标太近】视为重复
2025-10-20 14:13:31 [TRACE] 【没有通过的坐标】开始下一轮
2025-10-20 14:13:31 [TRACE] 【本轮的坐标】：(np.int64(1699), np.int64(441)) ------------
2025-10-20 14:13:31 [TRACE] 【已点击过的坐标】：[(-10, -10), (np.int64(1309), np.int64(441))]
2025-10-20 14:13:31 [TRACE] 【成功点击】
2025-10-20 14:13:32 [TRACE] 【目标检测】屏幕内没有目标
2025-10-20 14:13:32 [TRACE] 【本轮的坐标】：(np.int64(2088), np.int64(441)) ------------
2025-10-20 14:13:32 [TRACE] 【已点击过的坐标】：[(-10, -10), (np.int64(1309), np.int64(441)), (np.int64(1699), np.int64(441))]
2025-10-20 14:13:32 [TRACE] 【成功点击】
2025-10-20 14:13:33 [TRACE] 【本轮的坐标】：(np.int64(2089), np.int64(441)) ------------
2025-10-20 14:13:33 [TRACE] 【已点击过的坐标】：[(-10, -10), (np.int64(1309), np.int64(441)), (np.int64(1699), np.int64(441)), (np.int64(2088), np.int64(441))]
2025-10-20 14:13:33 [TRACE] 【坐标太近】视为重复
2025-10-20 14:13:33 [TRACE] 【没有通过的坐标】开始下一轮
2025-10-20 14:13:33 [TRACE] 【本轮的坐标】：(np.int64(2478), np.int64(441)) ------------
2025-10-20 14:13:33 [TRACE] 【已点击过的坐标】：[(-10, -10), (np.int64(1309), np.int64(441)), (np.int64(1699), np.int64(441)), (np.int64(2088), np.int64(441))]
2025-10-20 14:13:33 [TRACE] 【成功点击】
2025-10-20 14:13:33 [TRACE] 【目标检测】屏幕内没有目标
2025-10-20 14:13:33 [TRACE] 【本轮的坐标】：(np.int64(1308), np.int64(442)) ------------
2025-10-20 14:13:33 [TRACE] 【已点击过的坐标】：[(-10, -10), (np.int64(1309), np.int64(441)), (np.int64(1699), np.int64(441)), (np.int64(2088), np.int64(441)), (np.int64(2478), np.int64(441))]
2025-10-20 14:13:33 [TRACE] 【坐标太近】视为重复
2025-10-20 14:13:33 [TRACE] 【没有通过的坐标】开始下一轮
2025-10-20 14:13:33 [TRACE] 【本轮的坐标】：(np.int64(1309), np.int64(442)) ------------
2025-10-20 14:13:33 [TRACE] 【已点击过的坐标】：[(-10, -10), (np.int64(1309), np.int64(441)), (np.int64(1699), np.int64(441)), (np.int64(2088), np.int64(441)), (np.int64(2478), np.int64(441))]
2025-10-20 14:13:33 [TRACE] 【坐标太近】视为重复
2025-10-20 14:13:33 [TRACE] 【没有通过的坐标】开始下一轮
2025-10-20 14:13:33 [TRACE] 【本轮的坐标】：(np.int64(1310), np.int64(442)) ------------
2025-10-20 14:13:33 [TRACE] 【已点击过的坐标】：[(-10, -10), (np.int64(1309), np.int64(441)), (np.int64(1699), np.int64(441)), (np.int64(2088), np.int64(441)), (np.int64(2478), np.int64(441))]
2025-10-20 14:13:33 [TRACE] 【坐标太近】视为重复
2025-10-20 14:13:33 [TRACE] 【没有通过的坐标】开始下一轮
2025-10-20 14:13:33 [TRACE] 【本轮的坐标】：(np.int64(1698), np.int64(442)) ------------
2025-10-20 14:13:33 [TRACE] 【已点击过的坐标】：[(-10, -10), (np.int64(1309), np.int64(441)), (np.int64(1699), np.int64(441)), (np.int64(2088), np.int64(441)), (np.int64(2478), np.int64(441))]
2025-10-20 14:13:33 [TRACE] 【坐标太近】视为重复
2025-10-20 14:13:33 [TRACE] 【没有通过的坐标】开始下一轮
2025-10-20 14:13:33 [TRACE] 【本轮的坐标】：(np.int64(1699), np.int64(442)) ------------
2025-10-20 14:13:33 [TRACE] 【已点击过的坐标】：[(-10, -10), (np.int64(1309), np.int64(441)), (np.int64(1699), np.int64(441)), (np.int64(2088), np.int64(441)), (np.int64(2478), np.int64(441))]
2025-10-20 14:13:33 [TRACE] 【坐标太近】视为重复
2025-10-20 14:13:33 [TRACE] 【没有通过的坐标】开始下一轮
2025-10-20 14:13:33 [TRACE] 【本轮的坐标】：(np.int64(1700), np.int64(442)) ------------
2025-10-20 14:13:33 [TRACE] 【已点击过的坐标】：[(-10, -10), (np.int64(1309), np.int64(441)), (np.int64(1699), np.int64(441)), (np.int64(2088), np.int64(441)), (np.int64(2478), np.int64(441))]
2025-10-20 14:13:33 [TRACE] 【坐标太近】视为重复
2025-10-20 14:13:33 [TRACE] 【没有通过的坐标】开始下一轮
2025-10-20 14:13:33 [TRACE] 【本轮的坐标】：(np.int64(2087), np.int64(442)) ------------
2025-10-20 14:13:33 [TRACE] 【已点击过的坐标】：[(-10, -10), (np.int64(1309), np.int64(441)), (np.int64(1699), np.int64(441)), (np.int64(2088), np.int64(441)), (np.int64(2478), np.int64(441))]
2025-10-20 14:13:33 [TRACE] 【坐标太近】视为重复
2025-10-20 14:13:33 [TRACE] 【没有通过的坐标】开始下一轮
2025-10-20 14:13:33 [TRACE] 【本轮的坐标】：(np.int64(2088), np.int64(442)) ------------
2025-10-20 14:13:33 [TRACE] 【已点击过的坐标】：[(-10, -10), (np.int64(1309), np.int64(441)), (np.int64(1699), np.int64(441)), (np.int64(2088), np.int64(441)), (np.int64(2478), np.int64(441))]
2025-10-20 14:13:33 [TRACE] 【坐标太近】视为重复
2025-10-20 14:13:33 [TRACE] 【没有通过的坐标】开始下一轮
2025-10-20 14:13:33 [TRACE] 【本轮的坐标】：(np.int64(2089), np.int64(442)) ------------
2025-10-20 14:13:33 [TRACE] 【已点击过的坐标】：[(-10, -10), (np.int64(1309), np.int64(441)), (np.int64(1699), np.int64(441)), (np.int64(2088), np.int64(441)), (np.int64(2478), np.int64(441))]
2025-10-20 14:13:33 [TRACE] 【坐标太近】视为重复
2025-10-20 14:13:33 [TRACE] 【没有通过的坐标】开始下一轮
2025-10-20 14:13:33 [TRACE] 【本轮的坐标】：(np.int64(2090), np.int64(442)) ------------
2025-10-20 14:13:33 [TRACE] 【已点击过的坐标】：[(-10, -10), (np.int64(1309), np.int64(441)), (np.int64(1699), np.int64(441)), (np.int64(2088), np.int64(441)), (np.int64(2478), np.int64(441))]
2025-10-20 14:13:33 [TRACE] 【坐标太近】视为重复
2025-10-20 14:13:33 [TRACE] 【没有通过的坐标】开始下一轮
2025-10-20 14:13:33 [TRACE] 【本轮的坐标】：(np.int64(2477), np.int64(442)) ------------
2025-10-20 14:13:33 [TRACE] 【已点击过的坐标】：[(-10, -10), (np.int64(1309), np.int64(441)), (np.int64(1699), np.int64(441)), (np.int64(2088), np.int64(441)), (np.int64(2478), np.int64(441))]
2025-10-20 14:13:33 [TRACE] 【坐标太近】视为重复
2025-10-20 14:13:33 [TRACE] 【没有通过的坐标】开始下一轮
2025-10-20 14:13:33 [TRACE] 【本轮的坐标】：(np.int64(2478), np.int64(442)) ------------
2025-10-20 14:13:33 [TRACE] 【已点击过的坐标】：[(-10, -10), (np.int64(1309), np.int64(441)), (np.int64(1699), np.int64(441)), (np.int64(2088), np.int64(441)), (np.int64(2478), np.int64(441))]
2025-10-20 14:13:33 [TRACE] 【坐标太近】视为重复
2025-10-20 14:13:33 [TRACE] 【没有通过的坐标】开始下一轮
2025-10-20 14:13:33 [TRACE] 【本轮的坐标】：(np.int64(2479), np.int64(442)) ------------
2025-10-20 14:13:33 [TRACE] 【已点击过的坐标】：[(-10, -10), (np.int64(1309), np.int64(441)), (np.int64(1699), np.int64(441)), (np.int64(2088), np.int64(441)), (np.int64(2478), np.int64(441))]
2025-10-20 14:13:33 [TRACE] 【坐标太近】视为重复
2025-10-20 14:13:33 [TRACE] 【没有通过的坐标】开始下一轮
2025-10-20 14:13:33 [TRACE] 【本轮的坐标】：(np.int64(1309), np.int64(443)) ------------
2025-10-20 14:13:33 [TRACE] 【已点击过的坐标】：[(-10, -10), (np.int64(1309), np.int64(441)), (np.int64(1699), np.int64(441)), (np.int64(2088), np.int64(441)), (np.int64(2478), np.int64(441))]
2025-10-20 14:13:33 [TRACE] 【坐标太近】视为重复
2025-10-20 14:13:33 [TRACE] 【没有通过的坐标】开始下一轮
2025-10-20 14:13:33 [TRACE] 【本轮的坐标】：(np.int64(1698), np.int64(443)) ------------
2025-10-20 14:13:33 [TRACE] 【已点击过的坐标】：[(-10, -10), (np.int64(1309), np.int64(441)), (np.int64(1699), np.int64(441)), (np.int64(2088), np.int64(441)), (np.int64(2478), np.int64(441))]
2025-10-20 14:13:33 [TRACE] 【坐标太近】视为重复
2025-10-20 14:13:33 [TRACE] 【没有通过的坐标】开始下一轮
2025-10-20 14:13:33 [TRACE] 【本轮的坐标】：(np.int64(1699), np.int64(443)) ------------
2025-10-20 14:13:33 [TRACE] 【已点击过的坐标】：[(-10, -10), (np.int64(1309), np.int64(441)), (np.int64(1699), np.int64(441)), (np.int64(2088), np.int64(441)), (np.int64(2478), np.int64(441))]
2025-10-20 14:13:33 [TRACE] 【坐标太近】视为重复
2025-10-20 14:13:33 [TRACE] 【没有通过的坐标】开始下一轮
2025-10-20 14:13:33 [TRACE] 【本轮的坐标】：(np.int64(2088), np.int64(443)) ------------
2025-10-20 14:13:33 [TRACE] 【已点击过的坐标】：[(-10, -10), (np.int64(1309), np.int64(441)), (np.int64(1699), np.int64(441)), (np.int64(2088), np.int64(441)), (np.int64(2478), np.int64(441))]
2025-10-20 14:13:33 [TRACE] 【坐标太近】视为重复
2025-10-20 14:13:33 [TRACE] 【没有通过的坐标】开始下一轮
2025-10-20 14:13:33 [TRACE] 【本轮的坐标】：(np.int64(2478), np.int64(443)) ------------
2025-10-20 14:13:33 [TRACE] 【已点击过的坐标】：[(-10, -10), (np.int64(1309), np.int64(441)), (np.int64(1699), np.int64(441)), (np.int64(2088), np.int64(441)), (np.int64(2478), np.int64(441))]
2025-10-20 14:13:33 [TRACE] 【坐标太近】视为重复
2025-10-20 14:13:33 [TRACE] 【没有通过的坐标】开始下一轮
2025-10-20 14:13:33 [TRACE] 【完成所有点击】有效次数：4
2025-10-20 14:13:34 [TRACE] 【目标检测】屏幕内没有目标
2025-10-20 14:13:36 [TRACE] 【目标检测】屏幕内没有目标
2025-10-20 14:13:38 [TRACE] 【目标检测】目标存在，但置信度不足
2025-10-20 14:13:39 [TRACE] 【目标检测】屏幕内没有目标
2025-10-20 14:13:40 [TRACE] 【状态】搜索模式：C:\Users\gelon\Desktop\ZA-Lite\assets/images/hollow\resonium.png 置信度：0.9999998807907104
2025-10-20 14:13:41 [TRACE] 【目标检测】屏幕内没有目标
2025-10-20 14:13:41 [TRACE] 【目标出现】C:\Users\gelon\Desktop\ZA-Lite\assets/images/hollow\resonium.png 置信度：1.0
2025-10-20 14:13:41 [TRACE] 【本轮的坐标】：(np.int64(1309), np.int64(441)) ------------
2025-10-20 14:13:41 [TRACE] 【已点击过的坐标】：[(-10, -10)]
2025-10-20 14:13:41 [TRACE] 【成功点击】
2025-10-20 14:13:42 [TRACE] 【本轮的坐标】：(np.int64(1310), np.int64(441)) ------------
2025-10-20 14:13:42 [TRACE] 【已点击过的坐标】：[(-10, -10), (np.int64(1309), np.int64(441))]
2025-10-20 14:13:42 [TRACE] 【坐标太近】视为重复
2025-10-20 14:13:42 [TRACE] 【没有通过的坐标】开始下一轮
2025-10-20 14:13:42 [TRACE] 【本轮的坐标】：(np.int64(1699), np.int64(441)) ------------
2025-10-20 14:13:42 [TRACE] 【已点击过的坐标】：[(-10, -10), (np.int64(1309), np.int64(441))]
2025-10-20 14:13:42 [TRACE] 【成功点击】
2025-10-20 14:13:42 [TRACE] 【目标检测】屏幕内没有目标
2025-10-20 14:13:42 [TRACE] 【本轮的坐标】：(np.int64(2088), np.int64(441)) ------------
2025-10-20 14:13:42 [TRACE] 【已点击过的坐标】：[(-10, -10), (np.int64(1309), np.int64(441)), (np.int64(1699), np.int64(441))]
2025-10-20 14:13:42 [TRACE] 【成功点击】
2025-10-20 14:13:43 [TRACE] 【目标检测】屏幕内没有目标
2025-10-20 14:13:43 [TRACE] 【本轮的坐标】：(np.int64(2089), np.int64(441)) ------------
2025-10-20 14:13:43 [TRACE] 【已点击过的坐标】：[(-10, -10), (np.int64(1309), np.int64(441)), (np.int64(1699), np.int64(441)), (np.int64(2088), np.int64(441))]
2025-10-20 14:13:43 [TRACE] 【坐标太近】视为重复
2025-10-20 14:13:43 [TRACE] 【没有通过的坐标】开始下一轮
2025-10-20 14:13:43 [TRACE] 【本轮的坐标】：(np.int64(2478), np.int64(441)) ------------
2025-10-20 14:13:43 [TRACE] 【已点击过的坐标】：[(-10, -10), (np.int64(1309), np.int64(441)), (np.int64(1699), np.int64(441)), (np.int64(2088), np.int64(441))]
2025-10-20 14:13:43 [TRACE] 【成功点击】
2025-10-20 14:13:44 [TRACE] 【目标检测】屏幕内没有目标
2025-10-20 14:13:44 [TRACE] 【本轮的坐标】：(np.int64(1308), np.int64(442)) ------------
2025-10-20 14:13:44 [TRACE] 【已点击过的坐标】：[(-10, -10), (np.int64(1309), np.int64(441)), (np.int64(1699), np.int64(441)), (np.int64(2088), np.int64(441)), (np.int64(2478), np.int64(441))]
2025-10-20 14:13:44 [TRACE] 【坐标太近】视为重复
2025-10-20 14:13:44 [TRACE] 【没有通过的坐标】开始下一轮
2025-10-20 14:13:44 [TRACE] 【本轮的坐标】：(np.int64(1309), np.int64(442)) ------------
2025-10-20 14:13:44 [TRACE] 【已点击过的坐标】：[(-10, -10), (np.int64(1309), np.int64(441)), (np.int64(1699), np.int64(441)), (np.int64(2088), np.int64(441)), (np.int64(2478), np.int64(441))]
2025-10-20 14:13:44 [TRACE] 【坐标太近】视为重复
2025-10-20 14:13:44 [TRACE] 【没有通过的坐标】开始下一轮
2025-10-20 14:13:44 [TRACE] 【本轮的坐标】：(np.int64(1310), np.int64(442)) ------------
2025-10-20 14:13:44 [TRACE] 【已点击过的坐标】：[(-10, -10), (np.int64(1309), np.int64(441)), (np.int64(1699), np.int64(441)), (np.int64(2088), np.int64(441)), (np.int64(2478), np.int64(441))]
2025-10-20 14:13:44 [TRACE] 【坐标太近】视为重复
2025-10-20 14:13:44 [TRACE] 【没有通过的坐标】开始下一轮
2025-10-20 14:13:44 [TRACE] 【本轮的坐标】：(np.int64(1698), np.int64(442)) ------------
2025-10-20 14:13:44 [TRACE] 【已点击过的坐标】：[(-10, -10), (np.int64(1309), np.int64(441)), (np.int64(1699), np.int64(441)), (np.int64(2088), np.int64(441)), (np.int64(2478), np.int64(441))]
2025-10-20 14:13:44 [TRACE] 【坐标太近】视为重复
2025-10-20 14:13:44 [TRACE] 【没有通过的坐标】开始下一轮
2025-10-20 14:13:44 [TRACE] 【本轮的坐标】：(np.int64(1699), np.int64(442)) ------------
2025-10-20 14:13:44 [TRACE] 【已点击过的坐标】：[(-10, -10), (np.int64(1309), np.int64(441)), (np.int64(1699), np.int64(441)), (np.int64(2088), np.int64(441)), (np.int64(2478), np.int64(441))]
2025-10-20 14:13:44 [TRACE] 【坐标太近】视为重复
2025-10-20 14:13:44 [TRACE] 【没有通过的坐标】开始下一轮
2025-10-20 14:13:44 [TRACE] 【本轮的坐标】：(np.int64(1700), np.int64(442)) ------------
2025-10-20 14:13:44 [TRACE] 【已点击过的坐标】：[(-10, -10), (np.int64(1309), np.int64(441)), (np.int64(1699), np.int64(441)), (np.int64(2088), np.int64(441)), (np.int64(2478), np.int64(441))]
2025-10-20 14:13:44 [TRACE] 【坐标太近】视为重复
2025-10-20 14:13:44 [TRACE] 【没有通过的坐标】开始下一轮
2025-10-20 14:13:44 [TRACE] 【本轮的坐标】：(np.int64(2087), np.int64(442)) ------------
2025-10-20 14:13:44 [TRACE] 【已点击过的坐标】：[(-10, -10), (np.int64(1309), np.int64(441)), (np.int64(1699), np.int64(441)), (np.int64(2088), np.int64(441)), (np.int64(2478), np.int64(441))]
2025-10-20 14:13:44 [TRACE] 【坐标太近】视为重复
2025-10-20 14:13:44 [TRACE] 【没有通过的坐标】开始下一轮
2025-10-20 14:13:44 [TRACE] 【本轮的坐标】：(np.int64(2088), np.int64(442)) ------------
2025-10-20 14:13:44 [TRACE] 【已点击过的坐标】：[(-10, -10), (np.int64(1309), np.int64(441)), (np.int64(1699), np.int64(441)), (np.int64(2088), np.int64(441)), (np.int64(2478), np.int64(441))]
2025-10-20 14:13:44 [TRACE] 【坐标太近】视为重复
2025-10-20 14:13:44 [TRACE] 【没有通过的坐标】开始下一轮
2025-10-20 14:13:44 [TRACE] 【本轮的坐标】：(np.int64(2089), np.int64(442)) ------------
2025-10-20 14:13:44 [TRACE] 【已点击过的坐标】：[(-10, -10), (np.int64(1309), np.int64(441)), (np.int64(1699), np.int64(441)), (np.int64(2088), np.int64(441)), (np.int64(2478), np.int64(441))]
2025-10-20 14:13:44 [TRACE] 【坐标太近】视为重复
2025-10-20 14:13:44 [TRACE] 【没有通过的坐标】开始下一轮
2025-10-20 14:13:44 [TRACE] 【本轮的坐标】：(np.int64(2090), np.int64(442)) ------------
2025-10-20 14:13:44 [TRACE] 【已点击过的坐标】：[(-10, -10), (np.int64(1309), np.int64(441)), (np.int64(1699), np.int64(441)), (np.int64(2088), np.int64(441)), (np.int64(2478), np.int64(441))]
2025-10-20 14:13:44 [TRACE] 【坐标太近】视为重复
2025-10-20 14:13:44 [TRACE] 【没有通过的坐标】开始下一轮
2025-10-20 14:13:44 [TRACE] 【本轮的坐标】：(np.int64(2477), np.int64(442)) ------------
2025-10-20 14:13:44 [TRACE] 【已点击过的坐标】：[(-10, -10), (np.int64(1309), np.int64(441)), (np.int64(1699), np.int64(441)), (np.int64(2088), np.int64(441)), (np.int64(2478), np.int64(441))]
2025-10-20 14:13:44 [TRACE] 【坐标太近】视为重复
2025-10-20 14:13:44 [TRACE] 【没有通过的坐标】开始下一轮
2025-10-20 14:13:44 [TRACE] 【本轮的坐标】：(np.int64(2478), np.int64(442)) ------------
2025-10-20 14:13:44 [TRACE] 【已点击过的坐标】：[(-10, -10), (np.int64(1309), np.int64(441)), (np.int64(1699), np.int64(441)), (np.int64(2088), np.int64(441)), (np.int64(2478), np.int64(441))]
2025-10-20 14:13:44 [TRACE] 【坐标太近】视为重复
2025-10-20 14:13:44 [TRACE] 【没有通过的坐标】开始下一轮
2025-10-20 14:13:44 [TRACE] 【本轮的坐标】：(np.int64(2479), np.int64(442)) ------------
2025-10-20 14:13:44 [TRACE] 【已点击过的坐标】：[(-10, -10), (np.int64(1309), np.int64(441)), (np.int64(1699), np.int64(441)), (np.int64(2088), np.int64(441)), (np.int64(2478), np.int64(441))]
2025-10-20 14:13:44 [TRACE] 【坐标太近】视为重复
2025-10-20 14:13:44 [TRACE] 【没有通过的坐标】开始下一轮
2025-10-20 14:13:44 [TRACE] 【本轮的坐标】：(np.int64(1309), np.int64(443)) ------------
2025-10-20 14:13:44 [TRACE] 【已点击过的坐标】：[(-10, -10), (np.int64(1309), np.int64(441)), (np.int64(1699), np.int64(441)), (np.int64(2088), np.int64(441)), (np.int64(2478), np.int64(441))]
2025-10-20 14:13:44 [TRACE] 【坐标太近】视为重复
2025-10-20 14:13:44 [TRACE] 【没有通过的坐标】开始下一轮
2025-10-20 14:13:44 [TRACE] 【本轮的坐标】：(np.int64(1698), np.int64(443)) ------------
2025-10-20 14:13:44 [TRACE] 【已点击过的坐标】：[(-10, -10), (np.int64(1309), np.int64(441)), (np.int64(1699), np.int64(441)), (np.int64(2088), np.int64(441)), (np.int64(2478), np.int64(441))]
2025-10-20 14:13:44 [TRACE] 【坐标太近】视为重复
2025-10-20 14:13:44 [TRACE] 【没有通过的坐标】开始下一轮
2025-10-20 14:13:44 [TRACE] 【本轮的坐标】：(np.int64(1699), np.int64(443)) ------------
2025-10-20 14:13:44 [TRACE] 【已点击过的坐标】：[(-10, -10), (np.int64(1309), np.int64(441)), (np.int64(1699), np.int64(441)), (np.int64(2088), np.int64(441)), (np.int64(2478), np.int64(441))]
2025-10-20 14:13:44 [TRACE] 【坐标太近】视为重复
2025-10-20 14:13:44 [TRACE] 【没有通过的坐标】开始下一轮
2025-10-20 14:13:44 [TRACE] 【本轮的坐标】：(np.int64(2088), np.int64(443)) ------------
2025-10-20 14:13:44 [TRACE] 【已点击过的坐标】：[(-10, -10), (np.int64(1309), np.int64(441)), (np.int64(1699), np.int64(441)), (np.int64(2088), np.int64(441)), (np.int64(2478), np.int64(441))]
2025-10-20 14:13:44 [TRACE] 【坐标太近】视为重复
2025-10-20 14:13:44 [TRACE] 【没有通过的坐标】开始下一轮
2025-10-20 14:13:44 [TRACE] 【本轮的坐标】：(np.int64(2478), np.int64(443)) ------------
2025-10-20 14:13:44 [TRACE] 【已点击过的坐标】：[(-10, -10), (np.int64(1309), np.int64(441)), (np.int64(1699), np.int64(441)), (np.int64(2088), np.int64(441)), (np.int64(2478), np.int64(441))]
2025-10-20 14:13:44 [TRACE] 【坐标太近】视为重复
2025-10-20 14:13:44 [TRACE] 【没有通过的坐标】开始下一轮
2025-10-20 14:13:44 [TRACE] 【完成所有点击】有效次数：4
2025-10-20 14:13:46 [TRACE] 【目标检测】目标存在，但置信度不足
2025-10-20 14:13:47 [TRACE] 【目标检测】屏幕内没有目标
2025-10-20 14:13:49 [TRACE] 【目标检测】屏幕内没有目标
2025-10-20 14:13:57 [TRACE] 【空洞监听】无匹配已持续：0秒
2025-10-20 14:13:57 [TRACE] 【目标检测】微调超时，无法对齐！
2025-10-20 14:14:03 [TRACE] 【空洞监听】无匹配已持续：6秒
2025-10-20 14:14:05 [TRACE] 【目标检测】TRAPPED！ 类型：guide_point 置信度：0.8807582259178162
2025-10-20 14:14:10 [TRACE] 【空洞监听】无匹配已持续：13秒
2025-10-20 14:14:12 [TRACE] 【目标检测】屏幕内没有目标
2025-10-20 14:14:13 [TRACE] 【目标检测】屏幕内没有目标
2025-10-20 14:14:14 [TRACE] 【目标检测】屏幕内没有目标
2025-10-20 14:14:16 [TRACE] 【目标检测】屏幕内没有目标
2025-10-20 14:14:17 [TRACE] 【状态】战斗模式：正在受到攻击
2025-10-20 14:14:23 [TRACE] 【空洞监听】无匹配已持续：0秒
2025-10-20 14:14:27 [TRACE] 【状态】战斗模式：C:\Users\gelon\Desktop\ZA-Lite\assets/images/hollow\battle_5.png 置信度：0.9773235321044922
2025-10-20 14:14:30 [TRACE] 【状态】战斗模式：正在受到攻击
2025-10-20 14:14:36 [TRACE] 【空洞监听】无匹配已持续：0秒
2025-10-20 14:14:40 [TRACE] 【状态】战斗模式：C:\Users\gelon\Desktop\ZA-Lite\assets/images/hollow\battle_5.png 置信度：0.9691091179847717
2025-10-20 14:14:43 [TRACE] 【状态】战斗模式：正在受到攻击
2025-10-20 14:14:50 [TRACE] 【状态】战斗模式：正在受到攻击
2025-10-20 14:14:56 [TRACE] 【状态】战斗模式：正在受到攻击
2025-10-20 14:15:00 [TRACE] 【状态】战斗模式：C:\Users\gelon\Desktop\ZA-Lite\assets/images/hollow\battle_5.png 置信度：0.9838788509368896
2025-10-20 14:15:02 [TRACE] 【状态】战斗模式：正在受到攻击
2025-10-20 14:15:09 [TRACE] 【状态】战斗模式：正在受到攻击
2025-10-20 14:15:15 [TRACE] 【状态】战斗模式：正在受到攻击
2025-10-20 14:15:19 [TRACE] 【状态】战斗模式：C:\Users\gelon\Desktop\ZA-Lite\assets/images/hollow\battle_5.png 置信度：0.9978837966918945
2025-10-20 14:15:22 [TRACE] 【状态】战斗模式：正在受到攻击
2025-10-20 14:15:26 [TRACE] 【状态】战斗模式：C:\Users\gelon\Desktop\ZA-Lite\assets/images/hollow\battle_5.png 置信度：0.9620239734649658
2025-10-20 14:15:35 [TRACE] 【空洞监听】无匹配已持续：0秒
2025-10-20 14:15:42 [TRACE] 【状态】搜索模式：C:\Users\gelon\Desktop\ZA-Lite\assets/images/hollow\resonium.png 置信度：1.0
2025-10-20 14:15:42 [TRACE] 【目标出现】C:\Users\gelon\Desktop\ZA-Lite\assets/images/hollow\resonium.png 置信度：1.0
2025-10-20 14:15:42 [TRACE] 【本轮的坐标】：(np.int64(1174), np.int64(461)) ------------
2025-10-20 14:15:42 [TRACE] 【已点击过的坐标】：[(-10, -10)]
2025-10-20 14:15:42 [TRACE] 【成功点击】
2025-10-20 14:15:43 [TRACE] 【目标检测】目标存在，但置信度不足
2025-10-20 14:15:43 [TRACE] 【本轮的坐标】：(np.int64(1581), np.int64(461)) ------------
2025-10-20 14:15:43 [TRACE] 【已点击过的坐标】：[(-10, -10), (np.int64(1174), np.int64(461))]
2025-10-20 14:15:43 [TRACE] 【成功点击】
2025-10-20 14:15:43 [TRACE] 【本轮的坐标】：(np.int64(1582), np.int64(461)) ------------
2025-10-20 14:15:43 [TRACE] 【已点击过的坐标】：[(-10, -10), (np.int64(1174), np.int64(461)), (np.int64(1581), np.int64(461))]
2025-10-20 14:15:43 [TRACE] 【坐标太近】视为重复
2025-10-20 14:15:43 [TRACE] 【没有通过的坐标】开始下一轮
2025-10-20 14:15:43 [TRACE] 【本轮的坐标】：(np.int64(1988), np.int64(461)) ------------
2025-10-20 14:15:43 [TRACE] 【已点击过的坐标】：[(-10, -10), (np.int64(1174), np.int64(461)), (np.int64(1581), np.int64(461))]
2025-10-20 14:15:43 [TRACE] 【成功点击】
2025-10-20 14:15:44 [TRACE] 【目标检测】目标存在，但置信度不足
2025-10-20 14:15:44 [TRACE] 【本轮的坐标】：(np.int64(1989), np.int64(461)) ------------
2025-10-20 14:15:44 [TRACE] 【已点击过的坐标】：[(-10, -10), (np.int64(1174), np.int64(461)), (np.int64(1581), np.int64(461)), (np.int64(1988), np.int64(461))]
2025-10-20 14:15:44 [TRACE] 【坐标太近】视为重复
2025-10-20 14:15:44 [TRACE] 【没有通过的坐标】开始下一轮
2025-10-20 14:15:44 [TRACE] 【本轮的坐标】：(np.int64(1173), np.int64(462)) ------------
2025-10-20 14:15:44 [TRACE] 【已点击过的坐标】：[(-10, -10), (np.int64(1174), np.int64(461)), (np.int64(1581), np.int64(461)), (np.int64(1988), np.int64(461))]
2025-10-20 14:15:44 [TRACE] 【坐标太近】视为重复
2025-10-20 14:15:44 [TRACE] 【没有通过的坐标】开始下一轮
2025-10-20 14:15:44 [TRACE] 【本轮的坐标】：(np.int64(1174), np.int64(462)) ------------
2025-10-20 14:15:44 [TRACE] 【已点击过的坐标】：[(-10, -10), (np.int64(1174), np.int64(461)), (np.int64(1581), np.int64(461)), (np.int64(1988), np.int64(461))]
2025-10-20 14:15:44 [TRACE] 【坐标太近】视为重复
2025-10-20 14:15:44 [TRACE] 【没有通过的坐标】开始下一轮
2025-10-20 14:15:44 [TRACE] 【本轮的坐标】：(np.int64(1175), np.int64(462)) ------------
2025-10-20 14:15:44 [TRACE] 【已点击过的坐标】：[(-10, -10), (np.int64(1174), np.int64(461)), (np.int64(1581), np.int64(461)), (np.int64(1988), np.int64(461))]
2025-10-20 14:15:44 [TRACE] 【坐标太近】视为重复
2025-10-20 14:15:44 [TRACE] 【没有通过的坐标】开始下一轮
2025-10-20 14:15:44 [TRACE] 【本轮的坐标】：(np.int64(1580), np.int64(462)) ------------
2025-10-20 14:15:44 [TRACE] 【已点击过的坐标】：[(-10, -10), (np.int64(1174), np.int64(461)), (np.int64(1581), np.int64(461)), (np.int64(1988), np.int64(461))]
2025-10-20 14:15:44 [TRACE] 【坐标太近】视为重复
2025-10-20 14:15:44 [TRACE] 【没有通过的坐标】开始下一轮
2025-10-20 14:15:44 [TRACE] 【本轮的坐标】：(np.int64(1581), np.int64(462)) ------------
2025-10-20 14:15:44 [TRACE] 【已点击过的坐标】：[(-10, -10), (np.int64(1174), np.int64(461)), (np.int64(1581), np.int64(461)), (np.int64(1988), np.int64(461))]
2025-10-20 14:15:44 [TRACE] 【坐标太近】视为重复
2025-10-20 14:15:44 [TRACE] 【没有通过的坐标】开始下一轮
2025-10-20 14:15:44 [TRACE] 【本轮的坐标】：(np.int64(1582), np.int64(462)) ------------
2025-10-20 14:15:44 [TRACE] 【已点击过的坐标】：[(-10, -10), (np.int64(1174), np.int64(461)), (np.int64(1581), np.int64(461)), (np.int64(1988), np.int64(461))]
2025-10-20 14:15:44 [TRACE] 【坐标太近】视为重复
2025-10-20 14:15:44 [TRACE] 【没有通过的坐标】开始下一轮
2025-10-20 14:15:44 [TRACE] 【本轮的坐标】：(np.int64(1987), np.int64(462)) ------------
2025-10-20 14:15:44 [TRACE] 【已点击过的坐标】：[(-10, -10), (np.int64(1174), np.int64(461)), (np.int64(1581), np.int64(461)), (np.int64(1988), np.int64(461))]
2025-10-20 14:15:44 [TRACE] 【坐标太近】视为重复
2025-10-20 14:15:44 [TRACE] 【没有通过的坐标】开始下一轮
2025-10-20 14:15:44 [TRACE] 【本轮的坐标】：(np.int64(1988), np.int64(462)) ------------
2025-10-20 14:15:44 [TRACE] 【已点击过的坐标】：[(-10, -10), (np.int64(1174), np.int64(461)), (np.int64(1581), np.int64(461)), (np.int64(1988), np.int64(461))]
2025-10-20 14:15:44 [TRACE] 【坐标太近】视为重复
2025-10-20 14:15:44 [TRACE] 【没有通过的坐标】开始下一轮
2025-10-20 14:15:44 [TRACE] 【本轮的坐标】：(np.int64(1989), np.int64(462)) ------------
2025-10-20 14:15:44 [TRACE] 【已点击过的坐标】：[(-10, -10), (np.int64(1174), np.int64(461)), (np.int64(1581), np.int64(461)), (np.int64(1988), np.int64(461))]
2025-10-20 14:15:44 [TRACE] 【坐标太近】视为重复
2025-10-20 14:15:44 [TRACE] 【没有通过的坐标】开始下一轮
2025-10-20 14:15:44 [TRACE] 【本轮的坐标】：(np.int64(1990), np.int64(462)) ------------
2025-10-20 14:15:44 [TRACE] 【已点击过的坐标】：[(-10, -10), (np.int64(1174), np.int64(461)), (np.int64(1581), np.int64(461)), (np.int64(1988), np.int64(461))]
2025-10-20 14:15:44 [TRACE] 【坐标太近】视为重复
2025-10-20 14:15:44 [TRACE] 【没有通过的坐标】开始下一轮
2025-10-20 14:15:44 [TRACE] 【本轮的坐标】：(np.int64(1174), np.int64(463)) ------------
2025-10-20 14:15:44 [TRACE] 【已点击过的坐标】：[(-10, -10), (np.int64(1174), np.int64(461)), (np.int64(1581), np.int64(461)), (np.int64(1988), np.int64(461))]
2025-10-20 14:15:44 [TRACE] 【坐标太近】视为重复
2025-10-20 14:15:44 [TRACE] 【没有通过的坐标】开始下一轮
2025-10-20 14:15:44 [TRACE] 【本轮的坐标】：(np.int64(1581), np.int64(463)) ------------
2025-10-20 14:15:44 [TRACE] 【已点击过的坐标】：[(-10, -10), (np.int64(1174), np.int64(461)), (np.int64(1581), np.int64(461)), (np.int64(1988), np.int64(461))]
2025-10-20 14:15:44 [TRACE] 【坐标太近】视为重复
2025-10-20 14:15:44 [TRACE] 【没有通过的坐标】开始下一轮
2025-10-20 14:15:44 [TRACE] 【本轮的坐标】：(np.int64(1988), np.int64(463)) ------------
2025-10-20 14:15:44 [TRACE] 【已点击过的坐标】：[(-10, -10), (np.int64(1174), np.int64(461)), (np.int64(1581), np.int64(461)), (np.int64(1988), np.int64(461))]
2025-10-20 14:15:44 [TRACE] 【坐标太近】视为重复
2025-10-20 14:15:44 [TRACE] 【没有通过的坐标】开始下一轮
2025-10-20 14:15:44 [TRACE] 【完成所有点击】有效次数：3
2025-10-20 14:15:45 [TRACE] 【目标检测】目标存在，但置信度不足
2025-10-20 14:15:46 [TRACE] 【目标检测】目标存在，但置信度不足
2025-10-20 14:15:47 [TRACE] 【目标检测】目标存在，但置信度不足
2025-10-20 14:15:49 [TRACE] 【目标检测】目标存在，但置信度不足
2025-10-20 14:15:52 [TRACE] 【目标检测】目标存在，但置信度不足
2025-10-20 14:15:53 [TRACE] 【目标检测】目标存在，但置信度不足
2025-10-20 14:15:54 [TRACE] 【目标检测】屏幕内没有目标
2025-10-20 14:15:57 [TRACE] 【空洞监听】无匹配已持续：0秒
2025-10-20 14:15:57 [TRACE] 【目标检测】屏幕内没有目标
2025-10-20 14:15:58 [TRACE] 【状态】搜索模式：C:\Users\gelon\Desktop\ZA-Lite\assets/images/hollow\battle_end_boss.png 置信度：0.9999361634254456
2025-10-20 14:15:58 [TRACE] 【目标检测】目标存在，但置信度不足
2025-10-20 14:16:01 [TRACE] 【目标检测】屏幕内没有目标
2025-10-20 14:16:02 [TRACE] 【目标检测】屏幕内没有目标
2025-10-20 14:16:04 [TRACE] 【目标检测】屏幕内没有目标
2025-10-20 14:16:06 [TRACE] 【目标检测】屏幕内没有目标
2025-10-20 14:16:08 [TRACE] 【目标检测】屏幕内没有目标
2025-10-20 14:16:11 [TRACE] 【空洞监听】无匹配已持续：0秒
2025-10-20 14:16:11 [TRACE] 【目标检测】TRAPPED！ 类型：interact 置信度：0.8892764449119568
2025-10-20 14:16:17 [TRACE] 【空洞监听】无匹配已持续：6秒
2025-10-20 14:16:18 [TRACE] 【目标检测】屏幕内没有目标
2025-10-20 14:16:19 [TRACE] 【目标检测】屏幕内没有目标
2025-10-20 14:16:21 [TRACE] 【目标检测】屏幕内没有目标
2025-10-20 14:16:22 [TRACE] 【目标检测】屏幕内没有目标
2025-10-20 14:16:24 [TRACE] 【目标检测】屏幕内没有目标
2025-10-20 14:16:26 [TRACE] 【目标检测】屏幕内没有目标
2025-10-20 14:16:28 [TRACE] 【目标检测】TRAPPED！ 类型：interact 置信度：0.9289299249649048
2025-10-20 14:16:33 [TRACE] 【目标检测】TRAPPED！ 类型：interact 置信度：0.9190095663070679
2025-10-20 14:16:37 [TRACE] 【空洞监听】无匹配已持续：0秒
2025-10-20 14:16:40 [TRACE] 【目标检测】屏幕内没有目标
2025-10-20 14:16:42 [TRACE] 【目标检测】屏幕内没有目标
2025-10-20 14:16:43 [TRACE] 【目标检测】屏幕内没有目标
2025-10-20 14:16:44 [TRACE] 【目标检测】屏幕内没有目标
2025-10-20 14:16:46 [TRACE] 【目标检测】屏幕内没有目标
2025-10-20 14:16:50 [TRACE] 【目标检测】TRAPPED！ 类型：interact 置信度：0.9012660980224609
2025-10-20 14:16:55 [TRACE] 【目标检测】TRAPPED！ 类型：interact 置信度：0.9101061820983887
2025-10-20 14:16:56 [TRACE] 【空洞监听】无匹配已持续：0秒
2025-10-20 14:17:02 [TRACE] 【空洞监听】无匹配已持续：5秒
2025-10-20 14:17:02 [TRACE] 【目标检测】屏幕内没有目标
2025-10-20 14:17:03 [TRACE] 【目标检测】屏幕内没有目标
2025-10-20 14:17:05 [TRACE] 【目标检测】屏幕内没有目标
2025-10-20 14:17:07 [TRACE] 【目标检测】屏幕内没有目标
2025-10-20 14:17:08 [TRACE] 【目标检测】屏幕内没有目标
2025-10-20 14:17:10 [TRACE] 【目标检测】屏幕内没有目标
2025-10-20 14:17:12 [TRACE] 【目标检测】屏幕内没有目标
2025-10-20 14:17:13 [TRACE] 【目标检测】屏幕内没有目标
2025-10-20 14:17:14 [TRACE] 【目标检测】屏幕内没有目标
2025-10-20 14:17:15 [TRACE] 【目标检测】屏幕内没有目标
2025-10-20 14:17:18 [TRACE] 【目标检测】屏幕内没有目标
2025-10-20 14:17:25 [TRACE] 【目标检测】微调超时，无法对齐！
2025-10-20 14:17:27 [TRACE] 【目标检测】屏幕内没有目标
2025-10-20 14:17:29 [TRACE] 【目标检测】屏幕内没有目标
2025-10-20 14:17:30 [TRACE] 【目标检测】屏幕内没有目标
2025-10-20 14:17:31 [TRACE] 【目标检测】屏幕内没有目标
2025-10-20 14:17:34 [TRACE] 【目标检测】屏幕内没有目标
2025-10-20 14:17:35 [TRACE] 【空洞监听】无匹配已持续：0秒
2025-10-20 14:17:36 [TRACE] 【目标检测】屏幕内没有目标
2025-10-20 14:17:37 [TRACE] 【目标检测】屏幕内没有目标
2025-10-20 14:17:38 [TRACE] 【目标检测】屏幕内没有目标
2025-10-20 14:17:40 [TRACE] 【目标检测】屏幕内没有目标
2025-10-20 14:17:41 [TRACE] 【空洞监听】无匹配已持续：6秒
2025-10-20 14:17:45 [TRACE] 【目标检测】TRAPPED！ 类型：interact 置信度：0.922209620475769
2025-10-20 14:17:47 [TRACE] 【空洞监听】无匹配已持续：11秒
2025-10-20 14:17:52 [TRACE] 【目标检测】屏幕内没有目标
2025-10-20 14:17:53 [TRACE] 【目标检测】屏幕内没有目标
2025-10-20 14:17:54 [TRACE] 【目标检测】屏幕内没有目标
2025-10-20 14:17:56 [TRACE] 【目标检测】屏幕内没有目标
2025-10-20 14:17:57 [TRACE] 【目标检测】屏幕内没有目标
2025-10-20 14:18:00 [TRACE] 【目标检测】屏幕内没有目标
2025-10-20 14:18:01 [TRACE] 【目标检测】屏幕内没有目标
2025-10-20 14:18:02 [TRACE] 【目标检测】屏幕内没有目标
2025-10-20 14:18:08 [TRACE] 【目标检测】TRAPPED！ 类型：interact 置信度：0.9277046918869019
2025-10-20 14:18:13 [TRACE] 【状态】搜索模式：C:\Users\gelon\Desktop\ZA-Lite\assets/images/hollow\gear.png 置信度：0.999715268611908
2025-10-20 14:18:14 [TRACE] 【目标检测】屏幕内没有目标
2025-10-20 14:18:16 [TRACE] 【目标检测】屏幕内没有目标
2025-10-20 14:18:17 [TRACE] 【目标检测】屏幕内没有目标
2025-10-20 14:18:18 [TRACE] 【目标检测】屏幕内没有目标
2025-10-20 14:18:20 [TRACE] 【目标检测】屏幕内没有目标
2025-10-20 14:18:21 [TRACE] 【状态】搜索模式：C:\Users\gelon\Desktop\ZA-Lite\assets/images/hollow\next_area.png 置信度：0.999999463558197
2025-10-20 14:18:24 [TRACE] 【目标检测】TRAPPED！ 类型：blue_portal 置信度：0.9299869537353516
2025-10-20 14:18:24 [TRACE] 【状态】搜索模式：C:\Users\gelon\Desktop\ZA-Lite\assets/images/hollow\meter.png 置信度：0.9519957304000854
2025-10-20 14:18:31 [TRACE] 【目标检测】TRAPPED！ 类型：blue_portal 置信度：0.940136194229126
2025-10-20 14:18:32 [TRACE] 【空洞监听】无匹配已持续：0秒
2025-10-20 14:18:37 [TRACE] 【目标检测】TRAPPED！ 类型：blue_portal 置信度：0.9657998085021973
2025-10-20 14:18:39 [TRACE] 【空洞监听】无匹配已持续：6秒
2025-10-20 14:18:45 [TRACE] 【空洞监听】无匹配已持续：12秒
2025-10-20 14:18:45 [TRACE] 【目标检测】TRAPPED！ 类型：blue_portal 置信度：0.9657285809516907
2025-10-20 14:18:51 [TRACE] 【空洞监听】无匹配已持续：18秒
2025-10-20 14:18:52 [TRACE] 【目标检测】目标存在，但置信度不足
2025-10-20 14:18:54 [TRACE] 【目标检测】屏幕内没有目标
2025-10-20 14:18:55 [TRACE] 【目标检测】屏幕内没有目标
2025-10-20 14:18:57 [TRACE] 【目标检测】目标存在，但置信度不足
2025-10-20 14:18:58 [TRACE] 【目标检测】目标存在，但置信度不足
2025-10-20 14:19:00 [TRACE] 【目标检测】屏幕内没有目标
2025-10-20 14:19:00 [TRACE] 【状态】战斗模式：C:\Users\gelon\Desktop\ZA-Lite\assets/images/hollow\battle_3.png 置信度：1.0
2025-10-20 14:19:01 [TRACE] 【目标检测】屏幕内没有目标
2025-10-20 14:19:08 [TRACE] 【状态】战斗模式：C:\Users\gelon\Desktop\ZA-Lite\assets/images/hollow\battle_5.png 置信度：0.9558390974998474
2025-10-20 14:19:11 [TRACE] 【状态】战斗模式：正在受到攻击
2025-10-20 14:19:15 [TRACE] 【状态】战斗模式：C:\Users\gelon\Desktop\ZA-Lite\assets/images/hollow\battle_5.png 置信度：0.9786460995674133
2025-10-20 14:19:18 [TRACE] 【状态】战斗模式：正在受到攻击
2025-10-20 14:19:24 [TRACE] 【空洞监听】无匹配已持续：0秒
2025-10-20 14:19:28 [TRACE] 【状态】战斗模式：C:\Users\gelon\Desktop\ZA-Lite\assets/images/hollow\battle_5.png 置信度：0.9783231616020203
2025-10-20 14:19:31 [TRACE] 【状态】战斗模式：正在受到攻击
2025-10-20 14:19:37 [TRACE] 【空洞监听】无匹配已持续：0秒
2025-10-20 14:19:38 [TRACE] 【状态】搜索模式：C:\Users\gelon\Desktop\ZA-Lite\assets/images/hollow\resonium.png 置信度：0.9682981967926025
2025-10-20 14:19:38 [TRACE] 【目标出现】C:\Users\gelon\Desktop\ZA-Lite\assets/images/hollow\resonium.png 置信度：0.9999998807907104
2025-10-20 14:19:38 [TRACE] 【本轮的坐标】：(np.int64(971), np.int64(461)) ------------
2025-10-20 14:19:38 [TRACE] 【已点击过的坐标】：[(-10, -10)]
2025-10-20 14:19:38 [TRACE] 【成功点击】
2025-10-20 14:19:39 [TRACE] 【目标检测】目标存在，但置信度不足
2025-10-20 14:19:39 [TRACE] 【本轮的坐标】：(np.int64(1378), np.int64(461)) ------------
2025-10-20 14:19:39 [TRACE] 【已点击过的坐标】：[(-10, -10), (np.int64(971), np.int64(461))]
2025-10-20 14:19:39 [TRACE] 【成功点击】
2025-10-20 14:19:39 [TRACE] 【本轮的坐标】：(np.int64(1785), np.int64(461)) ------------
2025-10-20 14:19:39 [TRACE] 【已点击过的坐标】：[(-10, -10), (np.int64(971), np.int64(461)), (np.int64(1378), np.int64(461))]
2025-10-20 14:19:39 [TRACE] 【成功点击】
2025-10-20 14:19:40 [TRACE] 【目标检测】目标存在，但置信度不足
2025-10-20 14:19:40 [TRACE] 【本轮的坐标】：(np.int64(1786), np.int64(461)) ------------
2025-10-20 14:19:40 [TRACE] 【已点击过的坐标】：[(-10, -10), (np.int64(971), np.int64(461)), (np.int64(1378), np.int64(461)), (np.int64(1785), np.int64(461))]
2025-10-20 14:19:40 [TRACE] 【坐标太近】视为重复
2025-10-20 14:19:40 [TRACE] 【没有通过的坐标】开始下一轮
2025-10-20 14:19:40 [TRACE] 【本轮的坐标】：(np.int64(2192), np.int64(461)) ------------
2025-10-20 14:19:40 [TRACE] 【已点击过的坐标】：[(-10, -10), (np.int64(971), np.int64(461)), (np.int64(1378), np.int64(461)), (np.int64(1785), np.int64(461))]
2025-10-20 14:19:40 [TRACE] 【成功点击】
2025-10-20 14:19:41 [TRACE] 【本轮的坐标】：(np.int64(2193), np.int64(461)) ------------
2025-10-20 14:19:41 [TRACE] 【已点击过的坐标】：[(-10, -10), (np.int64(971), np.int64(461)), (np.int64(1378), np.int64(461)), (np.int64(1785), np.int64(461)), (np.int64(2192), np.int64(461))]
2025-10-20 14:19:41 [TRACE] 【坐标太近】视为重复
2025-10-20 14:19:41 [TRACE] 【没有通过的坐标】开始下一轮
2025-10-20 14:19:41 [TRACE] 【本轮的坐标】：(np.int64(970), np.int64(462)) ------------
2025-10-20 14:19:41 [TRACE] 【已点击过的坐标】：[(-10, -10), (np.int64(971), np.int64(461)), (np.int64(1378), np.int64(461)), (np.int64(1785), np.int64(461)), (np.int64(2192), np.int64(461))]
2025-10-20 14:19:41 [TRACE] 【坐标太近】视为重复
2025-10-20 14:19:41 [TRACE] 【没有通过的坐标】开始下一轮
2025-10-20 14:19:41 [TRACE] 【本轮的坐标】：(np.int64(971), np.int64(462)) ------------
2025-10-20 14:19:41 [TRACE] 【已点击过的坐标】：[(-10, -10), (np.int64(971), np.int64(461)), (np.int64(1378), np.int64(461)), (np.int64(1785), np.int64(461)), (np.int64(2192), np.int64(461))]
2025-10-20 14:19:41 [TRACE] 【坐标太近】视为重复
2025-10-20 14:19:41 [TRACE] 【没有通过的坐标】开始下一轮
2025-10-20 14:19:41 [TRACE] 【本轮的坐标】：(np.int64(972), np.int64(462)) ------------
2025-10-20 14:19:41 [TRACE] 【已点击过的坐标】：[(-10, -10), (np.int64(971), np.int64(461)), (np.int64(1378), np.int64(461)), (np.int64(1785), np.int64(461)), (np.int64(2192), np.int64(461))]
2025-10-20 14:19:41 [TRACE] 【坐标太近】视为重复
2025-10-20 14:19:41 [TRACE] 【没有通过的坐标】开始下一轮
2025-10-20 14:19:41 [TRACE] 【本轮的坐标】：(np.int64(1377), np.int64(462)) ------------
2025-10-20 14:19:41 [TRACE] 【已点击过的坐标】：[(-10, -10), (np.int64(971), np.int64(461)), (np.int64(1378), np.int64(461)), (np.int64(1785), np.int64(461)), (np.int64(2192), np.int64(461))]
2025-10-20 14:19:41 [TRACE] 【坐标太近】视为重复
2025-10-20 14:19:41 [TRACE] 【没有通过的坐标】开始下一轮
2025-10-20 14:19:41 [TRACE] 【本轮的坐标】：(np.int64(1378), np.int64(462)) ------------
2025-10-20 14:19:41 [TRACE] 【已点击过的坐标】：[(-10, -10), (np.int64(971), np.int64(461)), (np.int64(1378), np.int64(461)), (np.int64(1785), np.int64(461)), (np.int64(2192), np.int64(461))]
2025-10-20 14:19:41 [TRACE] 【坐标太近】视为重复
2025-10-20 14:19:41 [TRACE] 【没有通过的坐标】开始下一轮
2025-10-20 14:19:41 [TRACE] 【本轮的坐标】：(np.int64(1379), np.int64(462)) ------------
2025-10-20 14:19:41 [TRACE] 【已点击过的坐标】：[(-10, -10), (np.int64(971), np.int64(461)), (np.int64(1378), np.int64(461)), (np.int64(1785), np.int64(461)), (np.int64(2192), np.int64(461))]
2025-10-20 14:19:41 [TRACE] 【坐标太近】视为重复
2025-10-20 14:19:41 [TRACE] 【没有通过的坐标】开始下一轮
2025-10-20 14:19:41 [TRACE] 【本轮的坐标】：(np.int64(1784), np.int64(462)) ------------
2025-10-20 14:19:41 [TRACE] 【已点击过的坐标】：[(-10, -10), (np.int64(971), np.int64(461)), (np.int64(1378), np.int64(461)), (np.int64(1785), np.int64(461)), (np.int64(2192), np.int64(461))]
2025-10-20 14:19:41 [TRACE] 【坐标太近】视为重复
2025-10-20 14:19:41 [TRACE] 【没有通过的坐标】开始下一轮
2025-10-20 14:19:41 [TRACE] 【本轮的坐标】：(np.int64(1785), np.int64(462)) ------------
2025-10-20 14:19:41 [TRACE] 【已点击过的坐标】：[(-10, -10), (np.int64(971), np.int64(461)), (np.int64(1378), np.int64(461)), (np.int64(1785), np.int64(461)), (np.int64(2192), np.int64(461))]
2025-10-20 14:19:41 [TRACE] 【坐标太近】视为重复
2025-10-20 14:19:41 [TRACE] 【没有通过的坐标】开始下一轮
2025-10-20 14:19:41 [TRACE] 【本轮的坐标】：(np.int64(1786), np.int64(462)) ------------
2025-10-20 14:19:41 [TRACE] 【已点击过的坐标】：[(-10, -10), (np.int64(971), np.int64(461)), (np.int64(1378), np.int64(461)), (np.int64(1785), np.int64(461)), (np.int64(2192), np.int64(461))]
2025-10-20 14:19:41 [TRACE] 【坐标太近】视为重复
2025-10-20 14:19:41 [TRACE] 【没有通过的坐标】开始下一轮
2025-10-20 14:19:41 [TRACE] 【本轮的坐标】：(np.int64(2191), np.int64(462)) ------------
2025-10-20 14:19:41 [TRACE] 【已点击过的坐标】：[(-10, -10), (np.int64(971), np.int64(461)), (np.int64(1378), np.int64(461)), (np.int64(1785), np.int64(461)), (np.int64(2192), np.int64(461))]
2025-10-20 14:19:41 [TRACE] 【坐标太近】视为重复
2025-10-20 14:19:41 [TRACE] 【没有通过的坐标】开始下一轮
2025-10-20 14:19:41 [TRACE] 【本轮的坐标】：(np.int64(2192), np.int64(462)) ------------
2025-10-20 14:19:41 [TRACE] 【已点击过的坐标】：[(-10, -10), (np.int64(971), np.int64(461)), (np.int64(1378), np.int64(461)), (np.int64(1785), np.int64(461)), (np.int64(2192), np.int64(461))]
2025-10-20 14:19:41 [TRACE] 【坐标太近】视为重复
2025-10-20 14:19:41 [TRACE] 【没有通过的坐标】开始下一轮
2025-10-20 14:19:41 [TRACE] 【本轮的坐标】：(np.int64(2193), np.int64(462)) ------------
2025-10-20 14:19:41 [TRACE] 【已点击过的坐标】：[(-10, -10), (np.int64(971), np.int64(461)), (np.int64(1378), np.int64(461)), (np.int64(1785), np.int64(461)), (np.int64(2192), np.int64(461))]
2025-10-20 14:19:41 [TRACE] 【坐标太近】视为重复
2025-10-20 14:19:41 [TRACE] 【没有通过的坐标】开始下一轮
2025-10-20 14:19:41 [TRACE] 【本轮的坐标】：(np.int64(2194), np.int64(462)) ------------
2025-10-20 14:19:41 [TRACE] 【已点击过的坐标】：[(-10, -10), (np.int64(971), np.int64(461)), (np.int64(1378), np.int64(461)), (np.int64(1785), np.int64(461)), (np.int64(2192), np.int64(461))]
2025-10-20 14:19:41 [TRACE] 【坐标太近】视为重复
2025-10-20 14:19:41 [TRACE] 【没有通过的坐标】开始下一轮
2025-10-20 14:19:41 [TRACE] 【本轮的坐标】：(np.int64(970), np.int64(463)) ------------
2025-10-20 14:19:41 [TRACE] 【已点击过的坐标】：[(-10, -10), (np.int64(971), np.int64(461)), (np.int64(1378), np.int64(461)), (np.int64(1785), np.int64(461)), (np.int64(2192), np.int64(461))]
2025-10-20 14:19:41 [TRACE] 【坐标太近】视为重复
2025-10-20 14:19:41 [TRACE] 【没有通过的坐标】开始下一轮
2025-10-20 14:19:41 [TRACE] 【本轮的坐标】：(np.int64(971), np.int64(463)) ------------
2025-10-20 14:19:41 [TRACE] 【已点击过的坐标】：[(-10, -10), (np.int64(971), np.int64(461)), (np.int64(1378), np.int64(461)), (np.int64(1785), np.int64(461)), (np.int64(2192), np.int64(461))]
2025-10-20 14:19:41 [TRACE] 【坐标太近】视为重复
2025-10-20 14:19:41 [TRACE] 【没有通过的坐标】开始下一轮
2025-10-20 14:19:41 [TRACE] 【本轮的坐标】：(np.int64(1378), np.int64(463)) ------------
2025-10-20 14:19:41 [TRACE] 【已点击过的坐标】：[(-10, -10), (np.int64(971), np.int64(461)), (np.int64(1378), np.int64(461)), (np.int64(1785), np.int64(461)), (np.int64(2192), np.int64(461))]
2025-10-20 14:19:41 [TRACE] 【坐标太近】视为重复
2025-10-20 14:19:41 [TRACE] 【没有通过的坐标】开始下一轮
2025-10-20 14:19:41 [TRACE] 【本轮的坐标】：(np.int64(1785), np.int64(463)) ------------
2025-10-20 14:19:41 [TRACE] 【已点击过的坐标】：[(-10, -10), (np.int64(971), np.int64(461)), (np.int64(1378), np.int64(461)), (np.int64(1785), np.int64(461)), (np.int64(2192), np.int64(461))]
2025-10-20 14:19:41 [TRACE] 【坐标太近】视为重复
2025-10-20 14:19:41 [TRACE] 【没有通过的坐标】开始下一轮
2025-10-20 14:19:41 [TRACE] 【本轮的坐标】：(np.int64(2192), np.int64(463)) ------------
2025-10-20 14:19:41 [TRACE] 【已点击过的坐标】：[(-10, -10), (np.int64(971), np.int64(461)), (np.int64(1378), np.int64(461)), (np.int64(1785), np.int64(461)), (np.int64(2192), np.int64(461))]
2025-10-20 14:19:41 [TRACE] 【坐标太近】视为重复
2025-10-20 14:19:41 [TRACE] 【没有通过的坐标】开始下一轮
2025-10-20 14:19:41 [TRACE] 【完成所有点击】有效次数：4
2025-10-20 14:19:42 [TRACE] 【目标检测】目标存在，但置信度不足
2025-10-20 14:19:43 [TRACE] 【目标检测】目标存在，但置信度不足
2025-10-20 14:19:47 [TRACE] 【目标检测】屏幕内没有目标
2025-10-20 14:19:49 [TRACE] 【状态】搜索模式：C:\Users\gelon\Desktop\ZA-Lite\assets/images/hollow\next_area.png 置信度：0.9999992847442627
2025-10-20 14:19:50 [TRACE] 【目标检测】屏幕内没有目标
2025-10-20 14:19:52 [TRACE] 【目标检测】屏幕内没有目标
2025-10-20 14:19:53 [TRACE] 【目标检测】屏幕内没有目标
2025-10-20 14:19:55 [TRACE] 【目标检测】屏幕内没有目标
2025-10-20 14:19:56 [TRACE] 【目标检测】屏幕内没有目标
2025-10-20 14:19:59 [TRACE] 【目标检测】屏幕内没有目标
2025-10-20 14:20:01 [TRACE] 【空洞监听】无匹配已持续：0秒
2025-10-20 14:20:03 [TRACE] 【目标检测】微调超时，无法对齐！
2025-10-20 14:20:07 [TRACE] 【目标检测】TRAPPED！ 类型：blue_portal 置信度：0.9161112308502197
2025-10-20 14:20:08 [TRACE] 【空洞监听】无匹配已持续：7秒
2025-10-20 14:20:14 [TRACE] 【目标检测】屏幕内没有目标
2025-10-20 14:20:15 [TRACE] 【空洞监听】无匹配已持续：14秒
2025-10-20 14:20:16 [TRACE] 【目标检测】屏幕内没有目标
2025-10-20 14:20:18 [TRACE] 【状态】战斗模式：C:\Users\gelon\Desktop\ZA-Lite\assets/images/hollow\battle_2.png 置信度：0.9999997615814209
2025-10-20 14:20:18 [TRACE] 【目标检测】屏幕内没有目标
2025-10-20 14:20:19 [TRACE] 【状态】战斗模式：C:\Users\gelon\Desktop\ZA-Lite\assets/images/hollow\battle_3.png 置信度：0.9999996423721313
2025-10-20 14:20:29 [TRACE] 【状态】战斗模式：正在受到攻击
2025-10-20 14:20:35 [TRACE] 【状态】战斗模式：正在受到攻击
2025-10-20 14:20:41 [TRACE] 【状态】战斗模式：正在受到攻击
2025-10-20 14:20:47 [TRACE] 【空洞监听】无匹配已持续：0秒
2025-10-20 14:20:54 [TRACE] 【状态】战斗模式：正在受到攻击
2025-10-20 14:21:00 [TRACE] 【状态】战斗模式：正在受到攻击
2025-10-20 14:21:07 [TRACE] 【状态】战斗模式：正在受到攻击
2025-10-20 14:21:10 [TRACE] 【状态】战斗模式：C:\Users\gelon\Desktop\ZA-Lite\assets/images/hollow\battle_5.png 置信度：0.9843226671218872
2025-10-20 14:21:20 [TRACE] 【空洞监听】无匹配已持续：0秒
2025-10-20 14:21:28 [TRACE] 【状态】搜索模式：C:\Users\gelon\Desktop\ZA-Lite\assets/images/hollow\next_area.png 置信度：0.9999992847442627
2025-10-20 14:21:33 [TRACE] 【目标检测】TRAPPED！ 类型：blue_portal 置信度：0.9473224878311157
2025-10-20 14:21:40 [TRACE] 【空洞监听】无匹配已持续：0秒
2025-10-20 14:21:47 [TRACE] 【空洞监听】无匹配已持续：6秒
2025-10-20 14:21:47 [TRACE] 【目标检测】微调超时，无法对齐！
2025-10-20 14:21:53 [TRACE] 【目标检测】TRAPPED！ 类型：interact 置信度：0.9004596471786499
2025-10-20 14:21:53 [TRACE] 【空洞监听】无匹配已持续：13秒
2025-10-20 14:22:00 [TRACE] 【空洞监听】无匹配已持续：19秒
2025-10-20 14:22:01 [TRACE] 【目标检测】TRAPPED！ 类型：interact 置信度：0.9450867772102356
2025-10-20 14:22:07 [TRACE] 【状态】搜索模式：C:\Users\gelon\Desktop\ZA-Lite\assets/images/hollow\resonium.png 置信度：0.9999996423721313
2025-10-20 14:22:07 [TRACE] 【目标出现】C:\Users\gelon\Desktop\ZA-Lite\assets/images/hollow\resonium.png 置信度：1.0
2025-10-20 14:22:07 [TRACE] 【本轮的坐标】：(np.int64(1174), np.int64(461)) ------------
2025-10-20 14:22:07 [TRACE] 【已点击过的坐标】：[(-10, -10)]
2025-10-20 14:22:07 [TRACE] 【成功点击】
2025-10-20 14:22:08 [TRACE] 【目标检测】屏幕内没有目标
2025-10-20 14:22:08 [TRACE] 【本轮的坐标】：(np.int64(1581), np.int64(461)) ------------
2025-10-20 14:22:08 [TRACE] 【已点击过的坐标】：[(-10, -10), (np.int64(1174), np.int64(461))]
2025-10-20 14:22:08 [TRACE] 【成功点击】
2025-10-20 14:22:08 [TRACE] 【本轮的坐标】：(np.int64(1582), np.int64(461)) ------------
2025-10-20 14:22:08 [TRACE] 【已点击过的坐标】：[(-10, -10), (np.int64(1174), np.int64(461)), (np.int64(1581), np.int64(461))]
2025-10-20 14:22:08 [TRACE] 【坐标太近】视为重复
2025-10-20 14:22:08 [TRACE] 【没有通过的坐标】开始下一轮
2025-10-20 14:22:08 [TRACE] 【本轮的坐标】：(np.int64(1988), np.int64(461)) ------------
2025-10-20 14:22:08 [TRACE] 【已点击过的坐标】：[(-10, -10), (np.int64(1174), np.int64(461)), (np.int64(1581), np.int64(461))]
2025-10-20 14:22:08 [TRACE] 【成功点击】
2025-10-20 14:22:09 [TRACE] 【目标检测】屏幕内没有目标
2025-10-20 14:22:09 [TRACE] 【本轮的坐标】：(np.int64(1989), np.int64(461)) ------------
2025-10-20 14:22:09 [TRACE] 【已点击过的坐标】：[(-10, -10), (np.int64(1174), np.int64(461)), (np.int64(1581), np.int64(461)), (np.int64(1988), np.int64(461))]
2025-10-20 14:22:09 [TRACE] 【坐标太近】视为重复
2025-10-20 14:22:09 [TRACE] 【没有通过的坐标】开始下一轮
2025-10-20 14:22:09 [TRACE] 【本轮的坐标】：(np.int64(1173), np.int64(462)) ------------
2025-10-20 14:22:09 [TRACE] 【已点击过的坐标】：[(-10, -10), (np.int64(1174), np.int64(461)), (np.int64(1581), np.int64(461)), (np.int64(1988), np.int64(461))]
2025-10-20 14:22:09 [TRACE] 【坐标太近】视为重复
2025-10-20 14:22:09 [TRACE] 【没有通过的坐标】开始下一轮
2025-10-20 14:22:09 [TRACE] 【本轮的坐标】：(np.int64(1174), np.int64(462)) ------------
2025-10-20 14:22:09 [TRACE] 【已点击过的坐标】：[(-10, -10), (np.int64(1174), np.int64(461)), (np.int64(1581), np.int64(461)), (np.int64(1988), np.int64(461))]
2025-10-20 14:22:09 [TRACE] 【坐标太近】视为重复
2025-10-20 14:22:09 [TRACE] 【没有通过的坐标】开始下一轮
2025-10-20 14:22:09 [TRACE] 【本轮的坐标】：(np.int64(1175), np.int64(462)) ------------
2025-10-20 14:22:09 [TRACE] 【已点击过的坐标】：[(-10, -10), (np.int64(1174), np.int64(461)), (np.int64(1581), np.int64(461)), (np.int64(1988), np.int64(461))]
2025-10-20 14:22:09 [TRACE] 【坐标太近】视为重复
2025-10-20 14:22:09 [TRACE] 【没有通过的坐标】开始下一轮
2025-10-20 14:22:09 [TRACE] 【本轮的坐标】：(np.int64(1580), np.int64(462)) ------------
2025-10-20 14:22:09 [TRACE] 【已点击过的坐标】：[(-10, -10), (np.int64(1174), np.int64(461)), (np.int64(1581), np.int64(461)), (np.int64(1988), np.int64(461))]
2025-10-20 14:22:09 [TRACE] 【坐标太近】视为重复
2025-10-20 14:22:09 [TRACE] 【没有通过的坐标】开始下一轮
2025-10-20 14:22:09 [TRACE] 【本轮的坐标】：(np.int64(1581), np.int64(462)) ------------
2025-10-20 14:22:09 [TRACE] 【已点击过的坐标】：[(-10, -10), (np.int64(1174), np.int64(461)), (np.int64(1581), np.int64(461)), (np.int64(1988), np.int64(461))]
2025-10-20 14:22:09 [TRACE] 【坐标太近】视为重复
2025-10-20 14:22:09 [TRACE] 【没有通过的坐标】开始下一轮
2025-10-20 14:22:09 [TRACE] 【本轮的坐标】：(np.int64(1582), np.int64(462)) ------------
2025-10-20 14:22:09 [TRACE] 【已点击过的坐标】：[(-10, -10), (np.int64(1174), np.int64(461)), (np.int64(1581), np.int64(461)), (np.int64(1988), np.int64(461))]
2025-10-20 14:22:09 [TRACE] 【坐标太近】视为重复
2025-10-20 14:22:09 [TRACE] 【没有通过的坐标】开始下一轮
2025-10-20 14:22:09 [TRACE] 【本轮的坐标】：(np.int64(1987), np.int64(462)) ------------
2025-10-20 14:22:09 [TRACE] 【已点击过的坐标】：[(-10, -10), (np.int64(1174), np.int64(461)), (np.int64(1581), np.int64(461)), (np.int64(1988), np.int64(461))]
2025-10-20 14:22:09 [TRACE] 【坐标太近】视为重复
2025-10-20 14:22:09 [TRACE] 【没有通过的坐标】开始下一轮
2025-10-20 14:22:09 [TRACE] 【本轮的坐标】：(np.int64(1988), np.int64(462)) ------------
2025-10-20 14:22:09 [TRACE] 【已点击过的坐标】：[(-10, -10), (np.int64(1174), np.int64(461)), (np.int64(1581), np.int64(461)), (np.int64(1988), np.int64(461))]
2025-10-20 14:22:09 [TRACE] 【坐标太近】视为重复
2025-10-20 14:22:09 [TRACE] 【没有通过的坐标】开始下一轮
2025-10-20 14:22:09 [TRACE] 【本轮的坐标】：(np.int64(1989), np.int64(462)) ------------
2025-10-20 14:22:09 [TRACE] 【已点击过的坐标】：[(-10, -10), (np.int64(1174), np.int64(461)), (np.int64(1581), np.int64(461)), (np.int64(1988), np.int64(461))]
2025-10-20 14:22:09 [TRACE] 【坐标太近】视为重复
2025-10-20 14:22:09 [TRACE] 【没有通过的坐标】开始下一轮
2025-10-20 14:22:09 [TRACE] 【本轮的坐标】：(np.int64(1990), np.int64(462)) ------------
2025-10-20 14:22:09 [TRACE] 【已点击过的坐标】：[(-10, -10), (np.int64(1174), np.int64(461)), (np.int64(1581), np.int64(461)), (np.int64(1988), np.int64(461))]
2025-10-20 14:22:09 [TRACE] 【坐标太近】视为重复
2025-10-20 14:22:09 [TRACE] 【没有通过的坐标】开始下一轮
2025-10-20 14:22:09 [TRACE] 【本轮的坐标】：(np.int64(1174), np.int64(463)) ------------
2025-10-20 14:22:09 [TRACE] 【已点击过的坐标】：[(-10, -10), (np.int64(1174), np.int64(461)), (np.int64(1581), np.int64(461)), (np.int64(1988), np.int64(461))]
2025-10-20 14:22:09 [TRACE] 【坐标太近】视为重复
2025-10-20 14:22:09 [TRACE] 【没有通过的坐标】开始下一轮
2025-10-20 14:22:09 [TRACE] 【本轮的坐标】：(np.int64(1581), np.int64(463)) ------------
2025-10-20 14:22:09 [TRACE] 【已点击过的坐标】：[(-10, -10), (np.int64(1174), np.int64(461)), (np.int64(1581), np.int64(461)), (np.int64(1988), np.int64(461))]
2025-10-20 14:22:09 [TRACE] 【坐标太近】视为重复
2025-10-20 14:22:09 [TRACE] 【没有通过的坐标】开始下一轮
2025-10-20 14:22:09 [TRACE] 【本轮的坐标】：(np.int64(1988), np.int64(463)) ------------
2025-10-20 14:22:09 [TRACE] 【已点击过的坐标】：[(-10, -10), (np.int64(1174), np.int64(461)), (np.int64(1581), np.int64(461)), (np.int64(1988), np.int64(461))]
2025-10-20 14:22:09 [TRACE] 【坐标太近】视为重复
2025-10-20 14:22:09 [TRACE] 【没有通过的坐标】开始下一轮
2025-10-20 14:22:09 [TRACE] 【完成所有点击】有效次数：3
2025-10-20 14:22:10 [TRACE] 【目标检测】屏幕内没有目标
2025-10-20 14:22:11 [TRACE] 【目标检测】屏幕内没有目标
2025-10-20 14:22:13 [TRACE] 【目标检测】屏幕内没有目标
2025-10-20 14:22:22 [TRACE] 【目标检测】微调超时，无法对齐！
2025-10-20 14:22:22 [TRACE] 【空洞监听】无匹配已持续：0秒
2025-10-20 14:22:26 [TRACE] 【状态】搜索模式：C:\Users\gelon\Desktop\ZA-Lite\assets/images/hollow\meter.png 置信度：0.9771384000778198
2025-10-20 14:22:28 [TRACE] 【目标检测】目标存在，但置信度不足
2025-10-20 14:22:32 [TRACE] 【目标检测】微调超时，无法对齐！
2025-10-20 14:22:33 [TRACE] 【状态】搜索模式：C:\Users\gelon\Desktop\ZA-Lite\assets/images/hollow\meter.png 置信度：0.9378044009208679
2025-10-20 14:22:34 [TRACE] 【目标检测】TRAPPED！ 类型：guide_point 置信度：0.948183000087738
2025-10-20 14:22:42 [TRACE] 【空洞监听】无匹配已持续：0秒
2025-10-20 14:22:43 [TRACE] 【目标检测】TRAPPED！ 类型：interact 置信度：0.9229768514633179
2025-10-20 14:22:48 [TRACE] 【空洞监听】无匹配已持续：6秒
2025-10-20 14:22:50 [TRACE] 【目标检测】屏幕内没有目标
2025-10-20 14:22:51 [TRACE] 【目标检测】屏幕内没有目标
2025-10-20 14:22:53 [TRACE] 【目标检测】屏幕内没有目标
2025-10-20 14:22:54 [TRACE] 【目标检测】屏幕内没有目标
2025-10-20 14:22:55 [TRACE] 【目标检测】屏幕内没有目标
2025-10-20 14:22:58 [TRACE] 【目标检测】屏幕内没有目标
2025-10-20 14:22:59 [TRACE] 【目标检测】屏幕内没有目标
2025-10-20 14:23:00 [TRACE] 【目标检测】屏幕内没有目标
2025-10-20 14:23:02 [TRACE] 【目标检测】屏幕内没有目标
2025-10-20 14:23:03 [TRACE] 【目标检测】屏幕内没有目标
2025-10-20 14:23:06 [TRACE] 【目标检测】屏幕内没有目标
2025-10-20 14:23:07 [TRACE] 【目标检测】屏幕内没有目标
2025-10-20 14:23:09 [TRACE] 【目标检测】屏幕内没有目标
2025-10-20 14:23:10 [TRACE] 【目标检测】屏幕内没有目标
2025-10-20 14:23:11 [TRACE] 【目标检测】屏幕内没有目标
2025-10-20 14:23:14 [TRACE] 【目标检测】屏幕内没有目标
2025-10-20 14:23:15 [TRACE] 【目标检测】屏幕内没有目标
2025-10-20 14:23:17 [TRACE] 【目标检测】屏幕内没有目标
2025-10-20 14:23:18 [TRACE] 【目标检测】屏幕内没有目标
2025-10-20 14:23:19 [TRACE] 【目标检测】屏幕内没有目标
2025-10-20 14:23:22 [TRACE] 【目标检测】屏幕内没有目标
2025-10-20 14:23:23 [TRACE] 【目标检测】屏幕内没有目标
2025-10-20 14:23:24 [TRACE] 【目标检测】屏幕内没有目标
2025-10-20 14:23:25 [TRACE] 【目标检测】屏幕内没有目标
2025-10-20 14:23:27 [TRACE] 【目标检测】屏幕内没有目标
2025-10-20 14:23:29 [TRACE] 【目标检测】屏幕内没有目标
2025-10-20 14:23:31 [TRACE] 【目标检测】屏幕内没有目标
2025-10-20 14:23:32 [TRACE] 【目标检测】屏幕内没有目标
2025-10-20 14:23:34 [TRACE] 【目标检测】屏幕内没有目标
2025-10-20 14:23:35 [TRACE] 【目标检测】屏幕内没有目标
2025-10-20 14:23:38 [TRACE] 【目标检测】屏幕内没有目标
2025-10-20 14:23:39 [TRACE] 【目标检测】屏幕内没有目标
2025-10-20 14:23:40 [TRACE] 【目标检测】屏幕内没有目标
2025-10-20 14:23:42 [TRACE] 【目标检测】屏幕内没有目标
2025-10-20 14:23:43 [TRACE] 【目标检测】屏幕内没有目标
2025-10-20 14:23:46 [TRACE] 【目标检测】目标存在，但置信度不足
2025-10-20 14:23:47 [TRACE] 【目标检测】屏幕内没有目标
2025-10-20 14:23:48 [TRACE] 【目标检测】屏幕内没有目标
2025-10-20 14:23:49 [TRACE] 【目标检测】屏幕内没有目标
2025-10-20 14:23:51 [TRACE] 【目标检测】屏幕内没有目标
2025-10-20 14:23:52 [TRACE] 【目标检测】屏幕内没有目标
2025-10-20 14:23:55 [TRACE] 【目标检测】屏幕内没有目标
2025-10-20 14:23:56 [TRACE] 【目标检测】屏幕内没有目标
2025-10-20 14:23:57 [TRACE] 【目标检测】屏幕内没有目标
2025-10-20 14:23:59 [TRACE] 【目标检测】屏幕内没有目标
2025-10-20 14:24:00 [TRACE] 【目标检测】屏幕内没有目标
2025-10-20 14:24:03 [TRACE] 【目标检测】屏幕内没有目标
2025-10-20 14:24:04 [TRACE] 【目标检测】屏幕内没有目标
2025-10-20 14:24:06 [TRACE] 【目标检测】屏幕内没有目标
2025-10-20 14:24:07 [TRACE] 【目标检测】屏幕内没有目标
2025-10-20 14:24:08 [TRACE] 【目标检测】屏幕内没有目标
2025-10-20 14:24:10 [TRACE] 【状态】搜索模式：C:\Users\gelon\Desktop\ZA-Lite\assets/images/hollow\resonium.png 置信度：0.9920591711997986
2025-10-20 14:24:10 [TRACE] 【目标出现】C:\Users\gelon\Desktop\ZA-Lite\assets/images/hollow\resonium.png 置信度：0.9920591711997986
2025-10-20 14:24:10 [TRACE] 【本轮的坐标】：(np.int64(1581), np.int64(461)) ------------
2025-10-20 14:24:10 [TRACE] 【已点击过的坐标】：[(-10, -10)]
2025-10-20 14:24:10 [TRACE] 【成功点击】
2025-10-20 14:24:11 [TRACE] 【目标检测】屏幕内没有目标
2025-10-20 14:24:11 [TRACE] 【本轮的坐标】：(np.int64(1582), np.int64(461)) ------------
2025-10-20 14:24:11 [TRACE] 【已点击过的坐标】：[(-10, -10), (np.int64(1581), np.int64(461))]
2025-10-20 14:24:11 [TRACE] 【坐标太近】视为重复
2025-10-20 14:24:11 [TRACE] 【没有通过的坐标】开始下一轮
2025-10-20 14:24:11 [TRACE] 【本轮的坐标】：(np.int64(1580), np.int64(462)) ------------
2025-10-20 14:24:11 [TRACE] 【已点击过的坐标】：[(-10, -10), (np.int64(1581), np.int64(461))]
2025-10-20 14:24:11 [TRACE] 【坐标太近】视为重复
2025-10-20 14:24:11 [TRACE] 【没有通过的坐标】开始下一轮
2025-10-20 14:24:11 [TRACE] 【本轮的坐标】：(np.int64(1581), np.int64(462)) ------------
2025-10-20 14:24:11 [TRACE] 【已点击过的坐标】：[(-10, -10), (np.int64(1581), np.int64(461))]
2025-10-20 14:24:11 [TRACE] 【坐标太近】视为重复
2025-10-20 14:24:11 [TRACE] 【没有通过的坐标】开始下一轮
2025-10-20 14:24:11 [TRACE] 【本轮的坐标】：(np.int64(1582), np.int64(462)) ------------
2025-10-20 14:24:11 [TRACE] 【已点击过的坐标】：[(-10, -10), (np.int64(1581), np.int64(461))]
2025-10-20 14:24:11 [TRACE] 【坐标太近】视为重复
2025-10-20 14:24:11 [TRACE] 【没有通过的坐标】开始下一轮
2025-10-20 14:24:11 [TRACE] 【本轮的坐标】：(np.int64(1581), np.int64(463)) ------------
2025-10-20 14:24:11 [TRACE] 【已点击过的坐标】：[(-10, -10), (np.int64(1581), np.int64(461))]
2025-10-20 14:24:11 [TRACE] 【坐标太近】视为重复
2025-10-20 14:24:11 [TRACE] 【没有通过的坐标】开始下一轮
2025-10-20 14:24:11 [TRACE] 【完成所有点击】有效次数：1
2025-10-20 14:24:12 [TRACE] 【目标检测】屏幕内没有目标
2025-10-20 14:24:13 [TRACE] 【目标检测】屏幕内没有目标
2025-10-20 14:24:14 [TRACE] 【目标检测】屏幕内没有目标
2025-10-20 14:24:16 [TRACE] 【目标检测】屏幕内没有目标
2025-10-20 14:24:21 [TRACE] 【状态】搜索模式：C:\Users\gelon\Desktop\ZA-Lite\assets/images/hollow\meter.png 置信度：0.997251570224762
2025-10-20 14:24:25 [TRACE] 【目标检测】TRAPPED！ 类型：blue_portal 置信度：0.8975400924682617
2025-10-20 14:24:30 [TRACE] 【空洞监听】无匹配已持续：0秒
2025-10-20 14:24:32 [TRACE] 【目标检测】屏幕内没有目标
2025-10-20 14:24:33 [TRACE] 【目标检测】目标存在，但置信度不足
2025-10-20 14:24:35 [TRACE] 【目标检测】屏幕内没有目标
2025-10-20 14:24:37 [TRACE] 【目标检测】屏幕内没有目标
2025-10-20 14:24:37 [TRACE] 【空洞监听】无匹配已持续：7秒
2025-10-20 14:24:38 [TRACE] 【目标检测】屏幕内没有目标
2025-10-20 14:24:40 [TRACE] 【目标检测】屏幕内没有目标
2025-10-20 14:24:41 [TRACE] 【状态】战斗模式：C:\Users\gelon\Desktop\ZA-Lite\assets/images/hollow\battle_5.png 置信度：0.9997324347496033
2025-10-20 14:24:50 [TRACE] 【状态】战斗模式：正在受到攻击
2025-10-20 14:24:57 [TRACE] 【空洞监听】无匹配已持续：0秒
2025-10-20 14:25:03 [TRACE] 【空洞监听】无匹配已持续：6秒
2025-10-20 14:25:07 [TRACE] 【状态】战斗模式：C:\Users\gelon\Desktop\ZA-Lite\assets/images/hollow\battle_5.png 置信度：0.9458680152893066
2025-10-20 14:25:10 [TRACE] 【状态】战斗模式：正在受到攻击
2025-10-20 14:25:13 [TRACE] 【状态】战斗模式：C:\Users\gelon\Desktop\ZA-Lite\assets/images/hollow\battle_5.png 置信度：0.9798804521560669
2025-10-20 14:25:23 [TRACE] 【空洞监听】无匹配已持续：0秒
2025-10-20 14:25:26 [TRACE] 【状态】战斗模式：C:\Users\gelon\Desktop\ZA-Lite\assets/images/hollow\battle_5.png 置信度：0.983676016330719
2025-10-20 14:25:36 [TRACE] 【状态】搜索模式：C:\Users\gelon\Desktop\ZA-Lite\assets/images/hollow\resonium.png 置信度：0.9999998807907104
2025-10-20 14:25:36 [TRACE] 【目标出现】C:\Users\gelon\Desktop\ZA-Lite\assets/images/hollow\resonium.png 置信度：1.0
2025-10-20 14:25:36 [TRACE] 【本轮的坐标】：(np.int64(1174), np.int64(461)) ------------
2025-10-20 14:25:36 [TRACE] 【已点击过的坐标】：[(-10, -10)]
2025-10-20 14:25:36 [TRACE] 【成功点击】
2025-10-20 14:25:37 [TRACE] 【目标检测】目标存在，但置信度不足
2025-10-20 14:25:37 [TRACE] 【本轮的坐标】：(np.int64(1581), np.int64(461)) ------------
2025-10-20 14:25:37 [TRACE] 【已点击过的坐标】：[(-10, -10), (np.int64(1174), np.int64(461))]
2025-10-20 14:25:37 [TRACE] 【成功点击】
2025-10-20 14:25:38 [TRACE] 【本轮的坐标】：(np.int64(1582), np.int64(461)) ------------
2025-10-20 14:25:38 [TRACE] 【已点击过的坐标】：[(-10, -10), (np.int64(1174), np.int64(461)), (np.int64(1581), np.int64(461))]
2025-10-20 14:25:38 [TRACE] 【坐标太近】视为重复
2025-10-20 14:25:38 [TRACE] 【没有通过的坐标】开始下一轮
2025-10-20 14:25:38 [TRACE] 【本轮的坐标】：(np.int64(1988), np.int64(461)) ------------
2025-10-20 14:25:38 [TRACE] 【已点击过的坐标】：[(-10, -10), (np.int64(1174), np.int64(461)), (np.int64(1581), np.int64(461))]
2025-10-20 14:25:38 [TRACE] 【成功点击】
2025-10-20 14:25:38 [TRACE] 【目标检测】目标存在，但置信度不足
2025-10-20 14:25:39 [TRACE] 【本轮的坐标】：(np.int64(1989), np.int64(461)) ------------
2025-10-20 14:25:39 [TRACE] 【已点击过的坐标】：[(-10, -10), (np.int64(1174), np.int64(461)), (np.int64(1581), np.int64(461)), (np.int64(1988), np.int64(461))]
2025-10-20 14:25:39 [TRACE] 【坐标太近】视为重复
2025-10-20 14:25:39 [TRACE] 【没有通过的坐标】开始下一轮
2025-10-20 14:25:39 [TRACE] 【本轮的坐标】：(np.int64(1173), np.int64(462)) ------------
2025-10-20 14:25:39 [TRACE] 【已点击过的坐标】：[(-10, -10), (np.int64(1174), np.int64(461)), (np.int64(1581), np.int64(461)), (np.int64(1988), np.int64(461))]
2025-10-20 14:25:39 [TRACE] 【坐标太近】视为重复
2025-10-20 14:25:39 [TRACE] 【没有通过的坐标】开始下一轮
2025-10-20 14:25:39 [TRACE] 【本轮的坐标】：(np.int64(1174), np.int64(462)) ------------
2025-10-20 14:25:39 [TRACE] 【已点击过的坐标】：[(-10, -10), (np.int64(1174), np.int64(461)), (np.int64(1581), np.int64(461)), (np.int64(1988), np.int64(461))]
2025-10-20 14:25:39 [TRACE] 【坐标太近】视为重复
2025-10-20 14:25:39 [TRACE] 【没有通过的坐标】开始下一轮
2025-10-20 14:25:39 [TRACE] 【本轮的坐标】：(np.int64(1175), np.int64(462)) ------------
2025-10-20 14:25:39 [TRACE] 【已点击过的坐标】：[(-10, -10), (np.int64(1174), np.int64(461)), (np.int64(1581), np.int64(461)), (np.int64(1988), np.int64(461))]
2025-10-20 14:25:39 [TRACE] 【坐标太近】视为重复
2025-10-20 14:25:39 [TRACE] 【没有通过的坐标】开始下一轮
2025-10-20 14:25:39 [TRACE] 【本轮的坐标】：(np.int64(1580), np.int64(462)) ------------
2025-10-20 14:25:39 [TRACE] 【已点击过的坐标】：[(-10, -10), (np.int64(1174), np.int64(461)), (np.int64(1581), np.int64(461)), (np.int64(1988), np.int64(461))]
2025-10-20 14:25:39 [TRACE] 【坐标太近】视为重复
2025-10-20 14:25:39 [TRACE] 【没有通过的坐标】开始下一轮
2025-10-20 14:25:39 [TRACE] 【本轮的坐标】：(np.int64(1581), np.int64(462)) ------------
2025-10-20 14:25:39 [TRACE] 【已点击过的坐标】：[(-10, -10), (np.int64(1174), np.int64(461)), (np.int64(1581), np.int64(461)), (np.int64(1988), np.int64(461))]
2025-10-20 14:25:39 [TRACE] 【坐标太近】视为重复
2025-10-20 14:25:39 [TRACE] 【没有通过的坐标】开始下一轮
2025-10-20 14:25:39 [TRACE] 【本轮的坐标】：(np.int64(1582), np.int64(462)) ------------
2025-10-20 14:25:39 [TRACE] 【已点击过的坐标】：[(-10, -10), (np.int64(1174), np.int64(461)), (np.int64(1581), np.int64(461)), (np.int64(1988), np.int64(461))]
2025-10-20 14:25:39 [TRACE] 【坐标太近】视为重复
2025-10-20 14:25:39 [TRACE] 【没有通过的坐标】开始下一轮
2025-10-20 14:25:39 [TRACE] 【本轮的坐标】：(np.int64(1987), np.int64(462)) ------------
2025-10-20 14:25:39 [TRACE] 【已点击过的坐标】：[(-10, -10), (np.int64(1174), np.int64(461)), (np.int64(1581), np.int64(461)), (np.int64(1988), np.int64(461))]
2025-10-20 14:25:39 [TRACE] 【坐标太近】视为重复
2025-10-20 14:25:39 [TRACE] 【没有通过的坐标】开始下一轮
2025-10-20 14:25:39 [TRACE] 【本轮的坐标】：(np.int64(1988), np.int64(462)) ------------
2025-10-20 14:25:39 [TRACE] 【已点击过的坐标】：[(-10, -10), (np.int64(1174), np.int64(461)), (np.int64(1581), np.int64(461)), (np.int64(1988), np.int64(461))]
2025-10-20 14:25:39 [TRACE] 【坐标太近】视为重复
2025-10-20 14:25:39 [TRACE] 【没有通过的坐标】开始下一轮
2025-10-20 14:25:39 [TRACE] 【本轮的坐标】：(np.int64(1989), np.int64(462)) ------------
2025-10-20 14:25:39 [TRACE] 【已点击过的坐标】：[(-10, -10), (np.int64(1174), np.int64(461)), (np.int64(1581), np.int64(461)), (np.int64(1988), np.int64(461))]
2025-10-20 14:25:39 [TRACE] 【坐标太近】视为重复
2025-10-20 14:25:39 [TRACE] 【没有通过的坐标】开始下一轮
2025-10-20 14:25:39 [TRACE] 【本轮的坐标】：(np.int64(1990), np.int64(462)) ------------
2025-10-20 14:25:39 [TRACE] 【已点击过的坐标】：[(-10, -10), (np.int64(1174), np.int64(461)), (np.int64(1581), np.int64(461)), (np.int64(1988), np.int64(461))]
2025-10-20 14:25:39 [TRACE] 【坐标太近】视为重复
2025-10-20 14:25:39 [TRACE] 【没有通过的坐标】开始下一轮
2025-10-20 14:25:39 [TRACE] 【本轮的坐标】：(np.int64(1174), np.int64(463)) ------------
2025-10-20 14:25:39 [TRACE] 【已点击过的坐标】：[(-10, -10), (np.int64(1174), np.int64(461)), (np.int64(1581), np.int64(461)), (np.int64(1988), np.int64(461))]
2025-10-20 14:25:39 [TRACE] 【坐标太近】视为重复
2025-10-20 14:25:39 [TRACE] 【没有通过的坐标】开始下一轮
2025-10-20 14:25:39 [TRACE] 【本轮的坐标】：(np.int64(1581), np.int64(463)) ------------
2025-10-20 14:25:39 [TRACE] 【已点击过的坐标】：[(-10, -10), (np.int64(1174), np.int64(461)), (np.int64(1581), np.int64(461)), (np.int64(1988), np.int64(461))]
2025-10-20 14:25:39 [TRACE] 【坐标太近】视为重复
2025-10-20 14:25:39 [TRACE] 【没有通过的坐标】开始下一轮
2025-10-20 14:25:39 [TRACE] 【本轮的坐标】：(np.int64(1988), np.int64(463)) ------------
2025-10-20 14:25:39 [TRACE] 【已点击过的坐标】：[(-10, -10), (np.int64(1174), np.int64(461)), (np.int64(1581), np.int64(461)), (np.int64(1988), np.int64(461))]
2025-10-20 14:25:39 [TRACE] 【坐标太近】视为重复
2025-10-20 14:25:39 [TRACE] 【没有通过的坐标】开始下一轮
2025-10-20 14:25:39 [TRACE] 【完成所有点击】有效次数：3
2025-10-20 14:25:39 [TRACE] 【目标检测】目标存在，但置信度不足
2025-10-20 14:25:40 [TRACE] 【目标检测】目标存在，但置信度不足
2025-10-20 14:25:42 [TRACE] 【目标检测】屏幕内没有目标
2025-10-20 14:25:43 [TRACE] 【目标检测】目标存在，但置信度不足
2025-10-20 14:25:44 [TRACE] 【目标检测】目标存在，但置信度不足
2025-10-20 14:25:46 [TRACE] 【状态】搜索模式：C:\Users\gelon\Desktop\ZA-Lite\assets/images/hollow\next_area.png 置信度：0.9999995231628418
2025-10-20 14:25:47 [TRACE] 【目标检测】TRAPPED！ 类型：red_portal 置信度：0.8029296398162842
2025-10-20 14:25:54 [TRACE] 【目标检测】屏幕内没有目标
2025-10-20 14:25:56 [TRACE] 【目标检测】屏幕内没有目标
2025-10-20 14:25:57 [TRACE] 【目标检测】屏幕内没有目标
2025-10-20 14:25:59 [TRACE] 【空洞监听】无匹配已持续：0秒
2025-10-20 14:25:59 [TRACE] 【目标检测】屏幕内没有目标
2025-10-20 14:26:00 [TRACE] 【目标检测】屏幕内没有目标
2025-10-20 14:26:02 [TRACE] 【状态】战斗模式：C:\Users\gelon\Desktop\ZA-Lite\assets/images/hollow\battle_5.png 置信度：0.9794873595237732
2025-10-20 14:26:03 [TRACE] 【目标检测】屏幕内没有目标
2025-10-20 14:26:12 [TRACE] 【状态】战斗模式：正在受到攻击
2025-10-20 14:26:18 [TRACE] 【空洞监听】无匹配已持续：0秒
2025-10-20 14:26:25 [TRACE] 【空洞监听】无匹配已持续：7秒
2025-10-20 14:26:31 [TRACE] 【状态】战斗模式：正在受到攻击
2025-10-20 14:26:35 [TRACE] 【状态】战斗模式：C:\Users\gelon\Desktop\ZA-Lite\assets/images/hollow\battle_5.png 置信度：0.9785783886909485
2025-10-20 14:26:38 [TRACE] 【状态】战斗模式：正在受到攻击
2025-10-20 14:26:44 [TRACE] 【状态】战斗模式：正在受到攻击
2025-10-20 14:26:51 [TRACE] 【空洞监听】无匹配已持续：0秒
2025-10-20 14:26:57 [TRACE] 【状态】战斗模式：正在受到攻击
2025-10-20 14:27:04 [TRACE] 【状态】战斗模式：正在受到攻击
2025-10-20 14:27:08 [TRACE] 【状态】战斗模式：C:\Users\gelon\Desktop\ZA-Lite\assets/images/hollow\battle_5.png 置信度：0.9804830551147461
2025-10-20 14:27:18 [TRACE] 【状态】战斗模式：正在受到攻击
2025-10-20 14:27:22 [TRACE] 【状态】战斗模式：C:\Users\gelon\Desktop\ZA-Lite\assets/images/hollow\battle_5.png 置信度：0.9640325903892517
2025-10-20 14:27:24 [TRACE] 【状态】战斗模式：正在受到攻击
2025-10-20 14:27:31 [TRACE] 【状态】战斗模式：正在受到攻击
2025-10-20 14:27:35 [TRACE] 【状态】战斗模式：C:\Users\gelon\Desktop\ZA-Lite\assets/images/hollow\battle_5.png 置信度：0.962116003036499
2025-10-20 14:27:44 [TRACE] 【空洞监听】无匹配已持续：0秒
2025-10-20 14:27:51 [TRACE] 【空洞监听】无匹配已持续：6秒
2025-10-20 14:27:57 [TRACE] 【空洞监听】无匹配已持续：12秒
2025-10-20 14:27:58 [TRACE] 【状态】搜索模式：C:\Users\gelon\Desktop\ZA-Lite\assets/images/hollow\gear.png 置信度：0.9916915893554688
2025-10-20 14:27:59 [TRACE] 【目标检测】屏幕内没有目标
2025-10-20 14:28:00 [TRACE] 【目标检测】屏幕内没有目标
2025-10-20 14:28:02 [TRACE] 【目标检测】屏幕内没有目标
2025-10-20 14:28:03 [TRACE] 【目标检测】屏幕内没有目标
2025-10-20 14:28:04 [TRACE] 【状态】搜索模式：C:\Users\gelon\Desktop\ZA-Lite\assets/images/hollow\resonium.png 置信度：0.9999998807907104
2025-10-20 14:28:04 [TRACE] 【目标出现】C:\Users\gelon\Desktop\ZA-Lite\assets/images/hollow\resonium.png 置信度：0.9999998807907104
2025-10-20 14:28:04 [TRACE] 【本轮的坐标】：(np.int64(1174), np.int64(461)) ------------
2025-10-20 14:28:04 [TRACE] 【已点击过的坐标】：[(-10, -10)]
2025-10-20 14:28:04 [TRACE] 【成功点击】
2025-10-20 14:28:05 [TRACE] 【本轮的坐标】：(np.int64(1581), np.int64(461)) ------------
2025-10-20 14:28:05 [TRACE] 【已点击过的坐标】：[(-10, -10), (np.int64(1174), np.int64(461))]
2025-10-20 14:28:05 [TRACE] 【成功点击】
2025-10-20 14:28:06 [TRACE] 【目标检测】目标存在，但置信度不足
2025-10-20 14:28:06 [TRACE] 【本轮的坐标】：(np.int64(1582), np.int64(461)) ------------
2025-10-20 14:28:06 [TRACE] 【已点击过的坐标】：[(-10, -10), (np.int64(1174), np.int64(461)), (np.int64(1581), np.int64(461))]
2025-10-20 14:28:06 [TRACE] 【坐标太近】视为重复
2025-10-20 14:28:06 [TRACE] 【没有通过的坐标】开始下一轮
2025-10-20 14:28:06 [TRACE] 【本轮的坐标】：(np.int64(1988), np.int64(461)) ------------
2025-10-20 14:28:06 [TRACE] 【已点击过的坐标】：[(-10, -10), (np.int64(1174), np.int64(461)), (np.int64(1581), np.int64(461))]
2025-10-20 14:28:06 [TRACE] 【成功点击】
2025-10-20 14:28:07 [TRACE] 【本轮的坐标】：(np.int64(1989), np.int64(461)) ------------
2025-10-20 14:28:07 [TRACE] 【已点击过的坐标】：[(-10, -10), (np.int64(1174), np.int64(461)), (np.int64(1581), np.int64(461)), (np.int64(1988), np.int64(461))]
2025-10-20 14:28:07 [TRACE] 【坐标太近】视为重复
2025-10-20 14:28:07 [TRACE] 【没有通过的坐标】开始下一轮
2025-10-20 14:28:07 [TRACE] 【本轮的坐标】：(np.int64(1173), np.int64(462)) ------------
2025-10-20 14:28:07 [TRACE] 【已点击过的坐标】：[(-10, -10), (np.int64(1174), np.int64(461)), (np.int64(1581), np.int64(461)), (np.int64(1988), np.int64(461))]
2025-10-20 14:28:07 [TRACE] 【坐标太近】视为重复
2025-10-20 14:28:07 [TRACE] 【没有通过的坐标】开始下一轮
2025-10-20 14:28:07 [TRACE] 【本轮的坐标】：(np.int64(1174), np.int64(462)) ------------
2025-10-20 14:28:07 [TRACE] 【已点击过的坐标】：[(-10, -10), (np.int64(1174), np.int64(461)), (np.int64(1581), np.int64(461)), (np.int64(1988), np.int64(461))]
2025-10-20 14:28:07 [TRACE] 【坐标太近】视为重复
2025-10-20 14:28:07 [TRACE] 【没有通过的坐标】开始下一轮
2025-10-20 14:28:07 [TRACE] 【本轮的坐标】：(np.int64(1175), np.int64(462)) ------------
2025-10-20 14:28:07 [TRACE] 【已点击过的坐标】：[(-10, -10), (np.int64(1174), np.int64(461)), (np.int64(1581), np.int64(461)), (np.int64(1988), np.int64(461))]
2025-10-20 14:28:07 [TRACE] 【坐标太近】视为重复
2025-10-20 14:28:07 [TRACE] 【没有通过的坐标】开始下一轮
2025-10-20 14:28:07 [TRACE] 【本轮的坐标】：(np.int64(1580), np.int64(462)) ------------
2025-10-20 14:28:07 [TRACE] 【已点击过的坐标】：[(-10, -10), (np.int64(1174), np.int64(461)), (np.int64(1581), np.int64(461)), (np.int64(1988), np.int64(461))]
2025-10-20 14:28:07 [TRACE] 【坐标太近】视为重复
2025-10-20 14:28:07 [TRACE] 【没有通过的坐标】开始下一轮
2025-10-20 14:28:07 [TRACE] 【本轮的坐标】：(np.int64(1581), np.int64(462)) ------------
2025-10-20 14:28:07 [TRACE] 【已点击过的坐标】：[(-10, -10), (np.int64(1174), np.int64(461)), (np.int64(1581), np.int64(461)), (np.int64(1988), np.int64(461))]
2025-10-20 14:28:07 [TRACE] 【坐标太近】视为重复
2025-10-20 14:28:07 [TRACE] 【没有通过的坐标】开始下一轮
2025-10-20 14:28:07 [TRACE] 【本轮的坐标】：(np.int64(1582), np.int64(462)) ------------
2025-10-20 14:28:07 [TRACE] 【已点击过的坐标】：[(-10, -10), (np.int64(1174), np.int64(461)), (np.int64(1581), np.int64(461)), (np.int64(1988), np.int64(461))]
2025-10-20 14:28:07 [TRACE] 【坐标太近】视为重复
2025-10-20 14:28:07 [TRACE] 【没有通过的坐标】开始下一轮
2025-10-20 14:28:07 [TRACE] 【本轮的坐标】：(np.int64(1987), np.int64(462)) ------------
2025-10-20 14:28:07 [TRACE] 【已点击过的坐标】：[(-10, -10), (np.int64(1174), np.int64(461)), (np.int64(1581), np.int64(461)), (np.int64(1988), np.int64(461))]
2025-10-20 14:28:07 [TRACE] 【坐标太近】视为重复
2025-10-20 14:28:07 [TRACE] 【没有通过的坐标】开始下一轮
2025-10-20 14:28:07 [TRACE] 【本轮的坐标】：(np.int64(1988), np.int64(462)) ------------
2025-10-20 14:28:07 [TRACE] 【已点击过的坐标】：[(-10, -10), (np.int64(1174), np.int64(461)), (np.int64(1581), np.int64(461)), (np.int64(1988), np.int64(461))]
2025-10-20 14:28:07 [TRACE] 【坐标太近】视为重复
2025-10-20 14:28:07 [TRACE] 【没有通过的坐标】开始下一轮
2025-10-20 14:28:07 [TRACE] 【本轮的坐标】：(np.int64(1989), np.int64(462)) ------------
2025-10-20 14:28:07 [TRACE] 【已点击过的坐标】：[(-10, -10), (np.int64(1174), np.int64(461)), (np.int64(1581), np.int64(461)), (np.int64(1988), np.int64(461))]
2025-10-20 14:28:07 [TRACE] 【坐标太近】视为重复
2025-10-20 14:28:07 [TRACE] 【没有通过的坐标】开始下一轮
2025-10-20 14:28:07 [TRACE] 【本轮的坐标】：(np.int64(1990), np.int64(462)) ------------
2025-10-20 14:28:07 [TRACE] 【已点击过的坐标】：[(-10, -10), (np.int64(1174), np.int64(461)), (np.int64(1581), np.int64(461)), (np.int64(1988), np.int64(461))]
2025-10-20 14:28:07 [TRACE] 【坐标太近】视为重复
2025-10-20 14:28:07 [TRACE] 【没有通过的坐标】开始下一轮
2025-10-20 14:28:07 [TRACE] 【本轮的坐标】：(np.int64(1174), np.int64(463)) ------------
2025-10-20 14:28:07 [TRACE] 【已点击过的坐标】：[(-10, -10), (np.int64(1174), np.int64(461)), (np.int64(1581), np.int64(461)), (np.int64(1988), np.int64(461))]
2025-10-20 14:28:07 [TRACE] 【坐标太近】视为重复
2025-10-20 14:28:07 [TRACE] 【没有通过的坐标】开始下一轮
2025-10-20 14:28:07 [TRACE] 【本轮的坐标】：(np.int64(1581), np.int64(463)) ------------
2025-10-20 14:28:07 [TRACE] 【已点击过的坐标】：[(-10, -10), (np.int64(1174), np.int64(461)), (np.int64(1581), np.int64(461)), (np.int64(1988), np.int64(461))]
2025-10-20 14:28:07 [TRACE] 【坐标太近】视为重复
2025-10-20 14:28:07 [TRACE] 【没有通过的坐标】开始下一轮
2025-10-20 14:28:07 [TRACE] 【本轮的坐标】：(np.int64(1988), np.int64(463)) ------------
2025-10-20 14:28:07 [TRACE] 【已点击过的坐标】：[(-10, -10), (np.int64(1174), np.int64(461)), (np.int64(1581), np.int64(461)), (np.int64(1988), np.int64(461))]
2025-10-20 14:28:07 [TRACE] 【坐标太近】视为重复
2025-10-20 14:28:07 [TRACE] 【没有通过的坐标】开始下一轮
2025-10-20 14:28:07 [TRACE] 【完成所有点击】有效次数：3
2025-10-20 14:28:07 [TRACE] 【目标检测】目标存在，但置信度不足
2025-10-20 14:28:09 [TRACE] 【目标检测】屏幕内没有目标
2025-10-20 14:28:10 [TRACE] 【目标检测】屏幕内没有目标
2025-10-20 14:28:11 [TRACE] 【目标检测】屏幕内没有目标
2025-10-20 14:28:14 [TRACE] 【目标检测】目标存在，但置信度不足
2025-10-20 14:28:15 [TRACE] 【目标检测】屏幕内没有目标
2025-10-20 14:28:17 [TRACE] 【目标检测】屏幕内没有目标
2025-10-20 14:28:19 [TRACE] 【目标检测】屏幕内没有目标
2025-10-20 14:28:19 [TRACE] 【空洞监听】无匹配已持续：0秒
2025-10-20 14:28:21 [TRACE] 【目标检测】目标存在，但置信度不足
2025-10-20 14:28:21 [TRACE] 【状态】搜索模式：C:\Users\gelon\Desktop\ZA-Lite\assets/images/hollow\battle_end_boss.png 置信度：0.9999357461929321
2025-10-20 14:28:22 [TRACE] 【目标检测】屏幕内没有目标
2025-10-20 14:28:25 [TRACE] 【目标检测】屏幕内没有目标
2025-10-20 14:28:26 [TRACE] 【目标检测】屏幕内没有目标
2025-10-20 14:28:27 [TRACE] 【目标检测】屏幕内没有目标
2025-10-20 14:28:30 [TRACE] 【目标检测】屏幕内没有目标
2025-10-20 14:28:33 [TRACE] 【空洞监听】无匹配已持续：0秒
2025-10-20 14:28:33 [TRACE] 【目标检测】TRAPPED！ 类型：interact 置信度：0.9224160313606262
2025-10-20 14:28:40 [TRACE] 【目标检测】屏幕内没有目标
2025-10-20 14:28:41 [TRACE] 【目标检测】屏幕内没有目标
2025-10-20 14:28:43 [TRACE] 【目标检测】屏幕内没有目标
2025-10-20 14:28:44 [TRACE] 【目标检测】TRAPPED！ 类型：interact 置信度：0.9035667777061462
2025-10-20 14:28:51 [TRACE] 【目标检测】屏幕内没有目标
2025-10-20 14:28:53 [TRACE] 【目标检测】屏幕内没有目标
2025-10-20 14:28:54 [TRACE] 【目标检测】屏幕内没有目标
2025-10-20 14:28:55 [TRACE] 【目标检测】屏幕内没有目标
2025-10-20 14:28:57 [TRACE] 【目标检测】TRAPPED！ 类型：interact 置信度：0.9264166951179504
2025-10-20 14:29:02 [TRACE] 【目标检测】TRAPPED！ 类型：interact 置信度：0.9293861985206604
2025-10-20 14:29:06 [TRACE] 【空洞监听】无匹配已持续：0秒
2025-10-20 14:29:09 [TRACE] 【目标检测】屏幕内没有目标
2025-10-20 14:29:11 [TRACE] 【目标检测】屏幕内没有目标
2025-10-20 14:29:12 [TRACE] 【目标检测】屏幕内没有目标
2025-10-20 14:29:13 [TRACE] 【目标检测】屏幕内没有目标
2025-10-20 14:29:15 [TRACE] 【目标检测】屏幕内没有目标
2025-10-20 14:29:18 [TRACE] 【目标检测】TRAPPED！ 类型：interact 置信度：0.913250207901001
2025-10-20 14:29:22 [TRACE] 【目标检测】TRAPPED！ 类型：interact 置信度：0.9170211553573608
2025-10-20 14:29:26 [TRACE] 【空洞监听】无匹配已持续：0秒
2025-10-20 14:29:29 [TRACE] 【目标检测】屏幕内没有目标
2025-10-20 14:29:30 [TRACE] 【目标检测】屏幕内没有目标
2025-10-20 14:29:31 [TRACE] 【目标检测】屏幕内没有目标
2025-10-20 14:29:33 [TRACE] 【目标检测】屏幕内没有目标
2025-10-20 14:29:34 [TRACE] 【目标检测】屏幕内没有目标
2025-10-20 14:29:37 [TRACE] 【目标检测】TRAPPED！ 类型：interact 置信度：0.9055969715118408
2025-10-20 14:29:44 [TRACE] 【目标检测】TRAPPED！ 类型：interact 置信度：0.9306319952011108
2025-10-20 14:29:46 [TRACE] 【空洞监听】无匹配已持续：0秒
2025-10-20 14:29:52 [TRACE] 【目标检测】TRAPPED！ 类型：interact 置信度：0.9042328596115112
2025-10-20 14:29:53 [TRACE] 【空洞监听】无匹配已持续：6秒
2025-10-20 14:29:56 [TRACE] 【目标检测】TRAPPED！ 类型：interact 置信度：0.9317876100540161
2025-10-20 14:29:59 [TRACE] 【空洞监听】无匹配已持续：12秒
2025-10-20 14:30:03 [TRACE] 【目标检测】TRAPPED！ 类型：interact 置信度：0.9227944016456604
2025-10-20 14:30:05 [TRACE] 【空洞监听】无匹配已持续：18秒
2025-10-20 14:30:10 [TRACE] 【目标检测】TRAPPED！ 类型：interact 置信度：0.921034574508667
2025-10-20 14:30:11 [TRACE] 【空洞监听】无匹配已持续：25秒
2025-10-20 14:30:17 [TRACE] 【目标检测】屏幕内没有目标
2025-10-20 14:30:18 [TRACE] 【目标检测】屏幕内没有目标
2025-10-20 14:30:19 [TRACE] 【状态】搜索模式：C:\Users\gelon\Desktop\ZA-Lite\assets/images/hollow\gear.png 置信度：0.999715268611908
2025-10-20 14:30:20 [TRACE] 【目标检测】屏幕内没有目标
2025-10-20 14:30:21 [TRACE] 【目标检测】屏幕内没有目标
2025-10-20 14:30:22 [TRACE] 【目标检测】屏幕内没有目标
2025-10-20 14:30:25 [TRACE] 【目标检测】屏幕内没有目标
2025-10-20 14:30:26 [TRACE] 【状态】搜索模式：C:\Users\gelon\Desktop\ZA-Lite\assets/images/hollow\next_area.png 置信度：0.9999997019767761
2025-10-20 14:30:28 [TRACE] 【目标检测】TRAPPED！ 类型：blue_portal 置信度：0.9088399410247803
2025-10-20 14:30:33 [TRACE] 【目标检测】TRAPPED！ 类型：blue_portal 置信度：0.9531260132789612
2025-10-20 14:30:38 [TRACE] 【空洞监听】无匹配已持续：0秒
2025-10-20 14:30:40 [TRACE] 【目标检测】TRAPPED！ 类型：blue_portal 置信度：0.9551883339881897
2025-10-20 14:30:42 [TRACE] 【状态】搜索模式：C:\Users\gelon\Desktop\ZA-Lite\assets/images/hollow\meter.png 置信度：0.932336151599884
2025-10-20 14:30:47 [TRACE] 【目标检测】TRAPPED！ 类型：blue_portal 置信度：0.9294354915618896
2025-10-20 14:30:51 [TRACE] 【空洞监听】无匹配已持续：0秒
2025-10-20 14:30:55 [TRACE] 【目标检测】TRAPPED！ 类型：blue_portal 置信度：0.9691377282142639
2025-10-20 14:30:57 [TRACE] 【空洞监听】无匹配已持续：6秒
2025-10-20 14:31:01 [TRACE] 【目标检测】TRAPPED！ 类型：blue_portal 置信度：0.9481707811355591
2025-10-20 14:31:03 [TRACE] 【空洞监听】无匹配已持续：12秒
2025-10-20 14:31:09 [TRACE] 【目标检测】TRAPPED！ 类型：blue_portal 置信度：0.968702495098114
2025-10-20 14:31:10 [TRACE] 【空洞监听】无匹配已持续：19秒
2025-10-20 14:31:14 [TRACE] 【目标检测】TRAPPED！ 类型：blue_portal 置信度：0.9745171070098877
2025-10-20 14:31:17 [TRACE] 【空洞监听】无匹配已持续：25秒
2025-10-20 14:31:21 [TRACE] 【目标检测】屏幕内没有目标
2025-10-20 14:31:23 [TRACE] 【目标检测】屏幕内没有目标
2025-10-20 14:31:23 [TRACE] 【空洞监听】无匹配已持续：32秒
2025-10-20 14:31:24 [TRACE] 【目标检测】屏幕内没有目标
2025-10-20 14:31:25 [TRACE] 【目标检测】屏幕内没有目标
2025-10-20 14:31:27 [TRACE] 【目标检测】屏幕内没有目标
2025-10-20 14:31:29 [TRACE] 【目标检测】屏幕内没有目标
2025-10-20 14:31:32 [TRACE] 【目标检测】屏幕内没有目标
2025-10-20 14:31:33 [TRACE] 【状态】战斗模式：C:\Users\gelon\Desktop\ZA-Lite\assets/images/hollow\battle_3.png 置信度：0.9999999403953552
2025-10-20 14:31:34 [TRACE] 【目标检测】屏幕内没有目标
2025-10-20 14:31:34 [TRACE] 【状态】战斗模式：C:\Users\gelon\Desktop\ZA-Lite\assets/images/hollow\battle_5.png 置信度：0.945047914981842
2025-10-20 14:31:44 [TRACE] 【空洞监听】无匹配已持续：0秒
2025-10-20 14:31:50 [TRACE] 【空洞监听】无匹配已持续：6秒
2025-10-20 14:31:56 [TRACE] 【空洞监听】无匹配已持续：12秒
2025-10-20 14:32:03 [TRACE] 【空洞监听】无匹配已持续：18秒
2025-10-20 14:32:09 [TRACE] 【空洞监听】无匹配已持续：25秒
2025-10-20 14:32:16 [TRACE] 【空洞监听】无匹配已持续：32秒
2025-10-20 14:32:23 [TRACE] 【空洞监听】无匹配已持续：38秒
2025-10-20 14:32:29 [TRACE] 【空洞监听】无匹配已持续：45秒
2025-10-20 14:32:35 [TRACE] 【空洞监听】无匹配已持续：51秒
2025-10-20 14:32:42 [TRACE] 【空洞监听】无匹配已持续：57秒
2025-10-20 14:32:48 [TRACE] 【空洞监听】无匹配已持续：64秒
2025-10-20 14:32:48 [TRACE] 【空洞监听】即将超时，重启搜索线程
2025-10-20 14:32:49 [TRACE] 【目标检测】屏幕内没有目标
2025-10-20 14:32:51 [TRACE] 【目标检测】屏幕内没有目标
2025-10-20 14:32:55 [TRACE] 【空洞监听】无匹配已持续：71秒
2025-10-20 14:32:55 [TRACE] 【空洞监听】即将超时，重启搜索线程
2025-10-20 14:32:56 [TRACE] 【目标检测】屏幕内没有目标
2025-10-20 14:33:00 [TRACE] 【目标检测】微调超时，无法对齐！
2025-10-20 14:33:02 [TRACE] 【空洞监听】无匹配已持续：77秒
2025-10-20 14:33:02 [TRACE] 【空洞监听】即将超时，重启搜索线程
2025-10-20 14:33:07 [TRACE] 【目标检测】TRAPPED！ 类型：blue_portal 置信度：0.9014895558357239
2025-10-20 14:33:09 [TRACE] 【空洞监听】无匹配已持续：85秒
2025-10-20 14:33:09 [TRACE] 【空洞监听】即将超时，重启搜索线程
2025-10-20 14:33:14 [TRACE] 【目标检测】屏幕内没有目标
2025-10-20 14:33:15 [TRACE] 【目标检测】屏幕内没有目标
2025-10-20 14:33:15 [TRACE] 【空洞监听】无匹配已持续：91秒
2025-10-20 14:33:15 [TRACE] 【空洞监听】即将超时，重启搜索线程
2025-10-20 14:33:18 [TRACE] 【目标检测】TRAPPED！ 类型：interact 置信度：0.9210429787635803
2025-10-20 14:33:22 [TRACE] 【空洞监听】无匹配已持续：97秒
2025-10-20 14:33:22 [TRACE] 【空洞监听】即将超时，重启搜索线程
2025-10-20 14:33:25 [TRACE] 【目标检测】屏幕内没有目标
2025-10-20 14:33:26 [TRACE] 【目标检测】屏幕内没有目标
2025-10-20 14:33:27 [TRACE] 【目标检测】屏幕内没有目标
2025-10-20 14:33:29 [TRACE] 【目标检测】屏幕内没有目标
2025-10-20 14:33:30 [TRACE] 【目标检测】屏幕内没有目标
2025-10-20 14:33:33 [TRACE] 【目标检测】屏幕内没有目标
2025-10-20 14:33:34 [TRACE] 【目标检测】屏幕内没有目标
2025-10-20 14:33:35 [TRACE] 【目标检测】屏幕内没有目标
2025-10-20 14:33:37 [TRACE] 【目标检测】屏幕内没有目标
2025-10-20 14:33:38 [TRACE] 【目标检测】屏幕内没有目标
2025-10-20 14:33:41 [TRACE] 【目标检测】屏幕内没有目标
2025-10-20 14:33:42 [TRACE] 【目标检测】屏幕内没有目标
2025-10-20 14:33:43 [TRACE] 【状态】搜索模式：C:\Users\gelon\Desktop\ZA-Lite\assets/images/hollow\resonium.png 置信度：0.9999998807907104
2025-10-20 14:33:43 [TRACE] 【目标出现】C:\Users\gelon\Desktop\ZA-Lite\assets/images/hollow\resonium.png 置信度：1.0
2025-10-20 14:33:43 [TRACE] 【本轮的坐标】：(np.int64(1174), np.int64(461)) ------------
2025-10-20 14:33:43 [TRACE] 【已点击过的坐标】：[(-10, -10)]
2025-10-20 14:33:43 [TRACE] 【成功点击】
2025-10-20 14:33:43 [TRACE] 【目标检测】屏幕内没有目标
2025-10-20 14:33:44 [TRACE] 【本轮的坐标】：(np.int64(1581), np.int64(461)) ------------
2025-10-20 14:33:44 [TRACE] 【已点击过的坐标】：[(-10, -10), (np.int64(1174), np.int64(461))]
2025-10-20 14:33:44 [TRACE] 【成功点击】
2025-10-20 14:33:44 [TRACE] 【目标检测】屏幕内没有目标
2025-10-20 14:33:45 [TRACE] 【本轮的坐标】：(np.int64(1582), np.int64(461)) ------------
2025-10-20 14:33:45 [TRACE] 【已点击过的坐标】：[(-10, -10), (np.int64(1174), np.int64(461)), (np.int64(1581), np.int64(461))]
2025-10-20 14:33:45 [TRACE] 【坐标太近】视为重复
2025-10-20 14:33:45 [TRACE] 【没有通过的坐标】开始下一轮
2025-10-20 14:33:45 [TRACE] 【本轮的坐标】：(np.int64(1988), np.int64(461)) ------------
2025-10-20 14:33:45 [TRACE] 【已点击过的坐标】：[(-10, -10), (np.int64(1174), np.int64(461)), (np.int64(1581), np.int64(461))]
2025-10-20 14:33:45 [TRACE] 【成功点击】
2025-10-20 14:33:46 [TRACE] 【目标检测】屏幕内没有目标
2025-10-20 14:33:46 [TRACE] 【本轮的坐标】：(np.int64(1989), np.int64(461)) ------------
2025-10-20 14:33:46 [TRACE] 【已点击过的坐标】：[(-10, -10), (np.int64(1174), np.int64(461)), (np.int64(1581), np.int64(461)), (np.int64(1988), np.int64(461))]
2025-10-20 14:33:46 [TRACE] 【坐标太近】视为重复
2025-10-20 14:33:46 [TRACE] 【没有通过的坐标】开始下一轮
2025-10-20 14:33:46 [TRACE] 【本轮的坐标】：(np.int64(1173), np.int64(462)) ------------
2025-10-20 14:33:46 [TRACE] 【已点击过的坐标】：[(-10, -10), (np.int64(1174), np.int64(461)), (np.int64(1581), np.int64(461)), (np.int64(1988), np.int64(461))]
2025-10-20 14:33:46 [TRACE] 【坐标太近】视为重复
2025-10-20 14:33:46 [TRACE] 【没有通过的坐标】开始下一轮
2025-10-20 14:33:46 [TRACE] 【本轮的坐标】：(np.int64(1174), np.int64(462)) ------------
2025-10-20 14:33:46 [TRACE] 【已点击过的坐标】：[(-10, -10), (np.int64(1174), np.int64(461)), (np.int64(1581), np.int64(461)), (np.int64(1988), np.int64(461))]
2025-10-20 14:33:46 [TRACE] 【坐标太近】视为重复
2025-10-20 14:33:46 [TRACE] 【没有通过的坐标】开始下一轮
2025-10-20 14:33:46 [TRACE] 【本轮的坐标】：(np.int64(1175), np.int64(462)) ------------
2025-10-20 14:33:46 [TRACE] 【已点击过的坐标】：[(-10, -10), (np.int64(1174), np.int64(461)), (np.int64(1581), np.int64(461)), (np.int64(1988), np.int64(461))]
2025-10-20 14:33:46 [TRACE] 【坐标太近】视为重复
2025-10-20 14:33:46 [TRACE] 【没有通过的坐标】开始下一轮
2025-10-20 14:33:46 [TRACE] 【本轮的坐标】：(np.int64(1580), np.int64(462)) ------------
2025-10-20 14:33:46 [TRACE] 【已点击过的坐标】：[(-10, -10), (np.int64(1174), np.int64(461)), (np.int64(1581), np.int64(461)), (np.int64(1988), np.int64(461))]
2025-10-20 14:33:46 [TRACE] 【坐标太近】视为重复
2025-10-20 14:33:46 [TRACE] 【没有通过的坐标】开始下一轮
2025-10-20 14:33:46 [TRACE] 【本轮的坐标】：(np.int64(1581), np.int64(462)) ------------
2025-10-20 14:33:46 [TRACE] 【已点击过的坐标】：[(-10, -10), (np.int64(1174), np.int64(461)), (np.int64(1581), np.int64(461)), (np.int64(1988), np.int64(461))]
2025-10-20 14:33:46 [TRACE] 【坐标太近】视为重复
2025-10-20 14:33:46 [TRACE] 【没有通过的坐标】开始下一轮
2025-10-20 14:33:46 [TRACE] 【本轮的坐标】：(np.int64(1582), np.int64(462)) ------------
2025-10-20 14:33:46 [TRACE] 【已点击过的坐标】：[(-10, -10), (np.int64(1174), np.int64(461)), (np.int64(1581), np.int64(461)), (np.int64(1988), np.int64(461))]
2025-10-20 14:33:46 [TRACE] 【坐标太近】视为重复
2025-10-20 14:33:46 [TRACE] 【没有通过的坐标】开始下一轮
2025-10-20 14:33:46 [TRACE] 【本轮的坐标】：(np.int64(1987), np.int64(462)) ------------
2025-10-20 14:33:46 [TRACE] 【已点击过的坐标】：[(-10, -10), (np.int64(1174), np.int64(461)), (np.int64(1581), np.int64(461)), (np.int64(1988), np.int64(461))]
2025-10-20 14:33:46 [TRACE] 【坐标太近】视为重复
2025-10-20 14:33:46 [TRACE] 【没有通过的坐标】开始下一轮
2025-10-20 14:33:46 [TRACE] 【本轮的坐标】：(np.int64(1988), np.int64(462)) ------------
2025-10-20 14:33:46 [TRACE] 【已点击过的坐标】：[(-10, -10), (np.int64(1174), np.int64(461)), (np.int64(1581), np.int64(461)), (np.int64(1988), np.int64(461))]
2025-10-20 14:33:46 [TRACE] 【坐标太近】视为重复
2025-10-20 14:33:46 [TRACE] 【没有通过的坐标】开始下一轮
2025-10-20 14:33:46 [TRACE] 【本轮的坐标】：(np.int64(1989), np.int64(462)) ------------
2025-10-20 14:33:46 [TRACE] 【已点击过的坐标】：[(-10, -10), (np.int64(1174), np.int64(461)), (np.int64(1581), np.int64(461)), (np.int64(1988), np.int64(461))]
2025-10-20 14:33:46 [TRACE] 【坐标太近】视为重复
2025-10-20 14:33:46 [TRACE] 【没有通过的坐标】开始下一轮
2025-10-20 14:33:46 [TRACE] 【本轮的坐标】：(np.int64(1990), np.int64(462)) ------------
2025-10-20 14:33:46 [TRACE] 【已点击过的坐标】：[(-10, -10), (np.int64(1174), np.int64(461)), (np.int64(1581), np.int64(461)), (np.int64(1988), np.int64(461))]
2025-10-20 14:33:46 [TRACE] 【坐标太近】视为重复
2025-10-20 14:33:46 [TRACE] 【没有通过的坐标】开始下一轮
2025-10-20 14:33:46 [TRACE] 【本轮的坐标】：(np.int64(1174), np.int64(463)) ------------
2025-10-20 14:33:46 [TRACE] 【已点击过的坐标】：[(-10, -10), (np.int64(1174), np.int64(461)), (np.int64(1581), np.int64(461)), (np.int64(1988), np.int64(461))]
2025-10-20 14:33:46 [TRACE] 【坐标太近】视为重复
2025-10-20 14:33:46 [TRACE] 【没有通过的坐标】开始下一轮
2025-10-20 14:33:46 [TRACE] 【本轮的坐标】：(np.int64(1581), np.int64(463)) ------------
2025-10-20 14:33:46 [TRACE] 【已点击过的坐标】：[(-10, -10), (np.int64(1174), np.int64(461)), (np.int64(1581), np.int64(461)), (np.int64(1988), np.int64(461))]
2025-10-20 14:33:46 [TRACE] 【坐标太近】视为重复
2025-10-20 14:33:46 [TRACE] 【没有通过的坐标】开始下一轮
2025-10-20 14:33:46 [TRACE] 【本轮的坐标】：(np.int64(1988), np.int64(463)) ------------
2025-10-20 14:33:46 [TRACE] 【已点击过的坐标】：[(-10, -10), (np.int64(1174), np.int64(461)), (np.int64(1581), np.int64(461)), (np.int64(1988), np.int64(461))]
2025-10-20 14:33:46 [TRACE] 【坐标太近】视为重复
2025-10-20 14:33:46 [TRACE] 【没有通过的坐标】开始下一轮
2025-10-20 14:33:46 [TRACE] 【完成所有点击】有效次数：3
2025-10-20 14:33:48 [TRACE] 【目标检测】屏幕内没有目标
2025-10-20 14:33:49 [TRACE] 【目标检测】屏幕内没有目标
2025-10-20 14:33:51 [TRACE] 【目标检测】屏幕内没有目标
2025-10-20 14:33:52 [TRACE] 【目标检测】屏幕内没有目标
2025-10-20 14:33:54 [TRACE] 【目标检测】屏幕内没有目标
2025-10-20 14:33:56 [TRACE] 【目标检测】屏幕内没有目标
2025-10-20 14:33:58 [TRACE] 【目标检测】屏幕内没有目标
2025-10-20 14:33:58 [TRACE] 【状态】战斗模式：正在受到攻击
2025-10-20 14:34:02 [TRACE] 【状态】战斗模式：C:\Users\gelon\Desktop\ZA-Lite\assets/images/hollow\battle_5.png 置信度：0.9805449843406677
2025-10-20 14:34:04 [TRACE] 【状态】战斗模式：正在受到攻击
2025-10-20 14:34:11 [TRACE] 【状态】战斗模式：正在受到攻击
2025-10-20 14:34:17 [TRACE] 【空洞监听】无匹配已持续：0秒
2025-10-20 14:34:24 [TRACE] 【状态】战斗模式：正在受到攻击
2025-10-20 14:34:30 [TRACE] 【状态】战斗模式：正在受到攻击
2025-10-20 14:34:37 [TRACE] 【状态】战斗模式：正在受到攻击
2025-10-20 14:34:43 [TRACE] 【状态】战斗模式：正在受到攻击
2025-10-20 14:34:50 [TRACE] 【状态】战斗模式：正在受到攻击
2025-10-20 14:34:56 [TRACE] 【状态】战斗模式：正在受到攻击
2025-10-20 14:35:02 [WARNING] 代理人死亡，空洞任务失败
2025-10-20 14:35:03 [TRACE] 【1】等待目标中 C:\Users\gelon\Desktop\ZA-Lite\assets/images/hollow\mission_completed.png
2025-10-20 14:35:03 [TRACE] 【2】等待目标中 C:\Users\gelon\Desktop\ZA-Lite\assets/images/hollow\mission_completed.png
2025-10-20 14:35:04 [TRACE] 【3】等待目标中 C:\Users\gelon\Desktop\ZA-Lite\assets/images/hollow\mission_completed.png
2025-10-20 14:35:05 [TRACE] 【4】等待目标中 C:\Users\gelon\Desktop\ZA-Lite\assets/images/hollow\mission_completed.png
2025-10-20 14:35:06 [TRACE] 【目标出现】C:\Users\gelon\Desktop\ZA-Lite\assets/images/hollow\mission_completed.png 置信度：0.9999998807907104
2025-10-20 14:35:07 [INFO] 本轮耗时:28分钟
2025-10-20 14:35:07 [INFO] 当前已完成空洞 0 次 
2025-10-20 14:35:07 [DEBUG] 正在返回菜单
2025-10-20 14:35:08 [TRACE] 正在返回菜单,请保持游戏画面处于前台
2025-10-20 14:35:10 [TRACE] 正在返回菜单,请保持游戏画面处于前台
2025-10-20 14:35:12 [TRACE] 正在返回菜单,请保持游戏画面处于前台
2025-10-20 14:35:14 [TRACE] 正在返回菜单,请保持游戏画面处于前台
2025-10-20 14:35:16 [TRACE] 正在返回菜单,请保持游戏画面处于前台
2025-10-20 14:35:19 [TRACE] 正在返回菜单,请保持游戏画面处于前台
2025-10-20 14:35:21 [TRACE] 现在处于大厅
2025-10-20 14:35:22 [INFO] 执行零号空洞任务中
2025-10-20 14:35:22 [TRACE] 【1】等待目标中 C:\Users\gelon\Desktop\ZA-Lite\assets/images/hollow\combat.png
2025-10-20 14:35:23 [TRACE] 【目标出现】C:\Users\gelon\Desktop\ZA-Lite\assets/images/hollow\combat.png 置信度：0.9763001203536987
2025-10-20 14:35:24 [TRACE] 【目标出现】C:\Users\gelon\Desktop\ZA-Lite\assets/images/hollow\zero_hollow.png 置信度：0.9999946355819702
2025-10-20 14:35:26 [TRACE] 【目标出现】C:\Users\gelon\Desktop\ZA-Lite\assets/images/hollow\go_hollow.png 置信度：0.9945468902587891
2025-10-20 14:35:27 [TRACE] 【目标出现】C:\Users\gelon\Desktop\ZA-Lite\assets/images/hollow\confirm.png 置信度：0.983962893486023
2025-10-20 14:35:29 [TRACE] 【1】等待目标中 C:\Users\gelon\Desktop\ZA-Lite\assets/images/hollow\hollow_taskforce.png
2025-10-20 14:35:29 [TRACE] 【2】等待目标中 C:\Users\gelon\Desktop\ZA-Lite\assets/images/hollow\hollow_taskforce.png
2025-10-20 14:35:30 [TRACE] 【3】等待目标中 C:\Users\gelon\Desktop\ZA-Lite\assets/images/hollow\hollow_taskforce.png
2025-10-20 14:35:31 [TRACE] 【目标出现】C:\Users\gelon\Desktop\ZA-Lite\assets/images/hollow\hollow_taskforce.png 置信度：0.9999803304672241
2025-10-20 14:35:32 [TRACE] 【目标出现】C:\Users\gelon\Desktop\ZA-Lite\assets/images/hollow\strategy.png 置信度：0.9999997019767761
2025-10-20 14:35:33 [TRACE] 【1】等待目标中 C:\Users\gelon\Desktop\ZA-Lite\assets/images/hollow\strategy_confirm.png
2025-10-20 14:35:34 [TRACE] 【目标出现】C:\Users\gelon\Desktop\ZA-Lite\assets/images/hollow\strategy_confirm.png 置信度：1.0
2025-10-20 14:35:35 [TRACE] 【目标出现】C:\Users\gelon\Desktop\ZA-Lite\assets/images/hollow\next_step.png 置信度：0.9802163243293762
2025-10-20 14:35:37 [TRACE] 【目标出现】C:\Users\gelon\Desktop\ZA-Lite\assets/images/daily\squad_preset.png 置信度：0.9862328767776489
2025-10-20 14:35:38 [TRACE] 【目标出现】C:\Users\gelon\Desktop\ZA-Lite\assets/images/daily\squad_6.png 置信度：0.960720956325531
2025-10-20 14:35:39 [TRACE] 【目标出现】C:\Users\gelon\Desktop\ZA-Lite\assets/images/daily\select_squad.png 置信度：0.9681386351585388
2025-10-20 14:35:41 [TRACE] 【目标出现】C:\Users\gelon\Desktop\ZA-Lite\assets/images/hollow\start_battle.png 置信度：0.9824058413505554
2025-10-20 14:35:43 [TRACE] 【目标检测】屏幕内没有目标
2025-10-20 14:35:44 [TRACE] 【目标检测】屏幕内没有目标
2025-10-20 14:35:46 [TRACE] 【目标检测】屏幕内没有目标
2025-10-20 14:35:48 [TRACE] 【空洞监听】无匹配已持续：0秒
2025-10-20 14:35:48 [TRACE] 【目标检测】屏幕内没有目标
2025-10-20 14:35:50 [TRACE] 【目标检测】屏幕内没有目标
2025-10-20 14:35:51 [TRACE] 【目标检测】屏幕内没有目标
2025-10-20 14:35:52 [TRACE] 【目标检测】屏幕内没有目标
2025-10-20 14:35:54 [TRACE] 【目标检测】屏幕内没有目标
2025-10-20 14:35:54 [TRACE] 【空洞监听】无匹配已持续：6秒
2025-10-20 14:35:56 [TRACE] 【目标检测】屏幕内没有目标
2025-10-20 14:35:58 [TRACE] 【目标检测】屏幕内没有目标
2025-10-20 14:35:59 [TRACE] 【目标检测】屏幕内没有目标
2025-10-20 14:36:01 [TRACE] 【目标检测】屏幕内没有目标
2025-10-20 14:36:01 [TRACE] 【空洞监听】无匹配已持续：12秒
2025-10-20 14:36:02 [TRACE] 【目标检测】屏幕内没有目标
2025-10-20 14:36:05 [TRACE] 【目标检测】屏幕内没有目标
2025-10-20 14:36:06 [TRACE] 【目标检测】屏幕内没有目标
2025-10-20 14:36:09 [TRACE] 【空洞监听】无匹配已持续：20秒
2025-10-20 14:36:11 [TRACE] 【目标检测】TRAPPED！ 类型：interact 置信度：0.9266695976257324
2025-10-20 14:36:18 [TRACE] 【目标检测】屏幕内没有目标
2025-10-20 14:36:19 [TRACE] 【目标检测】屏幕内没有目标
2025-10-20 14:36:20 [TRACE] 【目标检测】屏幕内没有目标
2025-10-20 14:36:22 [TRACE] 【目标检测】屏幕内没有目标
2025-10-20 14:36:27 [TRACE] 【目标检测】TRAPPED！ 类型：interact 置信度：0.9368159770965576
2025-10-20 14:36:30 [TRACE] 【空洞监听】无匹配已持续：0秒
2025-10-20 14:36:34 [TRACE] 【目标检测】屏幕内没有目标
2025-10-20 14:36:35 [TRACE] 【目标检测】屏幕内没有目标
2025-10-20 14:36:37 [TRACE] 【目标检测】屏幕内没有目标
2025-10-20 14:36:38 [TRACE] 【目标检测】屏幕内没有目标
2025-10-20 14:36:40 [TRACE] 【目标检测】屏幕内没有目标
2025-10-20 14:36:43 [TRACE] 【目标检测】屏幕内没有目标
2025-10-20 14:36:44 [TRACE] 【空洞监听】无匹配已持续：0秒
2025-10-20 14:36:44 [TRACE] 【目标检测】屏幕内没有目标
2025-10-20 14:36:46 [TRACE] 【目标检测】屏幕内没有目标
2025-10-20 14:36:47 [TRACE] 【目标检测】屏幕内没有目标
2025-10-20 14:36:49 [TRACE] 【目标检测】屏幕内没有目标
2025-10-20 14:36:51 [TRACE] 【空洞监听】无匹配已持续：6秒
2025-10-20 14:36:52 [TRACE] 【目标检测】目标存在，但置信度不足
2025-10-20 14:36:57 [TRACE] 【空洞监听】无匹配已持续：13秒
2025-10-20 14:37:01 [TRACE] 【目标检测】TRAPPED！ 类型：interact 置信度：0.8883551359176636
2025-10-20 14:37:05 [TRACE] 【状态】搜索模式：C:\Users\gelon\Desktop\ZA-Lite\assets/images/hollow\card.png 置信度：1.0
2025-10-20 14:37:08 [TRACE] 【目标检测】目标存在，但置信度不足
2025-10-20 14:37:09 [TRACE] 【目标检测】目标存在，但置信度不足
2025-10-20 14:37:10 [TRACE] 【目标检测】目标存在，但置信度不足
2025-10-20 14:37:15 [TRACE] 【目标检测】TRAPPED！ 类型：blue_portal 置信度：0.8634317517280579
2025-10-20 14:37:18 [TRACE] 【空洞监听】无匹配已持续：0秒
2025-10-20 14:37:21 [TRACE] 【目标检测】屏幕内没有目标
2025-10-20 14:37:23 [TRACE] 【目标检测】屏幕内没有目标
2025-10-20 14:37:24 [TRACE] 【空洞监听】无匹配已持续：6秒
2025-10-20 14:37:24 [TRACE] 【目标检测】屏幕内没有目标
2025-10-20 14:37:28 [TRACE] 【目标检测】TRAPPED！ 类型：interact 置信度：0.9280442595481873
2025-10-20 14:37:31 [TRACE] 【空洞监听】无匹配已持续：12秒
2025-10-20 14:37:35 [TRACE] 【目标检测】TRAPPED！ 类型：interact 置信度：0.9273759722709656
2025-10-20 14:37:37 [TRACE] 【空洞监听】无匹配已持续：19秒
2025-10-20 14:37:42 [TRACE] 【目标检测】屏幕内没有目标
2025-10-20 14:37:43 [TRACE] 【目标检测】屏幕内没有目标
2025-10-20 14:37:45 [TRACE] 【目标检测】屏幕内没有目标
2025-10-20 14:37:46 [TRACE] 【目标检测】屏幕内没有目标
2025-10-20 14:37:47 [TRACE] 【目标检测】屏幕内没有目标
2025-10-20 14:37:50 [TRACE] 【目标检测】屏幕内没有目标
2025-10-20 14:37:51 [TRACE] 【目标检测】屏幕内没有目标
2025-10-20 14:37:53 [TRACE] 【目标检测】屏幕内没有目标
2025-10-20 14:37:54 [TRACE] 【目标检测】屏幕内没有目标
2025-10-20 14:37:55 [TRACE] 【目标检测】屏幕内没有目标
2025-10-20 14:37:58 [TRACE] 【目标检测】屏幕内没有目标
2025-10-20 14:37:59 [TRACE] 【目标检测】屏幕内没有目标
2025-10-20 14:38:01 [TRACE] 【目标检测】屏幕内没有目标
2025-10-20 14:38:02 [TRACE] 【目标检测】屏幕内没有目标
2025-10-20 14:38:03 [TRACE] 【目标检测】屏幕内没有目标
2025-10-20 14:38:06 [TRACE] 【目标检测】屏幕内没有目标
2025-10-20 14:38:08 [TRACE] 【目标检测】屏幕内没有目标
2025-10-20 14:38:09 [TRACE] 【目标检测】屏幕内没有目标
2025-10-20 14:38:11 [TRACE] 【目标检测】屏幕内没有目标
2025-10-20 14:38:12 [TRACE] 【目标检测】屏幕内没有目标
2025-10-20 14:38:14 [TRACE] 【目标检测】屏幕内没有目标
2025-10-20 14:38:22 [TRACE] 【状态】搜索模式：C:\Users\gelon\Desktop\ZA-Lite\assets/images/hollow\meter.png 置信度：0.9096304774284363
2025-10-20 14:38:23 [TRACE] 【目标检测】微调超时，无法对齐！
2025-10-20 14:38:29 [TRACE] 【状态】搜索模式：C:\Users\gelon\Desktop\ZA-Lite\assets/images/hollow\meter.png 置信度：0.9818836450576782
2025-10-20 14:38:31 [TRACE] 【目标检测】TRAPPED！ 类型：guide_point 置信度：0.7389030456542969
2025-10-20 14:38:38 [TRACE] 【空洞监听】无匹配已持续：0秒
2025-10-20 14:38:38 [TRACE] 【目标检测】屏幕内没有目标
2025-10-20 14:38:40 [TRACE] 【目标检测】屏幕内没有目标
2025-10-20 14:38:41 [TRACE] 【目标检测】屏幕内没有目标
2025-10-20 14:38:43 [TRACE] 【目标检测】屏幕内没有目标
2025-10-20 14:38:44 [TRACE] 【目标检测】屏幕内没有目标
2025-10-20 14:38:45 [TRACE] 【空洞监听】无匹配已持续：6秒
2025-10-20 14:38:52 [TRACE] 【空洞监听】无匹配已持续：13秒
2025-10-20 14:38:53 [TRACE] 【目标检测】TRAPPED！ 类型：blue_portal 置信度：0.9522225260734558
2025-10-20 14:38:58 [TRACE] 【空洞监听】无匹配已持续：19秒
2025-10-20 14:39:00 [TRACE] 【目标检测】屏幕内没有目标
2025-10-20 14:39:01 [TRACE] 【状态】战斗模式：C:\Users\gelon\Desktop\ZA-Lite\assets/images/hollow\battle_2.png 置信度：1.0
2025-10-20 14:39:11 [TRACE] 【状态】战斗模式：正在受到攻击
2025-10-20 14:39:17 [TRACE] 【状态】战斗模式：正在受到攻击
2025-10-20 14:39:24 [TRACE] 【空洞监听】无匹配已持续：0秒
2025-10-20 14:39:31 [TRACE] 【状态】搜索模式：C:\Users\gelon\Desktop\ZA-Lite\assets/images/hollow\next_area.png 置信度：0.9999994039535522
2025-10-20 14:39:36 [TRACE] 【目标检测】TRAPPED！ 类型：blue_portal 置信度：0.9412127137184143
2025-10-20 14:39:43 [TRACE] 【目标检测】屏幕内没有目标
2025-10-20 14:39:43 [TRACE] 【空洞监听】无匹配已持续：0秒
2025-10-20 14:39:45 [TRACE] 【目标检测】屏幕内没有目标
2025-10-20 14:39:46 [TRACE] 【状态】战斗模式：C:\Users\gelon\Desktop\ZA-Lite\assets/images/hollow\battle_2.png 置信度：1.0
2025-10-20 14:39:46 [TRACE] 【目标检测】目标存在，但置信度不足
2025-10-20 14:39:46 [TRACE] 【状态】战斗模式：C:\Users\gelon\Desktop\ZA-Lite\assets/images/hollow\battle_3.png 置信度：0.9999999403953552
2025-10-20 14:39:54 [TRACE] 【状态】战斗模式：C:\Users\gelon\Desktop\ZA-Lite\assets/images/hollow\battle_5.png 置信度：0.9816153645515442
2025-10-20 14:39:56 [TRACE] 【状态】战斗模式：正在受到攻击
2025-10-20 14:40:03 [TRACE] 【空洞监听】无匹配已持续：0秒
2025-10-20 14:40:03 [TRACE] 【状态】搜索模式：C:\Users\gelon\Desktop\ZA-Lite\assets/images/hollow\resonium.png 置信度：1.0
2025-10-20 14:40:04 [TRACE] 【目标出现】C:\Users\gelon\Desktop\ZA-Lite\assets/images/hollow\resonium.png 置信度：0.9999998807907104
2025-10-20 14:40:04 [TRACE] 【本轮的坐标】：(np.int64(1174), np.int64(461)) ------------
2025-10-20 14:40:04 [TRACE] 【已点击过的坐标】：[(-10, -10)]
2025-10-20 14:40:04 [TRACE] 【成功点击】
2025-10-20 14:40:04 [TRACE] 【目标检测】目标存在，但置信度不足
2025-10-20 14:40:04 [TRACE] 【本轮的坐标】：(np.int64(1581), np.int64(461)) ------------
2025-10-20 14:40:04 [TRACE] 【已点击过的坐标】：[(-10, -10), (np.int64(1174), np.int64(461))]
2025-10-20 14:40:04 [TRACE] 【成功点击】
2025-10-20 14:40:05 [TRACE] 【本轮的坐标】：(np.int64(1582), np.int64(461)) ------------
2025-10-20 14:40:05 [TRACE] 【已点击过的坐标】：[(-10, -10), (np.int64(1174), np.int64(461)), (np.int64(1581), np.int64(461))]
2025-10-20 14:40:05 [TRACE] 【坐标太近】视为重复
2025-10-20 14:40:05 [TRACE] 【没有通过的坐标】开始下一轮
2025-10-20 14:40:05 [TRACE] 【本轮的坐标】：(np.int64(1988), np.int64(461)) ------------
2025-10-20 14:40:05 [TRACE] 【已点击过的坐标】：[(-10, -10), (np.int64(1174), np.int64(461)), (np.int64(1581), np.int64(461))]
2025-10-20 14:40:05 [TRACE] 【成功点击】
2025-10-20 14:40:05 [TRACE] 【目标检测】目标存在，但置信度不足
2025-10-20 14:40:06 [TRACE] 【本轮的坐标】：(np.int64(1989), np.int64(461)) ------------
2025-10-20 14:40:06 [TRACE] 【已点击过的坐标】：[(-10, -10), (np.int64(1174), np.int64(461)), (np.int64(1581), np.int64(461)), (np.int64(1988), np.int64(461))]
2025-10-20 14:40:06 [TRACE] 【坐标太近】视为重复
2025-10-20 14:40:06 [TRACE] 【没有通过的坐标】开始下一轮
2025-10-20 14:40:06 [TRACE] 【本轮的坐标】：(np.int64(1173), np.int64(462)) ------------
2025-10-20 14:40:06 [TRACE] 【已点击过的坐标】：[(-10, -10), (np.int64(1174), np.int64(461)), (np.int64(1581), np.int64(461)), (np.int64(1988), np.int64(461))]
2025-10-20 14:40:06 [TRACE] 【坐标太近】视为重复
2025-10-20 14:40:06 [TRACE] 【没有通过的坐标】开始下一轮
2025-10-20 14:40:06 [TRACE] 【本轮的坐标】：(np.int64(1174), np.int64(462)) ------------
2025-10-20 14:40:06 [TRACE] 【已点击过的坐标】：[(-10, -10), (np.int64(1174), np.int64(461)), (np.int64(1581), np.int64(461)), (np.int64(1988), np.int64(461))]
2025-10-20 14:40:06 [TRACE] 【坐标太近】视为重复
2025-10-20 14:40:06 [TRACE] 【没有通过的坐标】开始下一轮
2025-10-20 14:40:06 [TRACE] 【本轮的坐标】：(np.int64(1175), np.int64(462)) ------------
2025-10-20 14:40:06 [TRACE] 【已点击过的坐标】：[(-10, -10), (np.int64(1174), np.int64(461)), (np.int64(1581), np.int64(461)), (np.int64(1988), np.int64(461))]
2025-10-20 14:40:06 [TRACE] 【坐标太近】视为重复
2025-10-20 14:40:06 [TRACE] 【没有通过的坐标】开始下一轮
2025-10-20 14:40:06 [TRACE] 【本轮的坐标】：(np.int64(1580), np.int64(462)) ------------
2025-10-20 14:40:06 [TRACE] 【已点击过的坐标】：[(-10, -10), (np.int64(1174), np.int64(461)), (np.int64(1581), np.int64(461)), (np.int64(1988), np.int64(461))]
2025-10-20 14:40:06 [TRACE] 【坐标太近】视为重复
2025-10-20 14:40:06 [TRACE] 【没有通过的坐标】开始下一轮
2025-10-20 14:40:06 [TRACE] 【本轮的坐标】：(np.int64(1581), np.int64(462)) ------------
2025-10-20 14:40:06 [TRACE] 【已点击过的坐标】：[(-10, -10), (np.int64(1174), np.int64(461)), (np.int64(1581), np.int64(461)), (np.int64(1988), np.int64(461))]
2025-10-20 14:40:06 [TRACE] 【坐标太近】视为重复
2025-10-20 14:40:06 [TRACE] 【没有通过的坐标】开始下一轮
2025-10-20 14:40:06 [TRACE] 【本轮的坐标】：(np.int64(1582), np.int64(462)) ------------
2025-10-20 14:40:06 [TRACE] 【已点击过的坐标】：[(-10, -10), (np.int64(1174), np.int64(461)), (np.int64(1581), np.int64(461)), (np.int64(1988), np.int64(461))]
2025-10-20 14:40:06 [TRACE] 【坐标太近】视为重复
2025-10-20 14:40:06 [TRACE] 【没有通过的坐标】开始下一轮
2025-10-20 14:40:06 [TRACE] 【本轮的坐标】：(np.int64(1987), np.int64(462)) ------------
2025-10-20 14:40:06 [TRACE] 【已点击过的坐标】：[(-10, -10), (np.int64(1174), np.int64(461)), (np.int64(1581), np.int64(461)), (np.int64(1988), np.int64(461))]
2025-10-20 14:40:06 [TRACE] 【坐标太近】视为重复
2025-10-20 14:40:06 [TRACE] 【没有通过的坐标】开始下一轮
2025-10-20 14:40:06 [TRACE] 【本轮的坐标】：(np.int64(1988), np.int64(462)) ------------
2025-10-20 14:40:06 [TRACE] 【已点击过的坐标】：[(-10, -10), (np.int64(1174), np.int64(461)), (np.int64(1581), np.int64(461)), (np.int64(1988), np.int64(461))]
2025-10-20 14:40:06 [TRACE] 【坐标太近】视为重复
2025-10-20 14:40:06 [TRACE] 【没有通过的坐标】开始下一轮
2025-10-20 14:40:06 [TRACE] 【本轮的坐标】：(np.int64(1989), np.int64(462)) ------------
2025-10-20 14:40:06 [TRACE] 【已点击过的坐标】：[(-10, -10), (np.int64(1174), np.int64(461)), (np.int64(1581), np.int64(461)), (np.int64(1988), np.int64(461))]
2025-10-20 14:40:06 [TRACE] 【坐标太近】视为重复
2025-10-20 14:40:06 [TRACE] 【没有通过的坐标】开始下一轮
2025-10-20 14:40:06 [TRACE] 【本轮的坐标】：(np.int64(1990), np.int64(462)) ------------
2025-10-20 14:40:06 [TRACE] 【已点击过的坐标】：[(-10, -10), (np.int64(1174), np.int64(461)), (np.int64(1581), np.int64(461)), (np.int64(1988), np.int64(461))]
2025-10-20 14:40:06 [TRACE] 【坐标太近】视为重复
2025-10-20 14:40:06 [TRACE] 【没有通过的坐标】开始下一轮
2025-10-20 14:40:06 [TRACE] 【本轮的坐标】：(np.int64(1174), np.int64(463)) ------------
2025-10-20 14:40:06 [TRACE] 【已点击过的坐标】：[(-10, -10), (np.int64(1174), np.int64(461)), (np.int64(1581), np.int64(461)), (np.int64(1988), np.int64(461))]
2025-10-20 14:40:06 [TRACE] 【坐标太近】视为重复
2025-10-20 14:40:06 [TRACE] 【没有通过的坐标】开始下一轮
2025-10-20 14:40:06 [TRACE] 【本轮的坐标】：(np.int64(1581), np.int64(463)) ------------
2025-10-20 14:40:06 [TRACE] 【已点击过的坐标】：[(-10, -10), (np.int64(1174), np.int64(461)), (np.int64(1581), np.int64(461)), (np.int64(1988), np.int64(461))]
2025-10-20 14:40:06 [TRACE] 【坐标太近】视为重复
2025-10-20 14:40:06 [TRACE] 【没有通过的坐标】开始下一轮
2025-10-20 14:40:06 [TRACE] 【本轮的坐标】：(np.int64(1988), np.int64(463)) ------------
2025-10-20 14:40:06 [TRACE] 【已点击过的坐标】：[(-10, -10), (np.int64(1174), np.int64(461)), (np.int64(1581), np.int64(461)), (np.int64(1988), np.int64(461))]
2025-10-20 14:40:06 [TRACE] 【坐标太近】视为重复
2025-10-20 14:40:06 [TRACE] 【没有通过的坐标】开始下一轮
2025-10-20 14:40:06 [TRACE] 【完成所有点击】有效次数：3
2025-10-20 14:40:07 [TRACE] 【目标检测】目标存在，但置信度不足
2025-10-20 14:40:08 [TRACE] 【目标检测】目标存在，但置信度不足
2025-10-20 14:40:10 [TRACE] 【目标检测】目标存在，但置信度不足
2025-10-20 14:40:11 [TRACE] 【目标检测】目标存在，但置信度不足
2025-10-20 14:40:12 [TRACE] 【目标检测】屏幕内没有目标
2025-10-20 14:40:14 [TRACE] 【状态】搜索模式：C:\Users\gelon\Desktop\ZA-Lite\assets/images/hollow\next_area.png 置信度：0.9999995231628418
2025-10-20 14:40:15 [TRACE] 【目标检测】TRAPPED！ 类型：blue_portal 置信度：0.9257747530937195
2025-10-20 14:40:17 [TRACE] 【状态】搜索模式：C:\Users\gelon\Desktop\ZA-Lite\assets/images/hollow\meter.png 置信度：0.9719337224960327
2025-10-20 14:40:22 [TRACE] 【目标检测】屏幕内没有目标
2025-10-20 14:40:24 [TRACE] 【目标检测】屏幕内没有目标
2025-10-20 14:40:27 [TRACE] 【空洞监听】无匹配已持续：0秒
2025-10-20 14:40:27 [TRACE] 【目标检测】屏幕内没有目标
2025-10-20 14:40:28 [TRACE] 【目标检测】屏幕内没有目标
2025-10-20 14:40:30 [TRACE] 【状态】战斗模式：C:\Users\gelon\Desktop\ZA-Lite\assets/images/hollow\battle_3.png 置信度：0.9999999403953552
2025-10-20 14:40:30 [TRACE] 【目标检测】屏幕内没有目标
2025-10-20 14:40:40 [TRACE] 【状态】战斗模式：正在受到攻击
2025-10-20 14:40:46 [TRACE] 【状态】战斗模式：正在受到攻击
2025-10-20 14:40:53 [TRACE] 【状态】战斗模式：正在受到攻击
2025-10-20 14:40:59 [TRACE] 【状态】战斗模式：正在受到攻击
2025-10-20 14:41:04 [TRACE] 【状态】战斗模式：正在受到攻击
2025-10-20 14:41:11 [TRACE] 【空洞监听】无匹配已持续：0秒
2025-10-20 14:41:15 [TRACE] 【状态】战斗模式：C:\Users\gelon\Desktop\ZA-Lite\assets/images/hollow\battle_5.png 置信度：0.9819071888923645
2025-10-20 14:41:25 [TRACE] 【状态】搜索模式：C:\Users\gelon\Desktop\ZA-Lite\assets/images/hollow\next_area.png 置信度：0.9999994039535522
2025-10-20 14:41:32 [TRACE] 【目标检测】微调超时，无法对齐！
2025-10-20 14:41:35 [TRACE] 【目标检测】TRAPPED！ 类型：blue_portal 置信度：0.9051735401153564
2025-10-20 14:41:35 [TRACE] 【状态】搜索模式：C:\Users\gelon\Desktop\ZA-Lite\assets/images/hollow\meter.png 置信度：0.9514672160148621
2025-10-20 14:41:42 [TRACE] 【目标检测】屏幕内没有目标
2025-10-20 14:41:45 [TRACE] 【空洞监听】无匹配已持续：0秒
2025-10-20 14:41:46 [TRACE] 【目标检测】TRAPPED！ 类型：interact 置信度：0.9530956149101257
2025-10-20 14:41:51 [TRACE] 【空洞监听】无匹配已持续：6秒
2025-10-20 14:41:54 [TRACE] 【目标检测】目标存在，但置信度不足
2025-10-20 14:41:56 [TRACE] 【目标检测】目标存在，但置信度不足
2025-10-20 14:41:57 [TRACE] 【目标检测】屏幕内没有目标
2025-10-20 14:41:58 [TRACE] 【目标检测】屏幕内没有目标
2025-10-20 14:41:59 [TRACE] 【状态】搜索模式：C:\Users\gelon\Desktop\ZA-Lite\assets/images/hollow\resonium.png 置信度：0.9999998807907104
2025-10-20 14:41:59 [TRACE] 【目标出现】C:\Users\gelon\Desktop\ZA-Lite\assets/images/hollow\resonium.png 置信度：0.9999998807907104
2025-10-20 14:41:59 [TRACE] 【本轮的坐标】：(np.int64(1174), np.int64(461)) ------------
2025-10-20 14:41:59 [TRACE] 【已点击过的坐标】：[(-10, -10)]
2025-10-20 14:41:59 [TRACE] 【成功点击】
2025-10-20 14:41:59 [TRACE] 【目标检测】屏幕内没有目标
2025-10-20 14:42:00 [TRACE] 【本轮的坐标】：(np.int64(1581), np.int64(461)) ------------
2025-10-20 14:42:00 [TRACE] 【已点击过的坐标】：[(-10, -10), (np.int64(1174), np.int64(461))]
2025-10-20 14:42:00 [TRACE] 【成功点击】
2025-10-20 14:42:00 [TRACE] 【目标检测】屏幕内没有目标
2025-10-20 14:42:01 [TRACE] 【本轮的坐标】：(np.int64(1582), np.int64(461)) ------------
2025-10-20 14:42:01 [TRACE] 【已点击过的坐标】：[(-10, -10), (np.int64(1174), np.int64(461)), (np.int64(1581), np.int64(461))]
2025-10-20 14:42:01 [TRACE] 【坐标太近】视为重复
2025-10-20 14:42:01 [TRACE] 【没有通过的坐标】开始下一轮
2025-10-20 14:42:01 [TRACE] 【本轮的坐标】：(np.int64(1988), np.int64(461)) ------------
2025-10-20 14:42:01 [TRACE] 【已点击过的坐标】：[(-10, -10), (np.int64(1174), np.int64(461)), (np.int64(1581), np.int64(461))]
2025-10-20 14:42:01 [TRACE] 【成功点击】
2025-10-20 14:42:01 [TRACE] 【本轮的坐标】：(np.int64(1989), np.int64(461)) ------------
2025-10-20 14:42:01 [TRACE] 【已点击过的坐标】：[(-10, -10), (np.int64(1174), np.int64(461)), (np.int64(1581), np.int64(461)), (np.int64(1988), np.int64(461))]
2025-10-20 14:42:01 [TRACE] 【坐标太近】视为重复
2025-10-20 14:42:01 [TRACE] 【没有通过的坐标】开始下一轮
2025-10-20 14:42:01 [TRACE] 【本轮的坐标】：(np.int64(1173), np.int64(462)) ------------
2025-10-20 14:42:01 [TRACE] 【已点击过的坐标】：[(-10, -10), (np.int64(1174), np.int64(461)), (np.int64(1581), np.int64(461)), (np.int64(1988), np.int64(461))]
2025-10-20 14:42:01 [TRACE] 【坐标太近】视为重复
2025-10-20 14:42:01 [TRACE] 【没有通过的坐标】开始下一轮
2025-10-20 14:42:01 [TRACE] 【本轮的坐标】：(np.int64(1174), np.int64(462)) ------------
2025-10-20 14:42:01 [TRACE] 【已点击过的坐标】：[(-10, -10), (np.int64(1174), np.int64(461)), (np.int64(1581), np.int64(461)), (np.int64(1988), np.int64(461))]
2025-10-20 14:42:01 [TRACE] 【坐标太近】视为重复
2025-10-20 14:42:01 [TRACE] 【没有通过的坐标】开始下一轮
2025-10-20 14:42:01 [TRACE] 【本轮的坐标】：(np.int64(1175), np.int64(462)) ------------
2025-10-20 14:42:01 [TRACE] 【已点击过的坐标】：[(-10, -10), (np.int64(1174), np.int64(461)), (np.int64(1581), np.int64(461)), (np.int64(1988), np.int64(461))]
2025-10-20 14:42:01 [TRACE] 【坐标太近】视为重复
2025-10-20 14:42:01 [TRACE] 【没有通过的坐标】开始下一轮
2025-10-20 14:42:01 [TRACE] 【本轮的坐标】：(np.int64(1580), np.int64(462)) ------------
2025-10-20 14:42:01 [TRACE] 【已点击过的坐标】：[(-10, -10), (np.int64(1174), np.int64(461)), (np.int64(1581), np.int64(461)), (np.int64(1988), np.int64(461))]
2025-10-20 14:42:01 [TRACE] 【坐标太近】视为重复
2025-10-20 14:42:01 [TRACE] 【没有通过的坐标】开始下一轮
2025-10-20 14:42:01 [TRACE] 【本轮的坐标】：(np.int64(1581), np.int64(462)) ------------
2025-10-20 14:42:01 [TRACE] 【已点击过的坐标】：[(-10, -10), (np.int64(1174), np.int64(461)), (np.int64(1581), np.int64(461)), (np.int64(1988), np.int64(461))]
2025-10-20 14:42:01 [TRACE] 【坐标太近】视为重复
2025-10-20 14:42:01 [TRACE] 【没有通过的坐标】开始下一轮
2025-10-20 14:42:01 [TRACE] 【本轮的坐标】：(np.int64(1582), np.int64(462)) ------------
2025-10-20 14:42:01 [TRACE] 【已点击过的坐标】：[(-10, -10), (np.int64(1174), np.int64(461)), (np.int64(1581), np.int64(461)), (np.int64(1988), np.int64(461))]
2025-10-20 14:42:01 [TRACE] 【坐标太近】视为重复
2025-10-20 14:42:01 [TRACE] 【没有通过的坐标】开始下一轮
2025-10-20 14:42:01 [TRACE] 【本轮的坐标】：(np.int64(1987), np.int64(462)) ------------
2025-10-20 14:42:01 [TRACE] 【已点击过的坐标】：[(-10, -10), (np.int64(1174), np.int64(461)), (np.int64(1581), np.int64(461)), (np.int64(1988), np.int64(461))]
2025-10-20 14:42:01 [TRACE] 【坐标太近】视为重复
2025-10-20 14:42:01 [TRACE] 【没有通过的坐标】开始下一轮
2025-10-20 14:42:01 [TRACE] 【本轮的坐标】：(np.int64(1988), np.int64(462)) ------------
2025-10-20 14:42:01 [TRACE] 【已点击过的坐标】：[(-10, -10), (np.int64(1174), np.int64(461)), (np.int64(1581), np.int64(461)), (np.int64(1988), np.int64(461))]
2025-10-20 14:42:01 [TRACE] 【坐标太近】视为重复
2025-10-20 14:42:01 [TRACE] 【没有通过的坐标】开始下一轮
2025-10-20 14:42:01 [TRACE] 【本轮的坐标】：(np.int64(1989), np.int64(462)) ------------
2025-10-20 14:42:01 [TRACE] 【已点击过的坐标】：[(-10, -10), (np.int64(1174), np.int64(461)), (np.int64(1581), np.int64(461)), (np.int64(1988), np.int64(461))]
2025-10-20 14:42:01 [TRACE] 【坐标太近】视为重复
2025-10-20 14:42:01 [TRACE] 【没有通过的坐标】开始下一轮
2025-10-20 14:42:01 [TRACE] 【本轮的坐标】：(np.int64(1990), np.int64(462)) ------------
2025-10-20 14:42:01 [TRACE] 【已点击过的坐标】：[(-10, -10), (np.int64(1174), np.int64(461)), (np.int64(1581), np.int64(461)), (np.int64(1988), np.int64(461))]
2025-10-20 14:42:01 [TRACE] 【坐标太近】视为重复
2025-10-20 14:42:01 [TRACE] 【没有通过的坐标】开始下一轮
2025-10-20 14:42:01 [TRACE] 【本轮的坐标】：(np.int64(1174), np.int64(463)) ------------
2025-10-20 14:42:01 [TRACE] 【已点击过的坐标】：[(-10, -10), (np.int64(1174), np.int64(461)), (np.int64(1581), np.int64(461)), (np.int64(1988), np.int64(461))]
2025-10-20 14:42:01 [TRACE] 【坐标太近】视为重复
2025-10-20 14:42:01 [TRACE] 【没有通过的坐标】开始下一轮
2025-10-20 14:42:01 [TRACE] 【本轮的坐标】：(np.int64(1581), np.int64(463)) ------------
2025-10-20 14:42:01 [TRACE] 【已点击过的坐标】：[(-10, -10), (np.int64(1174), np.int64(461)), (np.int64(1581), np.int64(461)), (np.int64(1988), np.int64(461))]
2025-10-20 14:42:01 [TRACE] 【坐标太近】视为重复
2025-10-20 14:42:01 [TRACE] 【没有通过的坐标】开始下一轮
2025-10-20 14:42:01 [TRACE] 【本轮的坐标】：(np.int64(1988), np.int64(463)) ------------
2025-10-20 14:42:01 [TRACE] 【已点击过的坐标】：[(-10, -10), (np.int64(1174), np.int64(461)), (np.int64(1581), np.int64(461)), (np.int64(1988), np.int64(461))]
2025-10-20 14:42:01 [TRACE] 【坐标太近】视为重复
2025-10-20 14:42:01 [TRACE] 【没有通过的坐标】开始下一轮
2025-10-20 14:42:01 [TRACE] 【完成所有点击】有效次数：3
2025-10-20 14:42:01 [TRACE] 【目标检测】屏幕内没有目标
2025-10-20 14:42:04 [TRACE] 【目标检测】屏幕内没有目标
2025-10-20 14:42:05 [TRACE] 【目标检测】屏幕内没有目标
2025-10-20 14:42:07 [TRACE] 【目标检测】屏幕内没有目标
2025-10-20 14:42:12 [TRACE] 【状态】搜索模式：C:\Users\gelon\Desktop\ZA-Lite\assets/images/hollow\meter.png 置信度：0.9608282446861267
2025-10-20 14:42:14 [TRACE] 【目标检测】微调超时，无法对齐！
2025-10-20 14:42:18 [TRACE] 【目标检测】目标存在，但置信度不足
2025-10-20 14:42:19 [TRACE] 【状态】搜索模式：C:\Users\gelon\Desktop\ZA-Lite\assets/images/hollow\meter.png 置信度：0.9803193211555481
2025-10-20 14:42:24 [TRACE] 【目标检测】微调超时，无法对齐！
2025-10-20 14:42:26 [TRACE] 【状态】搜索模式：C:\Users\gelon\Desktop\ZA-Lite\assets/images/hollow\meter.png 置信度：0.9804044961929321
2025-10-20 14:42:29 [TRACE] 【目标检测】TRAPPED！ 类型：guide_point 置信度：0.9007055759429932
2025-10-20 14:42:34 [TRACE] 【空洞监听】无匹配已持续：0秒
2025-10-20 14:42:35 [TRACE] 【目标检测】屏幕内没有目标
2025-10-20 14:42:37 [TRACE] 【目标检测】屏幕内没有目标
2025-10-20 14:42:39 [TRACE] 【目标检测】屏幕内没有目标
2025-10-20 14:42:40 [TRACE] 【目标检测】屏幕内没有目标
2025-10-20 14:42:41 [TRACE] 【空洞监听】无匹配已持续：6秒
2025-10-20 14:42:42 [TRACE] 【目标检测】屏幕内没有目标
2025-10-20 14:42:44 [TRACE] 【目标检测】屏幕内没有目标
2025-10-20 14:42:46 [TRACE] 【目标检测】屏幕内没有目标
2025-10-20 14:42:47 [TRACE] 【目标检测】屏幕内没有目标
2025-10-20 14:42:47 [TRACE] 【状态】战斗模式：正在受到攻击
2025-10-20 14:42:53 [TRACE] 【状态】战斗模式：正在受到攻击
2025-10-20 14:42:57 [TRACE] 【状态】战斗模式：C:\Users\gelon\Desktop\ZA-Lite\assets/images/hollow\battle_5.png 置信度：0.9829679727554321
2025-10-20 14:43:03 [TRACE] 【状态】战斗模式：C:\Users\gelon\Desktop\ZA-Lite\assets/images/hollow\battle_5.png 置信度：0.9822769165039062
2025-10-20 14:43:11 [TRACE] 【状态】战斗模式：C:\Users\gelon\Desktop\ZA-Lite\assets/images/hollow\battle_5.png 置信度：0.9866554141044617
2025-10-20 14:43:14 [TRACE] 【状态】战斗模式：正在受到攻击
2025-10-20 14:43:20 [TRACE] 【空洞监听】无匹配已持续：0秒
2025-10-20 14:43:26 [TRACE] 【空洞监听】无匹配已持续：6秒
2025-10-20 14:43:30 [TRACE] 【状态】战斗模式：C:\Users\gelon\Desktop\ZA-Lite\assets/images/hollow\battle_5.png 置信度：0.987094521522522
2025-10-20 14:43:36 [TRACE] 【状态】战斗模式：C:\Users\gelon\Desktop\ZA-Lite\assets/images/hollow\battle_5.png 置信度：0.9830514788627625
2025-10-20 14:43:43 [TRACE] 【状态】战斗模式：C:\Users\gelon\Desktop\ZA-Lite\assets/images/hollow\battle_5.png 置信度：0.9610180258750916
2025-10-20 14:43:52 [TRACE] 【状态】战斗模式：正在受到攻击
2025-10-20 14:43:58 [TRACE] 【空洞监听】无匹配已持续：0秒
2025-10-20 14:43:59 [TRACE] 【状态】搜索模式：C:\Users\gelon\Desktop\ZA-Lite\assets/images/hollow\gear.png 置信度：1.0
2025-10-20 14:44:01 [TRACE] 【目标检测】目标存在，但置信度不足
2025-10-20 14:44:02 [TRACE] 【目标检测】目标存在，但置信度不足
2025-10-20 14:44:03 [TRACE] 【目标检测】屏幕内没有目标
2025-10-20 14:44:04 [TRACE] 【目标检测】目标存在，但置信度不足
2025-10-20 14:44:06 [TRACE] 【目标检测】目标存在，但置信度不足
2025-10-20 14:44:06 [TRACE] 【状态】搜索模式：C:\Users\gelon\Desktop\ZA-Lite\assets/images/hollow\resonium.png 置信度：0.9999998807907104
2025-10-20 14:44:06 [TRACE] 【目标出现】C:\Users\gelon\Desktop\ZA-Lite\assets/images/hollow\resonium.png 置信度：1.0
2025-10-20 14:44:06 [TRACE] 【本轮的坐标】：(np.int64(1174), np.int64(461)) ------------
2025-10-20 14:44:06 [TRACE] 【已点击过的坐标】：[(-10, -10)]
2025-10-20 14:44:06 [TRACE] 【成功点击】
2025-10-20 14:44:07 [TRACE] 【目标检测】屏幕内没有目标
2025-10-20 14:44:07 [TRACE] 【本轮的坐标】：(np.int64(1581), np.int64(461)) ------------
2025-10-20 14:44:07 [TRACE] 【已点击过的坐标】：[(-10, -10), (np.int64(1174), np.int64(461))]
2025-10-20 14:44:07 [TRACE] 【成功点击】
2025-10-20 14:44:08 [TRACE] 【本轮的坐标】：(np.int64(1582), np.int64(461)) ------------
2025-10-20 14:44:08 [TRACE] 【已点击过的坐标】：[(-10, -10), (np.int64(1174), np.int64(461)), (np.int64(1581), np.int64(461))]
2025-10-20 14:44:08 [TRACE] 【坐标太近】视为重复
2025-10-20 14:44:08 [TRACE] 【没有通过的坐标】开始下一轮
2025-10-20 14:44:08 [TRACE] 【本轮的坐标】：(np.int64(1988), np.int64(461)) ------------
2025-10-20 14:44:08 [TRACE] 【已点击过的坐标】：[(-10, -10), (np.int64(1174), np.int64(461)), (np.int64(1581), np.int64(461))]
2025-10-20 14:44:08 [TRACE] 【成功点击】
2025-10-20 14:44:09 [TRACE] 【本轮的坐标】：(np.int64(1989), np.int64(461)) ------------
2025-10-20 14:44:09 [TRACE] 【已点击过的坐标】：[(-10, -10), (np.int64(1174), np.int64(461)), (np.int64(1581), np.int64(461)), (np.int64(1988), np.int64(461))]
2025-10-20 14:44:09 [TRACE] 【坐标太近】视为重复
2025-10-20 14:44:09 [TRACE] 【没有通过的坐标】开始下一轮
2025-10-20 14:44:09 [TRACE] 【本轮的坐标】：(np.int64(1173), np.int64(462)) ------------
2025-10-20 14:44:09 [TRACE] 【已点击过的坐标】：[(-10, -10), (np.int64(1174), np.int64(461)), (np.int64(1581), np.int64(461)), (np.int64(1988), np.int64(461))]
2025-10-20 14:44:09 [TRACE] 【坐标太近】视为重复
2025-10-20 14:44:09 [TRACE] 【没有通过的坐标】开始下一轮
2025-10-20 14:44:09 [TRACE] 【本轮的坐标】：(np.int64(1174), np.int64(462)) ------------
2025-10-20 14:44:09 [TRACE] 【已点击过的坐标】：[(-10, -10), (np.int64(1174), np.int64(461)), (np.int64(1581), np.int64(461)), (np.int64(1988), np.int64(461))]
2025-10-20 14:44:09 [TRACE] 【坐标太近】视为重复
2025-10-20 14:44:09 [TRACE] 【没有通过的坐标】开始下一轮
2025-10-20 14:44:09 [TRACE] 【本轮的坐标】：(np.int64(1175), np.int64(462)) ------------
2025-10-20 14:44:09 [TRACE] 【已点击过的坐标】：[(-10, -10), (np.int64(1174), np.int64(461)), (np.int64(1581), np.int64(461)), (np.int64(1988), np.int64(461))]
2025-10-20 14:44:09 [TRACE] 【坐标太近】视为重复
2025-10-20 14:44:09 [TRACE] 【没有通过的坐标】开始下一轮
2025-10-20 14:44:09 [TRACE] 【本轮的坐标】：(np.int64(1580), np.int64(462)) ------------
2025-10-20 14:44:09 [TRACE] 【已点击过的坐标】：[(-10, -10), (np.int64(1174), np.int64(461)), (np.int64(1581), np.int64(461)), (np.int64(1988), np.int64(461))]
2025-10-20 14:44:09 [TRACE] 【坐标太近】视为重复
2025-10-20 14:44:09 [TRACE] 【没有通过的坐标】开始下一轮
2025-10-20 14:44:09 [TRACE] 【本轮的坐标】：(np.int64(1581), np.int64(462)) ------------
2025-10-20 14:44:09 [TRACE] 【已点击过的坐标】：[(-10, -10), (np.int64(1174), np.int64(461)), (np.int64(1581), np.int64(461)), (np.int64(1988), np.int64(461))]
2025-10-20 14:44:09 [TRACE] 【坐标太近】视为重复
2025-10-20 14:44:09 [TRACE] 【没有通过的坐标】开始下一轮
2025-10-20 14:44:09 [TRACE] 【本轮的坐标】：(np.int64(1582), np.int64(462)) ------------
2025-10-20 14:44:09 [TRACE] 【已点击过的坐标】：[(-10, -10), (np.int64(1174), np.int64(461)), (np.int64(1581), np.int64(461)), (np.int64(1988), np.int64(461))]
2025-10-20 14:44:09 [TRACE] 【坐标太近】视为重复
2025-10-20 14:44:09 [TRACE] 【没有通过的坐标】开始下一轮
2025-10-20 14:44:09 [TRACE] 【本轮的坐标】：(np.int64(1987), np.int64(462)) ------------
2025-10-20 14:44:09 [TRACE] 【已点击过的坐标】：[(-10, -10), (np.int64(1174), np.int64(461)), (np.int64(1581), np.int64(461)), (np.int64(1988), np.int64(461))]
2025-10-20 14:44:09 [TRACE] 【坐标太近】视为重复
2025-10-20 14:44:09 [TRACE] 【没有通过的坐标】开始下一轮
2025-10-20 14:44:09 [TRACE] 【本轮的坐标】：(np.int64(1988), np.int64(462)) ------------
2025-10-20 14:44:09 [TRACE] 【已点击过的坐标】：[(-10, -10), (np.int64(1174), np.int64(461)), (np.int64(1581), np.int64(461)), (np.int64(1988), np.int64(461))]
2025-10-20 14:44:09 [TRACE] 【坐标太近】视为重复
2025-10-20 14:44:09 [TRACE] 【没有通过的坐标】开始下一轮
2025-10-20 14:44:09 [TRACE] 【本轮的坐标】：(np.int64(1989), np.int64(462)) ------------
2025-10-20 14:44:09 [TRACE] 【已点击过的坐标】：[(-10, -10), (np.int64(1174), np.int64(461)), (np.int64(1581), np.int64(461)), (np.int64(1988), np.int64(461))]
2025-10-20 14:44:09 [TRACE] 【坐标太近】视为重复
2025-10-20 14:44:09 [TRACE] 【没有通过的坐标】开始下一轮
2025-10-20 14:44:09 [TRACE] 【本轮的坐标】：(np.int64(1990), np.int64(462)) ------------
2025-10-20 14:44:09 [TRACE] 【已点击过的坐标】：[(-10, -10), (np.int64(1174), np.int64(461)), (np.int64(1581), np.int64(461)), (np.int64(1988), np.int64(461))]
2025-10-20 14:44:09 [TRACE] 【坐标太近】视为重复
2025-10-20 14:44:09 [TRACE] 【没有通过的坐标】开始下一轮
2025-10-20 14:44:09 [TRACE] 【本轮的坐标】：(np.int64(1174), np.int64(463)) ------------
2025-10-20 14:44:09 [TRACE] 【已点击过的坐标】：[(-10, -10), (np.int64(1174), np.int64(461)), (np.int64(1581), np.int64(461)), (np.int64(1988), np.int64(461))]
2025-10-20 14:44:09 [TRACE] 【坐标太近】视为重复
2025-10-20 14:44:09 [TRACE] 【没有通过的坐标】开始下一轮
2025-10-20 14:44:09 [TRACE] 【本轮的坐标】：(np.int64(1581), np.int64(463)) ------------
2025-10-20 14:44:09 [TRACE] 【已点击过的坐标】：[(-10, -10), (np.int64(1174), np.int64(461)), (np.int64(1581), np.int64(461)), (np.int64(1988), np.int64(461))]
2025-10-20 14:44:09 [TRACE] 【坐标太近】视为重复
2025-10-20 14:44:09 [TRACE] 【没有通过的坐标】开始下一轮
2025-10-20 14:44:09 [TRACE] 【本轮的坐标】：(np.int64(1988), np.int64(463)) ------------
2025-10-20 14:44:09 [TRACE] 【已点击过的坐标】：[(-10, -10), (np.int64(1174), np.int64(461)), (np.int64(1581), np.int64(461)), (np.int64(1988), np.int64(461))]
2025-10-20 14:44:09 [TRACE] 【坐标太近】视为重复
2025-10-20 14:44:09 [TRACE] 【没有通过的坐标】开始下一轮
2025-10-20 14:44:09 [TRACE] 【完成所有点击】有效次数：3
2025-10-20 14:44:10 [TRACE] 【目标检测】目标存在，但置信度不足
2025-10-20 14:44:11 [TRACE] 【目标检测】目标存在，但置信度不足
2025-10-20 14:44:13 [TRACE] 【目标检测】目标存在，但置信度不足
2025-10-20 14:44:14 [TRACE] 【目标检测】目标存在，但置信度不足
2025-10-20 14:44:18 [TRACE] 【目标检测】目标存在，但置信度不足
2025-10-20 14:44:19 [TRACE] 【目标检测】屏幕内没有目标
2025-10-20 14:44:21 [TRACE] 【目标检测】屏幕内没有目标
2025-10-20 14:44:22 [TRACE] 【空洞监听】无匹配已持续：0秒
2025-10-20 14:44:23 [TRACE] 【目标检测】目标存在，但置信度不足
2025-10-20 14:44:24 [TRACE] 【状态】搜索模式：C:\Users\gelon\Desktop\ZA-Lite\assets/images/hollow\battle_end_boss.png 置信度：0.9999361634254456
2025-10-20 14:44:24 [TRACE] 【目标检测】目标存在，但置信度不足
2025-10-20 14:44:27 [TRACE] 【目标检测】屏幕内没有目标
2025-10-20 14:44:28 [TRACE] 【目标检测】屏幕内没有目标
2025-10-20 14:44:29 [TRACE] 【目标检测】屏幕内没有目标
2025-10-20 14:44:32 [TRACE] 【目标检测】屏幕内没有目标
2025-10-20 14:44:34 [TRACE] 【目标检测】TRAPPED！ 类型：interact 置信度：0.931113064289093
2025-10-20 14:44:35 [TRACE] 【空洞监听】无匹配已持续：0秒
2025-10-20 14:44:41 [TRACE] 【目标检测】屏幕内没有目标
2025-10-20 14:44:42 [TRACE] 【目标检测】屏幕内没有目标
2025-10-20 14:44:43 [TRACE] 【目标检测】屏幕内没有目标
2025-10-20 14:44:45 [TRACE] 【目标检测】屏幕内没有目标
2025-10-20 14:44:46 [TRACE] 【目标检测】TRAPPED！ 类型：interact 置信度：0.9460746049880981
2025-10-20 14:44:50 [TRACE] 【目标检测】TRAPPED！ 类型：interact 置信度：0.9363134503364563
2025-10-20 14:44:56 [TRACE] 【空洞监听】无匹配已持续：0秒
2025-10-20 14:44:57 [TRACE] 【目标检测】屏幕内没有目标
2025-10-20 14:44:59 [TRACE] 【目标检测】屏幕内没有目标
2025-10-20 14:45:00 [TRACE] 【目标检测】屏幕内没有目标
2025-10-20 14:45:01 [TRACE] 【目标检测】屏幕内没有目标
2025-10-20 14:45:03 [TRACE] 【目标检测】屏幕内没有目标
2025-10-20 14:45:05 [TRACE] 【目标检测】屏幕内没有目标
2025-10-20 14:45:07 [TRACE] 【目标检测】屏幕内没有目标
2025-10-20 14:45:08 [TRACE] 【目标检测】屏幕内没有目标
2025-10-20 14:45:10 [TRACE] 【目标检测】屏幕内没有目标
2025-10-20 14:45:11 [TRACE] 【目标检测】屏幕内没有目标
2025-10-20 14:45:14 [TRACE] 【目标检测】屏幕内没有目标
2025-10-20 14:45:15 [TRACE] 【目标检测】屏幕内没有目标
2025-10-20 14:45:18 [TRACE] 【目标检测】TRAPPED！ 类型：interact 置信度：0.9199087023735046
2025-10-20 14:45:23 [TRACE] 【空洞监听】无匹配已持续：0秒
2025-10-20 14:45:24 [TRACE] 【目标检测】屏幕内没有目标
2025-10-20 14:45:26 [TRACE] 【目标检测】屏幕内没有目标
2025-10-20 14:45:27 [TRACE] 【目标检测】屏幕内没有目标
2025-10-20 14:45:28 [TRACE] 【目标检测】屏幕内没有目标
2025-10-20 14:45:30 [TRACE] 【目标检测】屏幕内没有目标
2025-10-20 14:45:32 [TRACE] 【目标检测】屏幕内没有目标
2025-10-20 14:45:34 [TRACE] 【目标检测】屏幕内没有目标
2025-10-20 14:45:35 [TRACE] 【目标检测】屏幕内没有目标
2025-10-20 14:45:36 [TRACE] 【目标检测】屏幕内没有目标
2025-10-20 14:45:38 [TRACE] 【目标检测】屏幕内没有目标
2025-10-20 14:45:43 [TRACE] 【目标检测】屏幕内没有目标
2025-10-20 14:45:44 [TRACE] 【目标检测】屏幕内没有目标
2025-10-20 14:45:45 [TRACE] 【目标检测】屏幕内没有目标
2025-10-20 14:45:47 [TRACE] 【目标检测】屏幕内没有目标
2025-10-20 14:45:48 [TRACE] 【目标检测】屏幕内没有目标
2025-10-20 14:45:49 [TRACE] 【空洞监听】无匹配已持续：0秒
2025-10-20 14:45:51 [TRACE] 【目标检测】目标存在，但置信度不足
2025-10-20 14:45:54 [TRACE] 【目标检测】TRAPPED！ 类型：interact 置信度：0.929218053817749
2025-10-20 14:45:56 [TRACE] 【空洞监听】无匹配已持续：6秒
2025-10-20 14:45:56 [TRACE] 【状态】搜索模式：C:\Users\gelon\Desktop\ZA-Lite\assets/images/hollow\gear.png 置信度：0.9997150897979736
2025-10-20 14:46:01 [TRACE] 【目标检测】屏幕内没有目标
2025-10-20 14:46:02 [TRACE] 【目标检测】屏幕内没有目标
2025-10-20 14:46:03 [TRACE] 【状态】搜索模式：C:\Users\gelon\Desktop\ZA-Lite\assets/images/hollow\next_area.png 置信度：0.9999993443489075
2025-10-20 14:46:05 [TRACE] 【目标检测】TRAPPED！ 类型：blue_portal 置信度：0.9593366980552673
2025-10-20 14:46:12 [TRACE] 【目标检测】TRAPPED！ 类型：blue_portal 置信度：0.9391151070594788
2025-10-20 14:46:13 [TRACE] 【状态】搜索模式：C:\Users\gelon\Desktop\ZA-Lite\assets/images/hollow\meter.png 置信度：0.9310268759727478
2025-10-20 14:46:19 [TRACE] 【目标检测】TRAPPED！ 类型：blue_portal 置信度：0.9610506892204285
2025-10-20 14:46:22 [TRACE] 【空洞监听】无匹配已持续：0秒
2025-10-20 14:46:26 [TRACE] 【状态】搜索模式：C:\Users\gelon\Desktop\ZA-Lite\assets/images/hollow\meter.png 置信度：0.9123436212539673
2025-10-20 14:46:27 [TRACE] 【目标检测】TRAPPED！ 类型：blue_portal 置信度：0.9562596678733826
2025-10-20 14:46:34 [TRACE] 【目标检测】TRAPPED！ 类型：blue_portal 置信度：0.9702651500701904
2025-10-20 14:46:35 [TRACE] 【空洞监听】无匹配已持续：0秒
2025-10-20 14:46:41 [TRACE] 【目标检测】TRAPPED！ 类型：blue_portal 置信度：0.9501609206199646
2025-10-20 14:46:41 [TRACE] 【空洞监听】无匹配已持续：6秒
2025-10-20 14:46:47 [TRACE] 【空洞监听】无匹配已持续：12秒
2025-10-20 14:46:47 [TRACE] 【目标检测】屏幕内没有目标
2025-10-20 14:46:49 [TRACE] 【目标检测】屏幕内没有目标
2025-10-20 14:46:51 [TRACE] 【目标检测】屏幕内没有目标
2025-10-20 14:46:52 [TRACE] 【目标检测】屏幕内没有目标
2025-10-20 14:46:54 [TRACE] 【空洞监听】无匹配已持续：19秒
2025-10-20 14:46:54 [TRACE] 【目标检测】屏幕内没有目标
2025-10-20 14:46:57 [TRACE] 【目标检测】屏幕内没有目标
2025-10-20 14:46:58 [TRACE] 【目标检测】屏幕内没有目标
2025-10-20 14:47:00 [TRACE] 【目标检测】屏幕内没有目标
2025-10-20 14:47:01 [TRACE] 【空洞监听】无匹配已持续：25秒
2025-10-20 14:47:01 [TRACE] 【目标检测】屏幕内没有目标
2025-10-20 14:47:03 [TRACE] 【目标检测】屏幕内没有目标
2025-10-20 14:47:05 [TRACE] 【目标检测】屏幕内没有目标
2025-10-20 14:47:07 [TRACE] 【目标检测】屏幕内没有目标
2025-10-20 14:47:08 [TRACE] 【状态】战斗模式：正在受到攻击
2025-10-20 14:47:09 [TRACE] 【目标检测】屏幕内没有目标
2025-10-20 14:47:14 [TRACE] 【空洞监听】无匹配已持续：0秒
2025-10-20 14:47:20 [TRACE] 【空洞监听】无匹配已持续：5秒
2025-10-20 14:47:27 [TRACE] 【空洞监听】无匹配已持续：12秒
2025-10-20 14:47:31 [TRACE] 【状态】战斗模式：C:\Users\gelon\Desktop\ZA-Lite\assets/images/hollow\battle_5.png 置信度：0.9857476949691772
2025-10-20 14:47:38 [TRACE] 【状态】战斗模式：C:\Users\gelon\Desktop\ZA-Lite\assets/images/hollow\battle_5.png 置信度：0.979823887348175
2025-10-20 14:47:41 [TRACE] 【状态】战斗模式：正在受到攻击
2025-10-20 14:47:47 [TRACE] 【状态】战斗模式：正在受到攻击
2025-10-20 14:47:54 [TRACE] 【状态】战斗模式：正在受到攻击
2025-10-20 14:47:58 [TRACE] 【状态】战斗模式：C:\Users\gelon\Desktop\ZA-Lite\assets/images/hollow\battle_5.png 置信度：0.9806609749794006
2025-10-20 14:48:08 [TRACE] 【空洞监听】无匹配已持续：0秒
2025-10-20 14:48:08 [TRACE] 【状态】搜索模式：C:\Users\gelon\Desktop\ZA-Lite\assets/images/hollow\resonium.png 置信度：0.9999998807907104
2025-10-20 14:48:09 [TRACE] 【目标出现】C:\Users\gelon\Desktop\ZA-Lite\assets/images/hollow\resonium.png 置信度：0.9999998807907104
2025-10-20 14:48:09 [TRACE] 【本轮的坐标】：(np.int64(1174), np.int64(461)) ------------
2025-10-20 14:48:09 [TRACE] 【已点击过的坐标】：[(-10, -10)]
2025-10-20 14:48:09 [TRACE] 【成功点击】
2025-10-20 14:48:10 [TRACE] 【目标检测】目标存在，但置信度不足
2025-10-20 14:48:10 [TRACE] 【本轮的坐标】：(np.int64(1581), np.int64(461)) ------------
2025-10-20 14:48:10 [TRACE] 【已点击过的坐标】：[(-10, -10), (np.int64(1174), np.int64(461))]
2025-10-20 14:48:10 [TRACE] 【成功点击】
2025-10-20 14:48:10 [TRACE] 【本轮的坐标】：(np.int64(1582), np.int64(461)) ------------
2025-10-20 14:48:10 [TRACE] 【已点击过的坐标】：[(-10, -10), (np.int64(1174), np.int64(461)), (np.int64(1581), np.int64(461))]
2025-10-20 14:48:10 [TRACE] 【坐标太近】视为重复
2025-10-20 14:48:10 [TRACE] 【没有通过的坐标】开始下一轮
2025-10-20 14:48:10 [TRACE] 【本轮的坐标】：(np.int64(1988), np.int64(461)) ------------
2025-10-20 14:48:10 [TRACE] 【已点击过的坐标】：[(-10, -10), (np.int64(1174), np.int64(461)), (np.int64(1581), np.int64(461))]
2025-10-20 14:48:10 [TRACE] 【成功点击】
2025-10-20 14:48:11 [TRACE] 【目标检测】目标存在，但置信度不足
2025-10-20 14:48:11 [TRACE] 【本轮的坐标】：(np.int64(1989), np.int64(461)) ------------
2025-10-20 14:48:11 [TRACE] 【已点击过的坐标】：[(-10, -10), (np.int64(1174), np.int64(461)), (np.int64(1581), np.int64(461)), (np.int64(1988), np.int64(461))]
2025-10-20 14:48:11 [TRACE] 【坐标太近】视为重复
2025-10-20 14:48:11 [TRACE] 【没有通过的坐标】开始下一轮
2025-10-20 14:48:11 [TRACE] 【本轮的坐标】：(np.int64(1173), np.int64(462)) ------------
2025-10-20 14:48:11 [TRACE] 【已点击过的坐标】：[(-10, -10), (np.int64(1174), np.int64(461)), (np.int64(1581), np.int64(461)), (np.int64(1988), np.int64(461))]
2025-10-20 14:48:11 [TRACE] 【坐标太近】视为重复
2025-10-20 14:48:11 [TRACE] 【没有通过的坐标】开始下一轮
2025-10-20 14:48:11 [TRACE] 【本轮的坐标】：(np.int64(1174), np.int64(462)) ------------
2025-10-20 14:48:11 [TRACE] 【已点击过的坐标】：[(-10, -10), (np.int64(1174), np.int64(461)), (np.int64(1581), np.int64(461)), (np.int64(1988), np.int64(461))]
2025-10-20 14:48:11 [TRACE] 【坐标太近】视为重复
2025-10-20 14:48:11 [TRACE] 【没有通过的坐标】开始下一轮
2025-10-20 14:48:11 [TRACE] 【本轮的坐标】：(np.int64(1175), np.int64(462)) ------------
2025-10-20 14:48:11 [TRACE] 【已点击过的坐标】：[(-10, -10), (np.int64(1174), np.int64(461)), (np.int64(1581), np.int64(461)), (np.int64(1988), np.int64(461))]
2025-10-20 14:48:11 [TRACE] 【坐标太近】视为重复
2025-10-20 14:48:11 [TRACE] 【没有通过的坐标】开始下一轮
2025-10-20 14:48:11 [TRACE] 【本轮的坐标】：(np.int64(1580), np.int64(462)) ------------
2025-10-20 14:48:11 [TRACE] 【已点击过的坐标】：[(-10, -10), (np.int64(1174), np.int64(461)), (np.int64(1581), np.int64(461)), (np.int64(1988), np.int64(461))]
2025-10-20 14:48:11 [TRACE] 【坐标太近】视为重复
2025-10-20 14:48:11 [TRACE] 【没有通过的坐标】开始下一轮
2025-10-20 14:48:11 [TRACE] 【本轮的坐标】：(np.int64(1581), np.int64(462)) ------------
2025-10-20 14:48:11 [TRACE] 【已点击过的坐标】：[(-10, -10), (np.int64(1174), np.int64(461)), (np.int64(1581), np.int64(461)), (np.int64(1988), np.int64(461))]
2025-10-20 14:48:11 [TRACE] 【坐标太近】视为重复
2025-10-20 14:48:11 [TRACE] 【没有通过的坐标】开始下一轮
2025-10-20 14:48:11 [TRACE] 【本轮的坐标】：(np.int64(1582), np.int64(462)) ------------
2025-10-20 14:48:11 [TRACE] 【已点击过的坐标】：[(-10, -10), (np.int64(1174), np.int64(461)), (np.int64(1581), np.int64(461)), (np.int64(1988), np.int64(461))]
2025-10-20 14:48:11 [TRACE] 【坐标太近】视为重复
2025-10-20 14:48:11 [TRACE] 【没有通过的坐标】开始下一轮
2025-10-20 14:48:11 [TRACE] 【本轮的坐标】：(np.int64(1987), np.int64(462)) ------------
2025-10-20 14:48:11 [TRACE] 【已点击过的坐标】：[(-10, -10), (np.int64(1174), np.int64(461)), (np.int64(1581), np.int64(461)), (np.int64(1988), np.int64(461))]
2025-10-20 14:48:11 [TRACE] 【坐标太近】视为重复
2025-10-20 14:48:11 [TRACE] 【没有通过的坐标】开始下一轮
2025-10-20 14:48:11 [TRACE] 【本轮的坐标】：(np.int64(1988), np.int64(462)) ------------
2025-10-20 14:48:11 [TRACE] 【已点击过的坐标】：[(-10, -10), (np.int64(1174), np.int64(461)), (np.int64(1581), np.int64(461)), (np.int64(1988), np.int64(461))]
2025-10-20 14:48:11 [TRACE] 【坐标太近】视为重复
2025-10-20 14:48:11 [TRACE] 【没有通过的坐标】开始下一轮
2025-10-20 14:48:11 [TRACE] 【本轮的坐标】：(np.int64(1989), np.int64(462)) ------------
2025-10-20 14:48:11 [TRACE] 【已点击过的坐标】：[(-10, -10), (np.int64(1174), np.int64(461)), (np.int64(1581), np.int64(461)), (np.int64(1988), np.int64(461))]
2025-10-20 14:48:11 [TRACE] 【坐标太近】视为重复
2025-10-20 14:48:11 [TRACE] 【没有通过的坐标】开始下一轮
2025-10-20 14:48:11 [TRACE] 【本轮的坐标】：(np.int64(1990), np.int64(462)) ------------
2025-10-20 14:48:11 [TRACE] 【已点击过的坐标】：[(-10, -10), (np.int64(1174), np.int64(461)), (np.int64(1581), np.int64(461)), (np.int64(1988), np.int64(461))]
2025-10-20 14:48:11 [TRACE] 【坐标太近】视为重复
2025-10-20 14:48:11 [TRACE] 【没有通过的坐标】开始下一轮
2025-10-20 14:48:11 [TRACE] 【本轮的坐标】：(np.int64(1174), np.int64(463)) ------------
2025-10-20 14:48:11 [TRACE] 【已点击过的坐标】：[(-10, -10), (np.int64(1174), np.int64(461)), (np.int64(1581), np.int64(461)), (np.int64(1988), np.int64(461))]
2025-10-20 14:48:11 [TRACE] 【坐标太近】视为重复
2025-10-20 14:48:11 [TRACE] 【没有通过的坐标】开始下一轮
2025-10-20 14:48:11 [TRACE] 【本轮的坐标】：(np.int64(1581), np.int64(463)) ------------
2025-10-20 14:48:11 [TRACE] 【已点击过的坐标】：[(-10, -10), (np.int64(1174), np.int64(461)), (np.int64(1581), np.int64(461)), (np.int64(1988), np.int64(461))]
2025-10-20 14:48:11 [TRACE] 【坐标太近】视为重复
2025-10-20 14:48:11 [TRACE] 【没有通过的坐标】开始下一轮
2025-10-20 14:48:11 [TRACE] 【本轮的坐标】：(np.int64(1988), np.int64(463)) ------------
2025-10-20 14:48:11 [TRACE] 【已点击过的坐标】：[(-10, -10), (np.int64(1174), np.int64(461)), (np.int64(1581), np.int64(461)), (np.int64(1988), np.int64(461))]
2025-10-20 14:48:11 [TRACE] 【坐标太近】视为重复
2025-10-20 14:48:11 [TRACE] 【没有通过的坐标】开始下一轮
2025-10-20 14:48:11 [TRACE] 【完成所有点击】有效次数：3
2025-10-20 14:48:12 [TRACE] 【目标检测】目标存在，但置信度不足
2025-10-20 14:48:13 [TRACE] 【目标检测】目标存在，但置信度不足
2025-10-20 14:48:15 [TRACE] 【目标检测】目标存在，但置信度不足
2025-10-20 14:48:16 [TRACE] 【目标检测】目标存在，但置信度不足
2025-10-20 14:48:18 [TRACE] 【目标检测】屏幕内没有目标
2025-10-20 14:48:19 [TRACE] 【状态】搜索模式：C:\Users\gelon\Desktop\ZA-Lite\assets/images/hollow\next_area.png 置信度：0.9999995231628418
2025-10-20 14:48:22 [TRACE] 【状态】搜索模式：C:\Users\gelon\Desktop\ZA-Lite\assets/images/hollow\meter.png 置信度：0.9194781184196472
2025-10-20 14:48:26 [TRACE] 【目标检测】微调超时，无法对齐！
2025-10-20 14:48:29 [TRACE] 【目标检测】屏幕内没有目标
2025-10-20 14:48:29 [TRACE] 【状态】搜索模式：C:\Users\gelon\Desktop\ZA-Lite\assets/images/hollow\meter.png 置信度：0.9469638466835022
2025-10-20 14:48:38 [TRACE] 【目标检测】微调超时，无法对齐！
2025-10-20 14:48:39 [TRACE] 【空洞监听】无匹配已持续：0秒
2025-10-20 14:48:42 [TRACE] 【目标检测】屏幕内没有目标
2025-10-20 14:48:43 [TRACE] 【状态】搜索模式：C:\Users\gelon\Desktop\ZA-Lite\assets/images/hollow\meter.png 置信度：0.9758129119873047
2025-10-20 14:48:48 [TRACE] 【目标检测】TRAPPED！ 类型：guide_point 置信度：0.8891230821609497
2025-10-20 14:48:52 [TRACE] 【空洞监听】无匹配已持续：0秒
2025-10-20 14:48:55 [TRACE] 【目标检测】屏幕内没有目标
2025-10-20 14:48:59 [TRACE] 【空洞监听】无匹配已持续：6秒
2025-10-20 14:49:00 [TRACE] 【目标检测】TRAPPED！ 类型：red_portal 置信度：0.882391631603241
2025-10-20 14:49:05 [TRACE] 【空洞监听】无匹配已持续：13秒
2025-10-20 14:49:14 [TRACE] 【目标检测】微调超时，无法对齐！
2025-10-20 14:49:17 [TRACE] 【目标检测】屏幕内没有目标
2025-10-20 14:49:21 [TRACE] 【目标检测】目标存在，但置信度不足
2025-10-20 14:49:23 [TRACE] 【目标检测】屏幕内没有目标
2025-10-20 14:49:25 [TRACE] 【目标检测】屏幕内没有目标
2025-10-20 14:49:28 [TRACE] 【目标检测】微调超时，无法对齐！
2025-10-20 14:49:30 [TRACE] 【目标检测】目标存在，但置信度不足
2025-10-20 14:49:38 [TRACE] 【目标检测】微调超时，无法对齐！
2025-10-20 14:49:43 [TRACE] 【目标检测】目标存在，但置信度不足
2025-10-20 14:49:44 [TRACE] 【目标检测】目标存在，但置信度不足
2025-10-20 14:49:45 [TRACE] 【目标检测】目标存在，但置信度不足
2025-10-20 14:49:46 [TRACE] 【状态】搜索模式：C:\Users\gelon\Desktop\ZA-Lite\assets/images/hollow\resonium.png 置信度：0.9920591711997986
2025-10-20 14:49:46 [TRACE] 【目标出现】C:\Users\gelon\Desktop\ZA-Lite\assets/images/hollow\resonium.png 置信度：0.9920588731765747
2025-10-20 14:49:46 [TRACE] 【本轮的坐标】：(np.int64(1581), np.int64(461)) ------------
2025-10-20 14:49:46 [TRACE] 【已点击过的坐标】：[(-10, -10)]
2025-10-20 14:49:46 [TRACE] 【成功点击】
2025-10-20 14:49:47 [TRACE] 【目标检测】目标存在，但置信度不足
2025-10-20 14:49:47 [TRACE] 【本轮的坐标】：(np.int64(1582), np.int64(461)) ------------
2025-10-20 14:49:47 [TRACE] 【已点击过的坐标】：[(-10, -10), (np.int64(1581), np.int64(461))]
2025-10-20 14:49:47 [TRACE] 【坐标太近】视为重复
2025-10-20 14:49:47 [TRACE] 【没有通过的坐标】开始下一轮
2025-10-20 14:49:47 [TRACE] 【本轮的坐标】：(np.int64(1580), np.int64(462)) ------------
2025-10-20 14:49:47 [TRACE] 【已点击过的坐标】：[(-10, -10), (np.int64(1581), np.int64(461))]
2025-10-20 14:49:47 [TRACE] 【坐标太近】视为重复
2025-10-20 14:49:47 [TRACE] 【没有通过的坐标】开始下一轮
2025-10-20 14:49:47 [TRACE] 【本轮的坐标】：(np.int64(1581), np.int64(462)) ------------
2025-10-20 14:49:47 [TRACE] 【已点击过的坐标】：[(-10, -10), (np.int64(1581), np.int64(461))]
2025-10-20 14:49:47 [TRACE] 【坐标太近】视为重复
2025-10-20 14:49:47 [TRACE] 【没有通过的坐标】开始下一轮
2025-10-20 14:49:47 [TRACE] 【本轮的坐标】：(np.int64(1582), np.int64(462)) ------------
2025-10-20 14:49:47 [TRACE] 【已点击过的坐标】：[(-10, -10), (np.int64(1581), np.int64(461))]
2025-10-20 14:49:47 [TRACE] 【坐标太近】视为重复
2025-10-20 14:49:47 [TRACE] 【没有通过的坐标】开始下一轮
2025-10-20 14:49:47 [TRACE] 【本轮的坐标】：(np.int64(1581), np.int64(463)) ------------
2025-10-20 14:49:47 [TRACE] 【已点击过的坐标】：[(-10, -10), (np.int64(1581), np.int64(461))]
2025-10-20 14:49:47 [TRACE] 【坐标太近】视为重复
2025-10-20 14:49:47 [TRACE] 【没有通过的坐标】开始下一轮
2025-10-20 14:49:47 [TRACE] 【完成所有点击】有效次数：1
2025-10-20 14:49:48 [TRACE] 【目标检测】目标存在，但置信度不足
2025-10-20 14:49:49 [TRACE] 【目标检测】目标存在，但置信度不足
2025-10-20 14:49:50 [TRACE] 【目标检测】目标存在，但置信度不足
2025-10-20 14:49:52 [TRACE] 【目标检测】目标存在，但置信度不足
2025-10-20 14:49:54 [TRACE] 【目标检测】屏幕内没有目标
2025-10-20 14:49:58 [TRACE] 【状态】搜索模式：C:\Users\gelon\Desktop\ZA-Lite\assets/images/hollow\meter.png 置信度：0.923332154750824
2025-10-20 14:49:59 [TRACE] 【目标检测】微调超时，无法对齐！
2025-10-20 14:50:04 [TRACE] 【目标检测】TRAPPED！ 类型：guide_point 置信度：0.8743585348129272
2025-10-20 14:50:04 [TRACE] 【状态】搜索模式：C:\Users\gelon\Desktop\ZA-Lite\assets/images/hollow\meter.png 置信度：0.9063706994056702
2025-10-20 14:50:11 [TRACE] 【目标检测】屏幕内没有目标
2025-10-20 14:50:12 [TRACE] 【目标检测】目标存在，但置信度不足
2025-10-20 14:50:13 [TRACE] 【空洞监听】无匹配已持续：0秒
2025-10-20 14:50:13 [TRACE] 【目标检测】屏幕内没有目标
2025-10-20 14:50:15 [TRACE] 【目标检测】屏幕内没有目标
2025-10-20 14:50:16 [TRACE] 【目标检测】屏幕内没有目标
2025-10-20 14:50:18 [TRACE] 【目标检测】屏幕内没有目标
2025-10-20 14:50:21 [TRACE] 【目标检测】屏幕内没有目标
2025-10-20 14:50:22 [TRACE] 【目标检测】屏幕内没有目标
2025-10-20 14:50:24 [TRACE] 【目标检测】屏幕内没有目标
2025-10-20 14:50:25 [TRACE] 【目标检测】屏幕内没有目标
2025-10-20 14:50:27 [TRACE] 【目标检测】屏幕内没有目标
2025-10-20 14:50:27 [TRACE] 【空洞监听】无匹配已持续：0秒
2025-10-20 14:50:29 [TRACE] 【目标检测】目标存在，但置信度不足
2025-10-20 14:50:30 [TRACE] 【状态】战斗模式：C:\Users\gelon\Desktop\ZA-Lite\assets/images/hollow\battle_5.png 置信度：0.9487815499305725
2025-10-20 14:50:31 [TRACE] 【目标检测】屏幕内没有目标
2025-10-20 14:50:37 [TRACE] 【状态】搜索模式：C:\Users\gelon\Desktop\ZA-Lite\assets/images/hollow\meter.png 置信度：0.9472199082374573
2025-10-20 14:50:46 [TRACE] 【目标检测】微调超时，无法对齐！
2025-10-20 14:50:47 [TRACE] 【空洞监听】无匹配已持续：0秒
2025-10-20 14:50:50 [TRACE] 【目标检测】TRAPPED！ 类型：blue_portal 置信度：0.9202432632446289
2025-10-20 14:50:53 [TRACE] 【空洞监听】无匹配已持续：6秒
2025-10-20 14:50:57 [TRACE] 【目标检测】屏幕内没有目标
2025-10-20 14:50:59 [TRACE] 【目标检测】屏幕内没有目标
2025-10-20 14:50:59 [TRACE] 【空洞监听】无匹配已持续：12秒
2025-10-20 14:51:00 [TRACE] 【目标检测】屏幕内没有目标
2025-10-20 14:51:02 [TRACE] 【目标检测】屏幕内没有目标
2025-10-20 14:51:02 [TRACE] 【状态】战斗模式：C:\Users\gelon\Desktop\ZA-Lite\assets/images/hollow\battle_2.png 置信度：0.9999999403953552
2025-10-20 14:51:03 [TRACE] 【状态】战斗模式：C:\Users\gelon\Desktop\ZA-Lite\assets/images/hollow\battle_3.png 置信度：0.9999998211860657
2025-10-20 14:51:03 [TRACE] 【目标检测】屏幕内没有目标
2025-10-20 14:51:12 [TRACE] 【状态】战斗模式：正在受到攻击
2025-10-20 14:51:16 [TRACE] 【状态】战斗模式：C:\Users\gelon\Desktop\ZA-Lite\assets/images/hollow\battle_5.png 置信度：0.9750757217407227
2025-10-20 14:51:18 [TRACE] 【状态】战斗模式：正在受到攻击
2025-10-20 14:51:22 [TRACE] 【状态】战斗模式：C:\Users\gelon\Desktop\ZA-Lite\assets/images/hollow\battle_5.png 置信度：0.9871366024017334
2025-10-20 14:51:32 [TRACE] 【空洞监听】无匹配已持续：0秒
2025-10-20 14:51:36 [TRACE] 【状态】战斗模式：C:\Users\gelon\Desktop\ZA-Lite\assets/images/hollow\battle_5.png 置信度：0.9821829795837402
2025-10-20 14:51:43 [TRACE] 【状态】战斗模式：C:\Users\gelon\Desktop\ZA-Lite\assets/images/hollow\battle_5.png 置信度：0.9864075183868408
2025-10-20 14:51:52 [TRACE] 【空洞监听】无匹配已持续：0秒
2025-10-20 14:52:00 [TRACE] 【状态】搜索模式：C:\Users\gelon\Desktop\ZA-Lite\assets/images/hollow\next_area.png 置信度：0.9999993443489075
2025-10-20 14:52:04 [TRACE] 【目标检测】目标存在，但置信度不足
2025-10-20 14:52:09 [TRACE] 【目标检测】TRAPPED！ 类型：red_portal 置信度：0.9431419372558594
2025-10-20 14:52:13 [TRACE] 【空洞监听】无匹配已持续：0秒
2025-10-20 14:52:16 [TRACE] 【目标检测】屏幕内没有目标
2025-10-20 14:52:18 [TRACE] 【目标检测】屏幕内没有目标
2025-10-20 14:52:19 [TRACE] 【空洞监听】无匹配已持续：6秒
2025-10-20 14:52:19 [TRACE] 【目标检测】屏幕内没有目标
2025-10-20 14:52:21 [TRACE] 【目标检测】屏幕内没有目标
2025-10-20 14:52:22 [TRACE] 【目标检测】屏幕内没有目标
2025-10-20 14:52:25 [TRACE] 【目标检测】屏幕内没有目标
2025-10-20 14:52:26 [TRACE] 【空洞监听】无匹配已持续：13秒
2025-10-20 14:52:27 [TRACE] 【目标检测】屏幕内没有目标
2025-10-20 14:52:28 [TRACE] 【目标检测】屏幕内没有目标
2025-10-20 14:52:30 [TRACE] 【目标检测】屏幕内没有目标
2025-10-20 14:52:31 [TRACE] 【目标检测】屏幕内没有目标
2025-10-20 14:52:33 [TRACE] 【状态】战斗模式：正在受到攻击
2025-10-20 14:52:34 [TRACE] 【目标检测】目标存在，但置信度不足
2025-10-20 14:52:39 [TRACE] 【状态】战斗模式：正在受到攻击
2025-10-20 14:52:45 [TRACE] 【状态】战斗模式：正在受到攻击
2025-10-20 14:52:52 [TRACE] 【空洞监听】无匹配已持续：0秒
2025-10-20 14:52:58 [TRACE] 【状态】战斗模式：正在受到攻击
2025-10-20 14:53:02 [TRACE] 【状态】战斗模式：C:\Users\gelon\Desktop\ZA-Lite\assets/images/hollow\battle_5.png 置信度：0.95231693983078
2025-10-20 14:53:04 [TRACE] 【状态】战斗模式：正在受到攻击
2025-10-20 14:53:08 [TRACE] 【状态】战斗模式：C:\Users\gelon\Desktop\ZA-Lite\assets/images/hollow\battle_5.png 置信度：0.9745667576789856
2025-10-20 14:53:11 [TRACE] 【状态】战斗模式：正在受到攻击
2025-10-20 14:53:15 [TRACE] 【状态】战斗模式：C:\Users\gelon\Desktop\ZA-Lite\assets/images/hollow\battle_5.png 置信度：0.980492115020752
2025-10-20 14:53:25 [TRACE] 【空洞监听】无匹配已持续：0秒
2025-10-20 14:53:31 [TRACE] 【空洞监听】无匹配已持续：6秒
2025-10-20 14:53:38 [TRACE] 【空洞监听】无匹配已持续：13秒
2025-10-20 14:53:42 [TRACE] 【状态】战斗模式：C:\Users\gelon\Desktop\ZA-Lite\assets/images/hollow\battle_5.png 置信度：0.9394797086715698
2025-10-20 14:53:48 [TRACE] 【状态】战斗模式：C:\Users\gelon\Desktop\ZA-Lite\assets/images/hollow\battle_5.png 置信度：0.9773393869400024
2025-10-20 14:53:55 [TRACE] 【状态】战斗模式：C:\Users\gelon\Desktop\ZA-Lite\assets/images/hollow\battle_5.png 置信度：0.9744192361831665
2025-10-20 14:53:58 [TRACE] 【状态】战斗模式：正在受到攻击
2025-10-20 14:54:04 [TRACE] 【状态】战斗模式：正在受到攻击
2025-10-20 14:54:08 [TRACE] 【状态】战斗模式：C:\Users\gelon\Desktop\ZA-Lite\assets/images/hollow\battle_5.png 置信度：0.9829934239387512
2025-10-20 14:54:15 [TRACE] 【状态】战斗模式：C:\Users\gelon\Desktop\ZA-Lite\assets/images/hollow\battle_5.png 置信度：0.9651154279708862
2025-10-20 14:54:18 [TRACE] 【状态】战斗模式：正在受到攻击
2025-10-20 14:54:25 [TRACE] 【状态】战斗模式：正在受到攻击
2025-10-20 14:54:31 [TRACE] 【空洞监听】无匹配已持续：0秒
2025-10-20 14:54:37 [TRACE] 【状态】战斗模式：正在受到攻击
2025-10-20 14:54:46 [TRACE] 【状态】搜索模式：C:\Users\gelon\Desktop\ZA-Lite\assets/images/hollow\gear.png 置信度：0.9999998211860657
2025-10-20 14:54:46 [TRACE] 【目标检测】屏幕内没有目标
2025-10-20 14:54:48 [TRACE] 【目标检测】屏幕内没有目标
2025-10-20 14:54:49 [TRACE] 【目标检测】屏幕内没有目标
2025-10-20 14:54:50 [TRACE] 【目标检测】屏幕内没有目标
2025-10-20 14:54:52 [TRACE] 【目标检测】屏幕内没有目标
2025-10-20 14:54:52 [TRACE] 【状态】搜索模式：C:\Users\gelon\Desktop\ZA-Lite\assets/images/hollow\resonium.png 置信度：0.9999996423721313
2025-10-20 14:54:52 [TRACE] 【目标出现】C:\Users\gelon\Desktop\ZA-Lite\assets/images/hollow\resonium.png 置信度：0.9999998807907104
2025-10-20 14:54:52 [TRACE] 【本轮的坐标】：(np.int64(1174), np.int64(461)) ------------
2025-10-20 14:54:52 [TRACE] 【已点击过的坐标】：[(-10, -10)]
2025-10-20 14:54:52 [TRACE] 【成功点击】
2025-10-20 14:54:53 [TRACE] 【本轮的坐标】：(np.int64(1581), np.int64(461)) ------------
2025-10-20 14:54:53 [TRACE] 【已点击过的坐标】：[(-10, -10), (np.int64(1174), np.int64(461))]
2025-10-20 14:54:53 [TRACE] 【成功点击】
2025-10-20 14:54:54 [TRACE] 【本轮的坐标】：(np.int64(1582), np.int64(461)) ------------
2025-10-20 14:54:54 [TRACE] 【已点击过的坐标】：[(-10, -10), (np.int64(1174), np.int64(461)), (np.int64(1581), np.int64(461))]
2025-10-20 14:54:54 [TRACE] 【坐标太近】视为重复
2025-10-20 14:54:54 [TRACE] 【没有通过的坐标】开始下一轮
2025-10-20 14:54:54 [TRACE] 【本轮的坐标】：(np.int64(1988), np.int64(461)) ------------
2025-10-20 14:54:54 [TRACE] 【已点击过的坐标】：[(-10, -10), (np.int64(1174), np.int64(461)), (np.int64(1581), np.int64(461))]
2025-10-20 14:54:54 [TRACE] 【成功点击】
2025-10-20 14:54:54 [TRACE] 【目标检测】目标存在，但置信度不足
2025-10-20 14:54:54 [TRACE] 【本轮的坐标】：(np.int64(1989), np.int64(461)) ------------
2025-10-20 14:54:54 [TRACE] 【已点击过的坐标】：[(-10, -10), (np.int64(1174), np.int64(461)), (np.int64(1581), np.int64(461)), (np.int64(1988), np.int64(461))]
2025-10-20 14:54:54 [TRACE] 【坐标太近】视为重复
2025-10-20 14:54:54 [TRACE] 【没有通过的坐标】开始下一轮
2025-10-20 14:54:54 [TRACE] 【本轮的坐标】：(np.int64(1173), np.int64(462)) ------------
2025-10-20 14:54:54 [TRACE] 【已点击过的坐标】：[(-10, -10), (np.int64(1174), np.int64(461)), (np.int64(1581), np.int64(461)), (np.int64(1988), np.int64(461))]
2025-10-20 14:54:54 [TRACE] 【坐标太近】视为重复
2025-10-20 14:54:54 [TRACE] 【没有通过的坐标】开始下一轮
2025-10-20 14:54:54 [TRACE] 【本轮的坐标】：(np.int64(1174), np.int64(462)) ------------
2025-10-20 14:54:54 [TRACE] 【已点击过的坐标】：[(-10, -10), (np.int64(1174), np.int64(461)), (np.int64(1581), np.int64(461)), (np.int64(1988), np.int64(461))]
2025-10-20 14:54:54 [TRACE] 【坐标太近】视为重复
2025-10-20 14:54:54 [TRACE] 【没有通过的坐标】开始下一轮
2025-10-20 14:54:54 [TRACE] 【本轮的坐标】：(np.int64(1175), np.int64(462)) ------------
2025-10-20 14:54:54 [TRACE] 【已点击过的坐标】：[(-10, -10), (np.int64(1174), np.int64(461)), (np.int64(1581), np.int64(461)), (np.int64(1988), np.int64(461))]
2025-10-20 14:54:54 [TRACE] 【坐标太近】视为重复
2025-10-20 14:54:54 [TRACE] 【没有通过的坐标】开始下一轮
2025-10-20 14:54:54 [TRACE] 【本轮的坐标】：(np.int64(1580), np.int64(462)) ------------
2025-10-20 14:54:54 [TRACE] 【已点击过的坐标】：[(-10, -10), (np.int64(1174), np.int64(461)), (np.int64(1581), np.int64(461)), (np.int64(1988), np.int64(461))]
2025-10-20 14:54:54 [TRACE] 【坐标太近】视为重复
2025-10-20 14:54:54 [TRACE] 【没有通过的坐标】开始下一轮
2025-10-20 14:54:54 [TRACE] 【本轮的坐标】：(np.int64(1581), np.int64(462)) ------------
2025-10-20 14:54:54 [TRACE] 【已点击过的坐标】：[(-10, -10), (np.int64(1174), np.int64(461)), (np.int64(1581), np.int64(461)), (np.int64(1988), np.int64(461))]
2025-10-20 14:54:54 [TRACE] 【坐标太近】视为重复
2025-10-20 14:54:54 [TRACE] 【没有通过的坐标】开始下一轮
2025-10-20 14:54:54 [TRACE] 【本轮的坐标】：(np.int64(1582), np.int64(462)) ------------
2025-10-20 14:54:54 [TRACE] 【已点击过的坐标】：[(-10, -10), (np.int64(1174), np.int64(461)), (np.int64(1581), np.int64(461)), (np.int64(1988), np.int64(461))]
2025-10-20 14:54:54 [TRACE] 【坐标太近】视为重复
2025-10-20 14:54:54 [TRACE] 【没有通过的坐标】开始下一轮
2025-10-20 14:54:54 [TRACE] 【本轮的坐标】：(np.int64(1987), np.int64(462)) ------------
2025-10-20 14:54:54 [TRACE] 【已点击过的坐标】：[(-10, -10), (np.int64(1174), np.int64(461)), (np.int64(1581), np.int64(461)), (np.int64(1988), np.int64(461))]
2025-10-20 14:54:54 [TRACE] 【坐标太近】视为重复
2025-10-20 14:54:54 [TRACE] 【没有通过的坐标】开始下一轮
2025-10-20 14:54:54 [TRACE] 【本轮的坐标】：(np.int64(1988), np.int64(462)) ------------
2025-10-20 14:54:54 [TRACE] 【已点击过的坐标】：[(-10, -10), (np.int64(1174), np.int64(461)), (np.int64(1581), np.int64(461)), (np.int64(1988), np.int64(461))]
2025-10-20 14:54:54 [TRACE] 【坐标太近】视为重复
2025-10-20 14:54:54 [TRACE] 【没有通过的坐标】开始下一轮
2025-10-20 14:54:54 [TRACE] 【本轮的坐标】：(np.int64(1989), np.int64(462)) ------------
2025-10-20 14:54:54 [TRACE] 【已点击过的坐标】：[(-10, -10), (np.int64(1174), np.int64(461)), (np.int64(1581), np.int64(461)), (np.int64(1988), np.int64(461))]
2025-10-20 14:54:54 [TRACE] 【坐标太近】视为重复
2025-10-20 14:54:54 [TRACE] 【没有通过的坐标】开始下一轮
2025-10-20 14:54:54 [TRACE] 【本轮的坐标】：(np.int64(1990), np.int64(462)) ------------
2025-10-20 14:54:54 [TRACE] 【已点击过的坐标】：[(-10, -10), (np.int64(1174), np.int64(461)), (np.int64(1581), np.int64(461)), (np.int64(1988), np.int64(461))]
2025-10-20 14:54:54 [TRACE] 【坐标太近】视为重复
2025-10-20 14:54:54 [TRACE] 【没有通过的坐标】开始下一轮
2025-10-20 14:54:54 [TRACE] 【本轮的坐标】：(np.int64(1174), np.int64(463)) ------------
2025-10-20 14:54:54 [TRACE] 【已点击过的坐标】：[(-10, -10), (np.int64(1174), np.int64(461)), (np.int64(1581), np.int64(461)), (np.int64(1988), np.int64(461))]
2025-10-20 14:54:54 [TRACE] 【坐标太近】视为重复
2025-10-20 14:54:54 [TRACE] 【没有通过的坐标】开始下一轮
2025-10-20 14:54:54 [TRACE] 【本轮的坐标】：(np.int64(1581), np.int64(463)) ------------
2025-10-20 14:54:54 [TRACE] 【已点击过的坐标】：[(-10, -10), (np.int64(1174), np.int64(461)), (np.int64(1581), np.int64(461)), (np.int64(1988), np.int64(461))]
2025-10-20 14:54:54 [TRACE] 【坐标太近】视为重复
2025-10-20 14:54:54 [TRACE] 【没有通过的坐标】开始下一轮
2025-10-20 14:54:54 [TRACE] 【本轮的坐标】：(np.int64(1988), np.int64(463)) ------------
2025-10-20 14:54:54 [TRACE] 【已点击过的坐标】：[(-10, -10), (np.int64(1174), np.int64(461)), (np.int64(1581), np.int64(461)), (np.int64(1988), np.int64(461))]
2025-10-20 14:54:54 [TRACE] 【坐标太近】视为重复
2025-10-20 14:54:54 [TRACE] 【没有通过的坐标】开始下一轮
2025-10-20 14:54:54 [TRACE] 【完成所有点击】有效次数：3
2025-10-20 14:54:55 [TRACE] 【目标检测】屏幕内没有目标
2025-10-20 14:54:57 [TRACE] 【目标检测】屏幕内没有目标
2025-10-20 14:54:58 [TRACE] 【目标检测】目标存在，但置信度不足
2025-10-20 14:54:59 [TRACE] 【目标检测】目标存在，但置信度不足
2025-10-20 14:55:03 [TRACE] 【目标检测】屏幕内没有目标
2025-10-20 14:55:04 [TRACE] 【目标检测】目标存在，但置信度不足
2025-10-20 14:55:06 [TRACE] 【目标检测】目标存在，但置信度不足
2025-10-20 14:55:07 [TRACE] 【目标检测】屏幕内没有目标
2025-10-20 14:55:07 [TRACE] 【空洞监听】无匹配已持续：0秒
2025-10-20 14:55:08 [TRACE] 【目标检测】屏幕内没有目标
2025-10-20 14:55:09 [TRACE] 【状态】搜索模式：C:\Users\gelon\Desktop\ZA-Lite\assets/images/hollow\battle_end_boss.png 置信度：0.9999357461929321
2025-10-20 14:55:12 [TRACE] 【目标检测】屏幕内没有目标
2025-10-20 14:55:14 [TRACE] 【目标检测】屏幕内没有目标
2025-10-20 14:55:15 [TRACE] 【目标检测】屏幕内没有目标
2025-10-20 14:55:17 [TRACE] 【目标检测】屏幕内没有目标
2025-10-20 14:55:18 [TRACE] 【目标检测】屏幕内没有目标
2025-10-20 14:55:21 [TRACE] 【空洞监听】无匹配已持续：0秒
2025-10-20 14:55:23 [TRACE] 【目标检测】TRAPPED！ 类型：interact 置信度：0.9134761691093445
2025-10-20 14:55:27 [TRACE] 【空洞监听】无匹配已持续：6秒
2025-10-20 14:55:29 [TRACE] 【目标检测】屏幕内没有目标
2025-10-20 14:55:31 [TRACE] 【目标检测】屏幕内没有目标
2025-10-20 14:55:32 [TRACE] 【目标检测】屏幕内没有目标
2025-10-20 14:55:33 [TRACE] 【目标检测】屏幕内没有目标
2025-10-20 14:55:35 [TRACE] 【目标检测】屏幕内没有目标
2025-10-20 14:55:38 [TRACE] 【目标检测】TRAPPED！ 类型：interact 置信度：0.9345235824584961
2025-10-20 14:55:43 [TRACE] 【目标检测】TRAPPED！ 类型：interact 置信度：0.9109193682670593
2025-10-20 14:55:48 [TRACE] 【空洞监听】无匹配已持续：0秒
2025-10-20 14:55:50 [TRACE] 【目标检测】TRAPPED！ 类型：interact 置信度：0.9144375324249268
2025-10-20 14:55:54 [TRACE] 【空洞监听】无匹配已持续：6秒
2025-10-20 14:55:54 [TRACE] 【目标检测】TRAPPED！ 类型：interact 置信度：0.9317261576652527
2025-10-20 14:56:00 [TRACE] 【空洞监听】无匹配已持续：12秒
2025-10-20 14:56:01 [TRACE] 【目标检测】TRAPPED！ 类型：interact 置信度：0.9276592135429382
2025-10-20 14:56:07 [TRACE] 【空洞监听】无匹配已持续：18秒
2025-10-20 14:56:08 [TRACE] 【目标检测】TRAPPED！ 类型：interact 置信度：0.9210101962089539
2025-10-20 14:56:14 [TRACE] 【状态】搜索模式：C:\Users\gelon\Desktop\ZA-Lite\assets/images/hollow\gear.png 置信度：0.999715268611908
2025-10-20 14:56:15 [TRACE] 【目标检测】屏幕内没有目标
2025-10-20 14:56:16 [TRACE] 【目标检测】屏幕内没有目标
2025-10-20 14:56:18 [TRACE] 【目标检测】屏幕内没有目标
2025-10-20 14:56:19 [TRACE] 【目标检测】屏幕内没有目标
2025-10-20 14:56:21 [TRACE] 【状态】搜索模式：C:\Users\gelon\Desktop\ZA-Lite\assets/images/hollow\next_area.png 置信度：0.9999993443489075
2025-10-20 14:56:22 [TRACE] 【目标检测】TRAPPED！ 类型：blue_portal 置信度：0.9080780744552612
2025-10-20 14:56:27 [TRACE] 【目标检测】TRAPPED！ 类型：blue_portal 置信度：0.9432660937309265
2025-10-20 14:56:33 [TRACE] 【空洞监听】无匹配已持续：0秒
2025-10-20 14:56:34 [TRACE] 【目标检测】TRAPPED！ 类型：blue_portal 置信度：0.9597552418708801
2025-10-20 14:56:40 [TRACE] 【目标检测】TRAPPED！ 类型：blue_portal 置信度：0.9196450114250183
2025-10-20 14:56:40 [TRACE] 【空洞监听】无匹配已持续：7秒
2025-10-20 14:56:44 [TRACE] 【状态】搜索模式：C:\Users\gelon\Desktop\ZA-Lite\assets/images/hollow\meter.png 置信度：0.9502397775650024
2025-10-20 14:56:49 [TRACE] 【目标检测】TRAPPED！ 类型：blue_portal 置信度：0.9586647748947144
2025-10-20 14:56:54 [TRACE] 【空洞监听】无匹配已持续：0秒
2025-10-20 14:56:55 [TRACE] 【目标检测】TRAPPED！ 类型：blue_portal 置信度：0.9328422546386719
2025-10-20 14:57:00 [TRACE] 【空洞监听】无匹配已持续：6秒
2025-10-20 14:57:03 [TRACE] 【目标检测】TRAPPED！ 类型：blue_portal 置信度：0.9682050347328186
2025-10-20 14:57:06 [TRACE] 【空洞监听】无匹配已持续：12秒
2025-10-20 14:57:09 [TRACE] 【目标检测】TRAPPED！ 类型：blue_portal 置信度：0.9483814239501953
2025-10-20 14:57:10 [TRACE] 【状态】搜索模式：C:\Users\gelon\Desktop\ZA-Lite\assets/images/hollow\meter.png 置信度：0.9228581786155701
2025-10-20 14:57:17 [TRACE] 【状态】搜索模式：C:\Users\gelon\Desktop\ZA-Lite\assets/images/hollow\meter.png 置信度：0.9033257961273193
2025-10-20 14:57:17 [TRACE] 【目标检测】TRAPPED！ 类型：blue_portal 置信度：0.962546706199646
2025-10-20 14:57:23 [TRACE] 【目标检测】TRAPPED！ 类型：blue_portal 置信度：0.93843013048172
2025-10-20 14:57:23 [TRACE] 【状态】搜索模式：C:\Users\gelon\Desktop\ZA-Lite\assets/images/hollow\meter.png 置信度：0.9777934551239014
2025-10-20 14:57:30 [TRACE] 【状态】搜索模式：C:\Users\gelon\Desktop\ZA-Lite\assets/images/hollow\meter.png 置信度：0.954432487487793
2025-10-20 14:57:31 [TRACE] 【目标检测】TRAPPED！ 类型：blue_portal 置信度：0.9469432830810547
2025-10-20 14:57:37 [TRACE] 【目标检测】TRAPPED！ 类型：blue_portal 置信度：0.9676898121833801
2025-10-20 14:57:39 [TRACE] 【空洞监听】无匹配已持续：0秒
2025-10-20 14:57:44 [TRACE] 【目标检测】屏幕内没有目标
2025-10-20 14:57:45 [TRACE] 【目标检测】屏幕内没有目标
2025-10-20 14:57:45 [TRACE] 【空洞监听】无匹配已持续：5秒
2025-10-20 14:57:48 [TRACE] 【目标检测】TRAPPED！ 类型：interact 置信度：0.8544530272483826
2025-10-20 14:57:52 [TRACE] 【空洞监听】无匹配已持续：12秒
2025-10-20 14:57:55 [TRACE] 【目标检测】TRAPPED！ 类型：interact 置信度：0.9236098527908325
2025-10-20 14:57:58 [TRACE] 【空洞监听】无匹配已持续：18秒
2025-10-20 14:57:58 [TRACE] 【状态】搜索模式：C:\Users\gelon\Desktop\ZA-Lite\assets/images/hollow\resonium.png 置信度：0.9999998807907104
2025-10-20 14:57:58 [TRACE] 【目标出现】C:\Users\gelon\Desktop\ZA-Lite\assets/images/hollow\resonium.png 置信度：0.9999998807907104
2025-10-20 14:57:58 [TRACE] 【本轮的坐标】：(np.int64(1699), np.int64(441)) ------------
2025-10-20 14:57:58 [TRACE] 【已点击过的坐标】：[(-10, -10)]
2025-10-20 14:57:58 [TRACE] 【成功点击】
2025-10-20 14:57:59 [TRACE] 【本轮的坐标】：(np.int64(2088), np.int64(441)) ------------
2025-10-20 14:57:59 [TRACE] 【已点击过的坐标】：[(-10, -10), (np.int64(1699), np.int64(441))]
2025-10-20 14:57:59 [TRACE] 【成功点击】
2025-10-20 14:58:00 [TRACE] 【本轮的坐标】：(np.int64(2089), np.int64(441)) ------------
2025-10-20 14:58:00 [TRACE] 【已点击过的坐标】：[(-10, -10), (np.int64(1699), np.int64(441)), (np.int64(2088), np.int64(441))]
2025-10-20 14:58:00 [TRACE] 【坐标太近】视为重复
2025-10-20 14:58:00 [TRACE] 【没有通过的坐标】开始下一轮
2025-10-20 14:58:00 [TRACE] 【本轮的坐标】：(np.int64(2478), np.int64(441)) ------------
2025-10-20 14:58:00 [TRACE] 【已点击过的坐标】：[(-10, -10), (np.int64(1699), np.int64(441)), (np.int64(2088), np.int64(441))]
2025-10-20 14:58:00 [TRACE] 【成功点击】
2025-10-20 14:58:00 [TRACE] 【本轮的坐标】：(np.int64(1698), np.int64(442)) ------------
2025-10-20 14:58:00 [TRACE] 【已点击过的坐标】：[(-10, -10), (np.int64(1699), np.int64(441)), (np.int64(2088), np.int64(441)), (np.int64(2478), np.int64(441))]
2025-10-20 14:58:00 [TRACE] 【坐标太近】视为重复
2025-10-20 14:58:00 [TRACE] 【没有通过的坐标】开始下一轮
2025-10-20 14:58:00 [TRACE] 【本轮的坐标】：(np.int64(1699), np.int64(442)) ------------
2025-10-20 14:58:00 [TRACE] 【已点击过的坐标】：[(-10, -10), (np.int64(1699), np.int64(441)), (np.int64(2088), np.int64(441)), (np.int64(2478), np.int64(441))]
2025-10-20 14:58:00 [TRACE] 【坐标太近】视为重复
2025-10-20 14:58:00 [TRACE] 【没有通过的坐标】开始下一轮
2025-10-20 14:58:00 [TRACE] 【本轮的坐标】：(np.int64(1700), np.int64(442)) ------------
2025-10-20 14:58:00 [TRACE] 【已点击过的坐标】：[(-10, -10), (np.int64(1699), np.int64(441)), (np.int64(2088), np.int64(441)), (np.int64(2478), np.int64(441))]
2025-10-20 14:58:00 [TRACE] 【坐标太近】视为重复
2025-10-20 14:58:00 [TRACE] 【没有通过的坐标】开始下一轮
2025-10-20 14:58:00 [TRACE] 【本轮的坐标】：(np.int64(2087), np.int64(442)) ------------
2025-10-20 14:58:00 [TRACE] 【已点击过的坐标】：[(-10, -10), (np.int64(1699), np.int64(441)), (np.int64(2088), np.int64(441)), (np.int64(2478), np.int64(441))]
2025-10-20 14:58:00 [TRACE] 【坐标太近】视为重复
2025-10-20 14:58:00 [TRACE] 【没有通过的坐标】开始下一轮
2025-10-20 14:58:00 [TRACE] 【本轮的坐标】：(np.int64(2088), np.int64(442)) ------------
2025-10-20 14:58:00 [TRACE] 【已点击过的坐标】：[(-10, -10), (np.int64(1699), np.int64(441)), (np.int64(2088), np.int64(441)), (np.int64(2478), np.int64(441))]
2025-10-20 14:58:00 [TRACE] 【坐标太近】视为重复
2025-10-20 14:58:00 [TRACE] 【没有通过的坐标】开始下一轮
2025-10-20 14:58:00 [TRACE] 【本轮的坐标】：(np.int64(2089), np.int64(442)) ------------
2025-10-20 14:58:00 [TRACE] 【已点击过的坐标】：[(-10, -10), (np.int64(1699), np.int64(441)), (np.int64(2088), np.int64(441)), (np.int64(2478), np.int64(441))]
2025-10-20 14:58:00 [TRACE] 【坐标太近】视为重复
2025-10-20 14:58:00 [TRACE] 【没有通过的坐标】开始下一轮
2025-10-20 14:58:00 [TRACE] 【本轮的坐标】：(np.int64(2090), np.int64(442)) ------------
2025-10-20 14:58:00 [TRACE] 【已点击过的坐标】：[(-10, -10), (np.int64(1699), np.int64(441)), (np.int64(2088), np.int64(441)), (np.int64(2478), np.int64(441))]
2025-10-20 14:58:00 [TRACE] 【坐标太近】视为重复
2025-10-20 14:58:00 [TRACE] 【没有通过的坐标】开始下一轮
2025-10-20 14:58:00 [TRACE] 【本轮的坐标】：(np.int64(2477), np.int64(442)) ------------
2025-10-20 14:58:00 [TRACE] 【已点击过的坐标】：[(-10, -10), (np.int64(1699), np.int64(441)), (np.int64(2088), np.int64(441)), (np.int64(2478), np.int64(441))]
2025-10-20 14:58:01 [TRACE] 【坐标太近】视为重复
2025-10-20 14:58:01 [TRACE] 【没有通过的坐标】开始下一轮
2025-10-20 14:58:01 [TRACE] 【本轮的坐标】：(np.int64(2478), np.int64(442)) ------------
2025-10-20 14:58:01 [TRACE] 【已点击过的坐标】：[(-10, -10), (np.int64(1699), np.int64(441)), (np.int64(2088), np.int64(441)), (np.int64(2478), np.int64(441))]
2025-10-20 14:58:01 [TRACE] 【坐标太近】视为重复
2025-10-20 14:58:01 [TRACE] 【没有通过的坐标】开始下一轮
2025-10-20 14:58:01 [TRACE] 【本轮的坐标】：(np.int64(2479), np.int64(442)) ------------
2025-10-20 14:58:01 [TRACE] 【已点击过的坐标】：[(-10, -10), (np.int64(1699), np.int64(441)), (np.int64(2088), np.int64(441)), (np.int64(2478), np.int64(441))]
2025-10-20 14:58:01 [TRACE] 【坐标太近】视为重复
2025-10-20 14:58:01 [TRACE] 【没有通过的坐标】开始下一轮
2025-10-20 14:58:01 [TRACE] 【本轮的坐标】：(np.int64(1698), np.int64(443)) ------------
2025-10-20 14:58:01 [TRACE] 【已点击过的坐标】：[(-10, -10), (np.int64(1699), np.int64(441)), (np.int64(2088), np.int64(441)), (np.int64(2478), np.int64(441))]
2025-10-20 14:58:01 [TRACE] 【坐标太近】视为重复
2025-10-20 14:58:01 [TRACE] 【没有通过的坐标】开始下一轮
2025-10-20 14:58:01 [TRACE] 【本轮的坐标】：(np.int64(1699), np.int64(443)) ------------
2025-10-20 14:58:01 [TRACE] 【已点击过的坐标】：[(-10, -10), (np.int64(1699), np.int64(441)), (np.int64(2088), np.int64(441)), (np.int64(2478), np.int64(441))]
2025-10-20 14:58:01 [TRACE] 【坐标太近】视为重复
2025-10-20 14:58:01 [TRACE] 【没有通过的坐标】开始下一轮
2025-10-20 14:58:01 [TRACE] 【本轮的坐标】：(np.int64(2088), np.int64(443)) ------------
2025-10-20 14:58:01 [TRACE] 【已点击过的坐标】：[(-10, -10), (np.int64(1699), np.int64(441)), (np.int64(2088), np.int64(441)), (np.int64(2478), np.int64(441))]
2025-10-20 14:58:01 [TRACE] 【坐标太近】视为重复
2025-10-20 14:58:01 [TRACE] 【没有通过的坐标】开始下一轮
2025-10-20 14:58:01 [TRACE] 【本轮的坐标】：(np.int64(2478), np.int64(443)) ------------
2025-10-20 14:58:01 [TRACE] 【已点击过的坐标】：[(-10, -10), (np.int64(1699), np.int64(441)), (np.int64(2088), np.int64(441)), (np.int64(2478), np.int64(441))]
2025-10-20 14:58:01 [TRACE] 【坐标太近】视为重复
2025-10-20 14:58:01 [TRACE] 【没有通过的坐标】开始下一轮
2025-10-20 14:58:01 [TRACE] 【完成所有点击】有效次数：3
2025-10-20 14:58:01 [TRACE] 【状态】搜索模式：C:\Users\gelon\Desktop\ZA-Lite\assets/images/hollow\card.png 置信度：0.986535906791687
2025-10-20 14:58:02 [TRACE] 【目标检测】屏幕内没有目标
2025-10-20 14:58:03 [TRACE] 【目标检测】屏幕内没有目标
2025-10-20 14:58:04 [TRACE] 【目标检测】屏幕内没有目标
2025-10-20 14:58:06 [TRACE] 【目标检测】屏幕内没有目标
2025-10-20 14:58:07 [TRACE] 【目标检测】屏幕内没有目标
2025-10-20 14:58:07 [TRACE] 【状态】搜索模式：C:\Users\gelon\Desktop\ZA-Lite\assets/images/hollow\resonium.png 置信度：0.9999998807907104
2025-10-20 14:58:07 [TRACE] 【目标出现】C:\Users\gelon\Desktop\ZA-Lite\assets/images/hollow\resonium.png 置信度：0.9999998807907104
2025-10-20 14:58:07 [TRACE] 【本轮的坐标】：(np.int64(1699), np.int64(441)) ------------
2025-10-20 14:58:07 [TRACE] 【已点击过的坐标】：[(-10, -10)]
2025-10-20 14:58:07 [TRACE] 【成功点击】
2025-10-20 14:58:08 [TRACE] 【本轮的坐标】：(np.int64(2088), np.int64(441)) ------------
2025-10-20 14:58:08 [TRACE] 【已点击过的坐标】：[(-10, -10), (np.int64(1699), np.int64(441))]
2025-10-20 14:58:08 [TRACE] 【成功点击】
2025-10-20 14:58:09 [TRACE] 【本轮的坐标】：(np.int64(2089), np.int64(441)) ------------
2025-10-20 14:58:09 [TRACE] 【已点击过的坐标】：[(-10, -10), (np.int64(1699), np.int64(441)), (np.int64(2088), np.int64(441))]
2025-10-20 14:58:09 [TRACE] 【坐标太近】视为重复
2025-10-20 14:58:09 [TRACE] 【没有通过的坐标】开始下一轮
2025-10-20 14:58:09 [TRACE] 【本轮的坐标】：(np.int64(2478), np.int64(441)) ------------
2025-10-20 14:58:09 [TRACE] 【已点击过的坐标】：[(-10, -10), (np.int64(1699), np.int64(441)), (np.int64(2088), np.int64(441))]
2025-10-20 14:58:09 [TRACE] 【成功点击】
2025-10-20 14:58:09 [TRACE] 【目标检测】屏幕内没有目标
2025-10-20 14:58:10 [TRACE] 【本轮的坐标】：(np.int64(1698), np.int64(442)) ------------
2025-10-20 14:58:10 [TRACE] 【已点击过的坐标】：[(-10, -10), (np.int64(1699), np.int64(441)), (np.int64(2088), np.int64(441)), (np.int64(2478), np.int64(441))]
2025-10-20 14:58:10 [TRACE] 【坐标太近】视为重复
2025-10-20 14:58:10 [TRACE] 【没有通过的坐标】开始下一轮
2025-10-20 14:58:10 [TRACE] 【本轮的坐标】：(np.int64(1699), np.int64(442)) ------------
2025-10-20 14:58:10 [TRACE] 【已点击过的坐标】：[(-10, -10), (np.int64(1699), np.int64(441)), (np.int64(2088), np.int64(441)), (np.int64(2478), np.int64(441))]
2025-10-20 14:58:10 [TRACE] 【坐标太近】视为重复
2025-10-20 14:58:10 [TRACE] 【没有通过的坐标】开始下一轮
2025-10-20 14:58:10 [TRACE] 【本轮的坐标】：(np.int64(1700), np.int64(442)) ------------
2025-10-20 14:58:10 [TRACE] 【已点击过的坐标】：[(-10, -10), (np.int64(1699), np.int64(441)), (np.int64(2088), np.int64(441)), (np.int64(2478), np.int64(441))]
2025-10-20 14:58:10 [TRACE] 【坐标太近】视为重复
2025-10-20 14:58:10 [TRACE] 【没有通过的坐标】开始下一轮
2025-10-20 14:58:10 [TRACE] 【本轮的坐标】：(np.int64(2087), np.int64(442)) ------------
2025-10-20 14:58:10 [TRACE] 【已点击过的坐标】：[(-10, -10), (np.int64(1699), np.int64(441)), (np.int64(2088), np.int64(441)), (np.int64(2478), np.int64(441))]
2025-10-20 14:58:10 [TRACE] 【坐标太近】视为重复
2025-10-20 14:58:10 [TRACE] 【没有通过的坐标】开始下一轮
2025-10-20 14:58:10 [TRACE] 【本轮的坐标】：(np.int64(2088), np.int64(442)) ------------
2025-10-20 14:58:10 [TRACE] 【已点击过的坐标】：[(-10, -10), (np.int64(1699), np.int64(441)), (np.int64(2088), np.int64(441)), (np.int64(2478), np.int64(441))]
2025-10-20 14:58:10 [TRACE] 【坐标太近】视为重复
2025-10-20 14:58:10 [TRACE] 【没有通过的坐标】开始下一轮
2025-10-20 14:58:10 [TRACE] 【本轮的坐标】：(np.int64(2089), np.int64(442)) ------------
2025-10-20 14:58:10 [TRACE] 【已点击过的坐标】：[(-10, -10), (np.int64(1699), np.int64(441)), (np.int64(2088), np.int64(441)), (np.int64(2478), np.int64(441))]
2025-10-20 14:58:10 [TRACE] 【坐标太近】视为重复
2025-10-20 14:58:10 [TRACE] 【没有通过的坐标】开始下一轮
2025-10-20 14:58:10 [TRACE] 【本轮的坐标】：(np.int64(2090), np.int64(442)) ------------
2025-10-20 14:58:10 [TRACE] 【已点击过的坐标】：[(-10, -10), (np.int64(1699), np.int64(441)), (np.int64(2088), np.int64(441)), (np.int64(2478), np.int64(441))]
2025-10-20 14:58:10 [TRACE] 【坐标太近】视为重复
2025-10-20 14:58:10 [TRACE] 【没有通过的坐标】开始下一轮
2025-10-20 14:58:10 [TRACE] 【本轮的坐标】：(np.int64(2477), np.int64(442)) ------------
2025-10-20 14:58:10 [TRACE] 【已点击过的坐标】：[(-10, -10), (np.int64(1699), np.int64(441)), (np.int64(2088), np.int64(441)), (np.int64(2478), np.int64(441))]
2025-10-20 14:58:10 [TRACE] 【坐标太近】视为重复
2025-10-20 14:58:10 [TRACE] 【没有通过的坐标】开始下一轮
2025-10-20 14:58:10 [TRACE] 【本轮的坐标】：(np.int64(2478), np.int64(442)) ------------
2025-10-20 14:58:10 [TRACE] 【已点击过的坐标】：[(-10, -10), (np.int64(1699), np.int64(441)), (np.int64(2088), np.int64(441)), (np.int64(2478), np.int64(441))]
2025-10-20 14:58:10 [TRACE] 【坐标太近】视为重复
2025-10-20 14:58:10 [TRACE] 【没有通过的坐标】开始下一轮
2025-10-20 14:58:10 [TRACE] 【本轮的坐标】：(np.int64(2479), np.int64(442)) ------------
2025-10-20 14:58:10 [TRACE] 【已点击过的坐标】：[(-10, -10), (np.int64(1699), np.int64(441)), (np.int64(2088), np.int64(441)), (np.int64(2478), np.int64(441))]
2025-10-20 14:58:10 [TRACE] 【坐标太近】视为重复
2025-10-20 14:58:10 [TRACE] 【没有通过的坐标】开始下一轮
2025-10-20 14:58:10 [TRACE] 【本轮的坐标】：(np.int64(1698), np.int64(443)) ------------
2025-10-20 14:58:10 [TRACE] 【已点击过的坐标】：[(-10, -10), (np.int64(1699), np.int64(441)), (np.int64(2088), np.int64(441)), (np.int64(2478), np.int64(441))]
2025-10-20 14:58:10 [TRACE] 【坐标太近】视为重复
2025-10-20 14:58:10 [TRACE] 【没有通过的坐标】开始下一轮
2025-10-20 14:58:10 [TRACE] 【本轮的坐标】：(np.int64(1699), np.int64(443)) ------------
2025-10-20 14:58:10 [TRACE] 【已点击过的坐标】：[(-10, -10), (np.int64(1699), np.int64(441)), (np.int64(2088), np.int64(441)), (np.int64(2478), np.int64(441))]
2025-10-20 14:58:10 [TRACE] 【坐标太近】视为重复
2025-10-20 14:58:10 [TRACE] 【没有通过的坐标】开始下一轮
2025-10-20 14:58:10 [TRACE] 【本轮的坐标】：(np.int64(2088), np.int64(443)) ------------
2025-10-20 14:58:10 [TRACE] 【已点击过的坐标】：[(-10, -10), (np.int64(1699), np.int64(441)), (np.int64(2088), np.int64(441)), (np.int64(2478), np.int64(441))]
2025-10-20 14:58:10 [TRACE] 【坐标太近】视为重复
2025-10-20 14:58:10 [TRACE] 【没有通过的坐标】开始下一轮
2025-10-20 14:58:10 [TRACE] 【本轮的坐标】：(np.int64(2478), np.int64(443)) ------------
2025-10-20 14:58:10 [TRACE] 【已点击过的坐标】：[(-10, -10), (np.int64(1699), np.int64(441)), (np.int64(2088), np.int64(441)), (np.int64(2478), np.int64(441))]
2025-10-20 14:58:10 [TRACE] 【坐标太近】视为重复
2025-10-20 14:58:10 [TRACE] 【没有通过的坐标】开始下一轮
2025-10-20 14:58:10 [TRACE] 【完成所有点击】有效次数：3
2025-10-20 14:58:10 [TRACE] 【状态】搜索模式：C:\Users\gelon\Desktop\ZA-Lite\assets/images/hollow\card.png 置信度：0.98653644323349
2025-10-20 14:58:11 [TRACE] 【目标检测】屏幕内没有目标
2025-10-20 14:58:12 [TRACE] 【目标检测】屏幕内没有目标
2025-10-20 14:58:13 [TRACE] 【目标检测】屏幕内没有目标
2025-10-20 14:58:15 [TRACE] 【目标检测】目标存在，但置信度不足
2025-10-20 14:58:16 [TRACE] 【目标检测】屏幕内没有目标
2025-10-20 14:58:16 [TRACE] 【状态】搜索模式：C:\Users\gelon\Desktop\ZA-Lite\assets/images/hollow\resonium.png 置信度：0.9999998807907104
2025-10-20 14:58:17 [TRACE] 【目标出现】C:\Users\gelon\Desktop\ZA-Lite\assets/images/hollow\resonium.png 置信度：0.9999998807907104
2025-10-20 14:58:17 [TRACE] 【本轮的坐标】：(np.int64(1699), np.int64(441)) ------------
2025-10-20 14:58:17 [TRACE] 【已点击过的坐标】：[(-10, -10)]
2025-10-20 14:58:17 [TRACE] 【成功点击】
2025-10-20 14:58:17 [TRACE] 【本轮的坐标】：(np.int64(2088), np.int64(441)) ------------
2025-10-20 14:58:17 [TRACE] 【已点击过的坐标】：[(-10, -10), (np.int64(1699), np.int64(441))]
2025-10-20 14:58:17 [TRACE] 【成功点击】
2025-10-20 14:58:18 [TRACE] 【本轮的坐标】：(np.int64(2089), np.int64(441)) ------------
2025-10-20 14:58:18 [TRACE] 【已点击过的坐标】：[(-10, -10), (np.int64(1699), np.int64(441)), (np.int64(2088), np.int64(441))]
2025-10-20 14:58:18 [TRACE] 【坐标太近】视为重复
2025-10-20 14:58:18 [TRACE] 【没有通过的坐标】开始下一轮
2025-10-20 14:58:18 [TRACE] 【本轮的坐标】：(np.int64(2478), np.int64(441)) ------------
2025-10-20 14:58:18 [TRACE] 【已点击过的坐标】：[(-10, -10), (np.int64(1699), np.int64(441)), (np.int64(2088), np.int64(441))]
2025-10-20 14:58:18 [TRACE] 【成功点击】
2025-10-20 14:58:18 [TRACE] 【目标检测】屏幕内没有目标
2025-10-20 14:58:19 [TRACE] 【本轮的坐标】：(np.int64(1698), np.int64(442)) ------------
2025-10-20 14:58:19 [TRACE] 【已点击过的坐标】：[(-10, -10), (np.int64(1699), np.int64(441)), (np.int64(2088), np.int64(441)), (np.int64(2478), np.int64(441))]
2025-10-20 14:58:19 [TRACE] 【坐标太近】视为重复
2025-10-20 14:58:19 [TRACE] 【没有通过的坐标】开始下一轮
2025-10-20 14:58:19 [TRACE] 【本轮的坐标】：(np.int64(1699), np.int64(442)) ------------
2025-10-20 14:58:19 [TRACE] 【已点击过的坐标】：[(-10, -10), (np.int64(1699), np.int64(441)), (np.int64(2088), np.int64(441)), (np.int64(2478), np.int64(441))]
2025-10-20 14:58:19 [TRACE] 【坐标太近】视为重复
2025-10-20 14:58:19 [TRACE] 【没有通过的坐标】开始下一轮
2025-10-20 14:58:19 [TRACE] 【本轮的坐标】：(np.int64(1700), np.int64(442)) ------------
2025-10-20 14:58:19 [TRACE] 【已点击过的坐标】：[(-10, -10), (np.int64(1699), np.int64(441)), (np.int64(2088), np.int64(441)), (np.int64(2478), np.int64(441))]
2025-10-20 14:58:19 [TRACE] 【坐标太近】视为重复
2025-10-20 14:58:19 [TRACE] 【没有通过的坐标】开始下一轮
2025-10-20 14:58:19 [TRACE] 【本轮的坐标】：(np.int64(2087), np.int64(442)) ------------
2025-10-20 14:58:19 [TRACE] 【已点击过的坐标】：[(-10, -10), (np.int64(1699), np.int64(441)), (np.int64(2088), np.int64(441)), (np.int64(2478), np.int64(441))]
2025-10-20 14:58:19 [TRACE] 【坐标太近】视为重复
2025-10-20 14:58:19 [TRACE] 【没有通过的坐标】开始下一轮
2025-10-20 14:58:19 [TRACE] 【本轮的坐标】：(np.int64(2088), np.int64(442)) ------------
2025-10-20 14:58:19 [TRACE] 【已点击过的坐标】：[(-10, -10), (np.int64(1699), np.int64(441)), (np.int64(2088), np.int64(441)), (np.int64(2478), np.int64(441))]
2025-10-20 14:58:19 [TRACE] 【坐标太近】视为重复
2025-10-20 14:58:19 [TRACE] 【没有通过的坐标】开始下一轮
2025-10-20 14:58:19 [TRACE] 【本轮的坐标】：(np.int64(2089), np.int64(442)) ------------
2025-10-20 14:58:19 [TRACE] 【已点击过的坐标】：[(-10, -10), (np.int64(1699), np.int64(441)), (np.int64(2088), np.int64(441)), (np.int64(2478), np.int64(441))]
2025-10-20 14:58:19 [TRACE] 【坐标太近】视为重复
2025-10-20 14:58:19 [TRACE] 【没有通过的坐标】开始下一轮
2025-10-20 14:58:19 [TRACE] 【本轮的坐标】：(np.int64(2090), np.int64(442)) ------------
2025-10-20 14:58:19 [TRACE] 【已点击过的坐标】：[(-10, -10), (np.int64(1699), np.int64(441)), (np.int64(2088), np.int64(441)), (np.int64(2478), np.int64(441))]
2025-10-20 14:58:19 [TRACE] 【坐标太近】视为重复
2025-10-20 14:58:19 [TRACE] 【没有通过的坐标】开始下一轮
2025-10-20 14:58:19 [TRACE] 【本轮的坐标】：(np.int64(2477), np.int64(442)) ------------
2025-10-20 14:58:19 [TRACE] 【已点击过的坐标】：[(-10, -10), (np.int64(1699), np.int64(441)), (np.int64(2088), np.int64(441)), (np.int64(2478), np.int64(441))]
2025-10-20 14:58:19 [TRACE] 【坐标太近】视为重复
2025-10-20 14:58:19 [TRACE] 【没有通过的坐标】开始下一轮
2025-10-20 14:58:19 [TRACE] 【本轮的坐标】：(np.int64(2478), np.int64(442)) ------------
2025-10-20 14:58:19 [TRACE] 【已点击过的坐标】：[(-10, -10), (np.int64(1699), np.int64(441)), (np.int64(2088), np.int64(441)), (np.int64(2478), np.int64(441))]
2025-10-20 14:58:19 [TRACE] 【坐标太近】视为重复
2025-10-20 14:58:19 [TRACE] 【没有通过的坐标】开始下一轮
2025-10-20 14:58:19 [TRACE] 【本轮的坐标】：(np.int64(2479), np.int64(442)) ------------
2025-10-20 14:58:19 [TRACE] 【已点击过的坐标】：[(-10, -10), (np.int64(1699), np.int64(441)), (np.int64(2088), np.int64(441)), (np.int64(2478), np.int64(441))]
2025-10-20 14:58:19 [TRACE] 【坐标太近】视为重复
2025-10-20 14:58:19 [TRACE] 【没有通过的坐标】开始下一轮
2025-10-20 14:58:19 [TRACE] 【本轮的坐标】：(np.int64(1698), np.int64(443)) ------------
2025-10-20 14:58:19 [TRACE] 【已点击过的坐标】：[(-10, -10), (np.int64(1699), np.int64(441)), (np.int64(2088), np.int64(441)), (np.int64(2478), np.int64(441))]
2025-10-20 14:58:19 [TRACE] 【坐标太近】视为重复
2025-10-20 14:58:19 [TRACE] 【没有通过的坐标】开始下一轮
2025-10-20 14:58:19 [TRACE] 【本轮的坐标】：(np.int64(1699), np.int64(443)) ------------
2025-10-20 14:58:19 [TRACE] 【已点击过的坐标】：[(-10, -10), (np.int64(1699), np.int64(441)), (np.int64(2088), np.int64(441)), (np.int64(2478), np.int64(441))]
2025-10-20 14:58:19 [TRACE] 【坐标太近】视为重复
2025-10-20 14:58:19 [TRACE] 【没有通过的坐标】开始下一轮
2025-10-20 14:58:19 [TRACE] 【本轮的坐标】：(np.int64(2088), np.int64(443)) ------------
2025-10-20 14:58:19 [TRACE] 【已点击过的坐标】：[(-10, -10), (np.int64(1699), np.int64(441)), (np.int64(2088), np.int64(441)), (np.int64(2478), np.int64(441))]
2025-10-20 14:58:19 [TRACE] 【坐标太近】视为重复
2025-10-20 14:58:19 [TRACE] 【没有通过的坐标】开始下一轮
2025-10-20 14:58:19 [TRACE] 【本轮的坐标】：(np.int64(2478), np.int64(443)) ------------
2025-10-20 14:58:19 [TRACE] 【已点击过的坐标】：[(-10, -10), (np.int64(1699), np.int64(441)), (np.int64(2088), np.int64(441)), (np.int64(2478), np.int64(441))]
2025-10-20 14:58:19 [TRACE] 【坐标太近】视为重复
2025-10-20 14:58:19 [TRACE] 【没有通过的坐标】开始下一轮
2025-10-20 14:58:19 [TRACE] 【完成所有点击】有效次数：3
2025-10-20 14:58:19 [TRACE] 【状态】搜索模式：C:\Users\gelon\Desktop\ZA-Lite\assets/images/hollow\card.png 置信度：0.986535370349884
2025-10-20 14:58:19 [TRACE] 【目标检测】屏幕内没有目标
2025-10-20 14:58:21 [TRACE] 【目标检测】屏幕内没有目标
2025-10-20 14:58:22 [TRACE] 【目标检测】屏幕内没有目标
2025-10-20 14:58:23 [TRACE] 【目标检测】屏幕内没有目标
2025-10-20 14:58:26 [TRACE] 【状态】搜索模式：C:\Users\gelon\Desktop\ZA-Lite\assets/images/hollow\resonium.png 置信度：1.0
2025-10-20 14:58:26 [TRACE] 【目标检测】屏幕内没有目标
2025-10-20 14:58:26 [TRACE] 【目标出现】C:\Users\gelon\Desktop\ZA-Lite\assets/images/hollow\resonium.png 置信度：1.0
2025-10-20 14:58:26 [TRACE] 【本轮的坐标】：(np.int64(1699), np.int64(441)) ------------
2025-10-20 14:58:26 [TRACE] 【已点击过的坐标】：[(-10, -10)]
2025-10-20 14:58:26 [TRACE] 【成功点击】
2025-10-20 14:58:27 [TRACE] 【本轮的坐标】：(np.int64(2088), np.int64(441)) ------------
2025-10-20 14:58:27 [TRACE] 【已点击过的坐标】：[(-10, -10), (np.int64(1699), np.int64(441))]
2025-10-20 14:58:27 [TRACE] 【成功点击】
2025-10-20 14:58:27 [TRACE] 【目标检测】屏幕内没有目标
2025-10-20 14:58:28 [TRACE] 【本轮的坐标】：(np.int64(2089), np.int64(441)) ------------
2025-10-20 14:58:28 [TRACE] 【已点击过的坐标】：[(-10, -10), (np.int64(1699), np.int64(441)), (np.int64(2088), np.int64(441))]
2025-10-20 14:58:28 [TRACE] 【坐标太近】视为重复
2025-10-20 14:58:28 [TRACE] 【没有通过的坐标】开始下一轮
2025-10-20 14:58:28 [TRACE] 【本轮的坐标】：(np.int64(2478), np.int64(441)) ------------
2025-10-20 14:58:28 [TRACE] 【已点击过的坐标】：[(-10, -10), (np.int64(1699), np.int64(441)), (np.int64(2088), np.int64(441))]
2025-10-20 14:58:28 [TRACE] 【成功点击】
2025-10-20 14:58:28 [TRACE] 【目标检测】屏幕内没有目标
2025-10-20 14:58:28 [TRACE] 【本轮的坐标】：(np.int64(1698), np.int64(442)) ------------
2025-10-20 14:58:28 [TRACE] 【已点击过的坐标】：[(-10, -10), (np.int64(1699), np.int64(441)), (np.int64(2088), np.int64(441)), (np.int64(2478), np.int64(441))]
2025-10-20 14:58:28 [TRACE] 【坐标太近】视为重复
2025-10-20 14:58:28 [TRACE] 【没有通过的坐标】开始下一轮
2025-10-20 14:58:28 [TRACE] 【本轮的坐标】：(np.int64(1699), np.int64(442)) ------------
2025-10-20 14:58:28 [TRACE] 【已点击过的坐标】：[(-10, -10), (np.int64(1699), np.int64(441)), (np.int64(2088), np.int64(441)), (np.int64(2478), np.int64(441))]
2025-10-20 14:58:28 [TRACE] 【坐标太近】视为重复
2025-10-20 14:58:28 [TRACE] 【没有通过的坐标】开始下一轮
2025-10-20 14:58:28 [TRACE] 【本轮的坐标】：(np.int64(1700), np.int64(442)) ------------
2025-10-20 14:58:28 [TRACE] 【已点击过的坐标】：[(-10, -10), (np.int64(1699), np.int64(441)), (np.int64(2088), np.int64(441)), (np.int64(2478), np.int64(441))]
2025-10-20 14:58:28 [TRACE] 【坐标太近】视为重复
2025-10-20 14:58:28 [TRACE] 【没有通过的坐标】开始下一轮
2025-10-20 14:58:28 [TRACE] 【本轮的坐标】：(np.int64(2087), np.int64(442)) ------------
2025-10-20 14:58:28 [TRACE] 【已点击过的坐标】：[(-10, -10), (np.int64(1699), np.int64(441)), (np.int64(2088), np.int64(441)), (np.int64(2478), np.int64(441))]
2025-10-20 14:58:28 [TRACE] 【坐标太近】视为重复
2025-10-20 14:58:28 [TRACE] 【没有通过的坐标】开始下一轮
2025-10-20 14:58:28 [TRACE] 【本轮的坐标】：(np.int64(2088), np.int64(442)) ------------
2025-10-20 14:58:28 [TRACE] 【已点击过的坐标】：[(-10, -10), (np.int64(1699), np.int64(441)), (np.int64(2088), np.int64(441)), (np.int64(2478), np.int64(441))]
2025-10-20 14:58:28 [TRACE] 【坐标太近】视为重复
2025-10-20 14:58:28 [TRACE] 【没有通过的坐标】开始下一轮
2025-10-20 14:58:28 [TRACE] 【本轮的坐标】：(np.int64(2089), np.int64(442)) ------------
2025-10-20 14:58:28 [TRACE] 【已点击过的坐标】：[(-10, -10), (np.int64(1699), np.int64(441)), (np.int64(2088), np.int64(441)), (np.int64(2478), np.int64(441))]
2025-10-20 14:58:28 [TRACE] 【坐标太近】视为重复
2025-10-20 14:58:28 [TRACE] 【没有通过的坐标】开始下一轮
2025-10-20 14:58:28 [TRACE] 【本轮的坐标】：(np.int64(2090), np.int64(442)) ------------
2025-10-20 14:58:28 [TRACE] 【已点击过的坐标】：[(-10, -10), (np.int64(1699), np.int64(441)), (np.int64(2088), np.int64(441)), (np.int64(2478), np.int64(441))]
2025-10-20 14:58:28 [TRACE] 【坐标太近】视为重复
2025-10-20 14:58:28 [TRACE] 【没有通过的坐标】开始下一轮
2025-10-20 14:58:28 [TRACE] 【本轮的坐标】：(np.int64(2477), np.int64(442)) ------------
2025-10-20 14:58:28 [TRACE] 【已点击过的坐标】：[(-10, -10), (np.int64(1699), np.int64(441)), (np.int64(2088), np.int64(441)), (np.int64(2478), np.int64(441))]
2025-10-20 14:58:28 [TRACE] 【坐标太近】视为重复
2025-10-20 14:58:28 [TRACE] 【没有通过的坐标】开始下一轮
2025-10-20 14:58:28 [TRACE] 【本轮的坐标】：(np.int64(2478), np.int64(442)) ------------
2025-10-20 14:58:28 [TRACE] 【已点击过的坐标】：[(-10, -10), (np.int64(1699), np.int64(441)), (np.int64(2088), np.int64(441)), (np.int64(2478), np.int64(441))]
2025-10-20 14:58:28 [TRACE] 【坐标太近】视为重复
2025-10-20 14:58:28 [TRACE] 【没有通过的坐标】开始下一轮
2025-10-20 14:58:28 [TRACE] 【本轮的坐标】：(np.int64(2479), np.int64(442)) ------------
2025-10-20 14:58:28 [TRACE] 【已点击过的坐标】：[(-10, -10), (np.int64(1699), np.int64(441)), (np.int64(2088), np.int64(441)), (np.int64(2478), np.int64(441))]
2025-10-20 14:58:28 [TRACE] 【坐标太近】视为重复
2025-10-20 14:58:28 [TRACE] 【没有通过的坐标】开始下一轮
2025-10-20 14:58:28 [TRACE] 【本轮的坐标】：(np.int64(1698), np.int64(443)) ------------
2025-10-20 14:58:28 [TRACE] 【已点击过的坐标】：[(-10, -10), (np.int64(1699), np.int64(441)), (np.int64(2088), np.int64(441)), (np.int64(2478), np.int64(441))]
2025-10-20 14:58:28 [TRACE] 【坐标太近】视为重复
2025-10-20 14:58:28 [TRACE] 【没有通过的坐标】开始下一轮
2025-10-20 14:58:28 [TRACE] 【本轮的坐标】：(np.int64(1699), np.int64(443)) ------------
2025-10-20 14:58:28 [TRACE] 【已点击过的坐标】：[(-10, -10), (np.int64(1699), np.int64(441)), (np.int64(2088), np.int64(441)), (np.int64(2478), np.int64(441))]
2025-10-20 14:58:28 [TRACE] 【坐标太近】视为重复
2025-10-20 14:58:28 [TRACE] 【没有通过的坐标】开始下一轮
2025-10-20 14:58:28 [TRACE] 【本轮的坐标】：(np.int64(2088), np.int64(443)) ------------
2025-10-20 14:58:28 [TRACE] 【已点击过的坐标】：[(-10, -10), (np.int64(1699), np.int64(441)), (np.int64(2088), np.int64(441)), (np.int64(2478), np.int64(441))]
2025-10-20 14:58:28 [TRACE] 【坐标太近】视为重复
2025-10-20 14:58:28 [TRACE] 【没有通过的坐标】开始下一轮
2025-10-20 14:58:28 [TRACE] 【本轮的坐标】：(np.int64(2478), np.int64(443)) ------------
2025-10-20 14:58:28 [TRACE] 【已点击过的坐标】：[(-10, -10), (np.int64(1699), np.int64(441)), (np.int64(2088), np.int64(441)), (np.int64(2478), np.int64(441))]
2025-10-20 14:58:28 [TRACE] 【坐标太近】视为重复
2025-10-20 14:58:28 [TRACE] 【没有通过的坐标】开始下一轮
2025-10-20 14:58:28 [TRACE] 【完成所有点击】有效次数：3
2025-10-20 14:58:29 [TRACE] 【状态】搜索模式：C:\Users\gelon\Desktop\ZA-Lite\assets/images/hollow\card.png 置信度：0.986535370349884
2025-10-20 14:58:29 [TRACE] 【目标检测】屏幕内没有目标
2025-10-20 14:58:30 [TRACE] 【目标检测】屏幕内没有目标
2025-10-20 14:58:33 [TRACE] 【目标检测】屏幕内没有目标
2025-10-20 14:58:34 [TRACE] 【目标检测】屏幕内没有目标
2025-10-20 14:58:35 [TRACE] 【目标检测】屏幕内没有目标
2025-10-20 14:58:35 [TRACE] 【状态】搜索模式：C:\Users\gelon\Desktop\ZA-Lite\assets/images/hollow\resonium.png 置信度：1.0
2025-10-20 14:58:36 [TRACE] 【目标出现】C:\Users\gelon\Desktop\ZA-Lite\assets/images/hollow\resonium.png 置信度：1.0
2025-10-20 14:58:36 [TRACE] 【本轮的坐标】：(np.int64(1699), np.int64(441)) ------------
2025-10-20 14:58:36 [TRACE] 【已点击过的坐标】：[(-10, -10)]
2025-10-20 14:58:36 [TRACE] 【成功点击】
2025-10-20 14:58:36 [TRACE] 【目标检测】屏幕内没有目标
2025-10-20 14:58:36 [TRACE] 【本轮的坐标】：(np.int64(2088), np.int64(441)) ------------
2025-10-20 14:58:36 [TRACE] 【已点击过的坐标】：[(-10, -10), (np.int64(1699), np.int64(441))]
2025-10-20 14:58:36 [TRACE] 【成功点击】
2025-10-20 14:58:37 [TRACE] 【本轮的坐标】：(np.int64(2089), np.int64(441)) ------------
2025-10-20 14:58:37 [TRACE] 【已点击过的坐标】：[(-10, -10), (np.int64(1699), np.int64(441)), (np.int64(2088), np.int64(441))]
2025-10-20 14:58:37 [TRACE] 【坐标太近】视为重复
2025-10-20 14:58:37 [TRACE] 【没有通过的坐标】开始下一轮
2025-10-20 14:58:37 [TRACE] 【本轮的坐标】：(np.int64(2478), np.int64(441)) ------------
2025-10-20 14:58:37 [TRACE] 【已点击过的坐标】：[(-10, -10), (np.int64(1699), np.int64(441)), (np.int64(2088), np.int64(441))]
2025-10-20 14:58:37 [TRACE] 【成功点击】
2025-10-20 14:58:37 [TRACE] 【目标检测】屏幕内没有目标
2025-10-20 14:58:38 [TRACE] 【本轮的坐标】：(np.int64(1698), np.int64(442)) ------------
2025-10-20 14:58:38 [TRACE] 【已点击过的坐标】：[(-10, -10), (np.int64(1699), np.int64(441)), (np.int64(2088), np.int64(441)), (np.int64(2478), np.int64(441))]
2025-10-20 14:58:38 [TRACE] 【坐标太近】视为重复
2025-10-20 14:58:38 [TRACE] 【没有通过的坐标】开始下一轮
2025-10-20 14:58:38 [TRACE] 【本轮的坐标】：(np.int64(1699), np.int64(442)) ------------
2025-10-20 14:58:38 [TRACE] 【已点击过的坐标】：[(-10, -10), (np.int64(1699), np.int64(441)), (np.int64(2088), np.int64(441)), (np.int64(2478), np.int64(441))]
2025-10-20 14:58:38 [TRACE] 【坐标太近】视为重复
2025-10-20 14:58:38 [TRACE] 【没有通过的坐标】开始下一轮
2025-10-20 14:58:38 [TRACE] 【本轮的坐标】：(np.int64(1700), np.int64(442)) ------------
2025-10-20 14:58:38 [TRACE] 【已点击过的坐标】：[(-10, -10), (np.int64(1699), np.int64(441)), (np.int64(2088), np.int64(441)), (np.int64(2478), np.int64(441))]
2025-10-20 14:58:38 [TRACE] 【坐标太近】视为重复
2025-10-20 14:58:38 [TRACE] 【没有通过的坐标】开始下一轮
2025-10-20 14:58:38 [TRACE] 【本轮的坐标】：(np.int64(2087), np.int64(442)) ------------
2025-10-20 14:58:38 [TRACE] 【已点击过的坐标】：[(-10, -10), (np.int64(1699), np.int64(441)), (np.int64(2088), np.int64(441)), (np.int64(2478), np.int64(441))]
2025-10-20 14:58:38 [TRACE] 【坐标太近】视为重复
2025-10-20 14:58:38 [TRACE] 【没有通过的坐标】开始下一轮
2025-10-20 14:58:38 [TRACE] 【本轮的坐标】：(np.int64(2088), np.int64(442)) ------------
2025-10-20 14:58:38 [TRACE] 【已点击过的坐标】：[(-10, -10), (np.int64(1699), np.int64(441)), (np.int64(2088), np.int64(441)), (np.int64(2478), np.int64(441))]
2025-10-20 14:58:38 [TRACE] 【坐标太近】视为重复
2025-10-20 14:58:38 [TRACE] 【没有通过的坐标】开始下一轮
2025-10-20 14:58:38 [TRACE] 【本轮的坐标】：(np.int64(2089), np.int64(442)) ------------
2025-10-20 14:58:38 [TRACE] 【已点击过的坐标】：[(-10, -10), (np.int64(1699), np.int64(441)), (np.int64(2088), np.int64(441)), (np.int64(2478), np.int64(441))]
2025-10-20 14:58:38 [TRACE] 【坐标太近】视为重复
2025-10-20 14:58:38 [TRACE] 【没有通过的坐标】开始下一轮
2025-10-20 14:58:38 [TRACE] 【本轮的坐标】：(np.int64(2090), np.int64(442)) ------------
2025-10-20 14:58:38 [TRACE] 【已点击过的坐标】：[(-10, -10), (np.int64(1699), np.int64(441)), (np.int64(2088), np.int64(441)), (np.int64(2478), np.int64(441))]
2025-10-20 14:58:38 [TRACE] 【坐标太近】视为重复
2025-10-20 14:58:38 [TRACE] 【没有通过的坐标】开始下一轮
2025-10-20 14:58:38 [TRACE] 【本轮的坐标】：(np.int64(2477), np.int64(442)) ------------
2025-10-20 14:58:38 [TRACE] 【已点击过的坐标】：[(-10, -10), (np.int64(1699), np.int64(441)), (np.int64(2088), np.int64(441)), (np.int64(2478), np.int64(441))]
2025-10-20 14:58:38 [TRACE] 【坐标太近】视为重复
2025-10-20 14:58:38 [TRACE] 【没有通过的坐标】开始下一轮
2025-10-20 14:58:38 [TRACE] 【本轮的坐标】：(np.int64(2478), np.int64(442)) ------------
2025-10-20 14:58:38 [TRACE] 【已点击过的坐标】：[(-10, -10), (np.int64(1699), np.int64(441)), (np.int64(2088), np.int64(441)), (np.int64(2478), np.int64(441))]
2025-10-20 14:58:38 [TRACE] 【坐标太近】视为重复
2025-10-20 14:58:38 [TRACE] 【没有通过的坐标】开始下一轮
2025-10-20 14:58:38 [TRACE] 【本轮的坐标】：(np.int64(2479), np.int64(442)) ------------
2025-10-20 14:58:38 [TRACE] 【已点击过的坐标】：[(-10, -10), (np.int64(1699), np.int64(441)), (np.int64(2088), np.int64(441)), (np.int64(2478), np.int64(441))]
2025-10-20 14:58:38 [TRACE] 【坐标太近】视为重复
2025-10-20 14:58:38 [TRACE] 【没有通过的坐标】开始下一轮
2025-10-20 14:58:38 [TRACE] 【本轮的坐标】：(np.int64(1698), np.int64(443)) ------------
2025-10-20 14:58:38 [TRACE] 【已点击过的坐标】：[(-10, -10), (np.int64(1699), np.int64(441)), (np.int64(2088), np.int64(441)), (np.int64(2478), np.int64(441))]
2025-10-20 14:58:38 [TRACE] 【坐标太近】视为重复
2025-10-20 14:58:38 [TRACE] 【没有通过的坐标】开始下一轮
2025-10-20 14:58:38 [TRACE] 【本轮的坐标】：(np.int64(1699), np.int64(443)) ------------
2025-10-20 14:58:38 [TRACE] 【已点击过的坐标】：[(-10, -10), (np.int64(1699), np.int64(441)), (np.int64(2088), np.int64(441)), (np.int64(2478), np.int64(441))]
2025-10-20 14:58:38 [TRACE] 【坐标太近】视为重复
2025-10-20 14:58:38 [TRACE] 【没有通过的坐标】开始下一轮
2025-10-20 14:58:38 [TRACE] 【本轮的坐标】：(np.int64(2088), np.int64(443)) ------------
2025-10-20 14:58:38 [TRACE] 【已点击过的坐标】：[(-10, -10), (np.int64(1699), np.int64(441)), (np.int64(2088), np.int64(441)), (np.int64(2478), np.int64(441))]
2025-10-20 14:58:38 [TRACE] 【坐标太近】视为重复
2025-10-20 14:58:38 [TRACE] 【没有通过的坐标】开始下一轮
2025-10-20 14:58:38 [TRACE] 【本轮的坐标】：(np.int64(2478), np.int64(443)) ------------
2025-10-20 14:58:38 [TRACE] 【已点击过的坐标】：[(-10, -10), (np.int64(1699), np.int64(441)), (np.int64(2088), np.int64(441)), (np.int64(2478), np.int64(441))]
2025-10-20 14:58:38 [TRACE] 【坐标太近】视为重复
2025-10-20 14:58:38 [TRACE] 【没有通过的坐标】开始下一轮
2025-10-20 14:58:38 [TRACE] 【完成所有点击】有效次数：3
2025-10-20 14:58:38 [TRACE] 【状态】搜索模式：C:\Users\gelon\Desktop\ZA-Lite\assets/images/hollow\card.png 置信度：0.986535370349884
2025-10-20 14:58:40 [TRACE] 【目标检测】屏幕内没有目标
2025-10-20 14:58:41 [TRACE] 【目标检测】屏幕内没有目标
2025-10-20 14:58:42 [TRACE] 【目标检测】屏幕内没有目标
2025-10-20 14:58:44 [TRACE] 【目标检测】屏幕内没有目标
2025-10-20 14:58:46 [TRACE] 【状态】搜索模式：C:\Users\gelon\Desktop\ZA-Lite\assets/images/hollow\next_area.png 置信度：0.9999997615814209
2025-10-20 14:58:49 [TRACE] 【状态】搜索模式：C:\Users\gelon\Desktop\ZA-Lite\assets/images/hollow\meter.png 置信度：0.9207562804222107
2025-10-20 14:58:51 [TRACE] 【目标检测】TRAPPED！ 类型：guide_point 置信度：0.875625491142273
2025-10-20 14:58:58 [TRACE] 【空洞监听】无匹配已持续：0秒
2025-10-20 14:58:58 [TRACE] 【目标检测】屏幕内没有目标
2025-10-20 14:59:01 [TRACE] 【目标检测】TRAPPED！ 类型：interact 置信度：0.9459842443466187
2025-10-20 14:59:04 [TRACE] 【空洞监听】无匹配已持续：6秒
2025-10-20 14:59:07 [TRACE] 【目标检测】屏幕内没有目标
2025-10-20 14:59:09 [TRACE] 【目标检测】屏幕内没有目标
2025-10-20 14:59:10 [TRACE] 【目标检测】屏幕内没有目标
2025-10-20 14:59:11 [TRACE] 【目标检测】屏幕内没有目标
2025-10-20 14:59:13 [TRACE] 【目标检测】屏幕内没有目标
2025-10-20 14:59:15 [TRACE] 【目标检测】屏幕内没有目标
2025-10-20 14:59:17 [TRACE] 【目标检测】屏幕内没有目标
2025-10-20 14:59:18 [TRACE] 【目标检测】屏幕内没有目标
2025-10-20 14:59:19 [TRACE] 【目标检测】屏幕内没有目标
2025-10-20 14:59:21 [TRACE] 【目标检测】屏幕内没有目标
2025-10-20 14:59:23 [TRACE] 【目标检测】屏幕内没有目标
2025-10-20 14:59:25 [TRACE] 【目标检测】屏幕内没有目标
2025-10-20 14:59:29 [TRACE] 【目标检测】目标存在，但置信度不足
2025-10-20 14:59:29 [TRACE] 【状态】搜索模式：C:\Users\gelon\Desktop\ZA-Lite\assets/images/hollow\meter.png 置信度：0.908816933631897
2025-10-20 14:59:34 [TRACE] 【目标检测】微调超时，无法对齐！
2025-10-20 14:59:36 [TRACE] 【状态】搜索模式：C:\Users\gelon\Desktop\ZA-Lite\assets/images/hollow\meter.png 置信度：0.9243949055671692
2025-10-20 14:59:39 [TRACE] 【目标检测】目标存在，但置信度不足
2025-10-20 14:59:45 [TRACE] 【目标检测】微调超时，无法对齐！
2025-10-20 14:59:46 [TRACE] 【空洞监听】无匹配已持续：0秒
2025-10-20 14:59:48 [TRACE] 【目标检测】TRAPPED！ 类型：guide_point 置信度：0.852678120136261
2025-10-20 14:59:53 [TRACE] 【空洞监听】无匹配已持续：6秒
2025-10-20 14:59:55 [TRACE] 【目标检测】屏幕内没有目标
2025-10-20 14:59:57 [TRACE] 【目标检测】屏幕内没有目标
2025-10-20 14:59:58 [TRACE] 【目标检测】屏幕内没有目标
2025-10-20 15:00:00 [TRACE] 【空洞监听】无匹配已持续：13秒
2025-10-20 15:00:01 [TRACE] 【目标检测】TRAPPED！ 类型：blue_portal 置信度：0.9436264634132385
2025-10-20 15:00:06 [TRACE] 【空洞监听】无匹配已持续：19秒
2025-10-20 15:00:09 [TRACE] 【目标检测】屏幕内没有目标
2025-10-20 15:00:10 [TRACE] 【目标检测】屏幕内没有目标
2025-10-20 15:00:12 [TRACE] 【目标检测】屏幕内没有目标
2025-10-20 15:00:13 [TRACE] 【空洞监听】无匹配已持续：26秒
2025-10-20 15:00:13 [TRACE] 【目标检测】屏幕内没有目标
2025-10-20 15:00:15 [TRACE] 【目标检测】屏幕内没有目标
2025-10-20 15:00:19 [TRACE] 【空洞监听】无匹配已持续：33秒
2025-10-20 15:00:24 [TRACE] 【目标检测】微调超时，无法对齐！
2025-10-20 15:00:26 [TRACE] 【空洞监听】无匹配已持续：39秒
2025-10-20 15:00:32 [TRACE] 【空洞监听】无匹配已持续：45秒
2025-10-20 15:00:32 [TRACE] 【目标检测】微调超时，无法对齐！
2025-10-20 15:00:34 [TRACE] 【目标检测】TRAPPED！ 类型：interact 置信度：0.9441455006599426
2025-10-20 15:00:38 [TRACE] 【空洞监听】无匹配已持续：52秒
2025-10-20 15:00:41 [TRACE] 【目标检测】屏幕内没有目标
2025-10-20 15:00:43 [TRACE] 【目标检测】屏幕内没有目标
2025-10-20 15:00:44 [TRACE] 【目标检测】屏幕内没有目标
2025-10-20 15:00:45 [TRACE] 【目标检测】屏幕内没有目标
2025-10-20 15:00:46 [TRACE] 【目标检测】屏幕内没有目标
2025-10-20 15:00:49 [TRACE] 【目标检测】屏幕内没有目标
2025-10-20 15:00:50 [TRACE] 【目标检测】屏幕内没有目标
2025-10-20 15:00:51 [TRACE] 【目标检测】屏幕内没有目标
2025-10-20 15:00:53 [TRACE] 【目标检测】屏幕内没有目标
2025-10-20 15:00:54 [TRACE] 【目标检测】屏幕内没有目标
2025-10-20 15:00:57 [TRACE] 【目标检测】屏幕内没有目标
2025-10-20 15:00:58 [TRACE] 【目标检测】屏幕内没有目标
2025-10-20 15:00:59 [TRACE] 【目标检测】屏幕内没有目标
2025-10-20 15:01:01 [TRACE] 【目标检测】屏幕内没有目标
2025-10-20 15:01:02 [TRACE] 【目标检测】屏幕内没有目标
2025-10-20 15:01:05 [TRACE] 【目标检测】屏幕内没有目标
2025-10-20 15:01:06 [TRACE] 【目标检测】屏幕内没有目标
2025-10-20 15:01:07 [TRACE] 【目标检测】屏幕内没有目标
2025-10-20 15:01:08 [TRACE] 【目标检测】屏幕内没有目标
2025-10-20 15:01:10 [TRACE] 【目标检测】屏幕内没有目标
2025-10-20 15:01:13 [TRACE] 【目标检测】屏幕内没有目标
2025-10-20 15:01:14 [TRACE] 【目标检测】屏幕内没有目标
2025-10-20 15:01:15 [TRACE] 【目标检测】屏幕内没有目标
2025-10-20 15:01:17 [TRACE] 【目标检测】屏幕内没有目标
2025-10-20 15:01:18 [TRACE] 【目标检测】屏幕内没有目标
2025-10-20 15:01:21 [TRACE] 【目标检测】屏幕内没有目标
2025-10-20 15:01:22 [TRACE] 【目标检测】屏幕内没有目标
2025-10-20 15:01:24 [TRACE] 【目标检测】屏幕内没有目标
2025-10-20 15:01:25 [TRACE] 【目标检测】屏幕内没有目标
2025-10-20 15:01:26 [TRACE] 【目标检测】屏幕内没有目标
2025-10-20 15:01:29 [TRACE] 【目标检测】屏幕内没有目标
2025-10-20 15:01:30 [TRACE] 【目标检测】屏幕内没有目标
2025-10-20 15:01:32 [TRACE] 【目标检测】屏幕内没有目标
2025-10-20 15:01:33 [TRACE] 【目标检测】屏幕内没有目标
2025-10-20 15:01:34 [TRACE] 【目标检测】屏幕内没有目标
2025-10-20 15:01:37 [TRACE] 【目标检测】屏幕内没有目标
2025-10-20 15:01:38 [TRACE] 【目标检测】屏幕内没有目标
2025-10-20 15:01:40 [TRACE] 【目标检测】屏幕内没有目标
2025-10-20 15:01:41 [TRACE] 【目标检测】屏幕内没有目标
2025-10-20 15:01:42 [TRACE] 【目标检测】屏幕内没有目标
2025-10-20 15:01:45 [TRACE] 【目标检测】屏幕内没有目标
2025-10-20 15:01:46 [TRACE] 【目标检测】屏幕内没有目标
2025-10-20 15:01:47 [TRACE] 【目标检测】屏幕内没有目标
2025-10-20 15:01:48 [TRACE] 【目标检测】屏幕内没有目标
2025-10-20 15:01:50 [TRACE] 【目标检测】屏幕内没有目标
2025-10-20 15:01:52 [TRACE] 【目标检测】屏幕内没有目标
2025-10-20 15:01:54 [TRACE] 【目标检测】屏幕内没有目标
2025-10-20 15:01:55 [TRACE] 【目标检测】屏幕内没有目标
2025-10-20 15:01:56 [TRACE] 【目标检测】屏幕内没有目标
2025-10-20 15:01:58 [TRACE] 【目标检测】屏幕内没有目标
2025-10-20 15:01:58 [TRACE] 【状态】搜索模式：C:\Users\gelon\Desktop\ZA-Lite\assets/images/hollow\resonium.png 置信度：0.9920591711997986
2025-10-20 15:01:58 [TRACE] 【目标出现】C:\Users\gelon\Desktop\ZA-Lite\assets/images/hollow\resonium.png 置信度：0.9920591711997986
2025-10-20 15:01:58 [TRACE] 【本轮的坐标】：(np.int64(1581), np.int64(461)) ------------
2025-10-20 15:01:58 [TRACE] 【已点击过的坐标】：[(-10, -10)]
2025-10-20 15:01:58 [TRACE] 【成功点击】
2025-10-20 15:01:59 [TRACE] 【本轮的坐标】：(np.int64(1582), np.int64(461)) ------------
2025-10-20 15:01:59 [TRACE] 【已点击过的坐标】：[(-10, -10), (np.int64(1581), np.int64(461))]
2025-10-20 15:01:59 [TRACE] 【坐标太近】视为重复
2025-10-20 15:01:59 [TRACE] 【没有通过的坐标】开始下一轮
2025-10-20 15:01:59 [TRACE] 【本轮的坐标】：(np.int64(1580), np.int64(462)) ------------
2025-10-20 15:01:59 [TRACE] 【已点击过的坐标】：[(-10, -10), (np.int64(1581), np.int64(461))]
2025-10-20 15:01:59 [TRACE] 【坐标太近】视为重复
2025-10-20 15:01:59 [TRACE] 【没有通过的坐标】开始下一轮
2025-10-20 15:01:59 [TRACE] 【本轮的坐标】：(np.int64(1581), np.int64(462)) ------------
2025-10-20 15:01:59 [TRACE] 【已点击过的坐标】：[(-10, -10), (np.int64(1581), np.int64(461))]
2025-10-20 15:01:59 [TRACE] 【坐标太近】视为重复
2025-10-20 15:01:59 [TRACE] 【没有通过的坐标】开始下一轮
2025-10-20 15:01:59 [TRACE] 【本轮的坐标】：(np.int64(1582), np.int64(462)) ------------
2025-10-20 15:01:59 [TRACE] 【已点击过的坐标】：[(-10, -10), (np.int64(1581), np.int64(461))]
2025-10-20 15:01:59 [TRACE] 【坐标太近】视为重复
2025-10-20 15:01:59 [TRACE] 【没有通过的坐标】开始下一轮
2025-10-20 15:01:59 [TRACE] 【本轮的坐标】：(np.int64(1581), np.int64(463)) ------------
2025-10-20 15:01:59 [TRACE] 【已点击过的坐标】：[(-10, -10), (np.int64(1581), np.int64(461))]
2025-10-20 15:01:59 [TRACE] 【坐标太近】视为重复
2025-10-20 15:01:59 [TRACE] 【没有通过的坐标】开始下一轮
2025-10-20 15:01:59 [TRACE] 【完成所有点击】有效次数：1
2025-10-20 15:02:00 [TRACE] 【目标检测】屏幕内没有目标
2025-10-20 15:02:01 [TRACE] 【目标检测】屏幕内没有目标
2025-10-20 15:02:03 [TRACE] 【目标检测】屏幕内没有目标
2025-10-20 15:02:04 [TRACE] 【目标检测】屏幕内没有目标
2025-10-20 15:02:09 [TRACE] 【状态】搜索模式：C:\Users\gelon\Desktop\ZA-Lite\assets/images/hollow\meter.png 置信度：0.9476306438446045
2025-10-20 15:02:12 [TRACE] 【目标检测】TRAPPED！ 类型：guide_point 置信度：0.8475484848022461
2025-10-20 15:02:18 [TRACE] 【空洞监听】无匹配已持续：0秒
2025-10-20 15:02:19 [TRACE] 【目标检测】屏幕内没有目标
2025-10-20 15:02:21 [TRACE] 【目标检测】屏幕内没有目标
2025-10-20 15:02:25 [TRACE] 【空洞监听】无匹配已持续：6秒
2025-10-20 15:02:28 [TRACE] 【目标检测】TRAPPED！ 类型：blue_portal 置信度：0.9392476081848145
2025-10-20 15:02:31 [TRACE] 【空洞监听】无匹配已持续：12秒
2025-10-20 15:02:32 [TRACE] 【目标检测】屏幕内没有目标
2025-10-20 15:02:33 [TRACE] 【目标检测】屏幕内没有目标
2025-10-20 15:02:35 [TRACE] 【目标检测】屏幕内没有目标
2025-10-20 15:02:37 [TRACE] 【空洞监听】无匹配已持续：19秒
2025-10-20 15:02:39 [TRACE] 【目标检测】TRAPPED！ 类型：blue_portal 置信度：0.9436780214309692
2025-10-20 15:02:44 [TRACE] 【空洞监听】无匹配已持续：25秒
2025-10-20 15:02:46 [TRACE] 【目标检测】目标存在，但置信度不足
2025-10-20 15:02:47 [TRACE] 【目标检测】屏幕内没有目标
2025-10-20 15:02:50 [TRACE] 【目标检测】屏幕内没有目标
2025-10-20 15:02:52 [TRACE] 【目标检测】屏幕内没有目标
2025-10-20 15:02:53 [TRACE] 【目标检测】屏幕内没有目标
2025-10-20 15:02:54 [TRACE] 【状态】战斗模式：C:\Users\gelon\Desktop\ZA-Lite\assets/images/hollow\battle_4.png 置信度：1.0
2025-10-20 15:02:55 [TRACE] 【目标检测】屏幕内没有目标
2025-10-20 15:03:04 [TRACE] 【空洞监听】无匹配已持续：0秒
2025-10-20 15:03:11 [TRACE] 【空洞监听】无匹配已持续：7秒
2025-10-20 15:03:17 [TRACE] 【空洞监听】无匹配已持续：13秒
2025-10-20 15:03:23 [TRACE] 【状态】战斗模式：正在受到攻击
2025-10-20 15:03:27 [TRACE] 【状态】战斗模式：C:\Users\gelon\Desktop\ZA-Lite\assets/images/hollow\battle_5.png 置信度：0.9796305894851685
2025-10-20 15:03:37 [TRACE] 【状态】搜索模式：C:\Users\gelon\Desktop\ZA-Lite\assets/images/hollow\next_area.png 置信度：0.999999463558197
2025-10-20 15:03:38 [TRACE] 【目标检测】屏幕内没有目标
2025-10-20 15:03:40 [TRACE] 【目标检测】屏幕内没有目标
2025-10-20 15:03:41 [TRACE] 【目标检测】屏幕内没有目标
2025-10-20 15:03:44 [TRACE] 【目标检测】屏幕内没有目标
2025-10-20 15:03:48 [TRACE] 【目标检测】TRAPPED！ 类型：blue_portal 置信度：0.956919252872467
2025-10-20 15:03:49 [TRACE] 【空洞监听】无匹配已持续：0秒
2025-10-20 15:03:56 [TRACE] 【空洞监听】无匹配已持续：6秒
2025-10-20 15:03:56 [TRACE] 【目标检测】屏幕内没有目标
2025-10-20 15:03:57 [TRACE] 【目标检测】屏幕内没有目标
2025-10-20 15:04:02 [TRACE] 【目标检测】TRAPPED！ 类型：red_portal 置信度：0.8705825805664062
2025-10-20 15:04:03 [TRACE] 【空洞监听】无匹配已持续：13秒
2025-10-20 15:04:09 [TRACE] 【目标检测】TRAPPED！ 类型：red_portal 置信度：0.8331328630447388
2025-10-20 15:04:13 [TRACE] 【目标检测】TRAPPED！ 类型：red_portal 置信度：0.9037002325057983
2025-10-20 15:04:13 [TRACE] 【状态】搜索模式：C:\Users\gelon\Desktop\ZA-Lite\assets/images/hollow\meter.png 置信度：0.9632417559623718
2025-10-20 15:04:20 [TRACE] 【状态】搜索模式：C:\Users\gelon\Desktop\ZA-Lite\assets/images/hollow\meter.png 置信度：0.9489213228225708
2025-10-20 15:04:25 [TRACE] 【目标检测】TRAPPED！ 类型：guide_point 置信度：0.8350433707237244
2025-10-20 15:04:27 [TRACE] 【状态】搜索模式：C:\Users\gelon\Desktop\ZA-Lite\assets/images/hollow\meter.png 置信度：0.9775242805480957
2025-10-20 15:04:32 [TRACE] 【目标检测】TRAPPED！ 类型：red_portal 置信度：0.9264993071556091
2025-10-20 15:04:33 [TRACE] 【状态】搜索模式：C:\Users\gelon\Desktop\ZA-Lite\assets/images/hollow\meter.png 置信度：0.9569857120513916
2025-10-20 15:04:40 [TRACE] 【状态】搜索模式：C:\Users\gelon\Desktop\ZA-Lite\assets/images/hollow\meter.png 置信度：0.976872980594635
2025-10-20 15:04:42 [TRACE] 【目标检测】TRAPPED！ 类型：red_portal 置信度：0.9279792904853821
2025-10-20 15:04:47 [TRACE] 【目标检测】TRAPPED！ 类型：red_portal 置信度：0.870155930519104
2025-10-20 15:04:49 [TRACE] 【空洞监听】无匹配已持续：0秒
2025-10-20 15:05:00 [TRACE] 【目标检测】微调超时，无法对齐！
2025-10-20 15:05:03 [TRACE] 【目标检测】TRAPPED！ 类型：interact 置信度：0.9155640006065369
2025-10-20 15:05:08 [TRACE] 【目标检测】TRAPPED！ 类型：red_portal 置信度：0.9000937938690186
2025-10-20 15:05:09 [TRACE] 【空洞监听】无匹配已持续：0秒
2025-10-20 15:05:13 [TRACE] 【状态】搜索模式：C:\Users\gelon\Desktop\ZA-Lite\assets/images/hollow\meter.png 置信度：0.9613117575645447
2025-10-20 15:05:15 [TRACE] 【目标检测】TRAPPED！ 类型：red_portal 置信度：0.917589545249939
2025-10-20 15:05:20 [TRACE] 【状态】搜索模式：C:\Users\gelon\Desktop\ZA-Lite\assets/images/hollow\meter.png 置信度：0.9030580520629883
2025-10-20 15:05:20 [TRACE] 【目标检测】TRAPPED！ 类型：red_portal 置信度：0.8659569621086121
2025-10-20 15:05:26 [TRACE] 【状态】搜索模式：C:\Users\gelon\Desktop\ZA-Lite\assets/images/hollow\meter.png 置信度：0.9672995209693909
2025-10-20 15:05:30 [TRACE] 【目标检测】TRAPPED！ 类型：red_portal 置信度：0.7962149977684021
2025-10-20 15:05:36 [TRACE] 【空洞监听】无匹配已持续：0秒
2025-10-20 15:05:37 [TRACE] 【目标检测】TRAPPED！ 类型：red_portal 置信度：0.927024245262146
2025-10-20 15:05:40 [TRACE] 【状态】搜索模式：C:\Users\gelon\Desktop\ZA-Lite\assets/images/hollow\meter.png 置信度：0.9134197235107422
2025-10-20 15:05:44 [TRACE] 【目标检测】TRAPPED！ 类型：red_portal 置信度：0.9396348595619202
2025-10-20 15:05:49 [TRACE] 【空洞监听】无匹配已持续：0秒
2025-10-20 15:05:51 [TRACE] 【目标检测】TRAPPED！ 类型：red_portal 置信度：0.9423528909683228
2025-10-20 15:05:55 [TRACE] 【空洞监听】无匹配已持续：6秒
2025-10-20 15:05:58 [TRACE] 【目标检测】TRAPPED！ 类型：red_portal 置信度：0.9336998462677002
2025-10-20 15:06:01 [TRACE] 【空洞监听】无匹配已持续：12秒
2025-10-20 15:06:04 [TRACE] 【目标检测】TRAPPED！ 类型：red_portal 置信度：0.9400508999824524
2025-10-20 15:06:08 [TRACE] 【空洞监听】无匹配已持续：19秒
2025-10-20 15:06:12 [TRACE] 【目标检测】TRAPPED！ 类型：red_portal 置信度：0.9409376978874207
2025-10-20 15:06:15 [TRACE] 【空洞监听】无匹配已持续：25秒
2025-10-20 15:06:17 [TRACE] 【目标检测】TRAPPED！ 类型：red_portal 置信度：0.9374752044677734
2025-10-20 15:06:21 [TRACE] 【空洞监听】无匹配已持续：31秒
2025-10-20 15:06:25 [TRACE] 【目标检测】TRAPPED！ 类型：red_portal 置信度：0.950436532497406
2025-10-20 15:06:27 [TRACE] 【空洞监听】无匹配已持续：38秒
2025-10-20 15:06:31 [TRACE] 【目标检测】TRAPPED！ 类型：red_portal 置信度：0.9357860684394836
2025-10-20 15:06:33 [TRACE] 【空洞监听】无匹配已持续：44秒
2025-10-20 15:06:39 [TRACE] 【目标检测】TRAPPED！ 类型：red_portal 置信度：0.9545116424560547
2025-10-20 15:06:40 [TRACE] 【空洞监听】无匹配已持续：50秒
2025-10-20 15:06:45 [TRACE] 【目标检测】TRAPPED！ 类型：red_portal 置信度：0.9380409121513367
2025-10-20 15:06:46 [TRACE] 【空洞监听】无匹配已持续：57秒
2025-10-20 15:06:52 [TRACE] 【空洞监听】无匹配已持续：63秒
2025-10-20 15:06:52 [TRACE] 【空洞监听】即将超时，重启搜索线程
2025-10-20 15:06:54 [TRACE] 【目标检测】TRAPPED！ 类型：red_portal 置信度：0.9568106532096863
2025-10-20 15:06:59 [TRACE] 【空洞监听】无匹配已持续：70秒
2025-10-20 15:06:59 [TRACE] 【空洞监听】即将超时，重启搜索线程
2025-10-20 15:06:59 [TRACE] 【目标检测】TRAPPED！ 类型：red_portal 置信度：0.9456735849380493
2025-10-20 15:07:06 [TRACE] 【空洞监听】无匹配已持续：76秒
2025-10-20 15:07:06 [TRACE] 【空洞监听】即将超时，重启搜索线程
2025-10-20 15:07:08 [TRACE] 【目标检测】TRAPPED！ 类型：red_portal 置信度：0.9481425881385803
2025-10-20 15:07:13 [TRACE] 【空洞监听】无匹配已持续：83秒
2025-10-20 15:07:13 [TRACE] 【空洞监听】即将超时，重启搜索线程
2025-10-20 15:07:14 [TRACE] 【目标检测】TRAPPED！ 类型：red_portal 置信度：0.9473523497581482
2025-10-20 15:07:19 [TRACE] 【空洞监听】无匹配已持续：89秒
2025-10-20 15:07:19 [TRACE] 【空洞监听】即将超时，重启搜索线程
2025-10-20 15:07:21 [TRACE] 【目标检测】屏幕内没有目标
2025-10-20 15:07:22 [TRACE] 【目标检测】屏幕内没有目标
2025-10-20 15:07:24 [TRACE] 【目标检测】目标存在，但置信度不足
2025-10-20 15:07:26 [TRACE] 【状态】战斗模式：正在受到攻击
2025-10-20 15:07:27 [TRACE] 【目标检测】屏幕内没有目标
2025-10-20 15:07:29 [TRACE] 【状态】战斗模式：C:\Users\gelon\Desktop\ZA-Lite\assets/images/hollow\battle_5.png 置信度：0.9620388746261597
2025-10-20 15:07:37 [TRACE] 【空洞监听】无匹配已持续：0秒
2025-10-20 15:07:44 [TRACE] 【空洞监听】无匹配已持续：6秒
2025-10-20 15:07:49 [TRACE] 【状态】战斗模式：正在受到攻击
2025-10-20 15:07:55 [TRACE] 【状态】战斗模式：正在受到攻击
2025-10-20 15:08:01 [TRACE] 【空洞监听】无匹配已持续：0秒
2025-10-20 15:08:07 [TRACE] 【空洞监听】无匹配已持续：5秒
2025-10-20 15:08:13 [TRACE] 【状态】战斗模式：正在受到攻击
2025-10-20 15:08:19 [TRACE] 【空洞监听】无匹配已持续：0秒
2025-10-20 15:08:25 [TRACE] 【空洞监听】无匹配已持续：6秒
2025-10-20 15:08:31 [TRACE] 【空洞监听】无匹配已持续：12秒
2025-10-20 15:08:34 [TRACE] 【状态】战斗模式：C:\Users\gelon\Desktop\ZA-Lite\assets/images/hollow\battle_5.png 置信度：0.9787170886993408
2025-10-20 15:08:43 [TRACE] 【空洞监听】无匹配已持续：0秒
2025-10-20 15:08:47 [TRACE] 【状态】战斗模式：C:\Users\gelon\Desktop\ZA-Lite\assets/images/hollow\battle_5.png 置信度：0.9888749718666077
2025-10-20 15:08:56 [TRACE] 【空洞监听】无匹配已持续：0秒
2025-10-20 15:09:02 [TRACE] 【空洞监听】无匹配已持续：5秒
2025-10-20 15:09:07 [TRACE] 【空洞监听】无匹配已持续：11秒
2025-10-20 15:09:14 [TRACE] 【空洞监听】无匹配已持续：17秒
2025-10-20 15:09:17 [TRACE] 【状态】战斗模式：C:\Users\gelon\Desktop\ZA-Lite\assets/images/hollow\battle_5.png 置信度：0.9716862440109253
2025-10-20 15:09:23 [TRACE] 【状态】战斗模式：C:\Users\gelon\Desktop\ZA-Lite\assets/images/hollow\battle_5.png 置信度：0.9805108308792114
2025-10-20 15:09:29 [TRACE] 【状态】战斗模式：C:\Users\gelon\Desktop\ZA-Lite\assets/images/hollow\battle_5.png 置信度：0.99100261926651
2025-10-20 15:09:36 [TRACE] 【状态】战斗模式：C:\Users\gelon\Desktop\ZA-Lite\assets/images/hollow\battle_5.png 置信度：0.9808870553970337
2025-10-20 15:09:42 [TRACE] 【状态】战斗模式：C:\Users\gelon\Desktop\ZA-Lite\assets/images/hollow\battle_5.png 置信度：0.9836024641990662
2025-10-20 15:09:51 [TRACE] 【状态】战斗模式：正在受到攻击
2025-10-20 15:09:57 [TRACE] 【状态】战斗模式：正在受到攻击
2025-10-20 15:10:03 [TRACE] 【状态】战斗模式：正在受到攻击
2025-10-20 15:10:08 [TRACE] 【空洞监听】无匹配已持续：0秒
2025-10-20 15:10:12 [TRACE] 【状态】战斗模式：C:\Users\gelon\Desktop\ZA-Lite\assets/images/hollow\battle_5.png 置信度：0.9770849943161011
2025-10-20 15:10:21 [TRACE] 【状态】战斗模式：正在受到攻击
2025-10-20 15:10:27 [TRACE] 【空洞监听】无匹配已持续：0秒
2025-10-20 15:10:33 [TRACE] 【空洞监听】无匹配已持续：5秒
2025-10-20 15:10:36 [TRACE] 【状态】战斗模式：C:\Users\gelon\Desktop\ZA-Lite\assets/images/hollow\battle_5.png 置信度：0.9543051719665527
2025-10-20 15:10:42 [TRACE] 【状态】战斗模式：C:\Users\gelon\Desktop\ZA-Lite\assets/images/hollow\battle_5.png 置信度：0.9696549773216248
2025-10-20 15:10:48 [TRACE] 【状态】战斗模式：C:\Users\gelon\Desktop\ZA-Lite\assets/images/hollow\battle_5.png 置信度：0.9706764221191406
2025-10-20 15:10:54 [TRACE] 【状态】战斗模式：C:\Users\gelon\Desktop\ZA-Lite\assets/images/hollow\battle_5.png 置信度：0.9879388809204102
2025-10-20 15:10:57 [TRACE] 【状态】战斗模式：正在受到攻击
2025-10-20 15:11:01 [TRACE] 【状态】战斗模式：C:\Users\gelon\Desktop\ZA-Lite\assets/images/hollow\battle_5.png 置信度：0.9738783836364746
2025-10-20 15:11:10 [TRACE] 【状态】战斗模式：正在受到攻击
2025-10-20 15:11:13 [TRACE] 【状态】战斗模式：C:\Users\gelon\Desktop\ZA-Lite\assets/images/hollow\battle_5.png 置信度：0.9785263538360596
2025-10-20 15:11:21 [TRACE] 【状态】战斗模式：正在受到攻击
2025-10-20 15:11:28 [TRACE] 【状态】战斗模式：正在受到攻击
2025-10-20 15:11:32 [TRACE] 【状态】战斗模式：C:\Users\gelon\Desktop\ZA-Lite\assets/images/hollow\battle_5.png 置信度：0.9832626581192017
2025-10-20 15:11:38 [TRACE] 【状态】战斗模式：C:\Users\gelon\Desktop\ZA-Lite\assets/images/hollow\battle_5.png 置信度：0.9799762964248657
2025-10-20 15:11:46 [TRACE] 【空洞监听】无匹配已持续：0秒
2025-10-20 15:11:52 [TRACE] 【空洞监听】无匹配已持续：5秒
2025-10-20 15:11:58 [TRACE] 【空洞监听】无匹配已持续：11秒
2025-10-20 15:12:03 [TRACE] 【状态】完成：C:\Users\gelon\Desktop\ZA-Lite\assets/images/hollow\mission_completed.png 置信度：0.9999998211860657
2025-10-20 15:12:03 [SUCCESS] 成功通关空洞
2025-10-20 15:12:04 [INFO] 本轮耗时:36分钟
2025-10-20 15:12:04 [INFO] 当前已完成空洞 1 次 
2025-10-20 15:12:04 [INFO] 正在领取空洞每周奖励
2025-10-20 15:12:04 [DEBUG] 正在返回菜单
2025-10-20 15:12:04 [TRACE] 正在返回菜单,请保持游戏画面处于前台
2025-10-20 15:12:06 [TRACE] 正在返回菜单,请保持游戏画面处于前台
2025-10-20 15:12:08 [TRACE] 正在返回菜单,请保持游戏画面处于前台
2025-10-20 15:12:11 [TRACE] 正在返回菜单,请保持游戏画面处于前台
2025-10-20 15:12:13 [TRACE] 正在返回菜单,请保持游戏画面处于前台
2025-10-20 15:12:15 [TRACE] 正在返回菜单,请保持游戏画面处于前台
2025-10-20 15:12:17 [TRACE] 正在返回菜单,请保持游戏画面处于前台
2025-10-20 15:12:20 [TRACE] 现在处于大厅
2025-10-20 15:12:21 [TRACE] 【1】等待目标中 C:\Users\gelon\Desktop\ZA-Lite\assets/images/hollow\combat.png
2025-10-20 15:12:21 [TRACE] 【目标出现】C:\Users\gelon\Desktop\ZA-Lite\assets/images/hollow\combat.png 置信度：0.976296603679657
2025-10-20 15:12:23 [TRACE] 【目标出现】C:\Users\gelon\Desktop\ZA-Lite\assets/images/hollow\zero_hollow.png 置信度：0.9999945759773254
2025-10-20 15:12:24 [TRACE] 【目标出现】C:\Users\gelon\Desktop\ZA-Lite\assets/images/hollow\go_hollow.png 置信度：0.9947052597999573
2025-10-20 15:12:26 [TRACE] 【目标出现】C:\Users\gelon\Desktop\ZA-Lite\assets/images/hollow\confirm.png 置信度：0.9839437007904053
2025-10-20 15:12:27 [TRACE] 【1】等待目标中 C:\Users\gelon\Desktop\ZA-Lite\assets/images/hollow\hollow_reward.png
2025-10-20 15:12:28 [TRACE] 【2】等待目标中 C:\Users\gelon\Desktop\ZA-Lite\assets/images/hollow\hollow_reward.png
2025-10-20 15:12:29 [TRACE] 【3】等待目标中 C:\Users\gelon\Desktop\ZA-Lite\assets/images/hollow\hollow_reward.png
2025-10-20 15:12:30 [TRACE] 【目标出现】C:\Users\gelon\Desktop\ZA-Lite\assets/images/hollow\hollow_reward.png 置信度：0.9999998211860657
2025-10-20 15:12:31 [TRACE] 【目标出现】C:\Users\gelon\Desktop\ZA-Lite\assets/images/hollow\hollow_claim.png 置信度：0.9869456887245178
2025-10-20 15:12:32 [SUCCESS] <--------空洞任务结束-------->
2025-10-20 15:12:32 [WARNING] 程序已经结束，按回车键退出(Enter)
