2025-10-20 04:43:48 [TRACE] 【线程启动】全局监听
2025-10-20 04:43:48 [TRACE] 【线程启动】终止监听
2025-10-20 04:43:48 [INFO] 现在执行 1 次零号空洞
2025-10-20 04:43:50 [DEBUG] 初始化完毕..启动{零号空洞}模块
2025-10-20 04:43:53 [DEBUG] 发现已存在的游戏窗口
2025-10-20 04:43:57 [SUCCESS] 程序开始接管操作，请保持游戏画面处于前台，终止按下Alt键
2025-10-20 04:43:57 [TRACE] 【线程启动】空洞搜索
2025-10-20 04:43:57 [TRACE] 【线程启动】空洞监听
2025-10-20 04:43:57 [TRACE] 【线程启动】空洞战斗
2025-10-20 04:43:57 [DEBUG] 正在返回菜单
2025-10-20 04:43:58 [TRACE] 正在返回菜单,请保持游戏画面处于前台
2025-10-20 04:44:00 [TRACE] 正在返回菜单,请保持游戏画面处于前台
2025-10-20 04:44:02 [TRACE] 现在处于大厅
2025-10-20 04:44:03 [INFO] 执行零号空洞任务中
2025-10-20 04:44:03 [TRACE] 【1】等待目标中 C:\Users\gelon\Desktop\ZA-Lite\assets/images/hollow\combat.png
2025-10-20 04:44:04 [TRACE] 【目标出现】C:\Users\gelon\Desktop\ZA-Lite\assets/images/hollow\combat.png 置信度：0.9762957096099854
2025-10-20 04:44:05 [TRACE] 【目标出现】C:\Users\gelon\Desktop\ZA-Lite\assets/images/hollow\zero_hollow.png 置信度：0.9999951720237732
2025-10-20 04:44:07 [TRACE] 【目标出现】C:\Users\gelon\Desktop\ZA-Lite\assets/images/hollow\go_hollow.png 置信度：0.9945083856582642
2025-10-20 04:44:08 [TRACE] 【目标出现】C:\Users\gelon\Desktop\ZA-Lite\assets/images/hollow\confirm.png 置信度：0.9839528799057007
2025-10-20 04:44:10 [TRACE] 【1】等待目标中 C:\Users\gelon\Desktop\ZA-Lite\assets/images/hollow\hollow_taskforce.png
2025-10-20 04:44:11 [TRACE] 【2】等待目标中 C:\Users\gelon\Desktop\ZA-Lite\assets/images/hollow\hollow_taskforce.png
2025-10-20 04:44:11 [TRACE] 【3】等待目标中 C:\Users\gelon\Desktop\ZA-Lite\assets/images/hollow\hollow_taskforce.png
2025-10-20 04:44:12 [TRACE] 【目标出现】C:\Users\gelon\Desktop\ZA-Lite\assets/images/hollow\hollow_taskforce.png 置信度：0.9999805688858032
2025-10-20 04:44:13 [TRACE] 【目标出现】C:\Users\gelon\Desktop\ZA-Lite\assets/images/hollow\strategy.png 置信度：1.0
2025-10-20 04:44:15 [TRACE] 【1】等待目标中 C:\Users\gelon\Desktop\ZA-Lite\assets/images/hollow\strategy_confirm.png
2025-10-20 04:44:15 [TRACE] 【目标出现】C:\Users\gelon\Desktop\ZA-Lite\assets/images/hollow\strategy_confirm.png 置信度：1.0
2025-10-20 04:44:17 [TRACE] 【目标出现】C:\Users\gelon\Desktop\ZA-Lite\assets/images/hollow\next_step.png 置信度：0.9775366187095642
2025-10-20 04:44:18 [TRACE] 【目标出现】C:\Users\gelon\Desktop\ZA-Lite\assets/images/daily\squad_preset.png 置信度：0.9862324595451355
2025-10-20 04:44:20 [TRACE] 【目标出现】C:\Users\gelon\Desktop\ZA-Lite\assets/images/daily\squad_3.png 置信度：0.9781851172447205
2025-10-20 04:44:21 [TRACE] 【目标出现】C:\Users\gelon\Desktop\ZA-Lite\assets/images/daily\select_squad.png 置信度：0.9682056903839111
2025-10-20 04:44:22 [TRACE] 【目标出现】C:\Users\gelon\Desktop\ZA-Lite\assets/images/hollow\start_battle.png 置信度：0.9810907244682312
2025-10-20 04:44:23 [TRACE] 【空洞监听】无匹配已持续：0秒
2025-10-20 04:44:24 [TRACE] 【目标检测】屏幕内没有目标
2025-10-20 04:44:25 [TRACE] 【目标检测】屏幕内没有目标
2025-10-20 04:44:26 [TRACE] 【目标检测】屏幕内没有目标
2025-10-20 04:44:27 [TRACE] 【目标检测】屏幕内没有目标
2025-10-20 04:44:28 [TRACE] 【目标检测】屏幕内没有目标
2025-10-20 04:44:29 [TRACE] 【空洞监听】无匹配已持续：5秒
2025-10-20 04:44:30 [TRACE] 【目标检测】屏幕内没有目标
2025-10-20 04:44:31 [TRACE] 【目标检测】屏幕内没有目标
2025-10-20 04:44:32 [TRACE] 【目标检测】屏幕内没有目标
2025-10-20 04:44:33 [TRACE] 【目标检测】屏幕内没有目标
2025-10-20 04:44:33 [TRACE] 【目标检测】屏幕内没有目标
2025-10-20 04:44:34 [TRACE] 【空洞监听】无匹配已持续：10秒
2025-10-20 04:44:35 [TRACE] 【目标检测】屏幕内没有目标
2025-10-20 04:44:36 [TRACE] 【目标检测】屏幕内没有目标
2025-10-20 04:44:37 [TRACE] 【目标检测】屏幕内没有目标
2025-10-20 04:44:38 [TRACE] 【目标检测】屏幕内没有目标
2025-10-20 04:44:40 [TRACE] 【目标检测】屏幕内没有目标
2025-10-20 04:44:41 [TRACE] 【空洞监听】无匹配已持续：17秒
2025-10-20 04:44:42 [TRACE] 【目标检测】屏幕内没有目标
2025-10-20 04:44:43 [TRACE] 【目标检测】屏幕内没有目标
2025-10-20 04:44:44 [TRACE] 【目标检测】屏幕内没有目标
2025-10-20 04:44:45 [TRACE] 【目标检测】屏幕内没有目标
2025-10-20 04:44:46 [TRACE] 【目标检测】屏幕内没有目标
2025-10-20 04:44:47 [TRACE] 【空洞监听】无匹配已持续：23秒
2025-10-20 04:44:52 [TRACE] 【目标检测】TRAPPED！ 类型：interact 置信度：0.9327771067619324
2025-10-20 04:44:52 [TRACE] 【空洞监听】无匹配已持续：28秒
2025-10-20 04:44:58 [TRACE] 【目标检测】屏幕内没有目标
2025-10-20 04:44:59 [TRACE] 【目标检测】屏幕内没有目标
2025-10-20 04:45:00 [TRACE] 【目标检测】屏幕内没有目标
2025-10-20 04:45:01 [TRACE] 【目标检测】屏幕内没有目标
2025-10-20 04:45:02 [TRACE] 【目标检测】屏幕内没有目标
2025-10-20 04:45:09 [TRACE] 【目标检测】微调超时，无法对齐！
2025-10-20 04:45:11 [TRACE] 【空洞监听】无匹配已持续：0秒
2025-10-20 04:45:13 [TRACE] 【目标检测】TRAPPED！ 类型：interact 置信度：0.9216850996017456
2025-10-20 04:45:16 [TRACE] 【空洞监听】无匹配已持续：5秒
2025-10-20 04:45:20 [TRACE] 【目标检测】屏幕内没有目标
2025-10-20 04:45:21 [TRACE] 【目标检测】屏幕内没有目标
2025-10-20 04:45:22 [TRACE] 【目标检测】屏幕内没有目标
2025-10-20 04:45:23 [TRACE] 【目标检测】屏幕内没有目标
2025-10-20 04:45:24 [TRACE] 【目标检测】目标存在，但置信度不足
2025-10-20 04:45:25 [TRACE] 【目标检测】目标存在，但置信度不足
2025-10-20 04:45:26 [TRACE] 【目标检测】屏幕内没有目标
2025-10-20 04:45:28 [TRACE] 【目标检测】屏幕内没有目标
2025-10-20 04:45:29 [TRACE] 【空洞监听】无匹配已持续：0秒
2025-10-20 04:45:29 [TRACE] 【目标检测】屏幕内没有目标
2025-10-20 04:45:30 [TRACE] 【目标检测】屏幕内没有目标
2025-10-20 04:45:32 [TRACE] 【目标检测】屏幕内没有目标
2025-10-20 04:45:33 [TRACE] 【目标检测】屏幕内没有目标
2025-10-20 04:45:35 [TRACE] 【空洞监听】无匹配已持续：6秒
2025-10-20 04:45:35 [TRACE] 【目标检测】屏幕内没有目标
2025-10-20 04:45:36 [TRACE] 【目标检测】屏幕内没有目标
2025-10-20 04:45:41 [TRACE] 【空洞监听】无匹配已持续：12秒
2025-10-20 04:45:41 [TRACE] 【目标检测】TRAPPED！ 类型：interact 置信度：0.9371904730796814
2025-10-20 04:45:47 [TRACE] 【状态】搜索模式：C:\Users\gelon\Desktop\ZA-Lite\assets/images/hollow\card.png 置信度：0.9999992847442627
2025-10-20 04:45:47 [TRACE] 【目标检测】屏幕内没有目标
2025-10-20 04:45:48 [TRACE] 【目标检测】目标存在，但置信度不足
2025-10-20 04:45:49 [TRACE] 【目标检测】目标存在，但置信度不足
2025-10-20 04:45:50 [TRACE] 【目标检测】目标存在，但置信度不足
2025-10-20 04:45:51 [TRACE] 【目标检测】目标存在，但置信度不足
2025-10-20 04:45:52 [TRACE] 【目标检测】目标存在，但置信度不足
2025-10-20 04:45:53 [TRACE] 【目标检测】TRAPPED！ 类型：blue_portal 置信度：0.8826761245727539
2025-10-20 04:45:59 [TRACE] 【空洞监听】无匹配已持续：0秒
2025-10-20 04:46:01 [TRACE] 【目标检测】微调超时，无法对齐！
2025-10-20 04:46:04 [TRACE] 【目标检测】TRAPPED！ 类型：blue_portal 置信度：0.7904647588729858
2025-10-20 04:46:05 [TRACE] 【空洞监听】无匹配已持续：5秒
2025-10-20 04:46:11 [TRACE] 【空洞监听】无匹配已持续：11秒
2025-10-20 04:46:12 [TRACE] 【目标检测】屏幕内没有目标
2025-10-20 04:46:12 [TRACE] 【目标检测】屏幕内没有目标
2025-10-20 04:46:13 [TRACE] 【目标检测】屏幕内没有目标
2025-10-20 04:46:14 [TRACE] 【目标检测】屏幕内没有目标
2025-10-20 04:46:15 [TRACE] 【目标检测】屏幕内没有目标
2025-10-20 04:46:16 [TRACE] 【空洞监听】无匹配已持续：17秒
2025-10-20 04:46:18 [TRACE] 【目标检测】屏幕内没有目标
2025-10-20 04:46:19 [TRACE] 【目标检测】屏幕内没有目标
2025-10-20 04:46:19 [TRACE] 【线程启动】攻击检测
2025-10-20 04:46:19 [TRACE] 【状态】战斗模式：C:\Users\gelon\Desktop\ZA-Lite\assets/images/hollow\battle_1.png 置信度：0.9999997019767761
2025-10-20 04:46:19 [TRACE] 【状态】战斗模式：C:\Users\gelon\Desktop\ZA-Lite\assets/images/hollow\battle_2.png 置信度：1.0
2025-10-20 04:46:23 [TRACE] 【状态】战斗模式：正在受到攻击
2025-10-20 04:46:27 [TRACE] 【状态】战斗模式：C:\Users\gelon\Desktop\ZA-Lite\assets/images/hollow\battle_5.png 置信度：0.9804102778434753
2025-10-20 04:46:30 [TRACE] 【状态】战斗模式：正在受到攻击
2025-10-20 04:46:33 [TRACE] 【状态】战斗模式：C:\Users\gelon\Desktop\ZA-Lite\assets/images/hollow\battle_5.png 置信度：0.9862423539161682
2025-10-20 04:46:40 [TRACE] 【状态】战斗模式：C:\Users\gelon\Desktop\ZA-Lite\assets/images/hollow\battle_3.png 置信度：0.9999998807907104
2025-10-20 04:46:40 [TRACE] 【状态】战斗模式：C:\Users\gelon\Desktop\ZA-Lite\assets/images/hollow\battle_5.png 置信度：0.9734957218170166
2025-10-20 04:46:51 [TRACE] 【状态】搜索模式：C:\Users\gelon\Desktop\ZA-Lite\assets/images/hollow\next_area.png 置信度：0.999999463558197
2025-10-20 04:46:52 [TRACE] 【目标检测】屏幕内没有目标
2025-10-20 04:46:53 [TRACE] 【目标检测】屏幕内没有目标
2025-10-20 04:46:58 [TRACE] 【目标检测】微调超时，无法对齐！
2025-10-20 04:47:02 [TRACE] 【空洞监听】无匹配已持续：0秒
2025-10-20 04:47:02 [TRACE] 【目标检测】TRAPPED！ 类型：blue_portal 置信度：0.9379710555076599
2025-10-20 04:47:07 [TRACE] 【空洞监听】无匹配已持续：5秒
2025-10-20 04:47:08 [TRACE] 【目标检测】屏幕内没有目标
2025-10-20 04:47:11 [TRACE] 【目标检测】TRAPPED！ 类型：interact 置信度：0.9413994550704956
2025-10-20 04:47:13 [TRACE] 【空洞监听】无匹配已持续：11秒
2025-10-20 04:47:17 [TRACE] 【目标检测】屏幕内没有目标
2025-10-20 04:47:18 [TRACE] 【目标检测】屏幕内没有目标
2025-10-20 04:47:19 [TRACE] 【目标检测】屏幕内没有目标
2025-10-20 04:47:20 [TRACE] 【目标检测】屏幕内没有目标
2025-10-20 04:47:20 [TRACE] 【目标检测】屏幕内没有目标
2025-10-20 04:47:23 [TRACE] 【目标检测】屏幕内没有目标
2025-10-20 04:47:24 [TRACE] 【目标检测】屏幕内没有目标
2025-10-20 04:47:25 [TRACE] 【目标检测】屏幕内没有目标
2025-10-20 04:47:26 [TRACE] 【目标检测】屏幕内没有目标
2025-10-20 04:47:26 [TRACE] 【目标检测】屏幕内没有目标
2025-10-20 04:47:28 [TRACE] 【目标检测】屏幕内没有目标
2025-10-20 04:47:29 [TRACE] 【目标检测】屏幕内没有目标
2025-10-20 04:47:30 [TRACE] 【目标检测】屏幕内没有目标
2025-10-20 04:47:31 [TRACE] 【目标检测】屏幕内没有目标
2025-10-20 04:47:32 [TRACE] 【目标检测】屏幕内没有目标
2025-10-20 04:47:34 [TRACE] 【目标检测】屏幕内没有目标
2025-10-20 04:47:35 [TRACE] 【目标检测】屏幕内没有目标
2025-10-20 04:47:36 [TRACE] 【目标检测】屏幕内没有目标
2025-10-20 04:47:37 [TRACE] 【目标检测】屏幕内没有目标
2025-10-20 04:47:37 [TRACE] 【目标检测】屏幕内没有目标
2025-10-20 04:47:40 [TRACE] 【目标检测】屏幕内没有目标
2025-10-20 04:47:41 [TRACE] 【目标检测】屏幕内没有目标
2025-10-20 04:47:42 [TRACE] 【目标检测】屏幕内没有目标
2025-10-20 04:47:43 [TRACE] 【目标检测】屏幕内没有目标
2025-10-20 04:47:44 [TRACE] 【目标检测】屏幕内没有目标
2025-10-20 04:47:46 [TRACE] 【目标检测】屏幕内没有目标
2025-10-20 04:47:47 [TRACE] 【目标检测】屏幕内没有目标
2025-10-20 04:47:48 [TRACE] 【目标检测】屏幕内没有目标
2025-10-20 04:47:48 [TRACE] 【目标检测】屏幕内没有目标
2025-10-20 04:47:49 [TRACE] 【目标检测】屏幕内没有目标
2025-10-20 04:47:52 [TRACE] 【目标检测】屏幕内没有目标
2025-10-20 04:47:53 [TRACE] 【目标检测】屏幕内没有目标
2025-10-20 04:47:53 [TRACE] 【目标检测】屏幕内没有目标
2025-10-20 04:47:55 [TRACE] 【目标检测】屏幕内没有目标
2025-10-20 04:47:55 [TRACE] 【目标检测】屏幕内没有目标
2025-10-20 04:47:57 [TRACE] 【目标检测】屏幕内没有目标
2025-10-20 04:47:58 [TRACE] 【目标检测】屏幕内没有目标
2025-10-20 04:47:59 [TRACE] 【目标检测】屏幕内没有目标
2025-10-20 04:48:00 [TRACE] 【目标检测】屏幕内没有目标
2025-10-20 04:48:01 [TRACE] 【目标检测】屏幕内没有目标
2025-10-20 04:48:03 [TRACE] 【目标检测】屏幕内没有目标
2025-10-20 04:48:04 [TRACE] 【目标检测】屏幕内没有目标
2025-10-20 04:48:05 [TRACE] 【目标检测】屏幕内没有目标
2025-10-20 04:48:06 [TRACE] 【目标检测】屏幕内没有目标
2025-10-20 04:48:06 [TRACE] 【目标检测】屏幕内没有目标
2025-10-20 04:48:08 [TRACE] 【目标检测】屏幕内没有目标
2025-10-20 04:48:09 [TRACE] 【目标检测】屏幕内没有目标
2025-10-20 04:48:10 [TRACE] 【目标检测】屏幕内没有目标
2025-10-20 04:48:11 [TRACE] 【目标检测】屏幕内没有目标
2025-10-20 04:48:12 [TRACE] 【目标检测】屏幕内没有目标
2025-10-20 04:48:14 [TRACE] 【目标检测】屏幕内没有目标
2025-10-20 04:48:15 [TRACE] 【目标检测】屏幕内没有目标
2025-10-20 04:48:16 [TRACE] 【目标检测】屏幕内没有目标
2025-10-20 04:48:17 [TRACE] 【目标检测】屏幕内没有目标
2025-10-20 04:48:18 [TRACE] 【目标检测】屏幕内没有目标
2025-10-20 04:48:20 [TRACE] 【目标检测】屏幕内没有目标
2025-10-20 04:48:20 [TRACE] 【目标检测】屏幕内没有目标
2025-10-20 04:48:21 [TRACE] 【目标检测】屏幕内没有目标
2025-10-20 04:48:22 [TRACE] 【目标检测】屏幕内没有目标
2025-10-20 04:48:23 [TRACE] 【目标检测】屏幕内没有目标
2025-10-20 04:48:25 [TRACE] 【状态】搜索模式：C:\Users\gelon\Desktop\ZA-Lite\assets/images/hollow\resonium.png 置信度：0.9920591711997986
2025-10-20 04:48:25 [TRACE] 【目标出现】C:\Users\gelon\Desktop\ZA-Lite\assets/images/hollow\resonium.png 置信度：0.9920588731765747
2025-10-20 04:48:25 [TRACE] 【本轮的坐标】：(np.int64(1581), np.int64(461)) ------------
2025-10-20 04:48:25 [TRACE] 【已点击过的坐标】：[(-10, -10)]
2025-10-20 04:48:25 [TRACE] 【成功点击】
2025-10-20 04:48:25 [TRACE] 【目标检测】屏幕内没有目标
2025-10-20 04:48:26 [TRACE] 【本轮的坐标】：(np.int64(1582), np.int64(461)) ------------
2025-10-20 04:48:26 [TRACE] 【已点击过的坐标】：[(-10, -10), (np.int64(1581), np.int64(461))]
2025-10-20 04:48:26 [TRACE] 【坐标太近】视为重复
2025-10-20 04:48:26 [TRACE] 【没有通过的坐标】开始下一轮
2025-10-20 04:48:26 [TRACE] 【本轮的坐标】：(np.int64(1580), np.int64(462)) ------------
2025-10-20 04:48:26 [TRACE] 【已点击过的坐标】：[(-10, -10), (np.int64(1581), np.int64(461))]
2025-10-20 04:48:26 [TRACE] 【坐标太近】视为重复
2025-10-20 04:48:26 [TRACE] 【没有通过的坐标】开始下一轮
2025-10-20 04:48:26 [TRACE] 【本轮的坐标】：(np.int64(1581), np.int64(462)) ------------
2025-10-20 04:48:26 [TRACE] 【已点击过的坐标】：[(-10, -10), (np.int64(1581), np.int64(461))]
2025-10-20 04:48:26 [TRACE] 【坐标太近】视为重复
2025-10-20 04:48:26 [TRACE] 【没有通过的坐标】开始下一轮
2025-10-20 04:48:26 [TRACE] 【本轮的坐标】：(np.int64(1582), np.int64(462)) ------------
2025-10-20 04:48:26 [TRACE] 【已点击过的坐标】：[(-10, -10), (np.int64(1581), np.int64(461))]
2025-10-20 04:48:26 [TRACE] 【坐标太近】视为重复
2025-10-20 04:48:26 [TRACE] 【没有通过的坐标】开始下一轮
2025-10-20 04:48:26 [TRACE] 【本轮的坐标】：(np.int64(1581), np.int64(463)) ------------
2025-10-20 04:48:26 [TRACE] 【已点击过的坐标】：[(-10, -10), (np.int64(1581), np.int64(461))]
2025-10-20 04:48:26 [TRACE] 【坐标太近】视为重复
2025-10-20 04:48:26 [TRACE] 【没有通过的坐标】开始下一轮
2025-10-20 04:48:26 [TRACE] 【完成所有点击】有效次数：1
2025-10-20 04:48:26 [TRACE] 【目标检测】屏幕内没有目标
2025-10-20 04:48:27 [TRACE] 【目标检测】屏幕内没有目标
2025-10-20 04:48:28 [TRACE] 【目标检测】屏幕内没有目标
2025-10-20 04:48:29 [TRACE] 【目标检测】屏幕内没有目标
2025-10-20 04:48:35 [TRACE] 【状态】搜索模式：C:\Users\gelon\Desktop\ZA-Lite\assets/images/hollow\meter.png 置信度：0.9154157042503357
2025-10-20 04:48:35 [TRACE] 【目标检测】微调超时，无法对齐！
2025-10-20 04:48:38 [TRACE] 【目标检测】屏幕内没有目标
2025-10-20 04:48:42 [TRACE] 【目标检测】目标存在，但置信度不足
2025-10-20 04:48:43 [TRACE] 【空洞监听】无匹配已持续：0秒
2025-10-20 04:48:43 [TRACE] 【目标检测】微调超时，无法对齐！
2025-10-20 04:48:46 [TRACE] 【状态】搜索模式：C:\Users\gelon\Desktop\ZA-Lite\assets/images/hollow\meter.png 置信度：0.9104589819908142
2025-10-20 04:48:47 [TRACE] 【目标检测】TRAPPED！ 类型：guide_point 置信度：0.9050032496452332
2025-10-20 04:48:53 [TRACE] 【目标检测】屏幕内没有目标
2025-10-20 04:48:53 [TRACE] 【空洞监听】无匹配已持续：0秒
2025-10-20 04:48:54 [TRACE] 【目标检测】屏幕内没有目标
2025-10-20 04:48:55 [TRACE] 【目标检测】屏幕内没有目标
2025-10-20 04:48:56 [TRACE] 【目标检测】屏幕内没有目标
2025-10-20 04:48:57 [TRACE] 【目标检测】屏幕内没有目标
2025-10-20 04:49:00 [TRACE] 【目标检测】屏幕内没有目标
2025-10-20 04:49:00 [TRACE] 【空洞监听】无匹配已持续：6秒
2025-10-20 04:49:01 [TRACE] 【目标检测】屏幕内没有目标
2025-10-20 04:49:02 [TRACE] 【目标检测】屏幕内没有目标
2025-10-20 04:49:03 [TRACE] 【状态】战斗模式：C:\Users\gelon\Desktop\ZA-Lite\assets/images/hollow\battle_3.png 置信度：0.9999997615814209
2025-10-20 04:49:03 [TRACE] 【目标检测】屏幕内没有目标
2025-10-20 04:49:06 [TRACE] 【状态】战斗模式：正在受到攻击
2025-10-20 04:49:12 [TRACE] 【空洞监听】无匹配已持续：0秒
2025-10-20 04:49:18 [TRACE] 【状态】战斗模式：正在受到攻击
2025-10-20 04:49:22 [TRACE] 【状态】战斗模式：C:\Users\gelon\Desktop\ZA-Lite\assets/images/hollow\battle_5.png 置信度：0.9968961477279663
2025-10-20 04:49:31 [TRACE] 【空洞监听】无匹配已持续：0秒
2025-10-20 04:49:35 [TRACE] 【状态】搜索模式：C:\Users\gelon\Desktop\ZA-Lite\assets/images/hollow\meter.png 置信度：0.9891561269760132
2025-10-20 04:49:40 [TRACE] 【目标检测】微调超时，无法对齐！
2025-10-20 04:49:43 [TRACE] 【空洞监听】无匹配已持续：0秒
2025-10-20 04:49:46 [TRACE] 【目标检测】TRAPPED！ 类型：guide_point 置信度：0.9001816511154175
2025-10-20 04:49:47 [TRACE] 【状态】搜索模式：C:\Users\gelon\Desktop\ZA-Lite\assets/images/hollow\meter.png 置信度：0.9389289021492004
2025-10-20 04:49:52 [TRACE] 【目标检测】屏幕内没有目标
2025-10-20 04:49:53 [TRACE] 【目标检测】屏幕内没有目标
2025-10-20 04:49:53 [TRACE] 【目标检测】屏幕内没有目标
2025-10-20 04:49:54 [TRACE] 【空洞监听】无匹配已持续：0秒
2025-10-20 04:49:54 [TRACE] 【目标检测】屏幕内没有目标
2025-10-20 04:49:55 [TRACE] 【目标检测】屏幕内没有目标
2025-10-20 04:49:57 [TRACE] 【目标检测】屏幕内没有目标
2025-10-20 04:49:58 [TRACE] 【目标检测】屏幕内没有目标
2025-10-20 04:50:00 [TRACE] 【目标检测】屏幕内没有目标
2025-10-20 04:50:00 [TRACE] 【空洞监听】无匹配已持续：5秒
2025-10-20 04:50:01 [TRACE] 【目标检测】屏幕内没有目标
2025-10-20 04:50:02 [TRACE] 【目标检测】屏幕内没有目标
2025-10-20 04:50:03 [TRACE] 【状态】战斗模式：C:\Users\gelon\Desktop\ZA-Lite\assets/images/hollow\battle_3.png 置信度：0.9999999403953552
2025-10-20 04:50:13 [TRACE] 【空洞监听】无匹配已持续：0秒
2025-10-20 04:50:19 [TRACE] 【空洞监听】无匹配已持续：6秒
2025-10-20 04:50:26 [TRACE] 【空洞监听】无匹配已持续：12秒
2025-10-20 04:50:32 [TRACE] 【状态】战斗模式：正在受到攻击
2025-10-20 04:50:38 [TRACE] 【空洞监听】无匹配已持续：0秒
2025-10-20 04:50:42 [TRACE] 【状态】战斗模式：C:\Users\gelon\Desktop\ZA-Lite\assets/images/hollow\battle_5.png 置信度：0.9750531315803528
2025-10-20 04:50:49 [TRACE] 【状态】战斗模式：C:\Users\gelon\Desktop\ZA-Lite\assets/images/hollow\battle_5.png 置信度：0.9831823110580444
2025-10-20 04:50:58 [TRACE] 【空洞监听】无匹配已持续：0秒
2025-10-20 04:51:05 [TRACE] 【空洞监听】无匹配已持续：6秒
2025-10-20 04:51:09 [TRACE] 【状态】战斗模式：C:\Users\gelon\Desktop\ZA-Lite\assets/images/hollow\battle_5.png 置信度：0.9801197648048401
2025-10-20 04:51:19 [TRACE] 【空洞监听】无匹配已持续：0秒
2025-10-20 04:51:20 [TRACE] 【状态】搜索模式：C:\Users\gelon\Desktop\ZA-Lite\assets/images/hollow\next_area.png 置信度：0.9999993443489075
2025-10-20 04:51:21 [TRACE] 【目标检测】屏幕内没有目标
2025-10-20 04:51:22 [TRACE] 【目标检测】屏幕内没有目标
2025-10-20 04:51:24 [TRACE] 【目标检测】目标存在，但置信度不足
2025-10-20 04:51:27 [TRACE] 【目标检测】目标存在，但置信度不足
2025-10-20 04:51:29 [TRACE] 【状态】搜索模式：C:\Users\gelon\Desktop\ZA-Lite\assets/images/hollow\meter.png 置信度：0.9268339276313782
2025-10-20 04:51:29 [TRACE] 【目标检测】目标存在，但置信度不足
2025-10-20 04:51:30 [TRACE] 【目标检测】目标存在，但置信度不足
2025-10-20 04:51:31 [TRACE] 【目标检测】屏幕内没有目标
2025-10-20 04:51:33 [TRACE] 【目标检测】微调超时，无法对齐！
2025-10-20 04:51:36 [TRACE] 【空洞监听】无匹配已持续：0秒
2025-10-20 04:51:39 [TRACE] 【目标检测】微调超时，无法对齐！
2025-10-20 04:51:40 [TRACE] 【状态】搜索模式：C:\Users\gelon\Desktop\ZA-Lite\assets/images/hollow\meter.png 置信度：0.9577475190162659
2025-10-20 04:51:43 [TRACE] 【目标检测】TRAPPED！ 类型：guide_point 置信度：0.7535532712936401
2025-10-20 04:51:48 [TRACE] 【空洞监听】无匹配已持续：0秒
2025-10-20 04:51:49 [TRACE] 【目标检测】屏幕内没有目标
2025-10-20 04:51:50 [TRACE] 【目标检测】屏幕内没有目标
2025-10-20 04:51:51 [TRACE] 【目标检测】屏幕内没有目标
2025-10-20 04:51:52 [TRACE] 【目标检测】目标存在，但置信度不足
2025-10-20 04:51:53 [TRACE] 【空洞监听】无匹配已持续：5秒
2025-10-20 04:51:53 [TRACE] 【目标检测】屏幕内没有目标
2025-10-20 04:51:55 [TRACE] 【目标检测】屏幕内没有目标
2025-10-20 04:51:57 [TRACE] 【目标检测】屏幕内没有目标
2025-10-20 04:51:58 [TRACE] 【目标检测】屏幕内没有目标
2025-10-20 04:51:59 [TRACE] 【目标检测】屏幕内没有目标
2025-10-20 04:51:59 [TRACE] 【空洞监听】无匹配已持续：11秒
2025-10-20 04:52:00 [TRACE] 【目标检测】屏幕内没有目标
2025-10-20 04:52:01 [TRACE] 【目标检测】屏幕内没有目标
2025-10-20 04:52:03 [TRACE] 【目标检测】屏幕内没有目标
2025-10-20 04:52:04 [TRACE] 【目标检测】屏幕内没有目标
2025-10-20 04:52:04 [TRACE] 【空洞监听】无匹配已持续：16秒
2025-10-20 04:52:05 [TRACE] 【目标检测】屏幕内没有目标
2025-10-20 04:52:06 [TRACE] 【目标检测】屏幕内没有目标
2025-10-20 04:52:07 [TRACE] 【目标检测】屏幕内没有目标
2025-10-20 04:52:07 [TRACE] 【状态】战斗模式：C:\Users\gelon\Desktop\ZA-Lite\assets/images/hollow\battle_5.png 置信度：0.9590162038803101
2025-10-20 04:52:17 [TRACE] 【空洞监听】无匹配已持续：0秒
2025-10-20 04:52:23 [TRACE] 【空洞监听】无匹配已持续：6秒
2025-10-20 04:52:30 [TRACE] 【状态】战斗模式：正在受到攻击
2025-10-20 04:52:34 [TRACE] 【状态】战斗模式：C:\Users\gelon\Desktop\ZA-Lite\assets/images/hollow\battle_5.png 置信度：0.962918221950531
2025-10-20 04:52:43 [TRACE] 【空洞监听】无匹配已持续：0秒
2025-10-20 04:52:50 [TRACE] 【空洞监听】无匹配已持续：6秒
2025-10-20 04:52:57 [TRACE] 【空洞监听】无匹配已持续：13秒
2025-10-20 04:53:00 [TRACE] 【状态】战斗模式：C:\Users\gelon\Desktop\ZA-Lite\assets/images/hollow\battle_5.png 置信度：0.9737457633018494
2025-10-20 04:53:09 [TRACE] 【空洞监听】无匹配已持续：0秒
2025-10-20 04:53:15 [TRACE] 【空洞监听】无匹配已持续：6秒
2025-10-20 04:53:19 [TRACE] 【状态】战斗模式：C:\Users\gelon\Desktop\ZA-Lite\assets/images/hollow\battle_5.png 置信度：0.9928649067878723
2025-10-20 04:53:25 [TRACE] 【状态】战斗模式：C:\Users\gelon\Desktop\ZA-Lite\assets/images/hollow\battle_5.png 置信度：0.9892775416374207
2025-10-20 04:53:34 [TRACE] 【状态】战斗模式：正在受到攻击
2025-10-20 04:53:41 [TRACE] 【状态】战斗模式：正在受到攻击
2025-10-20 04:53:47 [TRACE] 【状态】战斗模式：正在受到攻击
2025-10-20 04:53:51 [TRACE] 【状态】战斗模式：C:\Users\gelon\Desktop\ZA-Lite\assets/images/hollow\battle_5.png 置信度：0.9899356961250305
2025-10-20 04:54:00 [TRACE] 【状态】战斗模式：正在受到攻击
2025-10-20 04:54:04 [TRACE] 【状态】战斗模式：C:\Users\gelon\Desktop\ZA-Lite\assets/images/hollow\battle_5.png 置信度：0.9853236675262451
2025-10-20 04:54:10 [TRACE] 【状态】战斗模式：C:\Users\gelon\Desktop\ZA-Lite\assets/images/hollow\battle_5.png 置信度：0.9920573234558105
2025-10-20 04:54:13 [TRACE] 【状态】战斗模式：正在受到攻击
2025-10-20 04:54:17 [TRACE] 【状态】战斗模式：C:\Users\gelon\Desktop\ZA-Lite\assets/images/hollow\battle_5.png 置信度：0.9737693071365356
2025-10-20 04:54:20 [TRACE] 【状态】战斗模式：正在受到攻击
2025-10-20 04:54:23 [TRACE] 【状态】战斗模式：C:\Users\gelon\Desktop\ZA-Lite\assets/images/hollow\battle_5.png 置信度：0.9857098460197449
2025-10-20 04:54:30 [TRACE] 【状态】战斗模式：C:\Users\gelon\Desktop\ZA-Lite\assets/images/hollow\battle_5.png 置信度：0.9679194092750549
2025-10-20 04:54:32 [TRACE] 【状态】战斗模式：正在受到攻击
2025-10-20 04:54:38 [TRACE] 【空洞监听】无匹配已持续：0秒
2025-10-20 04:54:45 [TRACE] 【状态】战斗模式：正在受到攻击
2025-10-20 04:54:51 [TRACE] 【状态】战斗模式：正在受到攻击
2025-10-20 04:54:57 [TRACE] 【空洞监听】无匹配已持续：0秒
2025-10-20 04:55:01 [TRACE] 【状态】战斗模式：C:\Users\gelon\Desktop\ZA-Lite\assets/images/hollow\battle_5.png 置信度：0.9778379201889038
2025-10-20 04:55:04 [TRACE] 【状态】战斗模式：正在受到攻击
2025-10-20 04:55:10 [TRACE] 【空洞监听】无匹配已持续：0秒
2025-10-20 04:55:11 [TRACE] 【状态】搜索模式：C:\Users\gelon\Desktop\ZA-Lite\assets/images/hollow\gear.png 置信度：1.0
2025-10-20 04:55:12 [TRACE] 【目标检测】屏幕内没有目标
2025-10-20 04:55:13 [TRACE] 【目标检测】屏幕内没有目标
2025-10-20 04:55:14 [TRACE] 【目标检测】屏幕内没有目标
2025-10-20 04:55:14 [TRACE] 【目标检测】屏幕内没有目标
2025-10-20 04:55:15 [TRACE] 【目标检测】屏幕内没有目标
2025-10-20 04:55:16 [TRACE] 【状态】搜索模式：C:\Users\gelon\Desktop\ZA-Lite\assets/images/hollow\resonium.png 置信度：1.0
2025-10-20 04:55:16 [TRACE] 【目标出现】C:\Users\gelon\Desktop\ZA-Lite\assets/images/hollow\resonium.png 置信度：1.0
2025-10-20 04:55:16 [TRACE] 【本轮的坐标】：(np.int64(1174), np.int64(461)) ------------
2025-10-20 04:55:16 [TRACE] 【已点击过的坐标】：[(-10, -10)]
2025-10-20 04:55:16 [TRACE] 【成功点击】
2025-10-20 04:55:17 [TRACE] 【本轮的坐标】：(np.int64(1581), np.int64(461)) ------------
2025-10-20 04:55:17 [TRACE] 【已点击过的坐标】：[(-10, -10), (np.int64(1174), np.int64(461))]
2025-10-20 04:55:17 [TRACE] 【成功点击】
2025-10-20 04:55:17 [TRACE] 【目标检测】目标存在，但置信度不足
2025-10-20 04:55:18 [TRACE] 【本轮的坐标】：(np.int64(1582), np.int64(461)) ------------
2025-10-20 04:55:18 [TRACE] 【已点击过的坐标】：[(-10, -10), (np.int64(1174), np.int64(461)), (np.int64(1581), np.int64(461))]
2025-10-20 04:55:18 [TRACE] 【坐标太近】视为重复
2025-10-20 04:55:18 [TRACE] 【没有通过的坐标】开始下一轮
2025-10-20 04:55:18 [TRACE] 【本轮的坐标】：(np.int64(1988), np.int64(461)) ------------
2025-10-20 04:55:18 [TRACE] 【已点击过的坐标】：[(-10, -10), (np.int64(1174), np.int64(461)), (np.int64(1581), np.int64(461))]
2025-10-20 04:55:18 [TRACE] 【成功点击】
2025-10-20 04:55:18 [TRACE] 【目标检测】目标存在，但置信度不足
2025-10-20 04:55:18 [TRACE] 【本轮的坐标】：(np.int64(1989), np.int64(461)) ------------
2025-10-20 04:55:18 [TRACE] 【已点击过的坐标】：[(-10, -10), (np.int64(1174), np.int64(461)), (np.int64(1581), np.int64(461)), (np.int64(1988), np.int64(461))]
2025-10-20 04:55:18 [TRACE] 【坐标太近】视为重复
2025-10-20 04:55:18 [TRACE] 【没有通过的坐标】开始下一轮
2025-10-20 04:55:18 [TRACE] 【本轮的坐标】：(np.int64(1173), np.int64(462)) ------------
2025-10-20 04:55:18 [TRACE] 【已点击过的坐标】：[(-10, -10), (np.int64(1174), np.int64(461)), (np.int64(1581), np.int64(461)), (np.int64(1988), np.int64(461))]
2025-10-20 04:55:18 [TRACE] 【坐标太近】视为重复
2025-10-20 04:55:18 [TRACE] 【没有通过的坐标】开始下一轮
2025-10-20 04:55:18 [TRACE] 【本轮的坐标】：(np.int64(1174), np.int64(462)) ------------
2025-10-20 04:55:18 [TRACE] 【已点击过的坐标】：[(-10, -10), (np.int64(1174), np.int64(461)), (np.int64(1581), np.int64(461)), (np.int64(1988), np.int64(461))]
2025-10-20 04:55:18 [TRACE] 【坐标太近】视为重复
2025-10-20 04:55:18 [TRACE] 【没有通过的坐标】开始下一轮
2025-10-20 04:55:18 [TRACE] 【本轮的坐标】：(np.int64(1175), np.int64(462)) ------------
2025-10-20 04:55:18 [TRACE] 【已点击过的坐标】：[(-10, -10), (np.int64(1174), np.int64(461)), (np.int64(1581), np.int64(461)), (np.int64(1988), np.int64(461))]
2025-10-20 04:55:18 [TRACE] 【坐标太近】视为重复
2025-10-20 04:55:18 [TRACE] 【没有通过的坐标】开始下一轮
2025-10-20 04:55:18 [TRACE] 【本轮的坐标】：(np.int64(1580), np.int64(462)) ------------
2025-10-20 04:55:18 [TRACE] 【已点击过的坐标】：[(-10, -10), (np.int64(1174), np.int64(461)), (np.int64(1581), np.int64(461)), (np.int64(1988), np.int64(461))]
2025-10-20 04:55:18 [TRACE] 【坐标太近】视为重复
2025-10-20 04:55:18 [TRACE] 【没有通过的坐标】开始下一轮
2025-10-20 04:55:18 [TRACE] 【本轮的坐标】：(np.int64(1581), np.int64(462)) ------------
2025-10-20 04:55:18 [TRACE] 【已点击过的坐标】：[(-10, -10), (np.int64(1174), np.int64(461)), (np.int64(1581), np.int64(461)), (np.int64(1988), np.int64(461))]
2025-10-20 04:55:18 [TRACE] 【坐标太近】视为重复
2025-10-20 04:55:18 [TRACE] 【没有通过的坐标】开始下一轮
2025-10-20 04:55:18 [TRACE] 【本轮的坐标】：(np.int64(1582), np.int64(462)) ------------
2025-10-20 04:55:18 [TRACE] 【已点击过的坐标】：[(-10, -10), (np.int64(1174), np.int64(461)), (np.int64(1581), np.int64(461)), (np.int64(1988), np.int64(461))]
2025-10-20 04:55:18 [TRACE] 【坐标太近】视为重复
2025-10-20 04:55:18 [TRACE] 【没有通过的坐标】开始下一轮
2025-10-20 04:55:18 [TRACE] 【本轮的坐标】：(np.int64(1987), np.int64(462)) ------------
2025-10-20 04:55:18 [TRACE] 【已点击过的坐标】：[(-10, -10), (np.int64(1174), np.int64(461)), (np.int64(1581), np.int64(461)), (np.int64(1988), np.int64(461))]
2025-10-20 04:55:18 [TRACE] 【坐标太近】视为重复
2025-10-20 04:55:18 [TRACE] 【没有通过的坐标】开始下一轮
2025-10-20 04:55:18 [TRACE] 【本轮的坐标】：(np.int64(1988), np.int64(462)) ------------
2025-10-20 04:55:18 [TRACE] 【已点击过的坐标】：[(-10, -10), (np.int64(1174), np.int64(461)), (np.int64(1581), np.int64(461)), (np.int64(1988), np.int64(461))]
2025-10-20 04:55:18 [TRACE] 【坐标太近】视为重复
2025-10-20 04:55:18 [TRACE] 【没有通过的坐标】开始下一轮
2025-10-20 04:55:18 [TRACE] 【本轮的坐标】：(np.int64(1989), np.int64(462)) ------------
2025-10-20 04:55:18 [TRACE] 【已点击过的坐标】：[(-10, -10), (np.int64(1174), np.int64(461)), (np.int64(1581), np.int64(461)), (np.int64(1988), np.int64(461))]
2025-10-20 04:55:18 [TRACE] 【坐标太近】视为重复
2025-10-20 04:55:18 [TRACE] 【没有通过的坐标】开始下一轮
2025-10-20 04:55:18 [TRACE] 【本轮的坐标】：(np.int64(1990), np.int64(462)) ------------
2025-10-20 04:55:18 [TRACE] 【已点击过的坐标】：[(-10, -10), (np.int64(1174), np.int64(461)), (np.int64(1581), np.int64(461)), (np.int64(1988), np.int64(461))]
2025-10-20 04:55:18 [TRACE] 【坐标太近】视为重复
2025-10-20 04:55:18 [TRACE] 【没有通过的坐标】开始下一轮
2025-10-20 04:55:18 [TRACE] 【本轮的坐标】：(np.int64(1174), np.int64(463)) ------------
2025-10-20 04:55:18 [TRACE] 【已点击过的坐标】：[(-10, -10), (np.int64(1174), np.int64(461)), (np.int64(1581), np.int64(461)), (np.int64(1988), np.int64(461))]
2025-10-20 04:55:18 [TRACE] 【坐标太近】视为重复
2025-10-20 04:55:18 [TRACE] 【没有通过的坐标】开始下一轮
2025-10-20 04:55:18 [TRACE] 【本轮的坐标】：(np.int64(1581), np.int64(463)) ------------
2025-10-20 04:55:18 [TRACE] 【已点击过的坐标】：[(-10, -10), (np.int64(1174), np.int64(461)), (np.int64(1581), np.int64(461)), (np.int64(1988), np.int64(461))]
2025-10-20 04:55:18 [TRACE] 【坐标太近】视为重复
2025-10-20 04:55:18 [TRACE] 【没有通过的坐标】开始下一轮
2025-10-20 04:55:18 [TRACE] 【本轮的坐标】：(np.int64(1988), np.int64(463)) ------------
2025-10-20 04:55:18 [TRACE] 【已点击过的坐标】：[(-10, -10), (np.int64(1174), np.int64(461)), (np.int64(1581), np.int64(461)), (np.int64(1988), np.int64(461))]
2025-10-20 04:55:18 [TRACE] 【坐标太近】视为重复
2025-10-20 04:55:18 [TRACE] 【没有通过的坐标】开始下一轮
2025-10-20 04:55:18 [TRACE] 【完成所有点击】有效次数：3
2025-10-20 04:55:18 [TRACE] 【目标检测】屏幕内没有目标
2025-10-20 04:55:19 [TRACE] 【目标检测】屏幕内没有目标
2025-10-20 04:55:20 [TRACE] 【目标检测】屏幕内没有目标
2025-10-20 04:55:21 [TRACE] 【目标检测】屏幕内没有目标
2025-10-20 04:55:22 [TRACE] 【目标检测】屏幕内没有目标
2025-10-20 04:55:25 [TRACE] 【目标检测】屏幕内没有目标
2025-10-20 04:55:26 [TRACE] 【目标检测】屏幕内没有目标
2025-10-20 04:55:27 [TRACE] 【目标检测】屏幕内没有目标
2025-10-20 04:55:28 [TRACE] 【目标检测】目标存在，但置信度不足
2025-10-20 04:55:29 [TRACE] 【目标检测】屏幕内没有目标
2025-10-20 04:55:29 [TRACE] 【空洞监听】无匹配已持续：0秒
2025-10-20 04:55:30 [TRACE] 【目标检测】屏幕内没有目标
2025-10-20 04:55:30 [TRACE] 【状态】搜索模式：C:\Users\gelon\Desktop\ZA-Lite\assets/images/hollow\battle_end_boss.png 置信度：0.9999361634254456
2025-10-20 04:55:33 [TRACE] 【目标检测】屏幕内没有目标
2025-10-20 04:55:33 [TRACE] 【目标检测】屏幕内没有目标
2025-10-20 04:55:34 [TRACE] 【目标检测】屏幕内没有目标
2025-10-20 04:55:35 [TRACE] 【目标检测】屏幕内没有目标
2025-10-20 04:55:36 [TRACE] 【目标检测】屏幕内没有目标
2025-10-20 04:55:38 [TRACE] 【目标检测】屏幕内没有目标
2025-10-20 04:55:39 [TRACE] 【目标检测】屏幕内没有目标
2025-10-20 04:55:41 [TRACE] 【空洞监听】无匹配已持续：0秒
2025-10-20 04:55:42 [TRACE] 【目标检测】TRAPPED！ 类型：interact 置信度：0.9221774935722351
2025-10-20 04:55:46 [TRACE] 【空洞监听】无匹配已持续：5秒
2025-10-20 04:55:48 [TRACE] 【目标检测】屏幕内没有目标
2025-10-20 04:55:48 [TRACE] 【目标检测】屏幕内没有目标
2025-10-20 04:55:49 [TRACE] 【目标检测】屏幕内没有目标
2025-10-20 04:55:50 [TRACE] 【目标检测】屏幕内没有目标
2025-10-20 04:55:51 [TRACE] 【目标检测】屏幕内没有目标
2025-10-20 04:55:53 [TRACE] 【目标检测】屏幕内没有目标
2025-10-20 04:55:54 [TRACE] 【目标检测】屏幕内没有目标
2025-10-20 04:55:55 [TRACE] 【目标检测】TRAPPED！ 类型：interact 置信度：0.9186400175094604
2025-10-20 04:56:00 [TRACE] 【目标检测】TRAPPED！ 类型：interact 置信度：0.8828513622283936
2025-10-20 04:56:03 [TRACE] 【空洞监听】无匹配已持续：0秒
2025-10-20 04:56:06 [TRACE] 【目标检测】屏幕内没有目标
2025-10-20 04:56:07 [TRACE] 【目标检测】屏幕内没有目标
2025-10-20 04:56:08 [TRACE] 【目标检测】屏幕内没有目标
2025-10-20 04:56:09 [TRACE] 【目标检测】屏幕内没有目标
2025-10-20 04:56:09 [TRACE] 【目标检测】屏幕内没有目标
2025-10-20 04:56:12 [TRACE] 【目标检测】TRAPPED！ 类型：interact 置信度：0.9173134565353394
2025-10-20 04:56:17 [TRACE] 【目标检测】TRAPPED！ 类型：interact 置信度：0.9034072756767273
2025-10-20 04:56:19 [TRACE] 【空洞监听】无匹配已持续：0秒
2025-10-20 04:56:23 [TRACE] 【目标检测】TRAPPED！ 类型：interact 置信度：0.9253502488136292
2025-10-20 04:56:24 [TRACE] 【空洞监听】无匹配已持续：4秒
2025-10-20 04:56:27 [TRACE] 【目标检测】TRAPPED！ 类型：interact 置信度：0.9254366755485535
2025-10-20 04:56:29 [TRACE] 【空洞监听】无匹配已持续：9秒
2025-10-20 04:56:33 [TRACE] 【目标检测】TRAPPED！ 类型：interact 置信度：0.9285053014755249
2025-10-20 04:56:34 [TRACE] 【空洞监听】无匹配已持续：14秒
2025-10-20 04:56:38 [TRACE] 【空洞监听】无匹配已持续：19秒
2025-10-20 04:56:39 [TRACE] 【目标检测】TRAPPED！ 类型：interact 置信度：0.9166067242622375
2025-10-20 04:56:45 [TRACE] 【目标检测】屏幕内没有目标
2025-10-20 04:56:45 [TRACE] 【状态】搜索模式：C:\Users\gelon\Desktop\ZA-Lite\assets/images/hollow\gear.png 置信度：0.999715268611908
2025-10-20 04:56:46 [TRACE] 【目标检测】屏幕内没有目标
2025-10-20 04:56:46 [TRACE] 【目标检测】屏幕内没有目标
2025-10-20 04:56:47 [TRACE] 【目标检测】屏幕内没有目标
2025-10-20 04:56:48 [TRACE] 【目标检测】屏幕内没有目标
2025-10-20 04:56:50 [TRACE] 【目标检测】屏幕内没有目标
2025-10-20 04:56:51 [TRACE] 【状态】搜索模式：C:\Users\gelon\Desktop\ZA-Lite\assets/images/hollow\next_area.png 置信度：0.9999993443489075
2025-10-20 04:56:51 [TRACE] 【目标检测】TRAPPED！ 类型：blue_portal 置信度：0.9067518711090088
2025-10-20 04:56:53 [TRACE] 【状态】搜索模式：C:\Users\gelon\Desktop\ZA-Lite\assets/images/hollow\meter.png 置信度：0.933747410774231
2025-10-20 04:56:56 [TRACE] 【目标检测】TRAPPED！ 类型：blue_portal 置信度：0.954306960105896
2025-10-20 04:57:00 [TRACE] 【空洞监听】无匹配已持续：0秒
2025-10-20 04:57:03 [TRACE] 【目标检测】屏幕内没有目标
2025-10-20 04:57:03 [TRACE] 【目标检测】屏幕内没有目标
2025-10-20 04:57:04 [TRACE] 【目标检测】屏幕内没有目标
2025-10-20 04:57:05 [TRACE] 【空洞监听】无匹配已持续：5秒
2025-10-20 04:57:05 [TRACE] 【目标检测】屏幕内没有目标
2025-10-20 04:57:06 [TRACE] 【目标检测】屏幕内没有目标
2025-10-20 04:57:08 [TRACE] 【状态】战斗模式：C:\Users\gelon\Desktop\ZA-Lite\assets/images/hollow\battle_2.png 置信度：0.9999997615814209
2025-10-20 04:57:08 [TRACE] 【状态】战斗模式：C:\Users\gelon\Desktop\ZA-Lite\assets/images/hollow\battle_3.png 置信度：0.9999997615814209
2025-10-20 04:57:18 [TRACE] 【状态】战斗模式：正在受到攻击
2025-10-20 04:57:24 [TRACE] 【状态】战斗模式：正在受到攻击
2025-10-20 04:57:28 [TRACE] 【状态】战斗模式：C:\Users\gelon\Desktop\ZA-Lite\assets/images/hollow\battle_5.png 置信度：0.9758379459381104
2025-10-20 04:57:31 [TRACE] 【状态】战斗模式：正在受到攻击
2025-10-20 04:57:36 [TRACE] 【空洞监听】无匹配已持续：0秒
2025-10-20 04:57:40 [TRACE] 【状态】战斗模式：C:\Users\gelon\Desktop\ZA-Lite\assets/images/hollow\battle_5.png 置信度：0.9683706164360046
2025-10-20 04:57:49 [TRACE] 【空洞监听】无匹配已持续：0秒
2025-10-20 04:57:49 [TRACE] 【状态】搜索模式：C:\Users\gelon\Desktop\ZA-Lite\assets/images/hollow\resonium.png 置信度：0.9942150115966797
2025-10-20 04:57:50 [TRACE] 【目标出现】C:\Users\gelon\Desktop\ZA-Lite\assets/images/hollow\resonium.png 置信度：0.9999998807907104
2025-10-20 04:57:50 [TRACE] 【本轮的坐标】：(np.int64(1174), np.int64(461)) ------------
2025-10-20 04:57:50 [TRACE] 【已点击过的坐标】：[(-10, -10)]
2025-10-20 04:57:50 [TRACE] 【成功点击】
2025-10-20 04:57:50 [TRACE] 【目标检测】屏幕内没有目标
2025-10-20 04:57:50 [TRACE] 【本轮的坐标】：(np.int64(1581), np.int64(461)) ------------
2025-10-20 04:57:50 [TRACE] 【已点击过的坐标】：[(-10, -10), (np.int64(1174), np.int64(461))]
2025-10-20 04:57:50 [TRACE] 【成功点击】
2025-10-20 04:57:50 [TRACE] 【目标检测】屏幕内没有目标
2025-10-20 04:57:51 [TRACE] 【本轮的坐标】：(np.int64(1582), np.int64(461)) ------------
2025-10-20 04:57:51 [TRACE] 【已点击过的坐标】：[(-10, -10), (np.int64(1174), np.int64(461)), (np.int64(1581), np.int64(461))]
2025-10-20 04:57:51 [TRACE] 【坐标太近】视为重复
2025-10-20 04:57:51 [TRACE] 【没有通过的坐标】开始下一轮
2025-10-20 04:57:51 [TRACE] 【本轮的坐标】：(np.int64(1988), np.int64(461)) ------------
2025-10-20 04:57:51 [TRACE] 【已点击过的坐标】：[(-10, -10), (np.int64(1174), np.int64(461)), (np.int64(1581), np.int64(461))]
2025-10-20 04:57:51 [TRACE] 【成功点击】
2025-10-20 04:57:51 [TRACE] 【目标检测】屏幕内没有目标
2025-10-20 04:57:52 [TRACE] 【本轮的坐标】：(np.int64(1989), np.int64(461)) ------------
2025-10-20 04:57:52 [TRACE] 【已点击过的坐标】：[(-10, -10), (np.int64(1174), np.int64(461)), (np.int64(1581), np.int64(461)), (np.int64(1988), np.int64(461))]
2025-10-20 04:57:52 [TRACE] 【坐标太近】视为重复
2025-10-20 04:57:52 [TRACE] 【没有通过的坐标】开始下一轮
2025-10-20 04:57:52 [TRACE] 【本轮的坐标】：(np.int64(1173), np.int64(462)) ------------
2025-10-20 04:57:52 [TRACE] 【已点击过的坐标】：[(-10, -10), (np.int64(1174), np.int64(461)), (np.int64(1581), np.int64(461)), (np.int64(1988), np.int64(461))]
2025-10-20 04:57:52 [TRACE] 【坐标太近】视为重复
2025-10-20 04:57:52 [TRACE] 【没有通过的坐标】开始下一轮
2025-10-20 04:57:52 [TRACE] 【本轮的坐标】：(np.int64(1174), np.int64(462)) ------------
2025-10-20 04:57:52 [TRACE] 【已点击过的坐标】：[(-10, -10), (np.int64(1174), np.int64(461)), (np.int64(1581), np.int64(461)), (np.int64(1988), np.int64(461))]
2025-10-20 04:57:52 [TRACE] 【坐标太近】视为重复
2025-10-20 04:57:52 [TRACE] 【没有通过的坐标】开始下一轮
2025-10-20 04:57:52 [TRACE] 【本轮的坐标】：(np.int64(1175), np.int64(462)) ------------
2025-10-20 04:57:52 [TRACE] 【已点击过的坐标】：[(-10, -10), (np.int64(1174), np.int64(461)), (np.int64(1581), np.int64(461)), (np.int64(1988), np.int64(461))]
2025-10-20 04:57:52 [TRACE] 【坐标太近】视为重复
2025-10-20 04:57:52 [TRACE] 【没有通过的坐标】开始下一轮
2025-10-20 04:57:52 [TRACE] 【本轮的坐标】：(np.int64(1580), np.int64(462)) ------------
2025-10-20 04:57:52 [TRACE] 【已点击过的坐标】：[(-10, -10), (np.int64(1174), np.int64(461)), (np.int64(1581), np.int64(461)), (np.int64(1988), np.int64(461))]
2025-10-20 04:57:52 [TRACE] 【坐标太近】视为重复
2025-10-20 04:57:52 [TRACE] 【没有通过的坐标】开始下一轮
2025-10-20 04:57:52 [TRACE] 【本轮的坐标】：(np.int64(1581), np.int64(462)) ------------
2025-10-20 04:57:52 [TRACE] 【已点击过的坐标】：[(-10, -10), (np.int64(1174), np.int64(461)), (np.int64(1581), np.int64(461)), (np.int64(1988), np.int64(461))]
2025-10-20 04:57:52 [TRACE] 【坐标太近】视为重复
2025-10-20 04:57:52 [TRACE] 【没有通过的坐标】开始下一轮
2025-10-20 04:57:52 [TRACE] 【本轮的坐标】：(np.int64(1582), np.int64(462)) ------------
2025-10-20 04:57:52 [TRACE] 【已点击过的坐标】：[(-10, -10), (np.int64(1174), np.int64(461)), (np.int64(1581), np.int64(461)), (np.int64(1988), np.int64(461))]
2025-10-20 04:57:52 [TRACE] 【坐标太近】视为重复
2025-10-20 04:57:52 [TRACE] 【没有通过的坐标】开始下一轮
2025-10-20 04:57:52 [TRACE] 【本轮的坐标】：(np.int64(1987), np.int64(462)) ------------
2025-10-20 04:57:52 [TRACE] 【已点击过的坐标】：[(-10, -10), (np.int64(1174), np.int64(461)), (np.int64(1581), np.int64(461)), (np.int64(1988), np.int64(461))]
2025-10-20 04:57:52 [TRACE] 【坐标太近】视为重复
2025-10-20 04:57:52 [TRACE] 【没有通过的坐标】开始下一轮
2025-10-20 04:57:52 [TRACE] 【本轮的坐标】：(np.int64(1988), np.int64(462)) ------------
2025-10-20 04:57:52 [TRACE] 【已点击过的坐标】：[(-10, -10), (np.int64(1174), np.int64(461)), (np.int64(1581), np.int64(461)), (np.int64(1988), np.int64(461))]
2025-10-20 04:57:52 [TRACE] 【坐标太近】视为重复
2025-10-20 04:57:52 [TRACE] 【没有通过的坐标】开始下一轮
2025-10-20 04:57:52 [TRACE] 【本轮的坐标】：(np.int64(1989), np.int64(462)) ------------
2025-10-20 04:57:52 [TRACE] 【已点击过的坐标】：[(-10, -10), (np.int64(1174), np.int64(461)), (np.int64(1581), np.int64(461)), (np.int64(1988), np.int64(461))]
2025-10-20 04:57:52 [TRACE] 【坐标太近】视为重复
2025-10-20 04:57:52 [TRACE] 【没有通过的坐标】开始下一轮
2025-10-20 04:57:52 [TRACE] 【本轮的坐标】：(np.int64(1990), np.int64(462)) ------------
2025-10-20 04:57:52 [TRACE] 【已点击过的坐标】：[(-10, -10), (np.int64(1174), np.int64(461)), (np.int64(1581), np.int64(461)), (np.int64(1988), np.int64(461))]
2025-10-20 04:57:52 [TRACE] 【坐标太近】视为重复
2025-10-20 04:57:52 [TRACE] 【没有通过的坐标】开始下一轮
2025-10-20 04:57:52 [TRACE] 【本轮的坐标】：(np.int64(1174), np.int64(463)) ------------
2025-10-20 04:57:52 [TRACE] 【已点击过的坐标】：[(-10, -10), (np.int64(1174), np.int64(461)), (np.int64(1581), np.int64(461)), (np.int64(1988), np.int64(461))]
2025-10-20 04:57:52 [TRACE] 【坐标太近】视为重复
2025-10-20 04:57:52 [TRACE] 【没有通过的坐标】开始下一轮
2025-10-20 04:57:52 [TRACE] 【本轮的坐标】：(np.int64(1581), np.int64(463)) ------------
2025-10-20 04:57:52 [TRACE] 【已点击过的坐标】：[(-10, -10), (np.int64(1174), np.int64(461)), (np.int64(1581), np.int64(461)), (np.int64(1988), np.int64(461))]
2025-10-20 04:57:52 [TRACE] 【坐标太近】视为重复
2025-10-20 04:57:52 [TRACE] 【没有通过的坐标】开始下一轮
2025-10-20 04:57:52 [TRACE] 【本轮的坐标】：(np.int64(1988), np.int64(463)) ------------
2025-10-20 04:57:52 [TRACE] 【已点击过的坐标】：[(-10, -10), (np.int64(1174), np.int64(461)), (np.int64(1581), np.int64(461)), (np.int64(1988), np.int64(461))]
2025-10-20 04:57:52 [TRACE] 【坐标太近】视为重复
2025-10-20 04:57:52 [TRACE] 【没有通过的坐标】开始下一轮
2025-10-20 04:57:52 [TRACE] 【完成所有点击】有效次数：3
2025-10-20 04:57:52 [TRACE] 【目标检测】屏幕内没有目标
2025-10-20 04:57:53 [TRACE] 【目标检测】屏幕内没有目标
2025-10-20 04:57:55 [TRACE] 【目标检测】屏幕内没有目标
2025-10-20 04:57:56 [TRACE] 【目标检测】屏幕内没有目标
2025-10-20 04:57:56 [TRACE] 【目标检测】屏幕内没有目标
2025-10-20 04:57:58 [TRACE] 【状态】搜索模式：C:\Users\gelon\Desktop\ZA-Lite\assets/images/hollow\next_area.png 置信度：0.9999995231628418
2025-10-20 04:58:01 [TRACE] 【目标检测】TRAPPED！ 类型：blue_portal 置信度：0.9647321105003357
2025-10-20 04:58:07 [TRACE] 【目标检测】目标存在，但置信度不足
2025-10-20 04:58:09 [TRACE] 【目标检测】屏幕内没有目标
2025-10-20 04:58:10 [TRACE] 【状态】战斗模式：C:\Users\gelon\Desktop\ZA-Lite\assets/images/hollow\battle_1.png 置信度：1.0
2025-10-20 04:58:10 [TRACE] 【目标检测】屏幕内没有目标
2025-10-20 04:58:11 [TRACE] 【状态】战斗模式：C:\Users\gelon\Desktop\ZA-Lite\assets/images/hollow\battle_4.png 置信度：0.9999998211860657
2025-10-20 04:58:18 [TRACE] 【状态】战斗模式：C:\Users\gelon\Desktop\ZA-Lite\assets/images/hollow\battle_4.png 置信度：0.9999998211860657
2025-10-20 04:58:18 [TRACE] 【状态】战斗模式：C:\Users\gelon\Desktop\ZA-Lite\assets/images/hollow\battle_5.png 置信度：0.9527562856674194
2025-10-20 04:58:27 [TRACE] 【空洞监听】无匹配已持续：0秒
2025-10-20 04:58:33 [TRACE] 【空洞监听】无匹配已持续：6秒
2025-10-20 04:58:40 [TRACE] 【空洞监听】无匹配已持续：12秒
2025-10-20 04:58:46 [TRACE] 【空洞监听】无匹配已持续：18秒
2025-10-20 04:58:47 [TRACE] 【状态】搜索模式：C:\Users\gelon\Desktop\ZA-Lite\assets/images/hollow\next_area.png 置信度：0.9999997019767761
2025-10-20 04:58:50 [TRACE] 【状态】搜索模式：C:\Users\gelon\Desktop\ZA-Lite\assets/images/hollow\meter.png 置信度：0.9346627593040466
2025-10-20 04:58:52 [TRACE] 【目标检测】微调超时，无法对齐！
2025-10-20 04:58:54 [TRACE] 【目标检测】目标存在，但置信度不足
2025-10-20 04:58:56 [TRACE] 【状态】搜索模式：C:\Users\gelon\Desktop\ZA-Lite\assets/images/hollow\meter.png 置信度：0.901038646697998
2025-10-20 04:58:59 [TRACE] 【目标检测】TRAPPED！ 类型：guide_point 置信度：0.7515963315963745
2025-10-20 04:59:02 [TRACE] 【状态】搜索模式：C:\Users\gelon\Desktop\ZA-Lite\assets/images/hollow\meter.png 置信度：0.966170072555542
2025-10-20 04:59:05 [TRACE] 【目标检测】屏幕内没有目标
2025-10-20 04:59:06 [TRACE] 【目标检测】屏幕内没有目标
2025-10-20 04:59:07 [TRACE] 【目标检测】屏幕内没有目标
2025-10-20 04:59:08 [TRACE] 【目标检测】屏幕内没有目标
2025-10-20 04:59:08 [TRACE] 【目标检测】屏幕内没有目标
2025-10-20 04:59:09 [TRACE] 【空洞监听】无匹配已持续：0秒
2025-10-20 04:59:14 [TRACE] 【目标检测】TRAPPED！ 类型：interact 置信度：0.9006993770599365
2025-10-20 04:59:14 [TRACE] 【空洞监听】无匹配已持续：5秒
2025-10-20 04:59:20 [TRACE] 【空洞监听】无匹配已持续：10秒
2025-10-20 04:59:21 [TRACE] 【目标检测】TRAPPED！ 类型：interact 置信度：0.9096248149871826
2025-10-20 04:59:25 [TRACE] 【空洞监听】无匹配已持续：16秒
2025-10-20 04:59:27 [TRACE] 【目标检测】屏幕内没有目标
2025-10-20 04:59:28 [TRACE] 【目标检测】屏幕内没有目标
2025-10-20 04:59:29 [TRACE] 【目标检测】屏幕内没有目标
2025-10-20 04:59:30 [TRACE] 【目标检测】屏幕内没有目标
2025-10-20 04:59:31 [TRACE] 【目标检测】屏幕内没有目标
2025-10-20 04:59:33 [TRACE] 【目标检测】屏幕内没有目标
2025-10-20 04:59:34 [TRACE] 【目标检测】屏幕内没有目标
2025-10-20 04:59:35 [TRACE] 【目标检测】屏幕内没有目标
2025-10-20 04:59:36 [TRACE] 【目标检测】屏幕内没有目标
2025-10-20 04:59:37 [TRACE] 【目标检测】屏幕内没有目标
2025-10-20 04:59:39 [TRACE] 【目标检测】屏幕内没有目标
2025-10-20 04:59:40 [TRACE] 【目标检测】屏幕内没有目标
2025-10-20 04:59:41 [TRACE] 【目标检测】屏幕内没有目标
2025-10-20 04:59:42 [TRACE] 【目标检测】屏幕内没有目标
2025-10-20 04:59:42 [TRACE] 【目标检测】屏幕内没有目标
2025-10-20 04:59:44 [TRACE] 【状态】搜索模式：C:\Users\gelon\Desktop\ZA-Lite\assets/images/hollow\resonium.png 置信度：0.9999998807907104
2025-10-20 04:59:44 [TRACE] 【目标出现】C:\Users\gelon\Desktop\ZA-Lite\assets/images/hollow\resonium.png 置信度：0.9999998807907104
2025-10-20 04:59:44 [TRACE] 【本轮的坐标】：(np.int64(1378), np.int64(461)) ------------
2025-10-20 04:59:44 [TRACE] 【已点击过的坐标】：[(-10, -10)]
2025-10-20 04:59:44 [TRACE] 【成功点击】
2025-10-20 04:59:44 [TRACE] 【目标检测】屏幕内没有目标
2025-10-20 04:59:44 [TRACE] 【本轮的坐标】：(np.int64(1785), np.int64(461)) ------------
2025-10-20 04:59:44 [TRACE] 【已点击过的坐标】：[(-10, -10), (np.int64(1378), np.int64(461))]
2025-10-20 04:59:44 [TRACE] 【成功点击】
2025-10-20 04:59:45 [TRACE] 【目标检测】屏幕内没有目标
2025-10-20 04:59:45 [TRACE] 【本轮的坐标】：(np.int64(1786), np.int64(461)) ------------
2025-10-20 04:59:45 [TRACE] 【已点击过的坐标】：[(-10, -10), (np.int64(1378), np.int64(461)), (np.int64(1785), np.int64(461))]
2025-10-20 04:59:45 [TRACE] 【坐标太近】视为重复
2025-10-20 04:59:45 [TRACE] 【没有通过的坐标】开始下一轮
2025-10-20 04:59:45 [TRACE] 【本轮的坐标】：(np.int64(1377), np.int64(462)) ------------
2025-10-20 04:59:45 [TRACE] 【已点击过的坐标】：[(-10, -10), (np.int64(1378), np.int64(461)), (np.int64(1785), np.int64(461))]
2025-10-20 04:59:45 [TRACE] 【坐标太近】视为重复
2025-10-20 04:59:45 [TRACE] 【没有通过的坐标】开始下一轮
2025-10-20 04:59:45 [TRACE] 【本轮的坐标】：(np.int64(1378), np.int64(462)) ------------
2025-10-20 04:59:45 [TRACE] 【已点击过的坐标】：[(-10, -10), (np.int64(1378), np.int64(461)), (np.int64(1785), np.int64(461))]
2025-10-20 04:59:45 [TRACE] 【坐标太近】视为重复
2025-10-20 04:59:45 [TRACE] 【没有通过的坐标】开始下一轮
2025-10-20 04:59:45 [TRACE] 【本轮的坐标】：(np.int64(1379), np.int64(462)) ------------
2025-10-20 04:59:45 [TRACE] 【已点击过的坐标】：[(-10, -10), (np.int64(1378), np.int64(461)), (np.int64(1785), np.int64(461))]
2025-10-20 04:59:45 [TRACE] 【坐标太近】视为重复
2025-10-20 04:59:45 [TRACE] 【没有通过的坐标】开始下一轮
2025-10-20 04:59:45 [TRACE] 【本轮的坐标】：(np.int64(1784), np.int64(462)) ------------
2025-10-20 04:59:45 [TRACE] 【已点击过的坐标】：[(-10, -10), (np.int64(1378), np.int64(461)), (np.int64(1785), np.int64(461))]
2025-10-20 04:59:45 [TRACE] 【坐标太近】视为重复
2025-10-20 04:59:45 [TRACE] 【没有通过的坐标】开始下一轮
2025-10-20 04:59:45 [TRACE] 【本轮的坐标】：(np.int64(1785), np.int64(462)) ------------
2025-10-20 04:59:45 [TRACE] 【已点击过的坐标】：[(-10, -10), (np.int64(1378), np.int64(461)), (np.int64(1785), np.int64(461))]
2025-10-20 04:59:45 [TRACE] 【坐标太近】视为重复
2025-10-20 04:59:45 [TRACE] 【没有通过的坐标】开始下一轮
2025-10-20 04:59:45 [TRACE] 【本轮的坐标】：(np.int64(1786), np.int64(462)) ------------
2025-10-20 04:59:45 [TRACE] 【已点击过的坐标】：[(-10, -10), (np.int64(1378), np.int64(461)), (np.int64(1785), np.int64(461))]
2025-10-20 04:59:45 [TRACE] 【坐标太近】视为重复
2025-10-20 04:59:45 [TRACE] 【没有通过的坐标】开始下一轮
2025-10-20 04:59:45 [TRACE] 【本轮的坐标】：(np.int64(1378), np.int64(463)) ------------
2025-10-20 04:59:45 [TRACE] 【已点击过的坐标】：[(-10, -10), (np.int64(1378), np.int64(461)), (np.int64(1785), np.int64(461))]
2025-10-20 04:59:45 [TRACE] 【坐标太近】视为重复
2025-10-20 04:59:45 [TRACE] 【没有通过的坐标】开始下一轮
2025-10-20 04:59:45 [TRACE] 【本轮的坐标】：(np.int64(1785), np.int64(463)) ------------
2025-10-20 04:59:45 [TRACE] 【已点击过的坐标】：[(-10, -10), (np.int64(1378), np.int64(461)), (np.int64(1785), np.int64(461))]
2025-10-20 04:59:45 [TRACE] 【坐标太近】视为重复
2025-10-20 04:59:45 [TRACE] 【没有通过的坐标】开始下一轮
2025-10-20 04:59:45 [TRACE] 【完成所有点击】有效次数：2
2025-10-20 04:59:46 [TRACE] 【目标检测】屏幕内没有目标
2025-10-20 04:59:47 [TRACE] 【目标检测】屏幕内没有目标
2025-10-20 04:59:47 [TRACE] 【目标检测】屏幕内没有目标
2025-10-20 04:59:49 [TRACE] 【目标检测】屏幕内没有目标
2025-10-20 04:59:50 [TRACE] 【目标检测】屏幕内没有目标
2025-10-20 04:59:51 [TRACE] 【目标检测】屏幕内没有目标
2025-10-20 04:59:52 [TRACE] 【目标检测】屏幕内没有目标
2025-10-20 04:59:53 [TRACE] 【目标检测】屏幕内没有目标
2025-10-20 04:59:55 [TRACE] 【目标检测】目标存在，但置信度不足
2025-10-20 04:59:56 [TRACE] 【目标检测】屏幕内没有目标
2025-10-20 04:59:57 [TRACE] 【空洞监听】无匹配已持续：0秒
2025-10-20 04:59:57 [TRACE] 【目标检测】屏幕内没有目标
2025-10-20 04:59:58 [TRACE] 【目标检测】屏幕内没有目标
2025-10-20 04:59:59 [TRACE] 【目标检测】屏幕内没有目标
2025-10-20 05:00:00 [TRACE] 【状态】战斗模式：C:\Users\gelon\Desktop\ZA-Lite\assets/images/hollow\battle_5.png 置信度：0.9830415844917297
2025-10-20 05:00:00 [TRACE] 【目标检测】屏幕内没有目标
2025-10-20 05:00:09 [TRACE] 【状态】战斗模式：正在受到攻击
2025-10-20 05:00:16 [TRACE] 【空洞监听】无匹配已持续：0秒
2025-10-20 05:00:22 [TRACE] 【状态】战斗模式：正在受到攻击
2025-10-20 05:00:26 [TRACE] 【状态】战斗模式：C:\Users\gelon\Desktop\ZA-Lite\assets/images/hollow\battle_5.png 置信度：0.9941008687019348
2025-10-20 05:00:29 [TRACE] 【状态】战斗模式：正在受到攻击
2025-10-20 05:00:32 [TRACE] 【状态】战斗模式：C:\Users\gelon\Desktop\ZA-Lite\assets/images/hollow\battle_5.png 置信度：0.9692274928092957
2025-10-20 05:00:35 [TRACE] 【状态】战斗模式：正在受到攻击
2025-10-20 05:00:39 [TRACE] 【状态】战斗模式：C:\Users\gelon\Desktop\ZA-Lite\assets/images/hollow\battle_5.png 置信度：0.9781147837638855
2025-10-20 05:00:48 [TRACE] 【空洞监听】无匹配已持续：0秒
2025-10-20 05:00:52 [TRACE] 【状态】战斗模式：C:\Users\gelon\Desktop\ZA-Lite\assets/images/hollow\battle_5.png 置信度：0.9809373021125793
2025-10-20 05:00:58 [TRACE] 【状态】战斗模式：C:\Users\gelon\Desktop\ZA-Lite\assets/images/hollow\battle_5.png 置信度：0.978760838508606
2025-10-20 05:01:05 [TRACE] 【状态】战斗模式：C:\Users\gelon\Desktop\ZA-Lite\assets/images/hollow\battle_5.png 置信度：0.9821345210075378
2025-10-20 05:01:08 [TRACE] 【状态】战斗模式：正在受到攻击
2025-10-20 05:01:15 [TRACE] 【空洞监听】无匹配已持续：0秒
2025-10-20 05:01:21 [TRACE] 【状态】战斗模式：正在受到攻击
2025-10-20 05:01:27 [TRACE] 【状态】战斗模式：正在受到攻击
2025-10-20 05:01:31 [TRACE] 【状态】战斗模式：C:\Users\gelon\Desktop\ZA-Lite\assets/images/hollow\battle_5.png 置信度：0.9871552586555481
2025-10-20 05:01:38 [TRACE] 【状态】战斗模式：C:\Users\gelon\Desktop\ZA-Lite\assets/images/hollow\battle_5.png 置信度：0.9790993928909302
2025-10-20 05:01:41 [TRACE] 【状态】战斗模式：正在受到攻击
2025-10-20 05:01:47 [TRACE] 【空洞监听】无匹配已持续：0秒
2025-10-20 05:01:51 [TRACE] 【状态】战斗模式：C:\Users\gelon\Desktop\ZA-Lite\assets/images/hollow\battle_5.png 置信度：0.9718665480613708
2025-10-20 05:01:57 [TRACE] 【状态】战斗模式：C:\Users\gelon\Desktop\ZA-Lite\assets/images/hollow\battle_5.png 置信度：0.9764459729194641
2025-10-20 05:02:04 [TRACE] 【状态】战斗模式：C:\Users\gelon\Desktop\ZA-Lite\assets/images/hollow\battle_5.png 置信度：0.9538673758506775
2025-10-20 05:02:13 [TRACE] 【空洞监听】无匹配已持续：0秒
2025-10-20 05:02:17 [TRACE] 【状态】战斗模式：C:\Users\gelon\Desktop\ZA-Lite\assets/images/hollow\battle_5.png 置信度：0.980496346950531
2025-10-20 05:02:26 [TRACE] 【状态】战斗模式：正在受到攻击
2025-10-20 05:02:32 [TRACE] 【空洞监听】无匹配已持续：0秒
2025-10-20 05:02:32 [TRACE] 【状态】搜索模式：C:\Users\gelon\Desktop\ZA-Lite\assets/images/hollow\resonium.png 置信度：0.9920588731765747
2025-10-20 05:02:32 [TRACE] 【目标出现】C:\Users\gelon\Desktop\ZA-Lite\assets/images/hollow\resonium.png 置信度：0.9920591711997986
2025-10-20 05:02:32 [TRACE] 【本轮的坐标】：(np.int64(1581), np.int64(461)) ------------
2025-10-20 05:02:32 [TRACE] 【已点击过的坐标】：[(-10, -10)]
2025-10-20 05:02:32 [TRACE] 【成功点击】
2025-10-20 05:02:33 [TRACE] 【目标检测】屏幕内没有目标
2025-10-20 05:02:33 [TRACE] 【本轮的坐标】：(np.int64(1582), np.int64(461)) ------------
2025-10-20 05:02:33 [TRACE] 【已点击过的坐标】：[(-10, -10), (np.int64(1581), np.int64(461))]
2025-10-20 05:02:33 [TRACE] 【坐标太近】视为重复
2025-10-20 05:02:33 [TRACE] 【没有通过的坐标】开始下一轮
2025-10-20 05:02:33 [TRACE] 【本轮的坐标】：(np.int64(1580), np.int64(462)) ------------
2025-10-20 05:02:33 [TRACE] 【已点击过的坐标】：[(-10, -10), (np.int64(1581), np.int64(461))]
2025-10-20 05:02:33 [TRACE] 【坐标太近】视为重复
2025-10-20 05:02:33 [TRACE] 【没有通过的坐标】开始下一轮
2025-10-20 05:02:33 [TRACE] 【本轮的坐标】：(np.int64(1581), np.int64(462)) ------------
2025-10-20 05:02:33 [TRACE] 【已点击过的坐标】：[(-10, -10), (np.int64(1581), np.int64(461))]
2025-10-20 05:02:33 [TRACE] 【坐标太近】视为重复
2025-10-20 05:02:33 [TRACE] 【没有通过的坐标】开始下一轮
2025-10-20 05:02:33 [TRACE] 【本轮的坐标】：(np.int64(1582), np.int64(462)) ------------
2025-10-20 05:02:33 [TRACE] 【已点击过的坐标】：[(-10, -10), (np.int64(1581), np.int64(461))]
2025-10-20 05:02:33 [TRACE] 【坐标太近】视为重复
2025-10-20 05:02:33 [TRACE] 【没有通过的坐标】开始下一轮
2025-10-20 05:02:33 [TRACE] 【本轮的坐标】：(np.int64(1581), np.int64(463)) ------------
2025-10-20 05:02:33 [TRACE] 【已点击过的坐标】：[(-10, -10), (np.int64(1581), np.int64(461))]
2025-10-20 05:02:33 [TRACE] 【坐标太近】视为重复
2025-10-20 05:02:33 [TRACE] 【没有通过的坐标】开始下一轮
2025-10-20 05:02:33 [TRACE] 【完成所有点击】有效次数：1
2025-10-20 05:02:33 [TRACE] 【目标检测】屏幕内没有目标
2025-10-20 05:02:34 [TRACE] 【目标检测】屏幕内没有目标
2025-10-20 05:02:35 [TRACE] 【目标检测】屏幕内没有目标
2025-10-20 05:02:36 [TRACE] 【目标检测】屏幕内没有目标
2025-10-20 05:02:38 [TRACE] 【目标检测】屏幕内没有目标
2025-10-20 05:02:39 [TRACE] 【状态】搜索模式：C:\Users\gelon\Desktop\ZA-Lite\assets/images/hollow\resonium.png 置信度：0.9920591711997986
2025-10-20 05:02:39 [TRACE] 【目标检测】屏幕内没有目标
2025-10-20 05:02:39 [TRACE] 【目标出现】C:\Users\gelon\Desktop\ZA-Lite\assets/images/hollow\resonium.png 置信度：0.9920591711997986
2025-10-20 05:02:39 [TRACE] 【本轮的坐标】：(np.int64(1581), np.int64(461)) ------------
2025-10-20 05:02:39 [TRACE] 【已点击过的坐标】：[(-10, -10)]
2025-10-20 05:02:39 [TRACE] 【成功点击】
2025-10-20 05:02:40 [TRACE] 【目标检测】屏幕内没有目标
2025-10-20 05:02:40 [TRACE] 【本轮的坐标】：(np.int64(1582), np.int64(461)) ------------
2025-10-20 05:02:40 [TRACE] 【已点击过的坐标】：[(-10, -10), (np.int64(1581), np.int64(461))]
2025-10-20 05:02:40 [TRACE] 【坐标太近】视为重复
2025-10-20 05:02:40 [TRACE] 【没有通过的坐标】开始下一轮
2025-10-20 05:02:40 [TRACE] 【本轮的坐标】：(np.int64(1580), np.int64(462)) ------------
2025-10-20 05:02:40 [TRACE] 【已点击过的坐标】：[(-10, -10), (np.int64(1581), np.int64(461))]
2025-10-20 05:02:40 [TRACE] 【坐标太近】视为重复
2025-10-20 05:02:40 [TRACE] 【没有通过的坐标】开始下一轮
2025-10-20 05:02:40 [TRACE] 【本轮的坐标】：(np.int64(1581), np.int64(462)) ------------
2025-10-20 05:02:40 [TRACE] 【已点击过的坐标】：[(-10, -10), (np.int64(1581), np.int64(461))]
2025-10-20 05:02:40 [TRACE] 【坐标太近】视为重复
2025-10-20 05:02:40 [TRACE] 【没有通过的坐标】开始下一轮
2025-10-20 05:02:40 [TRACE] 【本轮的坐标】：(np.int64(1582), np.int64(462)) ------------
2025-10-20 05:02:40 [TRACE] 【已点击过的坐标】：[(-10, -10), (np.int64(1581), np.int64(461))]
2025-10-20 05:02:40 [TRACE] 【坐标太近】视为重复
2025-10-20 05:02:40 [TRACE] 【没有通过的坐标】开始下一轮
2025-10-20 05:02:40 [TRACE] 【本轮的坐标】：(np.int64(1581), np.int64(463)) ------------
2025-10-20 05:02:40 [TRACE] 【已点击过的坐标】：[(-10, -10), (np.int64(1581), np.int64(461))]
2025-10-20 05:02:40 [TRACE] 【坐标太近】视为重复
2025-10-20 05:02:40 [TRACE] 【没有通过的坐标】开始下一轮
2025-10-20 05:02:40 [TRACE] 【完成所有点击】有效次数：1
2025-10-20 05:02:41 [TRACE] 【目标检测】屏幕内没有目标
2025-10-20 05:02:42 [TRACE] 【目标检测】屏幕内没有目标
2025-10-20 05:02:44 [TRACE] 【目标检测】屏幕内没有目标
2025-10-20 05:02:45 [TRACE] 【目标检测】屏幕内没有目标
2025-10-20 05:02:46 [TRACE] 【目标检测】屏幕内没有目标
2025-10-20 05:02:47 [TRACE] 【状态】搜索模式：C:\Users\gelon\Desktop\ZA-Lite\assets/images/hollow\next_area.png 置信度：0.9999992251396179
2025-10-20 05:02:48 [TRACE] 【目标检测】目标存在，但置信度不足
2025-10-20 05:02:50 [TRACE] 【状态】搜索模式：C:\Users\gelon\Desktop\ZA-Lite\assets/images/hollow\meter.png 置信度：0.9679279923439026
2025-10-20 05:02:52 [TRACE] 【目标检测】微调超时，无法对齐！
2025-10-20 05:02:58 [TRACE] 【空洞监听】无匹配已持续：0秒
2025-10-20 05:02:59 [TRACE] 【目标检测】TRAPPED！ 类型：guide_point 置信度：0.8488964438438416
2025-10-20 05:03:03 [TRACE] 【空洞监听】无匹配已持续：5秒
2025-10-20 05:03:05 [TRACE] 【目标检测】屏幕内没有目标
2025-10-20 05:03:06 [TRACE] 【目标检测】屏幕内没有目标
2025-10-20 05:03:08 [TRACE] 【空洞监听】无匹配已持续：10秒
2025-10-20 05:03:09 [TRACE] 【目标检测】TRAPPED！ 类型：interact 置信度：0.8758317828178406
2025-10-20 05:03:14 [TRACE] 【状态】搜索模式：C:\Users\gelon\Desktop\ZA-Lite\assets/images/hollow\resonium.png 置信度：1.0
2025-10-20 05:03:14 [TRACE] 【目标出现】C:\Users\gelon\Desktop\ZA-Lite\assets/images/hollow\resonium.png 置信度：0.9999996423721313
2025-10-20 05:03:14 [TRACE] 【本轮的坐标】：(np.int64(1699), np.int64(441)) ------------
2025-10-20 05:03:14 [TRACE] 【已点击过的坐标】：[(-10, -10)]
2025-10-20 05:03:14 [TRACE] 【成功点击】
2025-10-20 05:03:15 [TRACE] 【本轮的坐标】：(np.int64(2088), np.int64(441)) ------------
2025-10-20 05:03:15 [TRACE] 【已点击过的坐标】：[(-10, -10), (np.int64(1699), np.int64(441))]
2025-10-20 05:03:15 [TRACE] 【成功点击】
2025-10-20 05:03:15 [TRACE] 【目标检测】屏幕内没有目标
2025-10-20 05:03:15 [TRACE] 【本轮的坐标】：(np.int64(2089), np.int64(441)) ------------
2025-10-20 05:03:15 [TRACE] 【已点击过的坐标】：[(-10, -10), (np.int64(1699), np.int64(441)), (np.int64(2088), np.int64(441))]
2025-10-20 05:03:15 [TRACE] 【坐标太近】视为重复
2025-10-20 05:03:15 [TRACE] 【没有通过的坐标】开始下一轮
2025-10-20 05:03:15 [TRACE] 【本轮的坐标】：(np.int64(2478), np.int64(441)) ------------
2025-10-20 05:03:15 [TRACE] 【已点击过的坐标】：[(-10, -10), (np.int64(1699), np.int64(441)), (np.int64(2088), np.int64(441))]
2025-10-20 05:03:15 [TRACE] 【成功点击】
2025-10-20 05:03:16 [TRACE] 【目标检测】屏幕内没有目标
2025-10-20 05:03:16 [TRACE] 【本轮的坐标】：(np.int64(1698), np.int64(442)) ------------
2025-10-20 05:03:16 [TRACE] 【已点击过的坐标】：[(-10, -10), (np.int64(1699), np.int64(441)), (np.int64(2088), np.int64(441)), (np.int64(2478), np.int64(441))]
2025-10-20 05:03:16 [TRACE] 【坐标太近】视为重复
2025-10-20 05:03:16 [TRACE] 【没有通过的坐标】开始下一轮
2025-10-20 05:03:16 [TRACE] 【本轮的坐标】：(np.int64(1699), np.int64(442)) ------------
2025-10-20 05:03:16 [TRACE] 【已点击过的坐标】：[(-10, -10), (np.int64(1699), np.int64(441)), (np.int64(2088), np.int64(441)), (np.int64(2478), np.int64(441))]
2025-10-20 05:03:16 [TRACE] 【坐标太近】视为重复
2025-10-20 05:03:16 [TRACE] 【没有通过的坐标】开始下一轮
2025-10-20 05:03:16 [TRACE] 【本轮的坐标】：(np.int64(1700), np.int64(442)) ------------
2025-10-20 05:03:16 [TRACE] 【已点击过的坐标】：[(-10, -10), (np.int64(1699), np.int64(441)), (np.int64(2088), np.int64(441)), (np.int64(2478), np.int64(441))]
2025-10-20 05:03:16 [TRACE] 【坐标太近】视为重复
2025-10-20 05:03:16 [TRACE] 【没有通过的坐标】开始下一轮
2025-10-20 05:03:16 [TRACE] 【本轮的坐标】：(np.int64(2087), np.int64(442)) ------------
2025-10-20 05:03:16 [TRACE] 【已点击过的坐标】：[(-10, -10), (np.int64(1699), np.int64(441)), (np.int64(2088), np.int64(441)), (np.int64(2478), np.int64(441))]
2025-10-20 05:03:16 [TRACE] 【坐标太近】视为重复
2025-10-20 05:03:16 [TRACE] 【没有通过的坐标】开始下一轮
2025-10-20 05:03:16 [TRACE] 【本轮的坐标】：(np.int64(2088), np.int64(442)) ------------
2025-10-20 05:03:16 [TRACE] 【已点击过的坐标】：[(-10, -10), (np.int64(1699), np.int64(441)), (np.int64(2088), np.int64(441)), (np.int64(2478), np.int64(441))]
2025-10-20 05:03:16 [TRACE] 【坐标太近】视为重复
2025-10-20 05:03:16 [TRACE] 【没有通过的坐标】开始下一轮
2025-10-20 05:03:16 [TRACE] 【本轮的坐标】：(np.int64(2089), np.int64(442)) ------------
2025-10-20 05:03:16 [TRACE] 【已点击过的坐标】：[(-10, -10), (np.int64(1699), np.int64(441)), (np.int64(2088), np.int64(441)), (np.int64(2478), np.int64(441))]
2025-10-20 05:03:16 [TRACE] 【坐标太近】视为重复
2025-10-20 05:03:16 [TRACE] 【没有通过的坐标】开始下一轮
2025-10-20 05:03:16 [TRACE] 【本轮的坐标】：(np.int64(2090), np.int64(442)) ------------
2025-10-20 05:03:16 [TRACE] 【已点击过的坐标】：[(-10, -10), (np.int64(1699), np.int64(441)), (np.int64(2088), np.int64(441)), (np.int64(2478), np.int64(441))]
2025-10-20 05:03:16 [TRACE] 【坐标太近】视为重复
2025-10-20 05:03:16 [TRACE] 【没有通过的坐标】开始下一轮
2025-10-20 05:03:16 [TRACE] 【本轮的坐标】：(np.int64(2477), np.int64(442)) ------------
2025-10-20 05:03:16 [TRACE] 【已点击过的坐标】：[(-10, -10), (np.int64(1699), np.int64(441)), (np.int64(2088), np.int64(441)), (np.int64(2478), np.int64(441))]
2025-10-20 05:03:16 [TRACE] 【坐标太近】视为重复
2025-10-20 05:03:16 [TRACE] 【没有通过的坐标】开始下一轮
2025-10-20 05:03:16 [TRACE] 【本轮的坐标】：(np.int64(2478), np.int64(442)) ------------
2025-10-20 05:03:16 [TRACE] 【已点击过的坐标】：[(-10, -10), (np.int64(1699), np.int64(441)), (np.int64(2088), np.int64(441)), (np.int64(2478), np.int64(441))]
2025-10-20 05:03:16 [TRACE] 【坐标太近】视为重复
2025-10-20 05:03:16 [TRACE] 【没有通过的坐标】开始下一轮
2025-10-20 05:03:16 [TRACE] 【本轮的坐标】：(np.int64(2479), np.int64(442)) ------------
2025-10-20 05:03:16 [TRACE] 【已点击过的坐标】：[(-10, -10), (np.int64(1699), np.int64(441)), (np.int64(2088), np.int64(441)), (np.int64(2478), np.int64(441))]
2025-10-20 05:03:16 [TRACE] 【坐标太近】视为重复
2025-10-20 05:03:16 [TRACE] 【没有通过的坐标】开始下一轮
2025-10-20 05:03:16 [TRACE] 【本轮的坐标】：(np.int64(1698), np.int64(443)) ------------
2025-10-20 05:03:16 [TRACE] 【已点击过的坐标】：[(-10, -10), (np.int64(1699), np.int64(441)), (np.int64(2088), np.int64(441)), (np.int64(2478), np.int64(441))]
2025-10-20 05:03:16 [TRACE] 【坐标太近】视为重复
2025-10-20 05:03:16 [TRACE] 【没有通过的坐标】开始下一轮
2025-10-20 05:03:16 [TRACE] 【本轮的坐标】：(np.int64(1699), np.int64(443)) ------------
2025-10-20 05:03:16 [TRACE] 【已点击过的坐标】：[(-10, -10), (np.int64(1699), np.int64(441)), (np.int64(2088), np.int64(441)), (np.int64(2478), np.int64(441))]
2025-10-20 05:03:16 [TRACE] 【坐标太近】视为重复
2025-10-20 05:03:16 [TRACE] 【没有通过的坐标】开始下一轮
2025-10-20 05:03:16 [TRACE] 【本轮的坐标】：(np.int64(2088), np.int64(443)) ------------
2025-10-20 05:03:16 [TRACE] 【已点击过的坐标】：[(-10, -10), (np.int64(1699), np.int64(441)), (np.int64(2088), np.int64(441)), (np.int64(2478), np.int64(441))]
2025-10-20 05:03:16 [TRACE] 【坐标太近】视为重复
2025-10-20 05:03:16 [TRACE] 【没有通过的坐标】开始下一轮
2025-10-20 05:03:16 [TRACE] 【本轮的坐标】：(np.int64(2478), np.int64(443)) ------------
2025-10-20 05:03:16 [TRACE] 【已点击过的坐标】：[(-10, -10), (np.int64(1699), np.int64(441)), (np.int64(2088), np.int64(441)), (np.int64(2478), np.int64(441))]
2025-10-20 05:03:16 [TRACE] 【坐标太近】视为重复
2025-10-20 05:03:16 [TRACE] 【没有通过的坐标】开始下一轮
2025-10-20 05:03:16 [TRACE] 【完成所有点击】有效次数：3
2025-10-20 05:03:16 [TRACE] 【目标检测】屏幕内没有目标
2025-10-20 05:03:16 [TRACE] 【状态】搜索模式：C:\Users\gelon\Desktop\ZA-Lite\assets/images/hollow\card.png 置信度：0.98653644323349
2025-10-20 05:03:17 [TRACE] 【目标检测】屏幕内没有目标
2025-10-20 05:03:18 [TRACE] 【目标检测】屏幕内没有目标
2025-10-20 05:03:20 [TRACE] 【目标检测】屏幕内没有目标
2025-10-20 05:03:21 [TRACE] 【目标检测】屏幕内没有目标
2025-10-20 05:03:22 [TRACE] 【目标检测】屏幕内没有目标
2025-10-20 05:03:22 [TRACE] 【状态】搜索模式：C:\Users\gelon\Desktop\ZA-Lite\assets/images/hollow\resonium.png 置信度：1.0
2025-10-20 05:03:22 [TRACE] 【目标出现】C:\Users\gelon\Desktop\ZA-Lite\assets/images/hollow\resonium.png 置信度：0.9999998807907104
2025-10-20 05:03:22 [TRACE] 【本轮的坐标】：(np.int64(1699), np.int64(441)) ------------
2025-10-20 05:03:22 [TRACE] 【已点击过的坐标】：[(-10, -10)]
2025-10-20 05:03:22 [TRACE] 【成功点击】
2025-10-20 05:03:23 [TRACE] 【目标检测】屏幕内没有目标
2025-10-20 05:03:23 [TRACE] 【本轮的坐标】：(np.int64(2088), np.int64(441)) ------------
2025-10-20 05:03:23 [TRACE] 【已点击过的坐标】：[(-10, -10), (np.int64(1699), np.int64(441))]
2025-10-20 05:03:23 [TRACE] 【成功点击】
2025-10-20 05:03:23 [TRACE] 【目标检测】屏幕内没有目标
2025-10-20 05:03:24 [TRACE] 【本轮的坐标】：(np.int64(2089), np.int64(441)) ------------
2025-10-20 05:03:24 [TRACE] 【已点击过的坐标】：[(-10, -10), (np.int64(1699), np.int64(441)), (np.int64(2088), np.int64(441))]
2025-10-20 05:03:24 [TRACE] 【坐标太近】视为重复
2025-10-20 05:03:24 [TRACE] 【没有通过的坐标】开始下一轮
2025-10-20 05:03:24 [TRACE] 【本轮的坐标】：(np.int64(2478), np.int64(441)) ------------
2025-10-20 05:03:24 [TRACE] 【已点击过的坐标】：[(-10, -10), (np.int64(1699), np.int64(441)), (np.int64(2088), np.int64(441))]
2025-10-20 05:03:24 [TRACE] 【成功点击】
2025-10-20 05:03:24 [TRACE] 【本轮的坐标】：(np.int64(1698), np.int64(442)) ------------
2025-10-20 05:03:24 [TRACE] 【已点击过的坐标】：[(-10, -10), (np.int64(1699), np.int64(441)), (np.int64(2088), np.int64(441)), (np.int64(2478), np.int64(441))]
2025-10-20 05:03:24 [TRACE] 【坐标太近】视为重复
2025-10-20 05:03:24 [TRACE] 【没有通过的坐标】开始下一轮
2025-10-20 05:03:24 [TRACE] 【本轮的坐标】：(np.int64(1699), np.int64(442)) ------------
2025-10-20 05:03:24 [TRACE] 【已点击过的坐标】：[(-10, -10), (np.int64(1699), np.int64(441)), (np.int64(2088), np.int64(441)), (np.int64(2478), np.int64(441))]
2025-10-20 05:03:24 [TRACE] 【坐标太近】视为重复
2025-10-20 05:03:24 [TRACE] 【没有通过的坐标】开始下一轮
2025-10-20 05:03:24 [TRACE] 【本轮的坐标】：(np.int64(1700), np.int64(442)) ------------
2025-10-20 05:03:24 [TRACE] 【已点击过的坐标】：[(-10, -10), (np.int64(1699), np.int64(441)), (np.int64(2088), np.int64(441)), (np.int64(2478), np.int64(441))]
2025-10-20 05:03:24 [TRACE] 【坐标太近】视为重复
2025-10-20 05:03:24 [TRACE] 【没有通过的坐标】开始下一轮
2025-10-20 05:03:24 [TRACE] 【本轮的坐标】：(np.int64(2087), np.int64(442)) ------------
2025-10-20 05:03:24 [TRACE] 【已点击过的坐标】：[(-10, -10), (np.int64(1699), np.int64(441)), (np.int64(2088), np.int64(441)), (np.int64(2478), np.int64(441))]
2025-10-20 05:03:24 [TRACE] 【坐标太近】视为重复
2025-10-20 05:03:24 [TRACE] 【没有通过的坐标】开始下一轮
2025-10-20 05:03:24 [TRACE] 【本轮的坐标】：(np.int64(2088), np.int64(442)) ------------
2025-10-20 05:03:24 [TRACE] 【已点击过的坐标】：[(-10, -10), (np.int64(1699), np.int64(441)), (np.int64(2088), np.int64(441)), (np.int64(2478), np.int64(441))]
2025-10-20 05:03:24 [TRACE] 【坐标太近】视为重复
2025-10-20 05:03:24 [TRACE] 【没有通过的坐标】开始下一轮
2025-10-20 05:03:24 [TRACE] 【本轮的坐标】：(np.int64(2089), np.int64(442)) ------------
2025-10-20 05:03:24 [TRACE] 【已点击过的坐标】：[(-10, -10), (np.int64(1699), np.int64(441)), (np.int64(2088), np.int64(441)), (np.int64(2478), np.int64(441))]
2025-10-20 05:03:24 [TRACE] 【坐标太近】视为重复
2025-10-20 05:03:24 [TRACE] 【没有通过的坐标】开始下一轮
2025-10-20 05:03:24 [TRACE] 【本轮的坐标】：(np.int64(2090), np.int64(442)) ------------
2025-10-20 05:03:24 [TRACE] 【已点击过的坐标】：[(-10, -10), (np.int64(1699), np.int64(441)), (np.int64(2088), np.int64(441)), (np.int64(2478), np.int64(441))]
2025-10-20 05:03:24 [TRACE] 【坐标太近】视为重复
2025-10-20 05:03:24 [TRACE] 【没有通过的坐标】开始下一轮
2025-10-20 05:03:24 [TRACE] 【本轮的坐标】：(np.int64(2477), np.int64(442)) ------------
2025-10-20 05:03:24 [TRACE] 【已点击过的坐标】：[(-10, -10), (np.int64(1699), np.int64(441)), (np.int64(2088), np.int64(441)), (np.int64(2478), np.int64(441))]
2025-10-20 05:03:24 [TRACE] 【坐标太近】视为重复
2025-10-20 05:03:24 [TRACE] 【没有通过的坐标】开始下一轮
2025-10-20 05:03:24 [TRACE] 【本轮的坐标】：(np.int64(2478), np.int64(442)) ------------
2025-10-20 05:03:24 [TRACE] 【已点击过的坐标】：[(-10, -10), (np.int64(1699), np.int64(441)), (np.int64(2088), np.int64(441)), (np.int64(2478), np.int64(441))]
2025-10-20 05:03:24 [TRACE] 【坐标太近】视为重复
2025-10-20 05:03:24 [TRACE] 【没有通过的坐标】开始下一轮
2025-10-20 05:03:24 [TRACE] 【本轮的坐标】：(np.int64(2479), np.int64(442)) ------------
2025-10-20 05:03:24 [TRACE] 【已点击过的坐标】：[(-10, -10), (np.int64(1699), np.int64(441)), (np.int64(2088), np.int64(441)), (np.int64(2478), np.int64(441))]
2025-10-20 05:03:24 [TRACE] 【坐标太近】视为重复
2025-10-20 05:03:24 [TRACE] 【没有通过的坐标】开始下一轮
2025-10-20 05:03:24 [TRACE] 【本轮的坐标】：(np.int64(1698), np.int64(443)) ------------
2025-10-20 05:03:24 [TRACE] 【已点击过的坐标】：[(-10, -10), (np.int64(1699), np.int64(441)), (np.int64(2088), np.int64(441)), (np.int64(2478), np.int64(441))]
2025-10-20 05:03:24 [TRACE] 【坐标太近】视为重复
2025-10-20 05:03:24 [TRACE] 【没有通过的坐标】开始下一轮
2025-10-20 05:03:24 [TRACE] 【本轮的坐标】：(np.int64(1699), np.int64(443)) ------------
2025-10-20 05:03:24 [TRACE] 【已点击过的坐标】：[(-10, -10), (np.int64(1699), np.int64(441)), (np.int64(2088), np.int64(441)), (np.int64(2478), np.int64(441))]
2025-10-20 05:03:24 [TRACE] 【坐标太近】视为重复
2025-10-20 05:03:24 [TRACE] 【没有通过的坐标】开始下一轮
2025-10-20 05:03:24 [TRACE] 【本轮的坐标】：(np.int64(2088), np.int64(443)) ------------
2025-10-20 05:03:24 [TRACE] 【已点击过的坐标】：[(-10, -10), (np.int64(1699), np.int64(441)), (np.int64(2088), np.int64(441)), (np.int64(2478), np.int64(441))]
2025-10-20 05:03:24 [TRACE] 【坐标太近】视为重复
2025-10-20 05:03:24 [TRACE] 【没有通过的坐标】开始下一轮
2025-10-20 05:03:24 [TRACE] 【本轮的坐标】：(np.int64(2478), np.int64(443)) ------------
2025-10-20 05:03:24 [TRACE] 【已点击过的坐标】：[(-10, -10), (np.int64(1699), np.int64(441)), (np.int64(2088), np.int64(441)), (np.int64(2478), np.int64(441))]
2025-10-20 05:03:24 [TRACE] 【坐标太近】视为重复
2025-10-20 05:03:24 [TRACE] 【没有通过的坐标】开始下一轮
2025-10-20 05:03:24 [TRACE] 【完成所有点击】有效次数：3
2025-10-20 05:03:25 [TRACE] 【状态】搜索模式：C:\Users\gelon\Desktop\ZA-Lite\assets/images/hollow\card.png 置信度：0.986535906791687
2025-10-20 05:03:25 [TRACE] 【目标检测】屏幕内没有目标
2025-10-20 05:03:26 [TRACE] 【目标检测】屏幕内没有目标
2025-10-20 05:03:27 [TRACE] 【目标检测】屏幕内没有目标
2025-10-20 05:03:28 [TRACE] 【目标检测】屏幕内没有目标
2025-10-20 05:03:29 [TRACE] 【目标检测】屏幕内没有目标
2025-10-20 05:03:31 [TRACE] 【目标检测】屏幕内没有目标
2025-10-20 05:03:31 [TRACE] 【状态】搜索模式：C:\Users\gelon\Desktop\ZA-Lite\assets/images/hollow\resonium.png 置信度：0.9999998807907104
2025-10-20 05:03:31 [TRACE] 【目标出现】C:\Users\gelon\Desktop\ZA-Lite\assets/images/hollow\resonium.png 置信度：1.0
2025-10-20 05:03:31 [TRACE] 【本轮的坐标】：(np.int64(1699), np.int64(441)) ------------
2025-10-20 05:03:31 [TRACE] 【已点击过的坐标】：[(-10, -10)]
2025-10-20 05:03:31 [TRACE] 【成功点击】
2025-10-20 05:03:31 [TRACE] 【目标检测】屏幕内没有目标
2025-10-20 05:03:32 [TRACE] 【本轮的坐标】：(np.int64(2088), np.int64(441)) ------------
2025-10-20 05:03:32 [TRACE] 【已点击过的坐标】：[(-10, -10), (np.int64(1699), np.int64(441))]
2025-10-20 05:03:32 [TRACE] 【成功点击】
2025-10-20 05:03:32 [TRACE] 【目标检测】屏幕内没有目标
2025-10-20 05:03:32 [TRACE] 【本轮的坐标】：(np.int64(2089), np.int64(441)) ------------
2025-10-20 05:03:32 [TRACE] 【已点击过的坐标】：[(-10, -10), (np.int64(1699), np.int64(441)), (np.int64(2088), np.int64(441))]
2025-10-20 05:03:32 [TRACE] 【坐标太近】视为重复
2025-10-20 05:03:32 [TRACE] 【没有通过的坐标】开始下一轮
2025-10-20 05:03:32 [TRACE] 【本轮的坐标】：(np.int64(2478), np.int64(441)) ------------
2025-10-20 05:03:32 [TRACE] 【已点击过的坐标】：[(-10, -10), (np.int64(1699), np.int64(441)), (np.int64(2088), np.int64(441))]
2025-10-20 05:03:32 [TRACE] 【成功点击】
2025-10-20 05:03:33 [TRACE] 【目标检测】屏幕内没有目标
2025-10-20 05:03:33 [TRACE] 【本轮的坐标】：(np.int64(1698), np.int64(442)) ------------
2025-10-20 05:03:33 [TRACE] 【已点击过的坐标】：[(-10, -10), (np.int64(1699), np.int64(441)), (np.int64(2088), np.int64(441)), (np.int64(2478), np.int64(441))]
2025-10-20 05:03:33 [TRACE] 【坐标太近】视为重复
2025-10-20 05:03:33 [TRACE] 【没有通过的坐标】开始下一轮
2025-10-20 05:03:33 [TRACE] 【本轮的坐标】：(np.int64(1699), np.int64(442)) ------------
2025-10-20 05:03:33 [TRACE] 【已点击过的坐标】：[(-10, -10), (np.int64(1699), np.int64(441)), (np.int64(2088), np.int64(441)), (np.int64(2478), np.int64(441))]
2025-10-20 05:03:33 [TRACE] 【坐标太近】视为重复
2025-10-20 05:03:33 [TRACE] 【没有通过的坐标】开始下一轮
2025-10-20 05:03:33 [TRACE] 【本轮的坐标】：(np.int64(1700), np.int64(442)) ------------
2025-10-20 05:03:33 [TRACE] 【已点击过的坐标】：[(-10, -10), (np.int64(1699), np.int64(441)), (np.int64(2088), np.int64(441)), (np.int64(2478), np.int64(441))]
2025-10-20 05:03:33 [TRACE] 【坐标太近】视为重复
2025-10-20 05:03:33 [TRACE] 【没有通过的坐标】开始下一轮
2025-10-20 05:03:33 [TRACE] 【本轮的坐标】：(np.int64(2087), np.int64(442)) ------------
2025-10-20 05:03:33 [TRACE] 【已点击过的坐标】：[(-10, -10), (np.int64(1699), np.int64(441)), (np.int64(2088), np.int64(441)), (np.int64(2478), np.int64(441))]
2025-10-20 05:03:33 [TRACE] 【坐标太近】视为重复
2025-10-20 05:03:33 [TRACE] 【没有通过的坐标】开始下一轮
2025-10-20 05:03:33 [TRACE] 【本轮的坐标】：(np.int64(2088), np.int64(442)) ------------
2025-10-20 05:03:33 [TRACE] 【已点击过的坐标】：[(-10, -10), (np.int64(1699), np.int64(441)), (np.int64(2088), np.int64(441)), (np.int64(2478), np.int64(441))]
2025-10-20 05:03:33 [TRACE] 【坐标太近】视为重复
2025-10-20 05:03:33 [TRACE] 【没有通过的坐标】开始下一轮
2025-10-20 05:03:33 [TRACE] 【本轮的坐标】：(np.int64(2089), np.int64(442)) ------------
2025-10-20 05:03:33 [TRACE] 【已点击过的坐标】：[(-10, -10), (np.int64(1699), np.int64(441)), (np.int64(2088), np.int64(441)), (np.int64(2478), np.int64(441))]
2025-10-20 05:03:33 [TRACE] 【坐标太近】视为重复
2025-10-20 05:03:33 [TRACE] 【没有通过的坐标】开始下一轮
2025-10-20 05:03:33 [TRACE] 【本轮的坐标】：(np.int64(2090), np.int64(442)) ------------
2025-10-20 05:03:33 [TRACE] 【已点击过的坐标】：[(-10, -10), (np.int64(1699), np.int64(441)), (np.int64(2088), np.int64(441)), (np.int64(2478), np.int64(441))]
2025-10-20 05:03:33 [TRACE] 【坐标太近】视为重复
2025-10-20 05:03:33 [TRACE] 【没有通过的坐标】开始下一轮
2025-10-20 05:03:33 [TRACE] 【本轮的坐标】：(np.int64(2477), np.int64(442)) ------------
2025-10-20 05:03:33 [TRACE] 【已点击过的坐标】：[(-10, -10), (np.int64(1699), np.int64(441)), (np.int64(2088), np.int64(441)), (np.int64(2478), np.int64(441))]
2025-10-20 05:03:33 [TRACE] 【坐标太近】视为重复
2025-10-20 05:03:33 [TRACE] 【没有通过的坐标】开始下一轮
2025-10-20 05:03:33 [TRACE] 【本轮的坐标】：(np.int64(2478), np.int64(442)) ------------
2025-10-20 05:03:33 [TRACE] 【已点击过的坐标】：[(-10, -10), (np.int64(1699), np.int64(441)), (np.int64(2088), np.int64(441)), (np.int64(2478), np.int64(441))]
2025-10-20 05:03:33 [TRACE] 【坐标太近】视为重复
2025-10-20 05:03:33 [TRACE] 【没有通过的坐标】开始下一轮
2025-10-20 05:03:33 [TRACE] 【本轮的坐标】：(np.int64(2479), np.int64(442)) ------------
2025-10-20 05:03:33 [TRACE] 【已点击过的坐标】：[(-10, -10), (np.int64(1699), np.int64(441)), (np.int64(2088), np.int64(441)), (np.int64(2478), np.int64(441))]
2025-10-20 05:03:33 [TRACE] 【坐标太近】视为重复
2025-10-20 05:03:33 [TRACE] 【没有通过的坐标】开始下一轮
2025-10-20 05:03:33 [TRACE] 【本轮的坐标】：(np.int64(1698), np.int64(443)) ------------
2025-10-20 05:03:33 [TRACE] 【已点击过的坐标】：[(-10, -10), (np.int64(1699), np.int64(441)), (np.int64(2088), np.int64(441)), (np.int64(2478), np.int64(441))]
2025-10-20 05:03:33 [TRACE] 【坐标太近】视为重复
2025-10-20 05:03:33 [TRACE] 【没有通过的坐标】开始下一轮
2025-10-20 05:03:33 [TRACE] 【本轮的坐标】：(np.int64(1699), np.int64(443)) ------------
2025-10-20 05:03:33 [TRACE] 【已点击过的坐标】：[(-10, -10), (np.int64(1699), np.int64(441)), (np.int64(2088), np.int64(441)), (np.int64(2478), np.int64(441))]
2025-10-20 05:03:33 [TRACE] 【坐标太近】视为重复
2025-10-20 05:03:33 [TRACE] 【没有通过的坐标】开始下一轮
2025-10-20 05:03:33 [TRACE] 【本轮的坐标】：(np.int64(2088), np.int64(443)) ------------
2025-10-20 05:03:33 [TRACE] 【已点击过的坐标】：[(-10, -10), (np.int64(1699), np.int64(441)), (np.int64(2088), np.int64(441)), (np.int64(2478), np.int64(441))]
2025-10-20 05:03:33 [TRACE] 【坐标太近】视为重复
2025-10-20 05:03:33 [TRACE] 【没有通过的坐标】开始下一轮
2025-10-20 05:03:33 [TRACE] 【本轮的坐标】：(np.int64(2478), np.int64(443)) ------------
2025-10-20 05:03:33 [TRACE] 【已点击过的坐标】：[(-10, -10), (np.int64(1699), np.int64(441)), (np.int64(2088), np.int64(441)), (np.int64(2478), np.int64(441))]
2025-10-20 05:03:33 [TRACE] 【坐标太近】视为重复
2025-10-20 05:03:33 [TRACE] 【没有通过的坐标】开始下一轮
2025-10-20 05:03:33 [TRACE] 【完成所有点击】有效次数：3
2025-10-20 05:03:33 [TRACE] 【目标检测】屏幕内没有目标
2025-10-20 05:03:33 [TRACE] 【状态】搜索模式：C:\Users\gelon\Desktop\ZA-Lite\assets/images/hollow\card.png 置信度：0.98653644323349
2025-10-20 05:03:35 [TRACE] 【目标检测】屏幕内没有目标
2025-10-20 05:03:36 [TRACE] 【目标检测】屏幕内没有目标
2025-10-20 05:03:37 [TRACE] 【目标检测】屏幕内没有目标
2025-10-20 05:03:38 [TRACE] 【目标检测】屏幕内没有目标
2025-10-20 05:03:39 [TRACE] 【目标检测】屏幕内没有目标
2025-10-20 05:03:41 [TRACE] 【目标检测】屏幕内没有目标
2025-10-20 05:03:42 [TRACE] 【目标检测】屏幕内没有目标
2025-10-20 05:03:43 [TRACE] 【目标检测】屏幕内没有目标
2025-10-20 05:03:43 [TRACE] 【目标检测】屏幕内没有目标
2025-10-20 05:03:44 [TRACE] 【目标检测】屏幕内没有目标
2025-10-20 05:03:45 [TRACE] 【状态】搜索模式：C:\Users\gelon\Desktop\ZA-Lite\assets/images/hollow\resonium.png 置信度：0.9999998807907104
2025-10-20 05:03:45 [TRACE] 【目标出现】C:\Users\gelon\Desktop\ZA-Lite\assets/images/hollow\resonium.png 置信度：0.9999998807907104
2025-10-20 05:03:45 [TRACE] 【本轮的坐标】：(np.int64(1699), np.int64(441)) ------------
2025-10-20 05:03:45 [TRACE] 【已点击过的坐标】：[(-10, -10)]
2025-10-20 05:03:45 [TRACE] 【成功点击】
2025-10-20 05:03:46 [TRACE] 【目标检测】屏幕内没有目标
2025-10-20 05:03:46 [TRACE] 【本轮的坐标】：(np.int64(2088), np.int64(441)) ------------
2025-10-20 05:03:46 [TRACE] 【已点击过的坐标】：[(-10, -10), (np.int64(1699), np.int64(441))]
2025-10-20 05:03:46 [TRACE] 【成功点击】
2025-10-20 05:03:47 [TRACE] 【目标检测】屏幕内没有目标
2025-10-20 05:03:47 [TRACE] 【本轮的坐标】：(np.int64(2089), np.int64(441)) ------------
2025-10-20 05:03:47 [TRACE] 【已点击过的坐标】：[(-10, -10), (np.int64(1699), np.int64(441)), (np.int64(2088), np.int64(441))]
2025-10-20 05:03:47 [TRACE] 【坐标太近】视为重复
2025-10-20 05:03:47 [TRACE] 【没有通过的坐标】开始下一轮
2025-10-20 05:03:47 [TRACE] 【本轮的坐标】：(np.int64(2478), np.int64(441)) ------------
2025-10-20 05:03:47 [TRACE] 【已点击过的坐标】：[(-10, -10), (np.int64(1699), np.int64(441)), (np.int64(2088), np.int64(441))]
2025-10-20 05:03:47 [TRACE] 【成功点击】
2025-10-20 05:03:47 [TRACE] 【目标检测】屏幕内没有目标
2025-10-20 05:03:48 [TRACE] 【本轮的坐标】：(np.int64(1698), np.int64(442)) ------------
2025-10-20 05:03:48 [TRACE] 【已点击过的坐标】：[(-10, -10), (np.int64(1699), np.int64(441)), (np.int64(2088), np.int64(441)), (np.int64(2478), np.int64(441))]
2025-10-20 05:03:48 [TRACE] 【坐标太近】视为重复
2025-10-20 05:03:48 [TRACE] 【没有通过的坐标】开始下一轮
2025-10-20 05:03:48 [TRACE] 【本轮的坐标】：(np.int64(1699), np.int64(442)) ------------
2025-10-20 05:03:48 [TRACE] 【已点击过的坐标】：[(-10, -10), (np.int64(1699), np.int64(441)), (np.int64(2088), np.int64(441)), (np.int64(2478), np.int64(441))]
2025-10-20 05:03:48 [TRACE] 【坐标太近】视为重复
2025-10-20 05:03:48 [TRACE] 【没有通过的坐标】开始下一轮
2025-10-20 05:03:48 [TRACE] 【本轮的坐标】：(np.int64(1700), np.int64(442)) ------------
2025-10-20 05:03:48 [TRACE] 【已点击过的坐标】：[(-10, -10), (np.int64(1699), np.int64(441)), (np.int64(2088), np.int64(441)), (np.int64(2478), np.int64(441))]
2025-10-20 05:03:48 [TRACE] 【坐标太近】视为重复
2025-10-20 05:03:48 [TRACE] 【没有通过的坐标】开始下一轮
2025-10-20 05:03:48 [TRACE] 【本轮的坐标】：(np.int64(2087), np.int64(442)) ------------
2025-10-20 05:03:48 [TRACE] 【已点击过的坐标】：[(-10, -10), (np.int64(1699), np.int64(441)), (np.int64(2088), np.int64(441)), (np.int64(2478), np.int64(441))]
2025-10-20 05:03:48 [TRACE] 【坐标太近】视为重复
2025-10-20 05:03:48 [TRACE] 【没有通过的坐标】开始下一轮
2025-10-20 05:03:48 [TRACE] 【本轮的坐标】：(np.int64(2088), np.int64(442)) ------------
2025-10-20 05:03:48 [TRACE] 【已点击过的坐标】：[(-10, -10), (np.int64(1699), np.int64(441)), (np.int64(2088), np.int64(441)), (np.int64(2478), np.int64(441))]
2025-10-20 05:03:48 [TRACE] 【坐标太近】视为重复
2025-10-20 05:03:48 [TRACE] 【没有通过的坐标】开始下一轮
2025-10-20 05:03:48 [TRACE] 【本轮的坐标】：(np.int64(2089), np.int64(442)) ------------
2025-10-20 05:03:48 [TRACE] 【已点击过的坐标】：[(-10, -10), (np.int64(1699), np.int64(441)), (np.int64(2088), np.int64(441)), (np.int64(2478), np.int64(441))]
2025-10-20 05:03:48 [TRACE] 【坐标太近】视为重复
2025-10-20 05:03:48 [TRACE] 【没有通过的坐标】开始下一轮
2025-10-20 05:03:48 [TRACE] 【本轮的坐标】：(np.int64(2090), np.int64(442)) ------------
2025-10-20 05:03:48 [TRACE] 【已点击过的坐标】：[(-10, -10), (np.int64(1699), np.int64(441)), (np.int64(2088), np.int64(441)), (np.int64(2478), np.int64(441))]
2025-10-20 05:03:48 [TRACE] 【坐标太近】视为重复
2025-10-20 05:03:48 [TRACE] 【没有通过的坐标】开始下一轮
2025-10-20 05:03:48 [TRACE] 【本轮的坐标】：(np.int64(2477), np.int64(442)) ------------
2025-10-20 05:03:48 [TRACE] 【已点击过的坐标】：[(-10, -10), (np.int64(1699), np.int64(441)), (np.int64(2088), np.int64(441)), (np.int64(2478), np.int64(441))]
2025-10-20 05:03:48 [TRACE] 【坐标太近】视为重复
2025-10-20 05:03:48 [TRACE] 【没有通过的坐标】开始下一轮
2025-10-20 05:03:48 [TRACE] 【本轮的坐标】：(np.int64(2478), np.int64(442)) ------------
2025-10-20 05:03:48 [TRACE] 【已点击过的坐标】：[(-10, -10), (np.int64(1699), np.int64(441)), (np.int64(2088), np.int64(441)), (np.int64(2478), np.int64(441))]
2025-10-20 05:03:48 [TRACE] 【坐标太近】视为重复
2025-10-20 05:03:48 [TRACE] 【没有通过的坐标】开始下一轮
2025-10-20 05:03:48 [TRACE] 【本轮的坐标】：(np.int64(2479), np.int64(442)) ------------
2025-10-20 05:03:48 [TRACE] 【已点击过的坐标】：[(-10, -10), (np.int64(1699), np.int64(441)), (np.int64(2088), np.int64(441)), (np.int64(2478), np.int64(441))]
2025-10-20 05:03:48 [TRACE] 【坐标太近】视为重复
2025-10-20 05:03:48 [TRACE] 【没有通过的坐标】开始下一轮
2025-10-20 05:03:48 [TRACE] 【本轮的坐标】：(np.int64(1698), np.int64(443)) ------------
2025-10-20 05:03:48 [TRACE] 【已点击过的坐标】：[(-10, -10), (np.int64(1699), np.int64(441)), (np.int64(2088), np.int64(441)), (np.int64(2478), np.int64(441))]
2025-10-20 05:03:48 [TRACE] 【坐标太近】视为重复
2025-10-20 05:03:48 [TRACE] 【没有通过的坐标】开始下一轮
2025-10-20 05:03:48 [TRACE] 【本轮的坐标】：(np.int64(1699), np.int64(443)) ------------
2025-10-20 05:03:48 [TRACE] 【已点击过的坐标】：[(-10, -10), (np.int64(1699), np.int64(441)), (np.int64(2088), np.int64(441)), (np.int64(2478), np.int64(441))]
2025-10-20 05:03:48 [TRACE] 【坐标太近】视为重复
2025-10-20 05:03:48 [TRACE] 【没有通过的坐标】开始下一轮
2025-10-20 05:03:48 [TRACE] 【本轮的坐标】：(np.int64(2088), np.int64(443)) ------------
2025-10-20 05:03:48 [TRACE] 【已点击过的坐标】：[(-10, -10), (np.int64(1699), np.int64(441)), (np.int64(2088), np.int64(441)), (np.int64(2478), np.int64(441))]
2025-10-20 05:03:48 [TRACE] 【坐标太近】视为重复
2025-10-20 05:03:48 [TRACE] 【没有通过的坐标】开始下一轮
2025-10-20 05:03:48 [TRACE] 【本轮的坐标】：(np.int64(2478), np.int64(443)) ------------
2025-10-20 05:03:48 [TRACE] 【已点击过的坐标】：[(-10, -10), (np.int64(1699), np.int64(441)), (np.int64(2088), np.int64(441)), (np.int64(2478), np.int64(441))]
2025-10-20 05:03:48 [TRACE] 【坐标太近】视为重复
2025-10-20 05:03:48 [TRACE] 【没有通过的坐标】开始下一轮
2025-10-20 05:03:48 [TRACE] 【完成所有点击】有效次数：3
2025-10-20 05:03:48 [TRACE] 【状态】搜索模式：C:\Users\gelon\Desktop\ZA-Lite\assets/images/hollow\card.png 置信度：0.986535370349884
2025-10-20 05:03:48 [TRACE] 【目标检测】屏幕内没有目标
2025-10-20 05:03:49 [TRACE] 【目标检测】屏幕内没有目标
2025-10-20 05:03:51 [TRACE] 【目标检测】屏幕内没有目标
2025-10-20 05:03:52 [TRACE] 【目标检测】屏幕内没有目标
2025-10-20 05:03:53 [TRACE] 【目标检测】屏幕内没有目标
2025-10-20 05:03:53 [TRACE] 【目标检测】屏幕内没有目标
2025-10-20 05:03:54 [TRACE] 【状态】搜索模式：C:\Users\gelon\Desktop\ZA-Lite\assets/images/hollow\resonium.png 置信度：1.0
2025-10-20 05:03:54 [TRACE] 【目标出现】C:\Users\gelon\Desktop\ZA-Lite\assets/images/hollow\resonium.png 置信度：0.9999998807907104
2025-10-20 05:03:54 [TRACE] 【本轮的坐标】：(np.int64(1699), np.int64(441)) ------------
2025-10-20 05:03:54 [TRACE] 【已点击过的坐标】：[(-10, -10)]
2025-10-20 05:03:54 [TRACE] 【成功点击】
2025-10-20 05:03:54 [TRACE] 【目标检测】屏幕内没有目标
2025-10-20 05:03:55 [TRACE] 【本轮的坐标】：(np.int64(2088), np.int64(441)) ------------
2025-10-20 05:03:55 [TRACE] 【已点击过的坐标】：[(-10, -10), (np.int64(1699), np.int64(441))]
2025-10-20 05:03:55 [TRACE] 【成功点击】
2025-10-20 05:03:55 [TRACE] 【本轮的坐标】：(np.int64(2089), np.int64(441)) ------------
2025-10-20 05:03:55 [TRACE] 【已点击过的坐标】：[(-10, -10), (np.int64(1699), np.int64(441)), (np.int64(2088), np.int64(441))]
2025-10-20 05:03:55 [TRACE] 【坐标太近】视为重复
2025-10-20 05:03:55 [TRACE] 【没有通过的坐标】开始下一轮
2025-10-20 05:03:55 [TRACE] 【本轮的坐标】：(np.int64(2478), np.int64(441)) ------------
2025-10-20 05:03:55 [TRACE] 【已点击过的坐标】：[(-10, -10), (np.int64(1699), np.int64(441)), (np.int64(2088), np.int64(441))]
2025-10-20 05:03:55 [TRACE] 【成功点击】
2025-10-20 05:03:56 [TRACE] 【目标检测】屏幕内没有目标
2025-10-20 05:03:56 [TRACE] 【本轮的坐标】：(np.int64(1698), np.int64(442)) ------------
2025-10-20 05:03:56 [TRACE] 【已点击过的坐标】：[(-10, -10), (np.int64(1699), np.int64(441)), (np.int64(2088), np.int64(441)), (np.int64(2478), np.int64(441))]
2025-10-20 05:03:56 [TRACE] 【坐标太近】视为重复
2025-10-20 05:03:56 [TRACE] 【没有通过的坐标】开始下一轮
2025-10-20 05:03:56 [TRACE] 【本轮的坐标】：(np.int64(1699), np.int64(442)) ------------
2025-10-20 05:03:56 [TRACE] 【已点击过的坐标】：[(-10, -10), (np.int64(1699), np.int64(441)), (np.int64(2088), np.int64(441)), (np.int64(2478), np.int64(441))]
2025-10-20 05:03:56 [TRACE] 【坐标太近】视为重复
2025-10-20 05:03:56 [TRACE] 【没有通过的坐标】开始下一轮
2025-10-20 05:03:56 [TRACE] 【本轮的坐标】：(np.int64(1700), np.int64(442)) ------------
2025-10-20 05:03:56 [TRACE] 【已点击过的坐标】：[(-10, -10), (np.int64(1699), np.int64(441)), (np.int64(2088), np.int64(441)), (np.int64(2478), np.int64(441))]
2025-10-20 05:03:56 [TRACE] 【坐标太近】视为重复
2025-10-20 05:03:56 [TRACE] 【没有通过的坐标】开始下一轮
2025-10-20 05:03:56 [TRACE] 【本轮的坐标】：(np.int64(2087), np.int64(442)) ------------
2025-10-20 05:03:56 [TRACE] 【已点击过的坐标】：[(-10, -10), (np.int64(1699), np.int64(441)), (np.int64(2088), np.int64(441)), (np.int64(2478), np.int64(441))]
2025-10-20 05:03:56 [TRACE] 【坐标太近】视为重复
2025-10-20 05:03:56 [TRACE] 【没有通过的坐标】开始下一轮
2025-10-20 05:03:56 [TRACE] 【本轮的坐标】：(np.int64(2088), np.int64(442)) ------------
2025-10-20 05:03:56 [TRACE] 【已点击过的坐标】：[(-10, -10), (np.int64(1699), np.int64(441)), (np.int64(2088), np.int64(441)), (np.int64(2478), np.int64(441))]
2025-10-20 05:03:56 [TRACE] 【坐标太近】视为重复
2025-10-20 05:03:56 [TRACE] 【没有通过的坐标】开始下一轮
2025-10-20 05:03:56 [TRACE] 【本轮的坐标】：(np.int64(2089), np.int64(442)) ------------
2025-10-20 05:03:56 [TRACE] 【已点击过的坐标】：[(-10, -10), (np.int64(1699), np.int64(441)), (np.int64(2088), np.int64(441)), (np.int64(2478), np.int64(441))]
2025-10-20 05:03:56 [TRACE] 【坐标太近】视为重复
2025-10-20 05:03:56 [TRACE] 【没有通过的坐标】开始下一轮
2025-10-20 05:03:56 [TRACE] 【本轮的坐标】：(np.int64(2090), np.int64(442)) ------------
2025-10-20 05:03:56 [TRACE] 【已点击过的坐标】：[(-10, -10), (np.int64(1699), np.int64(441)), (np.int64(2088), np.int64(441)), (np.int64(2478), np.int64(441))]
2025-10-20 05:03:56 [TRACE] 【坐标太近】视为重复
2025-10-20 05:03:56 [TRACE] 【没有通过的坐标】开始下一轮
2025-10-20 05:03:56 [TRACE] 【本轮的坐标】：(np.int64(2477), np.int64(442)) ------------
2025-10-20 05:03:56 [TRACE] 【已点击过的坐标】：[(-10, -10), (np.int64(1699), np.int64(441)), (np.int64(2088), np.int64(441)), (np.int64(2478), np.int64(441))]
2025-10-20 05:03:56 [TRACE] 【坐标太近】视为重复
2025-10-20 05:03:56 [TRACE] 【没有通过的坐标】开始下一轮
2025-10-20 05:03:56 [TRACE] 【本轮的坐标】：(np.int64(2478), np.int64(442)) ------------
2025-10-20 05:03:56 [TRACE] 【已点击过的坐标】：[(-10, -10), (np.int64(1699), np.int64(441)), (np.int64(2088), np.int64(441)), (np.int64(2478), np.int64(441))]
2025-10-20 05:03:56 [TRACE] 【坐标太近】视为重复
2025-10-20 05:03:56 [TRACE] 【没有通过的坐标】开始下一轮
2025-10-20 05:03:56 [TRACE] 【本轮的坐标】：(np.int64(2479), np.int64(442)) ------------
2025-10-20 05:03:56 [TRACE] 【已点击过的坐标】：[(-10, -10), (np.int64(1699), np.int64(441)), (np.int64(2088), np.int64(441)), (np.int64(2478), np.int64(441))]
2025-10-20 05:03:56 [TRACE] 【坐标太近】视为重复
2025-10-20 05:03:56 [TRACE] 【没有通过的坐标】开始下一轮
2025-10-20 05:03:56 [TRACE] 【本轮的坐标】：(np.int64(1698), np.int64(443)) ------------
2025-10-20 05:03:56 [TRACE] 【已点击过的坐标】：[(-10, -10), (np.int64(1699), np.int64(441)), (np.int64(2088), np.int64(441)), (np.int64(2478), np.int64(441))]
2025-10-20 05:03:56 [TRACE] 【坐标太近】视为重复
2025-10-20 05:03:56 [TRACE] 【没有通过的坐标】开始下一轮
2025-10-20 05:03:56 [TRACE] 【本轮的坐标】：(np.int64(1699), np.int64(443)) ------------
2025-10-20 05:03:56 [TRACE] 【已点击过的坐标】：[(-10, -10), (np.int64(1699), np.int64(441)), (np.int64(2088), np.int64(441)), (np.int64(2478), np.int64(441))]
2025-10-20 05:03:56 [TRACE] 【坐标太近】视为重复
2025-10-20 05:03:56 [TRACE] 【没有通过的坐标】开始下一轮
2025-10-20 05:03:56 [TRACE] 【本轮的坐标】：(np.int64(2088), np.int64(443)) ------------
2025-10-20 05:03:56 [TRACE] 【已点击过的坐标】：[(-10, -10), (np.int64(1699), np.int64(441)), (np.int64(2088), np.int64(441)), (np.int64(2478), np.int64(441))]
2025-10-20 05:03:56 [TRACE] 【坐标太近】视为重复
2025-10-20 05:03:56 [TRACE] 【没有通过的坐标】开始下一轮
2025-10-20 05:03:56 [TRACE] 【本轮的坐标】：(np.int64(2478), np.int64(443)) ------------
2025-10-20 05:03:56 [TRACE] 【已点击过的坐标】：[(-10, -10), (np.int64(1699), np.int64(441)), (np.int64(2088), np.int64(441)), (np.int64(2478), np.int64(441))]
2025-10-20 05:03:56 [TRACE] 【坐标太近】视为重复
2025-10-20 05:03:56 [TRACE] 【没有通过的坐标】开始下一轮
2025-10-20 05:03:56 [TRACE] 【完成所有点击】有效次数：3
2025-10-20 05:03:56 [TRACE] 【状态】搜索模式：C:\Users\gelon\Desktop\ZA-Lite\assets/images/hollow\card.png 置信度：0.986535370349884
2025-10-20 05:03:57 [TRACE] 【目标检测】屏幕内没有目标
2025-10-20 05:03:58 [TRACE] 【目标检测】屏幕内没有目标
2025-10-20 05:03:59 [TRACE] 【目标检测】屏幕内没有目标
2025-10-20 05:03:59 [TRACE] 【目标检测】屏幕内没有目标
2025-10-20 05:04:01 [TRACE] 【目标检测】屏幕内没有目标
2025-10-20 05:04:02 [TRACE] 【状态】搜索模式：C:\Users\gelon\Desktop\ZA-Lite\assets/images/hollow\resonium.png 置信度：0.9999996423721313
2025-10-20 05:04:02 [TRACE] 【目标检测】屏幕内没有目标
2025-10-20 05:04:02 [TRACE] 【目标出现】C:\Users\gelon\Desktop\ZA-Lite\assets/images/hollow\resonium.png 置信度：0.9999998807907104
2025-10-20 05:04:02 [TRACE] 【本轮的坐标】：(np.int64(1699), np.int64(441)) ------------
2025-10-20 05:04:02 [TRACE] 【已点击过的坐标】：[(-10, -10)]
2025-10-20 05:04:02 [TRACE] 【成功点击】
2025-10-20 05:04:03 [TRACE] 【目标检测】屏幕内没有目标
2025-10-20 05:04:03 [TRACE] 【本轮的坐标】：(np.int64(2088), np.int64(441)) ------------
2025-10-20 05:04:03 [TRACE] 【已点击过的坐标】：[(-10, -10), (np.int64(1699), np.int64(441))]
2025-10-20 05:04:03 [TRACE] 【成功点击】
2025-10-20 05:04:04 [TRACE] 【目标检测】屏幕内没有目标
2025-10-20 05:04:04 [TRACE] 【本轮的坐标】：(np.int64(2089), np.int64(441)) ------------
2025-10-20 05:04:04 [TRACE] 【已点击过的坐标】：[(-10, -10), (np.int64(1699), np.int64(441)), (np.int64(2088), np.int64(441))]
2025-10-20 05:04:04 [TRACE] 【坐标太近】视为重复
2025-10-20 05:04:04 [TRACE] 【没有通过的坐标】开始下一轮
2025-10-20 05:04:04 [TRACE] 【本轮的坐标】：(np.int64(2478), np.int64(441)) ------------
2025-10-20 05:04:04 [TRACE] 【已点击过的坐标】：[(-10, -10), (np.int64(1699), np.int64(441)), (np.int64(2088), np.int64(441))]
2025-10-20 05:04:04 [TRACE] 【成功点击】
2025-10-20 05:04:04 [TRACE] 【目标检测】屏幕内没有目标
2025-10-20 05:04:05 [TRACE] 【本轮的坐标】：(np.int64(1698), np.int64(442)) ------------
2025-10-20 05:04:05 [TRACE] 【已点击过的坐标】：[(-10, -10), (np.int64(1699), np.int64(441)), (np.int64(2088), np.int64(441)), (np.int64(2478), np.int64(441))]
2025-10-20 05:04:05 [TRACE] 【坐标太近】视为重复
2025-10-20 05:04:05 [TRACE] 【没有通过的坐标】开始下一轮
2025-10-20 05:04:05 [TRACE] 【本轮的坐标】：(np.int64(1699), np.int64(442)) ------------
2025-10-20 05:04:05 [TRACE] 【已点击过的坐标】：[(-10, -10), (np.int64(1699), np.int64(441)), (np.int64(2088), np.int64(441)), (np.int64(2478), np.int64(441))]
2025-10-20 05:04:05 [TRACE] 【坐标太近】视为重复
2025-10-20 05:04:05 [TRACE] 【没有通过的坐标】开始下一轮
2025-10-20 05:04:05 [TRACE] 【本轮的坐标】：(np.int64(1700), np.int64(442)) ------------
2025-10-20 05:04:05 [TRACE] 【已点击过的坐标】：[(-10, -10), (np.int64(1699), np.int64(441)), (np.int64(2088), np.int64(441)), (np.int64(2478), np.int64(441))]
2025-10-20 05:04:05 [TRACE] 【坐标太近】视为重复
2025-10-20 05:04:05 [TRACE] 【没有通过的坐标】开始下一轮
2025-10-20 05:04:05 [TRACE] 【本轮的坐标】：(np.int64(2087), np.int64(442)) ------------
2025-10-20 05:04:05 [TRACE] 【已点击过的坐标】：[(-10, -10), (np.int64(1699), np.int64(441)), (np.int64(2088), np.int64(441)), (np.int64(2478), np.int64(441))]
2025-10-20 05:04:05 [TRACE] 【坐标太近】视为重复
2025-10-20 05:04:05 [TRACE] 【没有通过的坐标】开始下一轮
2025-10-20 05:04:05 [TRACE] 【本轮的坐标】：(np.int64(2088), np.int64(442)) ------------
2025-10-20 05:04:05 [TRACE] 【已点击过的坐标】：[(-10, -10), (np.int64(1699), np.int64(441)), (np.int64(2088), np.int64(441)), (np.int64(2478), np.int64(441))]
2025-10-20 05:04:05 [TRACE] 【坐标太近】视为重复
2025-10-20 05:04:05 [TRACE] 【没有通过的坐标】开始下一轮
2025-10-20 05:04:05 [TRACE] 【本轮的坐标】：(np.int64(2089), np.int64(442)) ------------
2025-10-20 05:04:05 [TRACE] 【已点击过的坐标】：[(-10, -10), (np.int64(1699), np.int64(441)), (np.int64(2088), np.int64(441)), (np.int64(2478), np.int64(441))]
2025-10-20 05:04:05 [TRACE] 【坐标太近】视为重复
2025-10-20 05:04:05 [TRACE] 【没有通过的坐标】开始下一轮
2025-10-20 05:04:05 [TRACE] 【本轮的坐标】：(np.int64(2090), np.int64(442)) ------------
2025-10-20 05:04:05 [TRACE] 【已点击过的坐标】：[(-10, -10), (np.int64(1699), np.int64(441)), (np.int64(2088), np.int64(441)), (np.int64(2478), np.int64(441))]
2025-10-20 05:04:05 [TRACE] 【坐标太近】视为重复
2025-10-20 05:04:05 [TRACE] 【没有通过的坐标】开始下一轮
2025-10-20 05:04:05 [TRACE] 【本轮的坐标】：(np.int64(2477), np.int64(442)) ------------
2025-10-20 05:04:05 [TRACE] 【已点击过的坐标】：[(-10, -10), (np.int64(1699), np.int64(441)), (np.int64(2088), np.int64(441)), (np.int64(2478), np.int64(441))]
2025-10-20 05:04:05 [TRACE] 【坐标太近】视为重复
2025-10-20 05:04:05 [TRACE] 【没有通过的坐标】开始下一轮
2025-10-20 05:04:05 [TRACE] 【本轮的坐标】：(np.int64(2478), np.int64(442)) ------------
2025-10-20 05:04:05 [TRACE] 【已点击过的坐标】：[(-10, -10), (np.int64(1699), np.int64(441)), (np.int64(2088), np.int64(441)), (np.int64(2478), np.int64(441))]
2025-10-20 05:04:05 [TRACE] 【坐标太近】视为重复
2025-10-20 05:04:05 [TRACE] 【没有通过的坐标】开始下一轮
2025-10-20 05:04:05 [TRACE] 【本轮的坐标】：(np.int64(2479), np.int64(442)) ------------
2025-10-20 05:04:05 [TRACE] 【已点击过的坐标】：[(-10, -10), (np.int64(1699), np.int64(441)), (np.int64(2088), np.int64(441)), (np.int64(2478), np.int64(441))]
2025-10-20 05:04:05 [TRACE] 【坐标太近】视为重复
2025-10-20 05:04:05 [TRACE] 【没有通过的坐标】开始下一轮
2025-10-20 05:04:05 [TRACE] 【本轮的坐标】：(np.int64(1698), np.int64(443)) ------------
2025-10-20 05:04:05 [TRACE] 【已点击过的坐标】：[(-10, -10), (np.int64(1699), np.int64(441)), (np.int64(2088), np.int64(441)), (np.int64(2478), np.int64(441))]
2025-10-20 05:04:05 [TRACE] 【坐标太近】视为重复
2025-10-20 05:04:05 [TRACE] 【没有通过的坐标】开始下一轮
2025-10-20 05:04:05 [TRACE] 【本轮的坐标】：(np.int64(1699), np.int64(443)) ------------
2025-10-20 05:04:05 [TRACE] 【已点击过的坐标】：[(-10, -10), (np.int64(1699), np.int64(441)), (np.int64(2088), np.int64(441)), (np.int64(2478), np.int64(441))]
2025-10-20 05:04:05 [TRACE] 【坐标太近】视为重复
2025-10-20 05:04:05 [TRACE] 【没有通过的坐标】开始下一轮
2025-10-20 05:04:05 [TRACE] 【本轮的坐标】：(np.int64(2088), np.int64(443)) ------------
2025-10-20 05:04:05 [TRACE] 【已点击过的坐标】：[(-10, -10), (np.int64(1699), np.int64(441)), (np.int64(2088), np.int64(441)), (np.int64(2478), np.int64(441))]
2025-10-20 05:04:05 [TRACE] 【坐标太近】视为重复
2025-10-20 05:04:05 [TRACE] 【没有通过的坐标】开始下一轮
2025-10-20 05:04:05 [TRACE] 【本轮的坐标】：(np.int64(2478), np.int64(443)) ------------
2025-10-20 05:04:05 [TRACE] 【已点击过的坐标】：[(-10, -10), (np.int64(1699), np.int64(441)), (np.int64(2088), np.int64(441)), (np.int64(2478), np.int64(441))]
2025-10-20 05:04:05 [TRACE] 【坐标太近】视为重复
2025-10-20 05:04:05 [TRACE] 【没有通过的坐标】开始下一轮
2025-10-20 05:04:05 [TRACE] 【完成所有点击】有效次数：3
2025-10-20 05:04:05 [TRACE] 【状态】搜索模式：C:\Users\gelon\Desktop\ZA-Lite\assets/images/hollow\card.png 置信度：0.986535370349884
2025-10-20 05:04:06 [TRACE] 【目标检测】屏幕内没有目标
2025-10-20 05:04:07 [TRACE] 【目标检测】屏幕内没有目标
2025-10-20 05:04:08 [TRACE] 【目标检测】屏幕内没有目标
2025-10-20 05:04:09 [TRACE] 【目标检测】屏幕内没有目标
2025-10-20 05:04:14 [TRACE] 【目标检测】微调超时，无法对齐！
2025-10-20 05:04:16 [TRACE] 【空洞监听】无匹配已持续：0秒
2025-10-20 05:04:16 [TRACE] 【目标检测】TRAPPED！ 类型：guide_point 置信度：0.8297921419143677
2025-10-20 05:04:21 [TRACE] 【空洞监听】无匹配已持续：4秒
2025-10-20 05:04:22 [TRACE] 【目标检测】屏幕内没有目标
2025-10-20 05:04:23 [TRACE] 【目标检测】屏幕内没有目标
2025-10-20 05:04:24 [TRACE] 【目标检测】屏幕内没有目标
2025-10-20 05:04:25 [TRACE] 【目标检测】屏幕内没有目标
2025-10-20 05:04:26 [TRACE] 【空洞监听】无匹配已持续：10秒
2025-10-20 05:04:26 [TRACE] 【目标检测】屏幕内没有目标
2025-10-20 05:04:28 [TRACE] 【目标检测】屏幕内没有目标
2025-10-20 05:04:30 [TRACE] 【目标检测】屏幕内没有目标
2025-10-20 05:04:30 [TRACE] 【目标检测】屏幕内没有目标
2025-10-20 05:04:31 [TRACE] 【空洞监听】无匹配已持续：15秒
2025-10-20 05:04:32 [TRACE] 【目标检测】屏幕内没有目标
2025-10-20 05:04:33 [TRACE] 【目标检测】屏幕内没有目标
2025-10-20 05:04:35 [TRACE] 【状态】战斗模式：C:\Users\gelon\Desktop\ZA-Lite\assets/images/hollow\battle_5.png 置信度：0.9870561957359314
2025-10-20 05:04:35 [TRACE] 【目标检测】屏幕内没有目标
2025-10-20 05:04:44 [TRACE] 【空洞监听】无匹配已持续：0秒
2025-10-20 05:04:50 [TRACE] 【状态】战斗模式：正在受到攻击
2025-10-20 05:04:57 [TRACE] 【状态】战斗模式：正在受到攻击
2025-10-20 05:05:00 [TRACE] 【状态】战斗模式：C:\Users\gelon\Desktop\ZA-Lite\assets/images/hollow\battle_5.png 置信度：0.9567421674728394
2025-10-20 05:05:07 [TRACE] 【状态】战斗模式：C:\Users\gelon\Desktop\ZA-Lite\assets/images/hollow\battle_5.png 置信度：0.9750005602836609
2025-10-20 05:05:16 [TRACE] 【空洞监听】无匹配已持续：0秒
2025-10-20 05:05:22 [TRACE] 【空洞监听】无匹配已持续：6秒
2025-10-20 05:05:28 [TRACE] 【空洞监听】无匹配已持续：12秒
2025-10-20 05:05:34 [TRACE] 【状态】战斗模式：正在受到攻击
2025-10-20 05:05:41 [TRACE] 【空洞监听】无匹配已持续：0秒
2025-10-20 05:05:47 [TRACE] 【空洞监听】无匹配已持续：6秒
2025-10-20 05:05:53 [TRACE] 【空洞监听】无匹配已持续：12秒
2025-10-20 05:05:59 [TRACE] 【空洞监听】无匹配已持续：18秒
2025-10-20 05:06:05 [TRACE] 【空洞监听】无匹配已持续：24秒
2025-10-20 05:06:12 [TRACE] 【空洞监听】无匹配已持续：30秒
2025-10-20 05:06:18 [TRACE] 【空洞监听】无匹配已持续：36秒
2025-10-20 05:06:24 [TRACE] 【空洞监听】无匹配已持续：42秒
2025-10-20 05:06:30 [TRACE] 【空洞监听】无匹配已持续：49秒
2025-10-20 05:06:36 [TRACE] 【空洞监听】无匹配已持续：55秒
2025-10-20 05:06:43 [WARNING] 代理人死亡，空洞任务失败
2025-10-20 05:06:43 [TRACE] 【1】等待目标中 C:\Users\gelon\Desktop\ZA-Lite\assets/images/hollow\mission_completed.png
2025-10-20 05:06:44 [TRACE] 【2】等待目标中 C:\Users\gelon\Desktop\ZA-Lite\assets/images/hollow\mission_completed.png
2025-10-20 05:06:45 [TRACE] 【3】等待目标中 C:\Users\gelon\Desktop\ZA-Lite\assets/images/hollow\mission_completed.png
2025-10-20 05:06:46 [TRACE] 【4】等待目标中 C:\Users\gelon\Desktop\ZA-Lite\assets/images/hollow\mission_completed.png
2025-10-20 05:06:46 [TRACE] 【目标出现】C:\Users\gelon\Desktop\ZA-Lite\assets/images/hollow\mission_completed.png 置信度：0.9999998211860657
2025-10-20 05:06:48 [INFO] 本轮耗时:22分钟
2025-10-20 05:06:48 [INFO] 当前已完成空洞 0 次 
2025-10-20 05:06:48 [DEBUG] 正在返回菜单
2025-10-20 05:06:48 [TRACE] 正在返回菜单,请保持游戏画面处于前台
2025-10-20 05:06:50 [TRACE] 正在返回菜单,请保持游戏画面处于前台
2025-10-20 05:06:52 [TRACE] 正在返回菜单,请保持游戏画面处于前台
2025-10-20 05:06:55 [TRACE] 正在返回菜单,请保持游戏画面处于前台
2025-10-20 05:06:57 [TRACE] 正在返回菜单,请保持游戏画面处于前台
2025-10-20 05:06:59 [TRACE] 正在返回菜单,请保持游戏画面处于前台
2025-10-20 05:07:02 [TRACE] 现在处于大厅
2025-10-20 05:07:02 [INFO] 执行零号空洞任务中
2025-10-20 05:07:02 [TRACE] 【1】等待目标中 C:\Users\gelon\Desktop\ZA-Lite\assets/images/hollow\combat.png
2025-10-20 05:07:03 [TRACE] 【目标出现】C:\Users\gelon\Desktop\ZA-Lite\assets/images/hollow\combat.png 置信度：0.9762907028198242
2025-10-20 05:07:05 [TRACE] 【目标出现】C:\Users\gelon\Desktop\ZA-Lite\assets/images/hollow\zero_hollow.png 置信度：0.9999943375587463
2025-10-20 05:07:06 [TRACE] 【目标出现】C:\Users\gelon\Desktop\ZA-Lite\assets/images/hollow\go_hollow.png 置信度：0.9942861199378967
2025-10-20 05:07:07 [TRACE] 【目标出现】C:\Users\gelon\Desktop\ZA-Lite\assets/images/hollow\confirm.png 置信度：0.983942985534668
2025-10-20 05:07:09 [TRACE] 【1】等待目标中 C:\Users\gelon\Desktop\ZA-Lite\assets/images/hollow\hollow_taskforce.png
2025-10-20 05:07:09 [TRACE] 【2】等待目标中 C:\Users\gelon\Desktop\ZA-Lite\assets/images/hollow\hollow_taskforce.png
2025-10-20 05:07:10 [TRACE] 【3】等待目标中 C:\Users\gelon\Desktop\ZA-Lite\assets/images/hollow\hollow_taskforce.png
2025-10-20 05:07:11 [TRACE] 【目标出现】C:\Users\gelon\Desktop\ZA-Lite\assets/images/hollow\hollow_taskforce.png 置信度：0.9999805688858032
2025-10-20 05:07:13 [TRACE] 【目标出现】C:\Users\gelon\Desktop\ZA-Lite\assets/images/hollow\strategy.png 置信度：0.9999997019767761
2025-10-20 05:07:14 [TRACE] 【1】等待目标中 C:\Users\gelon\Desktop\ZA-Lite\assets/images/hollow\strategy_confirm.png
2025-10-20 05:07:14 [TRACE] 【目标出现】C:\Users\gelon\Desktop\ZA-Lite\assets/images/hollow\strategy_confirm.png 置信度：1.0
2025-10-20 05:07:16 [TRACE] 【目标出现】C:\Users\gelon\Desktop\ZA-Lite\assets/images/hollow\next_step.png 置信度：0.9799535274505615
2025-10-20 05:07:17 [TRACE] 【目标出现】C:\Users\gelon\Desktop\ZA-Lite\assets/images/daily\squad_preset.png 置信度：0.9862329959869385
2025-10-20 05:07:19 [TRACE] 【目标出现】C:\Users\gelon\Desktop\ZA-Lite\assets/images/daily\squad_3.png 置信度：0.9967375993728638
2025-10-20 05:07:20 [TRACE] 【目标出现】C:\Users\gelon\Desktop\ZA-Lite\assets/images/daily\select_squad.png 置信度：0.9683811664581299
2025-10-20 05:07:21 [TRACE] 【目标出现】C:\Users\gelon\Desktop\ZA-Lite\assets/images/hollow\start_battle.png 置信度：0.9798151254653931
2025-10-20 05:07:23 [TRACE] 【目标检测】屏幕内没有目标
2025-10-20 05:07:24 [TRACE] 【目标检测】屏幕内没有目标
2025-10-20 05:07:25 [TRACE] 【目标检测】屏幕内没有目标
2025-10-20 05:07:25 [TRACE] 【目标检测】屏幕内没有目标
2025-10-20 05:07:27 [TRACE] 【目标检测】屏幕内没有目标
2025-10-20 05:07:28 [TRACE] 【空洞监听】无匹配已持续：0秒
2025-10-20 05:07:28 [TRACE] 【目标检测】屏幕内没有目标
2025-10-20 05:07:29 [TRACE] 【目标检测】屏幕内没有目标
2025-10-20 05:07:30 [TRACE] 【目标检测】屏幕内没有目标
2025-10-20 05:07:31 [TRACE] 【目标检测】屏幕内没有目标
2025-10-20 05:07:33 [TRACE] 【空洞监听】无匹配已持续：4秒
2025-10-20 05:07:33 [TRACE] 【目标检测】屏幕内没有目标
2025-10-20 05:07:34 [TRACE] 【目标检测】屏幕内没有目标
2025-10-20 05:07:35 [TRACE] 【目标检测】屏幕内没有目标
2025-10-20 05:07:35 [TRACE] 【目标检测】屏幕内没有目标
2025-10-20 05:07:36 [TRACE] 【目标检测】屏幕内没有目标
2025-10-20 05:07:38 [TRACE] 【空洞监听】无匹配已持续：10秒
2025-10-20 05:07:39 [TRACE] 【目标检测】屏幕内没有目标
2025-10-20 05:07:40 [TRACE] 【目标检测】屏幕内没有目标
2025-10-20 05:07:40 [TRACE] 【目标检测】屏幕内没有目标
2025-10-20 05:07:41 [TRACE] 【目标检测】屏幕内没有目标
2025-10-20 05:07:42 [TRACE] 【目标检测】屏幕内没有目标
2025-10-20 05:07:44 [TRACE] 【空洞监听】无匹配已持续：16秒
2025-10-20 05:07:47 [TRACE] 【目标检测】TRAPPED！ 类型：interact 置信度：0.9315909147262573
2025-10-20 05:07:49 [TRACE] 【空洞监听】无匹配已持续：21秒
2025-10-20 05:07:54 [TRACE] 【目标检测】屏幕内没有目标
2025-10-20 05:07:54 [TRACE] 【目标检测】目标存在，但置信度不足
2025-10-20 05:07:55 [TRACE] 【状态】搜索模式：C:\Users\gelon\Desktop\ZA-Lite\assets/images/hollow\card.png 置信度：0.9999998211860657
2025-10-20 05:07:55 [TRACE] 【目标检测】屏幕内没有目标
2025-10-20 05:07:57 [TRACE] 【目标检测】屏幕内没有目标
2025-10-20 05:07:58 [TRACE] 【目标检测】目标存在，但置信度不足
2025-10-20 05:07:58 [TRACE] 【目标检测】屏幕内没有目标
2025-10-20 05:07:59 [TRACE] 【目标检测】屏幕内没有目标
2025-10-20 05:08:01 [TRACE] 【目标检测】屏幕内没有目标
2025-10-20 05:08:06 [TRACE] 【目标检测】TRAPPED！ 类型：interact 置信度：0.8953817486763
2025-10-20 05:08:07 [TRACE] 【空洞监听】无匹配已持续：0秒
2025-10-20 05:08:12 [TRACE] 【空洞监听】无匹配已持续：5秒
2025-10-20 05:08:13 [TRACE] 【目标检测】TRAPPED！ 类型：interact 置信度：0.9274777770042419
2025-10-20 05:08:20 [TRACE] 【目标检测】屏幕内没有目标
2025-10-20 05:08:21 [TRACE] 【目标检测】屏幕内没有目标
2025-10-20 05:08:22 [TRACE] 【目标检测】屏幕内没有目标
2025-10-20 05:08:22 [TRACE] 【目标检测】屏幕内没有目标
2025-10-20 05:08:27 [TRACE] 【目标检测】TRAPPED！ 类型：interact 置信度：0.9083684086799622
2025-10-20 05:08:29 [TRACE] 【空洞监听】无匹配已持续：0秒
2025-10-20 05:08:35 [TRACE] 【空洞监听】无匹配已持续：5秒
2025-10-20 05:08:35 [TRACE] 【目标检测】微调超时，无法对齐！
2025-10-20 05:08:40 [TRACE] 【目标检测】TRAPPED！ 类型：interact 置信度：0.9316539168357849
2025-10-20 05:08:40 [TRACE] 【空洞监听】无匹配已持续：10秒
2025-10-20 05:08:46 [TRACE] 【目标检测】屏幕内没有目标
2025-10-20 05:08:47 [TRACE] 【目标检测】屏幕内没有目标
2025-10-20 05:08:48 [TRACE] 【目标检测】屏幕内没有目标
2025-10-20 05:08:49 [TRACE] 【目标检测】屏幕内没有目标
2025-10-20 05:08:50 [TRACE] 【目标检测】屏幕内没有目标
2025-10-20 05:08:56 [TRACE] 【目标检测】TRAPPED！ 类型：guide_point 置信度：0.8612418174743652
2025-10-20 05:08:58 [TRACE] 【空洞监听】无匹配已持续：0秒
2025-10-20 05:09:00 [TRACE] 【目标检测】TRAPPED！ 类型：blue_portal 置信度：0.8666014075279236
2025-10-20 05:09:01 [TRACE] 【状态】搜索模式：C:\Users\gelon\Desktop\ZA-Lite\assets/images/hollow\meter.png 置信度：0.9215715527534485
2025-10-20 05:09:07 [TRACE] 【目标检测】TRAPPED！ 类型：blue_portal 置信度：0.8818936944007874
2025-10-20 05:09:07 [TRACE] 【状态】搜索模式：C:\Users\gelon\Desktop\ZA-Lite\assets/images/hollow\meter.png 置信度：0.9015467166900635
2025-10-20 05:09:11 [TRACE] 【目标检测】TRAPPED！ 类型：blue_portal 置信度：0.882270097732544
2025-10-20 05:09:14 [TRACE] 【空洞监听】无匹配已持续：0秒
2025-10-20 05:09:17 [TRACE] 【目标检测】屏幕内没有目标
2025-10-20 05:09:18 [TRACE] 【目标检测】屏幕内没有目标
2025-10-20 05:09:19 [TRACE] 【目标检测】屏幕内没有目标
2025-10-20 05:09:20 [TRACE] 【空洞监听】无匹配已持续：5秒
2025-10-20 05:09:20 [TRACE] 【目标检测】屏幕内没有目标
2025-10-20 05:09:21 [TRACE] 【目标检测】屏幕内没有目标
2025-10-20 05:09:23 [TRACE] 【目标检测】屏幕内没有目标
2025-10-20 05:09:24 [TRACE] 【目标检测】屏幕内没有目标
2025-10-20 05:09:25 [TRACE] 【空洞监听】无匹配已持续：10秒
2025-10-20 05:09:25 [TRACE] 【目标检测】屏幕内没有目标
2025-10-20 05:09:27 [TRACE] 【目标检测】屏幕内没有目标
2025-10-20 05:09:28 [TRACE] 【目标检测】屏幕内没有目标
2025-10-20 05:09:29 [TRACE] 【状态】战斗模式：C:\Users\gelon\Desktop\ZA-Lite\assets/images/hollow\battle_5.png 置信度：0.9788975715637207
2025-10-20 05:09:38 [TRACE] 【状态】战斗模式：正在受到攻击
2025-10-20 05:09:42 [TRACE] 【状态】战斗模式：C:\Users\gelon\Desktop\ZA-Lite\assets/images/hollow\battle_5.png 置信度：0.9863647222518921
2025-10-20 05:09:51 [TRACE] 【空洞监听】无匹配已持续：0秒
2025-10-20 05:09:51 [TRACE] 【状态】搜索模式：C:\Users\gelon\Desktop\ZA-Lite\assets/images/hollow\resonium.png 置信度：0.9999998807907104
2025-10-20 05:09:51 [TRACE] 【目标出现】C:\Users\gelon\Desktop\ZA-Lite\assets/images/hollow\resonium.png 置信度：1.0
2025-10-20 05:09:51 [TRACE] 【本轮的坐标】：(np.int64(1174), np.int64(461)) ------------
2025-10-20 05:09:51 [TRACE] 【已点击过的坐标】：[(-10, -10)]
2025-10-20 05:09:51 [TRACE] 【成功点击】
2025-10-20 05:09:51 [TRACE] 【目标检测】屏幕内没有目标
2025-10-20 05:09:52 [TRACE] 【本轮的坐标】：(np.int64(1581), np.int64(461)) ------------
2025-10-20 05:09:52 [TRACE] 【已点击过的坐标】：[(-10, -10), (np.int64(1174), np.int64(461))]
2025-10-20 05:09:52 [TRACE] 【成功点击】
2025-10-20 05:09:52 [TRACE] 【目标检测】屏幕内没有目标
2025-10-20 05:09:53 [TRACE] 【本轮的坐标】：(np.int64(1582), np.int64(461)) ------------
2025-10-20 05:09:53 [TRACE] 【已点击过的坐标】：[(-10, -10), (np.int64(1174), np.int64(461)), (np.int64(1581), np.int64(461))]
2025-10-20 05:09:53 [TRACE] 【坐标太近】视为重复
2025-10-20 05:09:53 [TRACE] 【没有通过的坐标】开始下一轮
2025-10-20 05:09:53 [TRACE] 【本轮的坐标】：(np.int64(1988), np.int64(461)) ------------
2025-10-20 05:09:53 [TRACE] 【已点击过的坐标】：[(-10, -10), (np.int64(1174), np.int64(461)), (np.int64(1581), np.int64(461))]
2025-10-20 05:09:53 [TRACE] 【成功点击】
2025-10-20 05:09:53 [TRACE] 【目标检测】目标存在，但置信度不足
2025-10-20 05:09:53 [TRACE] 【本轮的坐标】：(np.int64(1989), np.int64(461)) ------------
2025-10-20 05:09:53 [TRACE] 【已点击过的坐标】：[(-10, -10), (np.int64(1174), np.int64(461)), (np.int64(1581), np.int64(461)), (np.int64(1988), np.int64(461))]
2025-10-20 05:09:53 [TRACE] 【坐标太近】视为重复
2025-10-20 05:09:53 [TRACE] 【没有通过的坐标】开始下一轮
2025-10-20 05:09:53 [TRACE] 【本轮的坐标】：(np.int64(1173), np.int64(462)) ------------
2025-10-20 05:09:53 [TRACE] 【已点击过的坐标】：[(-10, -10), (np.int64(1174), np.int64(461)), (np.int64(1581), np.int64(461)), (np.int64(1988), np.int64(461))]
2025-10-20 05:09:53 [TRACE] 【坐标太近】视为重复
2025-10-20 05:09:53 [TRACE] 【没有通过的坐标】开始下一轮
2025-10-20 05:09:53 [TRACE] 【本轮的坐标】：(np.int64(1174), np.int64(462)) ------------
2025-10-20 05:09:53 [TRACE] 【已点击过的坐标】：[(-10, -10), (np.int64(1174), np.int64(461)), (np.int64(1581), np.int64(461)), (np.int64(1988), np.int64(461))]
2025-10-20 05:09:53 [TRACE] 【坐标太近】视为重复
2025-10-20 05:09:53 [TRACE] 【没有通过的坐标】开始下一轮
2025-10-20 05:09:53 [TRACE] 【本轮的坐标】：(np.int64(1175), np.int64(462)) ------------
2025-10-20 05:09:53 [TRACE] 【已点击过的坐标】：[(-10, -10), (np.int64(1174), np.int64(461)), (np.int64(1581), np.int64(461)), (np.int64(1988), np.int64(461))]
2025-10-20 05:09:53 [TRACE] 【坐标太近】视为重复
2025-10-20 05:09:53 [TRACE] 【没有通过的坐标】开始下一轮
2025-10-20 05:09:53 [TRACE] 【本轮的坐标】：(np.int64(1580), np.int64(462)) ------------
2025-10-20 05:09:53 [TRACE] 【已点击过的坐标】：[(-10, -10), (np.int64(1174), np.int64(461)), (np.int64(1581), np.int64(461)), (np.int64(1988), np.int64(461))]
2025-10-20 05:09:53 [TRACE] 【坐标太近】视为重复
2025-10-20 05:09:53 [TRACE] 【没有通过的坐标】开始下一轮
2025-10-20 05:09:53 [TRACE] 【本轮的坐标】：(np.int64(1581), np.int64(462)) ------------
2025-10-20 05:09:53 [TRACE] 【已点击过的坐标】：[(-10, -10), (np.int64(1174), np.int64(461)), (np.int64(1581), np.int64(461)), (np.int64(1988), np.int64(461))]
2025-10-20 05:09:53 [TRACE] 【坐标太近】视为重复
2025-10-20 05:09:53 [TRACE] 【没有通过的坐标】开始下一轮
2025-10-20 05:09:53 [TRACE] 【本轮的坐标】：(np.int64(1582), np.int64(462)) ------------
2025-10-20 05:09:53 [TRACE] 【已点击过的坐标】：[(-10, -10), (np.int64(1174), np.int64(461)), (np.int64(1581), np.int64(461)), (np.int64(1988), np.int64(461))]
2025-10-20 05:09:53 [TRACE] 【坐标太近】视为重复
2025-10-20 05:09:53 [TRACE] 【没有通过的坐标】开始下一轮
2025-10-20 05:09:53 [TRACE] 【本轮的坐标】：(np.int64(1987), np.int64(462)) ------------
2025-10-20 05:09:53 [TRACE] 【已点击过的坐标】：[(-10, -10), (np.int64(1174), np.int64(461)), (np.int64(1581), np.int64(461)), (np.int64(1988), np.int64(461))]
2025-10-20 05:09:53 [TRACE] 【坐标太近】视为重复
2025-10-20 05:09:53 [TRACE] 【没有通过的坐标】开始下一轮
2025-10-20 05:09:53 [TRACE] 【本轮的坐标】：(np.int64(1988), np.int64(462)) ------------
2025-10-20 05:09:53 [TRACE] 【已点击过的坐标】：[(-10, -10), (np.int64(1174), np.int64(461)), (np.int64(1581), np.int64(461)), (np.int64(1988), np.int64(461))]
2025-10-20 05:09:53 [TRACE] 【坐标太近】视为重复
2025-10-20 05:09:53 [TRACE] 【没有通过的坐标】开始下一轮
2025-10-20 05:09:53 [TRACE] 【本轮的坐标】：(np.int64(1989), np.int64(462)) ------------
2025-10-20 05:09:53 [TRACE] 【已点击过的坐标】：[(-10, -10), (np.int64(1174), np.int64(461)), (np.int64(1581), np.int64(461)), (np.int64(1988), np.int64(461))]
2025-10-20 05:09:53 [TRACE] 【坐标太近】视为重复
2025-10-20 05:09:53 [TRACE] 【没有通过的坐标】开始下一轮
2025-10-20 05:09:53 [TRACE] 【本轮的坐标】：(np.int64(1990), np.int64(462)) ------------
2025-10-20 05:09:53 [TRACE] 【已点击过的坐标】：[(-10, -10), (np.int64(1174), np.int64(461)), (np.int64(1581), np.int64(461)), (np.int64(1988), np.int64(461))]
2025-10-20 05:09:53 [TRACE] 【坐标太近】视为重复
2025-10-20 05:09:53 [TRACE] 【没有通过的坐标】开始下一轮
2025-10-20 05:09:53 [TRACE] 【本轮的坐标】：(np.int64(1174), np.int64(463)) ------------
2025-10-20 05:09:53 [TRACE] 【已点击过的坐标】：[(-10, -10), (np.int64(1174), np.int64(461)), (np.int64(1581), np.int64(461)), (np.int64(1988), np.int64(461))]
2025-10-20 05:09:53 [TRACE] 【坐标太近】视为重复
2025-10-20 05:09:53 [TRACE] 【没有通过的坐标】开始下一轮
2025-10-20 05:09:53 [TRACE] 【本轮的坐标】：(np.int64(1581), np.int64(463)) ------------
2025-10-20 05:09:53 [TRACE] 【已点击过的坐标】：[(-10, -10), (np.int64(1174), np.int64(461)), (np.int64(1581), np.int64(461)), (np.int64(1988), np.int64(461))]
2025-10-20 05:09:53 [TRACE] 【坐标太近】视为重复
2025-10-20 05:09:53 [TRACE] 【没有通过的坐标】开始下一轮
2025-10-20 05:09:53 [TRACE] 【本轮的坐标】：(np.int64(1988), np.int64(463)) ------------
2025-10-20 05:09:53 [TRACE] 【已点击过的坐标】：[(-10, -10), (np.int64(1174), np.int64(461)), (np.int64(1581), np.int64(461)), (np.int64(1988), np.int64(461))]
2025-10-20 05:09:53 [TRACE] 【坐标太近】视为重复
2025-10-20 05:09:53 [TRACE] 【没有通过的坐标】开始下一轮
2025-10-20 05:09:53 [TRACE] 【完成所有点击】有效次数：3
2025-10-20 05:09:54 [TRACE] 【目标检测】屏幕内没有目标
2025-10-20 05:09:54 [TRACE] 【目标检测】屏幕内没有目标
2025-10-20 05:09:55 [TRACE] 【目标检测】屏幕内没有目标
2025-10-20 05:09:57 [TRACE] 【目标检测】屏幕内没有目标
2025-10-20 05:09:58 [TRACE] 【目标检测】目标存在，但置信度不足
2025-10-20 05:10:00 [TRACE] 【状态】搜索模式：C:\Users\gelon\Desktop\ZA-Lite\assets/images/hollow\next_area.png 置信度：0.9999997615814209
2025-10-20 05:10:01 [TRACE] 【目标检测】屏幕内没有目标
2025-10-20 05:10:05 [TRACE] 【目标检测】微调超时，无法对齐！
2025-10-20 05:10:08 [TRACE] 【状态】搜索模式：C:\Users\gelon\Desktop\ZA-Lite\assets/images/hollow\meter.png 置信度：0.9262559413909912
2025-10-20 05:10:11 [TRACE] 【目标检测】TRAPPED！ 类型：guide_point 置信度：0.8599646687507629
2025-10-20 05:10:14 [TRACE] 【状态】搜索模式：C:\Users\gelon\Desktop\ZA-Lite\assets/images/hollow\meter.png 置信度：0.9124814867973328
2025-10-20 05:10:17 [TRACE] 【目标检测】屏幕内没有目标
2025-10-20 05:10:18 [TRACE] 【目标检测】屏幕内没有目标
2025-10-20 05:10:19 [TRACE] 【目标检测】屏幕内没有目标
2025-10-20 05:10:20 [TRACE] 【目标检测】屏幕内没有目标
2025-10-20 05:10:21 [TRACE] 【目标检测】屏幕内没有目标
2025-10-20 05:10:21 [TRACE] 【空洞监听】无匹配已持续：0秒
2025-10-20 05:10:25 [TRACE] 【目标检测】目标存在，但置信度不足
2025-10-20 05:10:27 [TRACE] 【空洞监听】无匹配已持续：5秒
2025-10-20 05:10:28 [TRACE] 【目标检测】微调超时，无法对齐！
2025-10-20 05:10:30 [TRACE] 【目标检测】TRAPPED！ 类型：blue_portal 置信度：0.964861273765564
2025-10-20 05:10:32 [TRACE] 【空洞监听】无匹配已持续：10秒
2025-10-20 05:10:37 [TRACE] 【目标检测】屏幕内没有目标
2025-10-20 05:10:37 [TRACE] 【空洞监听】无匹配已持续：15秒
2025-10-20 05:10:38 [TRACE] 【目标检测】屏幕内没有目标
2025-10-20 05:10:39 [TRACE] 【目标检测】屏幕内没有目标
2025-10-20 05:10:40 [TRACE] 【目标检测】屏幕内没有目标
2025-10-20 05:10:41 [TRACE] 【目标检测】屏幕内没有目标
2025-10-20 05:10:43 [TRACE] 【空洞监听】无匹配已持续：21秒
2025-10-20 05:10:43 [TRACE] 【目标检测】屏幕内没有目标
2025-10-20 05:10:44 [TRACE] 【目标检测】屏幕内没有目标
2025-10-20 05:10:45 [TRACE] 【目标检测】屏幕内没有目标
2025-10-20 05:10:46 [TRACE] 【目标检测】屏幕内没有目标
2025-10-20 05:10:47 [TRACE] 【目标检测】屏幕内没有目标
2025-10-20 05:10:48 [TRACE] 【空洞监听】无匹配已持续：26秒
2025-10-20 05:10:49 [TRACE] 【目标检测】屏幕内没有目标
2025-10-20 05:10:50 [TRACE] 【目标检测】屏幕内没有目标
2025-10-20 05:10:51 [TRACE] 【目标检测】屏幕内没有目标
2025-10-20 05:10:52 [TRACE] 【目标检测】屏幕内没有目标
2025-10-20 05:10:53 [TRACE] 【目标检测】屏幕内没有目标
2025-10-20 05:10:53 [TRACE] 【空洞监听】无匹配已持续：32秒
2025-10-20 05:10:56 [TRACE] 【目标检测】屏幕内没有目标
2025-10-20 05:10:57 [TRACE] 【目标检测】屏幕内没有目标
2025-10-20 05:10:58 [TRACE] 【目标检测】屏幕内没有目标
2025-10-20 05:10:59 [TRACE] 【目标检测】屏幕内没有目标
2025-10-20 05:11:00 [TRACE] 【空洞监听】无匹配已持续：38秒
2025-10-20 05:11:00 [TRACE] 【目标检测】屏幕内没有目标
2025-10-20 05:11:03 [TRACE] 【目标检测】屏幕内没有目标
2025-10-20 05:11:04 [TRACE] 【目标检测】屏幕内没有目标
2025-10-20 05:11:05 [TRACE] 【目标检测】屏幕内没有目标
2025-10-20 05:11:05 [TRACE] 【空洞监听】无匹配已持续：43秒
2025-10-20 05:11:06 [TRACE] 【目标检测】屏幕内没有目标
2025-10-20 05:11:07 [TRACE] 【目标检测】屏幕内没有目标
2025-10-20 05:11:09 [TRACE] 【目标检测】屏幕内没有目标
2025-10-20 05:11:10 [TRACE] 【目标检测】屏幕内没有目标
2025-10-20 05:11:11 [TRACE] 【空洞监听】无匹配已持续：49秒
2025-10-20 05:11:11 [TRACE] 【目标检测】屏幕内没有目标
2025-10-20 05:11:12 [TRACE] 【目标检测】屏幕内没有目标
2025-10-20 05:11:13 [TRACE] 【目标检测】屏幕内没有目标
2025-10-20 05:11:15 [TRACE] 【目标检测】屏幕内没有目标
2025-10-20 05:11:16 [TRACE] 【目标检测】屏幕内没有目标
2025-10-20 05:11:16 [TRACE] 【空洞监听】无匹配已持续：55秒
2025-10-20 05:11:17 [TRACE] 【目标检测】屏幕内没有目标
2025-10-20 05:11:18 [TRACE] 【目标检测】屏幕内没有目标
2025-10-20 05:11:19 [TRACE] 【目标检测】屏幕内没有目标
2025-10-20 05:11:22 [TRACE] 【目标检测】屏幕内没有目标
2025-10-20 05:11:22 [TRACE] 【空洞监听】无匹配已持续：60秒
2025-10-20 05:11:22 [TRACE] 【空洞监听】即将超时，重启搜索线程
2025-10-20 05:11:23 [TRACE] 【目标检测】屏幕内没有目标
2025-10-20 05:11:24 [TRACE] 【目标检测】屏幕内没有目标
2025-10-20 05:11:24 [TRACE] 【目标检测】屏幕内没有目标
2025-10-20 05:11:25 [TRACE] 【目标检测】屏幕内没有目标
2025-10-20 05:11:28 [TRACE] 【空洞监听】无匹配已持续：66秒
2025-10-20 05:11:28 [TRACE] 【空洞监听】即将超时，重启搜索线程
2025-10-20 05:11:28 [TRACE] 【目标检测】屏幕内没有目标
2025-10-20 05:11:29 [TRACE] 【目标检测】屏幕内没有目标
2025-10-20 05:11:30 [TRACE] 【目标检测】屏幕内没有目标
2025-10-20 05:11:31 [TRACE] 【目标检测】屏幕内没有目标
2025-10-20 05:11:32 [TRACE] 【目标检测】屏幕内没有目标
2025-10-20 05:11:33 [TRACE] 【空洞监听】无匹配已持续：71秒
2025-10-20 05:11:33 [TRACE] 【空洞监听】即将超时，重启搜索线程
2025-10-20 05:11:34 [TRACE] 【目标检测】屏幕内没有目标
2025-10-20 05:11:35 [TRACE] 【目标检测】目标存在，但置信度不足
2025-10-20 05:11:36 [TRACE] 【目标检测】屏幕内没有目标
2025-10-20 05:11:37 [TRACE] 【目标检测】屏幕内没有目标
2025-10-20 05:11:38 [TRACE] 【目标检测】屏幕内没有目标
2025-10-20 05:11:39 [TRACE] 【空洞监听】无匹配已持续：77秒
2025-10-20 05:11:39 [TRACE] 【空洞监听】即将超时，重启搜索线程
2025-10-20 05:11:39 [TRACE] 【目标检测】屏幕内没有目标
2025-10-20 05:11:41 [TRACE] 【目标检测】屏幕内没有目标
2025-10-20 05:11:42 [TRACE] 【目标检测】屏幕内没有目标
2025-10-20 05:11:43 [TRACE] 【目标检测】屏幕内没有目标
2025-10-20 05:11:44 [TRACE] 【目标检测】屏幕内没有目标
2025-10-20 05:11:44 [TRACE] 【空洞监听】无匹配已持续：83秒
2025-10-20 05:11:44 [TRACE] 【空洞监听】即将超时，重启搜索线程
2025-10-20 05:11:45 [TRACE] 【目标检测】屏幕内没有目标
2025-10-20 05:11:47 [TRACE] 【目标检测】屏幕内没有目标
2025-10-20 05:11:48 [TRACE] 【目标检测】目标存在，但置信度不足
2025-10-20 05:11:50 [TRACE] 【空洞监听】无匹配已持续：88秒
2025-10-20 05:11:50 [TRACE] 【空洞监听】即将超时，重启搜索线程
2025-10-20 05:11:50 [TRACE] 【目标检测】屏幕内没有目标
2025-10-20 05:11:51 [TRACE] 【目标检测】屏幕内没有目标
2025-10-20 05:11:52 [TRACE] 【目标检测】屏幕内没有目标
2025-10-20 05:11:53 [TRACE] 【目标检测】屏幕内没有目标
2025-10-20 05:11:55 [TRACE] 【目标检测】屏幕内没有目标
2025-10-20 05:11:55 [TRACE] 【空洞监听】无匹配已持续：94秒
2025-10-20 05:11:55 [TRACE] 【空洞监听】即将超时，重启搜索线程
2025-10-20 05:11:56 [TRACE] 【目标检测】屏幕内没有目标
2025-10-20 05:11:57 [TRACE] 【目标检测】屏幕内没有目标
2025-10-20 05:11:58 [TRACE] 【目标检测】屏幕内没有目标
2025-10-20 05:11:59 [TRACE] 【目标检测】屏幕内没有目标
2025-10-20 05:12:01 [TRACE] 【空洞监听】无匹配已持续：99秒
2025-10-20 05:12:01 [TRACE] 【空洞监听】即将超时，重启搜索线程
2025-10-20 05:12:01 [TRACE] 【目标检测】屏幕内没有目标
2025-10-20 05:12:02 [TRACE] 【目标检测】屏幕内没有目标
2025-10-20 05:12:03 [TRACE] 【目标检测】屏幕内没有目标
2025-10-20 05:12:04 [TRACE] 【目标检测】屏幕内没有目标
2025-10-20 05:12:05 [TRACE] 【目标检测】屏幕内没有目标
2025-10-20 05:12:07 [TRACE] 【空洞监听】无匹配已持续：105秒
2025-10-20 05:12:07 [TRACE] 【空洞监听】即将超时，重启搜索线程
2025-10-20 05:12:07 [TRACE] 【目标检测】屏幕内没有目标
2025-10-20 05:12:08 [TRACE] 【目标检测】屏幕内没有目标
2025-10-20 05:12:09 [TRACE] 【目标检测】屏幕内没有目标
2025-10-20 05:12:10 [TRACE] 【目标检测】屏幕内没有目标
2025-10-20 05:12:11 [TRACE] 【目标检测】屏幕内没有目标
2025-10-20 05:12:12 [TRACE] 【空洞监听】无匹配已持续：111秒
2025-10-20 05:12:12 [TRACE] 【空洞监听】即将超时，重启搜索线程
2025-10-20 05:12:14 [TRACE] 【目标检测】屏幕内没有目标
2025-10-20 05:12:14 [TRACE] 【目标检测】屏幕内没有目标
2025-10-20 05:12:15 [TRACE] 【目标检测】屏幕内没有目标
2025-10-20 05:12:16 [TRACE] 【目标检测】屏幕内没有目标
2025-10-20 05:12:17 [TRACE] 【目标检测】目标存在，但置信度不足
2025-10-20 05:12:18 [TRACE] 【目标检测】屏幕内没有目标
2025-10-20 05:12:18 [TRACE] 【空洞监听】无匹配已持续：117秒
2025-10-20 05:12:18 [TRACE] 【空洞监听】即将超时，重启搜索线程
2025-10-20 05:12:20 [TRACE] 【目标检测】屏幕内没有目标
2025-10-20 05:12:21 [TRACE] 【目标检测】屏幕内没有目标
2025-10-20 05:12:23 [TRACE] 【目标检测】屏幕内没有目标
2025-10-20 05:12:24 [TRACE] 【空洞监听】无匹配已持续：122秒
2025-10-20 05:12:24 [TRACE] 【目标检测】屏幕内没有目标
2025-10-20 05:12:24 [TRACE] 【空洞监听】即将超时，重启搜索线程
2025-10-20 05:12:24 [WARNING] 空洞任务异常，跳过本轮
2025-10-20 05:12:24 [INFO] 本轮耗时:5分钟
2025-10-20 05:12:24 [INFO] 当前已完成空洞 0 次 
2025-10-20 05:12:24 [DEBUG] 正在返回菜单
2025-10-20 05:12:25 [TRACE] 正在返回菜单,请保持游戏画面处于前台
2025-10-20 05:12:25 [TRACE] 【目标检测】屏幕内没有目标
2025-10-20 05:12:27 [TRACE] 退出战斗返回菜单
2025-10-20 05:12:27 [TRACE] 【目标出现】C:\Users\gelon\Desktop\ZA-Lite\assets/images/daily\quit_battle.png 置信度：0.9938647747039795
2025-10-20 05:12:29 [TRACE] 【目标出现】C:\Users\gelon\Desktop\ZA-Lite\assets/images/daily\confirm.png 置信度：0.983949601650238
2025-10-20 05:12:30 [TRACE] 【1】等待目标中 C:\Users\gelon\Desktop\ZA-Lite\assets/images/daily\quit.png
2025-10-20 05:12:31 [TRACE] 【2】等待目标中 C:\Users\gelon\Desktop\ZA-Lite\assets/images/daily\quit.png
2025-10-20 05:12:32 [TRACE] 【3】等待目标中 C:\Users\gelon\Desktop\ZA-Lite\assets/images/daily\quit.png
2025-10-20 05:12:32 [TRACE] 【4】等待目标中 C:\Users\gelon\Desktop\ZA-Lite\assets/images/daily\quit.png
2025-10-20 05:12:33 [TRACE] 【5】等待目标中 C:\Users\gelon\Desktop\ZA-Lite\assets/images/daily\quit.png
2025-10-20 05:12:34 [TRACE] 【6】等待目标中 C:\Users\gelon\Desktop\ZA-Lite\assets/images/daily\quit.png
2025-10-20 05:12:35 [TRACE] 【7】等待目标中 C:\Users\gelon\Desktop\ZA-Lite\assets/images/daily\quit.png
2025-10-20 05:12:35 [TRACE] 【8】等待目标中 C:\Users\gelon\Desktop\ZA-Lite\assets/images/daily\quit.png
2025-10-20 05:12:36 [TRACE] 【跳过】C:\Users\gelon\Desktop\ZA-Lite\assets/images/daily\quit.png
2025-10-20 05:12:36 [TRACE] 【目标出现】C:\Users\gelon\Desktop\ZA-Lite\assets/images/hollow/mission_completed.png 置信度：0.9999998211860657
2025-10-20 05:12:38 [TRACE] 正在返回菜单,请保持游戏画面处于前台
2025-10-20 05:12:40 [TRACE] 正在返回菜单,请保持游戏画面处于前台
2025-10-20 05:12:42 [TRACE] 正在返回菜单,请保持游戏画面处于前台
2025-10-20 05:12:44 [TRACE] 正在返回菜单,请保持游戏画面处于前台
2025-10-20 05:12:46 [TRACE] 正在返回菜单,请保持游戏画面处于前台
2025-10-20 05:12:49 [TRACE] 正在返回菜单,请保持游戏画面处于前台
2025-10-20 05:12:51 [TRACE] 现在处于大厅
2025-10-20 05:12:51 [INFO] 执行零号空洞任务中
2025-10-20 05:12:52 [TRACE] 【1】等待目标中 C:\Users\gelon\Desktop\ZA-Lite\assets/images/hollow\combat.png
2025-10-20 05:12:53 [TRACE] 【目标出现】C:\Users\gelon\Desktop\ZA-Lite\assets/images/hollow\combat.png 置信度：0.976293683052063
2025-10-20 05:12:54 [TRACE] 【目标出现】C:\Users\gelon\Desktop\ZA-Lite\assets/images/hollow\zero_hollow.png 置信度：0.9999942779541016
2025-10-20 05:12:55 [TRACE] 【目标出现】C:\Users\gelon\Desktop\ZA-Lite\assets/images/hollow\go_hollow.png 置信度：0.9945201277732849
2025-10-20 05:12:57 [TRACE] 【目标出现】C:\Users\gelon\Desktop\ZA-Lite\assets/images/hollow\confirm.png 置信度：0.983942985534668
2025-10-20 05:12:58 [TRACE] 【1】等待目标中 C:\Users\gelon\Desktop\ZA-Lite\assets/images/hollow\hollow_taskforce.png
2025-10-20 05:12:59 [TRACE] 【2】等待目标中 C:\Users\gelon\Desktop\ZA-Lite\assets/images/hollow\hollow_taskforce.png
2025-10-20 05:13:00 [TRACE] 【3】等待目标中 C:\Users\gelon\Desktop\ZA-Lite\assets/images/hollow\hollow_taskforce.png
2025-10-20 05:13:01 [TRACE] 【目标出现】C:\Users\gelon\Desktop\ZA-Lite\assets/images/hollow\hollow_taskforce.png 置信度：0.9999805688858032
2025-10-20 05:13:02 [TRACE] 【目标出现】C:\Users\gelon\Desktop\ZA-Lite\assets/images/hollow\strategy.png 置信度：0.9999997019767761
2025-10-20 05:13:03 [TRACE] 【1】等待目标中 C:\Users\gelon\Desktop\ZA-Lite\assets/images/hollow\strategy_confirm.png
2025-10-20 05:13:04 [TRACE] 【目标出现】C:\Users\gelon\Desktop\ZA-Lite\assets/images/hollow\strategy_confirm.png 置信度：1.0
2025-10-20 05:13:05 [TRACE] 【目标出现】C:\Users\gelon\Desktop\ZA-Lite\assets/images/hollow\next_step.png 置信度：0.9812045097351074
2025-10-20 05:13:07 [TRACE] 【目标出现】C:\Users\gelon\Desktop\ZA-Lite\assets/images/daily\squad_preset.png 置信度：0.9862329959869385
2025-10-20 05:13:08 [TRACE] 【目标出现】C:\Users\gelon\Desktop\ZA-Lite\assets/images/daily\squad_3.png 置信度：0.9691250920295715
2025-10-20 05:13:09 [TRACE] 【目标出现】C:\Users\gelon\Desktop\ZA-Lite\assets/images/daily\select_squad.png 置信度：0.96812903881073
2025-10-20 05:13:10 [TRACE] 【目标出现】C:\Users\gelon\Desktop\ZA-Lite\assets/images/hollow\start_battle.png 置信度：0.9815343618392944
2025-10-20 05:13:12 [TRACE] 【空洞监听】无匹配已持续：0秒
2025-10-20 05:13:12 [TRACE] 【目标检测】屏幕内没有目标
2025-10-20 05:13:13 [TRACE] 【目标检测】屏幕内没有目标
2025-10-20 05:13:14 [TRACE] 【目标检测】屏幕内没有目标
2025-10-20 05:13:15 [TRACE] 【目标检测】屏幕内没有目标
2025-10-20 05:13:16 [TRACE] 【目标检测】屏幕内没有目标
2025-10-20 05:13:17 [TRACE] 【空洞监听】无匹配已持续：5秒
2025-10-20 05:13:18 [TRACE] 【目标检测】屏幕内没有目标
2025-10-20 05:13:19 [TRACE] 【目标检测】屏幕内没有目标
2025-10-20 05:13:20 [TRACE] 【目标检测】屏幕内没有目标
2025-10-20 05:13:21 [TRACE] 【目标检测】屏幕内没有目标
2025-10-20 05:13:21 [TRACE] 【目标检测】屏幕内没有目标
2025-10-20 05:13:22 [TRACE] 【空洞监听】无匹配已持续：10秒
2025-10-20 05:13:23 [TRACE] 【目标检测】屏幕内没有目标
2025-10-20 05:13:24 [TRACE] 【目标检测】屏幕内没有目标
2025-10-20 05:13:25 [TRACE] 【目标检测】屏幕内没有目标
2025-10-20 05:13:27 [TRACE] 【目标检测】屏幕内没有目标
2025-10-20 05:13:27 [TRACE] 【目标检测】屏幕内没有目标
2025-10-20 05:13:28 [TRACE] 【空洞监听】无匹配已持续：16秒
2025-10-20 05:13:30 [TRACE] 【目标检测】屏幕内没有目标
2025-10-20 05:13:30 [TRACE] 【目标检测】屏幕内没有目标
2025-10-20 05:13:31 [TRACE] 【目标检测】屏幕内没有目标
2025-10-20 05:13:32 [TRACE] 【目标检测】屏幕内没有目标
2025-10-20 05:13:33 [TRACE] 【目标检测】屏幕内没有目标
2025-10-20 05:13:34 [TRACE] 【空洞监听】无匹配已持续：22秒
2025-10-20 05:13:36 [TRACE] 【目标检测】TRAPPED！ 类型：interact 置信度：0.912956953048706
2025-10-20 05:13:39 [TRACE] 【空洞监听】无匹配已持续：27秒
2025-10-20 05:13:40 [TRACE] 【状态】搜索模式：C:\Users\gelon\Desktop\ZA-Lite\assets/images/hollow\card.png 置信度：0.9999992847442627
2025-10-20 05:13:43 [TRACE] 【目标检测】目标存在，但置信度不足
2025-10-20 05:13:43 [TRACE] 【目标检测】屏幕内没有目标
2025-10-20 05:13:44 [TRACE] 【目标检测】目标存在，但置信度不足
2025-10-20 05:13:47 [TRACE] 【目标检测】TRAPPED！ 类型：interact 置信度：0.9219252467155457
2025-10-20 05:13:53 [TRACE] 【目标检测】屏幕内没有目标
2025-10-20 05:13:54 [TRACE] 【目标检测】屏幕内没有目标
2025-10-20 05:13:55 [TRACE] 【目标检测】屏幕内没有目标
2025-10-20 05:14:00 [TRACE] 【目标检测】TRAPPED！ 类型：interact 置信度：0.9464962482452393
2025-10-20 05:14:02 [TRACE] 【空洞监听】无匹配已持续：0秒
2025-10-20 05:14:03 [TRACE] 【目标检测】屏幕内没有目标
2025-10-20 05:14:04 [TRACE] 【目标检测】屏幕内没有目标
2025-10-20 05:14:05 [TRACE] 【目标检测】屏幕内没有目标
2025-10-20 05:14:06 [TRACE] 【目标检测】屏幕内没有目标
2025-10-20 05:14:07 [TRACE] 【目标检测】屏幕内没有目标
2025-10-20 05:14:08 [TRACE] 【空洞监听】无匹配已持续：5秒
2025-10-20 05:14:10 [TRACE] 【目标检测】屏幕内没有目标
2025-10-20 05:14:14 [TRACE] 【空洞监听】无匹配已持续：11秒
2025-10-20 05:14:15 [TRACE] 【目标检测】TRAPPED！ 类型：interact 置信度：0.9337128400802612
2025-10-20 05:14:21 [TRACE] 【目标检测】屏幕内没有目标
2025-10-20 05:14:22 [TRACE] 【目标检测】屏幕内没有目标
2025-10-20 05:14:23 [TRACE] 【目标检测】屏幕内没有目标
2025-10-20 05:14:24 [TRACE] 【目标检测】屏幕内没有目标
2025-10-20 05:14:28 [TRACE] 【目标检测】TRAPPED！ 类型：guide_point 置信度：0.8861440420150757
2025-10-20 05:14:29 [TRACE] 【状态】搜索模式：C:\Users\gelon\Desktop\ZA-Lite\assets/images/hollow\meter.png 置信度：0.9133869409561157
2025-10-20 05:14:32 [TRACE] 【目标检测】TRAPPED！ 类型：blue_portal 置信度：0.8645671606063843
2025-10-20 05:14:37 [TRACE] 【空洞监听】无匹配已持续：0秒
2025-10-20 05:14:38 [TRACE] 【目标检测】屏幕内没有目标
2025-10-20 05:14:39 [TRACE] 【目标检测】屏幕内没有目标
2025-10-20 05:14:40 [TRACE] 【目标检测】屏幕内没有目标
2025-10-20 05:14:41 [TRACE] 【目标检测】屏幕内没有目标
2025-10-20 05:14:42 [TRACE] 【目标检测】屏幕内没有目标
2025-10-20 05:14:43 [TRACE] 【空洞监听】无匹配已持续：6秒
2025-10-20 05:14:45 [TRACE] 【目标检测】屏幕内没有目标
2025-10-20 05:14:45 [TRACE] 【状态】战斗模式：C:\Users\gelon\Desktop\ZA-Lite\assets/images/hollow\battle_2.png 置信度：0.9999999403953552
2025-10-20 05:14:46 [TRACE] 【目标检测】屏幕内没有目标
2025-10-20 05:14:46 [TRACE] 【状态】战斗模式：C:\Users\gelon\Desktop\ZA-Lite\assets/images/hollow\battle_3.png 置信度：0.9999999403953552
2025-10-20 05:14:56 [TRACE] 【空洞监听】无匹配已持续：0秒
2025-10-20 05:15:04 [TRACE] 【状态】搜索模式：C:\Users\gelon\Desktop\ZA-Lite\assets/images/hollow\next_area.png 置信度：0.9999995231628418
2025-10-20 05:15:05 [TRACE] 【目标检测】屏幕内没有目标
2025-10-20 05:15:06 [TRACE] 【目标检测】屏幕内没有目标
2025-10-20 05:15:07 [TRACE] 【目标检测】屏幕内没有目标
2025-10-20 05:15:09 [TRACE] 【目标检测】屏幕内没有目标
2025-10-20 05:15:10 [TRACE] 【目标检测】屏幕内没有目标
2025-10-20 05:15:11 [TRACE] 【目标检测】屏幕内没有目标
2025-10-20 05:15:13 [TRACE] 【目标检测】屏幕内没有目标
2025-10-20 05:15:14 [TRACE] 【空洞监听】无匹配已持续：0秒
2025-10-20 05:15:17 [TRACE] 【目标检测】TRAPPED！ 类型：blue_portal 置信度：0.7592259049415588
2025-10-20 05:15:20 [TRACE] 【空洞监听】无匹配已持续：5秒
2025-10-20 05:15:23 [TRACE] 【目标检测】屏幕内没有目标
2025-10-20 05:15:24 [TRACE] 【目标检测】屏幕内没有目标
2025-10-20 05:15:25 [TRACE] 【空洞监听】无匹配已持续：10秒
2025-10-20 05:15:27 [TRACE] 【目标检测】TRAPPED！ 类型：interact 置信度：0.9296364784240723
2025-10-20 05:15:31 [TRACE] 【空洞监听】无匹配已持续：16秒
2025-10-20 05:15:34 [TRACE] 【目标检测】屏幕内没有目标
2025-10-20 05:15:34 [TRACE] 【目标检测】屏幕内没有目标
2025-10-20 05:15:35 [TRACE] 【目标检测】屏幕内没有目标
2025-10-20 05:15:36 [TRACE] 【目标检测】屏幕内没有目标
2025-10-20 05:15:37 [TRACE] 【目标检测】屏幕内没有目标
2025-10-20 05:15:39 [TRACE] 【目标检测】屏幕内没有目标
2025-10-20 05:15:40 [TRACE] 【目标检测】屏幕内没有目标
2025-10-20 05:15:41 [TRACE] 【目标检测】屏幕内没有目标
2025-10-20 05:15:42 [TRACE] 【目标检测】屏幕内没有目标
2025-10-20 05:15:43 [TRACE] 【目标检测】屏幕内没有目标
2025-10-20 05:15:45 [TRACE] 【目标检测】屏幕内没有目标
2025-10-20 05:15:46 [TRACE] 【目标检测】屏幕内没有目标
2025-10-20 05:15:46 [TRACE] 【目标检测】屏幕内没有目标
2025-10-20 05:15:47 [TRACE] 【目标检测】屏幕内没有目标
2025-10-20 05:15:48 [TRACE] 【目标检测】屏幕内没有目标
2025-10-20 05:15:50 [TRACE] 【目标检测】屏幕内没有目标
2025-10-20 05:15:51 [TRACE] 【目标检测】屏幕内没有目标
2025-10-20 05:15:52 [TRACE] 【目标检测】屏幕内没有目标
2025-10-20 05:15:53 [TRACE] 【目标检测】屏幕内没有目标
2025-10-20 05:15:54 [TRACE] 【目标检测】屏幕内没有目标
2025-10-20 05:15:54 [TRACE] 【状态】搜索模式：C:\Users\gelon\Desktop\ZA-Lite\assets/images/hollow\card.png 置信度：0.9999992847442627
2025-10-20 05:15:56 [TRACE] 【目标检测】屏幕内没有目标
2025-10-20 05:15:57 [TRACE] 【目标检测】屏幕内没有目标
2025-10-20 05:15:57 [TRACE] 【目标检测】屏幕内没有目标
2025-10-20 05:15:58 [TRACE] 【目标检测】屏幕内没有目标
2025-10-20 05:16:03 [TRACE] 【状态】搜索模式：C:\Users\gelon\Desktop\ZA-Lite\assets/images/hollow\meter.png 置信度：0.9089133143424988
2025-10-20 05:16:04 [TRACE] 【目标检测】微调超时，无法对齐！
2025-10-20 05:16:06 [TRACE] 【目标检测】TRAPPED！ 类型：blue_portal 置信度：0.8723728060722351
2025-10-20 05:16:11 [TRACE] 【空洞监听】无匹配已持续：0秒
2025-10-20 05:16:13 [TRACE] 【目标检测】屏幕内没有目标
2025-10-20 05:16:13 [TRACE] 【目标检测】屏幕内没有目标
2025-10-20 05:16:15 [TRACE] 【目标检测】屏幕内没有目标
2025-10-20 05:16:16 [TRACE] 【目标检测】屏幕内没有目标
2025-10-20 05:16:17 [TRACE] 【目标检测】屏幕内没有目标
2025-10-20 05:16:17 [TRACE] 【空洞监听】无匹配已持续：6秒
2025-10-20 05:16:19 [TRACE] 【状态】战斗模式：C:\Users\gelon\Desktop\ZA-Lite\assets/images/hollow\battle_1.png 置信度：1.0
2025-10-20 05:16:19 [TRACE] 【目标检测】屏幕内没有目标
2025-10-20 05:16:20 [TRACE] 【状态】战斗模式：C:\Users\gelon\Desktop\ZA-Lite\assets/images/hollow\battle_2.png 置信度：0.9999997615814209
2025-10-20 05:16:30 [TRACE] 【空洞监听】无匹配已持续：0秒
2025-10-20 05:16:33 [TRACE] 【状态】战斗模式：C:\Users\gelon\Desktop\ZA-Lite\assets/images/hollow\battle_3.png 置信度：0.9999999403953552
2025-10-20 05:16:37 [TRACE] 【状态】战斗模式：正在受到攻击
2025-10-20 05:16:42 [TRACE] 【空洞监听】无匹配已持续：0秒
2025-10-20 05:16:50 [TRACE] 【状态】搜索模式：C:\Users\gelon\Desktop\ZA-Lite\assets/images/hollow\next_area.png 置信度：0.9999993443489075
2025-10-20 05:16:55 [TRACE] 【目标检测】微调超时，无法对齐！
2025-10-20 05:16:59 [TRACE] 【状态】搜索模式：C:\Users\gelon\Desktop\ZA-Lite\assets/images/hollow\meter.png 置信度：0.9784824848175049
2025-10-20 05:17:00 [TRACE] 【目标检测】TRAPPED！ 类型：guide_point 置信度：0.7166605591773987
2025-10-20 05:17:06 [TRACE] 【空洞监听】无匹配已持续：0秒
2025-10-20 05:17:06 [TRACE] 【目标检测】屏幕内没有目标
2025-10-20 05:17:07 [TRACE] 【目标检测】屏幕内没有目标
2025-10-20 05:17:08 [TRACE] 【目标检测】屏幕内没有目标
2025-10-20 05:17:09 [TRACE] 【目标检测】屏幕内没有目标
2025-10-20 05:17:11 [TRACE] 【目标检测】屏幕内没有目标
2025-10-20 05:17:12 [TRACE] 【空洞监听】无匹配已持续：5秒
2025-10-20 05:17:13 [TRACE] 【目标检测】屏幕内没有目标
2025-10-20 05:17:14 [TRACE] 【目标检测】屏幕内没有目标
2025-10-20 05:17:15 [TRACE] 【状态】战斗模式：C:\Users\gelon\Desktop\ZA-Lite\assets/images/hollow\battle_3.png 置信度：0.9999999403953552
2025-10-20 05:17:15 [TRACE] 【目标检测】屏幕内没有目标
2025-10-20 05:17:25 [TRACE] 【空洞监听】无匹配已持续：0秒
2025-10-20 05:17:31 [TRACE] 【空洞监听】无匹配已持续：6秒
2025-10-20 05:17:38 [TRACE] 【状态】搜索模式：C:\Users\gelon\Desktop\ZA-Lite\assets/images/hollow\next_area.png 置信度：0.9999992251396179
2025-10-20 05:17:41 [TRACE] 【状态】搜索模式：C:\Users\gelon\Desktop\ZA-Lite\assets/images/hollow\meter.png 置信度：0.9180010557174683
2025-10-20 05:17:44 [TRACE] 【目标检测】微调超时，无法对齐！
2025-10-20 05:17:47 [TRACE] 【目标检测】TRAPPED！ 类型：guide_point 置信度：0.7213042378425598
2025-10-20 05:17:47 [TRACE] 【状态】搜索模式：C:\Users\gelon\Desktop\ZA-Lite\assets/images/hollow\meter.png 置信度：0.9465634822845459
2025-10-20 05:17:54 [TRACE] 【目标检测】目标存在，但置信度不足
2025-10-20 05:17:55 [TRACE] 【目标检测】目标存在，但置信度不足
2025-10-20 05:17:55 [TRACE] 【空洞监听】无匹配已持续：0秒
2025-10-20 05:17:55 [TRACE] 【目标检测】屏幕内没有目标
2025-10-20 05:17:58 [TRACE] 【目标检测】TRAPPED！ 类型：blue_portal 置信度：0.9551999568939209
2025-10-20 05:18:00 [TRACE] 【空洞监听】无匹配已持续：5秒
2025-10-20 05:18:04 [TRACE] 【目标检测】屏幕内没有目标
2025-10-20 05:18:05 [TRACE] 【目标检测】目标存在，但置信度不足
2025-10-20 05:18:05 [TRACE] 【空洞监听】无匹配已持续：10秒
2025-10-20 05:18:07 [TRACE] 【目标检测】TRAPPED！ 类型：interact 置信度：0.9199857115745544
2025-10-20 05:18:11 [TRACE] 【空洞监听】无匹配已持续：16秒
2025-10-20 05:18:13 [TRACE] 【目标检测】TRAPPED！ 类型：interact 置信度：0.9070553183555603
2025-10-20 05:18:16 [TRACE] 【空洞监听】无匹配已持续：21秒
2025-10-20 05:18:20 [TRACE] 【目标检测】屏幕内没有目标
2025-10-20 05:18:21 [TRACE] 【目标检测】屏幕内没有目标
2025-10-20 05:18:22 [TRACE] 【目标检测】屏幕内没有目标
2025-10-20 05:18:22 [TRACE] 【状态】搜索模式：C:\Users\gelon\Desktop\ZA-Lite\assets/images/hollow\resonium.png 置信度：1.0
2025-10-20 05:18:23 [TRACE] 【目标出现】C:\Users\gelon\Desktop\ZA-Lite\assets/images/hollow\resonium.png 置信度：0.9999996423721313
2025-10-20 05:18:23 [TRACE] 【本轮的坐标】：(np.int64(1174), np.int64(461)) ------------
2025-10-20 05:18:23 [TRACE] 【已点击过的坐标】：[(-10, -10)]
2025-10-20 05:18:23 [TRACE] 【成功点击】
2025-10-20 05:18:23 [TRACE] 【目标检测】屏幕内没有目标
2025-10-20 05:18:23 [TRACE] 【本轮的坐标】：(np.int64(1581), np.int64(461)) ------------
2025-10-20 05:18:23 [TRACE] 【已点击过的坐标】：[(-10, -10), (np.int64(1174), np.int64(461))]
2025-10-20 05:18:23 [TRACE] 【成功点击】
2025-10-20 05:18:24 [TRACE] 【目标检测】屏幕内没有目标
2025-10-20 05:18:24 [TRACE] 【本轮的坐标】：(np.int64(1582), np.int64(461)) ------------
2025-10-20 05:18:24 [TRACE] 【已点击过的坐标】：[(-10, -10), (np.int64(1174), np.int64(461)), (np.int64(1581), np.int64(461))]
2025-10-20 05:18:24 [TRACE] 【坐标太近】视为重复
2025-10-20 05:18:24 [TRACE] 【没有通过的坐标】开始下一轮
2025-10-20 05:18:24 [TRACE] 【本轮的坐标】：(np.int64(1988), np.int64(461)) ------------
2025-10-20 05:18:24 [TRACE] 【已点击过的坐标】：[(-10, -10), (np.int64(1174), np.int64(461)), (np.int64(1581), np.int64(461))]
2025-10-20 05:18:24 [TRACE] 【成功点击】
2025-10-20 05:18:25 [TRACE] 【本轮的坐标】：(np.int64(1989), np.int64(461)) ------------
2025-10-20 05:18:25 [TRACE] 【已点击过的坐标】：[(-10, -10), (np.int64(1174), np.int64(461)), (np.int64(1581), np.int64(461)), (np.int64(1988), np.int64(461))]
2025-10-20 05:18:25 [TRACE] 【坐标太近】视为重复
2025-10-20 05:18:25 [TRACE] 【没有通过的坐标】开始下一轮
2025-10-20 05:18:25 [TRACE] 【本轮的坐标】：(np.int64(1173), np.int64(462)) ------------
2025-10-20 05:18:25 [TRACE] 【已点击过的坐标】：[(-10, -10), (np.int64(1174), np.int64(461)), (np.int64(1581), np.int64(461)), (np.int64(1988), np.int64(461))]
2025-10-20 05:18:25 [TRACE] 【坐标太近】视为重复
2025-10-20 05:18:25 [TRACE] 【没有通过的坐标】开始下一轮
2025-10-20 05:18:25 [TRACE] 【本轮的坐标】：(np.int64(1174), np.int64(462)) ------------
2025-10-20 05:18:25 [TRACE] 【已点击过的坐标】：[(-10, -10), (np.int64(1174), np.int64(461)), (np.int64(1581), np.int64(461)), (np.int64(1988), np.int64(461))]
2025-10-20 05:18:25 [TRACE] 【坐标太近】视为重复
2025-10-20 05:18:25 [TRACE] 【没有通过的坐标】开始下一轮
2025-10-20 05:18:25 [TRACE] 【本轮的坐标】：(np.int64(1175), np.int64(462)) ------------
2025-10-20 05:18:25 [TRACE] 【已点击过的坐标】：[(-10, -10), (np.int64(1174), np.int64(461)), (np.int64(1581), np.int64(461)), (np.int64(1988), np.int64(461))]
2025-10-20 05:18:25 [TRACE] 【坐标太近】视为重复
2025-10-20 05:18:25 [TRACE] 【没有通过的坐标】开始下一轮
2025-10-20 05:18:25 [TRACE] 【本轮的坐标】：(np.int64(1580), np.int64(462)) ------------
2025-10-20 05:18:25 [TRACE] 【已点击过的坐标】：[(-10, -10), (np.int64(1174), np.int64(461)), (np.int64(1581), np.int64(461)), (np.int64(1988), np.int64(461))]
2025-10-20 05:18:25 [TRACE] 【坐标太近】视为重复
2025-10-20 05:18:25 [TRACE] 【没有通过的坐标】开始下一轮
2025-10-20 05:18:25 [TRACE] 【本轮的坐标】：(np.int64(1581), np.int64(462)) ------------
2025-10-20 05:18:25 [TRACE] 【已点击过的坐标】：[(-10, -10), (np.int64(1174), np.int64(461)), (np.int64(1581), np.int64(461)), (np.int64(1988), np.int64(461))]
2025-10-20 05:18:25 [TRACE] 【坐标太近】视为重复
2025-10-20 05:18:25 [TRACE] 【没有通过的坐标】开始下一轮
2025-10-20 05:18:25 [TRACE] 【本轮的坐标】：(np.int64(1582), np.int64(462)) ------------
2025-10-20 05:18:25 [TRACE] 【已点击过的坐标】：[(-10, -10), (np.int64(1174), np.int64(461)), (np.int64(1581), np.int64(461)), (np.int64(1988), np.int64(461))]
2025-10-20 05:18:25 [TRACE] 【坐标太近】视为重复
2025-10-20 05:18:25 [TRACE] 【没有通过的坐标】开始下一轮
2025-10-20 05:18:25 [TRACE] 【本轮的坐标】：(np.int64(1987), np.int64(462)) ------------
2025-10-20 05:18:25 [TRACE] 【已点击过的坐标】：[(-10, -10), (np.int64(1174), np.int64(461)), (np.int64(1581), np.int64(461)), (np.int64(1988), np.int64(461))]
2025-10-20 05:18:25 [TRACE] 【坐标太近】视为重复
2025-10-20 05:18:25 [TRACE] 【没有通过的坐标】开始下一轮
2025-10-20 05:18:25 [TRACE] 【本轮的坐标】：(np.int64(1988), np.int64(462)) ------------
2025-10-20 05:18:25 [TRACE] 【已点击过的坐标】：[(-10, -10), (np.int64(1174), np.int64(461)), (np.int64(1581), np.int64(461)), (np.int64(1988), np.int64(461))]
2025-10-20 05:18:25 [TRACE] 【坐标太近】视为重复
2025-10-20 05:18:25 [TRACE] 【没有通过的坐标】开始下一轮
2025-10-20 05:18:25 [TRACE] 【本轮的坐标】：(np.int64(1989), np.int64(462)) ------------
2025-10-20 05:18:25 [TRACE] 【已点击过的坐标】：[(-10, -10), (np.int64(1174), np.int64(461)), (np.int64(1581), np.int64(461)), (np.int64(1988), np.int64(461))]
2025-10-20 05:18:25 [TRACE] 【坐标太近】视为重复
2025-10-20 05:18:25 [TRACE] 【没有通过的坐标】开始下一轮
2025-10-20 05:18:25 [TRACE] 【本轮的坐标】：(np.int64(1990), np.int64(462)) ------------
2025-10-20 05:18:25 [TRACE] 【已点击过的坐标】：[(-10, -10), (np.int64(1174), np.int64(461)), (np.int64(1581), np.int64(461)), (np.int64(1988), np.int64(461))]
2025-10-20 05:18:25 [TRACE] 【坐标太近】视为重复
2025-10-20 05:18:25 [TRACE] 【没有通过的坐标】开始下一轮
2025-10-20 05:18:25 [TRACE] 【本轮的坐标】：(np.int64(1174), np.int64(463)) ------------
2025-10-20 05:18:25 [TRACE] 【已点击过的坐标】：[(-10, -10), (np.int64(1174), np.int64(461)), (np.int64(1581), np.int64(461)), (np.int64(1988), np.int64(461))]
2025-10-20 05:18:25 [TRACE] 【坐标太近】视为重复
2025-10-20 05:18:25 [TRACE] 【没有通过的坐标】开始下一轮
2025-10-20 05:18:25 [TRACE] 【本轮的坐标】：(np.int64(1581), np.int64(463)) ------------
2025-10-20 05:18:25 [TRACE] 【已点击过的坐标】：[(-10, -10), (np.int64(1174), np.int64(461)), (np.int64(1581), np.int64(461)), (np.int64(1988), np.int64(461))]
2025-10-20 05:18:25 [TRACE] 【坐标太近】视为重复
2025-10-20 05:18:25 [TRACE] 【没有通过的坐标】开始下一轮
2025-10-20 05:18:25 [TRACE] 【本轮的坐标】：(np.int64(1988), np.int64(463)) ------------
2025-10-20 05:18:25 [TRACE] 【已点击过的坐标】：[(-10, -10), (np.int64(1174), np.int64(461)), (np.int64(1581), np.int64(461)), (np.int64(1988), np.int64(461))]
2025-10-20 05:18:25 [TRACE] 【坐标太近】视为重复
2025-10-20 05:18:25 [TRACE] 【没有通过的坐标】开始下一轮
2025-10-20 05:18:25 [TRACE] 【完成所有点击】有效次数：3
2025-10-20 05:18:26 [TRACE] 【目标检测】屏幕内没有目标
2025-10-20 05:18:27 [TRACE] 【目标检测】屏幕内没有目标
2025-10-20 05:18:28 [TRACE] 【目标检测】屏幕内没有目标
2025-10-20 05:18:29 [TRACE] 【目标检测】屏幕内没有目标
2025-10-20 05:18:30 [TRACE] 【目标检测】屏幕内没有目标
2025-10-20 05:18:35 [TRACE] 【目标检测】微调超时，无法对齐！
2025-10-20 05:18:36 [TRACE] 【空洞监听】无匹配已持续：0秒
2025-10-20 05:18:39 [TRACE] 【目标检测】TRAPPED！ 类型：guide_point 置信度：0.905369222164154
2025-10-20 05:18:40 [TRACE] 【状态】搜索模式：C:\Users\gelon\Desktop\ZA-Lite\assets/images/hollow\meter.png 置信度：0.9201329350471497
2025-10-20 05:18:45 [TRACE] 【目标检测】屏幕内没有目标
2025-10-20 05:18:46 [TRACE] 【目标检测】屏幕内没有目标
2025-10-20 05:18:47 [TRACE] 【目标检测】屏幕内没有目标
2025-10-20 05:18:47 [TRACE] 【空洞监听】无匹配已持续：0秒
2025-10-20 05:18:48 [TRACE] 【目标检测】屏幕内没有目标
2025-10-20 05:18:49 [TRACE] 【目标检测】屏幕内没有目标
2025-10-20 05:18:51 [TRACE] 【目标检测】屏幕内没有目标
2025-10-20 05:18:52 [TRACE] 【目标检测】屏幕内没有目标
2025-10-20 05:18:52 [TRACE] 【空洞监听】无匹配已持续：5秒
2025-10-20 05:18:53 [TRACE] 【目标检测】屏幕内没有目标
2025-10-20 05:18:54 [TRACE] 【目标检测】屏幕内没有目标
2025-10-20 05:18:55 [TRACE] 【目标检测】屏幕内没有目标
2025-10-20 05:18:57 [TRACE] 【目标检测】屏幕内没有目标
2025-10-20 05:18:58 [TRACE] 【空洞监听】无匹配已持续：10秒
2025-10-20 05:18:58 [TRACE] 【目标检测】屏幕内没有目标
2025-10-20 05:18:59 [TRACE] 【目标检测】屏幕内没有目标
2025-10-20 05:19:00 [TRACE] 【目标检测】屏幕内没有目标
2025-10-20 05:19:02 [TRACE] 【目标检测】屏幕内没有目标
2025-10-20 05:19:03 [TRACE] 【空洞监听】无匹配已持续：16秒
2025-10-20 05:19:04 [TRACE] 【目标检测】屏幕内没有目标
2025-10-20 05:19:05 [TRACE] 【目标检测】屏幕内没有目标
2025-10-20 05:19:06 [TRACE] 【目标检测】屏幕内没有目标
2025-10-20 05:19:07 [TRACE] 【目标检测】屏幕内没有目标
2025-10-20 05:19:08 [TRACE] 【目标检测】屏幕内没有目标
2025-10-20 05:19:09 [TRACE] 【空洞监听】无匹配已持续：21秒
2025-10-20 05:19:10 [TRACE] 【目标检测】屏幕内没有目标
2025-10-20 05:19:11 [TRACE] 【目标检测】屏幕内没有目标
2025-10-20 05:19:12 [TRACE] 【目标检测】屏幕内没有目标
2025-10-20 05:19:14 [TRACE] 【目标检测】屏幕内没有目标
2025-10-20 05:19:15 [TRACE] 【目标检测】屏幕内没有目标
2025-10-20 05:19:15 [TRACE] 【空洞监听】无匹配已持续：27秒
2025-10-20 05:19:17 [TRACE] 【目标检测】屏幕内没有目标
2025-10-20 05:19:18 [TRACE] 【目标检测】屏幕内没有目标
2025-10-20 05:19:19 [TRACE] 【目标检测】屏幕内没有目标
2025-10-20 05:19:20 [TRACE] 【目标检测】屏幕内没有目标
2025-10-20 05:19:20 [TRACE] 【空洞监听】无匹配已持续：33秒
2025-10-20 05:19:21 [TRACE] 【目标检测】屏幕内没有目标
2025-10-20 05:19:23 [TRACE] 【目标检测】屏幕内没有目标
2025-10-20 05:19:24 [TRACE] 【目标检测】屏幕内没有目标
2025-10-20 05:19:25 [TRACE] 【目标检测】屏幕内没有目标
2025-10-20 05:19:26 [TRACE] 【目标检测】屏幕内没有目标
2025-10-20 05:19:26 [TRACE] 【空洞监听】无匹配已持续：38秒
2025-10-20 05:19:27 [TRACE] 【目标检测】屏幕内没有目标
2025-10-20 05:19:29 [TRACE] 【目标检测】屏幕内没有目标
2025-10-20 05:19:30 [TRACE] 【目标检测】屏幕内没有目标
2025-10-20 05:19:31 [TRACE] 【目标检测】屏幕内没有目标
2025-10-20 05:19:31 [TRACE] 【空洞监听】无匹配已持续：44秒
2025-10-20 05:19:32 [TRACE] 【目标检测】屏幕内没有目标
2025-10-20 05:19:33 [TRACE] 【目标检测】目标存在，但置信度不足
2025-10-20 05:19:34 [TRACE] 【目标检测】屏幕内没有目标
2025-10-20 05:19:36 [TRACE] 【目标检测】屏幕内没有目标
2025-10-20 05:19:37 [TRACE] 【目标检测】屏幕内没有目标
2025-10-20 05:19:37 [TRACE] 【空洞监听】无匹配已持续：49秒
2025-10-20 05:19:38 [TRACE] 【目标检测】屏幕内没有目标
2025-10-20 05:19:38 [TRACE] 【目标检测】屏幕内没有目标
2025-10-20 05:19:39 [TRACE] 【目标检测】屏幕内没有目标
2025-10-20 05:19:42 [TRACE] 【目标检测】屏幕内没有目标
2025-10-20 05:19:42 [TRACE] 【空洞监听】无匹配已持续：54秒
2025-10-20 05:19:43 [TRACE] 【目标检测】屏幕内没有目标
2025-10-20 05:19:44 [TRACE] 【目标检测】屏幕内没有目标
2025-10-20 05:19:45 [TRACE] 【目标检测】屏幕内没有目标
2025-10-20 05:19:46 [TRACE] 【目标检测】屏幕内没有目标
2025-10-20 05:19:48 [TRACE] 【目标检测】屏幕内没有目标
2025-10-20 05:19:48 [TRACE] 【空洞监听】无匹配已持续：60秒
2025-10-20 05:19:48 [TRACE] 【空洞监听】即将超时，重启搜索线程
2025-10-20 05:19:49 [TRACE] 【目标检测】屏幕内没有目标
2025-10-20 05:19:50 [TRACE] 【目标检测】屏幕内没有目标
2025-10-20 05:19:50 [TRACE] 【目标检测】屏幕内没有目标
2025-10-20 05:19:51 [TRACE] 【目标检测】屏幕内没有目标
2025-10-20 05:19:53 [TRACE] 【空洞监听】无匹配已持续：65秒
2025-10-20 05:19:53 [TRACE] 【空洞监听】即将超时，重启搜索线程
2025-10-20 05:19:53 [TRACE] 【目标检测】屏幕内没有目标
2025-10-20 05:19:54 [TRACE] 【目标检测】屏幕内没有目标
2025-10-20 05:19:55 [TRACE] 【目标检测】屏幕内没有目标
2025-10-20 05:19:56 [TRACE] 【目标检测】屏幕内没有目标
2025-10-20 05:19:56 [TRACE] 【目标检测】屏幕内没有目标
2025-10-20 05:19:58 [TRACE] 【目标检测】屏幕内没有目标
2025-10-20 05:19:59 [TRACE] 【空洞监听】无匹配已持续：71秒
2025-10-20 05:19:59 [TRACE] 【空洞监听】即将超时，重启搜索线程
2025-10-20 05:19:59 [TRACE] 【目标检测】目标存在，但置信度不足
2025-10-20 05:20:00 [TRACE] 【目标检测】屏幕内没有目标
2025-10-20 05:20:01 [TRACE] 【目标检测】屏幕内没有目标
2025-10-20 05:20:01 [TRACE] 【目标检测】屏幕内没有目标
2025-10-20 05:20:02 [TRACE] 【目标检测】屏幕内没有目标
2025-10-20 05:20:04 [TRACE] 【目标检测】屏幕内没有目标
2025-10-20 05:20:04 [TRACE] 【空洞监听】无匹配已持续：77秒
2025-10-20 05:20:04 [TRACE] 【空洞监听】即将超时，重启搜索线程
2025-10-20 05:20:05 [TRACE] 【目标检测】屏幕内没有目标
2025-10-20 05:20:06 [TRACE] 【目标检测】屏幕内没有目标
2025-10-20 05:20:07 [TRACE] 【目标检测】屏幕内没有目标
2025-10-20 05:20:07 [TRACE] 【目标检测】屏幕内没有目标
2025-10-20 05:20:09 [TRACE] 【目标检测】屏幕内没有目标
2025-10-20 05:20:10 [TRACE] 【空洞监听】无匹配已持续：82秒
2025-10-20 05:20:10 [TRACE] 【空洞监听】即将超时，重启搜索线程
2025-10-20 05:20:10 [TRACE] 【目标检测】屏幕内没有目标
2025-10-20 05:20:11 [TRACE] 【目标检测】屏幕内没有目标
2025-10-20 05:20:12 [TRACE] 【目标检测】屏幕内没有目标
2025-10-20 05:20:13 [TRACE] 【目标检测】屏幕内没有目标
2025-10-20 05:20:15 [TRACE] 【目标检测】屏幕内没有目标
2025-10-20 05:20:16 [TRACE] 【目标检测】屏幕内没有目标
2025-10-20 05:20:16 [WARNING] 代理人死亡，空洞任务失败
2025-10-20 05:20:16 [TRACE] 【1】等待目标中 C:\Users\gelon\Desktop\ZA-Lite\assets/images/hollow\mission_completed.png
2025-10-20 05:20:17 [TRACE] 【目标检测】屏幕内没有目标
2025-10-20 05:20:17 [TRACE] 【2】等待目标中 C:\Users\gelon\Desktop\ZA-Lite\assets/images/hollow\mission_completed.png
2025-10-20 05:20:17 [TRACE] 【目标检测】屏幕内没有目标
2025-10-20 05:20:18 [TRACE] 【3】等待目标中 C:\Users\gelon\Desktop\ZA-Lite\assets/images/hollow\mission_completed.png
2025-10-20 05:20:18 [TRACE] 【目标检测】屏幕内没有目标
2025-10-20 05:20:19 [TRACE] 【4】等待目标中 C:\Users\gelon\Desktop\ZA-Lite\assets/images/hollow\mission_completed.png
2025-10-20 05:20:20 [TRACE] 【目标出现】C:\Users\gelon\Desktop\ZA-Lite\assets/images/hollow\mission_completed.png 置信度：0.9999997019767761
2025-10-20 05:20:20 [TRACE] 【目标检测】屏幕内没有目标
2025-10-20 05:20:21 [TRACE] 【目标检测】屏幕内没有目标
2025-10-20 05:20:21 [INFO] 本轮耗时:7分钟
2025-10-20 05:20:21 [INFO] 当前已完成空洞 0 次 
2025-10-20 05:20:21 [DEBUG] 正在返回菜单
2025-10-20 05:20:21 [TRACE] 正在返回菜单,请保持游戏画面处于前台
2025-10-20 05:20:23 [TRACE] 正在返回菜单,请保持游戏画面处于前台
2025-10-20 05:20:26 [TRACE] 正在返回菜单,请保持游戏画面处于前台
2025-10-20 05:20:28 [TRACE] 正在返回菜单,请保持游戏画面处于前台
2025-10-20 05:20:30 [TRACE] 正在返回菜单,请保持游戏画面处于前台
2025-10-20 05:20:32 [TRACE] 正在返回菜单,请保持游戏画面处于前台
2025-10-20 05:20:34 [TRACE] 现在处于大厅
2025-10-20 05:20:35 [INFO] 执行零号空洞任务中
2025-10-20 05:20:35 [TRACE] 【1】等待目标中 C:\Users\gelon\Desktop\ZA-Lite\assets/images/hollow\combat.png
2025-10-20 05:20:36 [TRACE] 【目标出现】C:\Users\gelon\Desktop\ZA-Lite\assets/images/hollow\combat.png 置信度：0.9762941598892212
2025-10-20 05:20:38 [TRACE] 【目标出现】C:\Users\gelon\Desktop\ZA-Lite\assets/images/hollow\zero_hollow.png 置信度：0.9999947547912598
2025-10-20 05:20:39 [TRACE] 【目标出现】C:\Users\gelon\Desktop\ZA-Lite\assets/images/hollow\go_hollow.png 置信度：0.9945989847183228
2025-10-20 05:20:40 [TRACE] 【目标出现】C:\Users\gelon\Desktop\ZA-Lite\assets/images/hollow\confirm.png 置信度：0.983962893486023
2025-10-20 05:20:42 [TRACE] 【1】等待目标中 C:\Users\gelon\Desktop\ZA-Lite\assets/images/hollow\hollow_taskforce.png
2025-10-20 05:20:43 [TRACE] 【2】等待目标中 C:\Users\gelon\Desktop\ZA-Lite\assets/images/hollow\hollow_taskforce.png
2025-10-20 05:20:43 [TRACE] 【目标出现】C:\Users\gelon\Desktop\ZA-Lite\assets/images/hollow\hollow_taskforce.png 置信度：0.9997256994247437
2025-10-20 05:20:45 [TRACE] 【目标出现】C:\Users\gelon\Desktop\ZA-Lite\assets/images/hollow\strategy.png 置信度：0.9999997019767761
2025-10-20 05:20:46 [TRACE] 【1】等待目标中 C:\Users\gelon\Desktop\ZA-Lite\assets/images/hollow\strategy_confirm.png
2025-10-20 05:20:47 [TRACE] 【目标出现】C:\Users\gelon\Desktop\ZA-Lite\assets/images/hollow\strategy_confirm.png 置信度：1.0
2025-10-20 05:20:48 [TRACE] 【目标出现】C:\Users\gelon\Desktop\ZA-Lite\assets/images/hollow\next_step.png 置信度：0.980596125125885
2025-10-20 05:20:50 [TRACE] 【目标出现】C:\Users\gelon\Desktop\ZA-Lite\assets/images/daily\squad_preset.png 置信度：0.9862331748008728
2025-10-20 05:20:51 [TRACE] 【目标出现】C:\Users\gelon\Desktop\ZA-Lite\assets/images/daily\squad_3.png 置信度：0.9689286947250366
2025-10-20 05:20:52 [TRACE] 【目标出现】C:\Users\gelon\Desktop\ZA-Lite\assets/images/daily\select_squad.png 置信度：0.968489944934845
2025-10-20 05:20:53 [TRACE] 【目标出现】C:\Users\gelon\Desktop\ZA-Lite\assets/images/hollow\start_battle.png 置信度：0.9804866909980774
2025-10-20 05:20:55 [TRACE] 【目标检测】屏幕内没有目标
2025-10-20 05:20:56 [TRACE] 【目标检测】屏幕内没有目标
2025-10-20 05:20:57 [TRACE] 【目标检测】屏幕内没有目标
2025-10-20 05:20:59 [TRACE] 【目标检测】屏幕内没有目标
2025-10-20 05:21:00 [TRACE] 【空洞监听】无匹配已持续：0秒
2025-10-20 05:21:00 [TRACE] 【目标检测】屏幕内没有目标
2025-10-20 05:21:01 [TRACE] 【目标检测】屏幕内没有目标
2025-10-20 05:21:02 [TRACE] 【目标检测】屏幕内没有目标
2025-10-20 05:21:03 [TRACE] 【目标检测】屏幕内没有目标
2025-10-20 05:21:05 [TRACE] 【目标检测】屏幕内没有目标
2025-10-20 05:21:05 [TRACE] 【空洞监听】无匹配已持续：4秒
2025-10-20 05:21:06 [TRACE] 【目标检测】屏幕内没有目标
2025-10-20 05:21:07 [TRACE] 【目标检测】屏幕内没有目标
2025-10-20 05:21:08 [TRACE] 【目标检测】屏幕内没有目标
2025-10-20 05:21:09 [TRACE] 【目标检测】屏幕内没有目标
2025-10-20 05:21:10 [TRACE] 【空洞监听】无匹配已持续：10秒
2025-10-20 05:21:11 [TRACE] 【目标检测】屏幕内没有目标
2025-10-20 05:21:12 [TRACE] 【目标检测】屏幕内没有目标
2025-10-20 05:21:13 [TRACE] 【目标检测】屏幕内没有目标
2025-10-20 05:21:13 [TRACE] 【目标检测】屏幕内没有目标
2025-10-20 05:21:14 [TRACE] 【目标检测】屏幕内没有目标
2025-10-20 05:21:16 [TRACE] 【空洞监听】无匹配已持续：16秒
2025-10-20 05:21:16 [TRACE] 【目标检测】屏幕内没有目标
2025-10-20 05:21:20 [TRACE] 【目标检测】TRAPPED！ 类型：interact 置信度：0.9376959204673767
2025-10-20 05:21:22 [TRACE] 【空洞监听】无匹配已持续：21秒
2025-10-20 05:21:26 [TRACE] 【目标检测】屏幕内没有目标
2025-10-20 05:21:28 [TRACE] 【目标检测】屏幕内没有目标
2025-10-20 05:21:28 [TRACE] 【状态】搜索模式：C:\Users\gelon\Desktop\ZA-Lite\assets/images/hollow\card.png 置信度：1.0
2025-10-20 05:21:29 [TRACE] 【目标检测】屏幕内没有目标
2025-10-20 05:21:30 [TRACE] 【目标检测】目标存在，但置信度不足
2025-10-20 05:21:30 [TRACE] 【目标检测】目标存在，但置信度不足
2025-10-20 05:21:31 [TRACE] 【目标检测】目标存在，但置信度不足
2025-10-20 05:21:32 [TRACE] 【目标检测】目标存在，但置信度不足
2025-10-20 05:21:33 [TRACE] 【目标检测】屏幕内没有目标
2025-10-20 05:21:38 [TRACE] 【目标检测】TRAPPED！ 类型：interact 置信度：0.9069803953170776
2025-10-20 05:21:39 [TRACE] 【空洞监听】无匹配已持续：0秒
2025-10-20 05:21:45 [TRACE] 【空洞监听】无匹配已持续：5秒
2025-10-20 05:21:45 [TRACE] 【目标检测】微调超时，无法对齐！
2025-10-20 05:21:50 [TRACE] 【空洞监听】无匹配已持续：11秒
2025-10-20 05:21:51 [TRACE] 【目标检测】TRAPPED！ 类型：interact 置信度：0.9451658725738525
2025-10-20 05:21:55 [TRACE] 【空洞监听】无匹配已持续：16秒
2025-10-20 05:22:01 [TRACE] 【空洞监听】无匹配已持续：21秒
2025-10-20 05:22:02 [TRACE] 【目标检测】微调超时，无法对齐！
2025-10-20 05:22:04 [TRACE] 【目标检测】TRAPPED！ 类型：interact 置信度：0.9423773884773254
2025-10-20 05:22:06 [TRACE] 【空洞监听】无匹配已持续：27秒
2025-10-20 05:22:12 [TRACE] 【空洞监听】无匹配已持续：32秒
2025-10-20 05:22:12 [TRACE] 【目标检测】微调超时，无法对齐！
2025-10-20 05:22:17 [TRACE] 【空洞监听】无匹配已持续：38秒
2025-10-20 05:22:18 [TRACE] 【目标检测】TRAPPED！ 类型：interact 置信度：0.9467129707336426
2025-10-20 05:22:22 [TRACE] 【空洞监听】无匹配已持续：43秒
2025-10-20 05:22:24 [TRACE] 【目标检测】屏幕内没有目标
2025-10-20 05:22:25 [TRACE] 【目标检测】屏幕内没有目标
2025-10-20 05:22:26 [TRACE] 【目标检测】屏幕内没有目标
2025-10-20 05:22:27 [TRACE] 【目标检测】屏幕内没有目标
2025-10-20 05:22:28 [TRACE] 【空洞监听】无匹配已持续：49秒
2025-10-20 05:22:30 [TRACE] 【目标检测】TRAPPED！ 类型：interact 置信度：0.9392558932304382
2025-10-20 05:22:34 [TRACE] 【空洞监听】无匹配已持续：54秒
2025-10-20 05:22:34 [TRACE] 【目标检测】TRAPPED！ 类型：interact 置信度：0.9256477952003479
2025-10-20 05:22:40 [TRACE] 【目标检测】屏幕内没有目标
2025-10-20 05:22:41 [TRACE] 【目标检测】屏幕内没有目标
2025-10-20 05:22:43 [TRACE] 【目标检测】目标存在，但置信度不足
2025-10-20 05:22:43 [TRACE] 【目标检测】目标存在，但置信度不足
2025-10-20 05:22:49 [TRACE] 【目标检测】微调超时，无法对齐！
2025-10-20 05:22:51 [TRACE] 【空洞监听】无匹配已持续：0秒
2025-10-20 05:22:54 [TRACE] 【目标检测】TRAPPED！ 类型：interact 置信度：0.9228875637054443
2025-10-20 05:22:56 [TRACE] 【空洞监听】无匹配已持续：5秒
2025-10-20 05:23:01 [TRACE] 【目标检测】TRAPPED！ 类型：interact 置信度：0.9487632513046265
2025-10-20 05:23:02 [TRACE] 【空洞监听】无匹配已持续：11秒
2025-10-20 05:23:07 [TRACE] 【目标检测】屏幕内没有目标
2025-10-20 05:23:10 [TRACE] 【目标检测】目标存在，但置信度不足
2025-10-20 05:23:12 [TRACE] 【状态】搜索模式：C:\Users\gelon\Desktop\ZA-Lite\assets/images/hollow\meter.png 置信度：0.9885942339897156
2025-10-20 05:23:13 [TRACE] 【目标检测】微调超时，无法对齐！
2025-10-20 05:23:15 [TRACE] 【目标检测】TRAPPED！ 类型：guide_point 置信度：0.920435905456543
2025-10-20 05:23:19 [TRACE] 【空洞监听】无匹配已持续：0秒
2025-10-20 05:23:20 [TRACE] 【目标检测】TRAPPED！ 类型：guide_point 置信度：0.9400110840797424
2025-10-20 05:23:22 [TRACE] 【状态】搜索模式：C:\Users\gelon\Desktop\ZA-Lite\assets/images/hollow\meter.png 置信度：0.9340322017669678
2025-10-20 05:23:26 [TRACE] 【目标检测】TRAPPED！ 类型：guide_point 置信度：0.747273325920105
2025-10-20 05:23:28 [TRACE] 【状态】搜索模式：C:\Users\gelon\Desktop\ZA-Lite\assets/images/hollow\meter.png 置信度：0.9890195727348328
2025-10-20 05:23:30 [TRACE] 【目标检测】TRAPPED！ 类型：guide_point 置信度：0.9514224529266357
2025-10-20 05:23:33 [TRACE] 【状态】搜索模式：C:\Users\gelon\Desktop\ZA-Lite\assets/images/hollow\meter.png 置信度：0.9436091184616089
2025-10-20 05:23:41 [TRACE] 【空洞监听】无匹配已持续：0秒
2025-10-20 05:23:41 [TRACE] 【目标检测】微调超时，无法对齐！
2025-10-20 05:23:44 [TRACE] 【目标检测】TRAPPED！ 类型：blue_portal 置信度：0.7311781644821167
2025-10-20 05:23:45 [TRACE] 【状态】搜索模式：C:\Users\gelon\Desktop\ZA-Lite\assets/images/hollow\meter.png 置信度：0.9126587510108948
2025-10-20 05:23:49 [TRACE] 【目标检测】TRAPPED！ 类型：guide_point 置信度：0.8716450333595276
2025-10-20 05:23:55 [TRACE] 【目标检测】屏幕内没有目标
2025-10-20 05:23:56 [TRACE] 【目标检测】屏幕内没有目标
2025-10-20 05:23:57 [TRACE] 【目标检测】屏幕内没有目标
2025-10-20 05:23:58 [TRACE] 【目标检测】屏幕内没有目标
2025-10-20 05:23:59 [TRACE] 【目标检测】TRAPPED！ 类型：blue_portal 置信度：0.8755181431770325
2025-10-20 05:24:02 [TRACE] 【目标检测】TRAPPED！ 类型：blue_portal 置信度：0.742396354675293
2025-10-20 05:24:05 [TRACE] 【空洞监听】无匹配已持续：0秒
2025-10-20 05:24:09 [TRACE] 【目标检测】屏幕内没有目标
2025-10-20 05:24:12 [TRACE] 【目标检测】TRAPPED！ 类型：blue_portal 置信度：0.8611628413200378
2025-10-20 05:24:14 [TRACE] 【状态】搜索模式：C:\Users\gelon\Desktop\ZA-Lite\assets/images/hollow\meter.png 置信度：0.958631694316864
2025-10-20 05:24:16 [TRACE] 【目标检测】TRAPPED！ 类型：guide_point 置信度：0.900432825088501
2025-10-20 05:24:22 [TRACE] 【目标检测】屏幕内没有目标
2025-10-20 05:24:23 [TRACE] 【目标检测】屏幕内没有目标
2025-10-20 05:24:24 [TRACE] 【目标检测】屏幕内没有目标
2025-10-20 05:24:25 [TRACE] 【目标检测】屏幕内没有目标
2025-10-20 05:24:26 [TRACE] 【目标检测】屏幕内没有目标
2025-10-20 05:24:31 [TRACE] 【状态】搜索模式：C:\Users\gelon\Desktop\ZA-Lite\assets/images/hollow\meter.png 置信度：0.9726733565330505
2025-10-20 05:24:32 [TRACE] 【目标检测】TRAPPED！ 类型：blue_portal 置信度：0.7944473624229431
2025-10-20 05:24:37 [TRACE] 【状态】搜索模式：C:\Users\gelon\Desktop\ZA-Lite\assets/images/hollow\meter.png 置信度：0.977968156337738
2025-10-20 05:24:38 [TRACE] 【目标检测】TRAPPED！ 类型：guide_point 置信度：0.8778574466705322
2025-10-20 05:24:44 [TRACE] 【目标检测】TRAPPED！ 类型：guide_point 置信度：0.9402608871459961
2025-10-20 05:24:49 [TRACE] 【目标检测】TRAPPED！ 类型：blue_portal 置信度：0.7864064574241638
2025-10-20 05:24:51 [TRACE] 【空洞监听】无匹配已持续：0秒
2025-10-20 05:24:57 [TRACE] 【目标检测】目标存在，但置信度不足
2025-10-20 05:25:00 [TRACE] 【状态】搜索模式：C:\Users\gelon\Desktop\ZA-Lite\assets/images/hollow\meter.png 置信度：0.9295251369476318
2025-10-20 05:25:01 [TRACE] 【目标检测】微调超时，无法对齐！
2025-10-20 05:25:03 [TRACE] 【目标检测】TRAPPED！ 类型：blue_portal 置信度：0.7473434209823608
2025-10-20 05:25:05 [TRACE] 【状态】搜索模式：C:\Users\gelon\Desktop\ZA-Lite\assets/images/hollow\meter.png 置信度：0.9929654598236084
2025-10-20 05:25:07 [TRACE] 【目标检测】TRAPPED！ 类型：blue_portal 置信度：0.8554570078849792
2025-10-20 05:25:13 [TRACE] 【空洞监听】无匹配已持续：0秒
2025-10-20 05:25:14 [TRACE] 【目标检测】屏幕内没有目标
2025-10-20 05:25:14 [TRACE] 【目标检测】屏幕内没有目标
2025-10-20 05:25:15 [TRACE] 【目标检测】屏幕内没有目标
2025-10-20 05:25:16 [TRACE] 【目标检测】屏幕内没有目标
2025-10-20 05:25:17 [TRACE] 【目标检测】屏幕内没有目标
2025-10-20 05:25:19 [TRACE] 【空洞监听】无匹配已持续：5秒
2025-10-20 05:25:24 [TRACE] 【目标检测】TRAPPED！ 类型：interact 置信度：0.9251499176025391
2025-10-20 05:25:24 [TRACE] 【空洞监听】无匹配已持续：10秒
2025-10-20 05:25:29 [TRACE] 【空洞监听】无匹配已持续：16秒
2025-10-20 05:25:30 [TRACE] 【目标检测】TRAPPED！ 类型：interact 置信度：0.9395070672035217
2025-10-20 05:25:34 [TRACE] 【空洞监听】无匹配已持续：21秒
2025-10-20 05:25:36 [TRACE] 【目标检测】屏幕内没有目标
2025-10-20 05:25:37 [TRACE] 【目标检测】屏幕内没有目标
2025-10-20 05:25:38 [TRACE] 【目标检测】屏幕内没有目标
2025-10-20 05:25:39 [TRACE] 【目标检测】屏幕内没有目标
2025-10-20 05:25:40 [TRACE] 【目标检测】屏幕内没有目标
2025-10-20 05:25:42 [TRACE] 【目标检测】屏幕内没有目标
2025-10-20 05:25:43 [TRACE] 【目标检测】屏幕内没有目标
2025-10-20 05:25:44 [TRACE] 【目标检测】屏幕内没有目标
2025-10-20 05:25:45 [TRACE] 【目标检测】屏幕内没有目标
2025-10-20 05:25:45 [TRACE] 【目标检测】屏幕内没有目标
2025-10-20 05:25:47 [TRACE] 【目标检测】屏幕内没有目标
2025-10-20 05:25:48 [TRACE] 【目标检测】目标存在，但置信度不足
2025-10-20 05:25:49 [TRACE] 【目标检测】屏幕内没有目标
2025-10-20 05:25:50 [TRACE] 【目标检测】屏幕内没有目标
2025-10-20 05:25:51 [TRACE] 【目标检测】目标存在，但置信度不足
2025-10-20 05:25:52 [TRACE] 【目标检测】屏幕内没有目标
2025-10-20 05:25:52 [TRACE] 【状态】搜索模式：C:\Users\gelon\Desktop\ZA-Lite\assets/images/hollow\card.png 置信度：0.9999992847442627
2025-10-20 05:25:53 [TRACE] 【目标检测】屏幕内没有目标
2025-10-20 05:25:55 [TRACE] 【目标检测】屏幕内没有目标
2025-10-20 05:25:55 [TRACE] 【目标检测】屏幕内没有目标
2025-10-20 05:25:56 [TRACE] 【目标检测】目标存在，但置信度不足
2025-10-20 05:26:00 [TRACE] 【目标检测】屏幕内没有目标
2025-10-20 05:26:01 [TRACE] 【状态】搜索模式：C:\Users\gelon\Desktop\ZA-Lite\assets/images/hollow\meter.png 置信度：0.9107422828674316
2025-10-20 05:26:02 [TRACE] 【目标检测】微调超时，无法对齐！
2025-10-20 05:26:06 [TRACE] 【目标检测】屏幕内没有目标
2025-10-20 05:26:07 [TRACE] 【状态】搜索模式：C:\Users\gelon\Desktop\ZA-Lite\assets/images/hollow\meter.png 置信度：0.9022813439369202
2025-10-20 05:26:09 [TRACE] 【目标检测】目标存在，但置信度不足
2025-10-20 05:26:11 [TRACE] 【目标检测】微调超时，无法对齐！
2025-10-20 05:26:14 [TRACE] 【目标检测】TRAPPED！ 类型：guide_point 置信度：0.9132792949676514
2025-10-20 05:26:15 [TRACE] 【空洞监听】无匹配已持续：0秒
2025-10-20 05:26:19 [TRACE] 【空洞监听】无匹配已持续：4秒
2025-10-20 05:26:20 [TRACE] 【目标检测】屏幕内没有目标
2025-10-20 05:26:21 [TRACE] 【目标检测】屏幕内没有目标
2025-10-20 05:26:22 [TRACE] 【目标检测】屏幕内没有目标
2025-10-20 05:26:23 [TRACE] 【目标检测】屏幕内没有目标
2025-10-20 05:26:24 [TRACE] 【目标检测】屏幕内没有目标
2025-10-20 05:26:25 [TRACE] 【空洞监听】无匹配已持续：10秒
2025-10-20 05:26:26 [TRACE] 【目标检测】屏幕内没有目标
2025-10-20 05:26:27 [TRACE] 【目标检测】屏幕内没有目标
2025-10-20 05:26:28 [TRACE] 【目标检测】屏幕内没有目标
2025-10-20 05:26:29 [TRACE] 【目标检测】屏幕内没有目标
2025-10-20 05:26:30 [TRACE] 【目标检测】屏幕内没有目标
2025-10-20 05:26:31 [TRACE] 【空洞监听】无匹配已持续：16秒
2025-10-20 05:26:33 [TRACE] 【目标检测】屏幕内没有目标
2025-10-20 05:26:34 [TRACE] 【目标检测】屏幕内没有目标
2025-10-20 05:26:35 [TRACE] 【目标检测】屏幕内没有目标
2025-10-20 05:26:36 [TRACE] 【目标检测】屏幕内没有目标
2025-10-20 05:26:36 [TRACE] 【空洞监听】无匹配已持续：21秒
2025-10-20 05:26:37 [TRACE] 【目标检测】屏幕内没有目标
2025-10-20 05:26:39 [TRACE] 【目标检测】屏幕内没有目标
2025-10-20 05:26:40 [TRACE] 【目标检测】屏幕内没有目标
2025-10-20 05:26:41 [TRACE] 【目标检测】屏幕内没有目标
2025-10-20 05:26:42 [TRACE] 【目标检测】屏幕内没有目标
2025-10-20 05:26:42 [TRACE] 【空洞监听】无匹配已持续：27秒
2025-10-20 05:26:43 [TRACE] 【目标检测】屏幕内没有目标
2025-10-20 05:26:45 [TRACE] 【目标检测】屏幕内没有目标
2025-10-20 05:26:46 [TRACE] 【目标检测】屏幕内没有目标
2025-10-20 05:26:47 [TRACE] 【目标检测】屏幕内没有目标
2025-10-20 05:26:48 [TRACE] 【空洞监听】无匹配已持续：33秒
2025-10-20 05:26:48 [TRACE] 【目标检测】屏幕内没有目标
2025-10-20 05:26:49 [TRACE] 【目标检测】屏幕内没有目标
2025-10-20 05:26:52 [TRACE] 【目标检测】屏幕内没有目标
2025-10-20 05:26:53 [TRACE] 【目标检测】屏幕内没有目标
2025-10-20 05:26:53 [TRACE] 【空洞监听】无匹配已持续：38秒
2025-10-20 05:26:54 [TRACE] 【目标检测】屏幕内没有目标
2025-10-20 05:26:55 [TRACE] 【目标检测】屏幕内没有目标
2025-10-20 05:26:56 [TRACE] 【目标检测】屏幕内没有目标
2025-10-20 05:26:58 [TRACE] 【目标检测】屏幕内没有目标
2025-10-20 05:26:59 [TRACE] 【目标检测】屏幕内没有目标
2025-10-20 05:26:59 [TRACE] 【空洞监听】无匹配已持续：44秒
2025-10-20 05:27:00 [TRACE] 【目标检测】屏幕内没有目标
2025-10-20 05:27:01 [TRACE] 【目标检测】屏幕内没有目标
2025-10-20 05:27:02 [TRACE] 【目标检测】屏幕内没有目标
2025-10-20 05:27:04 [TRACE] 【目标检测】屏幕内没有目标
2025-10-20 05:27:05 [TRACE] 【空洞监听】无匹配已持续：49秒
2025-10-20 05:27:06 [TRACE] 【目标检测】屏幕内没有目标
2025-10-20 05:27:06 [TRACE] 【目标检测】屏幕内没有目标
2025-10-20 05:27:07 [TRACE] 【目标检测】屏幕内没有目标
2025-10-20 05:27:08 [TRACE] 【目标检测】屏幕内没有目标
2025-10-20 05:27:10 [TRACE] 【空洞监听】无匹配已持续：55秒
2025-10-20 05:27:11 [TRACE] 【目标检测】屏幕内没有目标
2025-10-20 05:27:12 [TRACE] 【目标检测】屏幕内没有目标
2025-10-20 05:27:13 [TRACE] 【目标检测】屏幕内没有目标
2025-10-20 05:27:14 [TRACE] 【目标检测】目标存在，但置信度不足
2025-10-20 05:27:15 [TRACE] 【目标检测】屏幕内没有目标
2025-10-20 05:27:16 [TRACE] 【空洞监听】无匹配已持续：60秒
2025-10-20 05:27:16 [TRACE] 【空洞监听】即将超时，重启搜索线程
2025-10-20 05:27:16 [TRACE] 【目标检测】屏幕内没有目标
2025-10-20 05:27:18 [TRACE] 【目标检测】屏幕内没有目标
2025-10-20 05:27:19 [TRACE] 【目标检测】屏幕内没有目标
2025-10-20 05:27:20 [TRACE] 【目标检测】屏幕内没有目标
2025-10-20 05:27:21 [TRACE] 【目标检测】屏幕内没有目标
2025-10-20 05:27:21 [TRACE] 【空洞监听】无匹配已持续：66秒
2025-10-20 05:27:21 [TRACE] 【空洞监听】即将超时，重启搜索线程
2025-10-20 05:27:21 [TRACE] 【目标检测】屏幕内没有目标
2025-10-20 05:27:24 [TRACE] 【目标检测】屏幕内没有目标
2025-10-20 05:27:25 [TRACE] 【目标检测】屏幕内没有目标
2025-10-20 05:27:26 [TRACE] 【目标检测】屏幕内没有目标
2025-10-20 05:27:27 [TRACE] 【空洞监听】无匹配已持续：71秒
2025-10-20 05:27:27 [TRACE] 【空洞监听】即将超时，重启搜索线程
2025-10-20 05:27:27 [TRACE] 【目标检测】屏幕内没有目标
2025-10-20 05:27:28 [TRACE] 【目标检测】屏幕内没有目标
2025-10-20 05:27:30 [TRACE] 【目标检测】屏幕内没有目标
2025-10-20 05:27:31 [TRACE] 【目标检测】屏幕内没有目标
2025-10-20 05:27:32 [TRACE] 【目标检测】屏幕内没有目标
2025-10-20 05:27:32 [TRACE] 【空洞监听】无匹配已持续：77秒
2025-10-20 05:27:32 [TRACE] 【空洞监听】即将超时，重启搜索线程
2025-10-20 05:27:33 [TRACE] 【目标检测】屏幕内没有目标
2025-10-20 05:27:34 [TRACE] 【目标检测】屏幕内没有目标
2025-10-20 05:27:36 [TRACE] 【目标检测】目标存在，但置信度不足
2025-10-20 05:27:37 [TRACE] 【目标检测】屏幕内没有目标
2025-10-20 05:27:38 [TRACE] 【空洞监听】无匹配已持续：83秒
2025-10-20 05:27:38 [TRACE] 【空洞监听】即将超时，重启搜索线程
2025-10-20 05:27:38 [TRACE] 【目标检测】屏幕内没有目标
2025-10-20 05:27:39 [TRACE] 【目标检测】屏幕内没有目标
2025-10-20 05:27:40 [TRACE] 【目标检测】屏幕内没有目标
2025-10-20 05:27:41 [TRACE] 【目标检测】屏幕内没有目标
2025-10-20 05:27:43 [TRACE] 【目标检测】屏幕内没有目标
2025-10-20 05:27:43 [TRACE] 【空洞监听】无匹配已持续：88秒
2025-10-20 05:27:43 [TRACE] 【空洞监听】即将超时，重启搜索线程
2025-10-20 05:27:44 [TRACE] 【目标检测】屏幕内没有目标
2025-10-20 05:27:45 [TRACE] 【目标检测】屏幕内没有目标
2025-10-20 05:27:46 [TRACE] 【目标检测】目标存在，但置信度不足
2025-10-20 05:27:47 [TRACE] 【目标检测】屏幕内没有目标
2025-10-20 05:27:48 [TRACE] 【目标检测】屏幕内没有目标
2025-10-20 05:27:49 [TRACE] 【空洞监听】无匹配已持续：94秒
2025-10-20 05:27:49 [TRACE] 【空洞监听】即将超时，重启搜索线程
2025-10-20 05:27:50 [TRACE] 【目标检测】屏幕内没有目标
2025-10-20 05:27:51 [TRACE] 【目标检测】屏幕内没有目标
2025-10-20 05:27:52 [TRACE] 【目标检测】屏幕内没有目标
2025-10-20 05:27:53 [TRACE] 【目标检测】屏幕内没有目标
2025-10-20 05:27:54 [TRACE] 【目标检测】屏幕内没有目标
2025-10-20 05:27:54 [TRACE] 【空洞监听】无匹配已持续：99秒
2025-10-20 05:27:54 [TRACE] 【空洞监听】即将超时，重启搜索线程
2025-10-20 05:27:56 [TRACE] 【目标检测】屏幕内没有目标
2025-10-20 05:27:57 [TRACE] 【目标检测】屏幕内没有目标
2025-10-20 05:27:58 [TRACE] 【目标检测】屏幕内没有目标
2025-10-20 05:27:59 [TRACE] 【目标检测】屏幕内没有目标
2025-10-20 05:28:00 [TRACE] 【目标检测】屏幕内没有目标
2025-10-20 05:28:01 [TRACE] 【空洞监听】无匹配已持续：106秒
2025-10-20 05:28:01 [TRACE] 【空洞监听】即将超时，重启搜索线程
2025-10-20 05:28:03 [TRACE] 【目标检测】屏幕内没有目标
2025-10-20 05:28:03 [TRACE] 【目标检测】屏幕内没有目标
2025-10-20 05:28:04 [TRACE] 【目标检测】屏幕内没有目标
2025-10-20 05:28:05 [TRACE] 【目标检测】屏幕内没有目标
2025-10-20 05:28:06 [TRACE] 【空洞监听】无匹配已持续：111秒
2025-10-20 05:28:06 [TRACE] 【空洞监听】即将超时，重启搜索线程
2025-10-20 05:28:06 [TRACE] 【目标检测】屏幕内没有目标
2025-10-20 05:28:08 [TRACE] 【目标检测】屏幕内没有目标
2025-10-20 05:28:09 [TRACE] 【目标检测】屏幕内没有目标
2025-10-20 05:28:10 [TRACE] 【目标检测】屏幕内没有目标
2025-10-20 05:28:11 [TRACE] 【目标检测】屏幕内没有目标
2025-10-20 05:28:12 [TRACE] 【空洞监听】无匹配已持续：117秒
2025-10-20 05:28:12 [TRACE] 【空洞监听】即将超时，重启搜索线程
2025-10-20 05:28:12 [TRACE] 【目标检测】屏幕内没有目标
2025-10-20 05:28:14 [TRACE] 【目标检测】屏幕内没有目标
2025-10-20 05:28:15 [TRACE] 【目标检测】屏幕内没有目标
2025-10-20 05:28:16 [TRACE] 【目标检测】屏幕内没有目标
2025-10-20 05:28:17 [TRACE] 【目标检测】屏幕内没有目标
2025-10-20 05:28:17 [TRACE] 【空洞监听】无匹配已持续：122秒
2025-10-20 05:28:17 [TRACE] 【空洞监听】即将超时，重启搜索线程
2025-10-20 05:28:18 [TRACE] 【目标检测】屏幕内没有目标
2025-10-20 05:28:18 [WARNING] 空洞任务异常，跳过本轮
2025-10-20 05:28:18 [INFO] 本轮耗时:7分钟
2025-10-20 05:28:18 [INFO] 当前已完成空洞 0 次 
2025-10-20 05:28:18 [DEBUG] 正在返回菜单
2025-10-20 05:28:18 [TRACE] 正在返回菜单,请保持游戏画面处于前台
2025-10-20 05:28:20 [TRACE] 退出战斗返回菜单
2025-10-20 05:28:21 [TRACE] 【目标出现】C:\Users\gelon\Desktop\ZA-Lite\assets/images/daily\quit_battle.png 置信度：0.9938648343086243
2025-10-20 05:28:22 [TRACE] 【目标出现】C:\Users\gelon\Desktop\ZA-Lite\assets/images/daily\confirm.png 置信度：0.9839527010917664
2025-10-20 05:28:24 [TRACE] 【1】等待目标中 C:\Users\gelon\Desktop\ZA-Lite\assets/images/daily\quit.png
2025-10-20 05:28:24 [TRACE] 【2】等待目标中 C:\Users\gelon\Desktop\ZA-Lite\assets/images/daily\quit.png
2025-10-20 05:28:25 [TRACE] 【3】等待目标中 C:\Users\gelon\Desktop\ZA-Lite\assets/images/daily\quit.png
2025-10-20 05:28:26 [TRACE] 【4】等待目标中 C:\Users\gelon\Desktop\ZA-Lite\assets/images/daily\quit.png
2025-10-20 05:28:26 [TRACE] 【5】等待目标中 C:\Users\gelon\Desktop\ZA-Lite\assets/images/daily\quit.png
2025-10-20 05:28:27 [TRACE] 【6】等待目标中 C:\Users\gelon\Desktop\ZA-Lite\assets/images/daily\quit.png
2025-10-20 05:28:28 [TRACE] 【7】等待目标中 C:\Users\gelon\Desktop\ZA-Lite\assets/images/daily\quit.png
2025-10-20 05:28:29 [TRACE] 【8】等待目标中 C:\Users\gelon\Desktop\ZA-Lite\assets/images/daily\quit.png
2025-10-20 05:28:29 [TRACE] 【跳过】C:\Users\gelon\Desktop\ZA-Lite\assets/images/daily\quit.png
2025-10-20 05:28:29 [TRACE] 【目标出现】C:\Users\gelon\Desktop\ZA-Lite\assets/images/hollow/mission_completed.png 置信度：0.9999998211860657
2025-10-20 05:28:31 [TRACE] 正在返回菜单,请保持游戏画面处于前台
2025-10-20 05:28:33 [TRACE] 正在返回菜单,请保持游戏画面处于前台
2025-10-20 05:28:35 [TRACE] 正在返回菜单,请保持游戏画面处于前台
2025-10-20 05:28:37 [TRACE] 正在返回菜单,请保持游戏画面处于前台
2025-10-20 05:28:40 [TRACE] 正在返回菜单,请保持游戏画面处于前台
2025-10-20 05:28:42 [TRACE] 正在返回菜单,请保持游戏画面处于前台
2025-10-20 05:28:44 [TRACE] 现在处于大厅
2025-10-20 05:28:45 [INFO] 执行零号空洞任务中
2025-10-20 05:28:45 [TRACE] 【1】等待目标中 C:\Users\gelon\Desktop\ZA-Lite\assets/images/hollow\combat.png
2025-10-20 05:28:46 [TRACE] 【目标出现】C:\Users\gelon\Desktop\ZA-Lite\assets/images/hollow\combat.png 置信度：0.9762980341911316
2025-10-20 05:28:47 [TRACE] 【目标出现】C:\Users\gelon\Desktop\ZA-Lite\assets/images/hollow\zero_hollow.png 置信度：0.9999942779541016
2025-10-20 05:28:49 [TRACE] 【目标出现】C:\Users\gelon\Desktop\ZA-Lite\assets/images/hollow\go_hollow.png 置信度：0.9947461485862732
2025-10-20 05:28:50 [TRACE] 【目标出现】C:\Users\gelon\Desktop\ZA-Lite\assets/images/hollow\confirm.png 置信度：0.983942985534668
2025-10-20 05:28:52 [TRACE] 【1】等待目标中 C:\Users\gelon\Desktop\ZA-Lite\assets/images/hollow\hollow_taskforce.png
2025-10-20 05:28:52 [TRACE] 【2】等待目标中 C:\Users\gelon\Desktop\ZA-Lite\assets/images/hollow\hollow_taskforce.png
2025-10-20 05:28:53 [TRACE] 【3】等待目标中 C:\Users\gelon\Desktop\ZA-Lite\assets/images/hollow\hollow_taskforce.png
2025-10-20 05:28:54 [TRACE] 【目标出现】C:\Users\gelon\Desktop\ZA-Lite\assets/images/hollow\hollow_taskforce.png 置信度：0.9999805688858032
2025-10-20 05:28:55 [TRACE] 【目标出现】C:\Users\gelon\Desktop\ZA-Lite\assets/images/hollow\strategy.png 置信度：0.9999997019767761
2025-10-20 05:28:56 [TRACE] 【1】等待目标中 C:\Users\gelon\Desktop\ZA-Lite\assets/images/hollow\strategy_confirm.png
2025-10-20 05:28:57 [TRACE] 【目标出现】C:\Users\gelon\Desktop\ZA-Lite\assets/images/hollow\strategy_confirm.png 置信度：0.9999995231628418
2025-10-20 05:28:58 [TRACE] 【目标出现】C:\Users\gelon\Desktop\ZA-Lite\assets/images/hollow\next_step.png 置信度：0.9781930446624756
2025-10-20 05:29:00 [TRACE] 【目标出现】C:\Users\gelon\Desktop\ZA-Lite\assets/images/daily\squad_preset.png 置信度：0.9862329959869385
2025-10-20 05:29:01 [TRACE] 【目标出现】C:\Users\gelon\Desktop\ZA-Lite\assets/images/daily\squad_3.png 置信度：0.973965048789978
2025-10-20 05:29:02 [TRACE] 【目标出现】C:\Users\gelon\Desktop\ZA-Lite\assets/images/daily\select_squad.png 置信度：0.9689792990684509
2025-10-20 05:29:04 [TRACE] 【目标出现】C:\Users\gelon\Desktop\ZA-Lite\assets/images/hollow\start_battle.png 置信度：0.9783794283866882
2025-10-20 05:29:06 [TRACE] 【目标检测】屏幕内没有目标
2025-10-20 05:29:06 [TRACE] 【目标检测】屏幕内没有目标
2025-10-20 05:29:07 [TRACE] 【目标检测】屏幕内没有目标
2025-10-20 05:29:08 [TRACE] 【目标检测】屏幕内没有目标
2025-10-20 05:29:09 [TRACE] 【目标检测】屏幕内没有目标
2025-10-20 05:29:10 [TRACE] 【空洞监听】无匹配已持续：0秒
2025-10-20 05:29:11 [TRACE] 【目标检测】屏幕内没有目标
2025-10-20 05:29:12 [TRACE] 【目标检测】屏幕内没有目标
2025-10-20 05:29:13 [TRACE] 【目标检测】屏幕内没有目标
2025-10-20 05:29:14 [TRACE] 【目标检测】屏幕内没有目标
2025-10-20 05:29:15 [TRACE] 【目标检测】屏幕内没有目标
2025-10-20 05:29:15 [TRACE] 【空洞监听】无匹配已持续：5秒
2025-10-20 05:29:16 [TRACE] 【目标检测】屏幕内没有目标
2025-10-20 05:29:17 [TRACE] 【目标检测】屏幕内没有目标
2025-10-20 05:29:18 [TRACE] 【目标检测】屏幕内没有目标
2025-10-20 05:29:19 [TRACE] 【目标检测】屏幕内没有目标
2025-10-20 05:29:20 [TRACE] 【目标检测】屏幕内没有目标
2025-10-20 05:29:21 [TRACE] 【空洞监听】无匹配已持续：10秒
2025-10-20 05:29:22 [TRACE] 【目标检测】屏幕内没有目标
2025-10-20 05:29:23 [TRACE] 【目标检测】屏幕内没有目标
2025-10-20 05:29:24 [TRACE] 【目标检测】屏幕内没有目标
2025-10-20 05:29:25 [TRACE] 【目标检测】屏幕内没有目标
2025-10-20 05:29:26 [TRACE] 【目标检测】屏幕内没有目标
2025-10-20 05:29:27 [TRACE] 【空洞监听】无匹配已持续：16秒
2025-10-20 05:29:29 [TRACE] 【目标检测】TRAPPED！ 类型：interact 置信度：0.9178194999694824
2025-10-20 05:29:32 [TRACE] 【空洞监听】无匹配已持续：21秒
2025-10-20 05:29:33 [TRACE] 【状态】搜索模式：C:\Users\gelon\Desktop\ZA-Lite\assets/images/hollow\card.png 置信度：0.9999998211860657
2025-10-20 05:29:36 [TRACE] 【目标检测】目标存在，但置信度不足
2025-10-20 05:29:37 [TRACE] 【目标检测】屏幕内没有目标
2025-10-20 05:29:37 [TRACE] 【目标检测】屏幕内没有目标
2025-10-20 05:29:40 [TRACE] 【目标检测】TRAPPED！ 类型：interact 置信度：0.9363940358161926
2025-10-20 05:29:44 [TRACE] 【空洞监听】无匹配已持续：0秒
2025-10-20 05:29:48 [TRACE] 【目标检测】微调超时，无法对齐！
2025-10-20 05:29:50 [TRACE] 【空洞监听】无匹配已持续：5秒
2025-10-20 05:29:53 [TRACE] 【目标检测】TRAPPED！ 类型：interact 置信度：0.9281865954399109
2025-10-20 05:29:55 [TRACE] 【空洞监听】无匹配已持续：10秒
2025-10-20 05:29:59 [TRACE] 【目标检测】屏幕内没有目标
2025-10-20 05:30:00 [TRACE] 【目标检测】TRAPPED！ 类型：interact 置信度：0.9330734014511108
2025-10-20 05:30:05 [TRACE] 【目标检测】TRAPPED！ 类型：interact 置信度：0.914830207824707
2025-10-20 05:30:06 [TRACE] 【空洞监听】无匹配已持续：0秒
2025-10-20 05:30:12 [TRACE] 【空洞监听】无匹配已持续：5秒
2025-10-20 05:30:12 [TRACE] 【目标检测】TRAPPED！ 类型：interact 置信度：0.9284363389015198
2025-10-20 05:30:17 [TRACE] 【空洞监听】无匹配已持续：11秒
2025-10-20 05:30:18 [TRACE] 【目标检测】TRAPPED！ 类型：interact 置信度：0.9169946908950806
2025-10-20 05:30:24 [TRACE] 【目标检测】屏幕内没有目标
2025-10-20 05:30:25 [TRACE] 【目标检测】屏幕内没有目标
2025-10-20 05:30:26 [TRACE] 【目标检测】屏幕内没有目标
2025-10-20 05:30:27 [TRACE] 【目标检测】屏幕内没有目标
2025-10-20 05:30:30 [TRACE] 【目标检测】TRAPPED！ 类型：blue_portal 置信度：0.8548389077186584
2025-10-20 05:30:32 [TRACE] 【状态】搜索模式：C:\Users\gelon\Desktop\ZA-Lite\assets/images/hollow\meter.png 置信度：0.9483342170715332
2025-10-20 05:30:35 [TRACE] 【目标检测】TRAPPED！ 类型：blue_portal 置信度：0.879719614982605
2025-10-20 05:30:40 [TRACE] 【空洞监听】无匹配已持续：0秒
2025-10-20 05:30:41 [TRACE] 【目标检测】屏幕内没有目标
2025-10-20 05:30:42 [TRACE] 【目标检测】屏幕内没有目标
2025-10-20 05:30:43 [TRACE] 【目标检测】屏幕内没有目标
2025-10-20 05:30:44 [TRACE] 【目标检测】屏幕内没有目标
2025-10-20 05:30:45 [TRACE] 【目标检测】屏幕内没有目标
2025-10-20 05:30:46 [TRACE] 【空洞监听】无匹配已持续：5秒
2025-10-20 05:30:48 [TRACE] 【目标检测】屏幕内没有目标
2025-10-20 05:30:48 [TRACE] 【状态】战斗模式：C:\Users\gelon\Desktop\ZA-Lite\assets/images/hollow\battle_2.png 置信度：0.9999999403953552
2025-10-20 05:30:48 [TRACE] 【目标检测】屏幕内没有目标
2025-10-20 05:30:49 [TRACE] 【状态】战斗模式：C:\Users\gelon\Desktop\ZA-Lite\assets/images/hollow\battle_3.png 置信度：0.9999997615814209
2025-10-20 05:30:52 [TRACE] 【状态】战斗模式：正在受到攻击
2025-10-20 05:30:58 [TRACE] 【空洞监听】无匹配已持续：0秒
2025-10-20 05:31:04 [TRACE] 【空洞监听】无匹配已持续：5秒
2025-10-20 05:31:10 [TRACE] 【状态】战斗模式：正在受到攻击
2025-10-20 05:31:17 [TRACE] 【状态】战斗模式：正在受到攻击
2025-10-20 05:31:17 [TRACE] 【状态】搜索模式：C:\Users\gelon\Desktop\ZA-Lite\assets/images/hollow\resonium.png 置信度：0.9999998807907104
2025-10-20 05:31:18 [TRACE] 【目标出现】C:\Users\gelon\Desktop\ZA-Lite\assets/images/hollow\resonium.png 置信度：1.0
2025-10-20 05:31:18 [TRACE] 【本轮的坐标】：(np.int64(1174), np.int64(461)) ------------
2025-10-20 05:31:18 [TRACE] 【已点击过的坐标】：[(-10, -10)]
2025-10-20 05:31:18 [TRACE] 【成功点击】
2025-10-20 05:31:18 [TRACE] 【目标检测】目标存在，但置信度不足
2025-10-20 05:31:18 [TRACE] 【本轮的坐标】：(np.int64(1581), np.int64(461)) ------------
2025-10-20 05:31:18 [TRACE] 【已点击过的坐标】：[(-10, -10), (np.int64(1174), np.int64(461))]
2025-10-20 05:31:18 [TRACE] 【成功点击】
2025-10-20 05:31:19 [TRACE] 【目标检测】目标存在，但置信度不足
2025-10-20 05:31:19 [TRACE] 【本轮的坐标】：(np.int64(1582), np.int64(461)) ------------
2025-10-20 05:31:19 [TRACE] 【已点击过的坐标】：[(-10, -10), (np.int64(1174), np.int64(461)), (np.int64(1581), np.int64(461))]
2025-10-20 05:31:19 [TRACE] 【坐标太近】视为重复
2025-10-20 05:31:19 [TRACE] 【没有通过的坐标】开始下一轮
2025-10-20 05:31:19 [TRACE] 【本轮的坐标】：(np.int64(1988), np.int64(461)) ------------
2025-10-20 05:31:19 [TRACE] 【已点击过的坐标】：[(-10, -10), (np.int64(1174), np.int64(461)), (np.int64(1581), np.int64(461))]
2025-10-20 05:31:19 [TRACE] 【成功点击】
2025-10-20 05:31:19 [TRACE] 【目标检测】目标存在，但置信度不足
2025-10-20 05:31:20 [TRACE] 【本轮的坐标】：(np.int64(1989), np.int64(461)) ------------
2025-10-20 05:31:20 [TRACE] 【已点击过的坐标】：[(-10, -10), (np.int64(1174), np.int64(461)), (np.int64(1581), np.int64(461)), (np.int64(1988), np.int64(461))]
2025-10-20 05:31:20 [TRACE] 【坐标太近】视为重复
2025-10-20 05:31:20 [TRACE] 【没有通过的坐标】开始下一轮
2025-10-20 05:31:20 [TRACE] 【本轮的坐标】：(np.int64(1173), np.int64(462)) ------------
2025-10-20 05:31:20 [TRACE] 【已点击过的坐标】：[(-10, -10), (np.int64(1174), np.int64(461)), (np.int64(1581), np.int64(461)), (np.int64(1988), np.int64(461))]
2025-10-20 05:31:20 [TRACE] 【坐标太近】视为重复
2025-10-20 05:31:20 [TRACE] 【没有通过的坐标】开始下一轮
2025-10-20 05:31:20 [TRACE] 【本轮的坐标】：(np.int64(1174), np.int64(462)) ------------
2025-10-20 05:31:20 [TRACE] 【已点击过的坐标】：[(-10, -10), (np.int64(1174), np.int64(461)), (np.int64(1581), np.int64(461)), (np.int64(1988), np.int64(461))]
2025-10-20 05:31:20 [TRACE] 【坐标太近】视为重复
2025-10-20 05:31:20 [TRACE] 【没有通过的坐标】开始下一轮
2025-10-20 05:31:20 [TRACE] 【本轮的坐标】：(np.int64(1175), np.int64(462)) ------------
2025-10-20 05:31:20 [TRACE] 【已点击过的坐标】：[(-10, -10), (np.int64(1174), np.int64(461)), (np.int64(1581), np.int64(461)), (np.int64(1988), np.int64(461))]
2025-10-20 05:31:20 [TRACE] 【坐标太近】视为重复
2025-10-20 05:31:20 [TRACE] 【没有通过的坐标】开始下一轮
2025-10-20 05:31:20 [TRACE] 【本轮的坐标】：(np.int64(1580), np.int64(462)) ------------
2025-10-20 05:31:20 [TRACE] 【已点击过的坐标】：[(-10, -10), (np.int64(1174), np.int64(461)), (np.int64(1581), np.int64(461)), (np.int64(1988), np.int64(461))]
2025-10-20 05:31:20 [TRACE] 【坐标太近】视为重复
2025-10-20 05:31:20 [TRACE] 【没有通过的坐标】开始下一轮
2025-10-20 05:31:20 [TRACE] 【本轮的坐标】：(np.int64(1581), np.int64(462)) ------------
2025-10-20 05:31:20 [TRACE] 【已点击过的坐标】：[(-10, -10), (np.int64(1174), np.int64(461)), (np.int64(1581), np.int64(461)), (np.int64(1988), np.int64(461))]
2025-10-20 05:31:20 [TRACE] 【坐标太近】视为重复
2025-10-20 05:31:20 [TRACE] 【没有通过的坐标】开始下一轮
2025-10-20 05:31:20 [TRACE] 【本轮的坐标】：(np.int64(1582), np.int64(462)) ------------
2025-10-20 05:31:20 [TRACE] 【已点击过的坐标】：[(-10, -10), (np.int64(1174), np.int64(461)), (np.int64(1581), np.int64(461)), (np.int64(1988), np.int64(461))]
2025-10-20 05:31:20 [TRACE] 【坐标太近】视为重复
2025-10-20 05:31:20 [TRACE] 【没有通过的坐标】开始下一轮
2025-10-20 05:31:20 [TRACE] 【本轮的坐标】：(np.int64(1987), np.int64(462)) ------------
2025-10-20 05:31:20 [TRACE] 【已点击过的坐标】：[(-10, -10), (np.int64(1174), np.int64(461)), (np.int64(1581), np.int64(461)), (np.int64(1988), np.int64(461))]
2025-10-20 05:31:20 [TRACE] 【坐标太近】视为重复
2025-10-20 05:31:20 [TRACE] 【没有通过的坐标】开始下一轮
2025-10-20 05:31:20 [TRACE] 【本轮的坐标】：(np.int64(1988), np.int64(462)) ------------
2025-10-20 05:31:20 [TRACE] 【已点击过的坐标】：[(-10, -10), (np.int64(1174), np.int64(461)), (np.int64(1581), np.int64(461)), (np.int64(1988), np.int64(461))]
2025-10-20 05:31:20 [TRACE] 【坐标太近】视为重复
2025-10-20 05:31:20 [TRACE] 【没有通过的坐标】开始下一轮
2025-10-20 05:31:20 [TRACE] 【本轮的坐标】：(np.int64(1989), np.int64(462)) ------------
2025-10-20 05:31:20 [TRACE] 【已点击过的坐标】：[(-10, -10), (np.int64(1174), np.int64(461)), (np.int64(1581), np.int64(461)), (np.int64(1988), np.int64(461))]
2025-10-20 05:31:20 [TRACE] 【坐标太近】视为重复
2025-10-20 05:31:20 [TRACE] 【没有通过的坐标】开始下一轮
2025-10-20 05:31:20 [TRACE] 【本轮的坐标】：(np.int64(1990), np.int64(462)) ------------
2025-10-20 05:31:20 [TRACE] 【已点击过的坐标】：[(-10, -10), (np.int64(1174), np.int64(461)), (np.int64(1581), np.int64(461)), (np.int64(1988), np.int64(461))]
2025-10-20 05:31:20 [TRACE] 【坐标太近】视为重复
2025-10-20 05:31:20 [TRACE] 【没有通过的坐标】开始下一轮
2025-10-20 05:31:20 [TRACE] 【本轮的坐标】：(np.int64(1174), np.int64(463)) ------------
2025-10-20 05:31:20 [TRACE] 【已点击过的坐标】：[(-10, -10), (np.int64(1174), np.int64(461)), (np.int64(1581), np.int64(461)), (np.int64(1988), np.int64(461))]
2025-10-20 05:31:20 [TRACE] 【坐标太近】视为重复
2025-10-20 05:31:20 [TRACE] 【没有通过的坐标】开始下一轮
2025-10-20 05:31:20 [TRACE] 【本轮的坐标】：(np.int64(1581), np.int64(463)) ------------
2025-10-20 05:31:20 [TRACE] 【已点击过的坐标】：[(-10, -10), (np.int64(1174), np.int64(461)), (np.int64(1581), np.int64(461)), (np.int64(1988), np.int64(461))]
2025-10-20 05:31:20 [TRACE] 【坐标太近】视为重复
2025-10-20 05:31:20 [TRACE] 【没有通过的坐标】开始下一轮
2025-10-20 05:31:20 [TRACE] 【本轮的坐标】：(np.int64(1988), np.int64(463)) ------------
2025-10-20 05:31:20 [TRACE] 【已点击过的坐标】：[(-10, -10), (np.int64(1174), np.int64(461)), (np.int64(1581), np.int64(461)), (np.int64(1988), np.int64(461))]
2025-10-20 05:31:20 [TRACE] 【坐标太近】视为重复
2025-10-20 05:31:20 [TRACE] 【没有通过的坐标】开始下一轮
2025-10-20 05:31:20 [TRACE] 【完成所有点击】有效次数：3
2025-10-20 05:31:20 [TRACE] 【目标检测】屏幕内没有目标
2025-10-20 05:31:21 [TRACE] 【目标检测】屏幕内没有目标
2025-10-20 05:31:22 [TRACE] 【目标检测】屏幕内没有目标
2025-10-20 05:31:24 [TRACE] 【目标检测】屏幕内没有目标
2025-10-20 05:31:25 [TRACE] 【目标检测】屏幕内没有目标
2025-10-20 05:31:26 [TRACE] 【目标检测】屏幕内没有目标
2025-10-20 05:31:26 [TRACE] 【状态】搜索模式：C:\Users\gelon\Desktop\ZA-Lite\assets/images/hollow\next_area.png 置信度：0.9999997615814209
2025-10-20 05:31:29 [TRACE] 【目标检测】目标存在，但置信度不足
2025-10-20 05:31:30 [TRACE] 【目标检测】目标存在，但置信度不足
2025-10-20 05:31:33 [TRACE] 【目标检测】TRAPPED！ 类型：guide_point 置信度：0.6465229988098145
2025-10-20 05:31:35 [TRACE] 【状态】搜索模式：C:\Users\gelon\Desktop\ZA-Lite\assets/images/hollow\meter.png 置信度：0.958869218826294
2025-10-20 05:31:40 [TRACE] 【目标检测】屏幕内没有目标
2025-10-20 05:31:40 [TRACE] 【目标检测】屏幕内没有目标
2025-10-20 05:31:41 [TRACE] 【目标检测】屏幕内没有目标
2025-10-20 05:31:42 [TRACE] 【空洞监听】无匹配已持续：0秒
2025-10-20 05:31:42 [TRACE] 【目标检测】屏幕内没有目标
2025-10-20 05:31:44 [TRACE] 【目标检测】屏幕内没有目标
2025-10-20 05:31:46 [TRACE] 【目标检测】屏幕内没有目标
2025-10-20 05:31:47 [TRACE] 【目标检测】屏幕内没有目标
2025-10-20 05:31:48 [TRACE] 【目标检测】屏幕内没有目标
2025-10-20 05:31:48 [TRACE] 【空洞监听】无匹配已持续：6秒
2025-10-20 05:31:49 [TRACE] 【目标检测】屏幕内没有目标
2025-10-20 05:31:50 [TRACE] 【目标检测】屏幕内没有目标
2025-10-20 05:31:52 [TRACE] 【目标检测】屏幕内没有目标
2025-10-20 05:31:53 [TRACE] 【目标检测】屏幕内没有目标
2025-10-20 05:31:54 [TRACE] 【空洞监听】无匹配已持续：11秒
2025-10-20 05:31:54 [TRACE] 【目标检测】屏幕内没有目标
2025-10-20 05:31:55 [TRACE] 【目标检测】屏幕内没有目标
2025-10-20 05:31:56 [TRACE] 【目标检测】屏幕内没有目标
2025-10-20 05:31:59 [TRACE] 【目标检测】屏幕内没有目标
2025-10-20 05:31:59 [TRACE] 【空洞监听】无匹配已持续：17秒
2025-10-20 05:32:00 [TRACE] 【目标检测】屏幕内没有目标
2025-10-20 05:32:01 [TRACE] 【目标检测】屏幕内没有目标
2025-10-20 05:32:02 [TRACE] 【目标检测】屏幕内没有目标
2025-10-20 05:32:03 [TRACE] 【目标检测】屏幕内没有目标
2025-10-20 05:32:05 [TRACE] 【空洞监听】无匹配已持续：22秒
2025-10-20 05:32:05 [TRACE] 【目标检测】屏幕内没有目标
2025-10-20 05:32:06 [TRACE] 【目标检测】屏幕内没有目标
2025-10-20 05:32:07 [TRACE] 【目标检测】屏幕内没有目标
2025-10-20 05:32:08 [TRACE] 【目标检测】屏幕内没有目标
2025-10-20 05:32:09 [TRACE] 【目标检测】屏幕内没有目标
2025-10-20 05:32:10 [TRACE] 【空洞监听】无匹配已持续：28秒
2025-10-20 05:32:11 [TRACE] 【目标检测】屏幕内没有目标
2025-10-20 05:32:12 [TRACE] 【目标检测】屏幕内没有目标
2025-10-20 05:32:13 [TRACE] 【目标检测】屏幕内没有目标
2025-10-20 05:32:14 [TRACE] 【目标检测】屏幕内没有目标
2025-10-20 05:32:15 [TRACE] 【目标检测】屏幕内没有目标
2025-10-20 05:32:16 [TRACE] 【空洞监听】无匹配已持续：33秒
2025-10-20 05:32:18 [TRACE] 【目标检测】屏幕内没有目标
2025-10-20 05:32:18 [TRACE] 【目标检测】屏幕内没有目标
2025-10-20 05:32:19 [TRACE] 【目标检测】屏幕内没有目标
2025-10-20 05:32:21 [TRACE] 【目标检测】屏幕内没有目标
2025-10-20 05:32:21 [TRACE] 【空洞监听】无匹配已持续：39秒
2025-10-20 05:32:22 [TRACE] 【目标检测】屏幕内没有目标
2025-10-20 05:32:25 [TRACE] 【目标检测】屏幕内没有目标
2025-10-20 05:32:25 [TRACE] 【目标检测】屏幕内没有目标
2025-10-20 05:32:26 [TRACE] 【目标检测】屏幕内没有目标
2025-10-20 05:32:27 [TRACE] 【空洞监听】无匹配已持续：45秒
2025-10-20 05:32:27 [TRACE] 【目标检测】屏幕内没有目标
2025-10-20 05:32:28 [TRACE] 【目标检测】屏幕内没有目标
2025-10-20 05:32:30 [TRACE] 【目标检测】屏幕内没有目标
2025-10-20 05:32:32 [TRACE] 【目标检测】屏幕内没有目标
2025-10-20 05:32:32 [TRACE] 【空洞监听】无匹配已持续：50秒
2025-10-20 05:32:33 [TRACE] 【目标检测】屏幕内没有目标
2025-10-20 05:32:34 [TRACE] 【目标检测】屏幕内没有目标
2025-10-20 05:32:35 [TRACE] 【目标检测】屏幕内没有目标
2025-10-20 05:32:37 [TRACE] 【目标检测】屏幕内没有目标
2025-10-20 05:32:38 [TRACE] 【空洞监听】无匹配已持续：55秒
2025-10-20 05:32:38 [TRACE] 【目标检测】屏幕内没有目标
2025-10-20 05:32:40 [TRACE] 【目标检测】屏幕内没有目标
2025-10-20 05:32:40 [TRACE] 【目标检测】屏幕内没有目标
2025-10-20 05:32:42 [TRACE] 【目标检测】屏幕内没有目标
2025-10-20 05:32:43 [TRACE] 【空洞监听】无匹配已持续：61秒
2025-10-20 05:32:43 [TRACE] 【空洞监听】即将超时，重启搜索线程
2025-10-20 05:32:44 [TRACE] 【目标检测】屏幕内没有目标
2025-10-20 05:32:45 [TRACE] 【目标检测】屏幕内没有目标
2025-10-20 05:32:46 [TRACE] 【目标检测】屏幕内没有目标
2025-10-20 05:32:46 [TRACE] 【状态】战斗模式：C:\Users\gelon\Desktop\ZA-Lite\assets/images/hollow\battle_5.png 置信度：0.9882175326347351
2025-10-20 05:32:47 [TRACE] 【目标检测】屏幕内没有目标
2025-10-20 05:32:56 [TRACE] 【状态】搜索模式：C:\Users\gelon\Desktop\ZA-Lite\assets/images/hollow\resonium.png 置信度：1.0
2025-10-20 05:32:56 [TRACE] 【目标出现】C:\Users\gelon\Desktop\ZA-Lite\assets/images/hollow\resonium.png 置信度：0.9999998807907104
2025-10-20 05:32:56 [TRACE] 【本轮的坐标】：(np.int64(1174), np.int64(461)) ------------
2025-10-20 05:32:56 [TRACE] 【已点击过的坐标】：[(-10, -10)]
2025-10-20 05:32:56 [TRACE] 【成功点击】
2025-10-20 05:32:56 [TRACE] 【目标检测】目标存在，但置信度不足
2025-10-20 05:32:57 [TRACE] 【本轮的坐标】：(np.int64(1581), np.int64(461)) ------------
2025-10-20 05:32:57 [TRACE] 【已点击过的坐标】：[(-10, -10), (np.int64(1174), np.int64(461))]
2025-10-20 05:32:57 [TRACE] 【成功点击】
2025-10-20 05:32:57 [TRACE] 【目标检测】目标存在，但置信度不足
2025-10-20 05:32:58 [TRACE] 【本轮的坐标】：(np.int64(1582), np.int64(461)) ------------
2025-10-20 05:32:58 [TRACE] 【已点击过的坐标】：[(-10, -10), (np.int64(1174), np.int64(461)), (np.int64(1581), np.int64(461))]
2025-10-20 05:32:58 [TRACE] 【坐标太近】视为重复
2025-10-20 05:32:58 [TRACE] 【没有通过的坐标】开始下一轮
2025-10-20 05:32:58 [TRACE] 【本轮的坐标】：(np.int64(1988), np.int64(461)) ------------
2025-10-20 05:32:58 [TRACE] 【已点击过的坐标】：[(-10, -10), (np.int64(1174), np.int64(461)), (np.int64(1581), np.int64(461))]
2025-10-20 05:32:58 [TRACE] 【成功点击】
2025-10-20 05:32:58 [TRACE] 【目标检测】屏幕内没有目标
2025-10-20 05:32:58 [TRACE] 【本轮的坐标】：(np.int64(1989), np.int64(461)) ------------
2025-10-20 05:32:58 [TRACE] 【已点击过的坐标】：[(-10, -10), (np.int64(1174), np.int64(461)), (np.int64(1581), np.int64(461)), (np.int64(1988), np.int64(461))]
2025-10-20 05:32:58 [TRACE] 【坐标太近】视为重复
2025-10-20 05:32:58 [TRACE] 【没有通过的坐标】开始下一轮
2025-10-20 05:32:58 [TRACE] 【本轮的坐标】：(np.int64(1173), np.int64(462)) ------------
2025-10-20 05:32:58 [TRACE] 【已点击过的坐标】：[(-10, -10), (np.int64(1174), np.int64(461)), (np.int64(1581), np.int64(461)), (np.int64(1988), np.int64(461))]
2025-10-20 05:32:58 [TRACE] 【坐标太近】视为重复
2025-10-20 05:32:58 [TRACE] 【没有通过的坐标】开始下一轮
2025-10-20 05:32:58 [TRACE] 【本轮的坐标】：(np.int64(1174), np.int64(462)) ------------
2025-10-20 05:32:58 [TRACE] 【已点击过的坐标】：[(-10, -10), (np.int64(1174), np.int64(461)), (np.int64(1581), np.int64(461)), (np.int64(1988), np.int64(461))]
2025-10-20 05:32:58 [TRACE] 【坐标太近】视为重复
2025-10-20 05:32:58 [TRACE] 【没有通过的坐标】开始下一轮
2025-10-20 05:32:58 [TRACE] 【本轮的坐标】：(np.int64(1175), np.int64(462)) ------------
2025-10-20 05:32:58 [TRACE] 【已点击过的坐标】：[(-10, -10), (np.int64(1174), np.int64(461)), (np.int64(1581), np.int64(461)), (np.int64(1988), np.int64(461))]
2025-10-20 05:32:58 [TRACE] 【坐标太近】视为重复
2025-10-20 05:32:58 [TRACE] 【没有通过的坐标】开始下一轮
2025-10-20 05:32:58 [TRACE] 【本轮的坐标】：(np.int64(1580), np.int64(462)) ------------
2025-10-20 05:32:58 [TRACE] 【已点击过的坐标】：[(-10, -10), (np.int64(1174), np.int64(461)), (np.int64(1581), np.int64(461)), (np.int64(1988), np.int64(461))]
2025-10-20 05:32:58 [TRACE] 【坐标太近】视为重复
2025-10-20 05:32:58 [TRACE] 【没有通过的坐标】开始下一轮
2025-10-20 05:32:58 [TRACE] 【本轮的坐标】：(np.int64(1581), np.int64(462)) ------------
2025-10-20 05:32:58 [TRACE] 【已点击过的坐标】：[(-10, -10), (np.int64(1174), np.int64(461)), (np.int64(1581), np.int64(461)), (np.int64(1988), np.int64(461))]
2025-10-20 05:32:58 [TRACE] 【坐标太近】视为重复
2025-10-20 05:32:58 [TRACE] 【没有通过的坐标】开始下一轮
2025-10-20 05:32:58 [TRACE] 【本轮的坐标】：(np.int64(1582), np.int64(462)) ------------
2025-10-20 05:32:58 [TRACE] 【已点击过的坐标】：[(-10, -10), (np.int64(1174), np.int64(461)), (np.int64(1581), np.int64(461)), (np.int64(1988), np.int64(461))]
2025-10-20 05:32:58 [TRACE] 【坐标太近】视为重复
2025-10-20 05:32:58 [TRACE] 【没有通过的坐标】开始下一轮
2025-10-20 05:32:58 [TRACE] 【本轮的坐标】：(np.int64(1987), np.int64(462)) ------------
2025-10-20 05:32:58 [TRACE] 【已点击过的坐标】：[(-10, -10), (np.int64(1174), np.int64(461)), (np.int64(1581), np.int64(461)), (np.int64(1988), np.int64(461))]
2025-10-20 05:32:58 [TRACE] 【坐标太近】视为重复
2025-10-20 05:32:58 [TRACE] 【没有通过的坐标】开始下一轮
2025-10-20 05:32:58 [TRACE] 【本轮的坐标】：(np.int64(1988), np.int64(462)) ------------
2025-10-20 05:32:58 [TRACE] 【已点击过的坐标】：[(-10, -10), (np.int64(1174), np.int64(461)), (np.int64(1581), np.int64(461)), (np.int64(1988), np.int64(461))]
2025-10-20 05:32:58 [TRACE] 【坐标太近】视为重复
2025-10-20 05:32:58 [TRACE] 【没有通过的坐标】开始下一轮
2025-10-20 05:32:58 [TRACE] 【本轮的坐标】：(np.int64(1989), np.int64(462)) ------------
2025-10-20 05:32:58 [TRACE] 【已点击过的坐标】：[(-10, -10), (np.int64(1174), np.int64(461)), (np.int64(1581), np.int64(461)), (np.int64(1988), np.int64(461))]
2025-10-20 05:32:58 [TRACE] 【坐标太近】视为重复
2025-10-20 05:32:58 [TRACE] 【没有通过的坐标】开始下一轮
2025-10-20 05:32:58 [TRACE] 【本轮的坐标】：(np.int64(1990), np.int64(462)) ------------
2025-10-20 05:32:58 [TRACE] 【已点击过的坐标】：[(-10, -10), (np.int64(1174), np.int64(461)), (np.int64(1581), np.int64(461)), (np.int64(1988), np.int64(461))]
2025-10-20 05:32:58 [TRACE] 【坐标太近】视为重复
2025-10-20 05:32:58 [TRACE] 【没有通过的坐标】开始下一轮
2025-10-20 05:32:58 [TRACE] 【本轮的坐标】：(np.int64(1174), np.int64(463)) ------------
2025-10-20 05:32:58 [TRACE] 【已点击过的坐标】：[(-10, -10), (np.int64(1174), np.int64(461)), (np.int64(1581), np.int64(461)), (np.int64(1988), np.int64(461))]
2025-10-20 05:32:58 [TRACE] 【坐标太近】视为重复
2025-10-20 05:32:58 [TRACE] 【没有通过的坐标】开始下一轮
2025-10-20 05:32:58 [TRACE] 【本轮的坐标】：(np.int64(1581), np.int64(463)) ------------
2025-10-20 05:32:58 [TRACE] 【已点击过的坐标】：[(-10, -10), (np.int64(1174), np.int64(461)), (np.int64(1581), np.int64(461)), (np.int64(1988), np.int64(461))]
2025-10-20 05:32:58 [TRACE] 【坐标太近】视为重复
2025-10-20 05:32:58 [TRACE] 【没有通过的坐标】开始下一轮
2025-10-20 05:32:58 [TRACE] 【本轮的坐标】：(np.int64(1988), np.int64(463)) ------------
2025-10-20 05:32:58 [TRACE] 【已点击过的坐标】：[(-10, -10), (np.int64(1174), np.int64(461)), (np.int64(1581), np.int64(461)), (np.int64(1988), np.int64(461))]
2025-10-20 05:32:58 [TRACE] 【坐标太近】视为重复
2025-10-20 05:32:58 [TRACE] 【没有通过的坐标】开始下一轮
2025-10-20 05:32:58 [TRACE] 【完成所有点击】有效次数：3
2025-10-20 05:33:00 [TRACE] 【目标检测】屏幕内没有目标
2025-10-20 05:33:01 [TRACE] 【目标检测】屏幕内没有目标
2025-10-20 05:33:01 [TRACE] 【目标检测】目标存在，但置信度不足
2025-10-20 05:33:02 [TRACE] 【目标检测】屏幕内没有目标
2025-10-20 05:33:05 [TRACE] 【状态】搜索模式：C:\Users\gelon\Desktop\ZA-Lite\assets/images/hollow\next_area.png 置信度：0.999999463558197
2025-10-20 05:33:05 [TRACE] 【目标检测】微调超时，无法对齐！
2025-10-20 05:33:09 [TRACE] 【目标检测】TRAPPED！ 类型：guide_point 置信度：0.950593888759613
2025-10-20 05:33:15 [TRACE] 【空洞监听】无匹配已持续：0秒
2025-10-20 05:33:16 [TRACE] 【目标检测】屏幕内没有目标
2025-10-20 05:33:17 [TRACE] 【目标检测】屏幕内没有目标
2025-10-20 05:33:18 [TRACE] 【目标检测】屏幕内没有目标
2025-10-20 05:33:19 [TRACE] 【目标检测】屏幕内没有目标
2025-10-20 05:33:20 [TRACE] 【目标检测】屏幕内没有目标
2025-10-20 05:33:20 [TRACE] 【空洞监听】无匹配已持续：5秒
2025-10-20 05:33:22 [TRACE] 【目标检测】屏幕内没有目标
2025-10-20 05:33:23 [TRACE] 【目标检测】屏幕内没有目标
2025-10-20 05:33:23 [TRACE] 【状态】战斗模式：C:\Users\gelon\Desktop\ZA-Lite\assets/images/hollow\battle_5.png 置信度：0.9558231830596924
2025-10-20 05:33:26 [TRACE] 【状态】战斗模式：正在受到攻击
2025-10-20 05:33:30 [TRACE] 【状态】战斗模式：C:\Users\gelon\Desktop\ZA-Lite\assets/images/hollow\battle_5.png 置信度：0.9567283391952515
2025-10-20 05:33:39 [TRACE] 【状态】战斗模式：正在受到攻击
2025-10-20 05:33:42 [TRACE] 【状态】战斗模式：C:\Users\gelon\Desktop\ZA-Lite\assets/images/hollow\battle_5.png 置信度：0.9851272106170654
2025-10-20 05:33:49 [TRACE] 【状态】战斗模式：C:\Users\gelon\Desktop\ZA-Lite\assets/images/hollow\battle_5.png 置信度：0.9801274538040161
2025-10-20 05:33:51 [TRACE] 【状态】战斗模式：正在受到攻击
2025-10-20 05:33:55 [TRACE] 【状态】战斗模式：C:\Users\gelon\Desktop\ZA-Lite\assets/images/hollow\battle_5.png 置信度：0.9748927354812622
2025-10-20 05:34:01 [TRACE] 【状态】战斗模式：C:\Users\gelon\Desktop\ZA-Lite\assets/images/hollow\battle_3.png 置信度：0.9999997615814209
2025-10-20 05:34:02 [TRACE] 【状态】战斗模式：C:\Users\gelon\Desktop\ZA-Lite\assets/images/hollow\battle_5.png 置信度：0.9671257138252258
2025-10-20 05:34:08 [TRACE] 【状态】战斗模式：C:\Users\gelon\Desktop\ZA-Lite\assets/images/hollow\battle_5.png 置信度：0.9964635968208313
2025-10-20 05:34:15 [TRACE] 【状态】战斗模式：C:\Users\gelon\Desktop\ZA-Lite\assets/images/hollow\battle_5.png 置信度：0.9662915468215942
2025-10-20 05:34:21 [TRACE] 【状态】战斗模式：C:\Users\gelon\Desktop\ZA-Lite\assets/images/hollow\battle_5.png 置信度：0.9819661974906921
2025-10-20 05:34:28 [TRACE] 【状态】战斗模式：C:\Users\gelon\Desktop\ZA-Lite\assets/images/hollow\battle_5.png 置信度：0.9857995510101318
2025-10-20 05:34:38 [TRACE] 【空洞监听】无匹配已持续：0秒
2025-10-20 05:34:44 [TRACE] 【空洞监听】无匹配已持续：6秒
2025-10-20 05:34:44 [TRACE] 【状态】搜索模式：C:\Users\gelon\Desktop\ZA-Lite\assets/images/hollow\resonium.png 置信度：0.9999998807907104
2025-10-20 05:34:45 [TRACE] 【目标出现】C:\Users\gelon\Desktop\ZA-Lite\assets/images/hollow\resonium.png 置信度：0.9999998807907104
2025-10-20 05:34:45 [TRACE] 【本轮的坐标】：(np.int64(1174), np.int64(461)) ------------
2025-10-20 05:34:45 [TRACE] 【已点击过的坐标】：[(-10, -10)]
2025-10-20 05:34:45 [TRACE] 【成功点击】
2025-10-20 05:34:45 [TRACE] 【目标检测】屏幕内没有目标
2025-10-20 05:34:45 [TRACE] 【本轮的坐标】：(np.int64(1581), np.int64(461)) ------------
2025-10-20 05:34:45 [TRACE] 【已点击过的坐标】：[(-10, -10), (np.int64(1174), np.int64(461))]
2025-10-20 05:34:45 [TRACE] 【成功点击】
2025-10-20 05:34:45 [TRACE] 【目标检测】屏幕内没有目标
2025-10-20 05:34:46 [TRACE] 【本轮的坐标】：(np.int64(1582), np.int64(461)) ------------
2025-10-20 05:34:46 [TRACE] 【已点击过的坐标】：[(-10, -10), (np.int64(1174), np.int64(461)), (np.int64(1581), np.int64(461))]
2025-10-20 05:34:46 [TRACE] 【坐标太近】视为重复
2025-10-20 05:34:46 [TRACE] 【没有通过的坐标】开始下一轮
2025-10-20 05:34:46 [TRACE] 【本轮的坐标】：(np.int64(1988), np.int64(461)) ------------
2025-10-20 05:34:46 [TRACE] 【已点击过的坐标】：[(-10, -10), (np.int64(1174), np.int64(461)), (np.int64(1581), np.int64(461))]
2025-10-20 05:34:46 [TRACE] 【成功点击】
2025-10-20 05:34:46 [TRACE] 【目标检测】屏幕内没有目标
2025-10-20 05:34:47 [TRACE] 【本轮的坐标】：(np.int64(1989), np.int64(461)) ------------
2025-10-20 05:34:47 [TRACE] 【已点击过的坐标】：[(-10, -10), (np.int64(1174), np.int64(461)), (np.int64(1581), np.int64(461)), (np.int64(1988), np.int64(461))]
2025-10-20 05:34:47 [TRACE] 【坐标太近】视为重复
2025-10-20 05:34:47 [TRACE] 【没有通过的坐标】开始下一轮
2025-10-20 05:34:47 [TRACE] 【本轮的坐标】：(np.int64(1173), np.int64(462)) ------------
2025-10-20 05:34:47 [TRACE] 【已点击过的坐标】：[(-10, -10), (np.int64(1174), np.int64(461)), (np.int64(1581), np.int64(461)), (np.int64(1988), np.int64(461))]
2025-10-20 05:34:47 [TRACE] 【坐标太近】视为重复
2025-10-20 05:34:47 [TRACE] 【没有通过的坐标】开始下一轮
2025-10-20 05:34:47 [TRACE] 【本轮的坐标】：(np.int64(1174), np.int64(462)) ------------
2025-10-20 05:34:47 [TRACE] 【已点击过的坐标】：[(-10, -10), (np.int64(1174), np.int64(461)), (np.int64(1581), np.int64(461)), (np.int64(1988), np.int64(461))]
2025-10-20 05:34:47 [TRACE] 【坐标太近】视为重复
2025-10-20 05:34:47 [TRACE] 【没有通过的坐标】开始下一轮
2025-10-20 05:34:47 [TRACE] 【本轮的坐标】：(np.int64(1175), np.int64(462)) ------------
2025-10-20 05:34:47 [TRACE] 【已点击过的坐标】：[(-10, -10), (np.int64(1174), np.int64(461)), (np.int64(1581), np.int64(461)), (np.int64(1988), np.int64(461))]
2025-10-20 05:34:47 [TRACE] 【坐标太近】视为重复
2025-10-20 05:34:47 [TRACE] 【没有通过的坐标】开始下一轮
2025-10-20 05:34:47 [TRACE] 【本轮的坐标】：(np.int64(1580), np.int64(462)) ------------
2025-10-20 05:34:47 [TRACE] 【已点击过的坐标】：[(-10, -10), (np.int64(1174), np.int64(461)), (np.int64(1581), np.int64(461)), (np.int64(1988), np.int64(461))]
2025-10-20 05:34:47 [TRACE] 【坐标太近】视为重复
2025-10-20 05:34:47 [TRACE] 【没有通过的坐标】开始下一轮
2025-10-20 05:34:47 [TRACE] 【本轮的坐标】：(np.int64(1581), np.int64(462)) ------------
2025-10-20 05:34:47 [TRACE] 【已点击过的坐标】：[(-10, -10), (np.int64(1174), np.int64(461)), (np.int64(1581), np.int64(461)), (np.int64(1988), np.int64(461))]
2025-10-20 05:34:47 [TRACE] 【坐标太近】视为重复
2025-10-20 05:34:47 [TRACE] 【没有通过的坐标】开始下一轮
2025-10-20 05:34:47 [TRACE] 【本轮的坐标】：(np.int64(1582), np.int64(462)) ------------
2025-10-20 05:34:47 [TRACE] 【已点击过的坐标】：[(-10, -10), (np.int64(1174), np.int64(461)), (np.int64(1581), np.int64(461)), (np.int64(1988), np.int64(461))]
2025-10-20 05:34:47 [TRACE] 【坐标太近】视为重复
2025-10-20 05:34:47 [TRACE] 【没有通过的坐标】开始下一轮
2025-10-20 05:34:47 [TRACE] 【本轮的坐标】：(np.int64(1987), np.int64(462)) ------------
2025-10-20 05:34:47 [TRACE] 【已点击过的坐标】：[(-10, -10), (np.int64(1174), np.int64(461)), (np.int64(1581), np.int64(461)), (np.int64(1988), np.int64(461))]
2025-10-20 05:34:47 [TRACE] 【坐标太近】视为重复
2025-10-20 05:34:47 [TRACE] 【没有通过的坐标】开始下一轮
2025-10-20 05:34:47 [TRACE] 【本轮的坐标】：(np.int64(1988), np.int64(462)) ------------
2025-10-20 05:34:47 [TRACE] 【已点击过的坐标】：[(-10, -10), (np.int64(1174), np.int64(461)), (np.int64(1581), np.int64(461)), (np.int64(1988), np.int64(461))]
2025-10-20 05:34:47 [TRACE] 【坐标太近】视为重复
2025-10-20 05:34:47 [TRACE] 【没有通过的坐标】开始下一轮
2025-10-20 05:34:47 [TRACE] 【本轮的坐标】：(np.int64(1989), np.int64(462)) ------------
2025-10-20 05:34:47 [TRACE] 【已点击过的坐标】：[(-10, -10), (np.int64(1174), np.int64(461)), (np.int64(1581), np.int64(461)), (np.int64(1988), np.int64(461))]
2025-10-20 05:34:47 [TRACE] 【坐标太近】视为重复
2025-10-20 05:34:47 [TRACE] 【没有通过的坐标】开始下一轮
2025-10-20 05:34:47 [TRACE] 【本轮的坐标】：(np.int64(1990), np.int64(462)) ------------
2025-10-20 05:34:47 [TRACE] 【已点击过的坐标】：[(-10, -10), (np.int64(1174), np.int64(461)), (np.int64(1581), np.int64(461)), (np.int64(1988), np.int64(461))]
2025-10-20 05:34:47 [TRACE] 【坐标太近】视为重复
2025-10-20 05:34:47 [TRACE] 【没有通过的坐标】开始下一轮
2025-10-20 05:34:47 [TRACE] 【本轮的坐标】：(np.int64(1174), np.int64(463)) ------------
2025-10-20 05:34:47 [TRACE] 【已点击过的坐标】：[(-10, -10), (np.int64(1174), np.int64(461)), (np.int64(1581), np.int64(461)), (np.int64(1988), np.int64(461))]
2025-10-20 05:34:47 [TRACE] 【坐标太近】视为重复
2025-10-20 05:34:47 [TRACE] 【没有通过的坐标】开始下一轮
2025-10-20 05:34:47 [TRACE] 【本轮的坐标】：(np.int64(1581), np.int64(463)) ------------
2025-10-20 05:34:47 [TRACE] 【已点击过的坐标】：[(-10, -10), (np.int64(1174), np.int64(461)), (np.int64(1581), np.int64(461)), (np.int64(1988), np.int64(461))]
2025-10-20 05:34:47 [TRACE] 【坐标太近】视为重复
2025-10-20 05:34:47 [TRACE] 【没有通过的坐标】开始下一轮
2025-10-20 05:34:47 [TRACE] 【本轮的坐标】：(np.int64(1988), np.int64(463)) ------------
2025-10-20 05:34:47 [TRACE] 【已点击过的坐标】：[(-10, -10), (np.int64(1174), np.int64(461)), (np.int64(1581), np.int64(461)), (np.int64(1988), np.int64(461))]
2025-10-20 05:34:47 [TRACE] 【坐标太近】视为重复
2025-10-20 05:34:47 [TRACE] 【没有通过的坐标】开始下一轮
2025-10-20 05:34:47 [TRACE] 【完成所有点击】有效次数：3
2025-10-20 05:34:48 [TRACE] 【目标检测】屏幕内没有目标
2025-10-20 05:34:49 [TRACE] 【目标检测】屏幕内没有目标
2025-10-20 05:34:50 [TRACE] 【目标检测】屏幕内没有目标
2025-10-20 05:34:51 [TRACE] 【目标检测】屏幕内没有目标
2025-10-20 05:34:52 [TRACE] 【目标检测】屏幕内没有目标
2025-10-20 05:34:53 [TRACE] 【状态】搜索模式：C:\Users\gelon\Desktop\ZA-Lite\assets/images/hollow\next_area.png 置信度：0.9999996423721313
2025-10-20 05:34:54 [TRACE] 【目标检测】屏幕内没有目标
2025-10-20 05:34:55 [TRACE] 【目标检测】屏幕内没有目标
2025-10-20 05:34:56 [TRACE] 【目标检测】屏幕内没有目标
2025-10-20 05:34:57 [TRACE] 【目标检测】屏幕内没有目标
2025-10-20 05:34:58 [TRACE] 【目标检测】屏幕内没有目标
2025-10-20 05:35:00 [TRACE] 【目标检测】屏幕内没有目标
2025-10-20 05:35:02 [TRACE] 【目标检测】屏幕内没有目标
2025-10-20 05:35:04 [TRACE] 【空洞监听】无匹配已持续：0秒
2025-10-20 05:35:05 [TRACE] 【目标检测】TRAPPED！ 类型：blue_portal 置信度：0.942059338092804
2025-10-20 05:35:09 [TRACE] 【空洞监听】无匹配已持续：5秒
2025-10-20 05:35:14 [TRACE] 【空洞监听】无匹配已持续：10秒
2025-10-20 05:35:14 [TRACE] 【目标检测】TRAPPED！ 类型：interact 置信度：0.8976677060127258
2025-10-20 05:35:20 [TRACE] 【状态】搜索模式：C:\Users\gelon\Desktop\ZA-Lite\assets/images/hollow\resonium.png 置信度：1.0
2025-10-20 05:35:20 [TRACE] 【目标出现】C:\Users\gelon\Desktop\ZA-Lite\assets/images/hollow\resonium.png 置信度：0.9999998807907104
2025-10-20 05:35:20 [TRACE] 【本轮的坐标】：(np.int64(1174), np.int64(461)) ------------
2025-10-20 05:35:20 [TRACE] 【已点击过的坐标】：[(-10, -10)]
2025-10-20 05:35:20 [TRACE] 【成功点击】
2025-10-20 05:35:20 [TRACE] 【目标检测】屏幕内没有目标
2025-10-20 05:35:21 [TRACE] 【本轮的坐标】：(np.int64(1581), np.int64(461)) ------------
2025-10-20 05:35:21 [TRACE] 【已点击过的坐标】：[(-10, -10), (np.int64(1174), np.int64(461))]
2025-10-20 05:35:21 [TRACE] 【成功点击】
2025-10-20 05:35:21 [TRACE] 【目标检测】屏幕内没有目标
2025-10-20 05:35:21 [TRACE] 【本轮的坐标】：(np.int64(1582), np.int64(461)) ------------
2025-10-20 05:35:21 [TRACE] 【已点击过的坐标】：[(-10, -10), (np.int64(1174), np.int64(461)), (np.int64(1581), np.int64(461))]
2025-10-20 05:35:21 [TRACE] 【坐标太近】视为重复
2025-10-20 05:35:21 [TRACE] 【没有通过的坐标】开始下一轮
2025-10-20 05:35:21 [TRACE] 【本轮的坐标】：(np.int64(1988), np.int64(461)) ------------
2025-10-20 05:35:21 [TRACE] 【已点击过的坐标】：[(-10, -10), (np.int64(1174), np.int64(461)), (np.int64(1581), np.int64(461))]
2025-10-20 05:35:21 [TRACE] 【成功点击】
2025-10-20 05:35:22 [TRACE] 【目标检测】屏幕内没有目标
2025-10-20 05:35:22 [TRACE] 【本轮的坐标】：(np.int64(1989), np.int64(461)) ------------
2025-10-20 05:35:22 [TRACE] 【已点击过的坐标】：[(-10, -10), (np.int64(1174), np.int64(461)), (np.int64(1581), np.int64(461)), (np.int64(1988), np.int64(461))]
2025-10-20 05:35:22 [TRACE] 【坐标太近】视为重复
2025-10-20 05:35:22 [TRACE] 【没有通过的坐标】开始下一轮
2025-10-20 05:35:22 [TRACE] 【本轮的坐标】：(np.int64(1173), np.int64(462)) ------------
2025-10-20 05:35:22 [TRACE] 【已点击过的坐标】：[(-10, -10), (np.int64(1174), np.int64(461)), (np.int64(1581), np.int64(461)), (np.int64(1988), np.int64(461))]
2025-10-20 05:35:22 [TRACE] 【坐标太近】视为重复
2025-10-20 05:35:22 [TRACE] 【没有通过的坐标】开始下一轮
2025-10-20 05:35:22 [TRACE] 【本轮的坐标】：(np.int64(1174), np.int64(462)) ------------
2025-10-20 05:35:22 [TRACE] 【已点击过的坐标】：[(-10, -10), (np.int64(1174), np.int64(461)), (np.int64(1581), np.int64(461)), (np.int64(1988), np.int64(461))]
2025-10-20 05:35:22 [TRACE] 【坐标太近】视为重复
2025-10-20 05:35:22 [TRACE] 【没有通过的坐标】开始下一轮
2025-10-20 05:35:22 [TRACE] 【本轮的坐标】：(np.int64(1175), np.int64(462)) ------------
2025-10-20 05:35:22 [TRACE] 【已点击过的坐标】：[(-10, -10), (np.int64(1174), np.int64(461)), (np.int64(1581), np.int64(461)), (np.int64(1988), np.int64(461))]
2025-10-20 05:35:22 [TRACE] 【坐标太近】视为重复
2025-10-20 05:35:22 [TRACE] 【没有通过的坐标】开始下一轮
2025-10-20 05:35:22 [TRACE] 【本轮的坐标】：(np.int64(1580), np.int64(462)) ------------
2025-10-20 05:35:22 [TRACE] 【已点击过的坐标】：[(-10, -10), (np.int64(1174), np.int64(461)), (np.int64(1581), np.int64(461)), (np.int64(1988), np.int64(461))]
2025-10-20 05:35:22 [TRACE] 【坐标太近】视为重复
2025-10-20 05:35:22 [TRACE] 【没有通过的坐标】开始下一轮
2025-10-20 05:35:22 [TRACE] 【本轮的坐标】：(np.int64(1581), np.int64(462)) ------------
2025-10-20 05:35:22 [TRACE] 【已点击过的坐标】：[(-10, -10), (np.int64(1174), np.int64(461)), (np.int64(1581), np.int64(461)), (np.int64(1988), np.int64(461))]
2025-10-20 05:35:22 [TRACE] 【坐标太近】视为重复
2025-10-20 05:35:22 [TRACE] 【没有通过的坐标】开始下一轮
2025-10-20 05:35:22 [TRACE] 【本轮的坐标】：(np.int64(1582), np.int64(462)) ------------
2025-10-20 05:35:22 [TRACE] 【已点击过的坐标】：[(-10, -10), (np.int64(1174), np.int64(461)), (np.int64(1581), np.int64(461)), (np.int64(1988), np.int64(461))]
2025-10-20 05:35:22 [TRACE] 【坐标太近】视为重复
2025-10-20 05:35:22 [TRACE] 【没有通过的坐标】开始下一轮
2025-10-20 05:35:22 [TRACE] 【本轮的坐标】：(np.int64(1987), np.int64(462)) ------------
2025-10-20 05:35:22 [TRACE] 【已点击过的坐标】：[(-10, -10), (np.int64(1174), np.int64(461)), (np.int64(1581), np.int64(461)), (np.int64(1988), np.int64(461))]
2025-10-20 05:35:22 [TRACE] 【坐标太近】视为重复
2025-10-20 05:35:22 [TRACE] 【没有通过的坐标】开始下一轮
2025-10-20 05:35:22 [TRACE] 【本轮的坐标】：(np.int64(1988), np.int64(462)) ------------
2025-10-20 05:35:22 [TRACE] 【已点击过的坐标】：[(-10, -10), (np.int64(1174), np.int64(461)), (np.int64(1581), np.int64(461)), (np.int64(1988), np.int64(461))]
2025-10-20 05:35:22 [TRACE] 【坐标太近】视为重复
2025-10-20 05:35:22 [TRACE] 【没有通过的坐标】开始下一轮
2025-10-20 05:35:22 [TRACE] 【本轮的坐标】：(np.int64(1989), np.int64(462)) ------------
2025-10-20 05:35:22 [TRACE] 【已点击过的坐标】：[(-10, -10), (np.int64(1174), np.int64(461)), (np.int64(1581), np.int64(461)), (np.int64(1988), np.int64(461))]
2025-10-20 05:35:22 [TRACE] 【坐标太近】视为重复
2025-10-20 05:35:22 [TRACE] 【没有通过的坐标】开始下一轮
2025-10-20 05:35:22 [TRACE] 【本轮的坐标】：(np.int64(1990), np.int64(462)) ------------
2025-10-20 05:35:22 [TRACE] 【已点击过的坐标】：[(-10, -10), (np.int64(1174), np.int64(461)), (np.int64(1581), np.int64(461)), (np.int64(1988), np.int64(461))]
2025-10-20 05:35:22 [TRACE] 【坐标太近】视为重复
2025-10-20 05:35:22 [TRACE] 【没有通过的坐标】开始下一轮
2025-10-20 05:35:22 [TRACE] 【本轮的坐标】：(np.int64(1174), np.int64(463)) ------------
2025-10-20 05:35:22 [TRACE] 【已点击过的坐标】：[(-10, -10), (np.int64(1174), np.int64(461)), (np.int64(1581), np.int64(461)), (np.int64(1988), np.int64(461))]
2025-10-20 05:35:22 [TRACE] 【坐标太近】视为重复
2025-10-20 05:35:22 [TRACE] 【没有通过的坐标】开始下一轮
2025-10-20 05:35:22 [TRACE] 【本轮的坐标】：(np.int64(1581), np.int64(463)) ------------
2025-10-20 05:35:22 [TRACE] 【已点击过的坐标】：[(-10, -10), (np.int64(1174), np.int64(461)), (np.int64(1581), np.int64(461)), (np.int64(1988), np.int64(461))]
2025-10-20 05:35:22 [TRACE] 【坐标太近】视为重复
2025-10-20 05:35:22 [TRACE] 【没有通过的坐标】开始下一轮
2025-10-20 05:35:22 [TRACE] 【本轮的坐标】：(np.int64(1988), np.int64(463)) ------------
2025-10-20 05:35:22 [TRACE] 【已点击过的坐标】：[(-10, -10), (np.int64(1174), np.int64(461)), (np.int64(1581), np.int64(461)), (np.int64(1988), np.int64(461))]
2025-10-20 05:35:22 [TRACE] 【坐标太近】视为重复
2025-10-20 05:35:22 [TRACE] 【没有通过的坐标】开始下一轮
2025-10-20 05:35:22 [TRACE] 【完成所有点击】有效次数：3
2025-10-20 05:35:23 [TRACE] 【目标检测】屏幕内没有目标
2025-10-20 05:35:24 [TRACE] 【目标检测】屏幕内没有目标
2025-10-20 05:35:26 [TRACE] 【目标检测】屏幕内没有目标
2025-10-20 05:35:26 [TRACE] 【目标检测】屏幕内没有目标
2025-10-20 05:35:27 [TRACE] 【目标检测】屏幕内没有目标
2025-10-20 05:35:28 [TRACE] 【目标检测】屏幕内没有目标
2025-10-20 05:35:29 [TRACE] 【目标检测】屏幕内没有目标
2025-10-20 05:35:31 [TRACE] 【目标检测】屏幕内没有目标
2025-10-20 05:35:33 [TRACE] 【目标检测】屏幕内没有目标
2025-10-20 05:35:33 [TRACE] 【空洞监听】无匹配已持续：0秒
2025-10-20 05:35:37 [TRACE] 【目标检测】TRAPPED！ 类型：red_portal 置信度：0.9131125807762146
2025-10-20 05:35:37 [TRACE] 【状态】进入BOSS战，攻击检测预启动
2025-10-20 05:35:39 [TRACE] 【空洞监听】无匹配已持续：5秒
2025-10-20 05:35:44 [TRACE] 【目标检测】屏幕内没有目标
2025-10-20 05:35:46 [TRACE] 【目标检测】屏幕内没有目标
2025-10-20 05:35:46 [TRACE] 【状态】战斗模式：正在受到攻击
2025-10-20 05:35:47 [TRACE] 【目标检测】屏幕内没有目标
2025-10-20 05:35:52 [TRACE] 【空洞监听】无匹配已持续：0秒
2025-10-20 05:35:58 [TRACE] 【空洞监听】无匹配已持续：5秒
2025-10-20 05:36:04 [TRACE] 【状态】战斗模式：正在受到攻击
2025-10-20 05:36:07 [TRACE] 【状态】战斗模式：C:\Users\gelon\Desktop\ZA-Lite\assets/images/hollow\battle_5.png 置信度：0.9776704907417297
2025-10-20 05:36:16 [TRACE] 【状态】战斗模式：正在受到攻击
2025-10-20 05:36:23 [TRACE] 【空洞监听】无匹配已持续：0秒
2025-10-20 05:36:29 [TRACE] 【空洞监听】无匹配已持续：6秒
2025-10-20 05:36:33 [TRACE] 【状态】战斗模式：C:\Users\gelon\Desktop\ZA-Lite\assets/images/hollow\battle_5.png 置信度：0.989148736000061
2025-10-20 05:36:35 [TRACE] 【状态】战斗模式：正在受到攻击
2025-10-20 05:36:39 [TRACE] 【状态】战斗模式：C:\Users\gelon\Desktop\ZA-Lite\assets/images/hollow\battle_5.png 置信度：0.9775566458702087
2025-10-20 05:36:46 [TRACE] 【状态】战斗模式：C:\Users\gelon\Desktop\ZA-Lite\assets/images/hollow\battle_5.png 置信度：0.9787026643753052
2025-10-20 05:36:54 [TRACE] 【空洞监听】无匹配已持续：0秒
2025-10-20 05:36:58 [TRACE] 【状态】战斗模式：C:\Users\gelon\Desktop\ZA-Lite\assets/images/hollow\battle_5.png 置信度：0.9802902340888977
2025-10-20 05:37:07 [TRACE] 【空洞监听】无匹配已持续：0秒
2025-10-20 05:37:10 [TRACE] 【状态】战斗模式：C:\Users\gelon\Desktop\ZA-Lite\assets/images/hollow\battle_5.png 置信度：0.9744521379470825
2025-10-20 05:37:17 [TRACE] 【状态】战斗模式：C:\Users\gelon\Desktop\ZA-Lite\assets/images/hollow\battle_5.png 置信度：0.980926513671875
2025-10-20 05:37:20 [TRACE] 【状态】战斗模式：正在受到攻击
2025-10-20 05:37:26 [TRACE] 【空洞监听】无匹配已持续：0秒
2025-10-20 05:37:33 [TRACE] 【状态】搜索模式：C:\Users\gelon\Desktop\ZA-Lite\assets/images/hollow\gear.png 置信度：1.0
2025-10-20 05:37:34 [TRACE] 【目标检测】屏幕内没有目标
2025-10-20 05:37:35 [TRACE] 【目标检测】屏幕内没有目标
2025-10-20 05:37:37 [TRACE] 【目标检测】屏幕内没有目标
2025-10-20 05:37:38 [TRACE] 【状态】搜索模式：C:\Users\gelon\Desktop\ZA-Lite\assets/images/hollow\resonium.png 置信度：0.9999996423721313
2025-10-20 05:37:38 [TRACE] 【目标检测】目标存在，但置信度不足
2025-10-20 05:37:38 [TRACE] 【目标出现】C:\Users\gelon\Desktop\ZA-Lite\assets/images/hollow\resonium.png 置信度：0.9999998807907104
2025-10-20 05:37:38 [TRACE] 【本轮的坐标】：(np.int64(1174), np.int64(461)) ------------
2025-10-20 05:37:38 [TRACE] 【已点击过的坐标】：[(-10, -10)]
2025-10-20 05:37:38 [TRACE] 【成功点击】
2025-10-20 05:37:39 [TRACE] 【目标检测】屏幕内没有目标
2025-10-20 05:37:39 [TRACE] 【本轮的坐标】：(np.int64(1581), np.int64(461)) ------------
2025-10-20 05:37:39 [TRACE] 【已点击过的坐标】：[(-10, -10), (np.int64(1174), np.int64(461))]
2025-10-20 05:37:39 [TRACE] 【成功点击】
2025-10-20 05:37:40 [TRACE] 【目标检测】屏幕内没有目标
2025-10-20 05:37:40 [TRACE] 【本轮的坐标】：(np.int64(1582), np.int64(461)) ------------
2025-10-20 05:37:40 [TRACE] 【已点击过的坐标】：[(-10, -10), (np.int64(1174), np.int64(461)), (np.int64(1581), np.int64(461))]
2025-10-20 05:37:40 [TRACE] 【坐标太近】视为重复
2025-10-20 05:37:40 [TRACE] 【没有通过的坐标】开始下一轮
2025-10-20 05:37:40 [TRACE] 【本轮的坐标】：(np.int64(1988), np.int64(461)) ------------
2025-10-20 05:37:40 [TRACE] 【已点击过的坐标】：[(-10, -10), (np.int64(1174), np.int64(461)), (np.int64(1581), np.int64(461))]
2025-10-20 05:37:40 [TRACE] 【成功点击】
2025-10-20 05:37:40 [TRACE] 【目标检测】屏幕内没有目标
2025-10-20 05:37:41 [TRACE] 【本轮的坐标】：(np.int64(1989), np.int64(461)) ------------
2025-10-20 05:37:41 [TRACE] 【已点击过的坐标】：[(-10, -10), (np.int64(1174), np.int64(461)), (np.int64(1581), np.int64(461)), (np.int64(1988), np.int64(461))]
2025-10-20 05:37:41 [TRACE] 【坐标太近】视为重复
2025-10-20 05:37:41 [TRACE] 【没有通过的坐标】开始下一轮
2025-10-20 05:37:41 [TRACE] 【本轮的坐标】：(np.int64(1173), np.int64(462)) ------------
2025-10-20 05:37:41 [TRACE] 【已点击过的坐标】：[(-10, -10), (np.int64(1174), np.int64(461)), (np.int64(1581), np.int64(461)), (np.int64(1988), np.int64(461))]
2025-10-20 05:37:41 [TRACE] 【坐标太近】视为重复
2025-10-20 05:37:41 [TRACE] 【没有通过的坐标】开始下一轮
2025-10-20 05:37:41 [TRACE] 【本轮的坐标】：(np.int64(1174), np.int64(462)) ------------
2025-10-20 05:37:41 [TRACE] 【已点击过的坐标】：[(-10, -10), (np.int64(1174), np.int64(461)), (np.int64(1581), np.int64(461)), (np.int64(1988), np.int64(461))]
2025-10-20 05:37:41 [TRACE] 【坐标太近】视为重复
2025-10-20 05:37:41 [TRACE] 【没有通过的坐标】开始下一轮
2025-10-20 05:37:41 [TRACE] 【本轮的坐标】：(np.int64(1175), np.int64(462)) ------------
2025-10-20 05:37:41 [TRACE] 【已点击过的坐标】：[(-10, -10), (np.int64(1174), np.int64(461)), (np.int64(1581), np.int64(461)), (np.int64(1988), np.int64(461))]
2025-10-20 05:37:41 [TRACE] 【坐标太近】视为重复
2025-10-20 05:37:41 [TRACE] 【没有通过的坐标】开始下一轮
2025-10-20 05:37:41 [TRACE] 【本轮的坐标】：(np.int64(1580), np.int64(462)) ------------
2025-10-20 05:37:41 [TRACE] 【已点击过的坐标】：[(-10, -10), (np.int64(1174), np.int64(461)), (np.int64(1581), np.int64(461)), (np.int64(1988), np.int64(461))]
2025-10-20 05:37:41 [TRACE] 【坐标太近】视为重复
2025-10-20 05:37:41 [TRACE] 【没有通过的坐标】开始下一轮
2025-10-20 05:37:41 [TRACE] 【本轮的坐标】：(np.int64(1581), np.int64(462)) ------------
2025-10-20 05:37:41 [TRACE] 【已点击过的坐标】：[(-10, -10), (np.int64(1174), np.int64(461)), (np.int64(1581), np.int64(461)), (np.int64(1988), np.int64(461))]
2025-10-20 05:37:41 [TRACE] 【坐标太近】视为重复
2025-10-20 05:37:41 [TRACE] 【没有通过的坐标】开始下一轮
2025-10-20 05:37:41 [TRACE] 【本轮的坐标】：(np.int64(1582), np.int64(462)) ------------
2025-10-20 05:37:41 [TRACE] 【已点击过的坐标】：[(-10, -10), (np.int64(1174), np.int64(461)), (np.int64(1581), np.int64(461)), (np.int64(1988), np.int64(461))]
2025-10-20 05:37:41 [TRACE] 【坐标太近】视为重复
2025-10-20 05:37:41 [TRACE] 【没有通过的坐标】开始下一轮
2025-10-20 05:37:41 [TRACE] 【本轮的坐标】：(np.int64(1987), np.int64(462)) ------------
2025-10-20 05:37:41 [TRACE] 【已点击过的坐标】：[(-10, -10), (np.int64(1174), np.int64(461)), (np.int64(1581), np.int64(461)), (np.int64(1988), np.int64(461))]
2025-10-20 05:37:41 [TRACE] 【坐标太近】视为重复
2025-10-20 05:37:41 [TRACE] 【没有通过的坐标】开始下一轮
2025-10-20 05:37:41 [TRACE] 【本轮的坐标】：(np.int64(1988), np.int64(462)) ------------
2025-10-20 05:37:41 [TRACE] 【已点击过的坐标】：[(-10, -10), (np.int64(1174), np.int64(461)), (np.int64(1581), np.int64(461)), (np.int64(1988), np.int64(461))]
2025-10-20 05:37:41 [TRACE] 【坐标太近】视为重复
2025-10-20 05:37:41 [TRACE] 【没有通过的坐标】开始下一轮
2025-10-20 05:37:41 [TRACE] 【本轮的坐标】：(np.int64(1989), np.int64(462)) ------------
2025-10-20 05:37:41 [TRACE] 【已点击过的坐标】：[(-10, -10), (np.int64(1174), np.int64(461)), (np.int64(1581), np.int64(461)), (np.int64(1988), np.int64(461))]
2025-10-20 05:37:41 [TRACE] 【坐标太近】视为重复
2025-10-20 05:37:41 [TRACE] 【没有通过的坐标】开始下一轮
2025-10-20 05:37:41 [TRACE] 【本轮的坐标】：(np.int64(1990), np.int64(462)) ------------
2025-10-20 05:37:41 [TRACE] 【已点击过的坐标】：[(-10, -10), (np.int64(1174), np.int64(461)), (np.int64(1581), np.int64(461)), (np.int64(1988), np.int64(461))]
2025-10-20 05:37:41 [TRACE] 【坐标太近】视为重复
2025-10-20 05:37:41 [TRACE] 【没有通过的坐标】开始下一轮
2025-10-20 05:37:41 [TRACE] 【本轮的坐标】：(np.int64(1174), np.int64(463)) ------------
2025-10-20 05:37:41 [TRACE] 【已点击过的坐标】：[(-10, -10), (np.int64(1174), np.int64(461)), (np.int64(1581), np.int64(461)), (np.int64(1988), np.int64(461))]
2025-10-20 05:37:41 [TRACE] 【坐标太近】视为重复
2025-10-20 05:37:41 [TRACE] 【没有通过的坐标】开始下一轮
2025-10-20 05:37:41 [TRACE] 【本轮的坐标】：(np.int64(1581), np.int64(463)) ------------
2025-10-20 05:37:41 [TRACE] 【已点击过的坐标】：[(-10, -10), (np.int64(1174), np.int64(461)), (np.int64(1581), np.int64(461)), (np.int64(1988), np.int64(461))]
2025-10-20 05:37:41 [TRACE] 【坐标太近】视为重复
2025-10-20 05:37:41 [TRACE] 【没有通过的坐标】开始下一轮
2025-10-20 05:37:41 [TRACE] 【本轮的坐标】：(np.int64(1988), np.int64(463)) ------------
2025-10-20 05:37:41 [TRACE] 【已点击过的坐标】：[(-10, -10), (np.int64(1174), np.int64(461)), (np.int64(1581), np.int64(461)), (np.int64(1988), np.int64(461))]
2025-10-20 05:37:41 [TRACE] 【坐标太近】视为重复
2025-10-20 05:37:41 [TRACE] 【没有通过的坐标】开始下一轮
2025-10-20 05:37:41 [TRACE] 【完成所有点击】有效次数：3
2025-10-20 05:37:41 [TRACE] 【目标检测】屏幕内没有目标
2025-10-20 05:37:43 [TRACE] 【目标检测】屏幕内没有目标
2025-10-20 05:37:44 [TRACE] 【目标检测】屏幕内没有目标
2025-10-20 05:37:45 [TRACE] 【目标检测】屏幕内没有目标
2025-10-20 05:37:47 [TRACE] 【目标检测】目标存在，但置信度不足
2025-10-20 05:37:48 [TRACE] 【目标检测】目标存在，但置信度不足
2025-10-20 05:37:49 [TRACE] 【目标检测】目标存在，但置信度不足
2025-10-20 05:37:50 [TRACE] 【目标检测】屏幕内没有目标
2025-10-20 05:37:51 [TRACE] 【目标检测】屏幕内没有目标
2025-10-20 05:37:52 [TRACE] 【空洞监听】无匹配已持续：0秒
2025-10-20 05:37:53 [TRACE] 【目标检测】目标存在，但置信度不足
2025-10-20 05:37:53 [TRACE] 【状态】搜索模式：C:\Users\gelon\Desktop\ZA-Lite\assets/images/hollow\battle_end_boss.png 置信度：0.9999357461929321
2025-10-20 05:37:54 [TRACE] 【目标检测】目标存在，但置信度不足
2025-10-20 05:37:55 [TRACE] 【目标检测】屏幕内没有目标
2025-10-20 05:37:56 [TRACE] 【目标检测】屏幕内没有目标
2025-10-20 05:37:57 [TRACE] 【目标检测】屏幕内没有目标
2025-10-20 05:37:58 [TRACE] 【目标检测】屏幕内没有目标
2025-10-20 05:37:59 [TRACE] 【目标检测】屏幕内没有目标
2025-10-20 05:38:01 [TRACE] 【目标检测】屏幕内没有目标
2025-10-20 05:38:02 [TRACE] 【目标检测】屏幕内没有目标
2025-10-20 05:38:03 [TRACE] 【空洞监听】无匹配已持续：0秒
2025-10-20 05:38:04 [TRACE] 【目标检测】TRAPPED！ 类型：interact 置信度：0.9078372716903687
2025-10-20 05:38:08 [TRACE] 【空洞监听】无匹配已持续：4秒
2025-10-20 05:38:10 [TRACE] 【目标检测】屏幕内没有目标
2025-10-20 05:38:11 [TRACE] 【目标检测】屏幕内没有目标
2025-10-20 05:38:12 [TRACE] 【目标检测】屏幕内没有目标
2025-10-20 05:38:13 [TRACE] 【目标检测】屏幕内没有目标
2025-10-20 05:38:14 [TRACE] 【目标检测】屏幕内没有目标
2025-10-20 05:38:16 [TRACE] 【目标检测】屏幕内没有目标
2025-10-20 05:38:17 [TRACE] 【目标检测】TRAPPED！ 类型：interact 置信度：0.9438210725784302
2025-10-20 05:38:22 [TRACE] 【目标检测】TRAPPED！ 类型：interact 置信度：0.9154878854751587
2025-10-20 05:38:25 [TRACE] 【空洞监听】无匹配已持续：0秒
2025-10-20 05:38:28 [TRACE] 【目标检测】屏幕内没有目标
2025-10-20 05:38:29 [TRACE] 【目标检测】屏幕内没有目标
2025-10-20 05:38:30 [TRACE] 【目标检测】屏幕内没有目标
2025-10-20 05:38:31 [TRACE] 【目标检测】屏幕内没有目标
2025-10-20 05:38:31 [TRACE] 【目标检测】屏幕内没有目标
2025-10-20 05:38:33 [TRACE] 【目标检测】TRAPPED！ 类型：interact 置信度：0.8769491314888
2025-10-20 05:38:39 [TRACE] 【目标检测】TRAPPED！ 类型：interact 置信度：0.9110942482948303
2025-10-20 05:38:40 [TRACE] 【空洞监听】无匹配已持续：0秒
2025-10-20 05:38:45 [TRACE] 【目标检测】TRAPPED！ 类型：interact 置信度：0.8986927270889282
2025-10-20 05:38:46 [TRACE] 【空洞监听】无匹配已持续：5秒
2025-10-20 05:38:49 [TRACE] 【目标检测】TRAPPED！ 类型：interact 置信度：0.9213799834251404
2025-10-20 05:38:51 [TRACE] 【空洞监听】无匹配已持续：10秒
2025-10-20 05:38:55 [TRACE] 【目标检测】TRAPPED！ 类型：interact 置信度：0.9300161600112915
2025-10-20 05:38:56 [TRACE] 【空洞监听】无匹配已持续：15秒
2025-10-20 05:38:59 [TRACE] 【目标检测】TRAPPED！ 类型：interact 置信度：0.9195110201835632
2025-10-20 05:39:01 [TRACE] 【空洞监听】无匹配已持续：20秒
2025-10-20 05:39:05 [TRACE] 【目标检测】TRAPPED！ 类型：interact 置信度：0.9274797439575195
2025-10-20 05:39:06 [TRACE] 【空洞监听】无匹配已持续：25秒
2025-10-20 05:39:09 [TRACE] 【目标检测】TRAPPED！ 类型：interact 置信度：0.9230167865753174
2025-10-20 05:39:11 [TRACE] 【空洞监听】无匹配已持续：30秒
2025-10-20 05:39:15 [TRACE] 【目标检测】TRAPPED！ 类型：interact 置信度：0.9321754574775696
2025-10-20 05:39:16 [TRACE] 【空洞监听】无匹配已持续：35秒
2025-10-20 05:39:19 [TRACE] 【目标检测】TRAPPED！ 类型：interact 置信度：0.9319480657577515
2025-10-20 05:39:21 [TRACE] 【空洞监听】无匹配已持续：40秒
2025-10-20 05:39:26 [TRACE] 【目标检测】TRAPPED！ 类型：interact 置信度：0.9290510416030884
2025-10-20 05:39:26 [TRACE] 【空洞监听】无匹配已持续：45秒
2025-10-20 05:39:31 [TRACE] 【空洞监听】无匹配已持续：50秒
2025-10-20 05:39:31 [TRACE] 【目标检测】TRAPPED！ 类型：interact 置信度：0.9062049984931946
2025-10-20 05:39:37 [TRACE] 【状态】搜索模式：C:\Users\gelon\Desktop\ZA-Lite\assets/images/hollow\gear.png 置信度：0.999715268611908
2025-10-20 05:39:37 [TRACE] 【目标检测】屏幕内没有目标
2025-10-20 05:39:38 [TRACE] 【目标检测】屏幕内没有目标
2025-10-20 05:39:39 [TRACE] 【目标检测】屏幕内没有目标
2025-10-20 05:39:40 [TRACE] 【目标检测】屏幕内没有目标
2025-10-20 05:39:40 [TRACE] 【目标检测】屏幕内没有目标
2025-10-20 05:39:42 [TRACE] 【目标检测】屏幕内没有目标
2025-10-20 05:39:43 [TRACE] 【目标检测】屏幕内没有目标
2025-10-20 05:39:44 [TRACE] 【目标检测】屏幕内没有目标
2025-10-20 05:39:45 [TRACE] 【目标检测】屏幕内没有目标
2025-10-20 05:39:46 [TRACE] 【目标检测】屏幕内没有目标
2025-10-20 05:39:47 [TRACE] 【空洞监听】无匹配已持续：0秒
2025-10-20 05:39:48 [TRACE] 【目标检测】屏幕内没有目标
2025-10-20 05:39:49 [TRACE] 【目标检测】屏幕内没有目标
2025-10-20 05:39:50 [TRACE] 【目标检测】屏幕内没有目标
2025-10-20 05:39:50 [TRACE] 【目标检测】屏幕内没有目标
2025-10-20 05:39:51 [TRACE] 【目标检测】屏幕内没有目标
2025-10-20 05:39:53 [TRACE] 【空洞监听】无匹配已持续：5秒
2025-10-20 05:39:57 [TRACE] 【目标检测】TRAPPED！ 类型：interact 置信度：0.9363832473754883
2025-10-20 05:39:58 [TRACE] 【空洞监听】无匹配已持续：10秒
2025-10-20 05:40:03 [TRACE] 【目标检测】屏幕内没有目标
2025-10-20 05:40:04 [TRACE] 【目标检测】屏幕内没有目标
2025-10-20 05:40:05 [TRACE] 【目标检测】屏幕内没有目标
2025-10-20 05:40:06 [TRACE] 【目标检测】屏幕内没有目标
2025-10-20 05:40:07 [TRACE] 【目标检测】屏幕内没有目标
2025-10-20 05:40:09 [TRACE] 【目标检测】屏幕内没有目标
2025-10-20 05:40:09 [TRACE] 【目标检测】屏幕内没有目标
2025-10-20 05:40:10 [TRACE] 【目标检测】屏幕内没有目标
2025-10-20 05:40:11 [TRACE] 【目标检测】屏幕内没有目标
2025-10-20 05:40:12 [TRACE] 【目标检测】屏幕内没有目标
2025-10-20 05:40:15 [TRACE] 【目标检测】屏幕内没有目标
2025-10-20 05:40:15 [TRACE] 【目标检测】目标存在，但置信度不足
2025-10-20 05:40:16 [TRACE] 【目标检测】屏幕内没有目标
2025-10-20 05:40:17 [TRACE] 【目标检测】屏幕内没有目标
2025-10-20 05:40:18 [TRACE] 【目标检测】屏幕内没有目标
2025-10-20 05:40:19 [TRACE] 【目标检测】屏幕内没有目标
2025-10-20 05:40:20 [TRACE] 【空洞监听】无匹配已持续：0秒
2025-10-20 05:40:21 [TRACE] 【目标检测】屏幕内没有目标
2025-10-20 05:40:21 [TRACE] 【目标检测】屏幕内没有目标
2025-10-20 05:40:22 [TRACE] 【目标检测】屏幕内没有目标
2025-10-20 05:40:23 [TRACE] 【目标检测】屏幕内没有目标
2025-10-20 05:40:24 [TRACE] 【目标检测】屏幕内没有目标
2025-10-20 05:40:26 [TRACE] 【空洞监听】无匹配已持续：5秒
2025-10-20 05:40:26 [TRACE] 【目标检测】屏幕内没有目标
2025-10-20 05:40:27 [TRACE] 【目标检测】屏幕内没有目标
2025-10-20 05:40:28 [TRACE] 【目标检测】屏幕内没有目标
2025-10-20 05:40:29 [TRACE] 【目标检测】屏幕内没有目标
2025-10-20 05:40:30 [TRACE] 【目标检测】屏幕内没有目标
2025-10-20 05:40:32 [TRACE] 【空洞监听】无匹配已持续：11秒
2025-10-20 05:40:32 [TRACE] 【目标检测】屏幕内没有目标
2025-10-20 05:40:33 [TRACE] 【目标检测】屏幕内没有目标
2025-10-20 05:40:34 [TRACE] 【目标检测】屏幕内没有目标
2025-10-20 05:40:35 [TRACE] 【目标检测】屏幕内没有目标
2025-10-20 05:40:36 [TRACE] 【目标检测】屏幕内没有目标
2025-10-20 05:40:37 [TRACE] 【空洞监听】无匹配已持续：17秒
2025-10-20 05:40:37 [TRACE] 【目标检测】屏幕内没有目标
2025-10-20 05:40:38 [TRACE] 【目标检测】屏幕内没有目标
2025-10-20 05:40:39 [TRACE] 【目标检测】屏幕内没有目标
2025-10-20 05:40:40 [TRACE] 【目标检测】屏幕内没有目标
2025-10-20 05:40:41 [TRACE] 【目标检测】屏幕内没有目标
2025-10-20 05:40:42 [TRACE] 【空洞监听】无匹配已持续：22秒
2025-10-20 05:40:43 [TRACE] 【目标检测】屏幕内没有目标
2025-10-20 05:40:44 [TRACE] 【目标检测】目标存在，但置信度不足
2025-10-20 05:40:45 [TRACE] 【目标检测】屏幕内没有目标
2025-10-20 05:40:46 [TRACE] 【目标检测】屏幕内没有目标
2025-10-20 05:40:47 [TRACE] 【目标检测】屏幕内没有目标
2025-10-20 05:40:48 [TRACE] 【目标检测】屏幕内没有目标
2025-10-20 05:40:48 [TRACE] 【空洞监听】无匹配已持续：28秒
2025-10-20 05:40:50 [TRACE] 【目标检测】屏幕内没有目标
2025-10-20 05:40:50 [TRACE] 【目标检测】屏幕内没有目标
2025-10-20 05:40:52 [TRACE] 【目标检测】屏幕内没有目标
2025-10-20 05:40:52 [TRACE] 【目标检测】屏幕内没有目标
2025-10-20 05:40:53 [TRACE] 【目标检测】屏幕内没有目标
2025-10-20 05:40:53 [TRACE] 【空洞监听】无匹配已持续：33秒
2025-10-20 05:40:55 [TRACE] 【目标检测】屏幕内没有目标
2025-10-20 05:40:56 [TRACE] 【目标检测】屏幕内没有目标
2025-10-20 05:40:57 [TRACE] 【目标检测】屏幕内没有目标
2025-10-20 05:40:58 [TRACE] 【目标检测】屏幕内没有目标
2025-10-20 05:40:59 [TRACE] 【目标检测】屏幕内没有目标
2025-10-20 05:40:59 [TRACE] 【空洞监听】无匹配已持续：39秒
2025-10-20 05:41:01 [TRACE] 【目标检测】屏幕内没有目标
2025-10-20 05:41:02 [TRACE] 【目标检测】屏幕内没有目标
2025-10-20 05:41:03 [TRACE] 【目标检测】屏幕内没有目标
2025-10-20 05:41:04 [TRACE] 【目标检测】屏幕内没有目标
2025-10-20 05:41:05 [TRACE] 【目标检测】屏幕内没有目标
2025-10-20 05:41:05 [TRACE] 【空洞监听】无匹配已持续：45秒
2025-10-20 05:41:10 [TRACE] 【目标检测】TRAPPED！ 类型：interact 置信度：0.8868089914321899
2025-10-20 05:41:11 [TRACE] 【空洞监听】无匹配已持续：50秒
2025-10-20 05:41:16 [TRACE] 【目标检测】屏幕内没有目标
2025-10-20 05:41:17 [TRACE] 【目标检测】屏幕内没有目标
2025-10-20 05:41:18 [TRACE] 【目标检测】屏幕内没有目标
2025-10-20 05:41:19 [TRACE] 【目标检测】屏幕内没有目标
2025-10-20 05:41:19 [TRACE] 【目标检测】屏幕内没有目标
2025-10-20 05:41:21 [TRACE] 【目标检测】屏幕内没有目标
2025-10-20 05:41:22 [TRACE] 【目标检测】屏幕内没有目标
2025-10-20 05:41:23 [TRACE] 【目标检测】屏幕内没有目标
2025-10-20 05:41:24 [TRACE] 【目标检测】屏幕内没有目标
2025-10-20 05:41:25 [TRACE] 【目标检测】屏幕内没有目标
2025-10-20 05:41:27 [TRACE] 【目标检测】屏幕内没有目标
2025-10-20 05:41:32 [TRACE] 【目标检测】TRAPPED！ 类型：guide_point 置信度：0.9664921760559082
2025-10-20 05:41:33 [TRACE] 【空洞监听】无匹配已持续：0秒
2025-10-20 05:41:38 [TRACE] 【空洞监听】无匹配已持续：5秒
2025-10-20 05:41:41 [TRACE] 【目标检测】TRAPPED！ 类型：blue_portal 置信度：0.9617576599121094
2025-10-20 05:41:44 [TRACE] 【空洞监听】无匹配已持续：10秒
2025-10-20 05:41:47 [TRACE] 【目标检测】屏幕内没有目标
2025-10-20 05:41:48 [TRACE] 【目标检测】屏幕内没有目标
2025-10-20 05:41:48 [TRACE] 【空洞监听】无匹配已持续：15秒
2025-10-20 05:41:49 [TRACE] 【目标检测】屏幕内没有目标
2025-10-20 05:41:50 [TRACE] 【目标检测】目标存在，但置信度不足
2025-10-20 05:41:50 [TRACE] 【目标检测】目标存在，但置信度不足
2025-10-20 05:41:51 [TRACE] 【目标检测】目标存在，但置信度不足
2025-10-20 05:41:52 [TRACE] 【目标检测】屏幕内没有目标
2025-10-20 05:41:53 [TRACE] 【目标检测】屏幕内没有目标
2025-10-20 05:41:55 [TRACE] 【目标检测】目标存在，但置信度不足
2025-10-20 05:41:56 [TRACE] 【目标检测】屏幕内没有目标
2025-10-20 05:41:57 [TRACE] 【状态】战斗模式：C:\Users\gelon\Desktop\ZA-Lite\assets/images/hollow\battle_3.png 置信度：1.0
2025-10-20 05:42:07 [TRACE] 【空洞监听】无匹配已持续：0秒
2025-10-20 05:42:13 [TRACE] 【空洞监听】无匹配已持续：6秒
2025-10-20 05:42:19 [TRACE] 【状态】战斗模式：正在受到攻击
2025-10-20 05:42:25 [TRACE] 【状态】战斗模式：正在受到攻击
2025-10-20 05:42:31 [TRACE] 【空洞监听】无匹配已持续：0秒
2025-10-20 05:42:38 [TRACE] 【空洞监听】无匹配已持续：6秒
2025-10-20 05:42:45 [TRACE] 【状态】搜索模式：C:\Users\gelon\Desktop\ZA-Lite\assets/images/hollow\resonium.png 置信度：0.9999998807907104
2025-10-20 05:42:46 [TRACE] 【目标出现】C:\Users\gelon\Desktop\ZA-Lite\assets/images/hollow\resonium.png 置信度：1.0
2025-10-20 05:42:46 [TRACE] 【本轮的坐标】：(np.int64(971), np.int64(461)) ------------
2025-10-20 05:42:46 [TRACE] 【已点击过的坐标】：[(-10, -10)]
2025-10-20 05:42:46 [TRACE] 【成功点击】
2025-10-20 05:42:46 [TRACE] 【本轮的坐标】：(np.int64(1378), np.int64(461)) ------------
2025-10-20 05:42:46 [TRACE] 【已点击过的坐标】：[(-10, -10), (np.int64(971), np.int64(461))]
2025-10-20 05:42:46 [TRACE] 【成功点击】
2025-10-20 05:42:47 [TRACE] 【目标检测】目标存在，但置信度不足
2025-10-20 05:42:47 [TRACE] 【本轮的坐标】：(np.int64(1785), np.int64(461)) ------------
2025-10-20 05:42:47 [TRACE] 【已点击过的坐标】：[(-10, -10), (np.int64(971), np.int64(461)), (np.int64(1378), np.int64(461))]
2025-10-20 05:42:47 [TRACE] 【成功点击】
2025-10-20 05:42:47 [TRACE] 【目标检测】目标存在，但置信度不足
2025-10-20 05:42:48 [TRACE] 【本轮的坐标】：(np.int64(1786), np.int64(461)) ------------
2025-10-20 05:42:48 [TRACE] 【已点击过的坐标】：[(-10, -10), (np.int64(971), np.int64(461)), (np.int64(1378), np.int64(461)), (np.int64(1785), np.int64(461))]
2025-10-20 05:42:48 [TRACE] 【坐标太近】视为重复
2025-10-20 05:42:48 [TRACE] 【没有通过的坐标】开始下一轮
2025-10-20 05:42:48 [TRACE] 【本轮的坐标】：(np.int64(2192), np.int64(461)) ------------
2025-10-20 05:42:48 [TRACE] 【已点击过的坐标】：[(-10, -10), (np.int64(971), np.int64(461)), (np.int64(1378), np.int64(461)), (np.int64(1785), np.int64(461))]
2025-10-20 05:42:48 [TRACE] 【成功点击】
2025-10-20 05:42:48 [TRACE] 【目标检测】目标存在，但置信度不足
2025-10-20 05:42:49 [TRACE] 【本轮的坐标】：(np.int64(2193), np.int64(461)) ------------
2025-10-20 05:42:49 [TRACE] 【已点击过的坐标】：[(-10, -10), (np.int64(971), np.int64(461)), (np.int64(1378), np.int64(461)), (np.int64(1785), np.int64(461)), (np.int64(2192), np.int64(461))]
2025-10-20 05:42:49 [TRACE] 【坐标太近】视为重复
2025-10-20 05:42:49 [TRACE] 【没有通过的坐标】开始下一轮
2025-10-20 05:42:49 [TRACE] 【本轮的坐标】：(np.int64(970), np.int64(462)) ------------
2025-10-20 05:42:49 [TRACE] 【已点击过的坐标】：[(-10, -10), (np.int64(971), np.int64(461)), (np.int64(1378), np.int64(461)), (np.int64(1785), np.int64(461)), (np.int64(2192), np.int64(461))]
2025-10-20 05:42:49 [TRACE] 【坐标太近】视为重复
2025-10-20 05:42:49 [TRACE] 【没有通过的坐标】开始下一轮
2025-10-20 05:42:49 [TRACE] 【本轮的坐标】：(np.int64(971), np.int64(462)) ------------
2025-10-20 05:42:49 [TRACE] 【已点击过的坐标】：[(-10, -10), (np.int64(971), np.int64(461)), (np.int64(1378), np.int64(461)), (np.int64(1785), np.int64(461)), (np.int64(2192), np.int64(461))]
2025-10-20 05:42:49 [TRACE] 【坐标太近】视为重复
2025-10-20 05:42:49 [TRACE] 【没有通过的坐标】开始下一轮
2025-10-20 05:42:49 [TRACE] 【本轮的坐标】：(np.int64(972), np.int64(462)) ------------
2025-10-20 05:42:49 [TRACE] 【已点击过的坐标】：[(-10, -10), (np.int64(971), np.int64(461)), (np.int64(1378), np.int64(461)), (np.int64(1785), np.int64(461)), (np.int64(2192), np.int64(461))]
2025-10-20 05:42:49 [TRACE] 【坐标太近】视为重复
2025-10-20 05:42:49 [TRACE] 【没有通过的坐标】开始下一轮
2025-10-20 05:42:49 [TRACE] 【本轮的坐标】：(np.int64(1377), np.int64(462)) ------------
2025-10-20 05:42:49 [TRACE] 【已点击过的坐标】：[(-10, -10), (np.int64(971), np.int64(461)), (np.int64(1378), np.int64(461)), (np.int64(1785), np.int64(461)), (np.int64(2192), np.int64(461))]
2025-10-20 05:42:49 [TRACE] 【坐标太近】视为重复
2025-10-20 05:42:49 [TRACE] 【没有通过的坐标】开始下一轮
2025-10-20 05:42:49 [TRACE] 【本轮的坐标】：(np.int64(1378), np.int64(462)) ------------
2025-10-20 05:42:49 [TRACE] 【已点击过的坐标】：[(-10, -10), (np.int64(971), np.int64(461)), (np.int64(1378), np.int64(461)), (np.int64(1785), np.int64(461)), (np.int64(2192), np.int64(461))]
2025-10-20 05:42:49 [TRACE] 【坐标太近】视为重复
2025-10-20 05:42:49 [TRACE] 【没有通过的坐标】开始下一轮
2025-10-20 05:42:49 [TRACE] 【本轮的坐标】：(np.int64(1379), np.int64(462)) ------------
2025-10-20 05:42:49 [TRACE] 【已点击过的坐标】：[(-10, -10), (np.int64(971), np.int64(461)), (np.int64(1378), np.int64(461)), (np.int64(1785), np.int64(461)), (np.int64(2192), np.int64(461))]
2025-10-20 05:42:49 [TRACE] 【坐标太近】视为重复
2025-10-20 05:42:49 [TRACE] 【没有通过的坐标】开始下一轮
2025-10-20 05:42:49 [TRACE] 【本轮的坐标】：(np.int64(1784), np.int64(462)) ------------
2025-10-20 05:42:49 [TRACE] 【已点击过的坐标】：[(-10, -10), (np.int64(971), np.int64(461)), (np.int64(1378), np.int64(461)), (np.int64(1785), np.int64(461)), (np.int64(2192), np.int64(461))]
2025-10-20 05:42:49 [TRACE] 【坐标太近】视为重复
2025-10-20 05:42:49 [TRACE] 【没有通过的坐标】开始下一轮
2025-10-20 05:42:49 [TRACE] 【本轮的坐标】：(np.int64(1785), np.int64(462)) ------------
2025-10-20 05:42:49 [TRACE] 【已点击过的坐标】：[(-10, -10), (np.int64(971), np.int64(461)), (np.int64(1378), np.int64(461)), (np.int64(1785), np.int64(461)), (np.int64(2192), np.int64(461))]
2025-10-20 05:42:49 [TRACE] 【坐标太近】视为重复
2025-10-20 05:42:49 [TRACE] 【没有通过的坐标】开始下一轮
2025-10-20 05:42:49 [TRACE] 【本轮的坐标】：(np.int64(1786), np.int64(462)) ------------
2025-10-20 05:42:49 [TRACE] 【已点击过的坐标】：[(-10, -10), (np.int64(971), np.int64(461)), (np.int64(1378), np.int64(461)), (np.int64(1785), np.int64(461)), (np.int64(2192), np.int64(461))]
2025-10-20 05:42:49 [TRACE] 【坐标太近】视为重复
2025-10-20 05:42:49 [TRACE] 【没有通过的坐标】开始下一轮
2025-10-20 05:42:49 [TRACE] 【本轮的坐标】：(np.int64(2191), np.int64(462)) ------------
2025-10-20 05:42:49 [TRACE] 【已点击过的坐标】：[(-10, -10), (np.int64(971), np.int64(461)), (np.int64(1378), np.int64(461)), (np.int64(1785), np.int64(461)), (np.int64(2192), np.int64(461))]
2025-10-20 05:42:49 [TRACE] 【坐标太近】视为重复
2025-10-20 05:42:49 [TRACE] 【没有通过的坐标】开始下一轮
2025-10-20 05:42:49 [TRACE] 【本轮的坐标】：(np.int64(2192), np.int64(462)) ------------
2025-10-20 05:42:49 [TRACE] 【已点击过的坐标】：[(-10, -10), (np.int64(971), np.int64(461)), (np.int64(1378), np.int64(461)), (np.int64(1785), np.int64(461)), (np.int64(2192), np.int64(461))]
2025-10-20 05:42:49 [TRACE] 【坐标太近】视为重复
2025-10-20 05:42:49 [TRACE] 【没有通过的坐标】开始下一轮
2025-10-20 05:42:49 [TRACE] 【本轮的坐标】：(np.int64(2193), np.int64(462)) ------------
2025-10-20 05:42:49 [TRACE] 【已点击过的坐标】：[(-10, -10), (np.int64(971), np.int64(461)), (np.int64(1378), np.int64(461)), (np.int64(1785), np.int64(461)), (np.int64(2192), np.int64(461))]
2025-10-20 05:42:49 [TRACE] 【坐标太近】视为重复
2025-10-20 05:42:49 [TRACE] 【没有通过的坐标】开始下一轮
2025-10-20 05:42:49 [TRACE] 【本轮的坐标】：(np.int64(2194), np.int64(462)) ------------
2025-10-20 05:42:49 [TRACE] 【已点击过的坐标】：[(-10, -10), (np.int64(971), np.int64(461)), (np.int64(1378), np.int64(461)), (np.int64(1785), np.int64(461)), (np.int64(2192), np.int64(461))]
2025-10-20 05:42:49 [TRACE] 【坐标太近】视为重复
2025-10-20 05:42:49 [TRACE] 【没有通过的坐标】开始下一轮
2025-10-20 05:42:49 [TRACE] 【本轮的坐标】：(np.int64(970), np.int64(463)) ------------
2025-10-20 05:42:49 [TRACE] 【已点击过的坐标】：[(-10, -10), (np.int64(971), np.int64(461)), (np.int64(1378), np.int64(461)), (np.int64(1785), np.int64(461)), (np.int64(2192), np.int64(461))]
2025-10-20 05:42:49 [TRACE] 【坐标太近】视为重复
2025-10-20 05:42:49 [TRACE] 【没有通过的坐标】开始下一轮
2025-10-20 05:42:49 [TRACE] 【本轮的坐标】：(np.int64(971), np.int64(463)) ------------
2025-10-20 05:42:49 [TRACE] 【已点击过的坐标】：[(-10, -10), (np.int64(971), np.int64(461)), (np.int64(1378), np.int64(461)), (np.int64(1785), np.int64(461)), (np.int64(2192), np.int64(461))]
2025-10-20 05:42:49 [TRACE] 【坐标太近】视为重复
2025-10-20 05:42:49 [TRACE] 【没有通过的坐标】开始下一轮
2025-10-20 05:42:49 [TRACE] 【本轮的坐标】：(np.int64(1378), np.int64(463)) ------------
2025-10-20 05:42:49 [TRACE] 【已点击过的坐标】：[(-10, -10), (np.int64(971), np.int64(461)), (np.int64(1378), np.int64(461)), (np.int64(1785), np.int64(461)), (np.int64(2192), np.int64(461))]
2025-10-20 05:42:49 [TRACE] 【坐标太近】视为重复
2025-10-20 05:42:49 [TRACE] 【没有通过的坐标】开始下一轮
2025-10-20 05:42:49 [TRACE] 【本轮的坐标】：(np.int64(1785), np.int64(463)) ------------
2025-10-20 05:42:49 [TRACE] 【已点击过的坐标】：[(-10, -10), (np.int64(971), np.int64(461)), (np.int64(1378), np.int64(461)), (np.int64(1785), np.int64(461)), (np.int64(2192), np.int64(461))]
2025-10-20 05:42:49 [TRACE] 【坐标太近】视为重复
2025-10-20 05:42:49 [TRACE] 【没有通过的坐标】开始下一轮
2025-10-20 05:42:49 [TRACE] 【本轮的坐标】：(np.int64(2192), np.int64(463)) ------------
2025-10-20 05:42:49 [TRACE] 【已点击过的坐标】：[(-10, -10), (np.int64(971), np.int64(461)), (np.int64(1378), np.int64(461)), (np.int64(1785), np.int64(461)), (np.int64(2192), np.int64(461))]
2025-10-20 05:42:49 [TRACE] 【坐标太近】视为重复
2025-10-20 05:42:49 [TRACE] 【没有通过的坐标】开始下一轮
2025-10-20 05:42:49 [TRACE] 【完成所有点击】有效次数：4
2025-10-20 05:42:49 [TRACE] 【目标检测】目标存在，但置信度不足
2025-10-20 05:42:49 [TRACE] 【目标检测】目标存在，但置信度不足
2025-10-20 05:42:52 [TRACE] 【目标检测】目标存在，但置信度不足
2025-10-20 05:42:53 [TRACE] 【目标检测】目标存在，但置信度不足
2025-10-20 05:42:54 [TRACE] 【目标检测】屏幕内没有目标
2025-10-20 05:42:55 [TRACE] 【状态】搜索模式：C:\Users\gelon\Desktop\ZA-Lite\assets/images/hollow\next_area.png 置信度：0.9999994039535522
2025-10-20 05:42:57 [TRACE] 【目标检测】微调超时，无法对齐！
2025-10-20 05:43:02 [TRACE] 【目标检测】TRAPPED！ 类型：guide_point 置信度：0.7998194694519043
2025-10-20 05:43:03 [TRACE] 【状态】搜索模式：C:\Users\gelon\Desktop\ZA-Lite\assets/images/hollow\meter.png 置信度：0.9034996032714844
2025-10-20 05:43:08 [TRACE] 【目标检测】屏幕内没有目标
2025-10-20 05:43:09 [TRACE] 【目标检测】屏幕内没有目标
2025-10-20 05:43:10 [TRACE] 【空洞监听】无匹配已持续：0秒
2025-10-20 05:43:11 [TRACE] 【目标检测】屏幕内没有目标
2025-10-20 05:43:12 [TRACE] 【目标检测】屏幕内没有目标
2025-10-20 05:43:16 [TRACE] 【空洞监听】无匹配已持续：6秒
2025-10-20 05:43:17 [TRACE] 【目标检测】TRAPPED！ 类型：blue_portal 置信度：0.9381197690963745
2025-10-20 05:43:21 [TRACE] 【空洞监听】无匹配已持续：11秒
2025-10-20 05:43:23 [TRACE] 【目标检测】屏幕内没有目标
2025-10-20 05:43:24 [TRACE] 【目标检测】屏幕内没有目标
2025-10-20 05:43:25 [TRACE] 【目标检测】屏幕内没有目标
2025-10-20 05:43:26 [TRACE] 【目标检测】屏幕内没有目标
2025-10-20 05:43:27 [TRACE] 【空洞监听】无匹配已持续：16秒
2025-10-20 05:43:27 [TRACE] 【目标检测】屏幕内没有目标
2025-10-20 05:43:30 [TRACE] 【目标检测】屏幕内没有目标
2025-10-20 05:43:30 [TRACE] 【状态】战斗模式：C:\Users\gelon\Desktop\ZA-Lite\assets/images/hollow\battle_3.png 置信度：0.9999999403953552
2025-10-20 05:43:34 [TRACE] 【状态】战斗模式：正在受到攻击
2025-10-20 05:43:39 [TRACE] 【状态】战斗模式：正在受到攻击
2025-10-20 05:43:43 [TRACE] 【状态】战斗模式：C:\Users\gelon\Desktop\ZA-Lite\assets/images/hollow\battle_5.png 置信度：0.9793978333473206
2025-10-20 05:43:52 [TRACE] 【状态】战斗模式：正在受到攻击
2025-10-20 05:43:56 [TRACE] 【状态】战斗模式：C:\Users\gelon\Desktop\ZA-Lite\assets/images/hollow\battle_5.png 置信度：0.9752445816993713
2025-10-20 05:44:06 [TRACE] 【空洞监听】无匹配已持续：0秒
2025-10-20 05:44:14 [TRACE] 【状态】搜索模式：C:\Users\gelon\Desktop\ZA-Lite\assets/images/hollow\next_area.png 置信度：0.9999995231628418
2025-10-20 05:44:16 [TRACE] 【目标检测】TRAPPED！ 类型：blue_portal 置信度：0.8457905054092407
2025-10-20 05:44:22 [TRACE] 【目标检测】屏幕内没有目标
2025-10-20 05:44:23 [TRACE] 【目标检测】屏幕内没有目标
2025-10-20 05:44:24 [TRACE] 【空洞监听】无匹配已持续：0秒
2025-10-20 05:44:24 [TRACE] 【目标检测】屏幕内没有目标
2025-10-20 05:44:25 [TRACE] 【目标检测】屏幕内没有目标
2025-10-20 05:44:26 [TRACE] 【目标检测】屏幕内没有目标
2025-10-20 05:44:29 [TRACE] 【目标检测】屏幕内没有目标
2025-10-20 05:44:30 [TRACE] 【空洞监听】无匹配已持续：5秒
2025-10-20 05:44:30 [TRACE] 【目标检测】屏幕内没有目标
2025-10-20 05:44:31 [TRACE] 【目标检测】屏幕内没有目标
2025-10-20 05:44:32 [TRACE] 【目标检测】屏幕内没有目标
2025-10-20 05:44:35 [TRACE] 【空洞监听】无匹配已持续：11秒
2025-10-20 05:44:37 [TRACE] 【目标检测】TRAPPED！ 类型：interact 置信度：0.937179446220398
2025-10-20 05:44:41 [TRACE] 【状态】搜索模式：C:\Users\gelon\Desktop\ZA-Lite\assets/images/hollow\resonium.png 置信度：1.0
2025-10-20 05:44:41 [TRACE] 【目标出现】C:\Users\gelon\Desktop\ZA-Lite\assets/images/hollow\resonium.png 置信度：0.9999998807907104
2025-10-20 05:44:41 [TRACE] 【本轮的坐标】：(np.int64(1174), np.int64(461)) ------------
2025-10-20 05:44:41 [TRACE] 【已点击过的坐标】：[(-10, -10)]
2025-10-20 05:44:41 [TRACE] 【成功点击】
2025-10-20 05:44:42 [TRACE] 【本轮的坐标】：(np.int64(1581), np.int64(461)) ------------
2025-10-20 05:44:42 [TRACE] 【已点击过的坐标】：[(-10, -10), (np.int64(1174), np.int64(461))]
2025-10-20 05:44:42 [TRACE] 【成功点击】
2025-10-20 05:44:42 [TRACE] 【本轮的坐标】：(np.int64(1582), np.int64(461)) ------------
2025-10-20 05:44:42 [TRACE] 【已点击过的坐标】：[(-10, -10), (np.int64(1174), np.int64(461)), (np.int64(1581), np.int64(461))]
2025-10-20 05:44:42 [TRACE] 【坐标太近】视为重复
2025-10-20 05:44:42 [TRACE] 【没有通过的坐标】开始下一轮
2025-10-20 05:44:42 [TRACE] 【本轮的坐标】：(np.int64(1988), np.int64(461)) ------------
2025-10-20 05:44:42 [TRACE] 【已点击过的坐标】：[(-10, -10), (np.int64(1174), np.int64(461)), (np.int64(1581), np.int64(461))]
2025-10-20 05:44:42 [TRACE] 【成功点击】
2025-10-20 05:44:43 [TRACE] 【本轮的坐标】：(np.int64(1989), np.int64(461)) ------------
2025-10-20 05:44:43 [TRACE] 【已点击过的坐标】：[(-10, -10), (np.int64(1174), np.int64(461)), (np.int64(1581), np.int64(461)), (np.int64(1988), np.int64(461))]
2025-10-20 05:44:43 [TRACE] 【坐标太近】视为重复
2025-10-20 05:44:43 [TRACE] 【没有通过的坐标】开始下一轮
2025-10-20 05:44:43 [TRACE] 【本轮的坐标】：(np.int64(1173), np.int64(462)) ------------
2025-10-20 05:44:43 [TRACE] 【已点击过的坐标】：[(-10, -10), (np.int64(1174), np.int64(461)), (np.int64(1581), np.int64(461)), (np.int64(1988), np.int64(461))]
2025-10-20 05:44:43 [TRACE] 【坐标太近】视为重复
2025-10-20 05:44:43 [TRACE] 【没有通过的坐标】开始下一轮
2025-10-20 05:44:43 [TRACE] 【本轮的坐标】：(np.int64(1174), np.int64(462)) ------------
2025-10-20 05:44:43 [TRACE] 【已点击过的坐标】：[(-10, -10), (np.int64(1174), np.int64(461)), (np.int64(1581), np.int64(461)), (np.int64(1988), np.int64(461))]
2025-10-20 05:44:43 [TRACE] 【坐标太近】视为重复
2025-10-20 05:44:43 [TRACE] 【没有通过的坐标】开始下一轮
2025-10-20 05:44:43 [TRACE] 【本轮的坐标】：(np.int64(1175), np.int64(462)) ------------
2025-10-20 05:44:43 [TRACE] 【已点击过的坐标】：[(-10, -10), (np.int64(1174), np.int64(461)), (np.int64(1581), np.int64(461)), (np.int64(1988), np.int64(461))]
2025-10-20 05:44:43 [TRACE] 【坐标太近】视为重复
2025-10-20 05:44:43 [TRACE] 【没有通过的坐标】开始下一轮
2025-10-20 05:44:43 [TRACE] 【本轮的坐标】：(np.int64(1580), np.int64(462)) ------------
2025-10-20 05:44:43 [TRACE] 【已点击过的坐标】：[(-10, -10), (np.int64(1174), np.int64(461)), (np.int64(1581), np.int64(461)), (np.int64(1988), np.int64(461))]
2025-10-20 05:44:43 [TRACE] 【坐标太近】视为重复
2025-10-20 05:44:43 [TRACE] 【没有通过的坐标】开始下一轮
2025-10-20 05:44:43 [TRACE] 【本轮的坐标】：(np.int64(1581), np.int64(462)) ------------
2025-10-20 05:44:43 [TRACE] 【已点击过的坐标】：[(-10, -10), (np.int64(1174), np.int64(461)), (np.int64(1581), np.int64(461)), (np.int64(1988), np.int64(461))]
2025-10-20 05:44:43 [TRACE] 【坐标太近】视为重复
2025-10-20 05:44:43 [TRACE] 【没有通过的坐标】开始下一轮
2025-10-20 05:44:43 [TRACE] 【本轮的坐标】：(np.int64(1582), np.int64(462)) ------------
2025-10-20 05:44:43 [TRACE] 【已点击过的坐标】：[(-10, -10), (np.int64(1174), np.int64(461)), (np.int64(1581), np.int64(461)), (np.int64(1988), np.int64(461))]
2025-10-20 05:44:43 [TRACE] 【坐标太近】视为重复
2025-10-20 05:44:43 [TRACE] 【没有通过的坐标】开始下一轮
2025-10-20 05:44:43 [TRACE] 【本轮的坐标】：(np.int64(1987), np.int64(462)) ------------
2025-10-20 05:44:43 [TRACE] 【已点击过的坐标】：[(-10, -10), (np.int64(1174), np.int64(461)), (np.int64(1581), np.int64(461)), (np.int64(1988), np.int64(461))]
2025-10-20 05:44:43 [TRACE] 【坐标太近】视为重复
2025-10-20 05:44:43 [TRACE] 【没有通过的坐标】开始下一轮
2025-10-20 05:44:43 [TRACE] 【本轮的坐标】：(np.int64(1988), np.int64(462)) ------------
2025-10-20 05:44:43 [TRACE] 【已点击过的坐标】：[(-10, -10), (np.int64(1174), np.int64(461)), (np.int64(1581), np.int64(461)), (np.int64(1988), np.int64(461))]
2025-10-20 05:44:43 [TRACE] 【坐标太近】视为重复
2025-10-20 05:44:43 [TRACE] 【没有通过的坐标】开始下一轮
2025-10-20 05:44:43 [TRACE] 【本轮的坐标】：(np.int64(1989), np.int64(462)) ------------
2025-10-20 05:44:43 [TRACE] 【已点击过的坐标】：[(-10, -10), (np.int64(1174), np.int64(461)), (np.int64(1581), np.int64(461)), (np.int64(1988), np.int64(461))]
2025-10-20 05:44:43 [TRACE] 【坐标太近】视为重复
2025-10-20 05:44:43 [TRACE] 【没有通过的坐标】开始下一轮
2025-10-20 05:44:43 [TRACE] 【本轮的坐标】：(np.int64(1990), np.int64(462)) ------------
2025-10-20 05:44:43 [TRACE] 【已点击过的坐标】：[(-10, -10), (np.int64(1174), np.int64(461)), (np.int64(1581), np.int64(461)), (np.int64(1988), np.int64(461))]
2025-10-20 05:44:43 [TRACE] 【坐标太近】视为重复
2025-10-20 05:44:43 [TRACE] 【没有通过的坐标】开始下一轮
2025-10-20 05:44:43 [TRACE] 【本轮的坐标】：(np.int64(1174), np.int64(463)) ------------
2025-10-20 05:44:43 [TRACE] 【已点击过的坐标】：[(-10, -10), (np.int64(1174), np.int64(461)), (np.int64(1581), np.int64(461)), (np.int64(1988), np.int64(461))]
2025-10-20 05:44:43 [TRACE] 【坐标太近】视为重复
2025-10-20 05:44:43 [TRACE] 【没有通过的坐标】开始下一轮
2025-10-20 05:44:43 [TRACE] 【本轮的坐标】：(np.int64(1581), np.int64(463)) ------------
2025-10-20 05:44:43 [TRACE] 【已点击过的坐标】：[(-10, -10), (np.int64(1174), np.int64(461)), (np.int64(1581), np.int64(461)), (np.int64(1988), np.int64(461))]
2025-10-20 05:44:43 [TRACE] 【坐标太近】视为重复
2025-10-20 05:44:43 [TRACE] 【没有通过的坐标】开始下一轮
2025-10-20 05:44:43 [TRACE] 【本轮的坐标】：(np.int64(1988), np.int64(463)) ------------
2025-10-20 05:44:43 [TRACE] 【已点击过的坐标】：[(-10, -10), (np.int64(1174), np.int64(461)), (np.int64(1581), np.int64(461)), (np.int64(1988), np.int64(461))]
2025-10-20 05:44:43 [TRACE] 【坐标太近】视为重复
2025-10-20 05:44:43 [TRACE] 【没有通过的坐标】开始下一轮
2025-10-20 05:44:43 [TRACE] 【完成所有点击】有效次数：3
2025-10-20 05:44:43 [TRACE] 【目标检测】屏幕内没有目标
2025-10-20 05:44:44 [TRACE] 【目标检测】屏幕内没有目标
2025-10-20 05:44:45 [TRACE] 【目标检测】屏幕内没有目标
2025-10-20 05:44:46 [TRACE] 【目标检测】屏幕内没有目标
2025-10-20 05:44:47 [TRACE] 【目标检测】屏幕内没有目标
2025-10-20 05:44:53 [TRACE] 【目标检测】TRAPPED！ 类型：blue_portal 置信度：0.894591212272644
2025-10-20 05:44:54 [TRACE] 【空洞监听】无匹配已持续：0秒
2025-10-20 05:44:58 [TRACE] 【目标检测】TRAPPED！ 类型：blue_portal 置信度：0.9635923504829407
2025-10-20 05:45:00 [TRACE] 【空洞监听】无匹配已持续：5秒
2025-10-20 05:45:05 [TRACE] 【空洞监听】无匹配已持续：10秒
2025-10-20 05:45:08 [TRACE] 【目标检测】TRAPPED！ 类型：interact 置信度：0.9545590877532959
2025-10-20 05:45:10 [TRACE] 【空洞监听】无匹配已持续：15秒
2025-10-20 05:45:16 [TRACE] 【空洞监听】无匹配已持续：21秒
2025-10-20 05:45:16 [TRACE] 【目标检测】TRAPPED！ 类型：interact 置信度：0.9488461017608643
2025-10-20 05:45:21 [TRACE] 【空洞监听】无匹配已持续：26秒
2025-10-20 05:45:23 [TRACE] 【目标检测】TRAPPED！ 类型：interact 置信度：0.9434616565704346
2025-10-20 05:45:26 [TRACE] 【目标检测】屏幕内没有目标
2025-10-20 05:45:26 [TRACE] 【空洞监听】无匹配已持续：31秒
2025-10-20 05:45:27 [TRACE] 【目标检测】屏幕内没有目标
2025-10-20 05:45:28 [TRACE] 【目标检测】屏幕内没有目标
2025-10-20 05:45:29 [TRACE] 【目标检测】屏幕内没有目标
2025-10-20 05:45:30 [TRACE] 【目标检测】屏幕内没有目标
2025-10-20 05:45:32 [TRACE] 【空洞监听】无匹配已持续：37秒
2025-10-20 05:45:33 [TRACE] 【目标检测】屏幕内没有目标
2025-10-20 05:45:37 [TRACE] 【空洞监听】无匹配已持续：42秒
2025-10-20 05:45:38 [TRACE] 【目标检测】TRAPPED！ 类型：interact 置信度：0.9254058599472046
2025-10-20 05:45:42 [TRACE] 【空洞监听】无匹配已持续：47秒
2025-10-20 05:45:44 [TRACE] 【目标检测】屏幕内没有目标
2025-10-20 05:45:45 [TRACE] 【目标检测】屏幕内没有目标
2025-10-20 05:45:46 [TRACE] 【目标检测】屏幕内没有目标
2025-10-20 05:45:47 [TRACE] 【目标检测】屏幕内没有目标
2025-10-20 05:45:48 [TRACE] 【目标检测】屏幕内没有目标
2025-10-20 05:45:49 [TRACE] 【目标检测】屏幕内没有目标
2025-10-20 05:45:50 [TRACE] 【目标检测】屏幕内没有目标
2025-10-20 05:45:51 [TRACE] 【目标检测】屏幕内没有目标
2025-10-20 05:45:52 [TRACE] 【目标检测】屏幕内没有目标
2025-10-20 05:45:53 [TRACE] 【目标检测】屏幕内没有目标
2025-10-20 05:45:55 [TRACE] 【目标检测】屏幕内没有目标
2025-10-20 05:45:56 [TRACE] 【目标检测】目标存在，但置信度不足
2025-10-20 05:45:58 [TRACE] 【目标检测】目标存在，但置信度不足
2025-10-20 05:45:59 [TRACE] 【状态】搜索模式：C:\Users\gelon\Desktop\ZA-Lite\assets/images/hollow\card.png 置信度：0.9999998211860657
2025-10-20 05:46:00 [TRACE] 【目标检测】目标存在，但置信度不足
2025-10-20 05:46:01 [TRACE] 【目标检测】屏幕内没有目标
2025-10-20 05:46:03 [TRACE] 【目标检测】目标存在，但置信度不足
2025-10-20 05:46:05 [TRACE] 【目标检测】屏幕内没有目标
2025-10-20 05:46:06 [TRACE] 【目标检测】屏幕内没有目标
2025-10-20 05:46:07 [TRACE] 【目标检测】屏幕内没有目标
2025-10-20 05:46:09 [TRACE] 【目标检测】微调超时，无法对齐！
2025-10-20 05:46:10 [TRACE] 【空洞监听】无匹配已持续：0秒
2025-10-20 05:46:11 [TRACE] 【目标检测】屏幕内没有目标
2025-10-20 05:46:15 [TRACE] 【目标检测】TRAPPED！ 类型：blue_portal 置信度：0.9395866394042969
2025-10-20 05:46:16 [TRACE] 【空洞监听】无匹配已持续：5秒
2025-10-20 05:46:21 [TRACE] 【空洞监听】无匹配已持续：10秒
2025-10-20 05:46:21 [TRACE] 【目标检测】屏幕内没有目标
2025-10-20 05:46:22 [TRACE] 【目标检测】屏幕内没有目标
2025-10-20 05:46:23 [TRACE] 【目标检测】屏幕内没有目标
2025-10-20 05:46:24 [TRACE] 【目标检测】屏幕内没有目标
2025-10-20 05:46:25 [TRACE] 【目标检测】屏幕内没有目标
2025-10-20 05:46:26 [TRACE] 【空洞监听】无匹配已持续：16秒
2025-10-20 05:46:28 [TRACE] 【目标检测】屏幕内没有目标
2025-10-20 05:46:29 [TRACE] 【目标检测】屏幕内没有目标
2025-10-20 05:46:29 [TRACE] 【状态】战斗模式：C:\Users\gelon\Desktop\ZA-Lite\assets/images/hollow\battle_3.png 置信度：1.0
2025-10-20 05:46:39 [TRACE] 【空洞监听】无匹配已持续：0秒
2025-10-20 05:46:42 [TRACE] 【状态】战斗模式：C:\Users\gelon\Desktop\ZA-Lite\assets/images/hollow\battle_5.png 置信度：0.9517843723297119
2025-10-20 05:46:52 [TRACE] 【空洞监听】无匹配已持续：0秒
2025-10-20 05:46:58 [TRACE] 【空洞监听】无匹配已持续：6秒
2025-10-20 05:47:04 [TRACE] 【空洞监听】无匹配已持续：12秒
2025-10-20 05:47:10 [TRACE] 【空洞监听】无匹配已持续：18秒
2025-10-20 05:47:17 [TRACE] 【空洞监听】无匹配已持续：25秒
2025-10-20 05:47:23 [TRACE] 【空洞监听】无匹配已持续：30秒
2025-10-20 05:47:23 [TRACE] 【状态】搜索模式：C:\Users\gelon\Desktop\ZA-Lite\assets/images/hollow\resonium.png 置信度：0.9999998807907104
2025-10-20 05:47:23 [TRACE] 【目标出现】C:\Users\gelon\Desktop\ZA-Lite\assets/images/hollow\resonium.png 置信度：1.0
2025-10-20 05:47:23 [TRACE] 【本轮的坐标】：(np.int64(1174), np.int64(461)) ------------
2025-10-20 05:47:23 [TRACE] 【已点击过的坐标】：[(-10, -10)]
2025-10-20 05:47:23 [TRACE] 【成功点击】
2025-10-20 05:47:23 [TRACE] 【目标检测】屏幕内没有目标
2025-10-20 05:47:24 [TRACE] 【本轮的坐标】：(np.int64(1581), np.int64(461)) ------------
2025-10-20 05:47:24 [TRACE] 【已点击过的坐标】：[(-10, -10), (np.int64(1174), np.int64(461))]
2025-10-20 05:47:24 [TRACE] 【成功点击】
2025-10-20 05:47:24 [TRACE] 【目标检测】屏幕内没有目标
2025-10-20 05:47:25 [TRACE] 【本轮的坐标】：(np.int64(1582), np.int64(461)) ------------
2025-10-20 05:47:25 [TRACE] 【已点击过的坐标】：[(-10, -10), (np.int64(1174), np.int64(461)), (np.int64(1581), np.int64(461))]
2025-10-20 05:47:25 [TRACE] 【坐标太近】视为重复
2025-10-20 05:47:25 [TRACE] 【没有通过的坐标】开始下一轮
2025-10-20 05:47:25 [TRACE] 【本轮的坐标】：(np.int64(1988), np.int64(461)) ------------
2025-10-20 05:47:25 [TRACE] 【已点击过的坐标】：[(-10, -10), (np.int64(1174), np.int64(461)), (np.int64(1581), np.int64(461))]
2025-10-20 05:47:25 [TRACE] 【成功点击】
2025-10-20 05:47:25 [TRACE] 【目标检测】屏幕内没有目标
2025-10-20 05:47:25 [TRACE] 【本轮的坐标】：(np.int64(1989), np.int64(461)) ------------
2025-10-20 05:47:25 [TRACE] 【已点击过的坐标】：[(-10, -10), (np.int64(1174), np.int64(461)), (np.int64(1581), np.int64(461)), (np.int64(1988), np.int64(461))]
2025-10-20 05:47:25 [TRACE] 【坐标太近】视为重复
2025-10-20 05:47:25 [TRACE] 【没有通过的坐标】开始下一轮
2025-10-20 05:47:25 [TRACE] 【本轮的坐标】：(np.int64(1173), np.int64(462)) ------------
2025-10-20 05:47:25 [TRACE] 【已点击过的坐标】：[(-10, -10), (np.int64(1174), np.int64(461)), (np.int64(1581), np.int64(461)), (np.int64(1988), np.int64(461))]
2025-10-20 05:47:25 [TRACE] 【坐标太近】视为重复
2025-10-20 05:47:25 [TRACE] 【没有通过的坐标】开始下一轮
2025-10-20 05:47:25 [TRACE] 【本轮的坐标】：(np.int64(1174), np.int64(462)) ------------
2025-10-20 05:47:25 [TRACE] 【已点击过的坐标】：[(-10, -10), (np.int64(1174), np.int64(461)), (np.int64(1581), np.int64(461)), (np.int64(1988), np.int64(461))]
2025-10-20 05:47:25 [TRACE] 【坐标太近】视为重复
2025-10-20 05:47:25 [TRACE] 【没有通过的坐标】开始下一轮
2025-10-20 05:47:25 [TRACE] 【本轮的坐标】：(np.int64(1175), np.int64(462)) ------------
2025-10-20 05:47:25 [TRACE] 【已点击过的坐标】：[(-10, -10), (np.int64(1174), np.int64(461)), (np.int64(1581), np.int64(461)), (np.int64(1988), np.int64(461))]
2025-10-20 05:47:25 [TRACE] 【坐标太近】视为重复
2025-10-20 05:47:25 [TRACE] 【没有通过的坐标】开始下一轮
2025-10-20 05:47:25 [TRACE] 【本轮的坐标】：(np.int64(1580), np.int64(462)) ------------
2025-10-20 05:47:25 [TRACE] 【已点击过的坐标】：[(-10, -10), (np.int64(1174), np.int64(461)), (np.int64(1581), np.int64(461)), (np.int64(1988), np.int64(461))]
2025-10-20 05:47:25 [TRACE] 【坐标太近】视为重复
2025-10-20 05:47:25 [TRACE] 【没有通过的坐标】开始下一轮
2025-10-20 05:47:25 [TRACE] 【本轮的坐标】：(np.int64(1581), np.int64(462)) ------------
2025-10-20 05:47:25 [TRACE] 【已点击过的坐标】：[(-10, -10), (np.int64(1174), np.int64(461)), (np.int64(1581), np.int64(461)), (np.int64(1988), np.int64(461))]
2025-10-20 05:47:25 [TRACE] 【坐标太近】视为重复
2025-10-20 05:47:25 [TRACE] 【没有通过的坐标】开始下一轮
2025-10-20 05:47:25 [TRACE] 【本轮的坐标】：(np.int64(1582), np.int64(462)) ------------
2025-10-20 05:47:25 [TRACE] 【已点击过的坐标】：[(-10, -10), (np.int64(1174), np.int64(461)), (np.int64(1581), np.int64(461)), (np.int64(1988), np.int64(461))]
2025-10-20 05:47:25 [TRACE] 【坐标太近】视为重复
2025-10-20 05:47:25 [TRACE] 【没有通过的坐标】开始下一轮
2025-10-20 05:47:25 [TRACE] 【本轮的坐标】：(np.int64(1987), np.int64(462)) ------------
2025-10-20 05:47:25 [TRACE] 【已点击过的坐标】：[(-10, -10), (np.int64(1174), np.int64(461)), (np.int64(1581), np.int64(461)), (np.int64(1988), np.int64(461))]
2025-10-20 05:47:25 [TRACE] 【坐标太近】视为重复
2025-10-20 05:47:25 [TRACE] 【没有通过的坐标】开始下一轮
2025-10-20 05:47:25 [TRACE] 【本轮的坐标】：(np.int64(1988), np.int64(462)) ------------
2025-10-20 05:47:25 [TRACE] 【已点击过的坐标】：[(-10, -10), (np.int64(1174), np.int64(461)), (np.int64(1581), np.int64(461)), (np.int64(1988), np.int64(461))]
2025-10-20 05:47:25 [TRACE] 【坐标太近】视为重复
2025-10-20 05:47:25 [TRACE] 【没有通过的坐标】开始下一轮
2025-10-20 05:47:25 [TRACE] 【本轮的坐标】：(np.int64(1989), np.int64(462)) ------------
2025-10-20 05:47:25 [TRACE] 【已点击过的坐标】：[(-10, -10), (np.int64(1174), np.int64(461)), (np.int64(1581), np.int64(461)), (np.int64(1988), np.int64(461))]
2025-10-20 05:47:25 [TRACE] 【坐标太近】视为重复
2025-10-20 05:47:25 [TRACE] 【没有通过的坐标】开始下一轮
2025-10-20 05:47:25 [TRACE] 【本轮的坐标】：(np.int64(1990), np.int64(462)) ------------
2025-10-20 05:47:25 [TRACE] 【已点击过的坐标】：[(-10, -10), (np.int64(1174), np.int64(461)), (np.int64(1581), np.int64(461)), (np.int64(1988), np.int64(461))]
2025-10-20 05:47:25 [TRACE] 【坐标太近】视为重复
2025-10-20 05:47:25 [TRACE] 【没有通过的坐标】开始下一轮
2025-10-20 05:47:25 [TRACE] 【本轮的坐标】：(np.int64(1174), np.int64(463)) ------------
2025-10-20 05:47:25 [TRACE] 【已点击过的坐标】：[(-10, -10), (np.int64(1174), np.int64(461)), (np.int64(1581), np.int64(461)), (np.int64(1988), np.int64(461))]
2025-10-20 05:47:25 [TRACE] 【坐标太近】视为重复
2025-10-20 05:47:25 [TRACE] 【没有通过的坐标】开始下一轮
2025-10-20 05:47:25 [TRACE] 【本轮的坐标】：(np.int64(1581), np.int64(463)) ------------
2025-10-20 05:47:25 [TRACE] 【已点击过的坐标】：[(-10, -10), (np.int64(1174), np.int64(461)), (np.int64(1581), np.int64(461)), (np.int64(1988), np.int64(461))]
2025-10-20 05:47:25 [TRACE] 【坐标太近】视为重复
2025-10-20 05:47:25 [TRACE] 【没有通过的坐标】开始下一轮
2025-10-20 05:47:25 [TRACE] 【本轮的坐标】：(np.int64(1988), np.int64(463)) ------------
2025-10-20 05:47:25 [TRACE] 【已点击过的坐标】：[(-10, -10), (np.int64(1174), np.int64(461)), (np.int64(1581), np.int64(461)), (np.int64(1988), np.int64(461))]
2025-10-20 05:47:25 [TRACE] 【坐标太近】视为重复
2025-10-20 05:47:25 [TRACE] 【没有通过的坐标】开始下一轮
2025-10-20 05:47:25 [TRACE] 【完成所有点击】有效次数：3
2025-10-20 05:47:27 [TRACE] 【目标检测】屏幕内没有目标
2025-10-20 05:47:27 [TRACE] 【目标检测】屏幕内没有目标
2025-10-20 05:47:28 [TRACE] 【目标检测】屏幕内没有目标
2025-10-20 05:47:30 [TRACE] 【目标检测】屏幕内没有目标
2025-10-20 05:47:30 [TRACE] 【目标检测】屏幕内没有目标
2025-10-20 05:47:32 [TRACE] 【状态】搜索模式：C:\Users\gelon\Desktop\ZA-Lite\assets/images/hollow\next_area.png 置信度：0.9999995231628418
2025-10-20 05:47:33 [TRACE] 【目标检测】屏幕内没有目标
2025-10-20 05:47:38 [TRACE] 【目标检测】TRAPPED！ 类型：red_portal 置信度：0.7390466332435608
2025-10-20 05:47:38 [TRACE] 【状态】进入BOSS战，攻击检测预启动
2025-10-20 05:47:43 [TRACE] 【空洞监听】无匹配已持续：0秒
2025-10-20 05:47:45 [TRACE] 【目标检测】屏幕内没有目标
2025-10-20 05:47:47 [TRACE] 【目标检测】屏幕内没有目标
2025-10-20 05:47:48 [TRACE] 【目标检测】屏幕内没有目标
2025-10-20 05:47:49 [TRACE] 【目标检测】屏幕内没有目标
2025-10-20 05:47:50 [TRACE] 【空洞监听】无匹配已持续：6秒
2025-10-20 05:47:51 [TRACE] 【目标检测】屏幕内没有目标
2025-10-20 05:47:53 [TRACE] 【目标检测】屏幕内没有目标
2025-10-20 05:47:55 [TRACE] 【目标检测】屏幕内没有目标
2025-10-20 05:47:56 [TRACE] 【目标检测】屏幕内没有目标
2025-10-20 05:47:56 [TRACE] 【空洞监听】无匹配已持续：13秒
2025-10-20 05:47:58 [TRACE] 【目标检测】屏幕内没有目标
2025-10-20 05:47:59 [TRACE] 【目标检测】屏幕内没有目标
2025-10-20 05:48:00 [TRACE] 【状态】战斗模式：C:\Users\gelon\Desktop\ZA-Lite\assets/images/hollow\battle_5.png 置信度：0.9710385799407959
2025-10-20 05:48:07 [TRACE] 【状态】战斗模式：C:\Users\gelon\Desktop\ZA-Lite\assets/images/hollow\battle_5.png 置信度：0.9955155849456787
2025-10-20 05:48:13 [TRACE] 【状态】战斗模式：C:\Users\gelon\Desktop\ZA-Lite\assets/images/hollow\battle_5.png 置信度：0.9918823838233948
2025-10-20 05:48:22 [TRACE] 【空洞监听】无匹配已持续：0秒
2025-10-20 05:48:28 [TRACE] 【空洞监听】无匹配已持续：6秒
2025-10-20 05:48:35 [TRACE] 【空洞监听】无匹配已持续：12秒
2025-10-20 05:48:41 [TRACE] 【空洞监听】无匹配已持续：18秒
2025-10-20 05:48:47 [TRACE] 【空洞监听】无匹配已持续：24秒
2025-10-20 05:48:53 [TRACE] 【空洞监听】无匹配已持续：30秒
2025-10-20 05:48:59 [TRACE] 【空洞监听】无匹配已持续：36秒
2025-10-20 05:49:05 [WARNING] 代理人死亡，空洞任务失败
2025-10-20 05:49:05 [TRACE] 【1】等待目标中 C:\Users\gelon\Desktop\ZA-Lite\assets/images/hollow\mission_completed.png
2025-10-20 05:49:06 [TRACE] 【2】等待目标中 C:\Users\gelon\Desktop\ZA-Lite\assets/images/hollow\mission_completed.png
2025-10-20 05:49:07 [TRACE] 【3】等待目标中 C:\Users\gelon\Desktop\ZA-Lite\assets/images/hollow\mission_completed.png
2025-10-20 05:49:08 [TRACE] 【4】等待目标中 C:\Users\gelon\Desktop\ZA-Lite\assets/images/hollow\mission_completed.png
2025-10-20 05:49:09 [TRACE] 【目标出现】C:\Users\gelon\Desktop\ZA-Lite\assets/images/hollow\mission_completed.png 置信度：0.9999998807907104
2025-10-20 05:49:10 [INFO] 本轮耗时:20分钟
2025-10-20 05:49:10 [INFO] 当前已完成空洞 0 次 
2025-10-20 05:49:10 [DEBUG] 正在返回菜单
2025-10-20 05:49:10 [TRACE] 正在返回菜单,请保持游戏画面处于前台
2025-10-20 05:49:12 [TRACE] 正在返回菜单,请保持游戏画面处于前台
2025-10-20 05:49:15 [TRACE] 正在返回菜单,请保持游戏画面处于前台
2025-10-20 05:49:17 [TRACE] 正在返回菜单,请保持游戏画面处于前台
2025-10-20 05:49:19 [TRACE] 正在返回菜单,请保持游戏画面处于前台
2025-10-20 05:49:22 [TRACE] 正在返回菜单,请保持游戏画面处于前台
2025-10-20 05:49:24 [TRACE] 现在处于大厅
2025-10-20 05:49:24 [INFO] 执行零号空洞任务中
2025-10-20 05:49:25 [TRACE] 【1】等待目标中 C:\Users\gelon\Desktop\ZA-Lite\assets/images/hollow\combat.png
2025-10-20 05:49:26 [TRACE] 【目标出现】C:\Users\gelon\Desktop\ZA-Lite\assets/images/hollow\combat.png 置信度：0.976318359375
2025-10-20 05:49:27 [TRACE] 【目标出现】C:\Users\gelon\Desktop\ZA-Lite\assets/images/hollow\zero_hollow.png 置信度：0.9999947547912598
2025-10-20 05:49:28 [TRACE] 【目标出现】C:\Users\gelon\Desktop\ZA-Lite\assets/images/hollow\go_hollow.png 置信度：0.9945945143699646
2025-10-20 05:49:30 [TRACE] 【目标出现】C:\Users\gelon\Desktop\ZA-Lite\assets/images/hollow\confirm.png 置信度：0.9839437007904053
2025-10-20 05:49:31 [TRACE] 【1】等待目标中 C:\Users\gelon\Desktop\ZA-Lite\assets/images/hollow\hollow_taskforce.png
2025-10-20 05:49:32 [TRACE] 【2】等待目标中 C:\Users\gelon\Desktop\ZA-Lite\assets/images/hollow\hollow_taskforce.png
2025-10-20 05:49:33 [TRACE] 【3】等待目标中 C:\Users\gelon\Desktop\ZA-Lite\assets/images/hollow\hollow_taskforce.png
2025-10-20 05:49:34 [TRACE] 【目标出现】C:\Users\gelon\Desktop\ZA-Lite\assets/images/hollow\hollow_taskforce.png 置信度：0.9999887347221375
2025-10-20 05:49:35 [TRACE] 【目标出现】C:\Users\gelon\Desktop\ZA-Lite\assets/images/hollow\strategy.png 置信度：0.9999997019767761
2025-10-20 05:49:36 [TRACE] 【1】等待目标中 C:\Users\gelon\Desktop\ZA-Lite\assets/images/hollow\strategy_confirm.png
2025-10-20 05:49:37 [TRACE] 【目标出现】C:\Users\gelon\Desktop\ZA-Lite\assets/images/hollow\strategy_confirm.png 置信度：0.9999998211860657
2025-10-20 05:49:38 [TRACE] 【目标出现】C:\Users\gelon\Desktop\ZA-Lite\assets/images/hollow\next_step.png 置信度：0.9775468111038208
2025-10-20 05:49:40 [TRACE] 【目标出现】C:\Users\gelon\Desktop\ZA-Lite\assets/images/daily\squad_preset.png 置信度：0.9862318634986877
2025-10-20 05:49:41 [TRACE] 【目标出现】C:\Users\gelon\Desktop\ZA-Lite\assets/images/daily\squad_3.png 置信度：0.9703430533409119
2025-10-20 05:49:42 [TRACE] 【目标出现】C:\Users\gelon\Desktop\ZA-Lite\assets/images/daily\select_squad.png 置信度：0.9682429432868958
2025-10-20 05:49:43 [TRACE] 【目标出现】C:\Users\gelon\Desktop\ZA-Lite\assets/images/hollow\start_battle.png 置信度：0.9802897572517395
2025-10-20 05:49:45 [TRACE] 【目标检测】屏幕内没有目标
2025-10-20 05:49:46 [TRACE] 【目标检测】屏幕内没有目标
2025-10-20 05:49:47 [TRACE] 【目标检测】屏幕内没有目标
2025-10-20 05:49:48 [TRACE] 【目标检测】屏幕内没有目标
2025-10-20 05:49:49 [TRACE] 【目标检测】屏幕内没有目标
2025-10-20 05:49:50 [TRACE] 【空洞监听】无匹配已持续：0秒
2025-10-20 05:49:51 [TRACE] 【目标检测】屏幕内没有目标
2025-10-20 05:49:51 [TRACE] 【目标检测】屏幕内没有目标
2025-10-20 05:49:52 [TRACE] 【目标检测】屏幕内没有目标
2025-10-20 05:49:53 [TRACE] 【目标检测】屏幕内没有目标
2025-10-20 05:49:54 [TRACE] 【目标检测】屏幕内没有目标
2025-10-20 05:49:55 [TRACE] 【空洞监听】无匹配已持续：4秒
2025-10-20 05:49:56 [TRACE] 【目标检测】屏幕内没有目标
2025-10-20 05:49:57 [TRACE] 【目标检测】屏幕内没有目标
2025-10-20 05:49:58 [TRACE] 【目标检测】屏幕内没有目标
2025-10-20 05:49:59 [TRACE] 【目标检测】屏幕内没有目标
2025-10-20 05:50:00 [TRACE] 【目标检测】屏幕内没有目标
2025-10-20 05:50:01 [TRACE] 【空洞监听】无匹配已持续：10秒
2025-10-20 05:50:03 [TRACE] 【目标检测】屏幕内没有目标
2025-10-20 05:50:03 [TRACE] 【目标检测】屏幕内没有目标
2025-10-20 05:50:04 [TRACE] 【目标检测】屏幕内没有目标
2025-10-20 05:50:05 [TRACE] 【目标检测】屏幕内没有目标
2025-10-20 05:50:06 [TRACE] 【目标检测】屏幕内没有目标
2025-10-20 05:50:06 [TRACE] 【空洞监听】无匹配已持续：16秒
2025-10-20 05:50:10 [TRACE] 【目标检测】TRAPPED！ 类型：interact 置信度：0.9324275851249695
2025-10-20 05:50:11 [TRACE] 【空洞监听】无匹配已持续：21秒
2025-10-20 05:50:16 [TRACE] 【目标检测】屏幕内没有目标
2025-10-20 05:50:17 [TRACE] 【目标检测】屏幕内没有目标
2025-10-20 05:50:18 [TRACE] 【目标检测】目标存在，但置信度不足
2025-10-20 05:50:18 [TRACE] 【状态】搜索模式：C:\Users\gelon\Desktop\ZA-Lite\assets/images/hollow\card.png 置信度：0.9999992847442627
2025-10-20 05:50:19 [TRACE] 【目标检测】屏幕内没有目标
2025-10-20 05:50:20 [TRACE] 【目标检测】目标存在，但置信度不足
2025-10-20 05:50:21 [TRACE] 【目标检测】目标存在，但置信度不足
2025-10-20 05:50:21 [TRACE] 【目标检测】屏幕内没有目标
2025-10-20 05:50:22 [TRACE] 【目标检测】屏幕内没有目标
2025-10-20 05:50:24 [TRACE] 【目标检测】屏幕内没有目标
2025-10-20 05:50:29 [TRACE] 【目标检测】TRAPPED！ 类型：interact 置信度：0.9392828345298767
2025-10-20 05:50:29 [TRACE] 【空洞监听】无匹配已持续：0秒
2025-10-20 05:50:36 [TRACE] 【目标检测】目标存在，但置信度不足
2025-10-20 05:50:36 [TRACE] 【目标检测】目标存在，但置信度不足
2025-10-20 05:50:37 [TRACE] 【目标检测】目标存在，但置信度不足
2025-10-20 05:50:38 [TRACE] 【目标检测】目标存在，但置信度不足
2025-10-20 05:50:39 [TRACE] 【目标检测】目标存在，但置信度不足
2025-10-20 05:50:40 [TRACE] 【目标检测】目标存在，但置信度不足
2025-10-20 05:50:46 [TRACE] 【目标检测】微调超时，无法对齐！
2025-10-20 05:50:47 [TRACE] 【空洞监听】无匹配已持续：0秒
2025-10-20 05:50:51 [TRACE] 【目标检测】TRAPPED！ 类型：interact 置信度：0.922482967376709
2025-10-20 05:50:53 [TRACE] 【空洞监听】无匹配已持续：5秒
2025-10-20 05:50:57 [TRACE] 【目标检测】屏幕内没有目标
2025-10-20 05:51:01 [TRACE] 【目标检测】目标存在，但置信度不足
2025-10-20 05:51:02 [TRACE] 【状态】搜索模式：C:\Users\gelon\Desktop\ZA-Lite\assets/images/hollow\meter.png 置信度：0.9632949233055115
2025-10-20 05:51:03 [TRACE] 【目标检测】目标存在，但置信度不足
2025-10-20 05:51:05 [TRACE] 【目标检测】微调超时，无法对齐！
2025-10-20 05:51:07 [TRACE] 【目标检测】屏幕内没有目标
2025-10-20 05:51:08 [TRACE] 【状态】搜索模式：C:\Users\gelon\Desktop\ZA-Lite\assets/images/hollow\meter.png 置信度：0.9963778257369995
2025-10-20 05:51:10 [TRACE] 【目标检测】目标存在，但置信度不足
2025-10-20 05:51:13 [TRACE] 【目标检测】微调超时，无法对齐！
2025-10-20 05:51:13 [TRACE] 【状态】搜索模式：C:\Users\gelon\Desktop\ZA-Lite\assets/images/hollow\meter.png 置信度：0.9555960297584534
2025-10-20 05:51:14 [TRACE] 【目标检测】屏幕内没有目标
2025-10-20 05:51:20 [TRACE] 【目标检测】微调超时，无法对齐！
2025-10-20 05:51:22 [TRACE] 【目标检测】TRAPPED！ 类型：guide_point 置信度：0.7884153723716736
2025-10-20 05:51:22 [TRACE] 【空洞监听】无匹配已持续：0秒
2025-10-20 05:51:28 [TRACE] 【目标检测】屏幕内没有目标
2025-10-20 05:51:29 [TRACE] 【目标检测】屏幕内没有目标
2025-10-20 05:51:30 [TRACE] 【目标检测】屏幕内没有目标
2025-10-20 05:51:31 [TRACE] 【目标检测】屏幕内没有目标
2025-10-20 05:51:32 [TRACE] 【目标检测】屏幕内没有目标
2025-10-20 05:51:35 [TRACE] 【目标检测】TRAPPED！ 类型：guide_point 置信度：0.8844342827796936
2025-10-20 05:51:37 [TRACE] 【状态】搜索模式：C:\Users\gelon\Desktop\ZA-Lite\assets/images/hollow\meter.png 置信度：0.9479649066925049
2025-10-20 05:51:40 [TRACE] 【目标检测】TRAPPED！ 类型：guide_point 置信度：0.9122347831726074
2025-10-20 05:51:44 [TRACE] 【空洞监听】无匹配已持续：0秒
2025-10-20 05:51:49 [TRACE] 【目标检测】TRAPPED！ 类型：blue_portal 置信度：0.9301449656486511
2025-10-20 05:51:50 [TRACE] 【空洞监听】无匹配已持续：5秒
2025-10-20 05:51:55 [TRACE] 【空洞监听】无匹配已持续：11秒
2025-10-20 05:51:58 [TRACE] 【目标检测】微调超时，无法对齐！
2025-10-20 05:52:01 [TRACE] 【空洞监听】无匹配已持续：17秒
2025-10-20 05:52:02 [TRACE] 【目标检测】TRAPPED！ 类型：blue_portal 置信度：0.9575051665306091
2025-10-20 05:52:06 [TRACE] 【空洞监听】无匹配已持续：21秒
2025-10-20 05:52:08 [TRACE] 【目标检测】屏幕内没有目标
2025-10-20 05:52:09 [TRACE] 【目标检测】屏幕内没有目标
2025-10-20 05:52:10 [TRACE] 【目标检测】屏幕内没有目标
2025-10-20 05:52:11 [TRACE] 【目标检测】屏幕内没有目标
2025-10-20 05:52:12 [TRACE] 【空洞监听】无匹配已持续：27秒
2025-10-20 05:52:12 [TRACE] 【目标检测】屏幕内没有目标
2025-10-20 05:52:14 [TRACE] 【状态】战斗模式：C:\Users\gelon\Desktop\ZA-Lite\assets/images/hollow\battle_3.png 置信度：0.9976649284362793
2025-10-20 05:52:15 [TRACE] 【目标检测】屏幕内没有目标
2025-10-20 05:52:18 [TRACE] 【状态】战斗模式：正在受到攻击
2025-10-20 05:52:22 [TRACE] 【状态】战斗模式：C:\Users\gelon\Desktop\ZA-Lite\assets/images/hollow\battle_5.png 置信度：0.9637799263000488
2025-10-20 05:52:24 [TRACE] 【状态】战斗模式：正在受到攻击
2025-10-20 05:52:31 [TRACE] 【状态】战斗模式：正在受到攻击
2025-10-20 05:52:39 [TRACE] 【状态】搜索模式：C:\Users\gelon\Desktop\ZA-Lite\assets/images/hollow\next_area.png 置信度：0.9999997019767761
2025-10-20 05:52:39 [TRACE] 【目标检测】屏幕内没有目标
2025-10-20 05:52:40 [TRACE] 【目标检测】屏幕内没有目标
2025-10-20 05:52:41 [TRACE] 【目标检测】屏幕内没有目标
2025-10-20 05:52:42 [TRACE] 【目标检测】屏幕内没有目标
2025-10-20 05:52:44 [TRACE] 【目标检测】屏幕内没有目标
2025-10-20 05:52:46 [TRACE] 【目标检测】屏幕内没有目标
2025-10-20 05:52:49 [TRACE] 【空洞监听】无匹配已持续：0秒
2025-10-20 05:52:50 [TRACE] 【目标检测】TRAPPED！ 类型：blue_portal 置信度：0.904931366443634
2025-10-20 05:52:54 [TRACE] 【空洞监听】无匹配已持续：5秒
2025-10-20 05:52:57 [TRACE] 【目标检测】屏幕内没有目标
2025-10-20 05:52:57 [TRACE] 【目标检测】屏幕内没有目标
2025-10-20 05:52:59 [TRACE] 【目标检测】屏幕内没有目标
2025-10-20 05:53:00 [TRACE] 【目标检测】屏幕内没有目标
2025-10-20 05:53:00 [TRACE] 【空洞监听】无匹配已持续：11秒
2025-10-20 05:53:02 [TRACE] 【目标检测】屏幕内没有目标
2025-10-20 05:53:03 [TRACE] 【状态】战斗模式：C:\Users\gelon\Desktop\ZA-Lite\assets/images/hollow\battle_2.png 置信度：0.9999999403953552
2025-10-20 05:53:03 [TRACE] 【状态】战斗模式：C:\Users\gelon\Desktop\ZA-Lite\assets/images/hollow\battle_3.png 置信度：0.999999463558197
2025-10-20 05:53:13 [TRACE] 【空洞监听】无匹配已持续：0秒
2025-10-20 05:53:16 [TRACE] 【状态】战斗模式：C:\Users\gelon\Desktop\ZA-Lite\assets/images/hollow\battle_5.png 置信度：0.9706419706344604
2025-10-20 05:53:19 [TRACE] 【状态】战斗模式：正在受到攻击
2025-10-20 05:53:23 [TRACE] 【状态】战斗模式：C:\Users\gelon\Desktop\ZA-Lite\assets/images/hollow\battle_5.png 置信度：0.9849135875701904
2025-10-20 05:53:33 [TRACE] 【状态】搜索模式：C:\Users\gelon\Desktop\ZA-Lite\assets/images/hollow\next_area.png 置信度：0.9999997019767761
2025-10-20 05:53:37 [TRACE] 【目标检测】微调超时，无法对齐！
2025-10-20 05:53:41 [TRACE] 【目标检测】TRAPPED！ 类型：blue_portal 置信度：0.9830561876296997
2025-10-20 05:53:42 [TRACE] 【空洞监听】无匹配已持续：0秒
2025-10-20 05:53:48 [TRACE] 【空洞监听】无匹配已持续：5秒
2025-10-20 05:53:50 [TRACE] 【目标检测】TRAPPED！ 类型：interact 置信度：0.9090042114257812
2025-10-20 05:53:53 [TRACE] 【空洞监听】无匹配已持续：10秒
2025-10-20 05:53:54 [TRACE] 【目标检测】屏幕内没有目标
2025-10-20 05:53:59 [TRACE] 【空洞监听】无匹配已持续：16秒
2025-10-20 05:53:59 [TRACE] 【目标检测】TRAPPED！ 类型：interact 置信度：0.9596585035324097
2025-10-20 05:54:04 [TRACE] 【状态】搜索模式：C:\Users\gelon\Desktop\ZA-Lite\assets/images/hollow\resonium.png 置信度：0.9999998807907104
2025-10-20 05:54:05 [TRACE] 【目标出现】C:\Users\gelon\Desktop\ZA-Lite\assets/images/hollow\resonium.png 置信度：1.0
2025-10-20 05:54:05 [TRACE] 【本轮的坐标】：(np.int64(1174), np.int64(461)) ------------
2025-10-20 05:54:05 [TRACE] 【已点击过的坐标】：[(-10, -10)]
2025-10-20 05:54:05 [TRACE] 【成功点击】
2025-10-20 05:54:05 [TRACE] 【目标检测】屏幕内没有目标
2025-10-20 05:54:05 [TRACE] 【目标检测】屏幕内没有目标
2025-10-20 05:54:05 [TRACE] 【本轮的坐标】：(np.int64(1581), np.int64(461)) ------------
2025-10-20 05:54:05 [TRACE] 【已点击过的坐标】：[(-10, -10), (np.int64(1174), np.int64(461))]
2025-10-20 05:54:05 [TRACE] 【成功点击】
2025-10-20 05:54:06 [TRACE] 【本轮的坐标】：(np.int64(1582), np.int64(461)) ------------
2025-10-20 05:54:06 [TRACE] 【已点击过的坐标】：[(-10, -10), (np.int64(1174), np.int64(461)), (np.int64(1581), np.int64(461))]
2025-10-20 05:54:06 [TRACE] 【坐标太近】视为重复
2025-10-20 05:54:06 [TRACE] 【没有通过的坐标】开始下一轮
2025-10-20 05:54:06 [TRACE] 【本轮的坐标】：(np.int64(1988), np.int64(461)) ------------
2025-10-20 05:54:06 [TRACE] 【已点击过的坐标】：[(-10, -10), (np.int64(1174), np.int64(461)), (np.int64(1581), np.int64(461))]
2025-10-20 05:54:06 [TRACE] 【成功点击】
2025-10-20 05:54:06 [TRACE] 【目标检测】屏幕内没有目标
2025-10-20 05:54:07 [TRACE] 【本轮的坐标】：(np.int64(1989), np.int64(461)) ------------
2025-10-20 05:54:07 [TRACE] 【已点击过的坐标】：[(-10, -10), (np.int64(1174), np.int64(461)), (np.int64(1581), np.int64(461)), (np.int64(1988), np.int64(461))]
2025-10-20 05:54:07 [TRACE] 【坐标太近】视为重复
2025-10-20 05:54:07 [TRACE] 【没有通过的坐标】开始下一轮
2025-10-20 05:54:07 [TRACE] 【本轮的坐标】：(np.int64(1173), np.int64(462)) ------------
2025-10-20 05:54:07 [TRACE] 【已点击过的坐标】：[(-10, -10), (np.int64(1174), np.int64(461)), (np.int64(1581), np.int64(461)), (np.int64(1988), np.int64(461))]
2025-10-20 05:54:07 [TRACE] 【坐标太近】视为重复
2025-10-20 05:54:07 [TRACE] 【没有通过的坐标】开始下一轮
2025-10-20 05:54:07 [TRACE] 【本轮的坐标】：(np.int64(1174), np.int64(462)) ------------
2025-10-20 05:54:07 [TRACE] 【已点击过的坐标】：[(-10, -10), (np.int64(1174), np.int64(461)), (np.int64(1581), np.int64(461)), (np.int64(1988), np.int64(461))]
2025-10-20 05:54:07 [TRACE] 【坐标太近】视为重复
2025-10-20 05:54:07 [TRACE] 【没有通过的坐标】开始下一轮
2025-10-20 05:54:07 [TRACE] 【本轮的坐标】：(np.int64(1175), np.int64(462)) ------------
2025-10-20 05:54:07 [TRACE] 【已点击过的坐标】：[(-10, -10), (np.int64(1174), np.int64(461)), (np.int64(1581), np.int64(461)), (np.int64(1988), np.int64(461))]
2025-10-20 05:54:07 [TRACE] 【坐标太近】视为重复
2025-10-20 05:54:07 [TRACE] 【没有通过的坐标】开始下一轮
2025-10-20 05:54:07 [TRACE] 【本轮的坐标】：(np.int64(1580), np.int64(462)) ------------
2025-10-20 05:54:07 [TRACE] 【已点击过的坐标】：[(-10, -10), (np.int64(1174), np.int64(461)), (np.int64(1581), np.int64(461)), (np.int64(1988), np.int64(461))]
2025-10-20 05:54:07 [TRACE] 【坐标太近】视为重复
2025-10-20 05:54:07 [TRACE] 【没有通过的坐标】开始下一轮
2025-10-20 05:54:07 [TRACE] 【本轮的坐标】：(np.int64(1581), np.int64(462)) ------------
2025-10-20 05:54:07 [TRACE] 【已点击过的坐标】：[(-10, -10), (np.int64(1174), np.int64(461)), (np.int64(1581), np.int64(461)), (np.int64(1988), np.int64(461))]
2025-10-20 05:54:07 [TRACE] 【坐标太近】视为重复
2025-10-20 05:54:07 [TRACE] 【没有通过的坐标】开始下一轮
2025-10-20 05:54:07 [TRACE] 【本轮的坐标】：(np.int64(1582), np.int64(462)) ------------
2025-10-20 05:54:07 [TRACE] 【已点击过的坐标】：[(-10, -10), (np.int64(1174), np.int64(461)), (np.int64(1581), np.int64(461)), (np.int64(1988), np.int64(461))]
2025-10-20 05:54:07 [TRACE] 【坐标太近】视为重复
2025-10-20 05:54:07 [TRACE] 【没有通过的坐标】开始下一轮
2025-10-20 05:54:07 [TRACE] 【本轮的坐标】：(np.int64(1987), np.int64(462)) ------------
2025-10-20 05:54:07 [TRACE] 【已点击过的坐标】：[(-10, -10), (np.int64(1174), np.int64(461)), (np.int64(1581), np.int64(461)), (np.int64(1988), np.int64(461))]
2025-10-20 05:54:07 [TRACE] 【坐标太近】视为重复
2025-10-20 05:54:07 [TRACE] 【没有通过的坐标】开始下一轮
2025-10-20 05:54:07 [TRACE] 【本轮的坐标】：(np.int64(1988), np.int64(462)) ------------
2025-10-20 05:54:07 [TRACE] 【已点击过的坐标】：[(-10, -10), (np.int64(1174), np.int64(461)), (np.int64(1581), np.int64(461)), (np.int64(1988), np.int64(461))]
2025-10-20 05:54:07 [TRACE] 【坐标太近】视为重复
2025-10-20 05:54:07 [TRACE] 【没有通过的坐标】开始下一轮
2025-10-20 05:54:07 [TRACE] 【本轮的坐标】：(np.int64(1989), np.int64(462)) ------------
2025-10-20 05:54:07 [TRACE] 【已点击过的坐标】：[(-10, -10), (np.int64(1174), np.int64(461)), (np.int64(1581), np.int64(461)), (np.int64(1988), np.int64(461))]
2025-10-20 05:54:07 [TRACE] 【坐标太近】视为重复
2025-10-20 05:54:07 [TRACE] 【没有通过的坐标】开始下一轮
2025-10-20 05:54:07 [TRACE] 【本轮的坐标】：(np.int64(1990), np.int64(462)) ------------
2025-10-20 05:54:07 [TRACE] 【已点击过的坐标】：[(-10, -10), (np.int64(1174), np.int64(461)), (np.int64(1581), np.int64(461)), (np.int64(1988), np.int64(461))]
2025-10-20 05:54:07 [TRACE] 【坐标太近】视为重复
2025-10-20 05:54:07 [TRACE] 【没有通过的坐标】开始下一轮
2025-10-20 05:54:07 [TRACE] 【本轮的坐标】：(np.int64(1174), np.int64(463)) ------------
2025-10-20 05:54:07 [TRACE] 【已点击过的坐标】：[(-10, -10), (np.int64(1174), np.int64(461)), (np.int64(1581), np.int64(461)), (np.int64(1988), np.int64(461))]
2025-10-20 05:54:07 [TRACE] 【坐标太近】视为重复
2025-10-20 05:54:07 [TRACE] 【没有通过的坐标】开始下一轮
2025-10-20 05:54:07 [TRACE] 【本轮的坐标】：(np.int64(1581), np.int64(463)) ------------
2025-10-20 05:54:07 [TRACE] 【已点击过的坐标】：[(-10, -10), (np.int64(1174), np.int64(461)), (np.int64(1581), np.int64(461)), (np.int64(1988), np.int64(461))]
2025-10-20 05:54:07 [TRACE] 【坐标太近】视为重复
2025-10-20 05:54:07 [TRACE] 【没有通过的坐标】开始下一轮
2025-10-20 05:54:07 [TRACE] 【本轮的坐标】：(np.int64(1988), np.int64(463)) ------------
2025-10-20 05:54:07 [TRACE] 【已点击过的坐标】：[(-10, -10), (np.int64(1174), np.int64(461)), (np.int64(1581), np.int64(461)), (np.int64(1988), np.int64(461))]
2025-10-20 05:54:07 [TRACE] 【坐标太近】视为重复
2025-10-20 05:54:07 [TRACE] 【没有通过的坐标】开始下一轮
2025-10-20 05:54:07 [TRACE] 【完成所有点击】有效次数：3
2025-10-20 05:54:07 [TRACE] 【目标检测】屏幕内没有目标
2025-10-20 05:54:08 [TRACE] 【目标检测】屏幕内没有目标
2025-10-20 05:54:10 [TRACE] 【目标检测】屏幕内没有目标
2025-10-20 05:54:11 [TRACE] 【目标检测】屏幕内没有目标
2025-10-20 05:54:13 [TRACE] 【目标检测】TRAPPED！ 类型：blue_portal 置信度：0.9390758872032166
2025-10-20 05:54:18 [TRACE] 【目标检测】TRAPPED！ 类型：blue_portal 置信度：0.9639814496040344
2025-10-20 05:54:18 [TRACE] 【空洞监听】无匹配已持续：0秒
2025-10-20 05:54:23 [TRACE] 【空洞监听】无匹配已持续：4秒
2025-10-20 05:54:24 [TRACE] 【目标检测】屏幕内没有目标
2025-10-20 05:54:25 [TRACE] 【目标检测】屏幕内没有目标
2025-10-20 05:54:28 [TRACE] 【目标检测】屏幕内没有目标
2025-10-20 05:54:29 [TRACE] 【空洞监听】无匹配已持续：10秒
2025-10-20 05:54:30 [TRACE] 【目标检测】目标存在，但置信度不足
2025-10-20 05:54:33 [TRACE] 【目标检测】微调超时，无法对齐！
2025-10-20 05:54:34 [TRACE] 【空洞监听】无匹配已持续：16秒
2025-10-20 05:54:37 [TRACE] 【目标检测】TRAPPED！ 类型：interact 置信度：0.8839309215545654
2025-10-20 05:54:39 [TRACE] 【空洞监听】无匹配已持续：21秒
2025-10-20 05:54:42 [TRACE] 【目标检测】TRAPPED！ 类型：interact 置信度：0.9096429347991943
2025-10-20 05:54:44 [TRACE] 【空洞监听】无匹配已持续：26秒
2025-10-20 05:54:45 [TRACE] 【状态】搜索模式：C:\Users\gelon\Desktop\ZA-Lite\assets/images/hollow\resonium.png 置信度：0.9964371919631958
2025-10-20 05:54:45 [TRACE] 【目标出现】C:\Users\gelon\Desktop\ZA-Lite\assets/images/hollow\resonium.png 置信度：0.9999998807907104
2025-10-20 05:54:45 [TRACE] 【本轮的坐标】：(np.int64(1309), np.int64(441)) ------------
2025-10-20 05:54:45 [TRACE] 【已点击过的坐标】：[(-10, -10)]
2025-10-20 05:54:45 [TRACE] 【成功点击】
2025-10-20 05:54:46 [TRACE] 【本轮的坐标】：(np.int64(1310), np.int64(441)) ------------
2025-10-20 05:54:46 [TRACE] 【已点击过的坐标】：[(-10, -10), (np.int64(1309), np.int64(441))]
2025-10-20 05:54:46 [TRACE] 【坐标太近】视为重复
2025-10-20 05:54:46 [TRACE] 【没有通过的坐标】开始下一轮
2025-10-20 05:54:46 [TRACE] 【本轮的坐标】：(np.int64(1699), np.int64(441)) ------------
2025-10-20 05:54:46 [TRACE] 【已点击过的坐标】：[(-10, -10), (np.int64(1309), np.int64(441))]
2025-10-20 05:54:46 [TRACE] 【成功点击】
2025-10-20 05:54:47 [TRACE] 【本轮的坐标】：(np.int64(2088), np.int64(441)) ------------
2025-10-20 05:54:47 [TRACE] 【已点击过的坐标】：[(-10, -10), (np.int64(1309), np.int64(441)), (np.int64(1699), np.int64(441))]
2025-10-20 05:54:47 [TRACE] 【成功点击】
2025-10-20 05:54:47 [TRACE] 【本轮的坐标】：(np.int64(2089), np.int64(441)) ------------
2025-10-20 05:54:47 [TRACE] 【已点击过的坐标】：[(-10, -10), (np.int64(1309), np.int64(441)), (np.int64(1699), np.int64(441)), (np.int64(2088), np.int64(441))]
2025-10-20 05:54:47 [TRACE] 【坐标太近】视为重复
2025-10-20 05:54:47 [TRACE] 【没有通过的坐标】开始下一轮
2025-10-20 05:54:47 [TRACE] 【本轮的坐标】：(np.int64(2478), np.int64(441)) ------------
2025-10-20 05:54:47 [TRACE] 【已点击过的坐标】：[(-10, -10), (np.int64(1309), np.int64(441)), (np.int64(1699), np.int64(441)), (np.int64(2088), np.int64(441))]
2025-10-20 05:54:47 [TRACE] 【成功点击】
2025-10-20 05:54:48 [TRACE] 【本轮的坐标】：(np.int64(1308), np.int64(442)) ------------
2025-10-20 05:54:48 [TRACE] 【已点击过的坐标】：[(-10, -10), (np.int64(1309), np.int64(441)), (np.int64(1699), np.int64(441)), (np.int64(2088), np.int64(441)), (np.int64(2478), np.int64(441))]
2025-10-20 05:54:48 [TRACE] 【坐标太近】视为重复
2025-10-20 05:54:48 [TRACE] 【没有通过的坐标】开始下一轮
2025-10-20 05:54:48 [TRACE] 【本轮的坐标】：(np.int64(1309), np.int64(442)) ------------
2025-10-20 05:54:48 [TRACE] 【已点击过的坐标】：[(-10, -10), (np.int64(1309), np.int64(441)), (np.int64(1699), np.int64(441)), (np.int64(2088), np.int64(441)), (np.int64(2478), np.int64(441))]
2025-10-20 05:54:48 [TRACE] 【坐标太近】视为重复
2025-10-20 05:54:48 [TRACE] 【没有通过的坐标】开始下一轮
2025-10-20 05:54:48 [TRACE] 【本轮的坐标】：(np.int64(1310), np.int64(442)) ------------
2025-10-20 05:54:48 [TRACE] 【已点击过的坐标】：[(-10, -10), (np.int64(1309), np.int64(441)), (np.int64(1699), np.int64(441)), (np.int64(2088), np.int64(441)), (np.int64(2478), np.int64(441))]
2025-10-20 05:54:48 [TRACE] 【坐标太近】视为重复
2025-10-20 05:54:48 [TRACE] 【没有通过的坐标】开始下一轮
2025-10-20 05:54:48 [TRACE] 【本轮的坐标】：(np.int64(1698), np.int64(442)) ------------
2025-10-20 05:54:48 [TRACE] 【已点击过的坐标】：[(-10, -10), (np.int64(1309), np.int64(441)), (np.int64(1699), np.int64(441)), (np.int64(2088), np.int64(441)), (np.int64(2478), np.int64(441))]
2025-10-20 05:54:48 [TRACE] 【坐标太近】视为重复
2025-10-20 05:54:48 [TRACE] 【没有通过的坐标】开始下一轮
2025-10-20 05:54:48 [TRACE] 【本轮的坐标】：(np.int64(1699), np.int64(442)) ------------
2025-10-20 05:54:48 [TRACE] 【已点击过的坐标】：[(-10, -10), (np.int64(1309), np.int64(441)), (np.int64(1699), np.int64(441)), (np.int64(2088), np.int64(441)), (np.int64(2478), np.int64(441))]
2025-10-20 05:54:48 [TRACE] 【坐标太近】视为重复
2025-10-20 05:54:48 [TRACE] 【没有通过的坐标】开始下一轮
2025-10-20 05:54:48 [TRACE] 【本轮的坐标】：(np.int64(1700), np.int64(442)) ------------
2025-10-20 05:54:48 [TRACE] 【已点击过的坐标】：[(-10, -10), (np.int64(1309), np.int64(441)), (np.int64(1699), np.int64(441)), (np.int64(2088), np.int64(441)), (np.int64(2478), np.int64(441))]
2025-10-20 05:54:48 [TRACE] 【坐标太近】视为重复
2025-10-20 05:54:48 [TRACE] 【没有通过的坐标】开始下一轮
2025-10-20 05:54:48 [TRACE] 【本轮的坐标】：(np.int64(2087), np.int64(442)) ------------
2025-10-20 05:54:48 [TRACE] 【已点击过的坐标】：[(-10, -10), (np.int64(1309), np.int64(441)), (np.int64(1699), np.int64(441)), (np.int64(2088), np.int64(441)), (np.int64(2478), np.int64(441))]
2025-10-20 05:54:48 [TRACE] 【坐标太近】视为重复
2025-10-20 05:54:48 [TRACE] 【没有通过的坐标】开始下一轮
2025-10-20 05:54:48 [TRACE] 【本轮的坐标】：(np.int64(2088), np.int64(442)) ------------
2025-10-20 05:54:48 [TRACE] 【已点击过的坐标】：[(-10, -10), (np.int64(1309), np.int64(441)), (np.int64(1699), np.int64(441)), (np.int64(2088), np.int64(441)), (np.int64(2478), np.int64(441))]
2025-10-20 05:54:48 [TRACE] 【坐标太近】视为重复
2025-10-20 05:54:48 [TRACE] 【没有通过的坐标】开始下一轮
2025-10-20 05:54:48 [TRACE] 【本轮的坐标】：(np.int64(2089), np.int64(442)) ------------
2025-10-20 05:54:48 [TRACE] 【已点击过的坐标】：[(-10, -10), (np.int64(1309), np.int64(441)), (np.int64(1699), np.int64(441)), (np.int64(2088), np.int64(441)), (np.int64(2478), np.int64(441))]
2025-10-20 05:54:48 [TRACE] 【坐标太近】视为重复
2025-10-20 05:54:48 [TRACE] 【没有通过的坐标】开始下一轮
2025-10-20 05:54:48 [TRACE] 【本轮的坐标】：(np.int64(2090), np.int64(442)) ------------
2025-10-20 05:54:48 [TRACE] 【已点击过的坐标】：[(-10, -10), (np.int64(1309), np.int64(441)), (np.int64(1699), np.int64(441)), (np.int64(2088), np.int64(441)), (np.int64(2478), np.int64(441))]
2025-10-20 05:54:48 [TRACE] 【坐标太近】视为重复
2025-10-20 05:54:48 [TRACE] 【没有通过的坐标】开始下一轮
2025-10-20 05:54:48 [TRACE] 【本轮的坐标】：(np.int64(2477), np.int64(442)) ------------
2025-10-20 05:54:48 [TRACE] 【已点击过的坐标】：[(-10, -10), (np.int64(1309), np.int64(441)), (np.int64(1699), np.int64(441)), (np.int64(2088), np.int64(441)), (np.int64(2478), np.int64(441))]
2025-10-20 05:54:48 [TRACE] 【坐标太近】视为重复
2025-10-20 05:54:48 [TRACE] 【没有通过的坐标】开始下一轮
2025-10-20 05:54:48 [TRACE] 【本轮的坐标】：(np.int64(2478), np.int64(442)) ------------
2025-10-20 05:54:48 [TRACE] 【已点击过的坐标】：[(-10, -10), (np.int64(1309), np.int64(441)), (np.int64(1699), np.int64(441)), (np.int64(2088), np.int64(441)), (np.int64(2478), np.int64(441))]
2025-10-20 05:54:48 [TRACE] 【坐标太近】视为重复
2025-10-20 05:54:48 [TRACE] 【没有通过的坐标】开始下一轮
2025-10-20 05:54:48 [TRACE] 【本轮的坐标】：(np.int64(2479), np.int64(442)) ------------
2025-10-20 05:54:48 [TRACE] 【已点击过的坐标】：[(-10, -10), (np.int64(1309), np.int64(441)), (np.int64(1699), np.int64(441)), (np.int64(2088), np.int64(441)), (np.int64(2478), np.int64(441))]
2025-10-20 05:54:48 [TRACE] 【坐标太近】视为重复
2025-10-20 05:54:48 [TRACE] 【没有通过的坐标】开始下一轮
2025-10-20 05:54:48 [TRACE] 【本轮的坐标】：(np.int64(1309), np.int64(443)) ------------
2025-10-20 05:54:48 [TRACE] 【已点击过的坐标】：[(-10, -10), (np.int64(1309), np.int64(441)), (np.int64(1699), np.int64(441)), (np.int64(2088), np.int64(441)), (np.int64(2478), np.int64(441))]
2025-10-20 05:54:48 [TRACE] 【坐标太近】视为重复
2025-10-20 05:54:48 [TRACE] 【没有通过的坐标】开始下一轮
2025-10-20 05:54:48 [TRACE] 【本轮的坐标】：(np.int64(1698), np.int64(443)) ------------
2025-10-20 05:54:48 [TRACE] 【已点击过的坐标】：[(-10, -10), (np.int64(1309), np.int64(441)), (np.int64(1699), np.int64(441)), (np.int64(2088), np.int64(441)), (np.int64(2478), np.int64(441))]
2025-10-20 05:54:48 [TRACE] 【坐标太近】视为重复
2025-10-20 05:54:48 [TRACE] 【没有通过的坐标】开始下一轮
2025-10-20 05:54:48 [TRACE] 【本轮的坐标】：(np.int64(1699), np.int64(443)) ------------
2025-10-20 05:54:48 [TRACE] 【已点击过的坐标】：[(-10, -10), (np.int64(1309), np.int64(441)), (np.int64(1699), np.int64(441)), (np.int64(2088), np.int64(441)), (np.int64(2478), np.int64(441))]
2025-10-20 05:54:48 [TRACE] 【坐标太近】视为重复
2025-10-20 05:54:48 [TRACE] 【没有通过的坐标】开始下一轮
2025-10-20 05:54:48 [TRACE] 【本轮的坐标】：(np.int64(2088), np.int64(443)) ------------
2025-10-20 05:54:48 [TRACE] 【已点击过的坐标】：[(-10, -10), (np.int64(1309), np.int64(441)), (np.int64(1699), np.int64(441)), (np.int64(2088), np.int64(441)), (np.int64(2478), np.int64(441))]
2025-10-20 05:54:48 [TRACE] 【坐标太近】视为重复
2025-10-20 05:54:48 [TRACE] 【没有通过的坐标】开始下一轮
2025-10-20 05:54:48 [TRACE] 【本轮的坐标】：(np.int64(2478), np.int64(443)) ------------
2025-10-20 05:54:48 [TRACE] 【已点击过的坐标】：[(-10, -10), (np.int64(1309), np.int64(441)), (np.int64(1699), np.int64(441)), (np.int64(2088), np.int64(441)), (np.int64(2478), np.int64(441))]
2025-10-20 05:54:48 [TRACE] 【坐标太近】视为重复
2025-10-20 05:54:48 [TRACE] 【没有通过的坐标】开始下一轮
2025-10-20 05:54:48 [TRACE] 【完成所有点击】有效次数：4
2025-10-20 05:54:48 [TRACE] 【目标检测】屏幕内没有目标
2025-10-20 05:54:49 [TRACE] 【目标检测】屏幕内没有目标
2025-10-20 05:54:50 [TRACE] 【目标检测】屏幕内没有目标
2025-10-20 05:54:50 [TRACE] 【目标检测】屏幕内没有目标
2025-10-20 05:54:51 [TRACE] 【目标检测】目标存在，但置信度不足
2025-10-20 05:54:52 [TRACE] 【目标检测】屏幕内没有目标
2025-10-20 05:54:54 [TRACE] 【状态】搜索模式：C:\Users\gelon\Desktop\ZA-Lite\assets/images/hollow\resonium.png 置信度：1.0
2025-10-20 05:54:54 [TRACE] 【目标出现】C:\Users\gelon\Desktop\ZA-Lite\assets/images/hollow\resonium.png 置信度：1.0
2025-10-20 05:54:54 [TRACE] 【本轮的坐标】：(np.int64(1309), np.int64(441)) ------------
2025-10-20 05:54:54 [TRACE] 【已点击过的坐标】：[(-10, -10)]
2025-10-20 05:54:54 [TRACE] 【成功点击】
2025-10-20 05:54:54 [TRACE] 【目标检测】屏幕内没有目标
2025-10-20 05:54:55 [TRACE] 【本轮的坐标】：(np.int64(1310), np.int64(441)) ------------
2025-10-20 05:54:55 [TRACE] 【已点击过的坐标】：[(-10, -10), (np.int64(1309), np.int64(441))]
2025-10-20 05:54:55 [TRACE] 【坐标太近】视为重复
2025-10-20 05:54:55 [TRACE] 【没有通过的坐标】开始下一轮
2025-10-20 05:54:55 [TRACE] 【本轮的坐标】：(np.int64(1699), np.int64(441)) ------------
2025-10-20 05:54:55 [TRACE] 【已点击过的坐标】：[(-10, -10), (np.int64(1309), np.int64(441))]
2025-10-20 05:54:55 [TRACE] 【成功点击】
2025-10-20 05:54:55 [TRACE] 【目标检测】屏幕内没有目标
2025-10-20 05:54:55 [TRACE] 【目标检测】屏幕内没有目标
2025-10-20 05:54:55 [TRACE] 【本轮的坐标】：(np.int64(2088), np.int64(441)) ------------
2025-10-20 05:54:55 [TRACE] 【已点击过的坐标】：[(-10, -10), (np.int64(1309), np.int64(441)), (np.int64(1699), np.int64(441))]
2025-10-20 05:54:55 [TRACE] 【成功点击】
2025-10-20 05:54:56 [TRACE] 【目标检测】屏幕内没有目标
2025-10-20 05:54:56 [TRACE] 【本轮的坐标】：(np.int64(2089), np.int64(441)) ------------
2025-10-20 05:54:56 [TRACE] 【已点击过的坐标】：[(-10, -10), (np.int64(1309), np.int64(441)), (np.int64(1699), np.int64(441)), (np.int64(2088), np.int64(441))]
2025-10-20 05:54:56 [TRACE] 【坐标太近】视为重复
2025-10-20 05:54:56 [TRACE] 【没有通过的坐标】开始下一轮
2025-10-20 05:54:56 [TRACE] 【本轮的坐标】：(np.int64(2478), np.int64(441)) ------------
2025-10-20 05:54:56 [TRACE] 【已点击过的坐标】：[(-10, -10), (np.int64(1309), np.int64(441)), (np.int64(1699), np.int64(441)), (np.int64(2088), np.int64(441))]
2025-10-20 05:54:56 [TRACE] 【成功点击】
2025-10-20 05:54:57 [TRACE] 【目标检测】屏幕内没有目标
2025-10-20 05:54:57 [TRACE] 【本轮的坐标】：(np.int64(1308), np.int64(442)) ------------
2025-10-20 05:54:57 [TRACE] 【已点击过的坐标】：[(-10, -10), (np.int64(1309), np.int64(441)), (np.int64(1699), np.int64(441)), (np.int64(2088), np.int64(441)), (np.int64(2478), np.int64(441))]
2025-10-20 05:54:57 [TRACE] 【坐标太近】视为重复
2025-10-20 05:54:57 [TRACE] 【没有通过的坐标】开始下一轮
2025-10-20 05:54:57 [TRACE] 【本轮的坐标】：(np.int64(1309), np.int64(442)) ------------
2025-10-20 05:54:57 [TRACE] 【已点击过的坐标】：[(-10, -10), (np.int64(1309), np.int64(441)), (np.int64(1699), np.int64(441)), (np.int64(2088), np.int64(441)), (np.int64(2478), np.int64(441))]
2025-10-20 05:54:57 [TRACE] 【坐标太近】视为重复
2025-10-20 05:54:57 [TRACE] 【没有通过的坐标】开始下一轮
2025-10-20 05:54:57 [TRACE] 【本轮的坐标】：(np.int64(1310), np.int64(442)) ------------
2025-10-20 05:54:57 [TRACE] 【已点击过的坐标】：[(-10, -10), (np.int64(1309), np.int64(441)), (np.int64(1699), np.int64(441)), (np.int64(2088), np.int64(441)), (np.int64(2478), np.int64(441))]
2025-10-20 05:54:57 [TRACE] 【坐标太近】视为重复
2025-10-20 05:54:57 [TRACE] 【没有通过的坐标】开始下一轮
2025-10-20 05:54:57 [TRACE] 【本轮的坐标】：(np.int64(1698), np.int64(442)) ------------
2025-10-20 05:54:57 [TRACE] 【已点击过的坐标】：[(-10, -10), (np.int64(1309), np.int64(441)), (np.int64(1699), np.int64(441)), (np.int64(2088), np.int64(441)), (np.int64(2478), np.int64(441))]
2025-10-20 05:54:57 [TRACE] 【坐标太近】视为重复
2025-10-20 05:54:57 [TRACE] 【没有通过的坐标】开始下一轮
2025-10-20 05:54:57 [TRACE] 【本轮的坐标】：(np.int64(1699), np.int64(442)) ------------
2025-10-20 05:54:57 [TRACE] 【已点击过的坐标】：[(-10, -10), (np.int64(1309), np.int64(441)), (np.int64(1699), np.int64(441)), (np.int64(2088), np.int64(441)), (np.int64(2478), np.int64(441))]
2025-10-20 05:54:57 [TRACE] 【坐标太近】视为重复
2025-10-20 05:54:57 [TRACE] 【没有通过的坐标】开始下一轮
2025-10-20 05:54:57 [TRACE] 【本轮的坐标】：(np.int64(1700), np.int64(442)) ------------
2025-10-20 05:54:57 [TRACE] 【已点击过的坐标】：[(-10, -10), (np.int64(1309), np.int64(441)), (np.int64(1699), np.int64(441)), (np.int64(2088), np.int64(441)), (np.int64(2478), np.int64(441))]
2025-10-20 05:54:57 [TRACE] 【坐标太近】视为重复
2025-10-20 05:54:57 [TRACE] 【没有通过的坐标】开始下一轮
2025-10-20 05:54:57 [TRACE] 【本轮的坐标】：(np.int64(2087), np.int64(442)) ------------
2025-10-20 05:54:57 [TRACE] 【已点击过的坐标】：[(-10, -10), (np.int64(1309), np.int64(441)), (np.int64(1699), np.int64(441)), (np.int64(2088), np.int64(441)), (np.int64(2478), np.int64(441))]
2025-10-20 05:54:57 [TRACE] 【坐标太近】视为重复
2025-10-20 05:54:57 [TRACE] 【没有通过的坐标】开始下一轮
2025-10-20 05:54:57 [TRACE] 【本轮的坐标】：(np.int64(2088), np.int64(442)) ------------
2025-10-20 05:54:57 [TRACE] 【已点击过的坐标】：[(-10, -10), (np.int64(1309), np.int64(441)), (np.int64(1699), np.int64(441)), (np.int64(2088), np.int64(441)), (np.int64(2478), np.int64(441))]
2025-10-20 05:54:57 [TRACE] 【坐标太近】视为重复
2025-10-20 05:54:57 [TRACE] 【没有通过的坐标】开始下一轮
2025-10-20 05:54:57 [TRACE] 【本轮的坐标】：(np.int64(2089), np.int64(442)) ------------
2025-10-20 05:54:57 [TRACE] 【已点击过的坐标】：[(-10, -10), (np.int64(1309), np.int64(441)), (np.int64(1699), np.int64(441)), (np.int64(2088), np.int64(441)), (np.int64(2478), np.int64(441))]
2025-10-20 05:54:57 [TRACE] 【坐标太近】视为重复
2025-10-20 05:54:57 [TRACE] 【没有通过的坐标】开始下一轮
2025-10-20 05:54:57 [TRACE] 【本轮的坐标】：(np.int64(2090), np.int64(442)) ------------
2025-10-20 05:54:57 [TRACE] 【已点击过的坐标】：[(-10, -10), (np.int64(1309), np.int64(441)), (np.int64(1699), np.int64(441)), (np.int64(2088), np.int64(441)), (np.int64(2478), np.int64(441))]
2025-10-20 05:54:57 [TRACE] 【坐标太近】视为重复
2025-10-20 05:54:57 [TRACE] 【没有通过的坐标】开始下一轮
2025-10-20 05:54:57 [TRACE] 【本轮的坐标】：(np.int64(2477), np.int64(442)) ------------
2025-10-20 05:54:57 [TRACE] 【已点击过的坐标】：[(-10, -10), (np.int64(1309), np.int64(441)), (np.int64(1699), np.int64(441)), (np.int64(2088), np.int64(441)), (np.int64(2478), np.int64(441))]
2025-10-20 05:54:57 [TRACE] 【坐标太近】视为重复
2025-10-20 05:54:57 [TRACE] 【没有通过的坐标】开始下一轮
2025-10-20 05:54:57 [TRACE] 【本轮的坐标】：(np.int64(2478), np.int64(442)) ------------
2025-10-20 05:54:57 [TRACE] 【已点击过的坐标】：[(-10, -10), (np.int64(1309), np.int64(441)), (np.int64(1699), np.int64(441)), (np.int64(2088), np.int64(441)), (np.int64(2478), np.int64(441))]
2025-10-20 05:54:57 [TRACE] 【坐标太近】视为重复
2025-10-20 05:54:57 [TRACE] 【没有通过的坐标】开始下一轮
2025-10-20 05:54:57 [TRACE] 【本轮的坐标】：(np.int64(2479), np.int64(442)) ------------
2025-10-20 05:54:57 [TRACE] 【已点击过的坐标】：[(-10, -10), (np.int64(1309), np.int64(441)), (np.int64(1699), np.int64(441)), (np.int64(2088), np.int64(441)), (np.int64(2478), np.int64(441))]
2025-10-20 05:54:57 [TRACE] 【坐标太近】视为重复
2025-10-20 05:54:57 [TRACE] 【没有通过的坐标】开始下一轮
2025-10-20 05:54:57 [TRACE] 【本轮的坐标】：(np.int64(1309), np.int64(443)) ------------
2025-10-20 05:54:57 [TRACE] 【已点击过的坐标】：[(-10, -10), (np.int64(1309), np.int64(441)), (np.int64(1699), np.int64(441)), (np.int64(2088), np.int64(441)), (np.int64(2478), np.int64(441))]
2025-10-20 05:54:57 [TRACE] 【坐标太近】视为重复
2025-10-20 05:54:57 [TRACE] 【没有通过的坐标】开始下一轮
2025-10-20 05:54:57 [TRACE] 【本轮的坐标】：(np.int64(1698), np.int64(443)) ------------
2025-10-20 05:54:57 [TRACE] 【已点击过的坐标】：[(-10, -10), (np.int64(1309), np.int64(441)), (np.int64(1699), np.int64(441)), (np.int64(2088), np.int64(441)), (np.int64(2478), np.int64(441))]
2025-10-20 05:54:57 [TRACE] 【坐标太近】视为重复
2025-10-20 05:54:57 [TRACE] 【没有通过的坐标】开始下一轮
2025-10-20 05:54:57 [TRACE] 【本轮的坐标】：(np.int64(1699), np.int64(443)) ------------
2025-10-20 05:54:57 [TRACE] 【已点击过的坐标】：[(-10, -10), (np.int64(1309), np.int64(441)), (np.int64(1699), np.int64(441)), (np.int64(2088), np.int64(441)), (np.int64(2478), np.int64(441))]
2025-10-20 05:54:57 [TRACE] 【坐标太近】视为重复
2025-10-20 05:54:57 [TRACE] 【没有通过的坐标】开始下一轮
2025-10-20 05:54:57 [TRACE] 【本轮的坐标】：(np.int64(2088), np.int64(443)) ------------
2025-10-20 05:54:57 [TRACE] 【已点击过的坐标】：[(-10, -10), (np.int64(1309), np.int64(441)), (np.int64(1699), np.int64(441)), (np.int64(2088), np.int64(441)), (np.int64(2478), np.int64(441))]
2025-10-20 05:54:57 [TRACE] 【坐标太近】视为重复
2025-10-20 05:54:57 [TRACE] 【没有通过的坐标】开始下一轮
2025-10-20 05:54:57 [TRACE] 【本轮的坐标】：(np.int64(2478), np.int64(443)) ------------
2025-10-20 05:54:57 [TRACE] 【已点击过的坐标】：[(-10, -10), (np.int64(1309), np.int64(441)), (np.int64(1699), np.int64(441)), (np.int64(2088), np.int64(441)), (np.int64(2478), np.int64(441))]
2025-10-20 05:54:57 [TRACE] 【坐标太近】视为重复
2025-10-20 05:54:57 [TRACE] 【没有通过的坐标】开始下一轮
2025-10-20 05:54:57 [TRACE] 【完成所有点击】有效次数：4
2025-10-20 05:54:59 [TRACE] 【目标检测】屏幕内没有目标
2025-10-20 05:55:00 [TRACE] 【目标检测】屏幕内没有目标
2025-10-20 05:55:01 [TRACE] 【目标检测】屏幕内没有目标
2025-10-20 05:55:01 [TRACE] 【目标检测】屏幕内没有目标
2025-10-20 05:55:03 [TRACE] 【状态】搜索模式：C:\Users\gelon\Desktop\ZA-Lite\assets/images/hollow\next_area.png 置信度：0.9999997019767761
2025-10-20 05:55:07 [TRACE] 【目标检测】微调超时，无法对齐！
2025-10-20 05:55:09 [TRACE] 【目标检测】目标存在，但置信度不足
2025-10-20 05:55:11 [TRACE] 【目标检测】屏幕内没有目标
2025-10-20 05:55:13 [TRACE] 【空洞监听】无匹配已持续：0秒
2025-10-20 05:55:13 [TRACE] 【目标检测】屏幕内没有目标
2025-10-20 05:55:15 [TRACE] 【目标检测】TRAPPED！ 类型：guide_point 置信度：0.749013364315033
2025-10-20 05:55:22 [TRACE] 【目标检测】屏幕内没有目标
2025-10-20 05:55:24 [TRACE] 【空洞监听】无匹配已持续：0秒
2025-10-20 05:55:24 [TRACE] 【目标检测】目标存在，但置信度不足
2025-10-20 05:55:27 [TRACE] 【目标检测】屏幕内没有目标
2025-10-20 05:55:29 [TRACE] 【空洞监听】无匹配已持续：5秒
2025-10-20 05:55:29 [TRACE] 【目标检测】微调超时，无法对齐！
2025-10-20 05:55:32 [TRACE] 【目标检测】屏幕内没有目标
2025-10-20 05:55:34 [TRACE] 【目标检测】屏幕内没有目标
2025-10-20 05:55:35 [TRACE] 【目标检测】屏幕内没有目标
2025-10-20 05:55:35 [TRACE] 【空洞监听】无匹配已持续：11秒
2025-10-20 05:55:38 [TRACE] 【状态】搜索模式：C:\Users\gelon\Desktop\ZA-Lite\assets/images/hollow\meter.png 置信度：0.911828339099884
2025-10-20 05:55:39 [TRACE] 【目标检测】微调超时，无法对齐！
2025-10-20 05:55:44 [TRACE] 【状态】搜索模式：C:\Users\gelon\Desktop\ZA-Lite\assets/images/hollow\meter.png 置信度：0.9303508996963501
2025-10-20 05:55:44 [TRACE] 【目标检测】TRAPPED！ 类型：guide_point 置信度：0.9550605416297913
2025-10-20 05:55:46 [TRACE] 【状态】搜索模式：C:\Users\gelon\Desktop\ZA-Lite\assets/images/hollow\resonium.png 置信度：0.9999998807907104
2025-10-20 05:55:46 [TRACE] 【目标出现】C:\Users\gelon\Desktop\ZA-Lite\assets/images/hollow\resonium.png 置信度：0.9999998807907104
2025-10-20 05:55:46 [TRACE] 【本轮的坐标】：(np.int64(1309), np.int64(441)) ------------
2025-10-20 05:55:46 [TRACE] 【已点击过的坐标】：[(-10, -10)]
2025-10-20 05:55:46 [TRACE] 【成功点击】
2025-10-20 05:55:47 [TRACE] 【本轮的坐标】：(np.int64(1310), np.int64(441)) ------------
2025-10-20 05:55:47 [TRACE] 【已点击过的坐标】：[(-10, -10), (np.int64(1309), np.int64(441))]
2025-10-20 05:55:47 [TRACE] 【坐标太近】视为重复
2025-10-20 05:55:47 [TRACE] 【没有通过的坐标】开始下一轮
2025-10-20 05:55:47 [TRACE] 【本轮的坐标】：(np.int64(1699), np.int64(441)) ------------
2025-10-20 05:55:47 [TRACE] 【已点击过的坐标】：[(-10, -10), (np.int64(1309), np.int64(441))]
2025-10-20 05:55:47 [TRACE] 【成功点击】
2025-10-20 05:55:48 [TRACE] 【本轮的坐标】：(np.int64(2088), np.int64(441)) ------------
2025-10-20 05:55:48 [TRACE] 【已点击过的坐标】：[(-10, -10), (np.int64(1309), np.int64(441)), (np.int64(1699), np.int64(441))]
2025-10-20 05:55:48 [TRACE] 【成功点击】
2025-10-20 05:55:49 [TRACE] 【本轮的坐标】：(np.int64(2089), np.int64(441)) ------------
2025-10-20 05:55:49 [TRACE] 【已点击过的坐标】：[(-10, -10), (np.int64(1309), np.int64(441)), (np.int64(1699), np.int64(441)), (np.int64(2088), np.int64(441))]
2025-10-20 05:55:49 [TRACE] 【坐标太近】视为重复
2025-10-20 05:55:49 [TRACE] 【没有通过的坐标】开始下一轮
2025-10-20 05:55:49 [TRACE] 【本轮的坐标】：(np.int64(2478), np.int64(441)) ------------
2025-10-20 05:55:49 [TRACE] 【已点击过的坐标】：[(-10, -10), (np.int64(1309), np.int64(441)), (np.int64(1699), np.int64(441)), (np.int64(2088), np.int64(441))]
2025-10-20 05:55:49 [TRACE] 【成功点击】
2025-10-20 05:55:49 [TRACE] 【本轮的坐标】：(np.int64(1308), np.int64(442)) ------------
2025-10-20 05:55:49 [TRACE] 【已点击过的坐标】：[(-10, -10), (np.int64(1309), np.int64(441)), (np.int64(1699), np.int64(441)), (np.int64(2088), np.int64(441)), (np.int64(2478), np.int64(441))]
2025-10-20 05:55:49 [TRACE] 【坐标太近】视为重复
2025-10-20 05:55:49 [TRACE] 【没有通过的坐标】开始下一轮
2025-10-20 05:55:49 [TRACE] 【本轮的坐标】：(np.int64(1309), np.int64(442)) ------------
2025-10-20 05:55:49 [TRACE] 【已点击过的坐标】：[(-10, -10), (np.int64(1309), np.int64(441)), (np.int64(1699), np.int64(441)), (np.int64(2088), np.int64(441)), (np.int64(2478), np.int64(441))]
2025-10-20 05:55:49 [TRACE] 【坐标太近】视为重复
2025-10-20 05:55:49 [TRACE] 【没有通过的坐标】开始下一轮
2025-10-20 05:55:49 [TRACE] 【本轮的坐标】：(np.int64(1310), np.int64(442)) ------------
2025-10-20 05:55:49 [TRACE] 【已点击过的坐标】：[(-10, -10), (np.int64(1309), np.int64(441)), (np.int64(1699), np.int64(441)), (np.int64(2088), np.int64(441)), (np.int64(2478), np.int64(441))]
2025-10-20 05:55:49 [TRACE] 【坐标太近】视为重复
2025-10-20 05:55:49 [TRACE] 【没有通过的坐标】开始下一轮
2025-10-20 05:55:49 [TRACE] 【本轮的坐标】：(np.int64(1698), np.int64(442)) ------------
2025-10-20 05:55:49 [TRACE] 【已点击过的坐标】：[(-10, -10), (np.int64(1309), np.int64(441)), (np.int64(1699), np.int64(441)), (np.int64(2088), np.int64(441)), (np.int64(2478), np.int64(441))]
2025-10-20 05:55:49 [TRACE] 【坐标太近】视为重复
2025-10-20 05:55:49 [TRACE] 【没有通过的坐标】开始下一轮
2025-10-20 05:55:49 [TRACE] 【本轮的坐标】：(np.int64(1699), np.int64(442)) ------------
2025-10-20 05:55:49 [TRACE] 【已点击过的坐标】：[(-10, -10), (np.int64(1309), np.int64(441)), (np.int64(1699), np.int64(441)), (np.int64(2088), np.int64(441)), (np.int64(2478), np.int64(441))]
2025-10-20 05:55:49 [TRACE] 【坐标太近】视为重复
2025-10-20 05:55:49 [TRACE] 【没有通过的坐标】开始下一轮
2025-10-20 05:55:49 [TRACE] 【本轮的坐标】：(np.int64(1700), np.int64(442)) ------------
2025-10-20 05:55:49 [TRACE] 【已点击过的坐标】：[(-10, -10), (np.int64(1309), np.int64(441)), (np.int64(1699), np.int64(441)), (np.int64(2088), np.int64(441)), (np.int64(2478), np.int64(441))]
2025-10-20 05:55:49 [TRACE] 【坐标太近】视为重复
2025-10-20 05:55:49 [TRACE] 【没有通过的坐标】开始下一轮
2025-10-20 05:55:49 [TRACE] 【本轮的坐标】：(np.int64(2087), np.int64(442)) ------------
2025-10-20 05:55:49 [TRACE] 【已点击过的坐标】：[(-10, -10), (np.int64(1309), np.int64(441)), (np.int64(1699), np.int64(441)), (np.int64(2088), np.int64(441)), (np.int64(2478), np.int64(441))]
2025-10-20 05:55:49 [TRACE] 【坐标太近】视为重复
2025-10-20 05:55:49 [TRACE] 【没有通过的坐标】开始下一轮
2025-10-20 05:55:49 [TRACE] 【本轮的坐标】：(np.int64(2088), np.int64(442)) ------------
2025-10-20 05:55:49 [TRACE] 【已点击过的坐标】：[(-10, -10), (np.int64(1309), np.int64(441)), (np.int64(1699), np.int64(441)), (np.int64(2088), np.int64(441)), (np.int64(2478), np.int64(441))]
2025-10-20 05:55:49 [TRACE] 【坐标太近】视为重复
2025-10-20 05:55:49 [TRACE] 【没有通过的坐标】开始下一轮
2025-10-20 05:55:49 [TRACE] 【本轮的坐标】：(np.int64(2089), np.int64(442)) ------------
2025-10-20 05:55:49 [TRACE] 【已点击过的坐标】：[(-10, -10), (np.int64(1309), np.int64(441)), (np.int64(1699), np.int64(441)), (np.int64(2088), np.int64(441)), (np.int64(2478), np.int64(441))]
2025-10-20 05:55:49 [TRACE] 【坐标太近】视为重复
2025-10-20 05:55:49 [TRACE] 【没有通过的坐标】开始下一轮
2025-10-20 05:55:49 [TRACE] 【本轮的坐标】：(np.int64(2090), np.int64(442)) ------------
2025-10-20 05:55:49 [TRACE] 【已点击过的坐标】：[(-10, -10), (np.int64(1309), np.int64(441)), (np.int64(1699), np.int64(441)), (np.int64(2088), np.int64(441)), (np.int64(2478), np.int64(441))]
2025-10-20 05:55:49 [TRACE] 【坐标太近】视为重复
2025-10-20 05:55:49 [TRACE] 【没有通过的坐标】开始下一轮
2025-10-20 05:55:49 [TRACE] 【本轮的坐标】：(np.int64(2477), np.int64(442)) ------------
2025-10-20 05:55:49 [TRACE] 【已点击过的坐标】：[(-10, -10), (np.int64(1309), np.int64(441)), (np.int64(1699), np.int64(441)), (np.int64(2088), np.int64(441)), (np.int64(2478), np.int64(441))]
2025-10-20 05:55:49 [TRACE] 【坐标太近】视为重复
2025-10-20 05:55:49 [TRACE] 【没有通过的坐标】开始下一轮
2025-10-20 05:55:49 [TRACE] 【本轮的坐标】：(np.int64(2478), np.int64(442)) ------------
2025-10-20 05:55:49 [TRACE] 【已点击过的坐标】：[(-10, -10), (np.int64(1309), np.int64(441)), (np.int64(1699), np.int64(441)), (np.int64(2088), np.int64(441)), (np.int64(2478), np.int64(441))]
2025-10-20 05:55:49 [TRACE] 【坐标太近】视为重复
2025-10-20 05:55:49 [TRACE] 【没有通过的坐标】开始下一轮
2025-10-20 05:55:49 [TRACE] 【本轮的坐标】：(np.int64(2479), np.int64(442)) ------------
2025-10-20 05:55:49 [TRACE] 【已点击过的坐标】：[(-10, -10), (np.int64(1309), np.int64(441)), (np.int64(1699), np.int64(441)), (np.int64(2088), np.int64(441)), (np.int64(2478), np.int64(441))]
2025-10-20 05:55:49 [TRACE] 【坐标太近】视为重复
2025-10-20 05:55:49 [TRACE] 【没有通过的坐标】开始下一轮
2025-10-20 05:55:49 [TRACE] 【本轮的坐标】：(np.int64(1309), np.int64(443)) ------------
2025-10-20 05:55:49 [TRACE] 【已点击过的坐标】：[(-10, -10), (np.int64(1309), np.int64(441)), (np.int64(1699), np.int64(441)), (np.int64(2088), np.int64(441)), (np.int64(2478), np.int64(441))]
2025-10-20 05:55:49 [TRACE] 【坐标太近】视为重复
2025-10-20 05:55:49 [TRACE] 【没有通过的坐标】开始下一轮
2025-10-20 05:55:49 [TRACE] 【本轮的坐标】：(np.int64(1698), np.int64(443)) ------------
2025-10-20 05:55:49 [TRACE] 【已点击过的坐标】：[(-10, -10), (np.int64(1309), np.int64(441)), (np.int64(1699), np.int64(441)), (np.int64(2088), np.int64(441)), (np.int64(2478), np.int64(441))]
2025-10-20 05:55:49 [TRACE] 【坐标太近】视为重复
2025-10-20 05:55:49 [TRACE] 【没有通过的坐标】开始下一轮
2025-10-20 05:55:49 [TRACE] 【本轮的坐标】：(np.int64(1699), np.int64(443)) ------------
2025-10-20 05:55:49 [TRACE] 【已点击过的坐标】：[(-10, -10), (np.int64(1309), np.int64(441)), (np.int64(1699), np.int64(441)), (np.int64(2088), np.int64(441)), (np.int64(2478), np.int64(441))]
2025-10-20 05:55:49 [TRACE] 【坐标太近】视为重复
2025-10-20 05:55:49 [TRACE] 【没有通过的坐标】开始下一轮
2025-10-20 05:55:49 [TRACE] 【本轮的坐标】：(np.int64(2088), np.int64(443)) ------------
2025-10-20 05:55:49 [TRACE] 【已点击过的坐标】：[(-10, -10), (np.int64(1309), np.int64(441)), (np.int64(1699), np.int64(441)), (np.int64(2088), np.int64(441)), (np.int64(2478), np.int64(441))]
2025-10-20 05:55:49 [TRACE] 【坐标太近】视为重复
2025-10-20 05:55:49 [TRACE] 【没有通过的坐标】开始下一轮
2025-10-20 05:55:49 [TRACE] 【本轮的坐标】：(np.int64(2478), np.int64(443)) ------------
2025-10-20 05:55:49 [TRACE] 【已点击过的坐标】：[(-10, -10), (np.int64(1309), np.int64(441)), (np.int64(1699), np.int64(441)), (np.int64(2088), np.int64(441)), (np.int64(2478), np.int64(441))]
2025-10-20 05:55:49 [TRACE] 【坐标太近】视为重复
2025-10-20 05:55:49 [TRACE] 【没有通过的坐标】开始下一轮
2025-10-20 05:55:49 [TRACE] 【完成所有点击】有效次数：4
2025-10-20 05:55:50 [TRACE] 【目标检测】屏幕内没有目标
2025-10-20 05:55:51 [TRACE] 【目标检测】屏幕内没有目标
2025-10-20 05:55:52 [TRACE] 【目标检测】屏幕内没有目标
2025-10-20 05:55:53 [TRACE] 【目标检测】屏幕内没有目标
2025-10-20 05:55:54 [TRACE] 【目标检测】屏幕内没有目标
2025-10-20 05:55:58 [TRACE] 【状态】搜索模式：C:\Users\gelon\Desktop\ZA-Lite\assets/images/hollow\meter.png 置信度：0.913550078868866
2025-10-20 05:55:59 [TRACE] 【目标检测】TRAPPED！ 类型：red_portal 置信度：0.8691443800926208
2025-10-20 05:55:59 [TRACE] 【状态】进入BOSS战，攻击检测预启动
2025-10-20 05:56:05 [TRACE] 【状态】搜索模式：C:\Users\gelon\Desktop\ZA-Lite\assets/images/hollow\meter.png 置信度：0.946179986000061
2025-10-20 05:56:06 [TRACE] 【目标检测】TRAPPED！ 类型：red_portal 置信度：0.8949881196022034
2025-10-20 05:56:06 [TRACE] 【状态】进入BOSS战，攻击检测预启动
2025-10-20 05:56:12 [TRACE] 【目标检测】屏幕内没有目标
2025-10-20 05:56:13 [TRACE] 【空洞监听】无匹配已持续：0秒
2025-10-20 05:56:14 [TRACE] 【目标检测】屏幕内没有目标
2025-10-20 05:56:15 [TRACE] 【目标检测】屏幕内没有目标
2025-10-20 05:56:16 [TRACE] 【目标检测】屏幕内没有目标
2025-10-20 05:56:18 [TRACE] 【目标检测】屏幕内没有目标
2025-10-20 05:56:20 [TRACE] 【状态】战斗模式：正在受到攻击
2025-10-20 05:56:21 [TRACE] 【目标检测】屏幕内没有目标
2025-10-20 05:56:24 [TRACE] 【状态】战斗模式：C:\Users\gelon\Desktop\ZA-Lite\assets/images/hollow\battle_5.png 置信度：0.9998674988746643
2025-10-20 05:56:33 [TRACE] 【状态】战斗模式：正在受到攻击
2025-10-20 05:56:39 [TRACE] 【空洞监听】无匹配已持续：0秒
2025-10-20 05:56:45 [TRACE] 【状态】战斗模式：正在受到攻击
2025-10-20 05:56:51 [TRACE] 【状态】战斗模式：正在受到攻击
2025-10-20 05:56:57 [TRACE] 【空洞监听】无匹配已持续：0秒
2025-10-20 05:57:01 [TRACE] 【状态】战斗模式：C:\Users\gelon\Desktop\ZA-Lite\assets/images/hollow\battle_5.png 置信度：0.9560185670852661
2025-10-20 05:57:09 [TRACE] 【空洞监听】无匹配已持续：0秒
2025-10-20 05:57:13 [TRACE] 【状态】战斗模式：C:\Users\gelon\Desktop\ZA-Lite\assets/images/hollow\battle_5.png 置信度：0.9859939217567444
2025-10-20 05:57:22 [TRACE] 【状态】战斗模式：正在受到攻击
2025-10-20 05:57:28 [TRACE] 【空洞监听】无匹配已持续：0秒
2025-10-20 05:57:34 [TRACE] 【空洞监听】无匹配已持续：6秒
2025-10-20 05:57:38 [TRACE] 【状态】战斗模式：C:\Users\gelon\Desktop\ZA-Lite\assets/images/hollow\battle_5.png 置信度：0.9724328517913818
2025-10-20 05:57:47 [TRACE] 【空洞监听】无匹配已持续：0秒
2025-10-20 05:57:50 [TRACE] 【状态】战斗模式：C:\Users\gelon\Desktop\ZA-Lite\assets/images/hollow\battle_5.png 置信度：0.9841615557670593
2025-10-20 05:57:53 [TRACE] 【状态】战斗模式：正在受到攻击
2025-10-20 05:57:56 [TRACE] 【状态】战斗模式：C:\Users\gelon\Desktop\ZA-Lite\assets/images/hollow\battle_5.png 置信度：0.9837218523025513
2025-10-20 05:57:59 [TRACE] 【状态】战斗模式：正在受到攻击
2025-10-20 05:58:06 [TRACE] 【空洞监听】无匹配已持续：0秒
2025-10-20 05:58:12 [TRACE] 【空洞监听】无匹配已持续：5秒
2025-10-20 05:58:19 [TRACE] 【状态】搜索模式：C:\Users\gelon\Desktop\ZA-Lite\assets/images/hollow\gear.png 置信度：1.0
2025-10-20 05:58:20 [TRACE] 【目标检测】屏幕内没有目标
2025-10-20 05:58:20 [TRACE] 【目标检测】屏幕内没有目标
2025-10-20 05:58:21 [TRACE] 【目标检测】屏幕内没有目标
2025-10-20 05:58:22 [TRACE] 【目标检测】屏幕内没有目标
2025-10-20 05:58:24 [TRACE] 【目标检测】目标存在，但置信度不足
2025-10-20 05:58:25 [TRACE] 【状态】搜索模式：C:\Users\gelon\Desktop\ZA-Lite\assets/images/hollow\resonium.png 置信度：0.9999998807907104
2025-10-20 05:58:25 [TRACE] 【目标出现】C:\Users\gelon\Desktop\ZA-Lite\assets/images/hollow\resonium.png 置信度：1.0
2025-10-20 05:58:25 [TRACE] 【本轮的坐标】：(np.int64(1174), np.int64(461)) ------------
2025-10-20 05:58:25 [TRACE] 【已点击过的坐标】：[(-10, -10)]
2025-10-20 05:58:25 [TRACE] 【成功点击】
2025-10-20 05:58:25 [TRACE] 【目标检测】目标存在，但置信度不足
2025-10-20 05:58:26 [TRACE] 【本轮的坐标】：(np.int64(1581), np.int64(461)) ------------
2025-10-20 05:58:26 [TRACE] 【已点击过的坐标】：[(-10, -10), (np.int64(1174), np.int64(461))]
2025-10-20 05:58:26 [TRACE] 【成功点击】
2025-10-20 05:58:26 [TRACE] 【目标检测】目标存在，但置信度不足
2025-10-20 05:58:26 [TRACE] 【本轮的坐标】：(np.int64(1582), np.int64(461)) ------------
2025-10-20 05:58:26 [TRACE] 【已点击过的坐标】：[(-10, -10), (np.int64(1174), np.int64(461)), (np.int64(1581), np.int64(461))]
2025-10-20 05:58:26 [TRACE] 【坐标太近】视为重复
2025-10-20 05:58:26 [TRACE] 【没有通过的坐标】开始下一轮
2025-10-20 05:58:26 [TRACE] 【本轮的坐标】：(np.int64(1988), np.int64(461)) ------------
2025-10-20 05:58:26 [TRACE] 【已点击过的坐标】：[(-10, -10), (np.int64(1174), np.int64(461)), (np.int64(1581), np.int64(461))]
2025-10-20 05:58:26 [TRACE] 【成功点击】
2025-10-20 05:58:26 [TRACE] 【目标检测】屏幕内没有目标
2025-10-20 05:58:27 [TRACE] 【目标检测】屏幕内没有目标
2025-10-20 05:58:27 [TRACE] 【本轮的坐标】：(np.int64(1989), np.int64(461)) ------------
2025-10-20 05:58:27 [TRACE] 【已点击过的坐标】：[(-10, -10), (np.int64(1174), np.int64(461)), (np.int64(1581), np.int64(461)), (np.int64(1988), np.int64(461))]
2025-10-20 05:58:27 [TRACE] 【坐标太近】视为重复
2025-10-20 05:58:27 [TRACE] 【没有通过的坐标】开始下一轮
2025-10-20 05:58:27 [TRACE] 【本轮的坐标】：(np.int64(1173), np.int64(462)) ------------
2025-10-20 05:58:27 [TRACE] 【已点击过的坐标】：[(-10, -10), (np.int64(1174), np.int64(461)), (np.int64(1581), np.int64(461)), (np.int64(1988), np.int64(461))]
2025-10-20 05:58:27 [TRACE] 【坐标太近】视为重复
2025-10-20 05:58:27 [TRACE] 【没有通过的坐标】开始下一轮
2025-10-20 05:58:27 [TRACE] 【本轮的坐标】：(np.int64(1174), np.int64(462)) ------------
2025-10-20 05:58:27 [TRACE] 【已点击过的坐标】：[(-10, -10), (np.int64(1174), np.int64(461)), (np.int64(1581), np.int64(461)), (np.int64(1988), np.int64(461))]
2025-10-20 05:58:27 [TRACE] 【坐标太近】视为重复
2025-10-20 05:58:27 [TRACE] 【没有通过的坐标】开始下一轮
2025-10-20 05:58:27 [TRACE] 【本轮的坐标】：(np.int64(1175), np.int64(462)) ------------
2025-10-20 05:58:27 [TRACE] 【已点击过的坐标】：[(-10, -10), (np.int64(1174), np.int64(461)), (np.int64(1581), np.int64(461)), (np.int64(1988), np.int64(461))]
2025-10-20 05:58:27 [TRACE] 【坐标太近】视为重复
2025-10-20 05:58:27 [TRACE] 【没有通过的坐标】开始下一轮
2025-10-20 05:58:27 [TRACE] 【本轮的坐标】：(np.int64(1580), np.int64(462)) ------------
2025-10-20 05:58:27 [TRACE] 【已点击过的坐标】：[(-10, -10), (np.int64(1174), np.int64(461)), (np.int64(1581), np.int64(461)), (np.int64(1988), np.int64(461))]
2025-10-20 05:58:27 [TRACE] 【坐标太近】视为重复
2025-10-20 05:58:27 [TRACE] 【没有通过的坐标】开始下一轮
2025-10-20 05:58:27 [TRACE] 【本轮的坐标】：(np.int64(1581), np.int64(462)) ------------
2025-10-20 05:58:27 [TRACE] 【已点击过的坐标】：[(-10, -10), (np.int64(1174), np.int64(461)), (np.int64(1581), np.int64(461)), (np.int64(1988), np.int64(461))]
2025-10-20 05:58:27 [TRACE] 【坐标太近】视为重复
2025-10-20 05:58:27 [TRACE] 【没有通过的坐标】开始下一轮
2025-10-20 05:58:27 [TRACE] 【本轮的坐标】：(np.int64(1582), np.int64(462)) ------------
2025-10-20 05:58:27 [TRACE] 【已点击过的坐标】：[(-10, -10), (np.int64(1174), np.int64(461)), (np.int64(1581), np.int64(461)), (np.int64(1988), np.int64(461))]
2025-10-20 05:58:27 [TRACE] 【坐标太近】视为重复
2025-10-20 05:58:27 [TRACE] 【没有通过的坐标】开始下一轮
2025-10-20 05:58:27 [TRACE] 【本轮的坐标】：(np.int64(1987), np.int64(462)) ------------
2025-10-20 05:58:27 [TRACE] 【已点击过的坐标】：[(-10, -10), (np.int64(1174), np.int64(461)), (np.int64(1581), np.int64(461)), (np.int64(1988), np.int64(461))]
2025-10-20 05:58:27 [TRACE] 【坐标太近】视为重复
2025-10-20 05:58:27 [TRACE] 【没有通过的坐标】开始下一轮
2025-10-20 05:58:27 [TRACE] 【本轮的坐标】：(np.int64(1988), np.int64(462)) ------------
2025-10-20 05:58:27 [TRACE] 【已点击过的坐标】：[(-10, -10), (np.int64(1174), np.int64(461)), (np.int64(1581), np.int64(461)), (np.int64(1988), np.int64(461))]
2025-10-20 05:58:27 [TRACE] 【坐标太近】视为重复
2025-10-20 05:58:27 [TRACE] 【没有通过的坐标】开始下一轮
2025-10-20 05:58:27 [TRACE] 【本轮的坐标】：(np.int64(1989), np.int64(462)) ------------
2025-10-20 05:58:27 [TRACE] 【已点击过的坐标】：[(-10, -10), (np.int64(1174), np.int64(461)), (np.int64(1581), np.int64(461)), (np.int64(1988), np.int64(461))]
2025-10-20 05:58:27 [TRACE] 【坐标太近】视为重复
2025-10-20 05:58:27 [TRACE] 【没有通过的坐标】开始下一轮
2025-10-20 05:58:27 [TRACE] 【本轮的坐标】：(np.int64(1990), np.int64(462)) ------------
2025-10-20 05:58:27 [TRACE] 【已点击过的坐标】：[(-10, -10), (np.int64(1174), np.int64(461)), (np.int64(1581), np.int64(461)), (np.int64(1988), np.int64(461))]
2025-10-20 05:58:27 [TRACE] 【坐标太近】视为重复
2025-10-20 05:58:27 [TRACE] 【没有通过的坐标】开始下一轮
2025-10-20 05:58:27 [TRACE] 【本轮的坐标】：(np.int64(1174), np.int64(463)) ------------
2025-10-20 05:58:27 [TRACE] 【已点击过的坐标】：[(-10, -10), (np.int64(1174), np.int64(461)), (np.int64(1581), np.int64(461)), (np.int64(1988), np.int64(461))]
2025-10-20 05:58:27 [TRACE] 【坐标太近】视为重复
2025-10-20 05:58:27 [TRACE] 【没有通过的坐标】开始下一轮
2025-10-20 05:58:27 [TRACE] 【本轮的坐标】：(np.int64(1581), np.int64(463)) ------------
2025-10-20 05:58:27 [TRACE] 【已点击过的坐标】：[(-10, -10), (np.int64(1174), np.int64(461)), (np.int64(1581), np.int64(461)), (np.int64(1988), np.int64(461))]
2025-10-20 05:58:27 [TRACE] 【坐标太近】视为重复
2025-10-20 05:58:27 [TRACE] 【没有通过的坐标】开始下一轮
2025-10-20 05:58:27 [TRACE] 【本轮的坐标】：(np.int64(1988), np.int64(463)) ------------
2025-10-20 05:58:27 [TRACE] 【已点击过的坐标】：[(-10, -10), (np.int64(1174), np.int64(461)), (np.int64(1581), np.int64(461)), (np.int64(1988), np.int64(461))]
2025-10-20 05:58:27 [TRACE] 【坐标太近】视为重复
2025-10-20 05:58:27 [TRACE] 【没有通过的坐标】开始下一轮
2025-10-20 05:58:27 [TRACE] 【完成所有点击】有效次数：3
2025-10-20 05:58:28 [TRACE] 【目标检测】屏幕内没有目标
2025-10-20 05:58:29 [TRACE] 【目标检测】屏幕内没有目标
2025-10-20 05:58:29 [TRACE] 【目标检测】屏幕内没有目标
2025-10-20 05:58:31 [TRACE] 【目标检测】屏幕内没有目标
2025-10-20 05:58:34 [TRACE] 【目标检测】屏幕内没有目标
2025-10-20 05:58:36 [TRACE] 【目标检测】目标存在，但置信度不足
2025-10-20 05:58:36 [TRACE] 【目标检测】目标存在，但置信度不足
2025-10-20 05:58:37 [TRACE] 【目标检测】目标存在，但置信度不足
2025-10-20 05:58:38 [TRACE] 【空洞监听】无匹配已持续：0秒
2025-10-20 05:58:38 [TRACE] 【目标检测】目标存在，但置信度不足
2025-10-20 05:58:39 [TRACE] 【目标检测】目标存在，但置信度不足
2025-10-20 05:58:39 [TRACE] 【状态】搜索模式：C:\Users\gelon\Desktop\ZA-Lite\assets/images/hollow\battle_end_boss.png 置信度：0.9999361634254456
2025-10-20 05:58:40 [TRACE] 【目标检测】屏幕内没有目标
2025-10-20 05:58:42 [TRACE] 【目标检测】屏幕内没有目标
2025-10-20 05:58:42 [TRACE] 【目标检测】屏幕内没有目标
2025-10-20 05:58:44 [TRACE] 【目标检测】屏幕内没有目标
2025-10-20 05:58:46 [TRACE] 【目标检测】屏幕内没有目标
2025-10-20 05:58:47 [TRACE] 【目标检测】屏幕内没有目标
2025-10-20 05:58:47 [TRACE] 【目标检测】屏幕内没有目标
2025-10-20 05:58:49 [TRACE] 【空洞监听】无匹配已持续：0秒
2025-10-20 05:58:49 [TRACE] 【目标检测】TRAPPED！ 类型：interact 置信度：0.880362868309021
2025-10-20 05:58:54 [TRACE] 【空洞监听】无匹配已持续：5秒
2025-10-20 05:58:56 [TRACE] 【目标检测】屏幕内没有目标
2025-10-20 05:58:57 [TRACE] 【目标检测】屏幕内没有目标
2025-10-20 05:58:57 [TRACE] 【目标检测】屏幕内没有目标
2025-10-20 05:58:58 [TRACE] 【目标检测】屏幕内没有目标
2025-10-20 05:58:59 [TRACE] 【目标检测】屏幕内没有目标
2025-10-20 05:59:01 [TRACE] 【目标检测】屏幕内没有目标
2025-10-20 05:59:02 [TRACE] 【目标检测】屏幕内没有目标
2025-10-20 05:59:03 [TRACE] 【目标检测】TRAPPED！ 类型：interact 置信度：0.9128149747848511
2025-10-20 05:59:10 [TRACE] 【目标检测】屏幕内没有目标
2025-10-20 05:59:10 [TRACE] 【目标检测】屏幕内没有目标
2025-10-20 05:59:11 [TRACE] 【目标检测】屏幕内没有目标
2025-10-20 05:59:12 [TRACE] 【目标检测】屏幕内没有目标
2025-10-20 05:59:14 [TRACE] 【目标检测】TRAPPED！ 类型：interact 置信度：0.9469879865646362
2025-10-20 05:59:18 [TRACE] 【目标检测】TRAPPED！ 类型：interact 置信度：0.8885034322738647
2025-10-20 05:59:21 [TRACE] 【空洞监听】无匹配已持续：0秒
2025-10-20 05:59:25 [TRACE] 【目标检测】屏幕内没有目标
2025-10-20 05:59:25 [TRACE] 【目标检测】屏幕内没有目标
2025-10-20 05:59:26 [TRACE] 【目标检测】屏幕内没有目标
2025-10-20 05:59:27 [TRACE] 【目标检测】屏幕内没有目标
2025-10-20 05:59:28 [TRACE] 【状态】搜索模式：C:\Users\gelon\Desktop\ZA-Lite\assets/images/hollow\gear.png 置信度：0.999715268611908
2025-10-20 05:59:28 [TRACE] 【目标检测】屏幕内没有目标
2025-10-20 05:59:30 [TRACE] 【目标检测】屏幕内没有目标
2025-10-20 05:59:31 [TRACE] 【目标检测】屏幕内没有目标
2025-10-20 05:59:32 [TRACE] 【目标检测】屏幕内没有目标
2025-10-20 05:59:33 [TRACE] 【目标检测】屏幕内没有目标
2025-10-20 05:59:34 [TRACE] 【状态】搜索模式：C:\Users\gelon\Desktop\ZA-Lite\assets/images/hollow\next_area.png 置信度：0.9999993443489075
2025-10-20 05:59:35 [TRACE] 【目标检测】TRAPPED！ 类型：blue_portal 置信度：0.9378078579902649
2025-10-20 05:59:36 [TRACE] 【状态】搜索模式：C:\Users\gelon\Desktop\ZA-Lite\assets/images/hollow\meter.png 置信度：0.9341345429420471
2025-10-20 05:59:41 [TRACE] 【目标检测】TRAPPED！ 类型：blue_portal 置信度：0.9375227689743042
2025-10-20 05:59:43 [TRACE] 【空洞监听】无匹配已持续：0秒
2025-10-20 05:59:47 [TRACE] 【目标检测】屏幕内没有目标
2025-10-20 05:59:48 [TRACE] 【目标检测】屏幕内没有目标
2025-10-20 05:59:48 [TRACE] 【空洞监听】无匹配已持续：5秒
2025-10-20 05:59:49 [TRACE] 【目标检测】屏幕内没有目标
2025-10-20 05:59:50 [TRACE] 【目标检测】屏幕内没有目标
2025-10-20 05:59:51 [TRACE] 【目标检测】目标存在，但置信度不足
2025-10-20 05:59:52 [TRACE] 【目标检测】屏幕内没有目标
2025-10-20 05:59:54 [TRACE] 【目标检测】屏幕内没有目标
2025-10-20 05:59:54 [TRACE] 【空洞监听】无匹配已持续：10秒
2025-10-20 05:59:55 [TRACE] 【目标检测】屏幕内没有目标
2025-10-20 05:59:56 [TRACE] 【目标检测】屏幕内没有目标
2025-10-20 05:59:57 [TRACE] 【目标检测】屏幕内没有目标
2025-10-20 05:59:58 [TRACE] 【目标检测】屏幕内没有目标
2025-10-20 06:00:00 [TRACE] 【空洞监听】无匹配已持续：16秒
2025-10-20 06:00:01 [TRACE] 【目标检测】目标存在，但置信度不足
2025-10-20 06:00:02 [TRACE] 【目标检测】目标存在，但置信度不足
2025-10-20 06:00:04 [TRACE] 【目标检测】屏幕内没有目标
2025-10-20 06:00:05 [TRACE] 【目标检测】目标存在，但置信度不足
2025-10-20 06:00:05 [TRACE] 【目标检测】屏幕内没有目标
2025-10-20 06:00:06 [TRACE] 【空洞监听】无匹配已持续：22秒
2025-10-20 06:00:06 [TRACE] 【目标检测】屏幕内没有目标
2025-10-20 06:00:07 [TRACE] 【目标检测】屏幕内没有目标
2025-10-20 06:00:08 [TRACE] 【目标检测】屏幕内没有目标
2025-10-20 06:00:11 [TRACE] 【目标检测】目标存在，但置信度不足
2025-10-20 06:00:11 [TRACE] 【空洞监听】无匹配已持续：27秒
2025-10-20 06:00:12 [TRACE] 【目标检测】目标存在，但置信度不足
2025-10-20 06:00:13 [TRACE] 【目标检测】目标存在，但置信度不足
2025-10-20 06:00:16 [TRACE] 【目标检测】屏幕内没有目标
2025-10-20 06:00:17 [TRACE] 【空洞监听】无匹配已持续：33秒
2025-10-20 06:00:17 [TRACE] 【目标检测】目标存在，但置信度不足
2025-10-20 06:00:19 [TRACE] 【目标检测】屏幕内没有目标
2025-10-20 06:00:20 [TRACE] 【目标检测】目标存在，但置信度不足
2025-10-20 06:00:21 [TRACE] 【目标检测】屏幕内没有目标
2025-10-20 06:00:22 [TRACE] 【目标检测】屏幕内没有目标
2025-10-20 06:00:22 [TRACE] 【空洞监听】无匹配已持续：38秒
2025-10-20 06:00:22 [TRACE] 【目标检测】屏幕内没有目标
2025-10-20 06:00:26 [TRACE] 【目标检测】屏幕内没有目标
2025-10-20 06:00:27 [TRACE] 【目标检测】屏幕内没有目标
2025-10-20 06:00:27 [TRACE] 【空洞监听】无匹配已持续：44秒
2025-10-20 06:00:28 [TRACE] 【目标检测】微调超时，无法对齐！
2025-10-20 06:00:30 [TRACE] 【目标检测】目标存在，但置信度不足
2025-10-20 06:00:33 [TRACE] 【目标检测】目标存在，但置信度不足
2025-10-20 06:00:33 [TRACE] 【空洞监听】无匹配已持续：49秒
2025-10-20 06:00:34 [TRACE] 【目标检测】目标存在，但置信度不足
2025-10-20 06:00:35 [TRACE] 【目标检测】目标存在，但置信度不足
2025-10-20 06:00:36 [TRACE] 【目标检测】目标存在，但置信度不足
2025-10-20 06:00:38 [TRACE] 【目标检测】屏幕内没有目标
2025-10-20 06:00:38 [TRACE] 【目标检测】屏幕内没有目标
2025-10-20 06:00:39 [TRACE] 【空洞监听】无匹配已持续：55秒
2025-10-20 06:00:39 [TRACE] 【目标检测】屏幕内没有目标
2025-10-20 06:00:42 [TRACE] 【目标检测】屏幕内没有目标
2025-10-20 06:00:43 [TRACE] 【目标检测】目标存在，但置信度不足
2025-10-20 06:00:44 [TRACE] 【目标检测】目标存在，但置信度不足
2025-10-20 06:00:44 [TRACE] 【空洞监听】无匹配已持续：61秒
2025-10-20 06:00:44 [TRACE] 【空洞监听】即将超时，重启搜索线程
2025-10-20 06:00:44 [TRACE] 【目标检测】屏幕内没有目标
2025-10-20 06:00:46 [TRACE] 【目标检测】屏幕内没有目标
2025-10-20 06:00:47 [TRACE] 【目标检测】屏幕内没有目标
2025-10-20 06:00:48 [TRACE] 【目标检测】目标存在，但置信度不足
2025-10-20 06:00:49 [TRACE] 【目标检测】目标存在，但置信度不足
2025-10-20 06:00:50 [TRACE] 【目标检测】屏幕内没有目标
2025-10-20 06:00:50 [TRACE] 【空洞监听】无匹配已持续：67秒
2025-10-20 06:00:50 [TRACE] 【空洞监听】即将超时，重启搜索线程
2025-10-20 06:00:52 [TRACE] 【目标检测】屏幕内没有目标
2025-10-20 06:00:53 [TRACE] 【目标检测】屏幕内没有目标
2025-10-20 06:00:54 [TRACE] 【目标检测】屏幕内没有目标
2025-10-20 06:00:55 [TRACE] 【目标检测】屏幕内没有目标
2025-10-20 06:00:56 [TRACE] 【目标检测】屏幕内没有目标
2025-10-20 06:00:56 [TRACE] 【空洞监听】无匹配已持续：72秒
2025-10-20 06:00:56 [TRACE] 【空洞监听】即将超时，重启搜索线程
2025-10-20 06:00:58 [TRACE] 【目标检测】屏幕内没有目标
2025-10-20 06:00:59 [TRACE] 【目标检测】屏幕内没有目标
2025-10-20 06:01:00 [TRACE] 【目标检测】屏幕内没有目标
2025-10-20 06:01:01 [TRACE] 【目标检测】屏幕内没有目标
2025-10-20 06:01:02 [TRACE] 【空洞监听】无匹配已持续：78秒
2025-10-20 06:01:02 [TRACE] 【空洞监听】即将超时，重启搜索线程
2025-10-20 06:01:02 [TRACE] 【目标检测】屏幕内没有目标
2025-10-20 06:01:04 [TRACE] 【目标检测】屏幕内没有目标
2025-10-20 06:01:05 [TRACE] 【目标检测】屏幕内没有目标
2025-10-20 06:01:06 [TRACE] 【目标检测】屏幕内没有目标
2025-10-20 06:01:07 [TRACE] 【目标检测】屏幕内没有目标
2025-10-20 06:01:07 [TRACE] 【空洞监听】无匹配已持续：83秒
2025-10-20 06:01:07 [TRACE] 【空洞监听】即将超时，重启搜索线程
2025-10-20 06:01:08 [TRACE] 【目标检测】屏幕内没有目标
2025-10-20 06:01:10 [TRACE] 【目标检测】屏幕内没有目标
2025-10-20 06:01:11 [TRACE] 【目标检测】屏幕内没有目标
2025-10-20 06:01:12 [TRACE] 【目标检测】屏幕内没有目标
2025-10-20 06:01:13 [TRACE] 【空洞监听】无匹配已持续：89秒
2025-10-20 06:01:13 [TRACE] 【空洞监听】即将超时，重启搜索线程
2025-10-20 06:01:13 [TRACE] 【目标检测】屏幕内没有目标
2025-10-20 06:01:15 [TRACE] 【目标检测】屏幕内没有目标
2025-10-20 06:01:17 [TRACE] 【目标检测】屏幕内没有目标
2025-10-20 06:01:18 [TRACE] 【目标检测】屏幕内没有目标
2025-10-20 06:01:18 [TRACE] 【空洞监听】无匹配已持续：95秒
2025-10-20 06:01:18 [TRACE] 【空洞监听】即将超时，重启搜索线程
2025-10-20 06:01:19 [TRACE] 【目标检测】屏幕内没有目标
2025-10-20 06:01:20 [TRACE] 【目标检测】屏幕内没有目标
2025-10-20 06:01:21 [TRACE] 【目标检测】目标存在，但置信度不足
2025-10-20 06:01:22 [TRACE] 【目标检测】屏幕内没有目标
2025-10-20 06:01:24 [TRACE] 【目标检测】屏幕内没有目标
2025-10-20 06:01:24 [TRACE] 【空洞监听】无匹配已持续：100秒
2025-10-20 06:01:24 [TRACE] 【空洞监听】即将超时，重启搜索线程
2025-10-20 06:01:25 [TRACE] 【目标检测】屏幕内没有目标
2025-10-20 06:01:26 [TRACE] 【目标检测】屏幕内没有目标
2025-10-20 06:01:27 [TRACE] 【目标检测】屏幕内没有目标
2025-10-20 06:01:28 [TRACE] 【目标检测】屏幕内没有目标
2025-10-20 06:01:30 [TRACE] 【空洞监听】无匹配已持续：106秒
2025-10-20 06:01:30 [TRACE] 【空洞监听】即将超时，重启搜索线程
2025-10-20 06:01:30 [TRACE] 【目标检测】屏幕内没有目标
2025-10-20 06:01:31 [TRACE] 【目标检测】屏幕内没有目标
2025-10-20 06:01:32 [TRACE] 【目标检测】屏幕内没有目标
2025-10-20 06:01:33 [TRACE] 【目标检测】屏幕内没有目标
2025-10-20 06:01:34 [TRACE] 【目标检测】屏幕内没有目标
2025-10-20 06:01:35 [TRACE] 【空洞监听】无匹配已持续：111秒
2025-10-20 06:01:35 [TRACE] 【空洞监听】即将超时，重启搜索线程
2025-10-20 06:01:36 [TRACE] 【目标检测】屏幕内没有目标
2025-10-20 06:01:37 [TRACE] 【目标检测】屏幕内没有目标
2025-10-20 06:01:38 [TRACE] 【目标检测】屏幕内没有目标
2025-10-20 06:01:39 [TRACE] 【目标检测】屏幕内没有目标
2025-10-20 06:01:40 [TRACE] 【目标检测】屏幕内没有目标
2025-10-20 06:01:41 [TRACE] 【空洞监听】无匹配已持续：117秒
2025-10-20 06:01:41 [TRACE] 【空洞监听】即将超时，重启搜索线程
2025-10-20 06:01:42 [TRACE] 【目标检测】屏幕内没有目标
2025-10-20 06:01:43 [TRACE] 【目标检测】屏幕内没有目标
2025-10-20 06:01:44 [TRACE] 【目标检测】屏幕内没有目标
2025-10-20 06:01:45 [TRACE] 【目标检测】屏幕内没有目标
2025-10-20 06:01:46 [TRACE] 【目标检测】屏幕内没有目标
2025-10-20 06:01:47 [TRACE] 【空洞监听】无匹配已持续：123秒
2025-10-20 06:01:47 [TRACE] 【空洞监听】即将超时，重启搜索线程
2025-10-20 06:01:47 [WARNING] 空洞任务异常，跳过本轮
2025-10-20 06:01:47 [INFO] 本轮耗时:12分钟
2025-10-20 06:01:47 [INFO] 当前已完成空洞 0 次 
2025-10-20 06:01:47 [DEBUG] 正在返回菜单
2025-10-20 06:01:47 [TRACE] 正在返回菜单,请保持游戏画面处于前台
2025-10-20 06:01:50 [TRACE] 退出战斗返回菜单
2025-10-20 06:01:50 [TRACE] 【目标出现】C:\Users\gelon\Desktop\ZA-Lite\assets/images/daily\quit_battle.png 置信度：0.9938631057739258
2025-10-20 06:01:51 [TRACE] 【目标出现】C:\Users\gelon\Desktop\ZA-Lite\assets/images/daily\confirm.png 置信度：0.9839516878128052
2025-10-20 06:01:53 [TRACE] 【1】等待目标中 C:\Users\gelon\Desktop\ZA-Lite\assets/images/daily\quit.png
2025-10-20 06:01:53 [TRACE] 【2】等待目标中 C:\Users\gelon\Desktop\ZA-Lite\assets/images/daily\quit.png
2025-10-20 06:01:54 [TRACE] 【3】等待目标中 C:\Users\gelon\Desktop\ZA-Lite\assets/images/daily\quit.png
2025-10-20 06:01:55 [TRACE] 【4】等待目标中 C:\Users\gelon\Desktop\ZA-Lite\assets/images/daily\quit.png
2025-10-20 06:01:55 [TRACE] 【5】等待目标中 C:\Users\gelon\Desktop\ZA-Lite\assets/images/daily\quit.png
2025-10-20 06:01:56 [TRACE] 【6】等待目标中 C:\Users\gelon\Desktop\ZA-Lite\assets/images/daily\quit.png
2025-10-20 06:01:57 [TRACE] 【7】等待目标中 C:\Users\gelon\Desktop\ZA-Lite\assets/images/daily\quit.png
2025-10-20 06:01:57 [TRACE] 【8】等待目标中 C:\Users\gelon\Desktop\ZA-Lite\assets/images/daily\quit.png
2025-10-20 06:01:58 [TRACE] 【跳过】C:\Users\gelon\Desktop\ZA-Lite\assets/images/daily\quit.png
2025-10-20 06:01:58 [TRACE] 【目标出现】C:\Users\gelon\Desktop\ZA-Lite\assets/images/hollow/mission_completed.png 置信度：0.9999998211860657
2025-10-20 06:02:00 [TRACE] 正在返回菜单,请保持游戏画面处于前台
2025-10-20 06:02:02 [TRACE] 正在返回菜单,请保持游戏画面处于前台
2025-10-20 06:02:04 [TRACE] 正在返回菜单,请保持游戏画面处于前台
2025-10-20 06:02:06 [TRACE] 正在返回菜单,请保持游戏画面处于前台
2025-10-20 06:02:09 [TRACE] 正在返回菜单,请保持游戏画面处于前台
2025-10-20 06:02:11 [TRACE] 正在返回菜单,请保持游戏画面处于前台
2025-10-20 06:02:13 [TRACE] 现在处于大厅
2025-10-20 06:02:14 [INFO] 执行零号空洞任务中
2025-10-20 06:02:14 [TRACE] 【1】等待目标中 C:\Users\gelon\Desktop\ZA-Lite\assets/images/hollow\combat.png
2025-10-20 06:02:15 [TRACE] 【目标出现】C:\Users\gelon\Desktop\ZA-Lite\assets/images/hollow\combat.png 置信度：0.9762914776802063
2025-10-20 06:02:16 [TRACE] 【目标出现】C:\Users\gelon\Desktop\ZA-Lite\assets/images/hollow\zero_hollow.png 置信度：0.9999952912330627
2025-10-20 06:02:18 [TRACE] 【目标出现】C:\Users\gelon\Desktop\ZA-Lite\assets/images/hollow\go_hollow.png 置信度：0.9946719408035278
2025-10-20 06:02:19 [TRACE] 【目标出现】C:\Users\gelon\Desktop\ZA-Lite\assets/images/hollow\confirm.png 置信度：0.9839391708374023
2025-10-20 06:02:21 [TRACE] 【1】等待目标中 C:\Users\gelon\Desktop\ZA-Lite\assets/images/hollow\hollow_taskforce.png
2025-10-20 06:02:21 [TRACE] 【2】等待目标中 C:\Users\gelon\Desktop\ZA-Lite\assets/images/hollow\hollow_taskforce.png
2025-10-20 06:02:22 [TRACE] 【3】等待目标中 C:\Users\gelon\Desktop\ZA-Lite\assets/images/hollow\hollow_taskforce.png
2025-10-20 06:02:23 [TRACE] 【目标出现】C:\Users\gelon\Desktop\ZA-Lite\assets/images/hollow\hollow_taskforce.png 置信度：0.9999805688858032
2025-10-20 06:02:24 [TRACE] 【目标出现】C:\Users\gelon\Desktop\ZA-Lite\assets/images/hollow\strategy.png 置信度：0.9999997019767761
2025-10-20 06:02:25 [TRACE] 【1】等待目标中 C:\Users\gelon\Desktop\ZA-Lite\assets/images/hollow\strategy_confirm.png
2025-10-20 06:02:26 [TRACE] 【目标出现】C:\Users\gelon\Desktop\ZA-Lite\assets/images/hollow\strategy_confirm.png 置信度：0.9999999403953552
2025-10-20 06:02:27 [TRACE] 【目标出现】C:\Users\gelon\Desktop\ZA-Lite\assets/images/hollow\next_step.png 置信度：0.9801077842712402
2025-10-20 06:02:29 [TRACE] 【目标出现】C:\Users\gelon\Desktop\ZA-Lite\assets/images/daily\squad_preset.png 置信度：0.9862321615219116
2025-10-20 06:02:30 [TRACE] 【目标出现】C:\Users\gelon\Desktop\ZA-Lite\assets/images/daily\squad_3.png 置信度：0.972000002861023
2025-10-20 06:02:31 [TRACE] 【目标出现】C:\Users\gelon\Desktop\ZA-Lite\assets/images/daily\select_squad.png 置信度：0.9674700498580933
2025-10-20 06:02:33 [TRACE] 【目标出现】C:\Users\gelon\Desktop\ZA-Lite\assets/images/hollow\start_battle.png 置信度：0.9747788906097412
2025-10-20 06:02:35 [TRACE] 【目标检测】屏幕内没有目标
2025-10-20 06:02:36 [TRACE] 【目标检测】屏幕内没有目标
2025-10-20 06:02:37 [TRACE] 【目标检测】屏幕内没有目标
2025-10-20 06:02:37 [TRACE] 【目标检测】屏幕内没有目标
2025-10-20 06:02:38 [TRACE] 【目标检测】屏幕内没有目标
2025-10-20 06:02:39 [TRACE] 【空洞监听】无匹配已持续：0秒
2025-10-20 06:02:40 [TRACE] 【目标检测】屏幕内没有目标
2025-10-20 06:02:41 [TRACE] 【目标检测】屏幕内没有目标
2025-10-20 06:02:42 [TRACE] 【目标检测】屏幕内没有目标
2025-10-20 06:02:43 [TRACE] 【目标检测】屏幕内没有目标
2025-10-20 06:02:44 [TRACE] 【目标检测】屏幕内没有目标
2025-10-20 06:02:44 [TRACE] 【空洞监听】无匹配已持续：5秒
2025-10-20 06:02:46 [TRACE] 【目标检测】屏幕内没有目标
2025-10-20 06:02:47 [TRACE] 【目标检测】屏幕内没有目标
2025-10-20 06:02:48 [TRACE] 【目标检测】屏幕内没有目标
2025-10-20 06:02:49 [TRACE] 【目标检测】屏幕内没有目标
2025-10-20 06:02:50 [TRACE] 【目标检测】屏幕内没有目标
2025-10-20 06:02:50 [TRACE] 【空洞监听】无匹配已持续：11秒
2025-10-20 06:02:52 [TRACE] 【目标检测】屏幕内没有目标
2025-10-20 06:02:53 [TRACE] 【目标检测】屏幕内没有目标
2025-10-20 06:02:54 [TRACE] 【目标检测】屏幕内没有目标
2025-10-20 06:02:55 [TRACE] 【目标检测】屏幕内没有目标
2025-10-20 06:02:55 [TRACE] 【目标检测】屏幕内没有目标
2025-10-20 06:02:56 [TRACE] 【空洞监听】无匹配已持续：16秒
2025-10-20 06:02:58 [TRACE] 【目标检测】微调超时，无法对齐！
2025-10-20 06:03:01 [TRACE] 【目标检测】TRAPPED！ 类型：interact 置信度：0.9303695559501648
2025-10-20 06:03:02 [TRACE] 【空洞监听】无匹配已持续：22秒
2025-10-20 06:03:07 [TRACE] 【目标检测】目标存在，但置信度不足
2025-10-20 06:03:07 [TRACE] 【状态】搜索模式：C:\Users\gelon\Desktop\ZA-Lite\assets/images/hollow\card.png 置信度：1.0
2025-10-20 06:03:08 [TRACE] 【目标检测】目标存在，但置信度不足
2025-10-20 06:03:09 [TRACE] 【目标检测】屏幕内没有目标
2025-10-20 06:03:10 [TRACE] 【目标检测】目标存在，但置信度不足
2025-10-20 06:03:11 [TRACE] 【目标检测】目标存在，但置信度不足
2025-10-20 06:03:11 [TRACE] 【目标检测】目标存在，但置信度不足
2025-10-20 06:03:12 [TRACE] 【目标检测】屏幕内没有目标
2025-10-20 06:03:15 [TRACE] 【目标检测】TRAPPED！ 类型：interact 置信度：0.9231139421463013
2025-10-20 06:03:21 [TRACE] 【目标检测】屏幕内没有目标
2025-10-20 06:03:25 [TRACE] 【空洞监听】无匹配已持续：0秒
2025-10-20 06:03:26 [TRACE] 【目标检测】TRAPPED！ 类型：interact 置信度：0.9437674283981323
2025-10-20 06:03:29 [TRACE] 【目标检测】屏幕内没有目标
2025-10-20 06:03:30 [TRACE] 【空洞监听】无匹配已持续：5秒
2025-10-20 06:03:30 [TRACE] 【目标检测】屏幕内没有目标
2025-10-20 06:03:32 [TRACE] 【目标检测】屏幕内没有目标
2025-10-20 06:03:33 [TRACE] 【目标检测】屏幕内没有目标
2025-10-20 06:03:36 [TRACE] 【空洞监听】无匹配已持续：11秒
2025-10-20 06:03:37 [TRACE] 【目标检测】TRAPPED！ 类型：interact 置信度：0.912123441696167
2025-10-20 06:03:44 [TRACE] 【目标检测】屏幕内没有目标
2025-10-20 06:03:45 [TRACE] 【目标检测】屏幕内没有目标
2025-10-20 06:03:46 [TRACE] 【目标检测】屏幕内没有目标
2025-10-20 06:03:48 [TRACE] 【目标检测】TRAPPED！ 类型：blue_portal 置信度：0.8220875859260559
2025-10-20 06:03:51 [TRACE] 【状态】搜索模式：C:\Users\gelon\Desktop\ZA-Lite\assets/images/hollow\meter.png 置信度：0.9331777095794678
2025-10-20 06:03:53 [TRACE] 【目标检测】TRAPPED！ 类型：blue_portal 置信度：0.8522859811782837
2025-10-20 06:03:59 [TRACE] 【空洞监听】无匹配已持续：0秒
2025-10-20 06:03:59 [TRACE] 【目标检测】屏幕内没有目标
2025-10-20 06:04:00 [TRACE] 【目标检测】屏幕内没有目标
2025-10-20 06:04:01 [TRACE] 【目标检测】屏幕内没有目标
2025-10-20 06:04:02 [TRACE] 【目标检测】屏幕内没有目标
2025-10-20 06:04:03 [TRACE] 【目标检测】屏幕内没有目标
2025-10-20 06:04:04 [TRACE] 【空洞监听】无匹配已持续：5秒
2025-10-20 06:04:05 [TRACE] 【目标检测】屏幕内没有目标
2025-10-20 06:04:06 [TRACE] 【目标检测】屏幕内没有目标
2025-10-20 06:04:09 [TRACE] 【目标检测】屏幕内没有目标
2025-10-20 06:04:09 [TRACE] 【空洞监听】无匹配已持续：10秒
2025-10-20 06:04:10 [TRACE] 【目标检测】屏幕内没有目标
2025-10-20 06:04:11 [TRACE] 【目标检测】屏幕内没有目标
2025-10-20 06:04:13 [TRACE] 【状态】战斗模式：C:\Users\gelon\Desktop\ZA-Lite\assets/images/hollow\battle_5.png 置信度：0.9751192927360535
2025-10-20 06:04:20 [TRACE] 【状态】战斗模式：C:\Users\gelon\Desktop\ZA-Lite\assets/images/hollow\battle_5.png 置信度：0.9995336532592773
2025-10-20 06:04:26 [TRACE] 【状态】战斗模式：C:\Users\gelon\Desktop\ZA-Lite\assets/images/hollow\battle_3.png 置信度：0.9999999403953552
2025-10-20 06:04:29 [TRACE] 【状态】战斗模式：正在受到攻击
2025-10-20 06:04:38 [TRACE] 【状态】搜索模式：C:\Users\gelon\Desktop\ZA-Lite\assets/images/hollow\next_area.png 置信度：0.9999999403953552
2025-10-20 06:04:41 [TRACE] 【目标检测】微调超时，无法对齐！
2025-10-20 06:04:47 [TRACE] 【目标检测】TRAPPED！ 类型：guide_point 置信度：0.9272931218147278
2025-10-20 06:04:48 [TRACE] 【空洞监听】无匹配已持续：0秒
2025-10-20 06:04:53 [TRACE] 【目标检测】屏幕内没有目标
2025-10-20 06:04:53 [TRACE] 【空洞监听】无匹配已持续：5秒
2025-10-20 06:04:54 [TRACE] 【目标检测】屏幕内没有目标
2025-10-20 06:04:55 [TRACE] 【目标检测】屏幕内没有目标
2025-10-20 06:04:56 [TRACE] 【目标检测】屏幕内没有目标
2025-10-20 06:04:57 [TRACE] 【目标检测】屏幕内没有目标
2025-10-20 06:04:59 [TRACE] 【空洞监听】无匹配已持续：11秒
2025-10-20 06:05:00 [TRACE] 【目标检测】目标存在，但置信度不足
2025-10-20 06:05:04 [TRACE] 【空洞监听】无匹配已持续：16秒
2025-10-20 06:05:05 [TRACE] 【目标检测】屏幕内没有目标
2025-10-20 06:05:06 [TRACE] 【目标检测】微调超时，无法对齐！
2025-10-20 06:05:09 [TRACE] 【空洞监听】无匹配已持续：21秒
2025-10-20 06:05:11 [TRACE] 【目标检测】TRAPPED！ 类型：blue_portal 置信度：0.9362720251083374
2025-10-20 06:05:14 [TRACE] 【空洞监听】无匹配已持续：26秒
2025-10-20 06:05:17 [TRACE] 【目标检测】屏幕内没有目标
2025-10-20 06:05:18 [TRACE] 【目标检测】屏幕内没有目标
2025-10-20 06:05:20 [TRACE] 【目标检测】TRAPPED！ 类型：guide_point 置信度：0.6875869631767273
2025-10-20 06:05:22 [TRACE] 【状态】战斗模式：C:\Users\gelon\Desktop\ZA-Lite\assets/images/hollow\battle_3.png 置信度：0.9999997615814209
2025-10-20 06:05:33 [TRACE] 【空洞监听】无匹配已持续：0秒
2025-10-20 06:05:36 [TRACE] 【状态】战斗模式：C:\Users\gelon\Desktop\ZA-Lite\assets/images/hollow\battle_5.png 置信度：0.9650235772132874
2025-10-20 06:05:45 [TRACE] 【空洞监听】无匹配已持续：0秒
2025-10-20 06:05:49 [TRACE] 【状态】搜索模式：C:\Users\gelon\Desktop\ZA-Lite\assets/images/hollow\meter.png 置信度：0.9783646464347839
2025-10-20 06:05:54 [TRACE] 【目标检测】微调超时，无法对齐！
2025-10-20 06:05:54 [TRACE] 【状态】搜索模式：C:\Users\gelon\Desktop\ZA-Lite\assets/images/hollow\meter.png 置信度：0.9592370390892029
2025-10-20 06:05:57 [TRACE] 【目标检测】目标存在，但置信度不足
2025-10-20 06:06:00 [TRACE] 【状态】搜索模式：C:\Users\gelon\Desktop\ZA-Lite\assets/images/hollow\meter.png 置信度：0.9629689455032349
2025-10-20 06:06:01 [TRACE] 【目标检测】微调超时，无法对齐！
2025-10-20 06:06:04 [TRACE] 【目标检测】TRAPPED！ 类型：guide_point 置信度：0.8296550512313843
2025-10-20 06:06:07 [TRACE] 【空洞监听】无匹配已持续：0秒
2025-10-20 06:06:11 [TRACE] 【目标检测】屏幕内没有目标
2025-10-20 06:06:12 [TRACE] 【目标检测】屏幕内没有目标
2025-10-20 06:06:12 [TRACE] 【空洞监听】无匹配已持续：4秒
2025-10-20 06:06:13 [TRACE] 【目标检测】屏幕内没有目标
2025-10-20 06:06:14 [TRACE] 【目标检测】屏幕内没有目标
2025-10-20 06:06:17 [TRACE] 【目标检测】TRAPPED！ 类型：blue_portal 置信度：0.9650653004646301
2025-10-20 06:06:18 [TRACE] 【空洞监听】无匹配已持续：10秒
2025-10-20 06:06:23 [TRACE] 【空洞监听】无匹配已持续：16秒
2025-10-20 06:06:24 [TRACE] 【目标检测】TRAPPED！ 类型：blue_portal 置信度：0.9579766988754272
2025-10-20 06:06:28 [TRACE] 【空洞监听】无匹配已持续：20秒
2025-10-20 06:06:31 [TRACE] 【目标检测】屏幕内没有目标
2025-10-20 06:06:32 [TRACE] 【目标检测】屏幕内没有目标
2025-10-20 06:06:34 [TRACE] 【空洞监听】无匹配已持续：26秒
2025-10-20 06:06:35 [TRACE] 【目标检测】TRAPPED！ 类型：interact 置信度：0.9121460914611816
2025-10-20 06:06:40 [TRACE] 【空洞监听】无匹配已持续：32秒
2025-10-20 06:06:41 [TRACE] 【目标检测】TRAPPED！ 类型：interact 置信度：0.9118263125419617
2025-10-20 06:06:45 [TRACE] 【状态】搜索模式：C:\Users\gelon\Desktop\ZA-Lite\assets/images/hollow\resonium.png 置信度：1.0
2025-10-20 06:06:45 [TRACE] 【目标出现】C:\Users\gelon\Desktop\ZA-Lite\assets/images/hollow\resonium.png 置信度：1.0
2025-10-20 06:06:45 [TRACE] 【本轮的坐标】：(np.int64(1174), np.int64(461)) ------------
2025-10-20 06:06:45 [TRACE] 【已点击过的坐标】：[(-10, -10)]
2025-10-20 06:06:45 [TRACE] 【成功点击】
2025-10-20 06:06:46 [TRACE] 【本轮的坐标】：(np.int64(1581), np.int64(461)) ------------
2025-10-20 06:06:46 [TRACE] 【已点击过的坐标】：[(-10, -10), (np.int64(1174), np.int64(461))]
2025-10-20 06:06:46 [TRACE] 【成功点击】
2025-10-20 06:06:47 [TRACE] 【本轮的坐标】：(np.int64(1582), np.int64(461)) ------------
2025-10-20 06:06:47 [TRACE] 【已点击过的坐标】：[(-10, -10), (np.int64(1174), np.int64(461)), (np.int64(1581), np.int64(461))]
2025-10-20 06:06:47 [TRACE] 【坐标太近】视为重复
2025-10-20 06:06:47 [TRACE] 【没有通过的坐标】开始下一轮
2025-10-20 06:06:47 [TRACE] 【本轮的坐标】：(np.int64(1988), np.int64(461)) ------------
2025-10-20 06:06:47 [TRACE] 【已点击过的坐标】：[(-10, -10), (np.int64(1174), np.int64(461)), (np.int64(1581), np.int64(461))]
2025-10-20 06:06:47 [TRACE] 【成功点击】
2025-10-20 06:06:47 [TRACE] 【目标检测】屏幕内没有目标
2025-10-20 06:06:48 [TRACE] 【本轮的坐标】：(np.int64(1989), np.int64(461)) ------------
2025-10-20 06:06:48 [TRACE] 【已点击过的坐标】：[(-10, -10), (np.int64(1174), np.int64(461)), (np.int64(1581), np.int64(461)), (np.int64(1988), np.int64(461))]
2025-10-20 06:06:48 [TRACE] 【坐标太近】视为重复
2025-10-20 06:06:48 [TRACE] 【没有通过的坐标】开始下一轮
2025-10-20 06:06:48 [TRACE] 【本轮的坐标】：(np.int64(1173), np.int64(462)) ------------
2025-10-20 06:06:48 [TRACE] 【已点击过的坐标】：[(-10, -10), (np.int64(1174), np.int64(461)), (np.int64(1581), np.int64(461)), (np.int64(1988), np.int64(461))]
2025-10-20 06:06:48 [TRACE] 【坐标太近】视为重复
2025-10-20 06:06:48 [TRACE] 【没有通过的坐标】开始下一轮
2025-10-20 06:06:48 [TRACE] 【本轮的坐标】：(np.int64(1174), np.int64(462)) ------------
2025-10-20 06:06:48 [TRACE] 【已点击过的坐标】：[(-10, -10), (np.int64(1174), np.int64(461)), (np.int64(1581), np.int64(461)), (np.int64(1988), np.int64(461))]
2025-10-20 06:06:48 [TRACE] 【坐标太近】视为重复
2025-10-20 06:06:48 [TRACE] 【没有通过的坐标】开始下一轮
2025-10-20 06:06:48 [TRACE] 【本轮的坐标】：(np.int64(1175), np.int64(462)) ------------
2025-10-20 06:06:48 [TRACE] 【已点击过的坐标】：[(-10, -10), (np.int64(1174), np.int64(461)), (np.int64(1581), np.int64(461)), (np.int64(1988), np.int64(461))]
2025-10-20 06:06:48 [TRACE] 【坐标太近】视为重复
2025-10-20 06:06:48 [TRACE] 【没有通过的坐标】开始下一轮
2025-10-20 06:06:48 [TRACE] 【本轮的坐标】：(np.int64(1580), np.int64(462)) ------------
2025-10-20 06:06:48 [TRACE] 【已点击过的坐标】：[(-10, -10), (np.int64(1174), np.int64(461)), (np.int64(1581), np.int64(461)), (np.int64(1988), np.int64(461))]
2025-10-20 06:06:48 [TRACE] 【坐标太近】视为重复
2025-10-20 06:06:48 [TRACE] 【没有通过的坐标】开始下一轮
2025-10-20 06:06:48 [TRACE] 【本轮的坐标】：(np.int64(1581), np.int64(462)) ------------
2025-10-20 06:06:48 [TRACE] 【已点击过的坐标】：[(-10, -10), (np.int64(1174), np.int64(461)), (np.int64(1581), np.int64(461)), (np.int64(1988), np.int64(461))]
2025-10-20 06:06:48 [TRACE] 【坐标太近】视为重复
2025-10-20 06:06:48 [TRACE] 【没有通过的坐标】开始下一轮
2025-10-20 06:06:48 [TRACE] 【本轮的坐标】：(np.int64(1582), np.int64(462)) ------------
2025-10-20 06:06:48 [TRACE] 【已点击过的坐标】：[(-10, -10), (np.int64(1174), np.int64(461)), (np.int64(1581), np.int64(461)), (np.int64(1988), np.int64(461))]
2025-10-20 06:06:48 [TRACE] 【坐标太近】视为重复
2025-10-20 06:06:48 [TRACE] 【没有通过的坐标】开始下一轮
2025-10-20 06:06:48 [TRACE] 【本轮的坐标】：(np.int64(1987), np.int64(462)) ------------
2025-10-20 06:06:48 [TRACE] 【已点击过的坐标】：[(-10, -10), (np.int64(1174), np.int64(461)), (np.int64(1581), np.int64(461)), (np.int64(1988), np.int64(461))]
2025-10-20 06:06:48 [TRACE] 【坐标太近】视为重复
2025-10-20 06:06:48 [TRACE] 【没有通过的坐标】开始下一轮
2025-10-20 06:06:48 [TRACE] 【本轮的坐标】：(np.int64(1988), np.int64(462)) ------------
2025-10-20 06:06:48 [TRACE] 【已点击过的坐标】：[(-10, -10), (np.int64(1174), np.int64(461)), (np.int64(1581), np.int64(461)), (np.int64(1988), np.int64(461))]
2025-10-20 06:06:48 [TRACE] 【坐标太近】视为重复
2025-10-20 06:06:48 [TRACE] 【没有通过的坐标】开始下一轮
2025-10-20 06:06:48 [TRACE] 【本轮的坐标】：(np.int64(1989), np.int64(462)) ------------
2025-10-20 06:06:48 [TRACE] 【已点击过的坐标】：[(-10, -10), (np.int64(1174), np.int64(461)), (np.int64(1581), np.int64(461)), (np.int64(1988), np.int64(461))]
2025-10-20 06:06:48 [TRACE] 【坐标太近】视为重复
2025-10-20 06:06:48 [TRACE] 【没有通过的坐标】开始下一轮
2025-10-20 06:06:48 [TRACE] 【本轮的坐标】：(np.int64(1990), np.int64(462)) ------------
2025-10-20 06:06:48 [TRACE] 【已点击过的坐标】：[(-10, -10), (np.int64(1174), np.int64(461)), (np.int64(1581), np.int64(461)), (np.int64(1988), np.int64(461))]
2025-10-20 06:06:48 [TRACE] 【坐标太近】视为重复
2025-10-20 06:06:48 [TRACE] 【没有通过的坐标】开始下一轮
2025-10-20 06:06:48 [TRACE] 【本轮的坐标】：(np.int64(1174), np.int64(463)) ------------
2025-10-20 06:06:48 [TRACE] 【已点击过的坐标】：[(-10, -10), (np.int64(1174), np.int64(461)), (np.int64(1581), np.int64(461)), (np.int64(1988), np.int64(461))]
2025-10-20 06:06:48 [TRACE] 【坐标太近】视为重复
2025-10-20 06:06:48 [TRACE] 【没有通过的坐标】开始下一轮
2025-10-20 06:06:48 [TRACE] 【本轮的坐标】：(np.int64(1581), np.int64(463)) ------------
2025-10-20 06:06:48 [TRACE] 【已点击过的坐标】：[(-10, -10), (np.int64(1174), np.int64(461)), (np.int64(1581), np.int64(461)), (np.int64(1988), np.int64(461))]
2025-10-20 06:06:48 [TRACE] 【坐标太近】视为重复
2025-10-20 06:06:48 [TRACE] 【没有通过的坐标】开始下一轮
2025-10-20 06:06:48 [TRACE] 【本轮的坐标】：(np.int64(1988), np.int64(463)) ------------
2025-10-20 06:06:48 [TRACE] 【已点击过的坐标】：[(-10, -10), (np.int64(1174), np.int64(461)), (np.int64(1581), np.int64(461)), (np.int64(1988), np.int64(461))]
2025-10-20 06:06:48 [TRACE] 【坐标太近】视为重复
2025-10-20 06:06:48 [TRACE] 【没有通过的坐标】开始下一轮
2025-10-20 06:06:48 [TRACE] 【完成所有点击】有效次数：3
2025-10-20 06:06:48 [TRACE] 【目标检测】屏幕内没有目标
2025-10-20 06:06:49 [TRACE] 【目标检测】屏幕内没有目标
2025-10-20 06:06:50 [TRACE] 【目标检测】屏幕内没有目标
2025-10-20 06:06:50 [TRACE] 【目标检测】屏幕内没有目标
2025-10-20 06:06:56 [TRACE] 【状态】搜索模式：C:\Users\gelon\Desktop\ZA-Lite\assets/images/hollow\meter.png 置信度：0.930314302444458
2025-10-20 06:06:57 [TRACE] 【目标检测】微调超时，无法对齐！
2025-10-20 06:07:02 [TRACE] 【状态】搜索模式：C:\Users\gelon\Desktop\ZA-Lite\assets/images/hollow\meter.png 置信度：0.9582218527793884
2025-10-20 06:07:03 [TRACE] 【目标检测】微调超时，无法对齐！
2025-10-20 06:07:05 [TRACE] 【目标检测】TRAPPED！ 类型：guide_point 置信度：0.868200421333313
2025-10-20 06:07:09 [TRACE] 【空洞监听】无匹配已持续：0秒
2025-10-20 06:07:11 [TRACE] 【目标检测】屏幕内没有目标
2025-10-20 06:07:12 [TRACE] 【目标检测】屏幕内没有目标
2025-10-20 06:07:13 [TRACE] 【目标检测】屏幕内没有目标
2025-10-20 06:07:14 [TRACE] 【目标检测】屏幕内没有目标
2025-10-20 06:07:14 [TRACE] 【空洞监听】无匹配已持续：5秒
2025-10-20 06:07:17 [TRACE] 【目标检测】TRAPPED！ 类型：blue_portal 置信度：0.9360813498497009
2025-10-20 06:07:20 [TRACE] 【空洞监听】无匹配已持续：11秒
2025-10-20 06:07:24 [TRACE] 【目标检测】屏幕内没有目标
2025-10-20 06:07:25 [TRACE] 【目标检测】屏幕内没有目标
2025-10-20 06:07:25 [TRACE] 【空洞监听】无匹配已持续：16秒
2025-10-20 06:07:26 [TRACE] 【目标检测】屏幕内没有目标
2025-10-20 06:07:27 [TRACE] 【目标检测】屏幕内没有目标
2025-10-20 06:07:28 [TRACE] 【目标检测】屏幕内没有目标
2025-10-20 06:07:30 [TRACE] 【目标检测】屏幕内没有目标
2025-10-20 06:07:31 [TRACE] 【空洞监听】无匹配已持续：21秒
2025-10-20 06:07:31 [TRACE] 【目标检测】屏幕内没有目标
2025-10-20 06:07:33 [TRACE] 【目标检测】屏幕内没有目标
2025-10-20 06:07:33 [TRACE] 【目标检测】屏幕内没有目标
2025-10-20 06:07:34 [TRACE] 【状态】战斗模式：C:\Users\gelon\Desktop\ZA-Lite\assets/images/hollow\battle_5.png 置信度：0.94789719581604
2025-10-20 06:07:35 [TRACE] 【目标检测】屏幕内没有目标
2025-10-20 06:07:44 [TRACE] 【空洞监听】无匹配已持续：0秒
2025-10-20 06:07:50 [TRACE] 【空洞监听】无匹配已持续：6秒
2025-10-20 06:07:57 [TRACE] 【状态】战斗模式：正在受到攻击
2025-10-20 06:08:00 [TRACE] 【状态】战斗模式：C:\Users\gelon\Desktop\ZA-Lite\assets/images/hollow\battle_5.png 置信度：0.9677236676216125
2025-10-20 06:08:09 [TRACE] 【空洞监听】无匹配已持续：0秒
2025-10-20 06:08:13 [TRACE] 【状态】战斗模式：C:\Users\gelon\Desktop\ZA-Lite\assets/images/hollow\battle_5.png 置信度：0.9837827682495117
2025-10-20 06:08:16 [TRACE] 【状态】战斗模式：正在受到攻击
2025-10-20 06:08:22 [TRACE] 【空洞监听】无匹配已持续：0秒
2025-10-20 06:08:29 [TRACE] 【空洞监听】无匹配已持续：6秒
2025-10-20 06:08:36 [TRACE] 【状态】搜索模式：C:\Users\gelon\Desktop\ZA-Lite\assets/images/hollow\next_area.png 置信度：0.999999463558197
2025-10-20 06:08:38 [TRACE] 【状态】战斗模式：C:\Users\gelon\Desktop\ZA-Lite\assets/images/hollow\battle_5.png 置信度：0.9466665983200073
2025-10-20 06:08:45 [TRACE] 【状态】搜索模式：C:\Users\gelon\Desktop\ZA-Lite\assets/images/hollow\meter.png 置信度：0.9007848501205444
2025-10-20 06:08:46 [TRACE] 【目标检测】目标存在，但置信度不足
2025-10-20 06:08:49 [TRACE] 【目标检测】微调超时，无法对齐！
2025-10-20 06:08:51 [TRACE] 【状态】搜索模式：C:\Users\gelon\Desktop\ZA-Lite\assets/images/hollow\meter.png 置信度：0.9835718870162964
2025-10-20 06:08:55 [TRACE] 【目标检测】TRAPPED！ 类型：guide_point 置信度：0.9328847527503967
2025-10-20 06:08:57 [TRACE] 【状态】搜索模式：C:\Users\gelon\Desktop\ZA-Lite\assets/images/hollow\meter.png 置信度：0.9533519744873047
2025-10-20 06:09:01 [TRACE] 【目标检测】屏幕内没有目标
2025-10-20 06:09:02 [TRACE] 【目标检测】屏幕内没有目标
2025-10-20 06:09:03 [TRACE] 【目标检测】屏幕内没有目标
2025-10-20 06:09:04 [TRACE] 【目标检测】屏幕内没有目标
2025-10-20 06:09:05 [TRACE] 【空洞监听】无匹配已持续：0秒
2025-10-20 06:09:05 [TRACE] 【目标检测】屏幕内没有目标
2025-10-20 06:09:07 [TRACE] 【状态】战斗模式：C:\Users\gelon\Desktop\ZA-Lite\assets/images/hollow\battle_2.png 置信度：0.9999999403953552
2025-10-20 06:09:07 [TRACE] 【状态】战斗模式：C:\Users\gelon\Desktop\ZA-Lite\assets/images/hollow\battle_3.png 置信度：1.0
2025-10-20 06:09:17 [TRACE] 【状态】战斗模式：正在受到攻击
2025-10-20 06:09:23 [TRACE] 【状态】战斗模式：正在受到攻击
2025-10-20 06:09:29 [TRACE] 【空洞监听】无匹配已持续：0秒
2025-10-20 06:09:33 [TRACE] 【状态】战斗模式：C:\Users\gelon\Desktop\ZA-Lite\assets/images/hollow\battle_5.png 置信度：0.9723821878433228
2025-10-20 06:09:42 [TRACE] 【空洞监听】无匹配已持续：0秒
2025-10-20 06:09:51 [TRACE] 【状态】搜索模式：C:\Users\gelon\Desktop\ZA-Lite\assets/images/hollow\next_area.png 置信度：0.9999993443489075
2025-10-20 06:09:52 [TRACE] 【目标检测】屏幕内没有目标
2025-10-20 06:09:54 [TRACE] 【目标检测】TRAPPED！ 类型：red_portal 置信度：0.9378061890602112
2025-10-20 06:09:54 [TRACE] 【状态】进入BOSS战，攻击检测预启动
2025-10-20 06:10:01 [TRACE] 【目标检测】屏幕内没有目标
2025-10-20 06:10:02 [TRACE] 【空洞监听】无匹配已持续：0秒
2025-10-20 06:10:03 [TRACE] 【目标检测】屏幕内没有目标
2025-10-20 06:10:04 [TRACE] 【目标检测】屏幕内没有目标
2025-10-20 06:10:06 [TRACE] 【目标检测】屏幕内没有目标
2025-10-20 06:10:07 [TRACE] 【目标检测】屏幕内没有目标
2025-10-20 06:10:09 [TRACE] 【状态】战斗模式：正在受到攻击
2025-10-20 06:10:10 [TRACE] 【目标检测】屏幕内没有目标
2025-10-20 06:10:15 [TRACE] 【空洞监听】无匹配已持续：0秒
2025-10-20 06:10:21 [TRACE] 【状态】战斗模式：正在受到攻击
2025-10-20 06:10:25 [TRACE] 【状态】战斗模式：C:\Users\gelon\Desktop\ZA-Lite\assets/images/hollow\battle_5.png 置信度：0.9849026799201965
2025-10-20 06:10:34 [TRACE] 【空洞监听】无匹配已持续：0秒
2025-10-20 06:10:38 [TRACE] 【状态】战斗模式：C:\Users\gelon\Desktop\ZA-Lite\assets/images/hollow\battle_5.png 置信度：0.9812927842140198
2025-10-20 06:10:47 [TRACE] 【空洞监听】无匹配已持续：0秒
2025-10-20 06:10:53 [TRACE] 【空洞监听】无匹配已持续：6秒
2025-10-20 06:10:57 [TRACE] 【状态】战斗模式：C:\Users\gelon\Desktop\ZA-Lite\assets/images/hollow\battle_5.png 置信度：0.9928134679794312
2025-10-20 06:11:06 [TRACE] 【空洞监听】无匹配已持续：0秒
2025-10-20 06:11:12 [TRACE] 【空洞监听】无匹配已持续：6秒
2025-10-20 06:11:18 [TRACE] 【空洞监听】无匹配已持续：12秒
2025-10-20 06:11:22 [TRACE] 【状态】战斗模式：C:\Users\gelon\Desktop\ZA-Lite\assets/images/hollow\battle_5.png 置信度：0.9970296025276184
2025-10-20 06:11:28 [TRACE] 【状态】战斗模式：C:\Users\gelon\Desktop\ZA-Lite\assets/images/hollow\battle_5.png 置信度：0.983942985534668
2025-10-20 06:11:35 [TRACE] 【状态】战斗模式：C:\Users\gelon\Desktop\ZA-Lite\assets/images/hollow\battle_5.png 置信度：0.9937682151794434
2025-10-20 06:11:44 [TRACE] 【空洞监听】无匹配已持续：0秒
2025-10-20 06:11:47 [TRACE] 【状态】战斗模式：C:\Users\gelon\Desktop\ZA-Lite\assets/images/hollow\battle_5.png 置信度：0.979844868183136
2025-10-20 06:11:54 [TRACE] 【状态】战斗模式：C:\Users\gelon\Desktop\ZA-Lite\assets/images/hollow\battle_5.png 置信度：0.9801661372184753
2025-10-20 06:12:03 [TRACE] 【空洞监听】无匹配已持续：0秒
2025-10-20 06:12:03 [TRACE] 【状态】搜索模式：C:\Users\gelon\Desktop\ZA-Lite\assets/images/hollow\gear.png 置信度：1.0
2025-10-20 06:12:04 [TRACE] 【目标检测】屏幕内没有目标
2025-10-20 06:12:05 [TRACE] 【目标检测】屏幕内没有目标
2025-10-20 06:12:06 [TRACE] 【目标检测】屏幕内没有目标
2025-10-20 06:12:07 [TRACE] 【目标检测】屏幕内没有目标
2025-10-20 06:12:09 [TRACE] 【目标检测】目标存在，但置信度不足
2025-10-20 06:12:09 [TRACE] 【状态】搜索模式：C:\Users\gelon\Desktop\ZA-Lite\assets/images/hollow\resonium.png 置信度：1.0
2025-10-20 06:12:09 [TRACE] 【目标出现】C:\Users\gelon\Desktop\ZA-Lite\assets/images/hollow\resonium.png 置信度：1.0
2025-10-20 06:12:09 [TRACE] 【本轮的坐标】：(np.int64(1174), np.int64(461)) ------------
2025-10-20 06:12:09 [TRACE] 【已点击过的坐标】：[(-10, -10)]
2025-10-20 06:12:09 [TRACE] 【成功点击】
2025-10-20 06:12:09 [TRACE] 【目标检测】目标存在，但置信度不足
2025-10-20 06:12:10 [TRACE] 【本轮的坐标】：(np.int64(1581), np.int64(461)) ------------
2025-10-20 06:12:10 [TRACE] 【已点击过的坐标】：[(-10, -10), (np.int64(1174), np.int64(461))]
2025-10-20 06:12:10 [TRACE] 【成功点击】
2025-10-20 06:12:10 [TRACE] 【目标检测】目标存在，但置信度不足
2025-10-20 06:12:10 [TRACE] 【本轮的坐标】：(np.int64(1582), np.int64(461)) ------------
2025-10-20 06:12:10 [TRACE] 【已点击过的坐标】：[(-10, -10), (np.int64(1174), np.int64(461)), (np.int64(1581), np.int64(461))]
2025-10-20 06:12:10 [TRACE] 【坐标太近】视为重复
2025-10-20 06:12:10 [TRACE] 【没有通过的坐标】开始下一轮
2025-10-20 06:12:10 [TRACE] 【本轮的坐标】：(np.int64(1988), np.int64(461)) ------------
2025-10-20 06:12:10 [TRACE] 【已点击过的坐标】：[(-10, -10), (np.int64(1174), np.int64(461)), (np.int64(1581), np.int64(461))]
2025-10-20 06:12:10 [TRACE] 【成功点击】
2025-10-20 06:12:11 [TRACE] 【目标检测】目标存在，但置信度不足
2025-10-20 06:12:11 [TRACE] 【本轮的坐标】：(np.int64(1989), np.int64(461)) ------------
2025-10-20 06:12:11 [TRACE] 【已点击过的坐标】：[(-10, -10), (np.int64(1174), np.int64(461)), (np.int64(1581), np.int64(461)), (np.int64(1988), np.int64(461))]
2025-10-20 06:12:11 [TRACE] 【坐标太近】视为重复
2025-10-20 06:12:11 [TRACE] 【没有通过的坐标】开始下一轮
2025-10-20 06:12:11 [TRACE] 【本轮的坐标】：(np.int64(1173), np.int64(462)) ------------
2025-10-20 06:12:11 [TRACE] 【已点击过的坐标】：[(-10, -10), (np.int64(1174), np.int64(461)), (np.int64(1581), np.int64(461)), (np.int64(1988), np.int64(461))]
2025-10-20 06:12:11 [TRACE] 【坐标太近】视为重复
2025-10-20 06:12:11 [TRACE] 【没有通过的坐标】开始下一轮
2025-10-20 06:12:11 [TRACE] 【本轮的坐标】：(np.int64(1174), np.int64(462)) ------------
2025-10-20 06:12:11 [TRACE] 【已点击过的坐标】：[(-10, -10), (np.int64(1174), np.int64(461)), (np.int64(1581), np.int64(461)), (np.int64(1988), np.int64(461))]
2025-10-20 06:12:11 [TRACE] 【坐标太近】视为重复
2025-10-20 06:12:11 [TRACE] 【没有通过的坐标】开始下一轮
2025-10-20 06:12:11 [TRACE] 【本轮的坐标】：(np.int64(1175), np.int64(462)) ------------
2025-10-20 06:12:11 [TRACE] 【已点击过的坐标】：[(-10, -10), (np.int64(1174), np.int64(461)), (np.int64(1581), np.int64(461)), (np.int64(1988), np.int64(461))]
2025-10-20 06:12:11 [TRACE] 【坐标太近】视为重复
2025-10-20 06:12:11 [TRACE] 【没有通过的坐标】开始下一轮
2025-10-20 06:12:11 [TRACE] 【本轮的坐标】：(np.int64(1580), np.int64(462)) ------------
2025-10-20 06:12:11 [TRACE] 【已点击过的坐标】：[(-10, -10), (np.int64(1174), np.int64(461)), (np.int64(1581), np.int64(461)), (np.int64(1988), np.int64(461))]
2025-10-20 06:12:11 [TRACE] 【坐标太近】视为重复
2025-10-20 06:12:11 [TRACE] 【没有通过的坐标】开始下一轮
2025-10-20 06:12:11 [TRACE] 【本轮的坐标】：(np.int64(1581), np.int64(462)) ------------
2025-10-20 06:12:11 [TRACE] 【已点击过的坐标】：[(-10, -10), (np.int64(1174), np.int64(461)), (np.int64(1581), np.int64(461)), (np.int64(1988), np.int64(461))]
2025-10-20 06:12:11 [TRACE] 【坐标太近】视为重复
2025-10-20 06:12:11 [TRACE] 【没有通过的坐标】开始下一轮
2025-10-20 06:12:11 [TRACE] 【本轮的坐标】：(np.int64(1582), np.int64(462)) ------------
2025-10-20 06:12:11 [TRACE] 【已点击过的坐标】：[(-10, -10), (np.int64(1174), np.int64(461)), (np.int64(1581), np.int64(461)), (np.int64(1988), np.int64(461))]
2025-10-20 06:12:11 [TRACE] 【坐标太近】视为重复
2025-10-20 06:12:11 [TRACE] 【没有通过的坐标】开始下一轮
2025-10-20 06:12:11 [TRACE] 【本轮的坐标】：(np.int64(1987), np.int64(462)) ------------
2025-10-20 06:12:11 [TRACE] 【已点击过的坐标】：[(-10, -10), (np.int64(1174), np.int64(461)), (np.int64(1581), np.int64(461)), (np.int64(1988), np.int64(461))]
2025-10-20 06:12:11 [TRACE] 【坐标太近】视为重复
2025-10-20 06:12:11 [TRACE] 【没有通过的坐标】开始下一轮
2025-10-20 06:12:11 [TRACE] 【本轮的坐标】：(np.int64(1988), np.int64(462)) ------------
2025-10-20 06:12:11 [TRACE] 【已点击过的坐标】：[(-10, -10), (np.int64(1174), np.int64(461)), (np.int64(1581), np.int64(461)), (np.int64(1988), np.int64(461))]
2025-10-20 06:12:11 [TRACE] 【坐标太近】视为重复
2025-10-20 06:12:11 [TRACE] 【没有通过的坐标】开始下一轮
2025-10-20 06:12:11 [TRACE] 【本轮的坐标】：(np.int64(1989), np.int64(462)) ------------
2025-10-20 06:12:11 [TRACE] 【已点击过的坐标】：[(-10, -10), (np.int64(1174), np.int64(461)), (np.int64(1581), np.int64(461)), (np.int64(1988), np.int64(461))]
2025-10-20 06:12:11 [TRACE] 【坐标太近】视为重复
2025-10-20 06:12:11 [TRACE] 【没有通过的坐标】开始下一轮
2025-10-20 06:12:11 [TRACE] 【本轮的坐标】：(np.int64(1990), np.int64(462)) ------------
2025-10-20 06:12:11 [TRACE] 【已点击过的坐标】：[(-10, -10), (np.int64(1174), np.int64(461)), (np.int64(1581), np.int64(461)), (np.int64(1988), np.int64(461))]
2025-10-20 06:12:11 [TRACE] 【坐标太近】视为重复
2025-10-20 06:12:11 [TRACE] 【没有通过的坐标】开始下一轮
2025-10-20 06:12:11 [TRACE] 【本轮的坐标】：(np.int64(1174), np.int64(463)) ------------
2025-10-20 06:12:11 [TRACE] 【已点击过的坐标】：[(-10, -10), (np.int64(1174), np.int64(461)), (np.int64(1581), np.int64(461)), (np.int64(1988), np.int64(461))]
2025-10-20 06:12:11 [TRACE] 【坐标太近】视为重复
2025-10-20 06:12:11 [TRACE] 【没有通过的坐标】开始下一轮
2025-10-20 06:12:11 [TRACE] 【本轮的坐标】：(np.int64(1581), np.int64(463)) ------------
2025-10-20 06:12:11 [TRACE] 【已点击过的坐标】：[(-10, -10), (np.int64(1174), np.int64(461)), (np.int64(1581), np.int64(461)), (np.int64(1988), np.int64(461))]
2025-10-20 06:12:11 [TRACE] 【坐标太近】视为重复
2025-10-20 06:12:11 [TRACE] 【没有通过的坐标】开始下一轮
2025-10-20 06:12:11 [TRACE] 【本轮的坐标】：(np.int64(1988), np.int64(463)) ------------
2025-10-20 06:12:11 [TRACE] 【已点击过的坐标】：[(-10, -10), (np.int64(1174), np.int64(461)), (np.int64(1581), np.int64(461)), (np.int64(1988), np.int64(461))]
2025-10-20 06:12:11 [TRACE] 【坐标太近】视为重复
2025-10-20 06:12:11 [TRACE] 【没有通过的坐标】开始下一轮
2025-10-20 06:12:11 [TRACE] 【完成所有点击】有效次数：3
2025-10-20 06:12:11 [TRACE] 【目标检测】屏幕内没有目标
2025-10-20 06:12:12 [TRACE] 【目标检测】目标存在，但置信度不足
2025-10-20 06:12:13 [TRACE] 【目标检测】目标存在，但置信度不足
2025-10-20 06:12:14 [TRACE] 【目标检测】目标存在，但置信度不足
2025-10-20 06:12:15 [TRACE] 【目标检测】目标存在，但置信度不足
2025-10-20 06:12:15 [TRACE] 【目标检测】屏幕内没有目标
2025-10-20 06:12:17 [TRACE] 【目标检测】屏幕内没有目标
2025-10-20 06:12:18 [TRACE] 【目标检测】目标存在，但置信度不足
2025-10-20 06:12:19 [TRACE] 【目标检测】目标存在，但置信度不足
2025-10-20 06:12:20 [TRACE] 【目标检测】目标存在，但置信度不足
2025-10-20 06:12:21 [TRACE] 【目标检测】目标存在，但置信度不足
2025-10-20 06:12:22 [TRACE] 【目标检测】屏幕内没有目标
2025-10-20 06:12:22 [TRACE] 【空洞监听】无匹配已持续：0秒
2025-10-20 06:12:22 [TRACE] 【目标检测】目标存在，但置信度不足
2025-10-20 06:12:23 [TRACE] 【状态】搜索模式：C:\Users\gelon\Desktop\ZA-Lite\assets/images/hollow\battle_end_boss.png 置信度：0.9999364018440247
2025-10-20 06:12:24 [TRACE] 【目标检测】目标存在，但置信度不足
2025-10-20 06:12:26 [TRACE] 【目标检测】屏幕内没有目标
2025-10-20 06:12:28 [TRACE] 【目标检测】屏幕内没有目标
2025-10-20 06:12:29 [TRACE] 【目标检测】屏幕内没有目标
2025-10-20 06:12:30 [TRACE] 【目标检测】屏幕内没有目标
2025-10-20 06:12:31 [TRACE] 【目标检测】屏幕内没有目标
2025-10-20 06:12:32 [TRACE] 【目标检测】屏幕内没有目标
2025-10-20 06:12:33 [TRACE] 【空洞监听】无匹配已持续：0秒
2025-10-20 06:12:35 [TRACE] 【目标检测】TRAPPED！ 类型：interact 置信度：0.9141716361045837
2025-10-20 06:12:39 [TRACE] 【空洞监听】无匹配已持续：5秒
2025-10-20 06:12:41 [TRACE] 【目标检测】屏幕内没有目标
2025-10-20 06:12:42 [TRACE] 【目标检测】屏幕内没有目标
2025-10-20 06:12:43 [TRACE] 【目标检测】屏幕内没有目标
2025-10-20 06:12:44 [TRACE] 【目标检测】屏幕内没有目标
2025-10-20 06:12:45 [TRACE] 【目标检测】屏幕内没有目标
2025-10-20 06:12:47 [TRACE] 【目标检测】TRAPPED！ 类型：interact 置信度：0.9289692640304565
2025-10-20 06:12:54 [TRACE] 【目标检测】屏幕内没有目标
2025-10-20 06:12:54 [TRACE] 【目标检测】屏幕内没有目标
2025-10-20 06:12:55 [TRACE] 【目标检测】屏幕内没有目标
2025-10-20 06:12:56 [TRACE] 【目标检测】屏幕内没有目标
2025-10-20 06:12:57 [TRACE] 【目标检测】屏幕内没有目标
2025-10-20 06:12:59 [TRACE] 【目标检测】TRAPPED！ 类型：interact 置信度：0.927008330821991
2025-10-20 06:13:04 [TRACE] 【目标检测】TRAPPED！ 类型：interact 置信度：0.9107630848884583
2025-10-20 06:13:06 [TRACE] 【空洞监听】无匹配已持续：0秒
2025-10-20 06:13:10 [TRACE] 【目标检测】屏幕内没有目标
2025-10-20 06:13:10 [TRACE] 【目标检测】屏幕内没有目标
2025-10-20 06:13:11 [TRACE] 【目标检测】屏幕内没有目标
2025-10-20 06:13:12 [TRACE] 【目标检测】屏幕内没有目标
2025-10-20 06:13:13 [TRACE] 【目标检测】屏幕内没有目标
2025-10-20 06:13:15 [TRACE] 【目标检测】TRAPPED！ 类型：interact 置信度：0.9378622770309448
2025-10-20 06:13:19 [TRACE] 【目标检测】TRAPPED！ 类型：interact 置信度：0.91957026720047
2025-10-20 06:13:22 [TRACE] 【空洞监听】无匹配已持续：0秒
2025-10-20 06:13:25 [TRACE] 【目标检测】屏幕内没有目标
2025-10-20 06:13:26 [TRACE] 【目标检测】屏幕内没有目标
2025-10-20 06:13:27 [TRACE] 【目标检测】屏幕内没有目标
2025-10-20 06:13:28 [TRACE] 【目标检测】屏幕内没有目标
2025-10-20 06:13:28 [TRACE] 【目标检测】屏幕内没有目标
2025-10-20 06:13:30 [TRACE] 【目标检测】TRAPPED！ 类型：interact 置信度：0.9170598983764648
2025-10-20 06:13:34 [TRACE] 【目标检测】TRAPPED！ 类型：interact 置信度：0.9134088158607483
2025-10-20 06:13:37 [TRACE] 【空洞监听】无匹配已持续：0秒
2025-10-20 06:13:41 [TRACE] 【目标检测】TRAPPED！ 类型：interact 置信度：0.8898278474807739
2025-10-20 06:13:42 [TRACE] 【空洞监听】无匹配已持续：5秒
2025-10-20 06:13:46 [TRACE] 【目标检测】TRAPPED！ 类型：interact 置信度：0.9408380389213562
2025-10-20 06:13:48 [TRACE] 【空洞监听】无匹配已持续：10秒
2025-10-20 06:13:52 [TRACE] 【目标检测】TRAPPED！ 类型：interact 置信度：0.9386668801307678
2025-10-20 06:13:53 [TRACE] 【空洞监听】无匹配已持续：15秒
2025-10-20 06:13:58 [TRACE] 【目标检测】TRAPPED！ 类型：interact 置信度：0.9272348284721375
2025-10-20 06:13:58 [TRACE] 【空洞监听】无匹配已持续：20秒
2025-10-20 06:14:03 [TRACE] 【空洞监听】无匹配已持续：25秒
2025-10-20 06:14:04 [TRACE] 【目标检测】TRAPPED！ 类型：interact 置信度：0.8928623795509338
2025-10-20 06:14:08 [TRACE] 【空洞监听】无匹配已持续：30秒
2025-10-20 06:14:09 [TRACE] 【目标检测】TRAPPED！ 类型：interact 置信度：0.9230893850326538
2025-10-20 06:14:13 [TRACE] 【空洞监听】无匹配已持续：35秒
2025-10-20 06:14:16 [TRACE] 【目标检测】TRAPPED！ 类型：interact 置信度：0.9377667903900146
2025-10-20 06:14:19 [TRACE] 【空洞监听】无匹配已持续：41秒
2025-10-20 06:14:21 [TRACE] 【目标检测】TRAPPED！ 类型：interact 置信度：0.9140740036964417
2025-10-20 06:14:23 [TRACE] 【空洞监听】无匹配已持续：46秒
2025-10-20 06:14:27 [TRACE] 【目标检测】TRAPPED！ 类型：interact 置信度：0.9189287424087524
2025-10-20 06:14:28 [TRACE] 【空洞监听】无匹配已持续：51秒
2025-10-20 06:14:33 [TRACE] 【目标检测】TRAPPED！ 类型：interact 置信度：0.9146335124969482
2025-10-20 06:14:34 [TRACE] 【空洞监听】无匹配已持续：56秒
2025-10-20 06:14:39 [TRACE] 【目标检测】屏幕内没有目标
2025-10-20 06:14:39 [TRACE] 【目标检测】屏幕内没有目标
2025-10-20 06:14:40 [TRACE] 【目标检测】屏幕内没有目标
2025-10-20 06:14:41 [TRACE] 【目标检测】屏幕内没有目标
2025-10-20 06:14:42 [TRACE] 【目标检测】屏幕内没有目标
2025-10-20 06:14:44 [TRACE] 【目标检测】屏幕内没有目标
2025-10-20 06:14:45 [TRACE] 【目标检测】屏幕内没有目标
2025-10-20 06:14:46 [TRACE] 【目标检测】屏幕内没有目标
2025-10-20 06:14:47 [TRACE] 【目标检测】屏幕内没有目标
2025-10-20 06:14:48 [TRACE] 【目标检测】目标存在，但置信度不足
2025-10-20 06:14:48 [TRACE] 【目标检测】目标存在，但置信度不足
2025-10-20 06:14:49 [TRACE] 【目标检测】目标存在，但置信度不足
2025-10-20 06:14:50 [TRACE] 【目标检测】屏幕内没有目标
2025-10-20 06:14:52 [TRACE] 【目标检测】屏幕内没有目标
2025-10-20 06:14:53 [TRACE] 【目标检测】目标存在，但置信度不足
2025-10-20 06:14:54 [TRACE] 【目标检测】屏幕内没有目标
2025-10-20 06:14:55 [TRACE] 【目标检测】屏幕内没有目标
2025-10-20 06:14:56 [TRACE] 【目标检测】屏幕内没有目标
2025-10-20 06:14:56 [TRACE] 【空洞监听】无匹配已持续：0秒
2025-10-20 06:14:56 [TRACE] 【目标检测】屏幕内没有目标
2025-10-20 06:15:01 [TRACE] 【目标检测】TRAPPED！ 类型：interact 置信度：0.9073265790939331
2025-10-20 06:15:01 [TRACE] 【空洞监听】无匹配已持续：4秒
2025-10-20 06:15:07 [TRACE] 【状态】搜索模式：C:\Users\gelon\Desktop\ZA-Lite\assets/images/hollow\gear.png 置信度：0.9997154474258423
2025-10-20 06:15:07 [TRACE] 【目标检测】屏幕内没有目标
2025-10-20 06:15:08 [TRACE] 【目标检测】屏幕内没有目标
2025-10-20 06:15:09 [TRACE] 【目标检测】屏幕内没有目标
2025-10-20 06:15:10 [TRACE] 【目标检测】屏幕内没有目标
2025-10-20 06:15:11 [TRACE] 【目标检测】屏幕内没有目标
2025-10-20 06:15:13 [TRACE] 【目标检测】屏幕内没有目标
2025-10-20 06:15:14 [TRACE] 【目标检测】屏幕内没有目标
2025-10-20 06:15:15 [TRACE] 【目标检测】屏幕内没有目标
2025-10-20 06:15:16 [TRACE] 【目标检测】屏幕内没有目标
2025-10-20 06:15:16 [TRACE] 【目标检测】屏幕内没有目标
2025-10-20 06:15:18 [TRACE] 【空洞监听】无匹配已持续：0秒
2025-10-20 06:15:19 [TRACE] 【目标检测】屏幕内没有目标
2025-10-20 06:15:19 [TRACE] 【目标检测】屏幕内没有目标
2025-10-20 06:15:20 [TRACE] 【目标检测】屏幕内没有目标
2025-10-20 06:15:21 [TRACE] 【目标检测】屏幕内没有目标
2025-10-20 06:15:22 [TRACE] 【目标检测】屏幕内没有目标
2025-10-20 06:15:24 [TRACE] 【空洞监听】无匹配已持续：5秒
2025-10-20 06:15:24 [TRACE] 【目标检测】屏幕内没有目标
2025-10-20 06:15:25 [TRACE] 【目标检测】屏幕内没有目标
2025-10-20 06:15:26 [TRACE] 【目标检测】屏幕内没有目标
2025-10-20 06:15:27 [TRACE] 【目标检测】屏幕内没有目标
2025-10-20 06:15:27 [TRACE] 【目标检测】屏幕内没有目标
2025-10-20 06:15:29 [TRACE] 【空洞监听】无匹配已持续：11秒
2025-10-20 06:15:29 [TRACE] 【目标检测】屏幕内没有目标
2025-10-20 06:15:30 [TRACE] 【目标检测】屏幕内没有目标
2025-10-20 06:15:32 [TRACE] 【目标检测】屏幕内没有目标
2025-10-20 06:15:32 [TRACE] 【目标检测】屏幕内没有目标
2025-10-20 06:15:33 [TRACE] 【目标检测】屏幕内没有目标
2025-10-20 06:15:34 [TRACE] 【空洞监听】无匹配已持续：16秒
2025-10-20 06:15:35 [TRACE] 【目标检测】屏幕内没有目标
2025-10-20 06:15:36 [TRACE] 【目标检测】屏幕内没有目标
2025-10-20 06:15:37 [TRACE] 【目标检测】屏幕内没有目标
2025-10-20 06:15:38 [TRACE] 【目标检测】屏幕内没有目标
2025-10-20 06:15:39 [TRACE] 【目标检测】屏幕内没有目标
2025-10-20 06:15:40 [TRACE] 【空洞监听】无匹配已持续：21秒
2025-10-20 06:15:41 [TRACE] 【目标检测】屏幕内没有目标
2025-10-20 06:15:42 [TRACE] 【目标检测】屏幕内没有目标
2025-10-20 06:15:43 [TRACE] 【目标检测】屏幕内没有目标
2025-10-20 06:15:44 [TRACE] 【目标检测】屏幕内没有目标
2025-10-20 06:15:44 [TRACE] 【目标检测】屏幕内没有目标
2025-10-20 06:15:45 [TRACE] 【空洞监听】无匹配已持续：27秒
2025-10-20 06:15:47 [TRACE] 【目标检测】屏幕内没有目标
2025-10-20 06:15:48 [TRACE] 【目标检测】屏幕内没有目标
2025-10-20 06:15:48 [TRACE] 【目标检测】屏幕内没有目标
2025-10-20 06:15:50 [TRACE] 【目标检测】屏幕内没有目标
2025-10-20 06:15:50 [TRACE] 【目标检测】屏幕内没有目标
2025-10-20 06:15:51 [TRACE] 【空洞监听】无匹配已持续：33秒
2025-10-20 06:15:53 [TRACE] 【目标检测】屏幕内没有目标
2025-10-20 06:15:54 [TRACE] 【目标检测】屏幕内没有目标
2025-10-20 06:15:54 [TRACE] 【目标检测】屏幕内没有目标
2025-10-20 06:15:55 [TRACE] 【目标检测】屏幕内没有目标
2025-10-20 06:15:56 [TRACE] 【目标检测】屏幕内没有目标
2025-10-20 06:15:57 [TRACE] 【空洞监听】无匹配已持续：38秒
2025-10-20 06:15:58 [TRACE] 【目标检测】屏幕内没有目标
2025-10-20 06:15:59 [TRACE] 【目标检测】屏幕内没有目标
2025-10-20 06:16:00 [TRACE] 【目标检测】屏幕内没有目标
2025-10-20 06:16:01 [TRACE] 【目标检测】屏幕内没有目标
2025-10-20 06:16:02 [TRACE] 【目标检测】屏幕内没有目标
2025-10-20 06:16:02 [TRACE] 【空洞监听】无匹配已持续：44秒
2025-10-20 06:16:04 [TRACE] 【目标检测】屏幕内没有目标
2025-10-20 06:16:05 [TRACE] 【目标检测】屏幕内没有目标
2025-10-20 06:16:06 [TRACE] 【目标检测】屏幕内没有目标
2025-10-20 06:16:06 [TRACE] 【目标检测】屏幕内没有目标
2025-10-20 06:16:07 [TRACE] 【目标检测】屏幕内没有目标
2025-10-20 06:16:08 [TRACE] 【空洞监听】无匹配已持续：49秒
2025-10-20 06:16:13 [TRACE] 【空洞监听】无匹配已持续：55秒
2025-10-20 06:16:14 [TRACE] 【目标检测】微调超时，无法对齐！
2025-10-20 06:16:18 [TRACE] 【目标检测】TRAPPED！ 类型：interact 置信度：0.9271857142448425
2025-10-20 06:16:19 [TRACE] 【空洞监听】无匹配已持续：61秒
2025-10-20 06:16:19 [TRACE] 【空洞监听】即将超时，重启搜索线程
2025-10-20 06:16:24 [TRACE] 【目标检测】屏幕内没有目标
2025-10-20 06:16:25 [TRACE] 【目标检测】屏幕内没有目标
2025-10-20 06:16:26 [TRACE] 【目标检测】屏幕内没有目标
2025-10-20 06:16:27 [TRACE] 【目标检测】屏幕内没有目标
2025-10-20 06:16:28 [TRACE] 【目标检测】屏幕内没有目标
2025-10-20 06:16:30 [TRACE] 【目标检测】屏幕内没有目标
2025-10-20 06:16:31 [TRACE] 【目标检测】屏幕内没有目标
2025-10-20 06:16:31 [TRACE] 【目标检测】屏幕内没有目标
2025-10-20 06:16:33 [TRACE] 【目标检测】屏幕内没有目标
2025-10-20 06:16:33 [TRACE] 【目标检测】屏幕内没有目标
2025-10-20 06:16:35 [TRACE] 【目标检测】屏幕内没有目标
2025-10-20 06:16:39 [TRACE] 【状态】搜索模式：C:\Users\gelon\Desktop\ZA-Lite\assets/images/hollow\meter.png 置信度：0.9204186797142029
2025-10-20 06:16:40 [TRACE] 【目标检测】微调超时，无法对齐！
2025-10-20 06:16:44 [TRACE] 【目标检测】目标存在，但置信度不足
2025-10-20 06:16:44 [TRACE] 【状态】搜索模式：C:\Users\gelon\Desktop\ZA-Lite\assets/images/hollow\meter.png 置信度：0.9095116853713989
2025-10-20 06:16:45 [TRACE] 【目标检测】TRAPPED！ 类型：guide_point 置信度：0.9421126842498779
2025-10-20 06:16:51 [TRACE] 【空洞监听】无匹配已持续：0秒
2025-10-20 06:16:56 [TRACE] 【目标检测】微调超时，无法对齐！
2025-10-20 06:17:02 [TRACE] 【目标检测】微调超时，无法对齐！
2025-10-20 06:17:08 [TRACE] 【目标检测】微调超时，无法对齐！
2025-10-20 06:17:14 [TRACE] 【目标检测】微调超时，无法对齐！
2025-10-20 06:17:16 [TRACE] 【目标检测】屏幕内没有目标
2025-10-20 06:17:17 [TRACE] 【目标检测】目标存在，但置信度不足
2025-10-20 06:17:20 [TRACE] 【目标检测】目标存在，但置信度不足
2025-10-20 06:17:21 [TRACE] 【目标检测】TRAPPED！ 类型：guide_point 置信度：0.6700617671012878
2025-10-20 06:17:24 [TRACE] 【空洞监听】无匹配已持续：0秒
2025-10-20 06:17:27 [TRACE] 【目标检测】屏幕内没有目标
2025-10-20 06:17:28 [TRACE] 【目标检测】屏幕内没有目标
2025-10-20 06:17:29 [TRACE] 【目标检测】屏幕内没有目标
2025-10-20 06:17:29 [TRACE] 【空洞监听】无匹配已持续：5秒
2025-10-20 06:17:30 [TRACE] 【目标检测】屏幕内没有目标
2025-10-20 06:17:31 [TRACE] 【目标检测】屏幕内没有目标
2025-10-20 06:17:35 [TRACE] 【空洞监听】无匹配已持续：10秒
2025-10-20 06:17:37 [TRACE] 【目标检测】TRAPPED！ 类型：blue_portal 置信度：0.9689141511917114
2025-10-20 06:17:40 [TRACE] 【空洞监听】无匹配已持续：15秒
2025-10-20 06:17:41 [TRACE] 【目标检测】屏幕内没有目标
2025-10-20 06:17:41 [TRACE] 【目标检测】屏幕内没有目标
2025-10-20 06:17:42 [TRACE] 【目标检测】屏幕内没有目标
2025-10-20 06:17:43 [TRACE] 【目标检测】屏幕内没有目标
2025-10-20 06:17:44 [TRACE] 【目标检测】屏幕内没有目标
2025-10-20 06:17:45 [TRACE] 【空洞监听】无匹配已持续：21秒
2025-10-20 06:17:46 [TRACE] 【目标检测】屏幕内没有目标
2025-10-20 06:17:47 [TRACE] 【目标检测】屏幕内没有目标
2025-10-20 06:17:48 [TRACE] 【目标检测】屏幕内没有目标
2025-10-20 06:17:49 [TRACE] 【目标检测】屏幕内没有目标
2025-10-20 06:17:50 [TRACE] 【目标检测】屏幕内没有目标
2025-10-20 06:17:51 [TRACE] 【空洞监听】无匹配已持续：26秒
2025-10-20 06:17:52 [TRACE] 【目标检测】屏幕内没有目标
2025-10-20 06:17:53 [TRACE] 【目标检测】屏幕内没有目标
2025-10-20 06:17:54 [TRACE] 【目标检测】屏幕内没有目标
2025-10-20 06:17:54 [TRACE] 【目标检测】屏幕内没有目标
2025-10-20 06:17:55 [TRACE] 【目标检测】屏幕内没有目标
2025-10-20 06:17:57 [TRACE] 【空洞监听】无匹配已持续：32秒
2025-10-20 06:18:00 [TRACE] 【目标检测】TRAPPED！ 类型：blue_portal 置信度：0.9575753211975098
2025-10-20 06:18:02 [TRACE] 【空洞监听】无匹配已持续：37秒
2025-10-20 06:18:06 [TRACE] 【目标检测】目标存在，但置信度不足
2025-10-20 06:18:07 [TRACE] 【空洞监听】无匹配已持续：43秒
2025-10-20 06:18:07 [TRACE] 【目标检测】目标存在，但置信度不足
2025-10-20 06:18:08 [TRACE] 【目标检测】屏幕内没有目标
2025-10-20 06:18:09 [TRACE] 【目标检测】屏幕内没有目标
2025-10-20 06:18:10 [TRACE] 【目标检测】屏幕内没有目标
2025-10-20 06:18:11 [TRACE] 【目标检测】屏幕内没有目标
2025-10-20 06:18:12 [TRACE] 【目标检测】屏幕内没有目标
2025-10-20 06:18:15 [TRACE] 【目标检测】屏幕内没有目标
2025-10-20 06:18:16 [TRACE] 【状态】战斗模式：C:\Users\gelon\Desktop\ZA-Lite\assets/images/hollow\battle_3.png 置信度：0.9999995231628418
2025-10-20 06:18:16 [TRACE] 【目标检测】屏幕内没有目标
2025-10-20 06:18:26 [TRACE] 【空洞监听】无匹配已持续：0秒
2025-10-20 06:18:32 [TRACE] 【空洞监听】无匹配已持续：5秒
2025-10-20 06:18:38 [TRACE] 【空洞监听】无匹配已持续：11秒
2025-10-20 06:18:41 [TRACE] 【状态】战斗模式：C:\Users\gelon\Desktop\ZA-Lite\assets/images/hollow\battle_5.png 置信度：0.9760842323303223
2025-10-20 06:18:50 [TRACE] 【空洞监听】无匹配已持续：0秒
2025-10-20 06:18:56 [TRACE] 【空洞监听】无匹配已持续：5秒
2025-10-20 06:19:02 [TRACE] 【空洞监听】无匹配已持续：11秒
2025-10-20 06:19:08 [TRACE] 【空洞监听】无匹配已持续：18秒
2025-10-20 06:19:14 [TRACE] 【空洞监听】无匹配已持续：24秒
2025-10-20 06:19:21 [TRACE] 【空洞监听】无匹配已持续：30秒
2025-10-20 06:19:27 [TRACE] 【空洞监听】无匹配已持续：36秒
2025-10-20 06:19:33 [TRACE] 【空洞监听】无匹配已持续：42秒
2025-10-20 06:19:39 [TRACE] 【空洞监听】无匹配已持续：48秒
2025-10-20 06:19:45 [TRACE] 【空洞监听】无匹配已持续：54秒
2025-10-20 06:19:52 [TRACE] 【空洞监听】无匹配已持续：61秒
2025-10-20 06:19:52 [TRACE] 【空洞监听】即将超时，重启搜索线程
2025-10-20 06:19:53 [TRACE] 【目标检测】屏幕内没有目标
2025-10-20 06:19:54 [TRACE] 【目标检测】屏幕内没有目标
2025-10-20 06:19:55 [TRACE] 【目标检测】屏幕内没有目标
2025-10-20 06:19:57 [TRACE] 【目标检测】屏幕内没有目标
2025-10-20 06:19:57 [TRACE] 【空洞监听】无匹配已持续：67秒
2025-10-20 06:19:57 [TRACE] 【空洞监听】即将超时，重启搜索线程
2025-10-20 06:19:59 [TRACE] 【目标检测】屏幕内没有目标
2025-10-20 06:20:02 [TRACE] 【目标检测】微调超时，无法对齐！
2025-10-20 06:20:03 [TRACE] 【空洞监听】无匹配已持续：72秒
2025-10-20 06:20:03 [TRACE] 【空洞监听】即将超时，重启搜索线程
2025-10-20 06:20:05 [TRACE] 【目标检测】TRAPPED！ 类型：blue_portal 置信度：0.9216336607933044
2025-10-20 06:20:09 [TRACE] 【空洞监听】无匹配已持续：78秒
2025-10-20 06:20:09 [TRACE] 【空洞监听】即将超时，重启搜索线程
2025-10-20 06:20:11 [TRACE] 【目标检测】屏幕内没有目标
2025-10-20 06:20:12 [TRACE] 【目标检测】屏幕内没有目标
2025-10-20 06:20:13 [TRACE] 【目标检测】屏幕内没有目标
2025-10-20 06:20:14 [TRACE] 【目标检测】屏幕内没有目标
2025-10-20 06:20:14 [TRACE] 【空洞监听】无匹配已持续：84秒
2025-10-20 06:20:14 [TRACE] 【空洞监听】即将超时，重启搜索线程
2025-10-20 06:20:15 [TRACE] 【目标检测】屏幕内没有目标
2025-10-20 06:20:17 [TRACE] 【目标检测】屏幕内没有目标
2025-10-20 06:20:18 [TRACE] 【状态】战斗模式：C:\Users\gelon\Desktop\ZA-Lite\assets/images/hollow\battle_3.png 置信度：1.0
2025-10-20 06:20:27 [TRACE] 【空洞监听】无匹配已持续：0秒
2025-10-20 06:20:30 [TRACE] 【状态】战斗模式：C:\Users\gelon\Desktop\ZA-Lite\assets/images/hollow\battle_5.png 置信度：0.9764569401741028
2025-10-20 06:20:38 [TRACE] 【状态】战斗模式：C:\Users\gelon\Desktop\ZA-Lite\assets/images/hollow\battle_5.png 置信度：0.9873616695404053
2025-10-20 06:20:47 [TRACE] 【空洞监听】无匹配已持续：0秒
2025-10-20 06:20:53 [TRACE] 【状态】战斗模式：正在受到攻击
2025-10-20 06:20:59 [TRACE] 【空洞监听】无匹配已持续：0秒
2025-10-20 06:21:06 [TRACE] 【空洞监听】无匹配已持续：6秒
2025-10-20 06:21:12 [TRACE] 【空洞监听】无匹配已持续：12秒
2025-10-20 06:21:12 [TRACE] 【状态】搜索模式：C:\Users\gelon\Desktop\ZA-Lite\assets/images/hollow\resonium.png 置信度：0.9999998807907104
2025-10-20 06:21:12 [TRACE] 【目标出现】C:\Users\gelon\Desktop\ZA-Lite\assets/images/hollow\resonium.png 置信度：0.9999998807907104
2025-10-20 06:21:13 [TRACE] 【本轮的坐标】：(np.int64(1174), np.int64(461)) ------------
2025-10-20 06:21:13 [TRACE] 【已点击过的坐标】：[(-10, -10)]
2025-10-20 06:21:13 [TRACE] 【成功点击】
2025-10-20 06:21:13 [TRACE] 【目标检测】目标存在，但置信度不足
2025-10-20 06:21:13 [TRACE] 【本轮的坐标】：(np.int64(1581), np.int64(461)) ------------
2025-10-20 06:21:13 [TRACE] 【已点击过的坐标】：[(-10, -10), (np.int64(1174), np.int64(461))]
2025-10-20 06:21:13 [TRACE] 【成功点击】
2025-10-20 06:21:13 [TRACE] 【目标检测】目标存在，但置信度不足
2025-10-20 06:21:14 [TRACE] 【本轮的坐标】：(np.int64(1582), np.int64(461)) ------------
2025-10-20 06:21:14 [TRACE] 【已点击过的坐标】：[(-10, -10), (np.int64(1174), np.int64(461)), (np.int64(1581), np.int64(461))]
2025-10-20 06:21:14 [TRACE] 【坐标太近】视为重复
2025-10-20 06:21:14 [TRACE] 【没有通过的坐标】开始下一轮
2025-10-20 06:21:14 [TRACE] 【本轮的坐标】：(np.int64(1988), np.int64(461)) ------------
2025-10-20 06:21:14 [TRACE] 【已点击过的坐标】：[(-10, -10), (np.int64(1174), np.int64(461)), (np.int64(1581), np.int64(461))]
2025-10-20 06:21:14 [TRACE] 【成功点击】
2025-10-20 06:21:14 [TRACE] 【目标检测】目标存在，但置信度不足
2025-10-20 06:21:15 [TRACE] 【本轮的坐标】：(np.int64(1989), np.int64(461)) ------------
2025-10-20 06:21:15 [TRACE] 【已点击过的坐标】：[(-10, -10), (np.int64(1174), np.int64(461)), (np.int64(1581), np.int64(461)), (np.int64(1988), np.int64(461))]
2025-10-20 06:21:15 [TRACE] 【坐标太近】视为重复
2025-10-20 06:21:15 [TRACE] 【没有通过的坐标】开始下一轮
2025-10-20 06:21:15 [TRACE] 【本轮的坐标】：(np.int64(1173), np.int64(462)) ------------
2025-10-20 06:21:15 [TRACE] 【已点击过的坐标】：[(-10, -10), (np.int64(1174), np.int64(461)), (np.int64(1581), np.int64(461)), (np.int64(1988), np.int64(461))]
2025-10-20 06:21:15 [TRACE] 【坐标太近】视为重复
2025-10-20 06:21:15 [TRACE] 【没有通过的坐标】开始下一轮
2025-10-20 06:21:15 [TRACE] 【本轮的坐标】：(np.int64(1174), np.int64(462)) ------------
2025-10-20 06:21:15 [TRACE] 【已点击过的坐标】：[(-10, -10), (np.int64(1174), np.int64(461)), (np.int64(1581), np.int64(461)), (np.int64(1988), np.int64(461))]
2025-10-20 06:21:15 [TRACE] 【坐标太近】视为重复
2025-10-20 06:21:15 [TRACE] 【没有通过的坐标】开始下一轮
2025-10-20 06:21:15 [TRACE] 【本轮的坐标】：(np.int64(1175), np.int64(462)) ------------
2025-10-20 06:21:15 [TRACE] 【已点击过的坐标】：[(-10, -10), (np.int64(1174), np.int64(461)), (np.int64(1581), np.int64(461)), (np.int64(1988), np.int64(461))]
2025-10-20 06:21:15 [TRACE] 【坐标太近】视为重复
2025-10-20 06:21:15 [TRACE] 【没有通过的坐标】开始下一轮
2025-10-20 06:21:15 [TRACE] 【本轮的坐标】：(np.int64(1580), np.int64(462)) ------------
2025-10-20 06:21:15 [TRACE] 【已点击过的坐标】：[(-10, -10), (np.int64(1174), np.int64(461)), (np.int64(1581), np.int64(461)), (np.int64(1988), np.int64(461))]
2025-10-20 06:21:15 [TRACE] 【坐标太近】视为重复
2025-10-20 06:21:15 [TRACE] 【没有通过的坐标】开始下一轮
2025-10-20 06:21:15 [TRACE] 【本轮的坐标】：(np.int64(1581), np.int64(462)) ------------
2025-10-20 06:21:15 [TRACE] 【已点击过的坐标】：[(-10, -10), (np.int64(1174), np.int64(461)), (np.int64(1581), np.int64(461)), (np.int64(1988), np.int64(461))]
2025-10-20 06:21:15 [TRACE] 【坐标太近】视为重复
2025-10-20 06:21:15 [TRACE] 【没有通过的坐标】开始下一轮
2025-10-20 06:21:15 [TRACE] 【本轮的坐标】：(np.int64(1582), np.int64(462)) ------------
2025-10-20 06:21:15 [TRACE] 【已点击过的坐标】：[(-10, -10), (np.int64(1174), np.int64(461)), (np.int64(1581), np.int64(461)), (np.int64(1988), np.int64(461))]
2025-10-20 06:21:15 [TRACE] 【坐标太近】视为重复
2025-10-20 06:21:15 [TRACE] 【没有通过的坐标】开始下一轮
2025-10-20 06:21:15 [TRACE] 【本轮的坐标】：(np.int64(1987), np.int64(462)) ------------
2025-10-20 06:21:15 [TRACE] 【已点击过的坐标】：[(-10, -10), (np.int64(1174), np.int64(461)), (np.int64(1581), np.int64(461)), (np.int64(1988), np.int64(461))]
2025-10-20 06:21:15 [TRACE] 【坐标太近】视为重复
2025-10-20 06:21:15 [TRACE] 【没有通过的坐标】开始下一轮
2025-10-20 06:21:15 [TRACE] 【本轮的坐标】：(np.int64(1988), np.int64(462)) ------------
2025-10-20 06:21:15 [TRACE] 【已点击过的坐标】：[(-10, -10), (np.int64(1174), np.int64(461)), (np.int64(1581), np.int64(461)), (np.int64(1988), np.int64(461))]
2025-10-20 06:21:15 [TRACE] 【坐标太近】视为重复
2025-10-20 06:21:15 [TRACE] 【没有通过的坐标】开始下一轮
2025-10-20 06:21:15 [TRACE] 【本轮的坐标】：(np.int64(1989), np.int64(462)) ------------
2025-10-20 06:21:15 [TRACE] 【已点击过的坐标】：[(-10, -10), (np.int64(1174), np.int64(461)), (np.int64(1581), np.int64(461)), (np.int64(1988), np.int64(461))]
2025-10-20 06:21:15 [TRACE] 【坐标太近】视为重复
2025-10-20 06:21:15 [TRACE] 【没有通过的坐标】开始下一轮
2025-10-20 06:21:15 [TRACE] 【本轮的坐标】：(np.int64(1990), np.int64(462)) ------------
2025-10-20 06:21:15 [TRACE] 【已点击过的坐标】：[(-10, -10), (np.int64(1174), np.int64(461)), (np.int64(1581), np.int64(461)), (np.int64(1988), np.int64(461))]
2025-10-20 06:21:15 [TRACE] 【坐标太近】视为重复
2025-10-20 06:21:15 [TRACE] 【没有通过的坐标】开始下一轮
2025-10-20 06:21:15 [TRACE] 【本轮的坐标】：(np.int64(1174), np.int64(463)) ------------
2025-10-20 06:21:15 [TRACE] 【已点击过的坐标】：[(-10, -10), (np.int64(1174), np.int64(461)), (np.int64(1581), np.int64(461)), (np.int64(1988), np.int64(461))]
2025-10-20 06:21:15 [TRACE] 【坐标太近】视为重复
2025-10-20 06:21:15 [TRACE] 【没有通过的坐标】开始下一轮
2025-10-20 06:21:15 [TRACE] 【本轮的坐标】：(np.int64(1581), np.int64(463)) ------------
2025-10-20 06:21:15 [TRACE] 【已点击过的坐标】：[(-10, -10), (np.int64(1174), np.int64(461)), (np.int64(1581), np.int64(461)), (np.int64(1988), np.int64(461))]
2025-10-20 06:21:15 [TRACE] 【坐标太近】视为重复
2025-10-20 06:21:15 [TRACE] 【没有通过的坐标】开始下一轮
2025-10-20 06:21:15 [TRACE] 【本轮的坐标】：(np.int64(1988), np.int64(463)) ------------
2025-10-20 06:21:15 [TRACE] 【已点击过的坐标】：[(-10, -10), (np.int64(1174), np.int64(461)), (np.int64(1581), np.int64(461)), (np.int64(1988), np.int64(461))]
2025-10-20 06:21:15 [TRACE] 【坐标太近】视为重复
2025-10-20 06:21:15 [TRACE] 【没有通过的坐标】开始下一轮
2025-10-20 06:21:15 [TRACE] 【完成所有点击】有效次数：3
2025-10-20 06:21:15 [TRACE] 【目标检测】目标存在，但置信度不足
2025-10-20 06:21:16 [TRACE] 【目标检测】目标存在，但置信度不足
2025-10-20 06:21:17 [TRACE] 【目标检测】目标存在，但置信度不足
2025-10-20 06:21:18 [TRACE] 【目标检测】屏幕内没有目标
2025-10-20 06:21:19 [TRACE] 【目标检测】屏幕内没有目标
2025-10-20 06:21:19 [TRACE] 【目标检测】目标存在，但置信度不足
2025-10-20 06:21:21 [TRACE] 【状态】搜索模式：C:\Users\gelon\Desktop\ZA-Lite\assets/images/hollow\next_area.png 置信度：0.9999993443489075
2025-10-20 06:21:24 [TRACE] 【状态】搜索模式：C:\Users\gelon\Desktop\ZA-Lite\assets/images/hollow\meter.png 置信度：0.9840068817138672
2025-10-20 06:21:24 [TRACE] 【目标检测】微调超时，无法对齐！
2025-10-20 06:21:30 [TRACE] 【状态】搜索模式：C:\Users\gelon\Desktop\ZA-Lite\assets/images/hollow\meter.png 置信度：0.9686195850372314
2025-10-20 06:21:30 [TRACE] 【目标检测】TRAPPED！ 类型：guide_point 置信度：0.7795159220695496
2025-10-20 06:21:37 [TRACE] 【目标检测】屏幕内没有目标
2025-10-20 06:21:37 [TRACE] 【空洞监听】无匹配已持续：0秒
2025-10-20 06:21:38 [TRACE] 【目标检测】屏幕内没有目标
2025-10-20 06:21:39 [TRACE] 【目标检测】屏幕内没有目标
2025-10-20 06:21:42 [TRACE] 【目标检测】TRAPPED！ 类型：blue_portal 置信度：0.9030293226242065
2025-10-20 06:21:42 [TRACE] 【空洞监听】无匹配已持续：5秒
2025-10-20 06:21:45 [TRACE] 【目标检测】屏幕内没有目标
2025-10-20 06:21:46 [TRACE] 【目标检测】目标存在，但置信度不足
2025-10-20 06:21:48 [TRACE] 【空洞监听】无匹配已持续：11秒
2025-10-20 06:21:52 [TRACE] 【目标检测】微调超时，无法对齐！
2025-10-20 06:21:53 [TRACE] 【目标检测】屏幕内没有目标
2025-10-20 06:21:54 [TRACE] 【空洞监听】无匹配已持续：16秒
2025-10-20 06:21:54 [TRACE] 【目标检测】屏幕内没有目标
2025-10-20 06:21:55 [TRACE] 【目标检测】屏幕内没有目标
2025-10-20 06:21:56 [TRACE] 【目标检测】屏幕内没有目标
2025-10-20 06:21:59 [TRACE] 【目标检测】屏幕内没有目标
2025-10-20 06:21:59 [TRACE] 【空洞监听】无匹配已持续：21秒
2025-10-20 06:22:00 [TRACE] 【目标检测】屏幕内没有目标
2025-10-20 06:22:01 [TRACE] 【目标检测】屏幕内没有目标
2025-10-20 06:22:02 [TRACE] 【目标检测】屏幕内没有目标
2025-10-20 06:22:03 [TRACE] 【目标检测】屏幕内没有目标
2025-10-20 06:22:05 [TRACE] 【空洞监听】无匹配已持续：27秒
2025-10-20 06:22:09 [TRACE] 【目标检测】TRAPPED！ 类型：blue_portal 置信度：0.9197975397109985
2025-10-20 06:22:10 [TRACE] 【空洞监听】无匹配已持续：33秒
2025-10-20 06:22:14 [TRACE] 【空洞监听】无匹配已持续：37秒
2025-10-20 06:22:15 [TRACE] 【目标检测】屏幕内没有目标
2025-10-20 06:22:18 [TRACE] 【目标检测】TRAPPED！ 类型：interact 置信度：0.9198989272117615
2025-10-20 06:22:21 [TRACE] 【空洞监听】无匹配已持续：43秒
2025-10-20 06:22:24 [TRACE] 【目标检测】TRAPPED！ 类型：interact 置信度：0.9409833550453186
2025-10-20 06:22:26 [TRACE] 【空洞监听】无匹配已持续：48秒
2025-10-20 06:22:30 [TRACE] 【目标检测】屏幕内没有目标
2025-10-20 06:22:31 [TRACE] 【目标检测】屏幕内没有目标
2025-10-20 06:22:32 [TRACE] 【目标检测】屏幕内没有目标
2025-10-20 06:22:33 [TRACE] 【目标检测】屏幕内没有目标
2025-10-20 06:22:34 [TRACE] 【目标检测】屏幕内没有目标
2025-10-20 06:22:36 [TRACE] 【目标检测】屏幕内没有目标
2025-10-20 06:22:37 [TRACE] 【目标检测】屏幕内没有目标
2025-10-20 06:22:37 [TRACE] 【目标检测】屏幕内没有目标
2025-10-20 06:22:38 [TRACE] 【目标检测】屏幕内没有目标
2025-10-20 06:22:39 [TRACE] 【目标检测】屏幕内没有目标
2025-10-20 06:22:41 [TRACE] 【目标检测】目标存在，但置信度不足
2025-10-20 06:22:42 [TRACE] 【目标检测】目标存在，但置信度不足
2025-10-20 06:22:43 [TRACE] 【目标检测】屏幕内没有目标
2025-10-20 06:22:43 [TRACE] 【目标检测】屏幕内没有目标
2025-10-20 06:22:43 [TRACE] 【状态】搜索模式：C:\Users\gelon\Desktop\ZA-Lite\assets/images/hollow\card.png 置信度：1.0
2025-10-20 06:22:44 [TRACE] 【目标检测】屏幕内没有目标
2025-10-20 06:22:45 [TRACE] 【目标检测】屏幕内没有目标
2025-10-20 06:22:46 [TRACE] 【目标检测】屏幕内没有目标
2025-10-20 06:22:52 [TRACE] 【目标检测】TRAPPED！ 类型：blue_portal 置信度：0.95151686668396
2025-10-20 06:22:54 [TRACE] 【空洞监听】无匹配已持续：0秒
2025-10-20 06:22:58 [TRACE] 【目标检测】屏幕内没有目标
2025-10-20 06:22:59 [TRACE] 【空洞监听】无匹配已持续：4秒
2025-10-20 06:22:59 [TRACE] 【目标检测】屏幕内没有目标
2025-10-20 06:23:00 [TRACE] 【目标检测】目标存在，但置信度不足
2025-10-20 06:23:01 [TRACE] 【目标检测】屏幕内没有目标
2025-10-20 06:23:02 [TRACE] 【目标检测】屏幕内没有目标
2025-10-20 06:23:03 [TRACE] 【目标检测】屏幕内没有目标
2025-10-20 06:23:05 [TRACE] 【目标检测】屏幕内没有目标
2025-10-20 06:23:06 [TRACE] 【目标检测】屏幕内没有目标
2025-10-20 06:23:07 [TRACE] 【目标检测】屏幕内没有目标
2025-10-20 06:23:08 [TRACE] 【状态】战斗模式：C:\Users\gelon\Desktop\ZA-Lite\assets/images/hollow\battle_3.png 置信度：0.9999998211860657
2025-10-20 06:23:08 [TRACE] 【目标检测】屏幕内没有目标
2025-10-20 06:23:18 [TRACE] 【状态】战斗模式：正在受到攻击
2025-10-20 06:23:21 [TRACE] 【状态】战斗模式：C:\Users\gelon\Desktop\ZA-Lite\assets/images/hollow\battle_5.png 置信度：0.9986445307731628
2025-10-20 06:23:30 [TRACE] 【状态】战斗模式：正在受到攻击
2025-10-20 06:23:37 [TRACE] 【空洞监听】无匹配已持续：0秒
2025-10-20 06:23:43 [TRACE] 【空洞监听】无匹配已持续：6秒
2025-10-20 06:23:50 [TRACE] 【空洞监听】无匹配已持续：13秒
2025-10-20 06:23:56 [TRACE] 【状态】战斗模式：正在受到攻击
2025-10-20 06:23:59 [TRACE] 【状态】战斗模式：C:\Users\gelon\Desktop\ZA-Lite\assets/images/hollow\battle_5.png 置信度：0.9829766154289246
2025-10-20 06:24:09 [TRACE] 【空洞监听】无匹配已持续：0秒
2025-10-20 06:24:16 [TRACE] 【空洞监听】无匹配已持续：6秒
2025-10-20 06:24:16 [TRACE] 【状态】搜索模式：C:\Users\gelon\Desktop\ZA-Lite\assets/images/hollow\resonium.png 置信度：1.0
2025-10-20 06:24:16 [TRACE] 【目标出现】C:\Users\gelon\Desktop\ZA-Lite\assets/images/hollow\resonium.png 置信度：1.0
2025-10-20 06:24:16 [TRACE] 【本轮的坐标】：(np.int64(971), np.int64(461)) ------------
2025-10-20 06:24:16 [TRACE] 【已点击过的坐标】：[(-10, -10)]
2025-10-20 06:24:16 [TRACE] 【成功点击】
2025-10-20 06:24:17 [TRACE] 【本轮的坐标】：(np.int64(1378), np.int64(461)) ------------
2025-10-20 06:24:17 [TRACE] 【已点击过的坐标】：[(-10, -10), (np.int64(971), np.int64(461))]
2025-10-20 06:24:17 [TRACE] 【成功点击】
2025-10-20 06:24:18 [TRACE] 【本轮的坐标】：(np.int64(1785), np.int64(461)) ------------
2025-10-20 06:24:18 [TRACE] 【已点击过的坐标】：[(-10, -10), (np.int64(971), np.int64(461)), (np.int64(1378), np.int64(461))]
2025-10-20 06:24:18 [TRACE] 【成功点击】
2025-10-20 06:24:18 [TRACE] 【目标检测】目标存在，但置信度不足
2025-10-20 06:24:18 [TRACE] 【本轮的坐标】：(np.int64(1786), np.int64(461)) ------------
2025-10-20 06:24:18 [TRACE] 【已点击过的坐标】：[(-10, -10), (np.int64(971), np.int64(461)), (np.int64(1378), np.int64(461)), (np.int64(1785), np.int64(461))]
2025-10-20 06:24:18 [TRACE] 【坐标太近】视为重复
2025-10-20 06:24:18 [TRACE] 【没有通过的坐标】开始下一轮
2025-10-20 06:24:18 [TRACE] 【本轮的坐标】：(np.int64(2192), np.int64(461)) ------------
2025-10-20 06:24:18 [TRACE] 【已点击过的坐标】：[(-10, -10), (np.int64(971), np.int64(461)), (np.int64(1378), np.int64(461)), (np.int64(1785), np.int64(461))]
2025-10-20 06:24:18 [TRACE] 【成功点击】
2025-10-20 06:24:19 [TRACE] 【目标检测】目标存在，但置信度不足
2025-10-20 06:24:19 [TRACE] 【本轮的坐标】：(np.int64(2193), np.int64(461)) ------------
2025-10-20 06:24:19 [TRACE] 【已点击过的坐标】：[(-10, -10), (np.int64(971), np.int64(461)), (np.int64(1378), np.int64(461)), (np.int64(1785), np.int64(461)), (np.int64(2192), np.int64(461))]
2025-10-20 06:24:19 [TRACE] 【坐标太近】视为重复
2025-10-20 06:24:19 [TRACE] 【没有通过的坐标】开始下一轮
2025-10-20 06:24:19 [TRACE] 【本轮的坐标】：(np.int64(970), np.int64(462)) ------------
2025-10-20 06:24:19 [TRACE] 【已点击过的坐标】：[(-10, -10), (np.int64(971), np.int64(461)), (np.int64(1378), np.int64(461)), (np.int64(1785), np.int64(461)), (np.int64(2192), np.int64(461))]
2025-10-20 06:24:19 [TRACE] 【坐标太近】视为重复
2025-10-20 06:24:19 [TRACE] 【没有通过的坐标】开始下一轮
2025-10-20 06:24:19 [TRACE] 【本轮的坐标】：(np.int64(971), np.int64(462)) ------------
2025-10-20 06:24:19 [TRACE] 【已点击过的坐标】：[(-10, -10), (np.int64(971), np.int64(461)), (np.int64(1378), np.int64(461)), (np.int64(1785), np.int64(461)), (np.int64(2192), np.int64(461))]
2025-10-20 06:24:19 [TRACE] 【坐标太近】视为重复
2025-10-20 06:24:19 [TRACE] 【没有通过的坐标】开始下一轮
2025-10-20 06:24:19 [TRACE] 【本轮的坐标】：(np.int64(972), np.int64(462)) ------------
2025-10-20 06:24:19 [TRACE] 【已点击过的坐标】：[(-10, -10), (np.int64(971), np.int64(461)), (np.int64(1378), np.int64(461)), (np.int64(1785), np.int64(461)), (np.int64(2192), np.int64(461))]
2025-10-20 06:24:19 [TRACE] 【坐标太近】视为重复
2025-10-20 06:24:19 [TRACE] 【没有通过的坐标】开始下一轮
2025-10-20 06:24:19 [TRACE] 【本轮的坐标】：(np.int64(1377), np.int64(462)) ------------
2025-10-20 06:24:19 [TRACE] 【已点击过的坐标】：[(-10, -10), (np.int64(971), np.int64(461)), (np.int64(1378), np.int64(461)), (np.int64(1785), np.int64(461)), (np.int64(2192), np.int64(461))]
2025-10-20 06:24:19 [TRACE] 【坐标太近】视为重复
2025-10-20 06:24:19 [TRACE] 【没有通过的坐标】开始下一轮
2025-10-20 06:24:19 [TRACE] 【本轮的坐标】：(np.int64(1378), np.int64(462)) ------------
2025-10-20 06:24:19 [TRACE] 【已点击过的坐标】：[(-10, -10), (np.int64(971), np.int64(461)), (np.int64(1378), np.int64(461)), (np.int64(1785), np.int64(461)), (np.int64(2192), np.int64(461))]
2025-10-20 06:24:19 [TRACE] 【坐标太近】视为重复
2025-10-20 06:24:19 [TRACE] 【没有通过的坐标】开始下一轮
2025-10-20 06:24:19 [TRACE] 【本轮的坐标】：(np.int64(1379), np.int64(462)) ------------
2025-10-20 06:24:19 [TRACE] 【已点击过的坐标】：[(-10, -10), (np.int64(971), np.int64(461)), (np.int64(1378), np.int64(461)), (np.int64(1785), np.int64(461)), (np.int64(2192), np.int64(461))]
2025-10-20 06:24:19 [TRACE] 【坐标太近】视为重复
2025-10-20 06:24:19 [TRACE] 【没有通过的坐标】开始下一轮
2025-10-20 06:24:19 [TRACE] 【本轮的坐标】：(np.int64(1784), np.int64(462)) ------------
2025-10-20 06:24:19 [TRACE] 【已点击过的坐标】：[(-10, -10), (np.int64(971), np.int64(461)), (np.int64(1378), np.int64(461)), (np.int64(1785), np.int64(461)), (np.int64(2192), np.int64(461))]
2025-10-20 06:24:19 [TRACE] 【坐标太近】视为重复
2025-10-20 06:24:19 [TRACE] 【没有通过的坐标】开始下一轮
2025-10-20 06:24:19 [TRACE] 【本轮的坐标】：(np.int64(1785), np.int64(462)) ------------
2025-10-20 06:24:19 [TRACE] 【已点击过的坐标】：[(-10, -10), (np.int64(971), np.int64(461)), (np.int64(1378), np.int64(461)), (np.int64(1785), np.int64(461)), (np.int64(2192), np.int64(461))]
2025-10-20 06:24:19 [TRACE] 【坐标太近】视为重复
2025-10-20 06:24:19 [TRACE] 【没有通过的坐标】开始下一轮
2025-10-20 06:24:19 [TRACE] 【本轮的坐标】：(np.int64(1786), np.int64(462)) ------------
2025-10-20 06:24:19 [TRACE] 【已点击过的坐标】：[(-10, -10), (np.int64(971), np.int64(461)), (np.int64(1378), np.int64(461)), (np.int64(1785), np.int64(461)), (np.int64(2192), np.int64(461))]
2025-10-20 06:24:19 [TRACE] 【坐标太近】视为重复
2025-10-20 06:24:19 [TRACE] 【没有通过的坐标】开始下一轮
2025-10-20 06:24:19 [TRACE] 【本轮的坐标】：(np.int64(2191), np.int64(462)) ------------
2025-10-20 06:24:19 [TRACE] 【已点击过的坐标】：[(-10, -10), (np.int64(971), np.int64(461)), (np.int64(1378), np.int64(461)), (np.int64(1785), np.int64(461)), (np.int64(2192), np.int64(461))]
2025-10-20 06:24:19 [TRACE] 【坐标太近】视为重复
2025-10-20 06:24:19 [TRACE] 【没有通过的坐标】开始下一轮
2025-10-20 06:24:19 [TRACE] 【本轮的坐标】：(np.int64(2192), np.int64(462)) ------------
2025-10-20 06:24:19 [TRACE] 【已点击过的坐标】：[(-10, -10), (np.int64(971), np.int64(461)), (np.int64(1378), np.int64(461)), (np.int64(1785), np.int64(461)), (np.int64(2192), np.int64(461))]
2025-10-20 06:24:19 [TRACE] 【坐标太近】视为重复
2025-10-20 06:24:19 [TRACE] 【没有通过的坐标】开始下一轮
2025-10-20 06:24:19 [TRACE] 【本轮的坐标】：(np.int64(2193), np.int64(462)) ------------
2025-10-20 06:24:19 [TRACE] 【已点击过的坐标】：[(-10, -10), (np.int64(971), np.int64(461)), (np.int64(1378), np.int64(461)), (np.int64(1785), np.int64(461)), (np.int64(2192), np.int64(461))]
2025-10-20 06:24:19 [TRACE] 【坐标太近】视为重复
2025-10-20 06:24:19 [TRACE] 【没有通过的坐标】开始下一轮
2025-10-20 06:24:19 [TRACE] 【本轮的坐标】：(np.int64(2194), np.int64(462)) ------------
2025-10-20 06:24:19 [TRACE] 【已点击过的坐标】：[(-10, -10), (np.int64(971), np.int64(461)), (np.int64(1378), np.int64(461)), (np.int64(1785), np.int64(461)), (np.int64(2192), np.int64(461))]
2025-10-20 06:24:19 [TRACE] 【坐标太近】视为重复
2025-10-20 06:24:19 [TRACE] 【没有通过的坐标】开始下一轮
2025-10-20 06:24:19 [TRACE] 【本轮的坐标】：(np.int64(970), np.int64(463)) ------------
2025-10-20 06:24:19 [TRACE] 【已点击过的坐标】：[(-10, -10), (np.int64(971), np.int64(461)), (np.int64(1378), np.int64(461)), (np.int64(1785), np.int64(461)), (np.int64(2192), np.int64(461))]
2025-10-20 06:24:19 [TRACE] 【坐标太近】视为重复
2025-10-20 06:24:19 [TRACE] 【没有通过的坐标】开始下一轮
2025-10-20 06:24:19 [TRACE] 【本轮的坐标】：(np.int64(971), np.int64(463)) ------------
2025-10-20 06:24:19 [TRACE] 【已点击过的坐标】：[(-10, -10), (np.int64(971), np.int64(461)), (np.int64(1378), np.int64(461)), (np.int64(1785), np.int64(461)), (np.int64(2192), np.int64(461))]
2025-10-20 06:24:19 [TRACE] 【坐标太近】视为重复
2025-10-20 06:24:19 [TRACE] 【没有通过的坐标】开始下一轮
2025-10-20 06:24:19 [TRACE] 【本轮的坐标】：(np.int64(1378), np.int64(463)) ------------
2025-10-20 06:24:19 [TRACE] 【已点击过的坐标】：[(-10, -10), (np.int64(971), np.int64(461)), (np.int64(1378), np.int64(461)), (np.int64(1785), np.int64(461)), (np.int64(2192), np.int64(461))]
2025-10-20 06:24:19 [TRACE] 【坐标太近】视为重复
2025-10-20 06:24:19 [TRACE] 【没有通过的坐标】开始下一轮
2025-10-20 06:24:19 [TRACE] 【本轮的坐标】：(np.int64(1785), np.int64(463)) ------------
2025-10-20 06:24:19 [TRACE] 【已点击过的坐标】：[(-10, -10), (np.int64(971), np.int64(461)), (np.int64(1378), np.int64(461)), (np.int64(1785), np.int64(461)), (np.int64(2192), np.int64(461))]
2025-10-20 06:24:19 [TRACE] 【坐标太近】视为重复
2025-10-20 06:24:19 [TRACE] 【没有通过的坐标】开始下一轮
2025-10-20 06:24:19 [TRACE] 【本轮的坐标】：(np.int64(2192), np.int64(463)) ------------
2025-10-20 06:24:19 [TRACE] 【已点击过的坐标】：[(-10, -10), (np.int64(971), np.int64(461)), (np.int64(1378), np.int64(461)), (np.int64(1785), np.int64(461)), (np.int64(2192), np.int64(461))]
2025-10-20 06:24:19 [TRACE] 【坐标太近】视为重复
2025-10-20 06:24:19 [TRACE] 【没有通过的坐标】开始下一轮
2025-10-20 06:24:19 [TRACE] 【完成所有点击】有效次数：4
2025-10-20 06:24:19 [TRACE] 【目标检测】目标存在，但置信度不足
2025-10-20 06:24:20 [TRACE] 【目标检测】目标存在，但置信度不足
2025-10-20 06:24:21 [TRACE] 【目标检测】目标存在，但置信度不足
2025-10-20 06:24:22 [TRACE] 【目标检测】目标存在，但置信度不足
2025-10-20 06:24:23 [TRACE] 【目标检测】屏幕内没有目标
2025-10-20 06:24:25 [TRACE] 【目标检测】目标存在，但置信度不足
2025-10-20 06:24:25 [TRACE] 【状态】搜索模式：C:\Users\gelon\Desktop\ZA-Lite\assets/images/hollow\resonium.png 置信度：1.0
2025-10-20 06:24:26 [TRACE] 【目标出现】C:\Users\gelon\Desktop\ZA-Lite\assets/images/hollow\resonium.png 置信度：0.9999998807907104
2025-10-20 06:24:26 [TRACE] 【本轮的坐标】：(np.int64(971), np.int64(461)) ------------
2025-10-20 06:24:26 [TRACE] 【已点击过的坐标】：[(-10, -10)]
2025-10-20 06:24:26 [TRACE] 【成功点击】
2025-10-20 06:24:26 [TRACE] 【目标检测】目标存在，但置信度不足
2025-10-20 06:24:26 [TRACE] 【本轮的坐标】：(np.int64(1378), np.int64(461)) ------------
2025-10-20 06:24:26 [TRACE] 【已点击过的坐标】：[(-10, -10), (np.int64(971), np.int64(461))]
2025-10-20 06:24:26 [TRACE] 【成功点击】
2025-10-20 06:24:27 [TRACE] 【目标检测】目标存在，但置信度不足
2025-10-20 06:24:27 [TRACE] 【本轮的坐标】：(np.int64(1785), np.int64(461)) ------------
2025-10-20 06:24:27 [TRACE] 【已点击过的坐标】：[(-10, -10), (np.int64(971), np.int64(461)), (np.int64(1378), np.int64(461))]
2025-10-20 06:24:27 [TRACE] 【成功点击】
2025-10-20 06:24:27 [TRACE] 【目标检测】目标存在，但置信度不足
2025-10-20 06:24:28 [TRACE] 【本轮的坐标】：(np.int64(1786), np.int64(461)) ------------
2025-10-20 06:24:28 [TRACE] 【已点击过的坐标】：[(-10, -10), (np.int64(971), np.int64(461)), (np.int64(1378), np.int64(461)), (np.int64(1785), np.int64(461))]
2025-10-20 06:24:28 [TRACE] 【坐标太近】视为重复
2025-10-20 06:24:28 [TRACE] 【没有通过的坐标】开始下一轮
2025-10-20 06:24:28 [TRACE] 【本轮的坐标】：(np.int64(2192), np.int64(461)) ------------
2025-10-20 06:24:28 [TRACE] 【已点击过的坐标】：[(-10, -10), (np.int64(971), np.int64(461)), (np.int64(1378), np.int64(461)), (np.int64(1785), np.int64(461))]
2025-10-20 06:24:28 [TRACE] 【成功点击】
2025-10-20 06:24:28 [TRACE] 【目标检测】屏幕内没有目标
2025-10-20 06:24:28 [TRACE] 【本轮的坐标】：(np.int64(2193), np.int64(461)) ------------
2025-10-20 06:24:28 [TRACE] 【已点击过的坐标】：[(-10, -10), (np.int64(971), np.int64(461)), (np.int64(1378), np.int64(461)), (np.int64(1785), np.int64(461)), (np.int64(2192), np.int64(461))]
2025-10-20 06:24:28 [TRACE] 【坐标太近】视为重复
2025-10-20 06:24:28 [TRACE] 【没有通过的坐标】开始下一轮
2025-10-20 06:24:28 [TRACE] 【本轮的坐标】：(np.int64(970), np.int64(462)) ------------
2025-10-20 06:24:28 [TRACE] 【已点击过的坐标】：[(-10, -10), (np.int64(971), np.int64(461)), (np.int64(1378), np.int64(461)), (np.int64(1785), np.int64(461)), (np.int64(2192), np.int64(461))]
2025-10-20 06:24:28 [TRACE] 【坐标太近】视为重复
2025-10-20 06:24:28 [TRACE] 【没有通过的坐标】开始下一轮
2025-10-20 06:24:28 [TRACE] 【本轮的坐标】：(np.int64(971), np.int64(462)) ------------
2025-10-20 06:24:28 [TRACE] 【已点击过的坐标】：[(-10, -10), (np.int64(971), np.int64(461)), (np.int64(1378), np.int64(461)), (np.int64(1785), np.int64(461)), (np.int64(2192), np.int64(461))]
2025-10-20 06:24:28 [TRACE] 【坐标太近】视为重复
2025-10-20 06:24:28 [TRACE] 【没有通过的坐标】开始下一轮
2025-10-20 06:24:28 [TRACE] 【本轮的坐标】：(np.int64(972), np.int64(462)) ------------
2025-10-20 06:24:28 [TRACE] 【已点击过的坐标】：[(-10, -10), (np.int64(971), np.int64(461)), (np.int64(1378), np.int64(461)), (np.int64(1785), np.int64(461)), (np.int64(2192), np.int64(461))]
2025-10-20 06:24:28 [TRACE] 【坐标太近】视为重复
2025-10-20 06:24:28 [TRACE] 【没有通过的坐标】开始下一轮
2025-10-20 06:24:28 [TRACE] 【本轮的坐标】：(np.int64(1377), np.int64(462)) ------------
2025-10-20 06:24:28 [TRACE] 【已点击过的坐标】：[(-10, -10), (np.int64(971), np.int64(461)), (np.int64(1378), np.int64(461)), (np.int64(1785), np.int64(461)), (np.int64(2192), np.int64(461))]
2025-10-20 06:24:28 [TRACE] 【坐标太近】视为重复
2025-10-20 06:24:28 [TRACE] 【没有通过的坐标】开始下一轮
2025-10-20 06:24:28 [TRACE] 【本轮的坐标】：(np.int64(1378), np.int64(462)) ------------
2025-10-20 06:24:28 [TRACE] 【已点击过的坐标】：[(-10, -10), (np.int64(971), np.int64(461)), (np.int64(1378), np.int64(461)), (np.int64(1785), np.int64(461)), (np.int64(2192), np.int64(461))]
2025-10-20 06:24:28 [TRACE] 【坐标太近】视为重复
2025-10-20 06:24:28 [TRACE] 【没有通过的坐标】开始下一轮
2025-10-20 06:24:28 [TRACE] 【本轮的坐标】：(np.int64(1379), np.int64(462)) ------------
2025-10-20 06:24:28 [TRACE] 【已点击过的坐标】：[(-10, -10), (np.int64(971), np.int64(461)), (np.int64(1378), np.int64(461)), (np.int64(1785), np.int64(461)), (np.int64(2192), np.int64(461))]
2025-10-20 06:24:28 [TRACE] 【坐标太近】视为重复
2025-10-20 06:24:28 [TRACE] 【没有通过的坐标】开始下一轮
2025-10-20 06:24:28 [TRACE] 【本轮的坐标】：(np.int64(1784), np.int64(462)) ------------
2025-10-20 06:24:28 [TRACE] 【已点击过的坐标】：[(-10, -10), (np.int64(971), np.int64(461)), (np.int64(1378), np.int64(461)), (np.int64(1785), np.int64(461)), (np.int64(2192), np.int64(461))]
2025-10-20 06:24:28 [TRACE] 【坐标太近】视为重复
2025-10-20 06:24:28 [TRACE] 【没有通过的坐标】开始下一轮
2025-10-20 06:24:28 [TRACE] 【本轮的坐标】：(np.int64(1785), np.int64(462)) ------------
2025-10-20 06:24:28 [TRACE] 【已点击过的坐标】：[(-10, -10), (np.int64(971), np.int64(461)), (np.int64(1378), np.int64(461)), (np.int64(1785), np.int64(461)), (np.int64(2192), np.int64(461))]
2025-10-20 06:24:28 [TRACE] 【坐标太近】视为重复
2025-10-20 06:24:28 [TRACE] 【没有通过的坐标】开始下一轮
2025-10-20 06:24:28 [TRACE] 【本轮的坐标】：(np.int64(1786), np.int64(462)) ------------
2025-10-20 06:24:28 [TRACE] 【已点击过的坐标】：[(-10, -10), (np.int64(971), np.int64(461)), (np.int64(1378), np.int64(461)), (np.int64(1785), np.int64(461)), (np.int64(2192), np.int64(461))]
2025-10-20 06:24:28 [TRACE] 【坐标太近】视为重复
2025-10-20 06:24:28 [TRACE] 【没有通过的坐标】开始下一轮
2025-10-20 06:24:28 [TRACE] 【本轮的坐标】：(np.int64(2191), np.int64(462)) ------------
2025-10-20 06:24:28 [TRACE] 【已点击过的坐标】：[(-10, -10), (np.int64(971), np.int64(461)), (np.int64(1378), np.int64(461)), (np.int64(1785), np.int64(461)), (np.int64(2192), np.int64(461))]
2025-10-20 06:24:28 [TRACE] 【坐标太近】视为重复
2025-10-20 06:24:28 [TRACE] 【没有通过的坐标】开始下一轮
2025-10-20 06:24:28 [TRACE] 【本轮的坐标】：(np.int64(2192), np.int64(462)) ------------
2025-10-20 06:24:28 [TRACE] 【已点击过的坐标】：[(-10, -10), (np.int64(971), np.int64(461)), (np.int64(1378), np.int64(461)), (np.int64(1785), np.int64(461)), (np.int64(2192), np.int64(461))]
2025-10-20 06:24:28 [TRACE] 【坐标太近】视为重复
2025-10-20 06:24:28 [TRACE] 【没有通过的坐标】开始下一轮
2025-10-20 06:24:28 [TRACE] 【本轮的坐标】：(np.int64(2193), np.int64(462)) ------------
2025-10-20 06:24:28 [TRACE] 【已点击过的坐标】：[(-10, -10), (np.int64(971), np.int64(461)), (np.int64(1378), np.int64(461)), (np.int64(1785), np.int64(461)), (np.int64(2192), np.int64(461))]
2025-10-20 06:24:28 [TRACE] 【坐标太近】视为重复
2025-10-20 06:24:28 [TRACE] 【没有通过的坐标】开始下一轮
2025-10-20 06:24:28 [TRACE] 【本轮的坐标】：(np.int64(2194), np.int64(462)) ------------
2025-10-20 06:24:28 [TRACE] 【已点击过的坐标】：[(-10, -10), (np.int64(971), np.int64(461)), (np.int64(1378), np.int64(461)), (np.int64(1785), np.int64(461)), (np.int64(2192), np.int64(461))]
2025-10-20 06:24:28 [TRACE] 【坐标太近】视为重复
2025-10-20 06:24:28 [TRACE] 【没有通过的坐标】开始下一轮
2025-10-20 06:24:28 [TRACE] 【本轮的坐标】：(np.int64(970), np.int64(463)) ------------
2025-10-20 06:24:28 [TRACE] 【已点击过的坐标】：[(-10, -10), (np.int64(971), np.int64(461)), (np.int64(1378), np.int64(461)), (np.int64(1785), np.int64(461)), (np.int64(2192), np.int64(461))]
2025-10-20 06:24:28 [TRACE] 【坐标太近】视为重复
2025-10-20 06:24:28 [TRACE] 【没有通过的坐标】开始下一轮
2025-10-20 06:24:28 [TRACE] 【本轮的坐标】：(np.int64(971), np.int64(463)) ------------
2025-10-20 06:24:28 [TRACE] 【已点击过的坐标】：[(-10, -10), (np.int64(971), np.int64(461)), (np.int64(1378), np.int64(461)), (np.int64(1785), np.int64(461)), (np.int64(2192), np.int64(461))]
2025-10-20 06:24:28 [TRACE] 【坐标太近】视为重复
2025-10-20 06:24:28 [TRACE] 【没有通过的坐标】开始下一轮
2025-10-20 06:24:28 [TRACE] 【本轮的坐标】：(np.int64(1378), np.int64(463)) ------------
2025-10-20 06:24:28 [TRACE] 【已点击过的坐标】：[(-10, -10), (np.int64(971), np.int64(461)), (np.int64(1378), np.int64(461)), (np.int64(1785), np.int64(461)), (np.int64(2192), np.int64(461))]
2025-10-20 06:24:28 [TRACE] 【坐标太近】视为重复
2025-10-20 06:24:28 [TRACE] 【没有通过的坐标】开始下一轮
2025-10-20 06:24:28 [TRACE] 【本轮的坐标】：(np.int64(1785), np.int64(463)) ------------
2025-10-20 06:24:28 [TRACE] 【已点击过的坐标】：[(-10, -10), (np.int64(971), np.int64(461)), (np.int64(1378), np.int64(461)), (np.int64(1785), np.int64(461)), (np.int64(2192), np.int64(461))]
2025-10-20 06:24:28 [TRACE] 【坐标太近】视为重复
2025-10-20 06:24:28 [TRACE] 【没有通过的坐标】开始下一轮
2025-10-20 06:24:28 [TRACE] 【本轮的坐标】：(np.int64(2192), np.int64(463)) ------------
2025-10-20 06:24:28 [TRACE] 【已点击过的坐标】：[(-10, -10), (np.int64(971), np.int64(461)), (np.int64(1378), np.int64(461)), (np.int64(1785), np.int64(461)), (np.int64(2192), np.int64(461))]
2025-10-20 06:24:28 [TRACE] 【坐标太近】视为重复
2025-10-20 06:24:28 [TRACE] 【没有通过的坐标】开始下一轮
2025-10-20 06:24:28 [TRACE] 【完成所有点击】有效次数：4
2025-10-20 06:24:29 [TRACE] 【目标检测】屏幕内没有目标
2025-10-20 06:24:30 [TRACE] 【目标检测】目标存在，但置信度不足
2025-10-20 06:24:31 [TRACE] 【目标检测】目标存在，但置信度不足
2025-10-20 06:24:33 [TRACE] 【目标检测】目标存在，但置信度不足
2025-10-20 06:24:34 [TRACE] 【目标检测】目标存在，但置信度不足
2025-10-20 06:24:34 [TRACE] 【目标检测】目标存在，但置信度不足
2025-10-20 06:24:35 [TRACE] 【状态】搜索模式：C:\Users\gelon\Desktop\ZA-Lite\assets/images/hollow\resonium.png 置信度：0.9999998807907104
2025-10-20 06:24:35 [TRACE] 【目标出现】C:\Users\gelon\Desktop\ZA-Lite\assets/images/hollow\resonium.png 置信度：0.9999998807907104
2025-10-20 06:24:35 [TRACE] 【本轮的坐标】：(np.int64(971), np.int64(461)) ------------
2025-10-20 06:24:35 [TRACE] 【已点击过的坐标】：[(-10, -10)]
2025-10-20 06:24:35 [TRACE] 【成功点击】
2025-10-20 06:24:35 [TRACE] 【目标检测】目标存在，但置信度不足
2025-10-20 06:24:36 [TRACE] 【本轮的坐标】：(np.int64(1378), np.int64(461)) ------------
2025-10-20 06:24:36 [TRACE] 【已点击过的坐标】：[(-10, -10), (np.int64(971), np.int64(461))]
2025-10-20 06:24:36 [TRACE] 【成功点击】
2025-10-20 06:24:36 [TRACE] 【目标检测】目标存在，但置信度不足
2025-10-20 06:24:37 [TRACE] 【本轮的坐标】：(np.int64(1785), np.int64(461)) ------------
2025-10-20 06:24:37 [TRACE] 【已点击过的坐标】：[(-10, -10), (np.int64(971), np.int64(461)), (np.int64(1378), np.int64(461))]
2025-10-20 06:24:37 [TRACE] 【成功点击】
2025-10-20 06:24:37 [TRACE] 【本轮的坐标】：(np.int64(1786), np.int64(461)) ------------
2025-10-20 06:24:37 [TRACE] 【已点击过的坐标】：[(-10, -10), (np.int64(971), np.int64(461)), (np.int64(1378), np.int64(461)), (np.int64(1785), np.int64(461))]
2025-10-20 06:24:37 [TRACE] 【坐标太近】视为重复
2025-10-20 06:24:37 [TRACE] 【没有通过的坐标】开始下一轮
2025-10-20 06:24:37 [TRACE] 【本轮的坐标】：(np.int64(2192), np.int64(461)) ------------
2025-10-20 06:24:37 [TRACE] 【已点击过的坐标】：[(-10, -10), (np.int64(971), np.int64(461)), (np.int64(1378), np.int64(461)), (np.int64(1785), np.int64(461))]
2025-10-20 06:24:37 [TRACE] 【成功点击】
2025-10-20 06:24:38 [TRACE] 【本轮的坐标】：(np.int64(2193), np.int64(461)) ------------
2025-10-20 06:24:38 [TRACE] 【已点击过的坐标】：[(-10, -10), (np.int64(971), np.int64(461)), (np.int64(1378), np.int64(461)), (np.int64(1785), np.int64(461)), (np.int64(2192), np.int64(461))]
2025-10-20 06:24:38 [TRACE] 【坐标太近】视为重复
2025-10-20 06:24:38 [TRACE] 【没有通过的坐标】开始下一轮
2025-10-20 06:24:38 [TRACE] 【本轮的坐标】：(np.int64(970), np.int64(462)) ------------
2025-10-20 06:24:38 [TRACE] 【已点击过的坐标】：[(-10, -10), (np.int64(971), np.int64(461)), (np.int64(1378), np.int64(461)), (np.int64(1785), np.int64(461)), (np.int64(2192), np.int64(461))]
2025-10-20 06:24:38 [TRACE] 【坐标太近】视为重复
2025-10-20 06:24:38 [TRACE] 【没有通过的坐标】开始下一轮
2025-10-20 06:24:38 [TRACE] 【本轮的坐标】：(np.int64(971), np.int64(462)) ------------
2025-10-20 06:24:38 [TRACE] 【已点击过的坐标】：[(-10, -10), (np.int64(971), np.int64(461)), (np.int64(1378), np.int64(461)), (np.int64(1785), np.int64(461)), (np.int64(2192), np.int64(461))]
2025-10-20 06:24:38 [TRACE] 【坐标太近】视为重复
2025-10-20 06:24:38 [TRACE] 【没有通过的坐标】开始下一轮
2025-10-20 06:24:38 [TRACE] 【本轮的坐标】：(np.int64(972), np.int64(462)) ------------
2025-10-20 06:24:38 [TRACE] 【已点击过的坐标】：[(-10, -10), (np.int64(971), np.int64(461)), (np.int64(1378), np.int64(461)), (np.int64(1785), np.int64(461)), (np.int64(2192), np.int64(461))]
2025-10-20 06:24:38 [TRACE] 【坐标太近】视为重复
2025-10-20 06:24:38 [TRACE] 【没有通过的坐标】开始下一轮
2025-10-20 06:24:38 [TRACE] 【本轮的坐标】：(np.int64(1377), np.int64(462)) ------------
2025-10-20 06:24:38 [TRACE] 【已点击过的坐标】：[(-10, -10), (np.int64(971), np.int64(461)), (np.int64(1378), np.int64(461)), (np.int64(1785), np.int64(461)), (np.int64(2192), np.int64(461))]
2025-10-20 06:24:38 [TRACE] 【坐标太近】视为重复
2025-10-20 06:24:38 [TRACE] 【没有通过的坐标】开始下一轮
2025-10-20 06:24:38 [TRACE] 【本轮的坐标】：(np.int64(1378), np.int64(462)) ------------
2025-10-20 06:24:38 [TRACE] 【已点击过的坐标】：[(-10, -10), (np.int64(971), np.int64(461)), (np.int64(1378), np.int64(461)), (np.int64(1785), np.int64(461)), (np.int64(2192), np.int64(461))]
2025-10-20 06:24:38 [TRACE] 【坐标太近】视为重复
2025-10-20 06:24:38 [TRACE] 【没有通过的坐标】开始下一轮
2025-10-20 06:24:38 [TRACE] 【本轮的坐标】：(np.int64(1379), np.int64(462)) ------------
2025-10-20 06:24:38 [TRACE] 【已点击过的坐标】：[(-10, -10), (np.int64(971), np.int64(461)), (np.int64(1378), np.int64(461)), (np.int64(1785), np.int64(461)), (np.int64(2192), np.int64(461))]
2025-10-20 06:24:38 [TRACE] 【坐标太近】视为重复
2025-10-20 06:24:38 [TRACE] 【没有通过的坐标】开始下一轮
2025-10-20 06:24:38 [TRACE] 【本轮的坐标】：(np.int64(1784), np.int64(462)) ------------
2025-10-20 06:24:38 [TRACE] 【已点击过的坐标】：[(-10, -10), (np.int64(971), np.int64(461)), (np.int64(1378), np.int64(461)), (np.int64(1785), np.int64(461)), (np.int64(2192), np.int64(461))]
2025-10-20 06:24:38 [TRACE] 【坐标太近】视为重复
2025-10-20 06:24:38 [TRACE] 【没有通过的坐标】开始下一轮
2025-10-20 06:24:38 [TRACE] 【本轮的坐标】：(np.int64(1785), np.int64(462)) ------------
2025-10-20 06:24:38 [TRACE] 【已点击过的坐标】：[(-10, -10), (np.int64(971), np.int64(461)), (np.int64(1378), np.int64(461)), (np.int64(1785), np.int64(461)), (np.int64(2192), np.int64(461))]
2025-10-20 06:24:38 [TRACE] 【坐标太近】视为重复
2025-10-20 06:24:38 [TRACE] 【没有通过的坐标】开始下一轮
2025-10-20 06:24:38 [TRACE] 【本轮的坐标】：(np.int64(1786), np.int64(462)) ------------
2025-10-20 06:24:38 [TRACE] 【已点击过的坐标】：[(-10, -10), (np.int64(971), np.int64(461)), (np.int64(1378), np.int64(461)), (np.int64(1785), np.int64(461)), (np.int64(2192), np.int64(461))]
2025-10-20 06:24:38 [TRACE] 【坐标太近】视为重复
2025-10-20 06:24:38 [TRACE] 【没有通过的坐标】开始下一轮
2025-10-20 06:24:38 [TRACE] 【本轮的坐标】：(np.int64(2191), np.int64(462)) ------------
2025-10-20 06:24:38 [TRACE] 【已点击过的坐标】：[(-10, -10), (np.int64(971), np.int64(461)), (np.int64(1378), np.int64(461)), (np.int64(1785), np.int64(461)), (np.int64(2192), np.int64(461))]
2025-10-20 06:24:38 [TRACE] 【坐标太近】视为重复
2025-10-20 06:24:38 [TRACE] 【没有通过的坐标】开始下一轮
2025-10-20 06:24:38 [TRACE] 【本轮的坐标】：(np.int64(2192), np.int64(462)) ------------
2025-10-20 06:24:38 [TRACE] 【已点击过的坐标】：[(-10, -10), (np.int64(971), np.int64(461)), (np.int64(1378), np.int64(461)), (np.int64(1785), np.int64(461)), (np.int64(2192), np.int64(461))]
2025-10-20 06:24:38 [TRACE] 【坐标太近】视为重复
2025-10-20 06:24:38 [TRACE] 【没有通过的坐标】开始下一轮
2025-10-20 06:24:38 [TRACE] 【本轮的坐标】：(np.int64(2193), np.int64(462)) ------------
2025-10-20 06:24:38 [TRACE] 【已点击过的坐标】：[(-10, -10), (np.int64(971), np.int64(461)), (np.int64(1378), np.int64(461)), (np.int64(1785), np.int64(461)), (np.int64(2192), np.int64(461))]
2025-10-20 06:24:38 [TRACE] 【坐标太近】视为重复
2025-10-20 06:24:38 [TRACE] 【没有通过的坐标】开始下一轮
2025-10-20 06:24:38 [TRACE] 【本轮的坐标】：(np.int64(2194), np.int64(462)) ------------
2025-10-20 06:24:38 [TRACE] 【已点击过的坐标】：[(-10, -10), (np.int64(971), np.int64(461)), (np.int64(1378), np.int64(461)), (np.int64(1785), np.int64(461)), (np.int64(2192), np.int64(461))]
2025-10-20 06:24:38 [TRACE] 【坐标太近】视为重复
2025-10-20 06:24:38 [TRACE] 【没有通过的坐标】开始下一轮
2025-10-20 06:24:38 [TRACE] 【本轮的坐标】：(np.int64(970), np.int64(463)) ------------
2025-10-20 06:24:38 [TRACE] 【已点击过的坐标】：[(-10, -10), (np.int64(971), np.int64(461)), (np.int64(1378), np.int64(461)), (np.int64(1785), np.int64(461)), (np.int64(2192), np.int64(461))]
2025-10-20 06:24:38 [TRACE] 【坐标太近】视为重复
2025-10-20 06:24:38 [TRACE] 【没有通过的坐标】开始下一轮
2025-10-20 06:24:38 [TRACE] 【本轮的坐标】：(np.int64(971), np.int64(463)) ------------
2025-10-20 06:24:38 [TRACE] 【已点击过的坐标】：[(-10, -10), (np.int64(971), np.int64(461)), (np.int64(1378), np.int64(461)), (np.int64(1785), np.int64(461)), (np.int64(2192), np.int64(461))]
2025-10-20 06:24:38 [TRACE] 【坐标太近】视为重复
2025-10-20 06:24:38 [TRACE] 【没有通过的坐标】开始下一轮
2025-10-20 06:24:38 [TRACE] 【本轮的坐标】：(np.int64(1378), np.int64(463)) ------------
2025-10-20 06:24:38 [TRACE] 【已点击过的坐标】：[(-10, -10), (np.int64(971), np.int64(461)), (np.int64(1378), np.int64(461)), (np.int64(1785), np.int64(461)), (np.int64(2192), np.int64(461))]
2025-10-20 06:24:38 [TRACE] 【坐标太近】视为重复
2025-10-20 06:24:38 [TRACE] 【没有通过的坐标】开始下一轮
2025-10-20 06:24:38 [TRACE] 【本轮的坐标】：(np.int64(1785), np.int64(463)) ------------
2025-10-20 06:24:38 [TRACE] 【已点击过的坐标】：[(-10, -10), (np.int64(971), np.int64(461)), (np.int64(1378), np.int64(461)), (np.int64(1785), np.int64(461)), (np.int64(2192), np.int64(461))]
2025-10-20 06:24:38 [TRACE] 【坐标太近】视为重复
2025-10-20 06:24:38 [TRACE] 【没有通过的坐标】开始下一轮
2025-10-20 06:24:38 [TRACE] 【本轮的坐标】：(np.int64(2192), np.int64(463)) ------------
2025-10-20 06:24:38 [TRACE] 【已点击过的坐标】：[(-10, -10), (np.int64(971), np.int64(461)), (np.int64(1378), np.int64(461)), (np.int64(1785), np.int64(461)), (np.int64(2192), np.int64(461))]
2025-10-20 06:24:38 [TRACE] 【坐标太近】视为重复
2025-10-20 06:24:38 [TRACE] 【没有通过的坐标】开始下一轮
2025-10-20 06:24:38 [TRACE] 【完成所有点击】有效次数：4
2025-10-20 06:24:38 [TRACE] 【目标检测】目标存在，但置信度不足
2025-10-20 06:24:39 [TRACE] 【目标检测】目标存在，但置信度不足
2025-10-20 06:24:40 [TRACE] 【目标检测】目标存在，但置信度不足
2025-10-20 06:24:41 [TRACE] 【目标检测】目标存在，但置信度不足
2025-10-20 06:24:42 [TRACE] 【目标检测】微调超时，无法对齐！
2025-10-20 06:24:44 [TRACE] 【目标检测】屏幕内没有目标
2025-10-20 06:24:45 [TRACE] 【状态】搜索模式：C:\Users\gelon\Desktop\ZA-Lite\assets/images/hollow\next_area.png 置信度：0.9999993443489075
2025-10-20 06:24:46 [TRACE] 【目标检测】TRAPPED！ 类型：blue_portal 置信度：0.9366064667701721
2025-10-20 06:24:52 [TRACE] 【目标检测】屏幕内没有目标
2025-10-20 06:24:53 [TRACE] 【目标检测】屏幕内没有目标
2025-10-20 06:24:54 [TRACE] 【目标检测】屏幕内没有目标
2025-10-20 06:24:55 [TRACE] 【空洞监听】无匹配已持续：0秒
2025-10-20 06:24:55 [TRACE] 【目标检测】屏幕内没有目标
2025-10-20 06:24:56 [TRACE] 【目标检测】屏幕内没有目标
2025-10-20 06:24:58 [TRACE] 【目标检测】屏幕内没有目标
2025-10-20 06:24:59 [TRACE] 【目标检测】屏幕内没有目标
2025-10-20 06:25:00 [TRACE] 【目标检测】屏幕内没有目标
2025-10-20 06:25:00 [TRACE] 【空洞监听】无匹配已持续：5秒
2025-10-20 06:25:05 [TRACE] 【目标检测】TRAPPED！ 类型：interact 置信度：0.9265154600143433
2025-10-20 06:25:06 [TRACE] 【空洞监听】无匹配已持续：11秒
2025-10-20 06:25:10 [TRACE] 【目标检测】TRAPPED！ 类型：interact 置信度：0.9402230381965637
2025-10-20 06:25:12 [TRACE] 【空洞监听】无匹配已持续：16秒
2025-10-20 06:25:12 [TRACE] 【状态】搜索模式：C:\Users\gelon\Desktop\ZA-Lite\assets/images/hollow\resonium.png 置信度：1.0
2025-10-20 06:25:12 [TRACE] 【目标出现】C:\Users\gelon\Desktop\ZA-Lite\assets/images/hollow\resonium.png 置信度：1.0
2025-10-20 06:25:12 [TRACE] 【本轮的坐标】：(np.int64(1174), np.int64(461)) ------------
2025-10-20 06:25:12 [TRACE] 【已点击过的坐标】：[(-10, -10)]
2025-10-20 06:25:12 [TRACE] 【成功点击】
2025-10-20 06:25:13 [TRACE] 【本轮的坐标】：(np.int64(1581), np.int64(461)) ------------
2025-10-20 06:25:13 [TRACE] 【已点击过的坐标】：[(-10, -10), (np.int64(1174), np.int64(461))]
2025-10-20 06:25:13 [TRACE] 【成功点击】
2025-10-20 06:25:14 [TRACE] 【本轮的坐标】：(np.int64(1582), np.int64(461)) ------------
2025-10-20 06:25:14 [TRACE] 【已点击过的坐标】：[(-10, -10), (np.int64(1174), np.int64(461)), (np.int64(1581), np.int64(461))]
2025-10-20 06:25:14 [TRACE] 【坐标太近】视为重复
2025-10-20 06:25:14 [TRACE] 【没有通过的坐标】开始下一轮
2025-10-20 06:25:14 [TRACE] 【本轮的坐标】：(np.int64(1988), np.int64(461)) ------------
2025-10-20 06:25:14 [TRACE] 【已点击过的坐标】：[(-10, -10), (np.int64(1174), np.int64(461)), (np.int64(1581), np.int64(461))]
2025-10-20 06:25:14 [TRACE] 【成功点击】
2025-10-20 06:25:14 [TRACE] 【本轮的坐标】：(np.int64(1989), np.int64(461)) ------------
2025-10-20 06:25:14 [TRACE] 【已点击过的坐标】：[(-10, -10), (np.int64(1174), np.int64(461)), (np.int64(1581), np.int64(461)), (np.int64(1988), np.int64(461))]
2025-10-20 06:25:14 [TRACE] 【坐标太近】视为重复
2025-10-20 06:25:14 [TRACE] 【没有通过的坐标】开始下一轮
2025-10-20 06:25:14 [TRACE] 【本轮的坐标】：(np.int64(1173), np.int64(462)) ------------
2025-10-20 06:25:14 [TRACE] 【已点击过的坐标】：[(-10, -10), (np.int64(1174), np.int64(461)), (np.int64(1581), np.int64(461)), (np.int64(1988), np.int64(461))]
2025-10-20 06:25:14 [TRACE] 【坐标太近】视为重复
2025-10-20 06:25:14 [TRACE] 【没有通过的坐标】开始下一轮
2025-10-20 06:25:14 [TRACE] 【本轮的坐标】：(np.int64(1174), np.int64(462)) ------------
2025-10-20 06:25:14 [TRACE] 【已点击过的坐标】：[(-10, -10), (np.int64(1174), np.int64(461)), (np.int64(1581), np.int64(461)), (np.int64(1988), np.int64(461))]
2025-10-20 06:25:14 [TRACE] 【坐标太近】视为重复
2025-10-20 06:25:14 [TRACE] 【没有通过的坐标】开始下一轮
2025-10-20 06:25:14 [TRACE] 【本轮的坐标】：(np.int64(1175), np.int64(462)) ------------
2025-10-20 06:25:14 [TRACE] 【已点击过的坐标】：[(-10, -10), (np.int64(1174), np.int64(461)), (np.int64(1581), np.int64(461)), (np.int64(1988), np.int64(461))]
2025-10-20 06:25:14 [TRACE] 【坐标太近】视为重复
2025-10-20 06:25:14 [TRACE] 【没有通过的坐标】开始下一轮
2025-10-20 06:25:14 [TRACE] 【本轮的坐标】：(np.int64(1580), np.int64(462)) ------------
2025-10-20 06:25:14 [TRACE] 【已点击过的坐标】：[(-10, -10), (np.int64(1174), np.int64(461)), (np.int64(1581), np.int64(461)), (np.int64(1988), np.int64(461))]
2025-10-20 06:25:14 [TRACE] 【坐标太近】视为重复
2025-10-20 06:25:14 [TRACE] 【没有通过的坐标】开始下一轮
2025-10-20 06:25:14 [TRACE] 【本轮的坐标】：(np.int64(1581), np.int64(462)) ------------
2025-10-20 06:25:14 [TRACE] 【已点击过的坐标】：[(-10, -10), (np.int64(1174), np.int64(461)), (np.int64(1581), np.int64(461)), (np.int64(1988), np.int64(461))]
2025-10-20 06:25:14 [TRACE] 【坐标太近】视为重复
2025-10-20 06:25:14 [TRACE] 【没有通过的坐标】开始下一轮
2025-10-20 06:25:14 [TRACE] 【本轮的坐标】：(np.int64(1582), np.int64(462)) ------------
2025-10-20 06:25:14 [TRACE] 【已点击过的坐标】：[(-10, -10), (np.int64(1174), np.int64(461)), (np.int64(1581), np.int64(461)), (np.int64(1988), np.int64(461))]
2025-10-20 06:25:14 [TRACE] 【坐标太近】视为重复
2025-10-20 06:25:14 [TRACE] 【没有通过的坐标】开始下一轮
2025-10-20 06:25:14 [TRACE] 【本轮的坐标】：(np.int64(1987), np.int64(462)) ------------
2025-10-20 06:25:14 [TRACE] 【已点击过的坐标】：[(-10, -10), (np.int64(1174), np.int64(461)), (np.int64(1581), np.int64(461)), (np.int64(1988), np.int64(461))]
2025-10-20 06:25:14 [TRACE] 【坐标太近】视为重复
2025-10-20 06:25:14 [TRACE] 【没有通过的坐标】开始下一轮
2025-10-20 06:25:14 [TRACE] 【本轮的坐标】：(np.int64(1988), np.int64(462)) ------------
2025-10-20 06:25:14 [TRACE] 【已点击过的坐标】：[(-10, -10), (np.int64(1174), np.int64(461)), (np.int64(1581), np.int64(461)), (np.int64(1988), np.int64(461))]
2025-10-20 06:25:14 [TRACE] 【坐标太近】视为重复
2025-10-20 06:25:14 [TRACE] 【没有通过的坐标】开始下一轮
2025-10-20 06:25:14 [TRACE] 【本轮的坐标】：(np.int64(1989), np.int64(462)) ------------
2025-10-20 06:25:14 [TRACE] 【已点击过的坐标】：[(-10, -10), (np.int64(1174), np.int64(461)), (np.int64(1581), np.int64(461)), (np.int64(1988), np.int64(461))]
2025-10-20 06:25:14 [TRACE] 【坐标太近】视为重复
2025-10-20 06:25:14 [TRACE] 【没有通过的坐标】开始下一轮
2025-10-20 06:25:14 [TRACE] 【本轮的坐标】：(np.int64(1990), np.int64(462)) ------------
2025-10-20 06:25:14 [TRACE] 【已点击过的坐标】：[(-10, -10), (np.int64(1174), np.int64(461)), (np.int64(1581), np.int64(461)), (np.int64(1988), np.int64(461))]
2025-10-20 06:25:14 [TRACE] 【坐标太近】视为重复
2025-10-20 06:25:14 [TRACE] 【没有通过的坐标】开始下一轮
2025-10-20 06:25:14 [TRACE] 【本轮的坐标】：(np.int64(1174), np.int64(463)) ------------
2025-10-20 06:25:14 [TRACE] 【已点击过的坐标】：[(-10, -10), (np.int64(1174), np.int64(461)), (np.int64(1581), np.int64(461)), (np.int64(1988), np.int64(461))]
2025-10-20 06:25:14 [TRACE] 【坐标太近】视为重复
2025-10-20 06:25:14 [TRACE] 【没有通过的坐标】开始下一轮
2025-10-20 06:25:14 [TRACE] 【本轮的坐标】：(np.int64(1581), np.int64(463)) ------------
2025-10-20 06:25:14 [TRACE] 【已点击过的坐标】：[(-10, -10), (np.int64(1174), np.int64(461)), (np.int64(1581), np.int64(461)), (np.int64(1988), np.int64(461))]
2025-10-20 06:25:14 [TRACE] 【坐标太近】视为重复
2025-10-20 06:25:14 [TRACE] 【没有通过的坐标】开始下一轮
2025-10-20 06:25:14 [TRACE] 【本轮的坐标】：(np.int64(1988), np.int64(463)) ------------
2025-10-20 06:25:14 [TRACE] 【已点击过的坐标】：[(-10, -10), (np.int64(1174), np.int64(461)), (np.int64(1581), np.int64(461)), (np.int64(1988), np.int64(461))]
2025-10-20 06:25:14 [TRACE] 【坐标太近】视为重复
2025-10-20 06:25:14 [TRACE] 【没有通过的坐标】开始下一轮
2025-10-20 06:25:14 [TRACE] 【完成所有点击】有效次数：3
2025-10-20 06:25:16 [TRACE] 【目标检测】屏幕内没有目标
2025-10-20 06:25:17 [TRACE] 【目标检测】屏幕内没有目标
2025-10-20 06:25:18 [TRACE] 【目标检测】屏幕内没有目标
2025-10-20 06:25:18 [TRACE] 【目标检测】屏幕内没有目标
2025-10-20 06:25:23 [TRACE] 【目标检测】TRAPPED！ 类型：red_portal 置信度：0.8263601064682007
2025-10-20 06:25:23 [TRACE] 【状态】进入BOSS战，攻击检测预启动
2025-10-20 06:25:26 [TRACE] 【空洞监听】无匹配已持续：0秒
2025-10-20 06:25:28 [TRACE] 【目标检测】TRAPPED！ 类型：guide_point 置信度：0.9180940389633179
2025-10-20 06:25:33 [TRACE] 【空洞监听】无匹配已持续：6秒
2025-10-20 06:25:35 [TRACE] 【目标检测】屏幕内没有目标
2025-10-20 06:25:37 [TRACE] 【目标检测】屏幕内没有目标
2025-10-20 06:25:39 [TRACE] 【目标检测】屏幕内没有目标
2025-10-20 06:25:39 [TRACE] 【空洞监听】无匹配已持续：12秒
2025-10-20 06:25:40 [TRACE] 【目标检测】屏幕内没有目标
2025-10-20 06:25:42 [TRACE] 【目标检测】屏幕内没有目标
2025-10-20 06:25:45 [TRACE] 【目标检测】屏幕内没有目标
2025-10-20 06:25:46 [TRACE] 【目标检测】屏幕内没有目标
2025-10-20 06:25:46 [TRACE] 【空洞监听】无匹配已持续：19秒
2025-10-20 06:25:49 [TRACE] 【目标检测】屏幕内没有目标
2025-10-20 06:25:50 [TRACE] 【目标检测】屏幕内没有目标
2025-10-20 06:25:51 [TRACE] 【目标检测】屏幕内没有目标
2025-10-20 06:25:53 [TRACE] 【状态】战斗模式：正在受到攻击
2025-10-20 06:25:59 [TRACE] 【空洞监听】无匹配已持续：0秒
2025-10-20 06:26:02 [TRACE] 【状态】战斗模式：C:\Users\gelon\Desktop\ZA-Lite\assets/images/hollow\battle_5.png 置信度：0.983476996421814
2025-10-20 06:26:11 [TRACE] 【状态】战斗模式：正在受到攻击
2025-10-20 06:26:18 [TRACE] 【空洞监听】无匹配已持续：0秒
2025-10-20 06:26:24 [TRACE] 【空洞监听】无匹配已持续：6秒
2025-10-20 06:26:28 [TRACE] 【状态】战斗模式：C:\Users\gelon\Desktop\ZA-Lite\assets/images/hollow\battle_5.png 置信度：0.9803328514099121
2025-10-20 06:26:35 [TRACE] 【状态】战斗模式：C:\Users\gelon\Desktop\ZA-Lite\assets/images/hollow\battle_5.png 置信度：0.9747227430343628
2025-10-20 06:26:38 [TRACE] 【状态】战斗模式：正在受到攻击
2025-10-20 06:26:41 [TRACE] 【状态】战斗模式：C:\Users\gelon\Desktop\ZA-Lite\assets/images/hollow\battle_5.png 置信度：0.9916316866874695
2025-10-20 06:26:51 [TRACE] 【状态】战斗模式：正在受到攻击
2025-10-20 06:26:57 [TRACE] 【空洞监听】无匹配已持续：0秒
2025-10-20 06:27:01 [TRACE] 【状态】战斗模式：C:\Users\gelon\Desktop\ZA-Lite\assets/images/hollow\battle_5.png 置信度：0.9883084297180176
2025-10-20 06:27:10 [TRACE] 【空洞监听】无匹配已持续：0秒
2025-10-20 06:27:17 [TRACE] 【空洞监听】无匹配已持续：6秒
2025-10-20 06:27:21 [TRACE] 【状态】战斗模式：C:\Users\gelon\Desktop\ZA-Lite\assets/images/hollow\battle_5.png 置信度：0.9780054092407227
2025-10-20 06:27:31 [TRACE] 【状态】搜索模式：C:\Users\gelon\Desktop\ZA-Lite\assets/images/hollow\gear.png 置信度：1.0
2025-10-20 06:27:32 [TRACE] 【目标检测】屏幕内没有目标
2025-10-20 06:27:33 [TRACE] 【目标检测】屏幕内没有目标
2025-10-20 06:27:34 [TRACE] 【目标检测】屏幕内没有目标
2025-10-20 06:27:34 [TRACE] 【目标检测】屏幕内没有目标
2025-10-20 06:27:35 [TRACE] 【目标检测】屏幕内没有目标
2025-10-20 06:27:36 [TRACE] 【状态】搜索模式：C:\Users\gelon\Desktop\ZA-Lite\assets/images/hollow\resonium.png 置信度：1.0
2025-10-20 06:27:37 [TRACE] 【目标出现】C:\Users\gelon\Desktop\ZA-Lite\assets/images/hollow\resonium.png 置信度：0.9999996423721313
2025-10-20 06:27:37 [TRACE] 【本轮的坐标】：(np.int64(1174), np.int64(461)) ------------
2025-10-20 06:27:37 [TRACE] 【已点击过的坐标】：[(-10, -10)]
2025-10-20 06:27:37 [TRACE] 【成功点击】
2025-10-20 06:27:37 [TRACE] 【目标检测】屏幕内没有目标
2025-10-20 06:27:37 [TRACE] 【本轮的坐标】：(np.int64(1581), np.int64(461)) ------------
2025-10-20 06:27:37 [TRACE] 【已点击过的坐标】：[(-10, -10), (np.int64(1174), np.int64(461))]
2025-10-20 06:27:37 [TRACE] 【成功点击】
2025-10-20 06:27:38 [TRACE] 【目标检测】屏幕内没有目标
2025-10-20 06:27:38 [TRACE] 【本轮的坐标】：(np.int64(1582), np.int64(461)) ------------
2025-10-20 06:27:38 [TRACE] 【已点击过的坐标】：[(-10, -10), (np.int64(1174), np.int64(461)), (np.int64(1581), np.int64(461))]
2025-10-20 06:27:38 [TRACE] 【坐标太近】视为重复
2025-10-20 06:27:38 [TRACE] 【没有通过的坐标】开始下一轮
2025-10-20 06:27:38 [TRACE] 【本轮的坐标】：(np.int64(1988), np.int64(461)) ------------
2025-10-20 06:27:38 [TRACE] 【已点击过的坐标】：[(-10, -10), (np.int64(1174), np.int64(461)), (np.int64(1581), np.int64(461))]
2025-10-20 06:27:38 [TRACE] 【成功点击】
2025-10-20 06:27:39 [TRACE] 【目标检测】屏幕内没有目标
2025-10-20 06:27:39 [TRACE] 【本轮的坐标】：(np.int64(1989), np.int64(461)) ------------
2025-10-20 06:27:39 [TRACE] 【已点击过的坐标】：[(-10, -10), (np.int64(1174), np.int64(461)), (np.int64(1581), np.int64(461)), (np.int64(1988), np.int64(461))]
2025-10-20 06:27:39 [TRACE] 【坐标太近】视为重复
2025-10-20 06:27:39 [TRACE] 【没有通过的坐标】开始下一轮
2025-10-20 06:27:39 [TRACE] 【本轮的坐标】：(np.int64(1173), np.int64(462)) ------------
2025-10-20 06:27:39 [TRACE] 【已点击过的坐标】：[(-10, -10), (np.int64(1174), np.int64(461)), (np.int64(1581), np.int64(461)), (np.int64(1988), np.int64(461))]
2025-10-20 06:27:39 [TRACE] 【坐标太近】视为重复
2025-10-20 06:27:39 [TRACE] 【没有通过的坐标】开始下一轮
2025-10-20 06:27:39 [TRACE] 【本轮的坐标】：(np.int64(1174), np.int64(462)) ------------
2025-10-20 06:27:39 [TRACE] 【已点击过的坐标】：[(-10, -10), (np.int64(1174), np.int64(461)), (np.int64(1581), np.int64(461)), (np.int64(1988), np.int64(461))]
2025-10-20 06:27:39 [TRACE] 【坐标太近】视为重复
2025-10-20 06:27:39 [TRACE] 【没有通过的坐标】开始下一轮
2025-10-20 06:27:39 [TRACE] 【本轮的坐标】：(np.int64(1175), np.int64(462)) ------------
2025-10-20 06:27:39 [TRACE] 【已点击过的坐标】：[(-10, -10), (np.int64(1174), np.int64(461)), (np.int64(1581), np.int64(461)), (np.int64(1988), np.int64(461))]
2025-10-20 06:27:39 [TRACE] 【坐标太近】视为重复
2025-10-20 06:27:39 [TRACE] 【没有通过的坐标】开始下一轮
2025-10-20 06:27:39 [TRACE] 【本轮的坐标】：(np.int64(1580), np.int64(462)) ------------
2025-10-20 06:27:39 [TRACE] 【已点击过的坐标】：[(-10, -10), (np.int64(1174), np.int64(461)), (np.int64(1581), np.int64(461)), (np.int64(1988), np.int64(461))]
2025-10-20 06:27:39 [TRACE] 【坐标太近】视为重复
2025-10-20 06:27:39 [TRACE] 【没有通过的坐标】开始下一轮
2025-10-20 06:27:39 [TRACE] 【本轮的坐标】：(np.int64(1581), np.int64(462)) ------------
2025-10-20 06:27:39 [TRACE] 【已点击过的坐标】：[(-10, -10), (np.int64(1174), np.int64(461)), (np.int64(1581), np.int64(461)), (np.int64(1988), np.int64(461))]
2025-10-20 06:27:39 [TRACE] 【坐标太近】视为重复
2025-10-20 06:27:39 [TRACE] 【没有通过的坐标】开始下一轮
2025-10-20 06:27:39 [TRACE] 【本轮的坐标】：(np.int64(1582), np.int64(462)) ------------
2025-10-20 06:27:39 [TRACE] 【已点击过的坐标】：[(-10, -10), (np.int64(1174), np.int64(461)), (np.int64(1581), np.int64(461)), (np.int64(1988), np.int64(461))]
2025-10-20 06:27:39 [TRACE] 【坐标太近】视为重复
2025-10-20 06:27:39 [TRACE] 【没有通过的坐标】开始下一轮
2025-10-20 06:27:39 [TRACE] 【本轮的坐标】：(np.int64(1987), np.int64(462)) ------------
2025-10-20 06:27:39 [TRACE] 【已点击过的坐标】：[(-10, -10), (np.int64(1174), np.int64(461)), (np.int64(1581), np.int64(461)), (np.int64(1988), np.int64(461))]
2025-10-20 06:27:39 [TRACE] 【坐标太近】视为重复
2025-10-20 06:27:39 [TRACE] 【没有通过的坐标】开始下一轮
2025-10-20 06:27:39 [TRACE] 【本轮的坐标】：(np.int64(1988), np.int64(462)) ------------
2025-10-20 06:27:39 [TRACE] 【已点击过的坐标】：[(-10, -10), (np.int64(1174), np.int64(461)), (np.int64(1581), np.int64(461)), (np.int64(1988), np.int64(461))]
2025-10-20 06:27:39 [TRACE] 【坐标太近】视为重复
2025-10-20 06:27:39 [TRACE] 【没有通过的坐标】开始下一轮
2025-10-20 06:27:39 [TRACE] 【本轮的坐标】：(np.int64(1989), np.int64(462)) ------------
2025-10-20 06:27:39 [TRACE] 【已点击过的坐标】：[(-10, -10), (np.int64(1174), np.int64(461)), (np.int64(1581), np.int64(461)), (np.int64(1988), np.int64(461))]
2025-10-20 06:27:39 [TRACE] 【坐标太近】视为重复
2025-10-20 06:27:39 [TRACE] 【没有通过的坐标】开始下一轮
2025-10-20 06:27:39 [TRACE] 【本轮的坐标】：(np.int64(1990), np.int64(462)) ------------
2025-10-20 06:27:39 [TRACE] 【已点击过的坐标】：[(-10, -10), (np.int64(1174), np.int64(461)), (np.int64(1581), np.int64(461)), (np.int64(1988), np.int64(461))]
2025-10-20 06:27:39 [TRACE] 【坐标太近】视为重复
2025-10-20 06:27:39 [TRACE] 【没有通过的坐标】开始下一轮
2025-10-20 06:27:39 [TRACE] 【本轮的坐标】：(np.int64(1174), np.int64(463)) ------------
2025-10-20 06:27:39 [TRACE] 【已点击过的坐标】：[(-10, -10), (np.int64(1174), np.int64(461)), (np.int64(1581), np.int64(461)), (np.int64(1988), np.int64(461))]
2025-10-20 06:27:39 [TRACE] 【坐标太近】视为重复
2025-10-20 06:27:39 [TRACE] 【没有通过的坐标】开始下一轮
2025-10-20 06:27:39 [TRACE] 【本轮的坐标】：(np.int64(1581), np.int64(463)) ------------
2025-10-20 06:27:39 [TRACE] 【已点击过的坐标】：[(-10, -10), (np.int64(1174), np.int64(461)), (np.int64(1581), np.int64(461)), (np.int64(1988), np.int64(461))]
2025-10-20 06:27:39 [TRACE] 【坐标太近】视为重复
2025-10-20 06:27:39 [TRACE] 【没有通过的坐标】开始下一轮
2025-10-20 06:27:39 [TRACE] 【本轮的坐标】：(np.int64(1988), np.int64(463)) ------------
2025-10-20 06:27:39 [TRACE] 【已点击过的坐标】：[(-10, -10), (np.int64(1174), np.int64(461)), (np.int64(1581), np.int64(461)), (np.int64(1988), np.int64(461))]
2025-10-20 06:27:39 [TRACE] 【坐标太近】视为重复
2025-10-20 06:27:39 [TRACE] 【没有通过的坐标】开始下一轮
2025-10-20 06:27:39 [TRACE] 【完成所有点击】有效次数：3
2025-10-20 06:27:39 [TRACE] 【目标检测】屏幕内没有目标
2025-10-20 06:27:40 [TRACE] 【目标检测】目标存在，但置信度不足
2025-10-20 06:27:41 [TRACE] 【目标检测】目标存在，但置信度不足
2025-10-20 06:27:42 [TRACE] 【目标检测】屏幕内没有目标
2025-10-20 06:27:44 [TRACE] 【目标检测】目标存在，但置信度不足
2025-10-20 06:27:45 [TRACE] 【目标检测】屏幕内没有目标
2025-10-20 06:27:46 [TRACE] 【目标检测】屏幕内没有目标
2025-10-20 06:27:46 [TRACE] 【目标检测】屏幕内没有目标
2025-10-20 06:27:47 [TRACE] 【目标检测】屏幕内没有目标
2025-10-20 06:27:48 [TRACE] 【目标检测】屏幕内没有目标
2025-10-20 06:27:51 [TRACE] 【目标检测】TRAPPED！ 类型：blue_portal 置信度：0.6470449566841125
2025-10-20 06:27:55 [TRACE] 【空洞监听】无匹配已持续：0秒
2025-10-20 06:27:56 [TRACE] 【状态】搜索模式：C:\Users\gelon\Desktop\ZA-Lite\assets/images/hollow\battle_end_boss.png 置信度：0.9999361634254456
2025-10-20 06:27:57 [TRACE] 【目标检测】屏幕内没有目标
2025-10-20 06:27:59 [TRACE] 【目标检测】屏幕内没有目标
2025-10-20 06:28:00 [TRACE] 【目标检测】屏幕内没有目标
2025-10-20 06:28:00 [TRACE] 【目标检测】屏幕内没有目标
2025-10-20 06:28:01 [TRACE] 【目标检测】屏幕内没有目标
2025-10-20 06:28:04 [TRACE] 【目标检测】屏幕内没有目标
2025-10-20 06:28:04 [TRACE] 【目标检测】屏幕内没有目标
2025-10-20 06:28:06 [TRACE] 【目标检测】TRAPPED！ 类型：interact 置信度：0.9018142819404602
2025-10-20 06:28:06 [TRACE] 【空洞监听】无匹配已持续：0秒
2025-10-20 06:28:11 [TRACE] 【空洞监听】无匹配已持续：4秒
2025-10-20 06:28:13 [TRACE] 【目标检测】屏幕内没有目标
2025-10-20 06:28:14 [TRACE] 【目标检测】屏幕内没有目标
2025-10-20 06:28:14 [TRACE] 【目标检测】屏幕内没有目标
2025-10-20 06:28:15 [TRACE] 【目标检测】屏幕内没有目标
2025-10-20 06:28:16 [TRACE] 【目标检测】屏幕内没有目标
2025-10-20 06:28:19 [TRACE] 【目标检测】屏幕内没有目标
2025-10-20 06:28:19 [TRACE] 【目标检测】屏幕内没有目标
2025-10-20 06:28:21 [TRACE] 【目标检测】TRAPPED！ 类型：interact 置信度：0.9356060028076172
2025-10-20 06:28:25 [TRACE] 【目标检测】TRAPPED！ 类型：interact 置信度：0.9331018328666687
2025-10-20 06:28:28 [TRACE] 【空洞监听】无匹配已持续：0秒
2025-10-20 06:28:31 [TRACE] 【目标检测】屏幕内没有目标
2025-10-20 06:28:32 [TRACE] 【目标检测】屏幕内没有目标
2025-10-20 06:28:33 [TRACE] 【目标检测】屏幕内没有目标
2025-10-20 06:28:34 [TRACE] 【目标检测】屏幕内没有目标
2025-10-20 06:28:35 [TRACE] 【目标检测】屏幕内没有目标
2025-10-20 06:28:37 [TRACE] 【目标检测】TRAPPED！ 类型：interact 置信度：0.9177623987197876
2025-10-20 06:28:43 [TRACE] 【目标检测】TRAPPED！ 类型：interact 置信度：0.9100182056427002
2025-10-20 06:28:44 [TRACE] 【空洞监听】无匹配已持续：0秒
2025-10-20 06:28:49 [TRACE] 【目标检测】TRAPPED！ 类型：interact 置信度：0.9122563004493713
2025-10-20 06:28:49 [TRACE] 【空洞监听】无匹配已持续：5秒
2025-10-20 06:28:53 [TRACE] 【目标检测】TRAPPED！ 类型：interact 置信度：0.919367790222168
2025-10-20 06:28:54 [TRACE] 【空洞监听】无匹配已持续：10秒
2025-10-20 06:29:00 [TRACE] 【目标检测】屏幕内没有目标
2025-10-20 06:29:00 [TRACE] 【目标检测】屏幕内没有目标
2025-10-20 06:29:01 [TRACE] 【状态】搜索模式：C:\Users\gelon\Desktop\ZA-Lite\assets/images/hollow\gear.png 置信度：0.999715268611908
2025-10-20 06:29:01 [TRACE] 【目标检测】屏幕内没有目标
2025-10-20 06:29:02 [TRACE] 【目标检测】屏幕内没有目标
2025-10-20 06:29:03 [TRACE] 【目标检测】屏幕内没有目标
2025-10-20 06:29:05 [TRACE] 【目标检测】屏幕内没有目标
2025-10-20 06:29:06 [TRACE] 【目标检测】屏幕内没有目标
2025-10-20 06:29:07 [TRACE] 【状态】搜索模式：C:\Users\gelon\Desktop\ZA-Lite\assets/images/hollow\next_area.png 置信度：0.9999992847442627
2025-10-20 06:29:08 [TRACE] 【目标检测】TRAPPED！ 类型：blue_portal 置信度：0.9270138144493103
2025-10-20 06:29:09 [TRACE] 【状态】搜索模式：C:\Users\gelon\Desktop\ZA-Lite\assets/images/hollow\meter.png 置信度：0.9270251989364624
2025-10-20 06:29:13 [TRACE] 【目标检测】TRAPPED！ 类型：blue_portal 置信度：0.9504117965698242
2025-10-20 06:29:15 [TRACE] 【状态】搜索模式：C:\Users\gelon\Desktop\ZA-Lite\assets/images/hollow\meter.png 置信度：0.9612818956375122
2025-10-20 06:29:20 [TRACE] 【目标检测】TRAPPED！ 类型：blue_portal 置信度：0.9563969969749451
2025-10-20 06:29:22 [TRACE] 【空洞监听】无匹配已持续：0秒
2025-10-20 06:29:24 [TRACE] 【目标检测】TRAPPED！ 类型：blue_portal 置信度：0.9682320952415466
2025-10-20 06:29:27 [TRACE] 【空洞监听】无匹配已持续：4秒
2025-10-20 06:29:30 [TRACE] 【目标检测】屏幕内没有目标
2025-10-20 06:29:31 [TRACE] 【目标检测】屏幕内没有目标
2025-10-20 06:29:32 [TRACE] 【空洞监听】无匹配已持续：9秒
2025-10-20 06:29:32 [TRACE] 【目标检测】屏幕内没有目标
2025-10-20 06:29:33 [TRACE] 【目标检测】屏幕内没有目标
2025-10-20 06:29:34 [TRACE] 【目标检测】目标存在，但置信度不足
2025-10-20 06:29:37 [TRACE] 【目标检测】TRAPPED！ 类型：interact 置信度：0.9076647758483887
2025-10-20 06:29:38 [TRACE] 【空洞监听】无匹配已持续：15秒
2025-10-20 06:29:43 [TRACE] 【目标检测】TRAPPED！ 类型：interact 置信度：0.939927339553833
2025-10-20 06:29:43 [TRACE] 【空洞监听】无匹配已持续：21秒
2025-10-20 06:29:49 [TRACE] 【状态】搜索模式：C:\Users\gelon\Desktop\ZA-Lite\assets/images/hollow\resonium.png 置信度：1.0
2025-10-20 06:29:49 [TRACE] 【目标出现】C:\Users\gelon\Desktop\ZA-Lite\assets/images/hollow\resonium.png 置信度：0.9999998807907104
2025-10-20 06:29:49 [TRACE] 【本轮的坐标】：(np.int64(1174), np.int64(461)) ------------
2025-10-20 06:29:49 [TRACE] 【已点击过的坐标】：[(-10, -10)]
2025-10-20 06:29:49 [TRACE] 【成功点击】
2025-10-20 06:29:49 [TRACE] 【目标检测】屏幕内没有目标
2025-10-20 06:29:50 [TRACE] 【本轮的坐标】：(np.int64(1581), np.int64(461)) ------------
2025-10-20 06:29:50 [TRACE] 【已点击过的坐标】：[(-10, -10), (np.int64(1174), np.int64(461))]
2025-10-20 06:29:50 [TRACE] 【成功点击】
2025-10-20 06:29:50 [TRACE] 【目标检测】屏幕内没有目标
2025-10-20 06:29:51 [TRACE] 【本轮的坐标】：(np.int64(1582), np.int64(461)) ------------
2025-10-20 06:29:51 [TRACE] 【已点击过的坐标】：[(-10, -10), (np.int64(1174), np.int64(461)), (np.int64(1581), np.int64(461))]
2025-10-20 06:29:51 [TRACE] 【坐标太近】视为重复
2025-10-20 06:29:51 [TRACE] 【没有通过的坐标】开始下一轮
2025-10-20 06:29:51 [TRACE] 【本轮的坐标】：(np.int64(1988), np.int64(461)) ------------
2025-10-20 06:29:51 [TRACE] 【已点击过的坐标】：[(-10, -10), (np.int64(1174), np.int64(461)), (np.int64(1581), np.int64(461))]
2025-10-20 06:29:51 [TRACE] 【成功点击】
2025-10-20 06:29:51 [TRACE] 【目标检测】屏幕内没有目标
2025-10-20 06:29:51 [TRACE] 【本轮的坐标】：(np.int64(1989), np.int64(461)) ------------
2025-10-20 06:29:51 [TRACE] 【已点击过的坐标】：[(-10, -10), (np.int64(1174), np.int64(461)), (np.int64(1581), np.int64(461)), (np.int64(1988), np.int64(461))]
2025-10-20 06:29:51 [TRACE] 【坐标太近】视为重复
2025-10-20 06:29:51 [TRACE] 【没有通过的坐标】开始下一轮
2025-10-20 06:29:51 [TRACE] 【本轮的坐标】：(np.int64(1173), np.int64(462)) ------------
2025-10-20 06:29:51 [TRACE] 【已点击过的坐标】：[(-10, -10), (np.int64(1174), np.int64(461)), (np.int64(1581), np.int64(461)), (np.int64(1988), np.int64(461))]
2025-10-20 06:29:51 [TRACE] 【坐标太近】视为重复
2025-10-20 06:29:51 [TRACE] 【没有通过的坐标】开始下一轮
2025-10-20 06:29:51 [TRACE] 【本轮的坐标】：(np.int64(1174), np.int64(462)) ------------
2025-10-20 06:29:51 [TRACE] 【已点击过的坐标】：[(-10, -10), (np.int64(1174), np.int64(461)), (np.int64(1581), np.int64(461)), (np.int64(1988), np.int64(461))]
2025-10-20 06:29:51 [TRACE] 【坐标太近】视为重复
2025-10-20 06:29:51 [TRACE] 【没有通过的坐标】开始下一轮
2025-10-20 06:29:51 [TRACE] 【本轮的坐标】：(np.int64(1175), np.int64(462)) ------------
2025-10-20 06:29:51 [TRACE] 【已点击过的坐标】：[(-10, -10), (np.int64(1174), np.int64(461)), (np.int64(1581), np.int64(461)), (np.int64(1988), np.int64(461))]
2025-10-20 06:29:51 [TRACE] 【坐标太近】视为重复
2025-10-20 06:29:51 [TRACE] 【没有通过的坐标】开始下一轮
2025-10-20 06:29:51 [TRACE] 【本轮的坐标】：(np.int64(1580), np.int64(462)) ------------
2025-10-20 06:29:51 [TRACE] 【已点击过的坐标】：[(-10, -10), (np.int64(1174), np.int64(461)), (np.int64(1581), np.int64(461)), (np.int64(1988), np.int64(461))]
2025-10-20 06:29:51 [TRACE] 【坐标太近】视为重复
2025-10-20 06:29:51 [TRACE] 【没有通过的坐标】开始下一轮
2025-10-20 06:29:51 [TRACE] 【本轮的坐标】：(np.int64(1581), np.int64(462)) ------------
2025-10-20 06:29:51 [TRACE] 【已点击过的坐标】：[(-10, -10), (np.int64(1174), np.int64(461)), (np.int64(1581), np.int64(461)), (np.int64(1988), np.int64(461))]
2025-10-20 06:29:51 [TRACE] 【坐标太近】视为重复
2025-10-20 06:29:51 [TRACE] 【没有通过的坐标】开始下一轮
2025-10-20 06:29:51 [TRACE] 【本轮的坐标】：(np.int64(1582), np.int64(462)) ------------
2025-10-20 06:29:51 [TRACE] 【已点击过的坐标】：[(-10, -10), (np.int64(1174), np.int64(461)), (np.int64(1581), np.int64(461)), (np.int64(1988), np.int64(461))]
2025-10-20 06:29:51 [TRACE] 【坐标太近】视为重复
2025-10-20 06:29:51 [TRACE] 【没有通过的坐标】开始下一轮
2025-10-20 06:29:51 [TRACE] 【本轮的坐标】：(np.int64(1987), np.int64(462)) ------------
2025-10-20 06:29:51 [TRACE] 【已点击过的坐标】：[(-10, -10), (np.int64(1174), np.int64(461)), (np.int64(1581), np.int64(461)), (np.int64(1988), np.int64(461))]
2025-10-20 06:29:51 [TRACE] 【坐标太近】视为重复
2025-10-20 06:29:51 [TRACE] 【没有通过的坐标】开始下一轮
2025-10-20 06:29:51 [TRACE] 【本轮的坐标】：(np.int64(1988), np.int64(462)) ------------
2025-10-20 06:29:51 [TRACE] 【已点击过的坐标】：[(-10, -10), (np.int64(1174), np.int64(461)), (np.int64(1581), np.int64(461)), (np.int64(1988), np.int64(461))]
2025-10-20 06:29:51 [TRACE] 【坐标太近】视为重复
2025-10-20 06:29:51 [TRACE] 【没有通过的坐标】开始下一轮
2025-10-20 06:29:51 [TRACE] 【本轮的坐标】：(np.int64(1989), np.int64(462)) ------------
2025-10-20 06:29:51 [TRACE] 【已点击过的坐标】：[(-10, -10), (np.int64(1174), np.int64(461)), (np.int64(1581), np.int64(461)), (np.int64(1988), np.int64(461))]
2025-10-20 06:29:51 [TRACE] 【坐标太近】视为重复
2025-10-20 06:29:51 [TRACE] 【没有通过的坐标】开始下一轮
2025-10-20 06:29:51 [TRACE] 【本轮的坐标】：(np.int64(1990), np.int64(462)) ------------
2025-10-20 06:29:51 [TRACE] 【已点击过的坐标】：[(-10, -10), (np.int64(1174), np.int64(461)), (np.int64(1581), np.int64(461)), (np.int64(1988), np.int64(461))]
2025-10-20 06:29:51 [TRACE] 【坐标太近】视为重复
2025-10-20 06:29:51 [TRACE] 【没有通过的坐标】开始下一轮
2025-10-20 06:29:51 [TRACE] 【本轮的坐标】：(np.int64(1174), np.int64(463)) ------------
2025-10-20 06:29:51 [TRACE] 【已点击过的坐标】：[(-10, -10), (np.int64(1174), np.int64(461)), (np.int64(1581), np.int64(461)), (np.int64(1988), np.int64(461))]
2025-10-20 06:29:51 [TRACE] 【坐标太近】视为重复
2025-10-20 06:29:51 [TRACE] 【没有通过的坐标】开始下一轮
2025-10-20 06:29:51 [TRACE] 【本轮的坐标】：(np.int64(1581), np.int64(463)) ------------
2025-10-20 06:29:51 [TRACE] 【已点击过的坐标】：[(-10, -10), (np.int64(1174), np.int64(461)), (np.int64(1581), np.int64(461)), (np.int64(1988), np.int64(461))]
2025-10-20 06:29:51 [TRACE] 【坐标太近】视为重复
2025-10-20 06:29:51 [TRACE] 【没有通过的坐标】开始下一轮
2025-10-20 06:29:51 [TRACE] 【本轮的坐标】：(np.int64(1988), np.int64(463)) ------------
2025-10-20 06:29:51 [TRACE] 【已点击过的坐标】：[(-10, -10), (np.int64(1174), np.int64(461)), (np.int64(1581), np.int64(461)), (np.int64(1988), np.int64(461))]
2025-10-20 06:29:51 [TRACE] 【坐标太近】视为重复
2025-10-20 06:29:51 [TRACE] 【没有通过的坐标】开始下一轮
2025-10-20 06:29:51 [TRACE] 【完成所有点击】有效次数：3
2025-10-20 06:29:52 [TRACE] 【目标检测】屏幕内没有目标
2025-10-20 06:29:52 [TRACE] 【目标检测】屏幕内没有目标
2025-10-20 06:29:55 [TRACE] 【目标检测】屏幕内没有目标
2025-10-20 06:29:55 [TRACE] 【目标检测】屏幕内没有目标
2025-10-20 06:30:00 [TRACE] 【目标检测】微调超时，无法对齐！
2025-10-20 06:30:00 [TRACE] 【状态】搜索模式：C:\Users\gelon\Desktop\ZA-Lite\assets/images/hollow\meter.png 置信度：0.9563663601875305
2025-10-20 06:30:06 [TRACE] 【目标检测】屏幕内没有目标
2025-10-20 06:30:06 [TRACE] 【状态】搜索模式：C:\Users\gelon\Desktop\ZA-Lite\assets/images/hollow\meter.png 置信度：0.9443134665489197
2025-10-20 06:30:07 [TRACE] 【目标检测】屏幕内没有目标
2025-10-20 06:30:09 [TRACE] 【目标检测】目标存在，但置信度不足
2025-10-20 06:30:10 [TRACE] 【目标检测】微调超时，无法对齐！
2025-10-20 06:30:12 [TRACE] 【状态】搜索模式：C:\Users\gelon\Desktop\ZA-Lite\assets/images/hollow\meter.png 置信度：0.9644415378570557
2025-10-20 06:30:14 [TRACE] 【目标检测】屏幕内没有目标
2025-10-20 06:30:17 [TRACE] 【目标检测】屏幕内没有目标
2025-10-20 06:30:19 [TRACE] 【目标检测】微调超时，无法对齐！
2025-10-20 06:30:20 [TRACE] 【空洞监听】无匹配已持续：0秒
2025-10-20 06:30:25 [TRACE] 【目标检测】TRAPPED！ 类型：blue_portal 置信度：0.7414747476577759
2025-10-20 06:30:26 [TRACE] 【空洞监听】无匹配已持续：5秒
2025-10-20 06:30:31 [TRACE] 【空洞监听】无匹配已持续：10秒
2025-10-20 06:30:31 [TRACE] 【目标检测】TRAPPED！ 类型：blue_portal 置信度：0.8786200284957886
2025-10-20 06:30:35 [TRACE] 【状态】搜索模式：C:\Users\gelon\Desktop\ZA-Lite\assets/images/hollow\meter.png 置信度：0.9924716353416443
2025-10-20 06:30:38 [TRACE] 【目标检测】TRAPPED！ 类型：blue_portal 置信度：0.8512762188911438
2025-10-20 06:30:41 [TRACE] 【目标检测】TRAPPED！ 类型：blue_portal 置信度：0.8937548398971558
2025-10-20 06:30:42 [TRACE] 【空洞监听】无匹配已持续：0秒
2025-10-20 06:30:45 [TRACE] 【状态】搜索模式：C:\Users\gelon\Desktop\ZA-Lite\assets/images/hollow\meter.png 置信度：0.9421069622039795
2025-10-20 06:30:48 [TRACE] 【目标检测】TRAPPED！ 类型：blue_portal 置信度：0.8488185405731201
2025-10-20 06:30:50 [TRACE] 【状态】搜索模式：C:\Users\gelon\Desktop\ZA-Lite\assets/images/hollow\meter.png 置信度：0.9263256788253784
2025-10-20 06:30:52 [TRACE] 【目标检测】TRAPPED！ 类型：blue_portal 置信度：0.8502765893936157
2025-10-20 06:30:58 [TRACE] 【目标检测】TRAPPED！ 类型：blue_portal 置信度：0.7439503073692322
2025-10-20 06:30:58 [TRACE] 【空洞监听】无匹配已持续：0秒
2025-10-20 06:31:03 [TRACE] 【目标检测】TRAPPED！ 类型：blue_portal 置信度：0.9194375276565552
2025-10-20 06:31:04 [TRACE] 【空洞监听】无匹配已持续：5秒
2025-10-20 06:31:09 [TRACE] 【空洞监听】无匹配已持续：10秒
2025-10-20 06:31:09 [TRACE] 【目标检测】屏幕内没有目标
2025-10-20 06:31:10 [TRACE] 【目标检测】屏幕内没有目标
2025-10-20 06:31:11 [TRACE] 【目标检测】屏幕内没有目标
2025-10-20 06:31:12 [TRACE] 【目标检测】屏幕内没有目标
2025-10-20 06:31:13 [TRACE] 【目标检测】屏幕内没有目标
2025-10-20 06:31:15 [TRACE] 【目标检测】目标存在，但置信度不足
2025-10-20 06:31:16 [TRACE] 【目标检测】屏幕内没有目标
2025-10-20 06:31:16 [TRACE] 【状态】战斗模式：C:\Users\gelon\Desktop\ZA-Lite\assets/images/hollow\battle_1.png 置信度：1.0
2025-10-20 06:31:17 [TRACE] 【目标检测】屏幕内没有目标
2025-10-20 06:31:18 [TRACE] 【状态】战斗模式：C:\Users\gelon\Desktop\ZA-Lite\assets/images/hollow\battle_4.png 置信度：0.9999999403953552
2025-10-20 06:31:24 [TRACE] 【状态】战斗模式：C:\Users\gelon\Desktop\ZA-Lite\assets/images/hollow\battle_4.png 置信度：0.9999999403953552
2025-10-20 06:31:31 [TRACE] 【状态】战斗模式：C:\Users\gelon\Desktop\ZA-Lite\assets/images/hollow\battle_4.png 置信度：0.9999995827674866
2025-10-20 06:31:37 [TRACE] 【状态】战斗模式：C:\Users\gelon\Desktop\ZA-Lite\assets/images/hollow\battle_5.png 置信度：0.9528693556785583
2025-10-20 06:31:46 [TRACE] 【空洞监听】无匹配已持续：0秒
2025-10-20 06:31:53 [TRACE] 【空洞监听】无匹配已持续：6秒
2025-10-20 06:31:54 [TRACE] 【状态】搜索模式：C:\Users\gelon\Desktop\ZA-Lite\assets/images/hollow\next_area.png 置信度：0.9999996423721313
2025-10-20 06:31:54 [TRACE] 【目标检测】屏幕内没有目标
2025-10-20 06:31:56 [TRACE] 【目标检测】屏幕内没有目标
2025-10-20 06:31:57 [TRACE] 【目标检测】屏幕内没有目标
2025-10-20 06:31:59 [TRACE] 【目标检测】屏幕内没有目标
2025-10-20 06:32:00 [TRACE] 【目标检测】屏幕内没有目标
2025-10-20 06:32:01 [TRACE] 【目标检测】屏幕内没有目标
2025-10-20 06:32:02 [TRACE] 【目标检测】屏幕内没有目标
2025-10-20 06:32:05 [TRACE] 【空洞监听】无匹配已持续：0秒
2025-10-20 06:32:06 [TRACE] 【目标检测】屏幕内没有目标
2025-10-20 06:32:09 [TRACE] 【目标检测】屏幕内没有目标
2025-10-20 06:32:10 [TRACE] 【空洞监听】无匹配已持续：5秒
2025-10-20 06:32:11 [TRACE] 【目标检测】微调超时，无法对齐！
2025-10-20 06:32:15 [TRACE] 【空洞监听】无匹配已持续：10秒
2025-10-20 06:32:15 [TRACE] 【目标检测】TRAPPED！ 类型：blue_portal 置信度：0.9231728911399841
2025-10-20 06:32:20 [TRACE] 【空洞监听】无匹配已持续：15秒
2025-10-20 06:32:22 [TRACE] 【目标检测】屏幕内没有目标
2025-10-20 06:32:25 [TRACE] 【目标检测】TRAPPED！ 类型：interact 置信度：0.937322199344635
2025-10-20 06:32:26 [TRACE] 【空洞监听】无匹配已持续：21秒
2025-10-20 06:32:31 [TRACE] 【目标检测】屏幕内没有目标
2025-10-20 06:32:32 [TRACE] 【目标检测】屏幕内没有目标
2025-10-20 06:32:33 [TRACE] 【目标检测】屏幕内没有目标
2025-10-20 06:32:34 [TRACE] 【目标检测】屏幕内没有目标
2025-10-20 06:32:35 [TRACE] 【目标检测】屏幕内没有目标
2025-10-20 06:32:37 [TRACE] 【目标检测】屏幕内没有目标
2025-10-20 06:32:38 [TRACE] 【目标检测】屏幕内没有目标
2025-10-20 06:32:39 [TRACE] 【目标检测】屏幕内没有目标
2025-10-20 06:32:40 [TRACE] 【目标检测】屏幕内没有目标
2025-10-20 06:32:40 [TRACE] 【目标检测】屏幕内没有目标
2025-10-20 06:32:43 [TRACE] 【目标检测】屏幕内没有目标
2025-10-20 06:32:43 [TRACE] 【目标检测】屏幕内没有目标
2025-10-20 06:32:44 [TRACE] 【目标检测】屏幕内没有目标
2025-10-20 06:32:45 [TRACE] 【目标检测】屏幕内没有目标
2025-10-20 06:32:46 [TRACE] 【目标检测】屏幕内没有目标
2025-10-20 06:32:48 [TRACE] 【目标检测】屏幕内没有目标
2025-10-20 06:32:49 [TRACE] 【状态】搜索模式：C:\Users\gelon\Desktop\ZA-Lite\assets/images/hollow\resonium.png 置信度：0.9999998807907104
2025-10-20 06:32:49 [TRACE] 【目标检测】屏幕内没有目标
2025-10-20 06:32:49 [TRACE] 【目标出现】C:\Users\gelon\Desktop\ZA-Lite\assets/images/hollow\resonium.png 置信度：1.0
2025-10-20 06:32:49 [TRACE] 【本轮的坐标】：(np.int64(1174), np.int64(461)) ------------
2025-10-20 06:32:49 [TRACE] 【已点击过的坐标】：[(-10, -10)]
2025-10-20 06:32:49 [TRACE] 【成功点击】
2025-10-20 06:32:50 [TRACE] 【目标检测】屏幕内没有目标
2025-10-20 06:32:50 [TRACE] 【本轮的坐标】：(np.int64(1581), np.int64(461)) ------------
2025-10-20 06:32:50 [TRACE] 【已点击过的坐标】：[(-10, -10), (np.int64(1174), np.int64(461))]
2025-10-20 06:32:50 [TRACE] 【成功点击】
2025-10-20 06:32:51 [TRACE] 【目标检测】屏幕内没有目标
2025-10-20 06:32:51 [TRACE] 【本轮的坐标】：(np.int64(1582), np.int64(461)) ------------
2025-10-20 06:32:51 [TRACE] 【已点击过的坐标】：[(-10, -10), (np.int64(1174), np.int64(461)), (np.int64(1581), np.int64(461))]
2025-10-20 06:32:51 [TRACE] 【坐标太近】视为重复
2025-10-20 06:32:51 [TRACE] 【没有通过的坐标】开始下一轮
2025-10-20 06:32:51 [TRACE] 【本轮的坐标】：(np.int64(1988), np.int64(461)) ------------
2025-10-20 06:32:51 [TRACE] 【已点击过的坐标】：[(-10, -10), (np.int64(1174), np.int64(461)), (np.int64(1581), np.int64(461))]
2025-10-20 06:32:51 [TRACE] 【成功点击】
2025-10-20 06:32:51 [TRACE] 【目标检测】屏幕内没有目标
2025-10-20 06:32:52 [TRACE] 【本轮的坐标】：(np.int64(1989), np.int64(461)) ------------
2025-10-20 06:32:52 [TRACE] 【已点击过的坐标】：[(-10, -10), (np.int64(1174), np.int64(461)), (np.int64(1581), np.int64(461)), (np.int64(1988), np.int64(461))]
2025-10-20 06:32:52 [TRACE] 【坐标太近】视为重复
2025-10-20 06:32:52 [TRACE] 【没有通过的坐标】开始下一轮
2025-10-20 06:32:52 [TRACE] 【本轮的坐标】：(np.int64(1173), np.int64(462)) ------------
2025-10-20 06:32:52 [TRACE] 【已点击过的坐标】：[(-10, -10), (np.int64(1174), np.int64(461)), (np.int64(1581), np.int64(461)), (np.int64(1988), np.int64(461))]
2025-10-20 06:32:52 [TRACE] 【坐标太近】视为重复
2025-10-20 06:32:52 [TRACE] 【没有通过的坐标】开始下一轮
2025-10-20 06:32:52 [TRACE] 【本轮的坐标】：(np.int64(1174), np.int64(462)) ------------
2025-10-20 06:32:52 [TRACE] 【已点击过的坐标】：[(-10, -10), (np.int64(1174), np.int64(461)), (np.int64(1581), np.int64(461)), (np.int64(1988), np.int64(461))]
2025-10-20 06:32:52 [TRACE] 【坐标太近】视为重复
2025-10-20 06:32:52 [TRACE] 【没有通过的坐标】开始下一轮
2025-10-20 06:32:52 [TRACE] 【本轮的坐标】：(np.int64(1175), np.int64(462)) ------------
2025-10-20 06:32:52 [TRACE] 【已点击过的坐标】：[(-10, -10), (np.int64(1174), np.int64(461)), (np.int64(1581), np.int64(461)), (np.int64(1988), np.int64(461))]
2025-10-20 06:32:52 [TRACE] 【坐标太近】视为重复
2025-10-20 06:32:52 [TRACE] 【没有通过的坐标】开始下一轮
2025-10-20 06:32:52 [TRACE] 【本轮的坐标】：(np.int64(1580), np.int64(462)) ------------
2025-10-20 06:32:52 [TRACE] 【已点击过的坐标】：[(-10, -10), (np.int64(1174), np.int64(461)), (np.int64(1581), np.int64(461)), (np.int64(1988), np.int64(461))]
2025-10-20 06:32:52 [TRACE] 【坐标太近】视为重复
2025-10-20 06:32:52 [TRACE] 【没有通过的坐标】开始下一轮
2025-10-20 06:32:52 [TRACE] 【本轮的坐标】：(np.int64(1581), np.int64(462)) ------------
2025-10-20 06:32:52 [TRACE] 【已点击过的坐标】：[(-10, -10), (np.int64(1174), np.int64(461)), (np.int64(1581), np.int64(461)), (np.int64(1988), np.int64(461))]
2025-10-20 06:32:52 [TRACE] 【坐标太近】视为重复
2025-10-20 06:32:52 [TRACE] 【没有通过的坐标】开始下一轮
2025-10-20 06:32:52 [TRACE] 【本轮的坐标】：(np.int64(1582), np.int64(462)) ------------
2025-10-20 06:32:52 [TRACE] 【已点击过的坐标】：[(-10, -10), (np.int64(1174), np.int64(461)), (np.int64(1581), np.int64(461)), (np.int64(1988), np.int64(461))]
2025-10-20 06:32:52 [TRACE] 【坐标太近】视为重复
2025-10-20 06:32:52 [TRACE] 【没有通过的坐标】开始下一轮
2025-10-20 06:32:52 [TRACE] 【本轮的坐标】：(np.int64(1987), np.int64(462)) ------------
2025-10-20 06:32:52 [TRACE] 【已点击过的坐标】：[(-10, -10), (np.int64(1174), np.int64(461)), (np.int64(1581), np.int64(461)), (np.int64(1988), np.int64(461))]
2025-10-20 06:32:52 [TRACE] 【坐标太近】视为重复
2025-10-20 06:32:52 [TRACE] 【没有通过的坐标】开始下一轮
2025-10-20 06:32:52 [TRACE] 【本轮的坐标】：(np.int64(1988), np.int64(462)) ------------
2025-10-20 06:32:52 [TRACE] 【已点击过的坐标】：[(-10, -10), (np.int64(1174), np.int64(461)), (np.int64(1581), np.int64(461)), (np.int64(1988), np.int64(461))]
2025-10-20 06:32:52 [TRACE] 【坐标太近】视为重复
2025-10-20 06:32:52 [TRACE] 【没有通过的坐标】开始下一轮
2025-10-20 06:32:52 [TRACE] 【本轮的坐标】：(np.int64(1989), np.int64(462)) ------------
2025-10-20 06:32:52 [TRACE] 【已点击过的坐标】：[(-10, -10), (np.int64(1174), np.int64(461)), (np.int64(1581), np.int64(461)), (np.int64(1988), np.int64(461))]
2025-10-20 06:32:52 [TRACE] 【坐标太近】视为重复
2025-10-20 06:32:52 [TRACE] 【没有通过的坐标】开始下一轮
2025-10-20 06:32:52 [TRACE] 【本轮的坐标】：(np.int64(1990), np.int64(462)) ------------
2025-10-20 06:32:52 [TRACE] 【已点击过的坐标】：[(-10, -10), (np.int64(1174), np.int64(461)), (np.int64(1581), np.int64(461)), (np.int64(1988), np.int64(461))]
2025-10-20 06:32:52 [TRACE] 【坐标太近】视为重复
2025-10-20 06:32:52 [TRACE] 【没有通过的坐标】开始下一轮
2025-10-20 06:32:52 [TRACE] 【本轮的坐标】：(np.int64(1174), np.int64(463)) ------------
2025-10-20 06:32:52 [TRACE] 【已点击过的坐标】：[(-10, -10), (np.int64(1174), np.int64(461)), (np.int64(1581), np.int64(461)), (np.int64(1988), np.int64(461))]
2025-10-20 06:32:52 [TRACE] 【坐标太近】视为重复
2025-10-20 06:32:52 [TRACE] 【没有通过的坐标】开始下一轮
2025-10-20 06:32:52 [TRACE] 【本轮的坐标】：(np.int64(1581), np.int64(463)) ------------
2025-10-20 06:32:52 [TRACE] 【已点击过的坐标】：[(-10, -10), (np.int64(1174), np.int64(461)), (np.int64(1581), np.int64(461)), (np.int64(1988), np.int64(461))]
2025-10-20 06:32:52 [TRACE] 【坐标太近】视为重复
2025-10-20 06:32:52 [TRACE] 【没有通过的坐标】开始下一轮
2025-10-20 06:32:52 [TRACE] 【本轮的坐标】：(np.int64(1988), np.int64(463)) ------------
2025-10-20 06:32:52 [TRACE] 【已点击过的坐标】：[(-10, -10), (np.int64(1174), np.int64(461)), (np.int64(1581), np.int64(461)), (np.int64(1988), np.int64(461))]
2025-10-20 06:32:52 [TRACE] 【坐标太近】视为重复
2025-10-20 06:32:52 [TRACE] 【没有通过的坐标】开始下一轮
2025-10-20 06:32:52 [TRACE] 【完成所有点击】有效次数：3
2025-10-20 06:32:53 [TRACE] 【目标检测】屏幕内没有目标
2025-10-20 06:32:54 [TRACE] 【目标检测】屏幕内没有目标
2025-10-20 06:32:55 [TRACE] 【目标检测】屏幕内没有目标
2025-10-20 06:32:56 [TRACE] 【目标检测】屏幕内没有目标
2025-10-20 06:32:57 [TRACE] 【目标检测】屏幕内没有目标
2025-10-20 06:32:59 [TRACE] 【目标检测】屏幕内没有目标
2025-10-20 06:33:00 [TRACE] 【目标检测】屏幕内没有目标
2025-10-20 06:33:01 [TRACE] 【目标检测】屏幕内没有目标
2025-10-20 06:33:02 [TRACE] 【目标检测】屏幕内没有目标
2025-10-20 06:33:03 [TRACE] 【空洞监听】无匹配已持续：0秒
2025-10-20 06:33:03 [TRACE] 【目标检测】屏幕内没有目标
2025-10-20 06:33:05 [TRACE] 【目标检测】屏幕内没有目标
2025-10-20 06:33:06 [TRACE] 【目标检测】屏幕内没有目标
2025-10-20 06:33:07 [TRACE] 【目标检测】屏幕内没有目标
2025-10-20 06:33:08 [TRACE] 【目标检测】屏幕内没有目标
2025-10-20 06:33:09 [TRACE] 【空洞监听】无匹配已持续：5秒
2025-10-20 06:33:09 [TRACE] 【目标检测】屏幕内没有目标
2025-10-20 06:33:11 [TRACE] 【目标检测】屏幕内没有目标
2025-10-20 06:33:12 [TRACE] 【目标检测】目标存在，但置信度不足
2025-10-20 06:33:13 [TRACE] 【目标检测】屏幕内没有目标
2025-10-20 06:33:14 [TRACE] 【目标检测】目标存在，但置信度不足
2025-10-20 06:33:14 [TRACE] 【空洞监听】无匹配已持续：11秒
2025-10-20 06:33:15 [TRACE] 【目标检测】屏幕内没有目标
2025-10-20 06:33:16 [TRACE] 【目标检测】目标存在，但置信度不足
2025-10-20 06:33:17 [TRACE] 【目标检测】屏幕内没有目标
2025-10-20 06:33:18 [TRACE] 【目标检测】屏幕内没有目标
2025-10-20 06:33:20 [TRACE] 【空洞监听】无匹配已持续：16秒
2025-10-20 06:33:21 [TRACE] 【目标检测】目标存在，但置信度不足
2025-10-20 06:33:22 [TRACE] 【目标检测】屏幕内没有目标
2025-10-20 06:33:23 [TRACE] 【目标检测】屏幕内没有目标
2025-10-20 06:33:24 [TRACE] 【目标检测】屏幕内没有目标
2025-10-20 06:33:25 [TRACE] 【目标检测】屏幕内没有目标
2025-10-20 06:33:25 [TRACE] 【空洞监听】无匹配已持续：22秒
2025-10-20 06:33:27 [TRACE] 【目标检测】屏幕内没有目标
2025-10-20 06:33:28 [TRACE] 【状态】战斗模式：C:\Users\gelon\Desktop\ZA-Lite\assets/images/hollow\battle_5.png 置信度：0.9545764923095703
2025-10-20 06:33:29 [TRACE] 【目标检测】屏幕内没有目标
2025-10-20 06:33:31 [TRACE] 【状态】战斗模式：正在受到攻击
2025-10-20 06:33:38 [TRACE] 【状态】战斗模式：正在受到攻击
2025-10-20 06:33:43 [TRACE] 【状态】战斗模式：正在受到攻击
2025-10-20 06:33:50 [TRACE] 【空洞监听】无匹配已持续：0秒
2025-10-20 06:33:54 [TRACE] 【状态】战斗模式：C:\Users\gelon\Desktop\ZA-Lite\assets/images/hollow\battle_5.png 置信度：0.9768012762069702
2025-10-20 06:34:00 [TRACE] 【状态】战斗模式：C:\Users\gelon\Desktop\ZA-Lite\assets/images/hollow\battle_5.png 置信度：0.9740236401557922
2025-10-20 06:34:03 [TRACE] 【状态】战斗模式：正在受到攻击
2025-10-20 06:34:09 [TRACE] 【空洞监听】无匹配已持续：0秒
2025-10-20 06:34:15 [TRACE] 【状态】战斗模式：正在受到攻击
2025-10-20 06:34:19 [TRACE] 【状态】战斗模式：C:\Users\gelon\Desktop\ZA-Lite\assets/images/hollow\battle_5.png 置信度：0.9807811379432678
2025-10-20 06:34:22 [TRACE] 【状态】战斗模式：正在受到攻击
2025-10-20 06:34:28 [TRACE] 【空洞监听】无匹配已持续：0秒
2025-10-20 06:34:31 [TRACE] 【状态】战斗模式：C:\Users\gelon\Desktop\ZA-Lite\assets/images/hollow\battle_5.png 置信度：0.9771502614021301
2025-10-20 06:34:38 [TRACE] 【状态】战斗模式：C:\Users\gelon\Desktop\ZA-Lite\assets/images/hollow\battle_5.png 置信度：0.9753296375274658
2025-10-20 06:34:44 [TRACE] 【状态】战斗模式：C:\Users\gelon\Desktop\ZA-Lite\assets/images/hollow\battle_5.png 置信度：0.9782811403274536
2025-10-20 06:34:51 [TRACE] 【状态】战斗模式：C:\Users\gelon\Desktop\ZA-Lite\assets/images/hollow\battle_5.png 置信度：0.982120156288147
2025-10-20 06:34:58 [TRACE] 【状态】战斗模式：C:\Users\gelon\Desktop\ZA-Lite\assets/images/hollow\battle_5.png 置信度：0.9804159998893738
2025-10-20 06:35:07 [TRACE] 【状态】战斗模式：正在受到攻击
2025-10-20 06:35:12 [TRACE] 【状态】战斗模式：正在受到攻击
2025-10-20 06:35:19 [TRACE] 【空洞监听】无匹配已持续：0秒
2025-10-20 06:35:23 [TRACE] 【状态】战斗模式：C:\Users\gelon\Desktop\ZA-Lite\assets/images/hollow\battle_5.png 置信度：0.9804292321205139
2025-10-20 06:35:29 [TRACE] 【状态】战斗模式：C:\Users\gelon\Desktop\ZA-Lite\assets/images/hollow\battle_5.png 置信度：0.962986946105957
2025-10-20 06:35:36 [TRACE] 【状态】战斗模式：C:\Users\gelon\Desktop\ZA-Lite\assets/images/hollow\battle_5.png 置信度：0.960096538066864
2025-10-20 06:35:42 [TRACE] 【状态】战斗模式：C:\Users\gelon\Desktop\ZA-Lite\assets/images/hollow\battle_5.png 置信度：0.9855482578277588
2025-10-20 06:35:45 [TRACE] 【状态】战斗模式：正在受到攻击
2025-10-20 06:35:51 [TRACE] 【状态】战斗模式：正在受到攻击
2025-10-20 06:35:57 [TRACE] 【空洞监听】无匹配已持续：0秒
2025-10-20 06:36:05 [TRACE] 【状态】搜索模式：C:\Users\gelon\Desktop\ZA-Lite\assets/images/hollow\next_area.png 置信度：0.9999992847442627
2025-10-20 06:36:07 [TRACE] 【目标检测】微调超时，无法对齐！
2025-10-20 06:36:11 [TRACE] 【目标检测】TRAPPED！ 类型：blue_portal 置信度：0.9611296653747559
2025-10-20 06:36:14 [TRACE] 【空洞监听】无匹配已持续：0秒
2025-10-20 06:36:17 [TRACE] 【目标检测】目标存在，但置信度不足
2025-10-20 06:36:18 [TRACE] 【目标检测】目标存在，但置信度不足
2025-10-20 06:36:19 [TRACE] 【目标检测】屏幕内没有目标
2025-10-20 06:36:20 [TRACE] 【目标检测】目标存在，但置信度不足
2025-10-20 06:36:21 [TRACE] 【目标检测】目标存在，但置信度不足
2025-10-20 06:36:22 [TRACE] 【目标检测】屏幕内没有目标
2025-10-20 06:36:23 [TRACE] 【目标检测】屏幕内没有目标
2025-10-20 06:36:24 [TRACE] 【状态】战斗模式：C:\Users\gelon\Desktop\ZA-Lite\assets/images/hollow\battle_4.png 置信度：0.9999997615814209
2025-10-20 06:36:34 [TRACE] 【空洞监听】无匹配已持续：0秒
2025-10-20 06:36:37 [TRACE] 【状态】战斗模式：C:\Users\gelon\Desktop\ZA-Lite\assets/images/hollow\battle_4.png 置信度：0.9999999403953552
2025-10-20 06:36:37 [TRACE] 【状态】战斗模式：C:\Users\gelon\Desktop\ZA-Lite\assets/images/hollow\battle_5.png 置信度：0.9903279542922974
2025-10-20 06:36:46 [TRACE] 【空洞监听】无匹配已持续：0秒
2025-10-20 06:36:52 [TRACE] 【空洞监听】无匹配已持续：6秒
2025-10-20 06:36:59 [TRACE] 【空洞监听】无匹配已持续：12秒
2025-10-20 06:37:01 [TRACE] 【状态】战斗模式：C:\Users\gelon\Desktop\ZA-Lite\assets/images/hollow\battle_1.png 置信度：0.9999995827674866
2025-10-20 06:37:03 [TRACE] 【状态】战斗模式：C:\Users\gelon\Desktop\ZA-Lite\assets/images/hollow\battle_5.png 置信度：0.9861335754394531
2025-10-20 06:37:13 [TRACE] 【状态】搜索模式：C:\Users\gelon\Desktop\ZA-Lite\assets/images/hollow\next_area.png 置信度：0.999999463558197
2025-10-20 06:37:14 [TRACE] 【目标检测】目标存在，但置信度不足
2025-10-20 06:37:15 [TRACE] 【状态】搜索模式：C:\Users\gelon\Desktop\ZA-Lite\assets/images/hollow\meter.png 置信度：0.9283097982406616
2025-10-20 06:37:17 [TRACE] 【目标检测】目标存在，但置信度不足
2025-10-20 06:37:18 [TRACE] 【目标检测】目标存在，但置信度不足
2025-10-20 06:37:21 [TRACE] 【目标检测】微调超时，无法对齐！
2025-10-20 06:37:22 [TRACE] 【状态】搜索模式：C:\Users\gelon\Desktop\ZA-Lite\assets/images/hollow\meter.png 置信度：0.965822696685791
2025-10-20 06:37:24 [TRACE] 【目标检测】TRAPPED！ 类型：guide_point 置信度：0.9029913544654846
2025-10-20 06:37:29 [TRACE] 【空洞监听】无匹配已持续：0秒
2025-10-20 06:37:31 [TRACE] 【目标检测】屏幕内没有目标
2025-10-20 06:37:32 [TRACE] 【目标检测】屏幕内没有目标
2025-10-20 06:37:33 [TRACE] 【目标检测】屏幕内没有目标
2025-10-20 06:37:34 [TRACE] 【目标检测】屏幕内没有目标
2025-10-20 06:37:34 [TRACE] 【空洞监听】无匹配已持续：5秒
2025-10-20 06:37:37 [TRACE] 【目标检测】TRAPPED！ 类型：red_portal 置信度：0.8624349236488342
2025-10-20 06:37:37 [TRACE] 【状态】进入BOSS战，攻击检测预启动
2025-10-20 06:37:38 [TRACE] 【状态】搜索模式：C:\Users\gelon\Desktop\ZA-Lite\assets/images/hollow\meter.png 置信度：0.9551082253456116
2025-10-20 06:37:41 [TRACE] 【目标检测】TRAPPED！ 类型：red_portal 置信度：0.8798084259033203
2025-10-20 06:37:41 [TRACE] 【状态】进入BOSS战，攻击检测预启动
2025-10-20 06:37:44 [TRACE] 【状态】搜索模式：C:\Users\gelon\Desktop\ZA-Lite\assets/images/hollow\meter.png 置信度：0.9477537870407104
2025-10-20 06:37:49 [TRACE] 【状态】搜索模式：C:\Users\gelon\Desktop\ZA-Lite\assets/images/hollow\meter.png 置信度：0.9064369797706604
2025-10-20 06:37:52 [TRACE] 【目标检测】微调超时，无法对齐！
2025-10-20 06:37:54 [TRACE] 【目标检测】TRAPPED！ 类型：guide_point 置信度：0.8882861733436584
2025-10-20 06:37:56 [TRACE] 【空洞监听】无匹配已持续：0秒
2025-10-20 06:37:59 [TRACE] 【目标检测】TRAPPED！ 类型：red_portal 置信度：0.8944292664527893
2025-10-20 06:37:59 [TRACE] 【状态】进入BOSS战，攻击检测预启动
2025-10-20 06:38:00 [TRACE] 【状态】搜索模式：C:\Users\gelon\Desktop\ZA-Lite\assets/images/hollow\meter.png 置信度：0.9637029767036438
2025-10-20 06:38:05 [TRACE] 【状态】搜索模式：C:\Users\gelon\Desktop\ZA-Lite\assets/images/hollow\meter.png 置信度：0.9578596353530884
2025-10-20 06:38:07 [TRACE] 【目标检测】TRAPPED！ 类型：red_portal 置信度：0.8965139985084534
2025-10-20 06:38:07 [TRACE] 【状态】进入BOSS战，攻击检测预启动
2025-10-20 06:38:11 [TRACE] 【目标检测】TRAPPED！ 类型：red_portal 置信度：0.9014332294464111
2025-10-20 06:38:11 [TRACE] 【状态】进入BOSS战，攻击检测预启动
2025-10-20 06:38:12 [TRACE] 【状态】搜索模式：C:\Users\gelon\Desktop\ZA-Lite\assets/images/hollow\meter.png 置信度：0.9807194471359253
2025-10-20 06:38:19 [TRACE] 【空洞监听】无匹配已持续：0秒
2025-10-20 06:38:21 [TRACE] 【目标检测】TRAPPED！ 类型：red_portal 置信度：0.9682751297950745
2025-10-20 06:38:21 [TRACE] 【状态】进入BOSS战，攻击检测预启动
2025-10-20 06:38:24 [TRACE] 【空洞监听】无匹配已持续：5秒
2025-10-20 06:38:25 [TRACE] 【目标检测】屏幕内没有目标
2025-10-20 06:38:26 [TRACE] 【目标检测】屏幕内没有目标
2025-10-20 06:38:28 [TRACE] 【目标检测】屏幕内没有目标
2025-10-20 06:38:29 [TRACE] 【目标检测】屏幕内没有目标
2025-10-20 06:38:30 [TRACE] 【目标检测】屏幕内没有目标
2025-10-20 06:38:30 [TRACE] 【空洞监听】无匹配已持续：11秒
2025-10-20 06:38:33 [TRACE] 【目标检测】屏幕内没有目标
2025-10-20 06:38:35 [TRACE] 【目标检测】屏幕内没有目标
2025-10-20 06:38:36 [TRACE] 【目标检测】屏幕内没有目标
2025-10-20 06:38:37 [TRACE] 【空洞监听】无匹配已持续：17秒
2025-10-20 06:38:37 [TRACE] 【目标检测】屏幕内没有目标
2025-10-20 06:38:39 [TRACE] 【目标检测】屏幕内没有目标
2025-10-20 06:38:43 [TRACE] 【空洞监听】无匹配已持续：24秒
2025-10-20 06:38:46 [TRACE] 【目标检测】TRAPPED！ 类型：red_portal 置信度：0.9756379127502441
2025-10-20 06:38:46 [TRACE] 【状态】进入BOSS战，攻击检测预启动
2025-10-20 06:38:50 [TRACE] 【空洞监听】无匹配已持续：31秒
2025-10-20 06:38:53 [TRACE] 【目标检测】屏幕内没有目标
2025-10-20 06:38:55 [TRACE] 【目标检测】屏幕内没有目标
2025-10-20 06:38:56 [TRACE] 【目标检测】屏幕内没有目标
2025-10-20 06:38:56 [TRACE] 【空洞监听】无匹配已持续：37秒
2025-10-20 06:38:58 [TRACE] 【目标检测】屏幕内没有目标
2025-10-20 06:38:59 [TRACE] 【目标检测】屏幕内没有目标
2025-10-20 06:39:02 [TRACE] 【目标检测】屏幕内没有目标
2025-10-20 06:39:02 [TRACE] 【状态】战斗模式：正在受到攻击
2025-10-20 06:39:03 [TRACE] 【目标检测】屏幕内没有目标
2025-10-20 06:39:06 [TRACE] 【状态】战斗模式：C:\Users\gelon\Desktop\ZA-Lite\assets/images/hollow\battle_5.png 置信度：0.9995547533035278
2025-10-20 06:39:12 [TRACE] 【状态】战斗模式：C:\Users\gelon\Desktop\ZA-Lite\assets/images/hollow\battle_5.png 置信度：0.962653636932373
2025-10-20 06:39:15 [TRACE] 【状态】战斗模式：正在受到攻击
2025-10-20 06:39:21 [TRACE] 【状态】战斗模式：正在受到攻击
2025-10-20 06:39:27 [TRACE] 【状态】战斗模式：正在受到攻击
2025-10-20 06:39:32 [TRACE] 【状态】战斗模式：正在受到攻击
2025-10-20 06:39:38 [TRACE] 【空洞监听】无匹配已持续：0秒
2025-10-20 06:39:44 [TRACE] 【状态】战斗模式：正在受到攻击
2025-10-20 06:39:50 [TRACE] 【状态】战斗模式：正在受到攻击
2025-10-20 06:39:53 [TRACE] 【状态】战斗模式：C:\Users\gelon\Desktop\ZA-Lite\assets/images/hollow\battle_5.png 置信度：0.9792072176933289
2025-10-20 06:40:01 [TRACE] 【空洞监听】无匹配已持续：0秒
2025-10-20 06:40:08 [TRACE] 【空洞监听】无匹配已持续：6秒
2025-10-20 06:40:13 [TRACE] 【空洞监听】无匹配已持续：11秒
2025-10-20 06:40:16 [TRACE] 【状态】战斗模式：C:\Users\gelon\Desktop\ZA-Lite\assets/images/hollow\battle_5.png 置信度：0.9734918475151062
2025-10-20 06:40:23 [TRACE] 【状态】战斗模式：C:\Users\gelon\Desktop\ZA-Lite\assets/images/hollow\battle_5.png 置信度：0.9834437370300293
2025-10-20 06:40:31 [TRACE] 【空洞监听】无匹配已持续：0秒
2025-10-20 06:40:37 [TRACE] 【空洞监听】无匹配已持续：6秒
2025-10-20 06:40:43 [TRACE] 【空洞监听】无匹配已持续：12秒
2025-10-20 06:40:49 [TRACE] 【空洞监听】无匹配已持续：18秒
2025-10-20 06:40:55 [TRACE] 【空洞监听】无匹配已持续：24秒
2025-10-20 06:40:59 [TRACE] 【状态】战斗模式：C:\Users\gelon\Desktop\ZA-Lite\assets/images/hollow\battle_5.png 置信度：0.9780343174934387
2025-10-20 06:41:05 [TRACE] 【状态】战斗模式：C:\Users\gelon\Desktop\ZA-Lite\assets/images/hollow\battle_5.png 置信度：0.9559190273284912
2025-10-20 06:41:08 [TRACE] 【状态】战斗模式：正在受到攻击
2025-10-20 06:41:14 [TRACE] 【空洞监听】无匹配已持续：0秒
2025-10-20 06:41:20 [TRACE] 【状态】战斗模式：正在受到攻击
2025-10-20 06:41:26 [TRACE] 【状态】战斗模式：正在受到攻击
2025-10-20 06:41:32 [TRACE] 【空洞监听】无匹配已持续：0秒
2025-10-20 06:41:35 [TRACE] 【状态】战斗模式：C:\Users\gelon\Desktop\ZA-Lite\assets/images/hollow\battle_5.png 置信度：0.9708220958709717
2025-10-20 06:41:38 [TRACE] 【状态】战斗模式：正在受到攻击
2025-10-20 06:41:44 [TRACE] 【状态】战斗模式：正在受到攻击
2025-10-20 06:41:50 [TRACE] 【状态】战斗模式：正在受到攻击
2025-10-20 06:41:56 [TRACE] 【空洞监听】无匹配已持续：0秒
2025-10-20 06:41:59 [TRACE] 【状态】战斗模式：C:\Users\gelon\Desktop\ZA-Lite\assets/images/hollow\battle_5.png 置信度：0.9675869345664978
2025-10-20 06:42:07 [TRACE] 【空洞监听】无匹配已持续：0秒
2025-10-20 06:42:13 [TRACE] 【状态】战斗模式：正在受到攻击
2025-10-20 06:42:18 [TRACE] 【状态】战斗模式：正在受到攻击
2025-10-20 06:42:22 [TRACE] 【状态】战斗模式：C:\Users\gelon\Desktop\ZA-Lite\assets/images/hollow\battle_5.png 置信度：0.9746572971343994
2025-10-20 06:42:28 [TRACE] 【状态】战斗模式：C:\Users\gelon\Desktop\ZA-Lite\assets/images/hollow\battle_5.png 置信度：0.9781250357627869
2025-10-20 06:42:30 [TRACE] 【状态】战斗模式：正在受到攻击
2025-10-20 06:42:34 [TRACE] 【状态】战斗模式：C:\Users\gelon\Desktop\ZA-Lite\assets/images/hollow\battle_5.png 置信度：0.9857894778251648
2025-10-20 06:42:36 [TRACE] 【状态】战斗模式：正在受到攻击
2025-10-20 06:42:42 [TRACE] 【空洞监听】无匹配已持续：0秒
2025-10-20 06:42:48 [TRACE] 【空洞监听】无匹配已持续：5秒
2025-10-20 06:42:54 [TRACE] 【空洞监听】无匹配已持续：12秒
2025-10-20 06:42:57 [TRACE] 【状态】战斗模式：C:\Users\gelon\Desktop\ZA-Lite\assets/images/hollow\battle_5.png 置信度：0.9763873815536499
2025-10-20 06:43:00 [TRACE] 【状态】战斗模式：正在受到攻击
2025-10-20 06:43:06 [TRACE] 【状态】战斗模式：正在受到攻击
2025-10-20 06:43:11 [TRACE] 【空洞监听】无匹配已持续：0秒
2025-10-20 06:43:15 [TRACE] 【状态】战斗模式：C:\Users\gelon\Desktop\ZA-Lite\assets/images/hollow\battle_5.png 置信度：0.9774003624916077
2025-10-20 06:43:17 [TRACE] 【状态】战斗模式：正在受到攻击
2025-10-20 06:43:23 [TRACE] 【空洞监听】无匹配已持续：0秒
2025-10-20 06:43:29 [TRACE] 【状态】战斗模式：正在受到攻击
2025-10-20 06:43:34 [TRACE] 【状态】战斗模式：正在受到攻击
2025-10-20 06:43:40 [TRACE] 【空洞监听】无匹配已持续：0秒
2025-10-20 06:43:46 [TRACE] 【状态】完成：C:\Users\gelon\Desktop\ZA-Lite\assets/images/hollow\mission_completed.png 置信度：0.9999996423721313
2025-10-20 06:43:46 [SUCCESS] 成功通关空洞
2025-10-20 06:43:46 [INFO] 本轮耗时:41分钟
2025-10-20 06:43:46 [INFO] 当前已完成空洞 1 次 
2025-10-20 06:43:46 [INFO] 正在领取空洞每周奖励
2025-10-20 06:43:46 [DEBUG] 正在返回菜单
2025-10-20 06:43:46 [TRACE] 正在返回菜单,请保持游戏画面处于前台
2025-10-20 06:43:49 [TRACE] 正在返回菜单,请保持游戏画面处于前台
2025-10-20 06:43:51 [TRACE] 正在返回菜单,请保持游戏画面处于前台
2025-10-20 06:43:53 [TRACE] 正在返回菜单,请保持游戏画面处于前台
2025-10-20 06:43:55 [TRACE] 正在返回菜单,请保持游戏画面处于前台
2025-10-20 06:43:57 [TRACE] 正在返回菜单,请保持游戏画面处于前台
2025-10-20 06:44:00 [TRACE] 正在返回菜单,请保持游戏画面处于前台
2025-10-20 06:44:02 [TRACE] 正在返回菜单,请保持游戏画面处于前台
2025-10-20 06:44:04 [TRACE] 现在处于大厅
2025-10-20 06:44:05 [TRACE] 【1】等待目标中 C:\Users\gelon\Desktop\ZA-Lite\assets/images/hollow\combat.png
2025-10-20 06:44:06 [TRACE] 【目标出现】C:\Users\gelon\Desktop\ZA-Lite\assets/images/hollow\combat.png 置信度：0.976292610168457
2025-10-20 06:44:08 [TRACE] 【目标出现】C:\Users\gelon\Desktop\ZA-Lite\assets/images/hollow\zero_hollow.png 置信度：0.9999953508377075
2025-10-20 06:44:09 [TRACE] 【目标出现】C:\Users\gelon\Desktop\ZA-Lite\assets/images/hollow\go_hollow.png 置信度：0.9946015477180481
2025-10-20 06:44:10 [TRACE] 【目标出现】C:\Users\gelon\Desktop\ZA-Lite\assets/images/hollow\confirm.png 置信度：0.9839507937431335
2025-10-20 06:44:12 [TRACE] 【1】等待目标中 C:\Users\gelon\Desktop\ZA-Lite\assets/images/hollow\hollow_reward.png
2025-10-20 06:44:13 [TRACE] 【2】等待目标中 C:\Users\gelon\Desktop\ZA-Lite\assets/images/hollow\hollow_reward.png
2025-10-20 06:44:13 [TRACE] 【3】等待目标中 C:\Users\gelon\Desktop\ZA-Lite\assets/images/hollow\hollow_reward.png
2025-10-20 06:44:14 [TRACE] 【目标出现】C:\Users\gelon\Desktop\ZA-Lite\assets/images/hollow\hollow_reward.png 置信度：0.9999998807907104
2025-10-20 06:44:15 [TRACE] 【目标出现】C:\Users\gelon\Desktop\ZA-Lite\assets/images/hollow\hollow_claim.png 置信度：0.9998385906219482
2025-10-20 06:44:17 [SUCCESS] <--------空洞任务结束-------->
2025-10-20 06:44:17 [WARNING] 程序已经结束，按回车键退出(Enter)
