2025-09-15 18:15:37 [TRACE] 【线程启动】全局监听
2025-09-15 18:15:37 [TRACE] 【线程启动】终止监听
2025-09-15 18:15:37 [INFO] 现在执行 1 次零号空洞
2025-09-15 18:15:39 [DEBUG] 初始化完毕..启动{零号空洞}模块
2025-09-15 18:15:42 [DEBUG] 发现已存在的游戏窗口
2025-09-15 18:15:46 [SUCCESS] 程序开始接管操作，请保持游戏画面处于前台，终止按下Alt键
2025-09-15 18:15:46 [TRACE] 【线程启动】空洞搜索
2025-09-15 18:15:46 [TRACE] 【线程启动】空洞监听
2025-09-15 18:15:46 [TRACE] 【线程启动】空洞战斗
2025-09-15 18:15:46 [DEBUG] 正在返回菜单
2025-09-15 18:15:46 [TRACE] 正在返回菜单,请保持游戏画面处于前台
2025-09-15 18:15:48 [TRACE] 正在返回菜单,请保持游戏画面处于前台
2025-09-15 18:15:50 [TRACE] 正在返回菜单,请保持游戏画面处于前台
2025-09-15 18:15:53 [TRACE] 正在返回菜单,请保持游戏画面处于前台
2025-09-15 18:15:55 [TRACE] 正在返回菜单,请保持游戏画面处于前台
2025-09-15 18:15:57 [TRACE] 正在返回菜单,请保持游戏画面处于前台
2025-09-15 18:15:59 [TRACE] 正在返回菜单,请保持游戏画面处于前台
2025-09-15 18:16:01 [TRACE] 正在返回菜单,请保持游戏画面处于前台
2025-09-15 18:16:03 [TRACE] 正在返回菜单,请保持游戏画面处于前台
2025-09-15 18:16:06 [TRACE] 正在返回菜单,请保持游戏画面处于前台
2025-09-15 18:16:08 [TRACE] 正在返回菜单,请保持游戏画面处于前台
2025-09-15 18:16:10 [TRACE] 正在返回菜单,请保持游戏画面处于前台
2025-09-15 18:16:12 [TRACE] 正在返回菜单,请保持游戏画面处于前台
2025-09-15 18:16:14 [TRACE] 正在返回菜单,请保持游戏画面处于前台
2025-09-15 18:16:16 [TRACE] 正在返回菜单,请保持游戏画面处于前台
2025-09-15 18:16:18 [TRACE] 现在处于大厅
2025-09-15 18:16:19 [INFO] 执行零号空洞任务中
2025-09-15 18:16:19 [TRACE] 【1】等待目标中 C:\Users\gelon\Desktop\ZA-Lite\assets/images/hollow\combat.png
2025-09-15 18:16:20 [TRACE] 【目标出现】C:\Users\gelon\Desktop\ZA-Lite\assets/images/hollow\combat.png 置信度：0.9763113856315613
2025-09-15 18:16:21 [TRACE] 【目标出现】C:\Users\gelon\Desktop\ZA-Lite\assets/images/hollow\zero_hollow.png 置信度：0.9999948143959045
2025-09-15 18:16:23 [TRACE] 【目标出现】C:\Users\gelon\Desktop\ZA-Lite\assets/images/hollow\go_hollow.png 置信度：0.9943931698799133
2025-09-15 18:16:24 [TRACE] 【目标出现】C:\Users\gelon\Desktop\ZA-Lite\assets/images/hollow\confirm.png 置信度：0.983942985534668
2025-09-15 18:16:26 [TRACE] 【1】等待目标中 C:\Users\gelon\Desktop\ZA-Lite\assets/images/hollow\hollow_taskforce.png
2025-09-15 18:16:26 [TRACE] 【2】等待目标中 C:\Users\gelon\Desktop\ZA-Lite\assets/images/hollow\hollow_taskforce.png
2025-09-15 18:16:27 [TRACE] 【3】等待目标中 C:\Users\gelon\Desktop\ZA-Lite\assets/images/hollow\hollow_taskforce.png
2025-09-15 18:16:28 [TRACE] 【目标出现】C:\Users\gelon\Desktop\ZA-Lite\assets/images/hollow\hollow_taskforce.png 置信度：0.9999961256980896
2025-09-15 18:16:29 [TRACE] 【目标出现】C:\Users\gelon\Desktop\ZA-Lite\assets/images/hollow\strategy.png 置信度：0.977206289768219
2025-09-15 18:16:30 [TRACE] 【1】等待目标中 C:\Users\gelon\Desktop\ZA-Lite\assets/images/hollow\strategy_confirm.png
2025-09-15 18:16:31 [TRACE] 【目标出现】C:\Users\gelon\Desktop\ZA-Lite\assets/images/hollow\strategy_confirm.png 置信度：1.0
2025-09-15 18:16:32 [TRACE] 【目标出现】C:\Users\gelon\Desktop\ZA-Lite\assets/images/hollow\next_step.png 置信度：0.9835141897201538
2025-09-15 18:16:33 [TRACE] 【目标出现】C:\Users\gelon\Desktop\ZA-Lite\assets/images/hollow\start_battle.png 置信度：0.976256787776947
2025-09-15 18:16:35 [TRACE] 【空洞监听】无匹配已持续：0秒
2025-09-15 18:16:35 [TRACE] 【目标检测】屏幕内没有目标
2025-09-15 18:16:36 [TRACE] 【目标检测】屏幕内没有目标
2025-09-15 18:16:36 [TRACE] 【目标检测】屏幕内没有目标
2025-09-15 18:16:37 [TRACE] 【目标检测】屏幕内没有目标
2025-09-15 18:16:37 [TRACE] 【目标检测】屏幕内没有目标
2025-09-15 18:16:38 [TRACE] 【空洞监听】无匹配已持续：3秒
2025-09-15 18:16:39 [TRACE] 【目标检测】屏幕内没有目标
2025-09-15 18:16:40 [TRACE] 【目标检测】屏幕内没有目标
2025-09-15 18:16:40 [TRACE] 【目标检测】屏幕内没有目标
2025-09-15 18:16:40 [TRACE] 【目标检测】屏幕内没有目标
2025-09-15 18:16:41 [TRACE] 【目标检测】屏幕内没有目标
2025-09-15 18:16:42 [TRACE] 【空洞监听】无匹配已持续：7秒
2025-09-15 18:16:43 [TRACE] 【目标检测】屏幕内没有目标
2025-09-15 18:16:43 [TRACE] 【目标检测】屏幕内没有目标
2025-09-15 18:16:44 [TRACE] 【目标检测】屏幕内没有目标
2025-09-15 18:16:44 [TRACE] 【目标检测】屏幕内没有目标
2025-09-15 18:16:45 [TRACE] 【目标检测】屏幕内没有目标
2025-09-15 18:16:46 [TRACE] 【空洞监听】无匹配已持续：11秒
2025-09-15 18:16:47 [TRACE] 【目标检测】屏幕内没有目标
2025-09-15 18:16:47 [TRACE] 【目标检测】屏幕内没有目标
2025-09-15 18:16:48 [TRACE] 【目标检测】屏幕内没有目标
2025-09-15 18:16:48 [TRACE] 【目标检测】屏幕内没有目标
2025-09-15 18:16:49 [TRACE] 【目标检测】屏幕内没有目标
2025-09-15 18:16:50 [TRACE] 【空洞监听】无匹配已持续：15秒
2025-09-15 18:16:50 [TRACE] 【目标检测】屏幕内没有目标
2025-09-15 18:16:51 [TRACE] 【目标检测】屏幕内没有目标
2025-09-15 18:16:51 [TRACE] 【目标检测】屏幕内没有目标
2025-09-15 18:16:52 [TRACE] 【目标检测】屏幕内没有目标
2025-09-15 18:16:53 [TRACE] 【目标检测】屏幕内没有目标
2025-09-15 18:16:54 [TRACE] 【目标检测】屏幕内没有目标
2025-09-15 18:16:54 [TRACE] 【空洞监听】无匹配已持续：19秒
2025-09-15 18:16:55 [TRACE] 【目标检测】屏幕内没有目标
2025-09-15 18:16:55 [TRACE] 【目标检测】屏幕内没有目标
2025-09-15 18:16:56 [TRACE] 【目标检测】屏幕内没有目标
2025-09-15 18:16:57 [TRACE] 【目标检测】屏幕内没有目标
2025-09-15 18:16:58 [TRACE] 【目标检测】屏幕内没有目标
2025-09-15 18:16:59 [TRACE] 【空洞监听】无匹配已持续：24秒
2025-09-15 18:16:59 [TRACE] 【目标检测】屏幕内没有目标
2025-09-15 18:17:00 [TRACE] 【目标检测】屏幕内没有目标
2025-09-15 18:17:02 [TRACE] 【目标检测】TRAPPED！ 类型：interact 置信度：0.785094678401947
2025-09-15 18:17:04 [TRACE] 【空洞监听】无匹配已持续：29秒
2025-09-15 18:17:07 [TRACE] 【目标检测】屏幕内没有目标
2025-09-15 18:17:11 [TRACE] 【目标检测】TRAPPED！ 类型：interact 置信度：0.9095682501792908
2025-09-15 18:17:13 [TRACE] 【空洞监听】无匹配已持续：0秒
2025-09-15 18:17:17 [TRACE] 【空洞监听】无匹配已持续：4秒
2025-09-15 18:17:17 [TRACE] 【目标检测】微调超时，无法对齐！
2025-09-15 18:17:20 [TRACE] 【目标检测】TRAPPED！ 类型：interact 置信度：0.9164542555809021
2025-09-15 18:17:21 [TRACE] 【空洞监听】无匹配已持续：7秒
2025-09-15 18:17:25 [TRACE] 【状态】搜索模式：C:\Users\gelon\Desktop\ZA-Lite\assets/images/hollow\card.png 置信度：0.9999992847442627
2025-09-15 18:17:26 [TRACE] 【目标检测】目标存在，但置信度不足
2025-09-15 18:17:26 [TRACE] 【目标检测】目标存在，但置信度不足
2025-09-15 18:17:27 [TRACE] 【目标检测】目标存在，但置信度不足
2025-09-15 18:17:27 [TRACE] 【目标检测】目标存在，但置信度不足
2025-09-15 18:17:28 [TRACE] 【目标检测】目标存在，但置信度不足
2025-09-15 18:17:28 [TRACE] 【目标检测】目标存在，但置信度不足
2025-09-15 18:17:30 [TRACE] 【目标检测】屏幕内没有目标
2025-09-15 18:17:33 [TRACE] 【目标检测】TRAPPED！ 类型：interact 置信度：0.8848654627799988
2025-09-15 18:17:33 [TRACE] 【空洞监听】无匹配已持续：0秒
2025-09-15 18:17:37 [TRACE] 【空洞监听】无匹配已持续：3秒
2025-09-15 18:17:38 [TRACE] 【目标检测】TRAPPED！ 类型：interact 置信度：0.9194574952125549
2025-09-15 18:17:44 [TRACE] 【目标检测】屏幕内没有目标
2025-09-15 18:17:45 [TRACE] 【目标检测】屏幕内没有目标
2025-09-15 18:17:46 [TRACE] 【目标检测】屏幕内没有目标
2025-09-15 18:17:47 [TRACE] 【目标检测】屏幕内没有目标
2025-09-15 18:17:48 [TRACE] 【目标检测】屏幕内没有目标
2025-09-15 18:17:49 [TRACE] 【状态】搜索模式：C:\Users\gelon\Desktop\ZA-Lite\assets/images/hollow\meter.png 置信度：0.91486656665802
2025-09-15 18:17:51 [TRACE] 【目标检测】目标存在，但置信度不足
2025-09-15 18:17:52 [TRACE] 【目标检测】微调超时，无法对齐！
2025-09-15 18:17:54 [TRACE] 【目标检测】目标存在，但置信度不足
2025-09-15 18:17:55 [TRACE] 【空洞监听】无匹配已持续：0秒
2025-09-15 18:17:57 [TRACE] 【目标检测】微调超时，无法对齐！
2025-09-15 18:17:57 [TRACE] 【状态】搜索模式：C:\Users\gelon\Desktop\ZA-Lite\assets/images/hollow\meter.png 置信度：0.9986841678619385
2025-09-15 18:18:01 [TRACE] 【目标检测】TRAPPED！ 类型：blue_portal 置信度：0.7277971506118774
2025-09-15 18:18:03 [TRACE] 【空洞监听】无匹配已持续：0秒
2025-09-15 18:18:07 [TRACE] 【空洞监听】无匹配已持续：3秒
2025-09-15 18:18:08 [TRACE] 【目标检测】TRAPPED！ 类型：blue_portal 置信度：0.9768746495246887
2025-09-15 18:18:11 [TRACE] 【空洞监听】无匹配已持续：7秒
2025-09-15 18:18:15 [TRACE] 【空洞监听】无匹配已持续：11秒
2025-09-15 18:18:15 [TRACE] 【目标检测】TRAPPED！ 类型：interact 置信度：0.9051010608673096
2025-09-15 18:18:19 [TRACE] 【空洞监听】无匹配已持续：15秒
2025-09-15 18:18:19 [TRACE] 【目标检测】TRAPPED！ 类型：interact 置信度：0.9140759110450745
2025-09-15 18:18:22 [TRACE] 【空洞监听】无匹配已持续：18秒
2025-09-15 18:18:25 [TRACE] 【目标检测】屏幕内没有目标
2025-09-15 18:18:26 [TRACE] 【目标检测】目标存在，但置信度不足
2025-09-15 18:18:26 [TRACE] 【目标检测】目标存在，但置信度不足
2025-09-15 18:18:27 [TRACE] 【目标检测】目标存在，但置信度不足
2025-09-15 18:18:27 [TRACE] 【目标检测】目标存在，但置信度不足
2025-09-15 18:18:28 [TRACE] 【目标检测】屏幕内没有目标
2025-09-15 18:18:28 [TRACE] 【目标检测】目标存在，但置信度不足
2025-09-15 18:18:29 [TRACE] 【目标检测】目标存在，但置信度不足
2025-09-15 18:18:29 [TRACE] 【目标检测】目标存在，但置信度不足
2025-09-15 18:18:30 [TRACE] 【目标检测】目标存在，但置信度不足
2025-09-15 18:18:30 [TRACE] 【目标检测】目标存在，但置信度不足
2025-09-15 18:18:31 [TRACE] 【目标检测】目标存在，但置信度不足
2025-09-15 18:18:31 [TRACE] 【状态】搜索模式：C:\Users\gelon\Desktop\ZA-Lite\assets/images/hollow\resonium.png 置信度：1.0
2025-09-15 18:18:31 [TRACE] 【目标检测】目标存在，但置信度不足
2025-09-15 18:18:32 [TRACE] 【目标检测】目标存在，但置信度不足
2025-09-15 18:18:32 [TRACE] 【目标检测】目标存在，但置信度不足
2025-09-15 18:18:33 [TRACE] 【目标检测】目标存在，但置信度不足
2025-09-15 18:18:33 [TRACE] 【目标检测】目标存在，但置信度不足
2025-09-15 18:18:34 [TRACE] 【目标检测】目标存在，但置信度不足
2025-09-15 18:18:34 [TRACE] 【目标检测】目标存在，但置信度不足
2025-09-15 18:18:35 [TRACE] 【目标检测】目标存在，但置信度不足
2025-09-15 18:18:35 [TRACE] 【目标检测】目标存在，但置信度不足
2025-09-15 18:18:35 [TRACE] 【目标检测】屏幕内没有目标
2025-09-15 18:18:38 [TRACE] 【状态】搜索模式：C:\Users\gelon\Desktop\ZA-Lite\assets/images/hollow\meter.png 置信度：0.911376953125
2025-09-15 18:18:38 [TRACE] 【目标检测】TRAPPED！ 类型：blue_portal 置信度：0.9004518985748291
2025-09-15 18:18:41 [TRACE] 【目标检测】TRAPPED！ 类型：blue_portal 置信度：0.8162353038787842
2025-09-15 18:18:43 [TRACE] 【空洞监听】无匹配已持续：0秒
2025-09-15 18:18:47 [TRACE] 【目标检测】屏幕内没有目标
2025-09-15 18:18:47 [TRACE] 【空洞监听】无匹配已持续：3秒
2025-09-15 18:18:48 [TRACE] 【目标检测】屏幕内没有目标
2025-09-15 18:18:48 [TRACE] 【目标检测】屏幕内没有目标
2025-09-15 18:18:48 [TRACE] 【目标检测】屏幕内没有目标
2025-09-15 18:18:49 [TRACE] 【目标检测】屏幕内没有目标
2025-09-15 18:18:51 [TRACE] 【目标检测】屏幕内没有目标
2025-09-15 18:18:52 [TRACE] 【目标检测】TRAPPED！ 类型：blue_portal 置信度：0.6427682638168335
2025-09-15 18:18:53 [TRACE] 【线程启动】攻击检测
2025-09-15 18:18:53 [TRACE] 【状态】战斗模式：C:\Users\gelon\Desktop\ZA-Lite\assets/images/hollow\battle_3.png 置信度：0.9999997019767761
2025-09-15 18:19:00 [TRACE] 【空洞监听】无匹配已持续：0秒
2025-09-15 18:19:04 [TRACE] 【空洞监听】无匹配已持续：4秒
2025-09-15 18:19:09 [TRACE] 【空洞监听】无匹配已持续：8秒
2025-09-15 18:19:13 [TRACE] 【空洞监听】无匹配已持续：12秒
2025-09-15 18:19:17 [TRACE] 【空洞监听】无匹配已持续：17秒
2025-09-15 18:19:21 [TRACE] 【空洞监听】无匹配已持续：21秒
2025-09-15 18:19:26 [TRACE] 【空洞监听】无匹配已持续：25秒
2025-09-15 18:19:30 [TRACE] 【空洞监听】无匹配已持续：29秒
2025-09-15 18:19:34 [TRACE] 【空洞监听】无匹配已持续：33秒
2025-09-15 18:19:38 [TRACE] 【空洞监听】无匹配已持续：37秒
2025-09-15 18:19:42 [TRACE] 【空洞监听】无匹配已持续：42秒
2025-09-15 18:19:47 [TRACE] 【空洞监听】无匹配已持续：46秒
2025-09-15 18:19:51 [TRACE] 【空洞监听】无匹配已持续：50秒
2025-09-15 18:19:55 [TRACE] 【空洞监听】无匹配已持续：54秒
2025-09-15 18:19:59 [TRACE] 【空洞监听】无匹配已持续：59秒
2025-09-15 18:20:04 [TRACE] 【空洞监听】无匹配已持续：63秒
2025-09-15 18:20:04 [TRACE] 【空洞监听】即将超时，重启搜索线程
2025-09-15 18:20:04 [TRACE] 【目标检测】屏幕内没有目标
2025-09-15 18:20:05 [TRACE] 【目标检测】屏幕内没有目标
2025-09-15 18:20:07 [TRACE] 【目标检测】TRAPPED！ 类型：blue_portal 置信度：0.9206900000572205
2025-09-15 18:20:08 [TRACE] 【空洞监听】无匹配已持续：68秒
2025-09-15 18:20:08 [TRACE] 【空洞监听】即将超时，重启搜索线程
2025-09-15 18:20:12 [TRACE] 【空洞监听】无匹配已持续：71秒
2025-09-15 18:20:12 [TRACE] 【空洞监听】即将超时，重启搜索线程
2025-09-15 18:20:13 [TRACE] 【目标检测】屏幕内没有目标
2025-09-15 18:20:13 [TRACE] 【目标检测】屏幕内没有目标
2025-09-15 18:20:16 [TRACE] 【目标检测】TRAPPED！ 类型：interact 置信度：0.8903695940971375
2025-09-15 18:20:17 [TRACE] 【空洞监听】无匹配已持续：76秒
2025-09-15 18:20:17 [TRACE] 【空洞监听】即将超时，重启搜索线程
2025-09-15 18:20:21 [TRACE] 【空洞监听】无匹配已持续：80秒
2025-09-15 18:20:21 [TRACE] 【空洞监听】即将超时，重启搜索线程
2025-09-15 18:20:21 [TRACE] 【目标检测】TRAPPED！ 类型：interact 置信度：0.9011262059211731
2025-09-15 18:20:27 [TRACE] 【目标检测】屏幕内没有目标
2025-09-15 18:20:27 [TRACE] 【目标检测】屏幕内没有目标
2025-09-15 18:20:28 [TRACE] 【目标检测】屏幕内没有目标
2025-09-15 18:20:28 [TRACE] 【目标检测】屏幕内没有目标
2025-09-15 18:20:29 [TRACE] 【目标检测】屏幕内没有目标
2025-09-15 18:20:31 [TRACE] 【目标检测】屏幕内没有目标
2025-09-15 18:20:31 [TRACE] 【目标检测】屏幕内没有目标
2025-09-15 18:20:31 [TRACE] 【目标检测】目标存在，但置信度不足
2025-09-15 18:20:32 [TRACE] 【目标检测】目标存在，但置信度不足
2025-09-15 18:20:32 [TRACE] 【目标检测】目标存在，但置信度不足
2025-09-15 18:20:33 [TRACE] 【目标检测】目标存在，但置信度不足
2025-09-15 18:20:33 [TRACE] 【目标检测】目标存在，但置信度不足
2025-09-15 18:20:34 [TRACE] 【目标检测】目标存在，但置信度不足
2025-09-15 18:20:34 [TRACE] 【目标检测】目标存在，但置信度不足
2025-09-15 18:20:34 [TRACE] 【状态】搜索模式：C:\Users\gelon\Desktop\ZA-Lite\assets/images/hollow\card.png 置信度：1.0
2025-09-15 18:20:35 [TRACE] 【目标检测】目标存在，但置信度不足
2025-09-15 18:20:35 [TRACE] 【目标检测】目标存在，但置信度不足
2025-09-15 18:20:36 [TRACE] 【目标检测】目标存在，但置信度不足
2025-09-15 18:20:36 [TRACE] 【目标检测】目标存在，但置信度不足
2025-09-15 18:20:37 [TRACE] 【目标检测】目标存在，但置信度不足
2025-09-15 18:20:38 [TRACE] 【目标检测】目标存在，但置信度不足
2025-09-15 18:20:38 [TRACE] 【目标检测】目标存在，但置信度不足
2025-09-15 18:20:39 [TRACE] 【目标检测】TRAPPED！ 类型：guide_point 置信度：0.9328710436820984
2025-09-15 18:20:41 [TRACE] 【状态】搜索模式：C:\Users\gelon\Desktop\ZA-Lite\assets/images/hollow\meter.png 置信度：0.9166082143783569
2025-09-15 18:20:43 [TRACE] 【目标检测】TRAPPED！ 类型：blue_portal 置信度：0.9085031747817993
2025-09-15 18:20:46 [TRACE] 【空洞监听】无匹配已持续：0秒
2025-09-15 18:20:49 [TRACE] 【目标检测】屏幕内没有目标
2025-09-15 18:20:49 [TRACE] 【目标检测】屏幕内没有目标
2025-09-15 18:20:50 [TRACE] 【目标检测】屏幕内没有目标
2025-09-15 18:20:50 [TRACE] 【空洞监听】无匹配已持续：3秒
2025-09-15 18:20:51 [TRACE] 【目标检测】屏幕内没有目标
2025-09-15 18:20:51 [TRACE] 【目标检测】屏幕内没有目标
2025-09-15 18:20:52 [TRACE] 【状态】战斗模式：C:\Users\gelon\Desktop\ZA-Lite\assets/images/hollow\battle_3.png 置信度：1.0
2025-09-15 18:20:59 [TRACE] 【空洞监听】无匹配已持续：0秒
2025-09-15 18:21:04 [TRACE] 【空洞监听】无匹配已持续：4秒
2025-09-15 18:21:08 [TRACE] 【空洞监听】无匹配已持续：8秒
2025-09-15 18:21:11 [TRACE] 【状态】搜索模式：C:\Users\gelon\Desktop\ZA-Lite\assets/images/hollow\meter.png 置信度：0.9157450199127197
2025-09-15 18:21:12 [TRACE] 【目标检测】TRAPPED！ 类型：blue_portal 置信度：0.8605321645736694
2025-09-15 18:21:17 [TRACE] 【空洞监听】无匹配已持续：0秒
2025-09-15 18:21:18 [TRACE] 【目标检测】屏幕内没有目标
2025-09-15 18:21:19 [TRACE] 【目标检测】屏幕内没有目标
2025-09-15 18:21:19 [TRACE] 【目标检测】屏幕内没有目标
2025-09-15 18:21:20 [TRACE] 【目标检测】屏幕内没有目标
2025-09-15 18:21:20 [TRACE] 【目标检测】屏幕内没有目标
2025-09-15 18:21:21 [TRACE] 【空洞监听】无匹配已持续：3秒
2025-09-15 18:21:22 [TRACE] 【目标检测】屏幕内没有目标
2025-09-15 18:21:23 [TRACE] 【目标检测】屏幕内没有目标
2025-09-15 18:21:23 [TRACE] 【目标检测】屏幕内没有目标
2025-09-15 18:21:24 [TRACE] 【目标检测】屏幕内没有目标
2025-09-15 18:21:25 [TRACE] 【目标检测】屏幕内没有目标
2025-09-15 18:21:25 [TRACE] 【空洞监听】无匹配已持续：8秒
2025-09-15 18:21:26 [TRACE] 【状态】战斗模式：C:\Users\gelon\Desktop\ZA-Lite\assets/images/hollow\battle_2.png 置信度：0.9999999403953552
2025-09-15 18:21:26 [TRACE] 【目标检测】屏幕内没有目标
2025-09-15 18:21:27 [TRACE] 【状态】战斗模式：C:\Users\gelon\Desktop\ZA-Lite\assets/images/hollow\battle_3.png 置信度：0.9999998807907104
2025-09-15 18:21:34 [TRACE] 【空洞监听】无匹配已持续：0秒
2025-09-15 18:21:38 [TRACE] 【空洞监听】无匹配已持续：4秒
2025-09-15 18:21:42 [TRACE] 【空洞监听】无匹配已持续：8秒
2025-09-15 18:21:47 [TRACE] 【空洞监听】无匹配已持续：12秒
2025-09-15 18:21:51 [TRACE] 【空洞监听】无匹配已持续：16秒
2025-09-15 18:21:55 [TRACE] 【空洞监听】无匹配已持续：21秒
2025-09-15 18:21:59 [TRACE] 【空洞监听】无匹配已持续：25秒
2025-09-15 18:22:09 [TRACE] 【状态】搜索模式：C:\Users\gelon\Desktop\ZA-Lite\assets/images/hollow\next_area.png 置信度：0.9999997019767761
2025-09-15 18:22:11 [TRACE] 【目标检测】目标存在，但置信度不足
2025-09-15 18:22:11 [TRACE] 【状态】搜索模式：C:\Users\gelon\Desktop\ZA-Lite\assets/images/hollow\meter.png 置信度：0.9764010906219482
2025-09-15 18:22:13 [TRACE] 【目标检测】微调超时，无法对齐！
2025-09-15 18:22:15 [TRACE] 【目标检测】屏幕内没有目标
2025-09-15 18:22:15 [TRACE] 【状态】搜索模式：C:\Users\gelon\Desktop\ZA-Lite\assets/images/hollow\meter.png 置信度：0.9117955565452576
2025-09-15 18:22:16 [TRACE] 【目标检测】屏幕内没有目标
2025-09-15 18:22:17 [TRACE] 【目标检测】屏幕内没有目标
2025-09-15 18:22:18 [TRACE] 【目标检测】目标存在，但置信度不足
2025-09-15 18:22:18 [TRACE] 【目标检测】目标存在，但置信度不足
2025-09-15 18:22:19 [TRACE] 【目标检测】目标存在，但置信度不足
2025-09-15 18:22:20 [TRACE] 【目标检测】屏幕内没有目标
2025-09-15 18:22:20 [TRACE] 【空洞监听】无匹配已持续：0秒
2025-09-15 18:22:23 [TRACE] 【目标检测】微调超时，无法对齐！
2025-09-15 18:22:23 [TRACE] 【状态】搜索模式：C:\Users\gelon\Desktop\ZA-Lite\assets/images/hollow\meter.png 置信度：0.9123716354370117
2025-09-15 18:22:24 [TRACE] 【目标检测】目标存在，但置信度不足
2025-09-15 18:22:25 [TRACE] 【目标检测】目标存在，但置信度不足
2025-09-15 18:22:26 [TRACE] 【目标检测】目标存在，但置信度不足
2025-09-15 18:22:27 [TRACE] 【状态】搜索模式：C:\Users\gelon\Desktop\ZA-Lite\assets/images/hollow\meter.png 置信度：0.9273375868797302
2025-09-15 18:22:28 [TRACE] 【目标检测】TRAPPED！ 类型：red_portal 置信度：0.8686161041259766
2025-09-15 18:22:28 [TRACE] 【状态】进入BOSS战，攻击检测预启动
2025-09-15 18:22:33 [TRACE] 【空洞监听】无匹配已持续：0秒
2025-09-15 18:22:34 [TRACE] 【目标检测】屏幕内没有目标
2025-09-15 18:22:35 [TRACE] 【目标检测】屏幕内没有目标
2025-09-15 18:22:35 [TRACE] 【目标检测】屏幕内没有目标
2025-09-15 18:22:36 [TRACE] 【目标检测】屏幕内没有目标
2025-09-15 18:22:37 [TRACE] 【目标检测】屏幕内没有目标
2025-09-15 18:22:37 [TRACE] 【空洞监听】无匹配已持续：4秒
2025-09-15 18:22:39 [TRACE] 【目标检测】屏幕内没有目标
2025-09-15 18:22:39 [TRACE] 【目标检测】屏幕内没有目标
2025-09-15 18:22:40 [TRACE] 【状态】战斗模式：C:\Users\gelon\Desktop\ZA-Lite\assets/images/hollow\battle_5.png 置信度：0.9610034227371216
2025-09-15 18:22:40 [TRACE] 【目标检测】屏幕内没有目标
2025-09-15 18:22:47 [TRACE] 【状态】战斗模式：正在受到攻击
2025-09-15 18:22:51 [TRACE] 【空洞监听】无匹配已持续：0秒
2025-09-15 18:22:55 [TRACE] 【状态】战斗模式：正在受到攻击
2025-09-15 18:22:58 [TRACE] 【空洞监听】无匹配已持续：0秒
2025-09-15 18:23:01 [TRACE] 【状态】战斗模式：C:\Users\gelon\Desktop\ZA-Lite\assets/images/hollow\battle_5.png 置信度：0.9611406922340393
2025-09-15 18:23:07 [TRACE] 【状态】战斗模式：正在受到攻击
2025-09-15 18:23:11 [TRACE] 【状态】战斗模式：正在受到攻击
2025-09-15 18:23:15 [TRACE] 【空洞监听】无匹配已持续：0秒
2025-09-15 18:23:19 [TRACE] 【空洞监听】无匹配已持续：4秒
2025-09-15 18:23:23 [TRACE] 【状态】战斗模式：正在受到攻击
2025-09-15 18:23:27 [TRACE] 【空洞监听】无匹配已持续：0秒
2025-09-15 18:23:31 [TRACE] 【空洞监听】无匹配已持续：4秒
2025-09-15 18:23:36 [TRACE] 【状态】战斗模式：正在受到攻击
2025-09-15 18:23:39 [TRACE] 【空洞监听】无匹配已持续：0秒
2025-09-15 18:23:44 [TRACE] 【空洞监听】无匹配已持续：4秒
2025-09-15 18:23:46 [TRACE] 【状态】战斗模式：C:\Users\gelon\Desktop\ZA-Lite\assets/images/hollow\battle_5.png 置信度：0.9859935641288757
2025-09-15 18:23:52 [TRACE] 【状态】战斗模式：正在受到攻击
2025-09-15 18:23:56 [TRACE] 【空洞监听】无匹配已持续：0秒
2025-09-15 18:24:00 [TRACE] 【空洞监听】无匹配已持续：4秒
2025-09-15 18:24:04 [TRACE] 【空洞监听】无匹配已持续：8秒
2025-09-15 18:24:07 [TRACE] 【状态】战斗模式：C:\Users\gelon\Desktop\ZA-Lite\assets/images/hollow\battle_5.png 置信度：0.98061603307724
2025-09-15 18:24:12 [TRACE] 【空洞监听】无匹配已持续：0秒
2025-09-15 18:24:18 [TRACE] 【状态】搜索模式：C:\Users\gelon\Desktop\ZA-Lite\assets/images/hollow\gear.png 置信度：1.0
2025-09-15 18:24:18 [TRACE] 【目标检测】目标存在，但置信度不足
2025-09-15 18:24:19 [TRACE] 【目标检测】目标存在，但置信度不足
2025-09-15 18:24:19 [TRACE] 【目标检测】屏幕内没有目标
2025-09-15 18:24:20 [TRACE] 【目标检测】屏幕内没有目标
2025-09-15 18:24:22 [TRACE] 【目标检测】目标存在，但置信度不足
2025-09-15 18:24:22 [TRACE] 【状态】搜索模式：C:\Users\gelon\Desktop\ZA-Lite\assets/images/hollow\resonium.png 置信度：0.9999998807907104
2025-09-15 18:24:22 [TRACE] 【目标检测】目标存在，但置信度不足
2025-09-15 18:24:23 [TRACE] 【目标检测】目标存在，但置信度不足
2025-09-15 18:24:23 [TRACE] 【目标检测】目标存在，但置信度不足
2025-09-15 18:24:24 [TRACE] 【目标检测】目标存在，但置信度不足
2025-09-15 18:24:24 [TRACE] 【目标检测】目标存在，但置信度不足
2025-09-15 18:24:25 [TRACE] 【目标检测】目标存在，但置信度不足
2025-09-15 18:24:25 [TRACE] 【目标检测】目标存在，但置信度不足
2025-09-15 18:24:27 [TRACE] 【目标检测】TRAPPED！ 类型：blue_portal 置信度：0.7627204060554504
2025-09-15 18:24:31 [TRACE] 【空洞监听】无匹配已持续：0秒
2025-09-15 18:24:31 [TRACE] 【状态】搜索模式：C:\Users\gelon\Desktop\ZA-Lite\assets/images/hollow\battle_end_boss.png 置信度：0.9999361634254456
2025-09-15 18:24:33 [TRACE] 【目标检测】屏幕内没有目标
2025-09-15 18:24:33 [TRACE] 【目标检测】屏幕内没有目标
2025-09-15 18:24:34 [TRACE] 【目标检测】屏幕内没有目标
2025-09-15 18:24:35 [TRACE] 【目标检测】屏幕内没有目标
2025-09-15 18:24:35 [TRACE] 【目标检测】屏幕内没有目标
2025-09-15 18:24:37 [TRACE] 【目标检测】屏幕内没有目标
2025-09-15 18:24:37 [TRACE] 【目标检测】屏幕内没有目标
2025-09-15 18:24:38 [TRACE] 【目标检测】屏幕内没有目标
2025-09-15 18:24:38 [TRACE] 【空洞监听】无匹配已持续：0秒
2025-09-15 18:24:38 [TRACE] 【目标检测】屏幕内没有目标
2025-09-15 18:24:39 [TRACE] 【目标检测】屏幕内没有目标
2025-09-15 18:24:42 [TRACE] 【目标检测】TRAPPED！ 类型：interact 置信度：0.941748857498169
2025-09-15 18:24:42 [TRACE] 【空洞监听】无匹配已持续：3秒
2025-09-15 18:24:46 [TRACE] 【空洞监听】无匹配已持续：8秒
2025-09-15 18:24:48 [TRACE] 【目标检测】屏幕内没有目标
2025-09-15 18:24:48 [TRACE] 【目标检测】屏幕内没有目标
2025-09-15 18:24:49 [TRACE] 【目标检测】屏幕内没有目标
2025-09-15 18:24:50 [TRACE] 【目标检测】屏幕内没有目标
2025-09-15 18:24:50 [TRACE] 【目标检测】屏幕内没有目标
2025-09-15 18:24:52 [TRACE] 【目标检测】屏幕内没有目标
2025-09-15 18:24:52 [TRACE] 【目标检测】TRAPPED！ 类型：interact 置信度：0.8854320645332336
2025-09-15 18:24:56 [TRACE] 【目标检测】TRAPPED！ 类型：interact 置信度：0.8675457835197449
2025-09-15 18:24:58 [TRACE] 【空洞监听】无匹配已持续：0秒
2025-09-15 18:25:02 [TRACE] 【目标检测】屏幕内没有目标
2025-09-15 18:25:03 [TRACE] 【目标检测】屏幕内没有目标
2025-09-15 18:25:03 [TRACE] 【目标检测】屏幕内没有目标
2025-09-15 18:25:03 [TRACE] 【目标检测】屏幕内没有目标
2025-09-15 18:25:04 [TRACE] 【目标检测】TRAPPED！ 类型：interact 置信度：0.882125735282898
2025-09-15 18:25:08 [TRACE] 【目标检测】TRAPPED！ 类型：interact 置信度：0.8495802879333496
2025-09-15 18:25:09 [TRACE] 【空洞监听】无匹配已持续：0秒
2025-09-15 18:25:13 [TRACE] 【空洞监听】无匹配已持续：3秒
2025-09-15 18:25:14 [TRACE] 【目标检测】TRAPPED！ 类型：interact 置信度：0.8855750560760498
2025-09-15 18:25:17 [TRACE] 【空洞监听】无匹配已持续：7秒
2025-09-15 18:25:18 [TRACE] 【目标检测】TRAPPED！ 类型：interact 置信度：0.8563533425331116
2025-09-15 18:25:20 [TRACE] 【空洞监听】无匹配已持续：11秒
2025-09-15 18:25:21 [TRACE] 【状态】搜索模式：C:\Users\gelon\Desktop\ZA-Lite\assets/images/hollow\gear.png 置信度：0.995306134223938
2025-09-15 18:25:24 [TRACE] 【目标检测】目标存在，但置信度不足
2025-09-15 18:25:25 [TRACE] 【目标检测】屏幕内没有目标
2025-09-15 18:25:26 [TRACE] 【状态】搜索模式：C:\Users\gelon\Desktop\ZA-Lite\assets/images/hollow\next_area.png 置信度：0.9999995231628418
2025-09-15 18:25:26 [TRACE] 【目标检测】TRAPPED！ 类型：blue_portal 置信度：0.8792543411254883
2025-09-15 18:25:27 [TRACE] 【状态】搜索模式：C:\Users\gelon\Desktop\ZA-Lite\assets/images/hollow\meter.png 置信度：0.9445359706878662
2025-09-15 18:25:31 [TRACE] 【目标检测】TRAPPED！ 类型：blue_portal 置信度：0.8890531659126282
2025-09-15 18:25:33 [TRACE] 【空洞监听】无匹配已持续：0秒
2025-09-15 18:25:37 [TRACE] 【空洞监听】无匹配已持续：3秒
2025-09-15 18:25:37 [TRACE] 【目标检测】TRAPPED！ 类型：blue_portal 置信度：0.8735000491142273
2025-09-15 18:25:40 [TRACE] 【空洞监听】无匹配已持续：7秒
2025-09-15 18:25:41 [TRACE] 【目标检测】TRAPPED！ 类型：blue_portal 置信度：0.9282747507095337
2025-09-15 18:25:44 [TRACE] 【空洞监听】无匹配已持续：11秒
2025-09-15 18:25:47 [TRACE] 【目标检测】屏幕内没有目标
2025-09-15 18:25:48 [TRACE] 【空洞监听】无匹配已持续：14秒
2025-09-15 18:25:48 [TRACE] 【目标检测】屏幕内没有目标
2025-09-15 18:25:49 [TRACE] 【目标检测】屏幕内没有目标
2025-09-15 18:25:49 [TRACE] 【目标检测】屏幕内没有目标
2025-09-15 18:25:50 [TRACE] 【目标检测】屏幕内没有目标
2025-09-15 18:25:51 [TRACE] 【目标检测】屏幕内没有目标
2025-09-15 18:25:52 [TRACE] 【目标检测】屏幕内没有目标
2025-09-15 18:25:52 [TRACE] 【目标检测】屏幕内没有目标
2025-09-15 18:25:53 [TRACE] 【目标检测】屏幕内没有目标
2025-09-15 18:25:54 [TRACE] 【目标检测】目标存在，但置信度不足
2025-09-15 18:25:54 [TRACE] 【状态】战斗模式：C:\Users\gelon\Desktop\ZA-Lite\assets/images/hollow\battle_1.png 置信度：0.9999995827674866
2025-09-15 18:25:55 [TRACE] 【状态】战斗模式：C:\Users\gelon\Desktop\ZA-Lite\assets/images/hollow\battle_4.png 置信度：1.0
2025-09-15 18:25:59 [TRACE] 【状态】战斗模式：C:\Users\gelon\Desktop\ZA-Lite\assets/images/hollow\battle_4.png 置信度：0.9999998807907104
2025-09-15 18:26:04 [TRACE] 【状态】战斗模式：C:\Users\gelon\Desktop\ZA-Lite\assets/images/hollow\battle_4.png 置信度：0.9999998807907104
2025-09-15 18:26:08 [TRACE] 【状态】战斗模式：C:\Users\gelon\Desktop\ZA-Lite\assets/images/hollow\battle_4.png 置信度：0.9999998807907104
2025-09-15 18:26:15 [TRACE] 【空洞监听】无匹配已持续：0秒
2025-09-15 18:26:17 [TRACE] 【状态】战斗模式：C:\Users\gelon\Desktop\ZA-Lite\assets/images/hollow\battle_1.png 置信度：0.9999995827674866
2025-09-15 18:26:21 [TRACE] 【状态】战斗模式：C:\Users\gelon\Desktop\ZA-Lite\assets/images/hollow\battle_1.png 置信度：0.9999997615814209
2025-09-15 18:26:28 [TRACE] 【空洞监听】无匹配已持续：0秒
2025-09-15 18:26:34 [TRACE] 【状态】搜索模式：C:\Users\gelon\Desktop\ZA-Lite\assets/images/hollow\next_area.png 置信度：0.9999997019767761
2025-09-15 18:26:35 [TRACE] 【目标检测】目标存在，但置信度不足
2025-09-15 18:26:36 [TRACE] 【状态】搜索模式：C:\Users\gelon\Desktop\ZA-Lite\assets/images/hollow\meter.png 置信度：0.9183618426322937
2025-09-15 18:26:36 [TRACE] 【目标检测】目标存在，但置信度不足
2025-09-15 18:26:37 [TRACE] 【目标检测】目标存在，但置信度不足
2025-09-15 18:26:39 [TRACE] 【目标检测】微调超时，无法对齐！
2025-09-15 18:26:40 [TRACE] 【目标检测】TRAPPED！ 类型：guide_point 置信度：0.8917657136917114
2025-09-15 18:26:41 [TRACE] 【空洞监听】无匹配已持续：0秒
2025-09-15 18:26:45 [TRACE] 【空洞监听】无匹配已持续：3秒
2025-09-15 18:26:46 [TRACE] 【目标检测】屏幕内没有目标
2025-09-15 18:26:47 [TRACE] 【目标检测】屏幕内没有目标
2025-09-15 18:26:47 [TRACE] 【目标检测】屏幕内没有目标
2025-09-15 18:26:48 [TRACE] 【目标检测】目标存在，但置信度不足
2025-09-15 18:26:49 [TRACE] 【目标检测】屏幕内没有目标
2025-09-15 18:26:49 [TRACE] 【空洞监听】无匹配已持续：7秒
2025-09-15 18:26:49 [TRACE] 【目标检测】屏幕内没有目标
2025-09-15 18:26:51 [TRACE] 【目标检测】屏幕内没有目标
2025-09-15 18:26:52 [TRACE] 【目标检测】屏幕内没有目标
2025-09-15 18:26:52 [TRACE] 【目标检测】屏幕内没有目标
2025-09-15 18:26:53 [TRACE] 【目标检测】屏幕内没有目标
2025-09-15 18:26:53 [TRACE] 【空洞监听】无匹配已持续：11秒
2025-09-15 18:26:53 [TRACE] 【目标检测】屏幕内没有目标
2025-09-15 18:26:55 [TRACE] 【状态】战斗模式：C:\Users\gelon\Desktop\ZA-Lite\assets/images/hollow\battle_3.png 置信度：0.9999997615814209
2025-09-15 18:26:57 [TRACE] 【状态】战斗模式：正在受到攻击
2025-09-15 18:27:02 [TRACE] 【空洞监听】无匹配已持续：0秒
2025-09-15 18:27:06 [TRACE] 【空洞监听】无匹配已持续：4秒
2025-09-15 18:27:10 [TRACE] 【空洞监听】无匹配已持续：8秒
2025-09-15 18:27:14 [TRACE] 【空洞监听】无匹配已持续：12秒
2025-09-15 18:27:19 [TRACE] 【空洞监听】无匹配已持续：16秒
2025-09-15 18:27:23 [TRACE] 【状态】战斗模式：正在受到攻击
2025-09-15 18:27:27 [TRACE] 【空洞监听】无匹配已持续：0秒
2025-09-15 18:27:31 [TRACE] 【空洞监听】无匹配已持续：4秒
2025-09-15 18:27:35 [TRACE] 【空洞监听】无匹配已持续：8秒
2025-09-15 18:27:40 [TRACE] 【空洞监听】无匹配已持续：12秒
2025-09-15 18:27:47 [TRACE] 【状态】搜索模式：C:\Users\gelon\Desktop\ZA-Lite\assets/images/hollow\meter.png 置信度：0.9214621186256409
2025-09-15 18:27:48 [TRACE] 【目标检测】屏幕内没有目标
2025-09-15 18:27:49 [TRACE] 【目标检测】屏幕内没有目标
2025-09-15 18:27:52 [TRACE] 【目标检测】微调超时，无法对齐！
2025-09-15 18:27:53 [TRACE] 【空洞监听】无匹配已持续：0秒
2025-09-15 18:27:54 [TRACE] 【目标检测】目标存在，但置信度不足
2025-09-15 18:27:55 [TRACE] 【状态】搜索模式：C:\Users\gelon\Desktop\ZA-Lite\assets/images/hollow\meter.png 置信度：0.9696342349052429
2025-09-15 18:27:56 [TRACE] 【目标检测】TRAPPED！ 类型：guide_point 置信度：0.8075271844863892
2025-09-15 18:27:59 [TRACE] 【状态】搜索模式：C:\Users\gelon\Desktop\ZA-Lite\assets/images/hollow\meter.png 置信度：0.9363321661949158
2025-09-15 18:28:02 [TRACE] 【目标检测】屏幕内没有目标
2025-09-15 18:28:03 [TRACE] 【状态】搜索模式：C:\Users\gelon\Desktop\ZA-Lite\assets/images/hollow\meter.png 置信度：0.9756385684013367
2025-09-15 18:28:03 [TRACE] 【目标检测】屏幕内没有目标
2025-09-15 18:28:04 [TRACE] 【目标检测】屏幕内没有目标
2025-09-15 18:28:05 [TRACE] 【目标检测】屏幕内没有目标
2025-09-15 18:28:06 [TRACE] 【目标检测】目标存在，但置信度不足
2025-09-15 18:28:07 [TRACE] 【状态】搜索模式：C:\Users\gelon\Desktop\ZA-Lite\assets/images/hollow\meter.png 置信度：0.9508538842201233
2025-09-15 18:28:07 [TRACE] 【目标检测】目标存在，但置信度不足
2025-09-15 18:28:08 [TRACE] 【目标检测】微调超时，无法对齐！
2025-09-15 18:28:11 [TRACE] 【状态】搜索模式：C:\Users\gelon\Desktop\ZA-Lite\assets/images/hollow\meter.png 置信度：0.9670937061309814
2025-09-15 18:28:11 [TRACE] 【目标检测】TRAPPED！ 类型：guide_point 置信度：0.8819770216941833
2025-09-15 18:28:14 [TRACE] 【目标检测】屏幕内没有目标
2025-09-15 18:28:15 [TRACE] 【目标检测】屏幕内没有目标
2025-09-15 18:28:16 [TRACE] 【空洞监听】无匹配已持续：0秒
2025-09-15 18:28:18 [TRACE] 【目标检测】目标存在，但置信度不足
2025-09-15 18:28:19 [TRACE] 【状态】搜索模式：C:\Users\gelon\Desktop\ZA-Lite\assets/images/hollow\meter.png 置信度：0.9742796421051025
2025-09-15 18:28:19 [TRACE] 【目标检测】屏幕内没有目标
2025-09-15 18:28:20 [TRACE] 【目标检测】微调超时，无法对齐！
2025-09-15 18:28:21 [TRACE] 【目标检测】目标存在，但置信度不足
2025-09-15 18:28:23 [TRACE] 【状态】搜索模式：C:\Users\gelon\Desktop\ZA-Lite\assets/images/hollow\meter.png 置信度：0.9322831630706787
2025-09-15 18:28:24 [TRACE] 【目标检测】屏幕内没有目标
2025-09-15 18:28:25 [TRACE] 【目标检测】屏幕内没有目标
2025-09-15 18:28:27 [TRACE] 【状态】搜索模式：C:\Users\gelon\Desktop\ZA-Lite\assets/images/hollow\meter.png 置信度：0.9395089149475098
2025-09-15 18:28:27 [TRACE] 【目标检测】微调超时，无法对齐！
2025-09-15 18:28:28 [TRACE] 【目标检测】屏幕内没有目标
2025-09-15 18:28:30 [TRACE] 【目标检测】屏幕内没有目标
2025-09-15 18:28:32 [TRACE] 【空洞监听】无匹配已持续：0秒
2025-09-15 18:28:32 [TRACE] 【目标检测】微调超时，无法对齐！
2025-09-15 18:28:34 [TRACE] 【状态】搜索模式：C:\Users\gelon\Desktop\ZA-Lite\assets/images/hollow\meter.png 置信度：0.9354453682899475
2025-09-15 18:28:35 [TRACE] 【目标检测】TRAPPED！ 类型：guide_point 置信度：0.9527319073677063
2025-09-15 18:28:38 [TRACE] 【状态】搜索模式：C:\Users\gelon\Desktop\ZA-Lite\assets/images/hollow\meter.png 置信度：0.9143338799476624
2025-09-15 18:28:41 [TRACE] 【目标检测】TRAPPED！ 类型：guide_point 置信度：0.7871884703636169
2025-09-15 18:28:43 [TRACE] 【空洞监听】无匹配已持续：0秒
2025-09-15 18:28:45 [TRACE] 【目标检测】目标存在，但置信度不足
2025-09-15 18:28:45 [TRACE] 【状态】搜索模式：C:\Users\gelon\Desktop\ZA-Lite\assets/images/hollow\meter.png 置信度：0.9227865934371948
2025-09-15 18:28:46 [TRACE] 【目标检测】屏幕内没有目标
2025-09-15 18:28:48 [TRACE] 【目标检测】屏幕内没有目标
2025-09-15 18:28:49 [TRACE] 【目标检测】屏幕内没有目标
2025-09-15 18:28:50 [TRACE] 【目标检测】屏幕内没有目标
2025-09-15 18:28:51 [TRACE] 【目标检测】微调超时，无法对齐！
2025-09-15 18:28:51 [TRACE] 【空洞监听】无匹配已持续：0秒
2025-09-15 18:28:52 [TRACE] 【目标检测】屏幕内没有目标
2025-09-15 18:28:53 [TRACE] 【状态】搜索模式：C:\Users\gelon\Desktop\ZA-Lite\assets/images/hollow\meter.png 置信度：0.9119361639022827
2025-09-15 18:28:56 [TRACE] 【目标检测】目标存在，但置信度不足
2025-09-15 18:28:57 [TRACE] 【目标检测】微调超时，无法对齐！
2025-09-15 18:28:58 [TRACE] 【目标检测】屏幕内没有目标
2025-09-15 18:28:59 [TRACE] 【空洞监听】无匹配已持续：0秒
2025-09-15 18:29:00 [TRACE] 【目标检测】屏幕内没有目标
2025-09-15 18:29:00 [TRACE] 【目标检测】屏幕内没有目标
2025-09-15 18:29:01 [TRACE] 【状态】搜索模式：C:\Users\gelon\Desktop\ZA-Lite\assets/images/hollow\meter.png 置信度：0.9552644491195679
2025-09-15 18:29:02 [TRACE] 【目标检测】目标存在，但置信度不足
2025-09-15 18:29:03 [TRACE] 【目标检测】目标存在，但置信度不足
2025-09-15 18:29:05 [TRACE] 【目标检测】微调超时，无法对齐！
2025-09-15 18:29:06 [TRACE] 【空洞监听】无匹配已持续：0秒
2025-09-15 18:29:07 [TRACE] 【目标检测】屏幕内没有目标
2025-09-15 18:29:08 [TRACE] 【目标检测】目标存在，但置信度不足
2025-09-15 18:29:09 [TRACE] 【状态】搜索模式：C:\Users\gelon\Desktop\ZA-Lite\assets/images/hollow\meter.png 置信度：0.9235652685165405
2025-09-15 18:29:09 [TRACE] 【目标检测】屏幕内没有目标
2025-09-15 18:29:12 [TRACE] 【目标检测】目标存在，但置信度不足
2025-09-15 18:29:12 [TRACE] 【目标检测】目标存在，但置信度不足
2025-09-15 18:29:13 [TRACE] 【状态】搜索模式：C:\Users\gelon\Desktop\ZA-Lite\assets/images/hollow\meter.png 置信度：0.9309226274490356
2025-09-15 18:29:13 [TRACE] 【目标检测】目标存在，但置信度不足
2025-09-15 18:29:14 [TRACE] 【目标检测】目标存在，但置信度不足
2025-09-15 18:29:14 [TRACE] 【目标检测】屏幕内没有目标
2025-09-15 18:29:15 [TRACE] 【目标检测】目标存在，但置信度不足
2025-09-15 18:29:15 [TRACE] 【目标检测】目标存在，但置信度不足
2025-09-15 18:29:16 [TRACE] 【目标检测】目标存在，但置信度不足
2025-09-15 18:29:17 [TRACE] 【目标检测】微调超时，无法对齐！
2025-09-15 18:29:17 [TRACE] 【状态】搜索模式：C:\Users\gelon\Desktop\ZA-Lite\assets/images/hollow\meter.png 置信度：0.968232274055481
2025-09-15 18:29:19 [TRACE] 【目标检测】屏幕内没有目标
2025-09-15 18:29:20 [TRACE] 【目标检测】目标存在，但置信度不足
2025-09-15 18:29:21 [TRACE] 【状态】搜索模式：C:\Users\gelon\Desktop\ZA-Lite\assets/images/hollow\meter.png 置信度：0.9355703592300415
2025-09-15 18:29:22 [TRACE] 【目标检测】TRAPPED！ 类型：guide_point 置信度：0.7498895525932312
2025-09-15 18:29:25 [TRACE] 【状态】搜索模式：C:\Users\gelon\Desktop\ZA-Lite\assets/images/hollow\meter.png 置信度：0.9109482765197754
2025-09-15 18:29:28 [TRACE] 【目标检测】屏幕内没有目标
2025-09-15 18:29:29 [TRACE] 【状态】搜索模式：C:\Users\gelon\Desktop\ZA-Lite\assets/images/hollow\meter.png 置信度：0.9539209604263306
2025-09-15 18:29:29 [TRACE] 【目标检测】屏幕内没有目标
2025-09-15 18:29:31 [TRACE] 【目标检测】屏幕内没有目标
2025-09-15 18:29:33 [TRACE] 【目标检测】目标存在，但置信度不足
2025-09-15 18:29:34 [TRACE] 【目标检测】微调超时，无法对齐！
2025-09-15 18:29:34 [TRACE] 【空洞监听】无匹配已持续：0秒
2025-09-15 18:29:35 [TRACE] 【目标检测】屏幕内没有目标
2025-09-15 18:29:36 [TRACE] 【目标检测】屏幕内没有目标
2025-09-15 18:29:37 [TRACE] 【状态】搜索模式：C:\Users\gelon\Desktop\ZA-Lite\assets/images/hollow\meter.png 置信度：0.9658763408660889
2025-09-15 18:29:40 [TRACE] 【目标检测】微调超时，无法对齐！
2025-09-15 18:29:41 [TRACE] 【状态】搜索模式：C:\Users\gelon\Desktop\ZA-Lite\assets/images/hollow\meter.png 置信度：0.9070079326629639
2025-09-15 18:29:41 [TRACE] 【目标检测】屏幕内没有目标
2025-09-15 18:29:42 [TRACE] 【目标检测】目标存在，但置信度不足
2025-09-15 18:29:43 [TRACE] 【目标检测】屏幕内没有目标
2025-09-15 18:29:44 [TRACE] 【目标检测】目标存在，但置信度不足
2025-09-15 18:29:46 [TRACE] 【空洞监听】无匹配已持续：0秒
2025-09-15 18:29:47 [TRACE] 【目标检测】目标存在，但置信度不足
2025-09-15 18:29:47 [TRACE] 【目标检测】目标存在，但置信度不足
2025-09-15 18:29:48 [TRACE] 【目标检测】微调超时，无法对齐！
2025-09-15 18:29:50 [TRACE] 【目标检测】屏幕内没有目标
2025-09-15 18:29:50 [TRACE] 【空洞监听】无匹配已持续：3秒
2025-09-15 18:29:51 [TRACE] 【目标检测】屏幕内没有目标
2025-09-15 18:29:52 [TRACE] 【目标检测】屏幕内没有目标
2025-09-15 18:29:52 [TRACE] 【状态】搜索模式：C:\Users\gelon\Desktop\ZA-Lite\assets/images/hollow\meter.png 置信度：0.9536569118499756
2025-09-15 18:29:55 [TRACE] 【目标检测】目标存在，但置信度不足
2025-09-15 18:29:56 [TRACE] 【目标检测】目标存在，但置信度不足
2025-09-15 18:29:56 [TRACE] 【目标检测】微调超时，无法对齐！
2025-09-15 18:29:58 [TRACE] 【空洞监听】无匹配已持续：0秒
2025-09-15 18:29:58 [TRACE] 【目标检测】屏幕内没有目标
2025-09-15 18:29:59 [TRACE] 【目标检测】屏幕内没有目标
2025-09-15 18:29:59 [TRACE] 【目标检测】目标存在，但置信度不足
2025-09-15 18:30:00 [TRACE] 【状态】搜索模式：C:\Users\gelon\Desktop\ZA-Lite\assets/images/hollow\meter.png 置信度：0.9749575853347778
2025-09-15 18:30:01 [TRACE] 【目标检测】屏幕内没有目标
2025-09-15 18:30:01 [TRACE] 【目标检测】屏幕内没有目标
2025-09-15 18:30:02 [TRACE] 【目标检测】屏幕内没有目标
2025-09-15 18:30:04 [TRACE] 【目标检测】屏幕内没有目标
2025-09-15 18:30:04 [TRACE] 【状态】搜索模式：C:\Users\gelon\Desktop\ZA-Lite\assets/images/hollow\meter.png 置信度：0.954169511795044
2025-09-15 18:30:05 [TRACE] 【目标检测】屏幕内没有目标
2025-09-15 18:30:07 [TRACE] 【目标检测】目标存在，但置信度不足
2025-09-15 18:30:07 [TRACE] 【目标检测】微调超时，无法对齐！
2025-09-15 18:30:09 [TRACE] 【目标检测】屏幕内没有目标
2025-09-15 18:30:10 [TRACE] 【空洞监听】无匹配已持续：0秒
2025-09-15 18:30:10 [TRACE] 【目标检测】屏幕内没有目标
2025-09-15 18:30:12 [TRACE] 【状态】搜索模式：C:\Users\gelon\Desktop\ZA-Lite\assets/images/hollow\meter.png 置信度：0.9028729200363159
2025-09-15 18:30:13 [TRACE] 【目标检测】屏幕内没有目标
2025-09-15 18:30:15 [TRACE] 【目标检测】微调超时，无法对齐！
2025-09-15 18:30:17 [TRACE] 【状态】搜索模式：C:\Users\gelon\Desktop\ZA-Lite\assets/images/hollow\meter.png 置信度：0.9468780755996704
2025-09-15 18:30:17 [TRACE] 【目标检测】TRAPPED！ 类型：guide_point 置信度：0.8103989362716675
2025-09-15 18:30:22 [TRACE] 【空洞监听】无匹配已持续：0秒
2025-09-15 18:30:23 [TRACE] 【目标检测】屏幕内没有目标
2025-09-15 18:30:24 [TRACE] 【目标检测】屏幕内没有目标
2025-09-15 18:30:25 [TRACE] 【目标检测】屏幕内没有目标
2025-09-15 18:30:26 [TRACE] 【空洞监听】无匹配已持续：3秒
2025-09-15 18:30:26 [TRACE] 【目标检测】屏幕内没有目标
2025-09-15 18:30:27 [TRACE] 【目标检测】屏幕内没有目标
2025-09-15 18:30:28 [TRACE] 【状态】搜索模式：C:\Users\gelon\Desktop\ZA-Lite\assets/images/hollow\meter.png 置信度：0.90630042552948
2025-09-15 18:30:29 [TRACE] 【目标检测】屏幕内没有目标
2025-09-15 18:30:31 [TRACE] 【目标检测】屏幕内没有目标
2025-09-15 18:30:31 [TRACE] 【目标检测】屏幕内没有目标
2025-09-15 18:30:32 [TRACE] 【目标检测】屏幕内没有目标
2025-09-15 18:30:33 [TRACE] 【目标检测】微调超时，无法对齐！
2025-09-15 18:30:34 [TRACE] 【空洞监听】无匹配已持续：0秒
2025-09-15 18:30:34 [TRACE] 【目标检测】目标存在，但置信度不足
2025-09-15 18:30:37 [TRACE] 【目标检测】屏幕内没有目标
2025-09-15 18:30:38 [TRACE] 【空洞监听】无匹配已持续：3秒
2025-09-15 18:30:39 [TRACE] 【目标检测】屏幕内没有目标
2025-09-15 18:30:40 [TRACE] 【目标检测】微调超时，无法对齐！
2025-09-15 18:30:41 [TRACE] 【目标检测】目标存在，但置信度不足
2025-09-15 18:30:41 [TRACE] 【空洞监听】无匹配已持续：7秒
2025-09-15 18:30:42 [TRACE] 【目标检测】目标存在，但置信度不足
2025-09-15 18:30:43 [TRACE] 【目标检测】屏幕内没有目标
2025-09-15 18:30:44 [TRACE] 【目标检测】目标存在，但置信度不足
2025-09-15 18:30:45 [TRACE] 【空洞监听】无匹配已持续：11秒
2025-09-15 18:30:46 [TRACE] 【目标检测】屏幕内没有目标
2025-09-15 18:30:46 [TRACE] 【目标检测】目标存在，但置信度不足
2025-09-15 18:30:47 [TRACE] 【目标检测】目标存在，但置信度不足
2025-09-15 18:30:49 [TRACE] 【目标检测】屏幕内没有目标
2025-09-15 18:30:49 [TRACE] 【目标检测】屏幕内没有目标
2025-09-15 18:30:49 [TRACE] 【空洞监听】无匹配已持续：15秒
2025-09-15 18:30:51 [TRACE] 【目标检测】目标存在，但置信度不足
2025-09-15 18:30:51 [TRACE] 【状态】搜索模式：C:\Users\gelon\Desktop\ZA-Lite\assets/images/hollow\meter.png 置信度：0.9624306559562683
2025-09-15 18:30:51 [TRACE] 【目标检测】目标存在，但置信度不足
2025-09-15 18:30:52 [TRACE] 【目标检测】目标存在，但置信度不足
2025-09-15 18:30:53 [TRACE] 【目标检测】微调超时，无法对齐！
2025-09-15 18:30:55 [TRACE] 【目标检测】屏幕内没有目标
2025-09-15 18:30:55 [TRACE] 【状态】搜索模式：C:\Users\gelon\Desktop\ZA-Lite\assets/images/hollow\meter.png 置信度：0.9442270994186401
2025-09-15 18:30:57 [TRACE] 【目标检测】TRAPPED！ 类型：guide_point 置信度：0.9395200610160828
2025-09-15 18:30:59 [TRACE] 【状态】搜索模式：C:\Users\gelon\Desktop\ZA-Lite\assets/images/hollow\meter.png 置信度：0.9440408945083618
2025-09-15 18:31:03 [TRACE] 【目标检测】目标存在，但置信度不足
2025-09-15 18:31:04 [TRACE] 【目标检测】目标存在，但置信度不足
2025-09-15 18:31:05 [TRACE] 【空洞监听】无匹配已持续：0秒
2025-09-15 18:31:05 [TRACE] 【目标检测】屏幕内没有目标
2025-09-15 18:31:07 [TRACE] 【目标检测】屏幕内没有目标
2025-09-15 18:31:07 [TRACE] 【状态】搜索模式：C:\Users\gelon\Desktop\ZA-Lite\assets/images/hollow\meter.png 置信度：0.9485220909118652
2025-09-15 18:31:08 [TRACE] 【目标检测】微调超时，无法对齐！
2025-09-15 18:31:10 [TRACE] 【目标检测】屏幕内没有目标
2025-09-15 18:31:11 [TRACE] 【状态】搜索模式：C:\Users\gelon\Desktop\ZA-Lite\assets/images/hollow\meter.png 置信度：0.9811268448829651
2025-09-15 18:31:12 [TRACE] 【目标检测】屏幕内没有目标
2025-09-15 18:31:13 [TRACE] 【目标检测】微调超时，无法对齐！
2025-09-15 18:31:15 [TRACE] 【目标检测】目标存在，但置信度不足
2025-09-15 18:31:15 [TRACE] 【状态】搜索模式：C:\Users\gelon\Desktop\ZA-Lite\assets/images/hollow\meter.png 置信度：0.9454475045204163
2025-09-15 18:31:16 [TRACE] 【目标检测】屏幕内没有目标
2025-09-15 18:31:19 [TRACE] 【状态】搜索模式：C:\Users\gelon\Desktop\ZA-Lite\assets/images/hollow\meter.png 置信度：0.9609667658805847
2025-09-15 18:31:20 [TRACE] 【目标检测】微调超时，无法对齐！
2025-09-15 18:31:22 [TRACE] 【目标检测】屏幕内没有目标
2025-09-15 18:31:23 [TRACE] 【状态】搜索模式：C:\Users\gelon\Desktop\ZA-Lite\assets/images/hollow\meter.png 置信度：0.9908122420310974
2025-09-15 18:31:25 [TRACE] 【目标检测】TRAPPED！ 类型：guide_point 置信度：0.8589768409729004
2025-09-15 18:31:27 [TRACE] 【状态】搜索模式：C:\Users\gelon\Desktop\ZA-Lite\assets/images/hollow\meter.png 置信度：0.954810380935669
2025-09-15 18:31:31 [TRACE] 【目标检测】TRAPPED！ 类型：guide_point 置信度：0.921081006526947
2025-09-15 18:31:32 [TRACE] 【空洞监听】无匹配已持续：0秒
2025-09-15 18:31:34 [TRACE] 【状态】搜索模式：C:\Users\gelon\Desktop\ZA-Lite\assets/images/hollow\meter.png 置信度：0.9130266904830933
2025-09-15 18:31:37 [TRACE] 【目标检测】TRAPPED！ 类型：guide_point 置信度：0.9079713821411133
2025-09-15 18:31:40 [TRACE] 【空洞监听】无匹配已持续：0秒
2025-09-15 18:31:42 [TRACE] 【目标检测】屏幕内没有目标
2025-09-15 18:31:42 [TRACE] 【状态】搜索模式：C:\Users\gelon\Desktop\ZA-Lite\assets/images/hollow\meter.png 置信度：0.9417516589164734
2025-09-15 18:31:42 [TRACE] 【目标检测】屏幕内没有目标
2025-09-15 18:31:43 [TRACE] 【目标检测】屏幕内没有目标
2025-09-15 18:31:44 [TRACE] 【目标检测】屏幕内没有目标
2025-09-15 18:31:46 [TRACE] 【目标检测】微调超时，无法对齐！
2025-09-15 18:31:48 [TRACE] 【目标检测】屏幕内没有目标
2025-09-15 18:31:48 [TRACE] 【空洞监听】无匹配已持续：0秒
2025-09-15 18:31:51 [TRACE] 【目标检测】屏幕内没有目标
2025-09-15 18:31:52 [TRACE] 【空洞监听】无匹配已持续：3秒
2025-09-15 18:31:52 [TRACE] 【目标检测】屏幕内没有目标
2025-09-15 18:31:53 [TRACE] 【目标检测】屏幕内没有目标
2025-09-15 18:31:54 [TRACE] 【状态】搜索模式：C:\Users\gelon\Desktop\ZA-Lite\assets/images/hollow\meter.png 置信度：0.9234426021575928
2025-09-15 18:31:54 [TRACE] 【目标检测】微调超时，无法对齐！
2025-09-15 18:31:55 [TRACE] 【目标检测】屏幕内没有目标
2025-09-15 18:31:56 [TRACE] 【目标检测】屏幕内没有目标
2025-09-15 18:31:58 [TRACE] 【目标检测】目标存在，但置信度不足
2025-09-15 18:31:59 [TRACE] 【目标检测】屏幕内没有目标
2025-09-15 18:31:59 [TRACE] 【空洞监听】无匹配已持续：0秒
2025-09-15 18:32:00 [TRACE] 【目标检测】目标存在，但置信度不足
2025-09-15 18:32:02 [TRACE] 【目标检测】屏幕内没有目标
2025-09-15 18:32:02 [TRACE] 【状态】搜索模式：C:\Users\gelon\Desktop\ZA-Lite\assets/images/hollow\meter.png 置信度：0.9736781716346741
2025-09-15 18:32:03 [TRACE] 【目标检测】目标存在，但置信度不足
2025-09-15 18:32:04 [TRACE] 【目标检测】TRAPPED！ 类型：guide_point 置信度：0.9463191032409668
2025-09-15 18:32:06 [TRACE] 【状态】搜索模式：C:\Users\gelon\Desktop\ZA-Lite\assets/images/hollow\meter.png 置信度：0.9247159957885742
2025-09-15 18:32:10 [TRACE] 【状态】搜索模式：C:\Users\gelon\Desktop\ZA-Lite\assets/images/hollow\meter.png 置信度：0.9218210577964783
2025-09-15 18:32:10 [TRACE] 【目标检测】屏幕内没有目标
2025-09-15 18:32:11 [TRACE] 【目标检测】屏幕内没有目标
2025-09-15 18:32:12 [TRACE] 【目标检测】屏幕内没有目标
2025-09-15 18:32:13 [TRACE] 【目标检测】屏幕内没有目标
2025-09-15 18:32:14 [TRACE] 【目标检测】目标存在，但置信度不足
2025-09-15 18:32:14 [TRACE] 【状态】搜索模式：C:\Users\gelon\Desktop\ZA-Lite\assets/images/hollow\meter.png 置信度：0.9535332322120667
2025-09-15 18:32:15 [TRACE] 【目标检测】目标存在，但置信度不足
2025-09-15 18:32:16 [TRACE] 【目标检测】屏幕内没有目标
2025-09-15 18:32:18 [TRACE] 【目标检测】微调超时，无法对齐！
2025-09-15 18:32:19 [TRACE] 【空洞监听】无匹配已持续：0秒
2025-09-15 18:32:20 [TRACE] 【目标检测】屏幕内没有目标
2025-09-15 18:32:21 [TRACE] 【目标检测】屏幕内没有目标
2025-09-15 18:32:22 [TRACE] 【状态】搜索模式：C:\Users\gelon\Desktop\ZA-Lite\assets/images/hollow\meter.png 置信度：0.9097705483436584
2025-09-15 18:32:22 [TRACE] 【目标检测】屏幕内没有目标
2025-09-15 18:32:24 [TRACE] 【目标检测】目标存在，但置信度不足
2025-09-15 18:32:25 [TRACE] 【目标检测】微调超时，无法对齐！
2025-09-15 18:32:26 [TRACE] 【目标检测】目标存在，但置信度不足
2025-09-15 18:32:27 [TRACE] 【目标检测】屏幕内没有目标
2025-09-15 18:32:27 [TRACE] 【空洞监听】无匹配已持续：0秒
2025-09-15 18:32:28 [TRACE] 【目标检测】屏幕内没有目标
2025-09-15 18:32:31 [TRACE] 【目标检测】屏幕内没有目标
2025-09-15 18:32:31 [TRACE] 【空洞监听】无匹配已持续：3秒
2025-09-15 18:32:32 [TRACE] 【目标检测】屏幕内没有目标
2025-09-15 18:32:33 [TRACE] 【目标检测】屏幕内没有目标
2025-09-15 18:32:33 [TRACE] 【状态】搜索模式：C:\Users\gelon\Desktop\ZA-Lite\assets/images/hollow\meter.png 置信度：0.9583606123924255
2025-09-15 18:32:34 [TRACE] 【目标检测】微调超时，无法对齐！
2025-09-15 18:32:36 [TRACE] 【目标检测】屏幕内没有目标
2025-09-15 18:32:36 [TRACE] 【目标检测】屏幕内没有目标
2025-09-15 18:32:37 [TRACE] 【状态】搜索模式：C:\Users\gelon\Desktop\ZA-Lite\assets/images/hollow\meter.png 置信度：0.9742951989173889
2025-09-15 18:32:38 [TRACE] 【目标检测】目标存在，但置信度不足
2025-09-15 18:32:39 [TRACE] 【目标检测】屏幕内没有目标
2025-09-15 18:32:40 [TRACE] 【目标检测】屏幕内没有目标
2025-09-15 18:32:42 [TRACE] 【目标检测】微调超时，无法对齐！
2025-09-15 18:32:43 [TRACE] 【空洞监听】无匹配已持续：0秒
2025-09-15 18:32:44 [TRACE] 【目标检测】目标存在，但置信度不足
2025-09-15 18:32:45 [TRACE] 【目标检测】屏幕内没有目标
2025-09-15 18:32:46 [TRACE] 【目标检测】目标存在，但置信度不足
2025-09-15 18:32:47 [TRACE] 【空洞监听】无匹配已持续：4秒
2025-09-15 18:32:47 [TRACE] 【目标检测】屏幕内没有目标
2025-09-15 18:32:49 [TRACE] 【目标检测】屏幕内没有目标
2025-09-15 18:32:51 [TRACE] 【空洞监听】无匹配已持续：7秒
2025-09-15 18:32:51 [TRACE] 【目标检测】微调超时，无法对齐！
2025-09-15 18:32:52 [TRACE] 【目标检测】目标存在，但置信度不足
2025-09-15 18:32:53 [TRACE] 【状态】搜索模式：C:\Users\gelon\Desktop\ZA-Lite\assets/images/hollow\meter.png 置信度：0.9895182251930237
2025-09-15 18:32:53 [TRACE] 【目标检测】屏幕内没有目标
2025-09-15 18:32:55 [TRACE] 【目标检测】屏幕内没有目标
2025-09-15 18:32:56 [TRACE] 【目标检测】目标存在，但置信度不足
2025-09-15 18:32:57 [TRACE] 【状态】搜索模式：C:\Users\gelon\Desktop\ZA-Lite\assets/images/hollow\meter.png 置信度：0.919112503528595
2025-09-15 18:32:58 [TRACE] 【目标检测】微调超时，无法对齐！
2025-09-15 18:33:02 [TRACE] 【目标检测】屏幕内没有目标
2025-09-15 18:33:02 [TRACE] 【目标检测】微调超时，无法对齐！
2025-09-15 18:33:03 [TRACE] 【空洞监听】无匹配已持续：0秒
2025-09-15 18:33:04 [TRACE] 【目标检测】屏幕内没有目标
2025-09-15 18:33:05 [TRACE] 【目标检测】目标存在，但置信度不足
2025-09-15 18:33:06 [TRACE] 【目标检测】目标存在，但置信度不足
2025-09-15 18:33:07 [TRACE] 【空洞监听】无匹配已持续：3秒
2025-09-15 18:33:08 [TRACE] 【目标检测】目标存在，但置信度不足
2025-09-15 18:33:09 [TRACE] 【目标检测】微调超时，无法对齐！
2025-09-15 18:33:09 [TRACE] 【状态】搜索模式：C:\Users\gelon\Desktop\ZA-Lite\assets/images/hollow\meter.png 置信度：0.9128824472427368
2025-09-15 18:33:10 [TRACE] 【目标检测】屏幕内没有目标
2025-09-15 18:33:13 [TRACE] 【状态】搜索模式：C:\Users\gelon\Desktop\ZA-Lite\assets/images/hollow\meter.png 置信度：0.9923589825630188
2025-09-15 18:33:14 [TRACE] 【目标检测】屏幕内没有目标
2025-09-15 18:33:15 [TRACE] 【目标检测】屏幕内没有目标
2025-09-15 18:33:15 [TRACE] 【目标检测】屏幕内没有目标
2025-09-15 18:33:17 [TRACE] 【目标检测】微调超时，无法对齐！
2025-09-15 18:33:17 [TRACE] 【状态】搜索模式：C:\Users\gelon\Desktop\ZA-Lite\assets/images/hollow\meter.png 置信度：0.9558002948760986
2025-09-15 18:33:19 [TRACE] 【目标检测】屏幕内没有目标
2025-09-15 18:33:19 [TRACE] 【目标检测】目标存在，但置信度不足
2025-09-15 18:33:20 [TRACE] 【目标检测】屏幕内没有目标
2025-09-15 18:33:21 [TRACE] 【状态】搜索模式：C:\Users\gelon\Desktop\ZA-Lite\assets/images/hollow\meter.png 置信度：0.9563791155815125
2025-09-15 18:33:24 [TRACE] 【目标检测】微调超时，无法对齐！
2025-09-15 18:33:25 [TRACE] 【状态】搜索模式：C:\Users\gelon\Desktop\ZA-Lite\assets/images/hollow\meter.png 置信度：0.9622910022735596
2025-09-15 18:33:26 [TRACE] 【目标检测】屏幕内没有目标
2025-09-15 18:33:27 [TRACE] 【目标检测】目标存在，但置信度不足
2025-09-15 18:33:28 [TRACE] 【目标检测】目标存在，但置信度不足
2025-09-15 18:33:29 [TRACE] 【状态】搜索模式：C:\Users\gelon\Desktop\ZA-Lite\assets/images/hollow\meter.png 置信度：0.9224368929862976
2025-09-15 18:33:29 [TRACE] 【目标检测】目标存在，但置信度不足
2025-09-15 18:33:31 [TRACE] 【目标检测】微调超时，无法对齐！
2025-09-15 18:33:32 [TRACE] 【目标检测】屏幕内没有目标
2025-09-15 18:33:34 [TRACE] 【目标检测】屏幕内没有目标
2025-09-15 18:33:35 [TRACE] 【空洞监听】无匹配已持续：0秒
2025-09-15 18:33:35 [TRACE] 【目标检测】目标存在，但置信度不足
2025-09-15 18:33:35 [TRACE] 【目标检测】屏幕内没有目标
2025-09-15 18:33:36 [TRACE] 【目标检测】目标存在，但置信度不足
2025-09-15 18:33:37 [TRACE] 【目标检测】屏幕内没有目标
2025-09-15 18:33:37 [TRACE] 【状态】搜索模式：C:\Users\gelon\Desktop\ZA-Lite\assets/images/hollow\meter.png 置信度：0.9296997785568237
2025-09-15 18:33:39 [TRACE] 【目标检测】屏幕内没有目标
2025-09-15 18:33:40 [TRACE] 【目标检测】微调超时，无法对齐！
2025-09-15 18:33:41 [TRACE] 【状态】搜索模式：C:\Users\gelon\Desktop\ZA-Lite\assets/images/hollow\meter.png 置信度：0.9252268075942993
2025-09-15 18:33:43 [TRACE] 【目标检测】目标存在，但置信度不足
2025-09-15 18:33:44 [TRACE] 【目标检测】屏幕内没有目标
2025-09-15 18:33:45 [TRACE] 【状态】搜索模式：C:\Users\gelon\Desktop\ZA-Lite\assets/images/hollow\meter.png 置信度：0.9376035928726196
2025-09-15 18:33:45 [TRACE] 【目标检测】屏幕内没有目标
2025-09-15 18:33:46 [TRACE] 【目标检测】目标存在，但置信度不足
2025-09-15 18:33:47 [TRACE] 【目标检测】微调超时，无法对齐！
2025-09-15 18:33:49 [TRACE] 【状态】搜索模式：C:\Users\gelon\Desktop\ZA-Lite\assets/images/hollow\meter.png 置信度：0.9846979379653931
2025-09-15 18:33:50 [TRACE] 【目标检测】目标存在，但置信度不足
2025-09-15 18:33:51 [TRACE] 【目标检测】目标存在，但置信度不足
2025-09-15 18:33:53 [TRACE] 【目标检测】微调超时，无法对齐！
2025-09-15 18:33:53 [TRACE] 【状态】搜索模式：C:\Users\gelon\Desktop\ZA-Lite\assets/images/hollow\meter.png 置信度：0.9763402342796326
2025-09-15 18:33:54 [TRACE] 【目标检测】目标存在，但置信度不足
2025-09-15 18:33:57 [TRACE] 【目标检测】微调超时，无法对齐！
2025-09-15 18:33:58 [TRACE] 【空洞监听】无匹配已持续：0秒
2025-09-15 18:33:59 [TRACE] 【目标检测】目标存在，但置信度不足
2025-09-15 18:34:01 [TRACE] 【状态】搜索模式：C:\Users\gelon\Desktop\ZA-Lite\assets/images/hollow\meter.png 置信度：0.9604311585426331
2025-09-15 18:34:02 [TRACE] 【目标检测】微调超时，无法对齐！
2025-09-15 18:34:04 [TRACE] 【目标检测】屏幕内没有目标
2025-09-15 18:34:04 [TRACE] 【目标检测】屏幕内没有目标
2025-09-15 18:34:05 [TRACE] 【状态】搜索模式：C:\Users\gelon\Desktop\ZA-Lite\assets/images/hollow\meter.png 置信度：0.9305276274681091
2025-09-15 18:34:06 [TRACE] 【目标检测】屏幕内没有目标
2025-09-15 18:34:08 [TRACE] 【目标检测】目标存在，但置信度不足
2025-09-15 18:34:09 [TRACE] 【状态】搜索模式：C:\Users\gelon\Desktop\ZA-Lite\assets/images/hollow\meter.png 置信度：0.9814650416374207
2025-09-15 18:34:09 [TRACE] 【目标检测】屏幕内没有目标
2025-09-15 18:34:11 [TRACE] 【目标检测】微调超时，无法对齐！
2025-09-15 18:34:13 [TRACE] 【目标检测】TRAPPED！ 类型：guide_point 置信度：0.7028799057006836
2025-09-15 18:34:14 [TRACE] 【空洞监听】无匹配已持续：0秒
2025-09-15 18:34:17 [TRACE] 【状态】搜索模式：C:\Users\gelon\Desktop\ZA-Lite\assets/images/hollow\meter.png 置信度：0.9308327436447144
2025-09-15 18:34:19 [TRACE] 【目标检测】屏幕内没有目标
2025-09-15 18:34:20 [TRACE] 【目标检测】屏幕内没有目标
2025-09-15 18:34:20 [TRACE] 【状态】搜索模式：C:\Users\gelon\Desktop\ZA-Lite\assets/images/hollow\meter.png 置信度：0.9947559237480164
2025-09-15 18:34:21 [TRACE] 【目标检测】屏幕内没有目标
2025-09-15 18:34:23 [TRACE] 【目标检测】目标存在，但置信度不足
2025-09-15 18:34:24 [TRACE] 【目标检测】屏幕内没有目标
2025-09-15 18:34:25 [TRACE] 【状态】搜索模式：C:\Users\gelon\Desktop\ZA-Lite\assets/images/hollow\meter.png 置信度：0.9065240621566772
2025-09-15 18:34:25 [TRACE] 【目标检测】微调超时，无法对齐！
2025-09-15 18:34:26 [TRACE] 【目标检测】屏幕内没有目标
2025-09-15 18:34:30 [TRACE] 【空洞监听】无匹配已持续：0秒
2025-09-15 18:34:31 [TRACE] 【目标检测】微调超时，无法对齐！
2025-09-15 18:34:33 [TRACE] 【状态】搜索模式：C:\Users\gelon\Desktop\ZA-Lite\assets/images/hollow\meter.png 置信度：0.9247767925262451
2025-09-15 18:34:34 [TRACE] 【目标检测】TRAPPED！ 类型：guide_point 置信度：0.9135457277297974
2025-09-15 18:34:38 [TRACE] 【空洞监听】无匹配已持续：0秒
2025-09-15 18:34:40 [TRACE] 【状态】搜索模式：C:\Users\gelon\Desktop\ZA-Lite\assets/images/hollow\meter.png 置信度：0.951454758644104
2025-09-15 18:34:40 [TRACE] 【目标检测】TRAPPED！ 类型：guide_point 置信度：0.7975701689720154
2025-09-15 18:34:44 [TRACE] 【状态】搜索模式：C:\Users\gelon\Desktop\ZA-Lite\assets/images/hollow\meter.png 置信度：0.9470949172973633
2025-09-15 18:34:44 [TRACE] 【目标检测】屏幕内没有目标
2025-09-15 18:34:45 [TRACE] 【目标检测】屏幕内没有目标
2025-09-15 18:34:46 [TRACE] 【目标检测】屏幕内没有目标
2025-09-15 18:34:47 [TRACE] 【目标检测】目标存在，但置信度不足
2025-09-15 18:34:48 [TRACE] 【目标检测】屏幕内没有目标
2025-09-15 18:34:48 [TRACE] 【状态】搜索模式：C:\Users\gelon\Desktop\ZA-Lite\assets/images/hollow\meter.png 置信度：0.9389942288398743
2025-09-15 18:34:48 [TRACE] 【目标检测】目标存在，但置信度不足
2025-09-15 18:34:49 [TRACE] 【目标检测】屏幕内没有目标
2025-09-15 18:34:51 [TRACE] 【目标检测】屏幕内没有目标
2025-09-15 18:34:52 [TRACE] 【目标检测】目标存在，但置信度不足
2025-09-15 18:34:53 [TRACE] 【目标检测】微调超时，无法对齐！
2025-09-15 18:34:54 [TRACE] 【空洞监听】无匹配已持续：0秒
2025-09-15 18:34:56 [TRACE] 【目标检测】目标存在，但置信度不足
2025-09-15 18:34:57 [TRACE] 【目标检测】目标存在，但置信度不足
2025-09-15 18:34:57 [TRACE] 【空洞监听】无匹配已持续：3秒
2025-09-15 18:34:58 [TRACE] 【目标检测】屏幕内没有目标
2025-09-15 18:34:59 [TRACE] 【目标检测】微调超时，无法对齐！
2025-09-15 18:35:01 [TRACE] 【目标检测】屏幕内没有目标
2025-09-15 18:35:01 [TRACE] 【空洞监听】无匹配已持续：7秒
2025-09-15 18:35:02 [TRACE] 【目标检测】目标存在，但置信度不足
2025-09-15 18:35:04 [TRACE] 【状态】搜索模式：C:\Users\gelon\Desktop\ZA-Lite\assets/images/hollow\meter.png 置信度：0.9008233547210693
2025-09-15 18:35:04 [TRACE] 【目标检测】目标存在，但置信度不足
2025-09-15 18:35:05 [TRACE] 【目标检测】微调超时，无法对齐！
2025-09-15 18:35:08 [TRACE] 【状态】搜索模式：C:\Users\gelon\Desktop\ZA-Lite\assets/images/hollow\meter.png 置信度：0.9206110835075378
2025-09-15 18:35:08 [TRACE] 【目标检测】目标存在，但置信度不足
2025-09-15 18:35:09 [TRACE] 【目标检测】屏幕内没有目标
2025-09-15 18:35:11 [TRACE] 【目标检测】目标存在，但置信度不足
2025-09-15 18:35:11 [TRACE] 【目标检测】微调超时，无法对齐！
2025-09-15 18:35:12 [TRACE] 【状态】搜索模式：C:\Users\gelon\Desktop\ZA-Lite\assets/images/hollow\meter.png 置信度：0.9478896260261536
2025-09-15 18:35:14 [TRACE] 【目标检测】屏幕内没有目标
2025-09-15 18:35:16 [TRACE] 【状态】搜索模式：C:\Users\gelon\Desktop\ZA-Lite\assets/images/hollow\meter.png 置信度：0.953004777431488
2025-09-15 18:35:18 [TRACE] 【目标检测】微调超时，无法对齐！
2025-09-15 18:35:19 [TRACE] 【目标检测】目标存在，但置信度不足
2025-09-15 18:35:20 [TRACE] 【目标检测】屏幕内没有目标
2025-09-15 18:35:21 [TRACE] 【目标检测】屏幕内没有目标
2025-09-15 18:35:21 [TRACE] 【空洞监听】无匹配已持续：0秒
2025-09-15 18:35:24 [TRACE] 【目标检测】微调超时，无法对齐！
2025-09-15 18:35:25 [TRACE] 【目标检测】目标存在，但置信度不足
2025-09-15 18:35:25 [TRACE] 【空洞监听】无匹配已持续：3秒
2025-09-15 18:35:26 [TRACE] 【目标检测】目标存在，但置信度不足
2025-09-15 18:35:29 [TRACE] 【空洞监听】无匹配已持续：7秒
2025-09-15 18:35:29 [TRACE] 【目标检测】微调超时，无法对齐！
2025-09-15 18:35:31 [TRACE] 【状态】搜索模式：C:\Users\gelon\Desktop\ZA-Lite\assets/images/hollow\meter.png 置信度：0.9678311347961426
2025-09-15 18:35:31 [TRACE] 【目标检测】TRAPPED！ 类型：guide_point 置信度：0.86223965883255
2025-09-15 18:35:36 [TRACE] 【空洞监听】无匹配已持续：0秒
2025-09-15 18:35:37 [TRACE] 【目标检测】屏幕内没有目标
2025-09-15 18:35:38 [TRACE] 【目标检测】屏幕内没有目标
2025-09-15 18:35:39 [TRACE] 【目标检测】屏幕内没有目标
2025-09-15 18:35:40 [TRACE] 【空洞监听】无匹配已持续：4秒
2025-09-15 18:35:41 [TRACE] 【目标检测】屏幕内没有目标
2025-09-15 18:35:42 [TRACE] 【目标检测】屏幕内没有目标
2025-09-15 18:35:42 [TRACE] 【状态】搜索模式：C:\Users\gelon\Desktop\ZA-Lite\assets/images/hollow\meter.png 置信度：0.9111771583557129
2025-09-15 18:35:44 [TRACE] 【目标检测】目标存在，但置信度不足
2025-09-15 18:35:45 [TRACE] 【目标检测】微调超时，无法对齐！
2025-09-15 18:35:48 [TRACE] 【目标检测】目标存在，但置信度不足
2025-09-15 18:35:48 [TRACE] 【空洞监听】无匹配已持续：0秒
2025-09-15 18:35:49 [TRACE] 【目标检测】屏幕内没有目标
2025-09-15 18:35:50 [TRACE] 【目标检测】目标存在，但置信度不足
2025-09-15 18:35:51 [TRACE] 【状态】搜索模式：C:\Users\gelon\Desktop\ZA-Lite\assets/images/hollow\meter.png 置信度：0.9677903056144714
2025-09-15 18:35:51 [TRACE] 【目标检测】微调超时，无法对齐！
2025-09-15 18:35:55 [TRACE] 【目标检测】目标存在，但置信度不足
2025-09-15 18:35:56 [TRACE] 【空洞监听】无匹配已持续：0秒
2025-09-15 18:35:56 [TRACE] 【目标检测】微调超时，无法对齐！
2025-09-15 18:35:57 [TRACE] 【目标检测】屏幕内没有目标
2025-09-15 18:35:58 [TRACE] 【状态】搜索模式：C:\Users\gelon\Desktop\ZA-Lite\assets/images/hollow\meter.png 置信度：0.9235178232192993
2025-09-15 18:36:00 [TRACE] 【目标检测】屏幕内没有目标
2025-09-15 18:36:01 [TRACE] 【目标检测】屏幕内没有目标
2025-09-15 18:36:02 [TRACE] 【目标检测】目标存在，但置信度不足
2025-09-15 18:36:02 [TRACE] 【状态】搜索模式：C:\Users\gelon\Desktop\ZA-Lite\assets/images/hollow\meter.png 置信度：0.9358615279197693
2025-09-15 18:36:03 [TRACE] 【目标检测】微调超时，无法对齐！
2025-09-15 18:36:04 [TRACE] 【目标检测】屏幕内没有目标
2025-09-15 18:36:08 [TRACE] 【空洞监听】无匹配已持续：0秒
2025-09-15 18:36:08 [TRACE] 【目标检测】目标存在，但置信度不足
2025-09-15 18:36:09 [TRACE] 【目标检测】微调超时，无法对齐！
2025-09-15 18:36:10 [TRACE] 【状态】搜索模式：C:\Users\gelon\Desktop\ZA-Lite\assets/images/hollow\meter.png 置信度：0.9018469452857971
2025-09-15 18:36:11 [TRACE] 【目标检测】目标存在，但置信度不足
2025-09-15 18:36:12 [TRACE] 【目标检测】目标存在，但置信度不足
2025-09-15 18:36:13 [TRACE] 【目标检测】目标存在，但置信度不足
2025-09-15 18:36:14 [TRACE] 【状态】搜索模式：C:\Users\gelon\Desktop\ZA-Lite\assets/images/hollow\meter.png 置信度：0.9004611372947693
2025-09-15 18:36:15 [TRACE] 【目标检测】微调超时，无法对齐！
2025-09-15 18:36:17 [TRACE] 【目标检测】TRAPPED！ 类型：guide_point 置信度：0.8154206871986389
2025-09-15 18:36:19 [TRACE] 【状态】搜索模式：C:\Users\gelon\Desktop\ZA-Lite\assets/images/hollow\meter.png 置信度：0.9794915318489075
2025-09-15 18:36:23 [TRACE] 【目标检测】目标存在，但置信度不足
2025-09-15 18:36:23 [TRACE] 【目标检测】屏幕内没有目标
2025-09-15 18:36:24 [TRACE] 【空洞监听】无匹配已持续：0秒
2025-09-15 18:36:25 [TRACE] 【目标检测】目标存在，但置信度不足
2025-09-15 18:36:26 [TRACE] 【状态】搜索模式：C:\Users\gelon\Desktop\ZA-Lite\assets/images/hollow\meter.png 置信度：0.9247312545776367
2025-09-15 18:36:26 [TRACE] 【目标检测】目标存在，但置信度不足
2025-09-15 18:36:27 [TRACE] 【目标检测】屏幕内没有目标
2025-09-15 18:36:28 [TRACE] 【目标检测】目标存在，但置信度不足
2025-09-15 18:36:29 [TRACE] 【目标检测】屏幕内没有目标
2025-09-15 18:36:29 [TRACE] 【目标检测】屏幕内没有目标
2025-09-15 18:36:30 [TRACE] 【目标检测】屏幕内没有目标
2025-09-15 18:36:30 [TRACE] 【状态】搜索模式：C:\Users\gelon\Desktop\ZA-Lite\assets/images/hollow\meter.png 置信度：0.9051156640052795
2025-09-15 18:36:32 [TRACE] 【目标检测】目标存在，但置信度不足
2025-09-15 18:36:32 [TRACE] 【目标检测】屏幕内没有目标
2025-09-15 18:36:33 [TRACE] 【目标检测】目标存在，但置信度不足
2025-09-15 18:36:34 [TRACE] 【目标检测】微调超时，无法对齐！
2025-09-15 18:36:36 [TRACE] 【空洞监听】无匹配已持续：0秒
2025-09-15 18:36:37 [TRACE] 【目标检测】TRAPPED！ 类型：guide_point 置信度：0.7746623158454895
2025-09-15 18:36:38 [TRACE] 【状态】搜索模式：C:\Users\gelon\Desktop\ZA-Lite\assets/images/hollow\meter.png 置信度：0.9833459258079529
2025-09-15 18:36:42 [TRACE] 【状态】搜索模式：C:\Users\gelon\Desktop\ZA-Lite\assets/images/hollow\meter.png 置信度：0.9481676816940308
2025-09-15 18:36:43 [TRACE] 【目标检测】TRAPPED！ 类型：guide_point 置信度：0.8987284302711487
2025-09-15 18:36:47 [TRACE] 【空洞监听】无匹配已持续：0秒
2025-09-15 18:36:48 [TRACE] 【目标检测】TRAPPED！ 类型：guide_point 置信度：0.8121356964111328
2025-09-15 18:36:51 [TRACE] 【空洞监听】无匹配已持续：3秒
2025-09-15 18:36:53 [TRACE] 【状态】搜索模式：C:\Users\gelon\Desktop\ZA-Lite\assets/images/hollow\meter.png 置信度：0.9239765405654907
2025-09-15 18:36:54 [TRACE] 【目标检测】目标存在，但置信度不足
2025-09-15 18:36:54 [TRACE] 【目标检测】目标存在，但置信度不足
2025-09-15 18:36:55 [TRACE] 【目标检测】屏幕内没有目标
2025-09-15 18:36:56 [TRACE] 【目标检测】屏幕内没有目标
2025-09-15 18:36:57 [TRACE] 【目标检测】屏幕内没有目标
2025-09-15 18:36:58 [TRACE] 【目标检测】目标存在，但置信度不足
2025-09-15 18:36:59 [TRACE] 【空洞监听】无匹配已持续：0秒
2025-09-15 18:37:00 [TRACE] 【目标检测】目标存在，但置信度不足
2025-09-15 18:37:01 [TRACE] 【目标检测】微调超时，无法对齐！
2025-09-15 18:37:02 [TRACE] 【目标检测】屏幕内没有目标
2025-09-15 18:37:02 [TRACE] 【空洞监听】无匹配已持续：3秒
2025-09-15 18:37:03 [TRACE] 【目标检测】屏幕内没有目标
2025-09-15 18:37:05 [TRACE] 【目标检测】屏幕内没有目标
2025-09-15 18:37:05 [TRACE] 【状态】搜索模式：C:\Users\gelon\Desktop\ZA-Lite\assets/images/hollow\meter.png 置信度：0.9748694896697998
2025-09-15 18:37:05 [TRACE] 【目标检测】目标存在，但置信度不足
2025-09-15 18:37:06 [TRACE] 【目标检测】屏幕内没有目标
2025-09-15 18:37:07 [TRACE] 【目标检测】屏幕内没有目标
2025-09-15 18:37:08 [TRACE] 【目标检测】目标存在，但置信度不足
2025-09-15 18:37:09 [TRACE] 【目标检测】屏幕内没有目标
2025-09-15 18:37:10 [TRACE] 【空洞监听】无匹配已持续：0秒
2025-09-15 18:37:11 [TRACE] 【目标检测】微调超时，无法对齐！
2025-09-15 18:37:12 [TRACE] 【状态】搜索模式：C:\Users\gelon\Desktop\ZA-Lite\assets/images/hollow\meter.png 置信度：0.9067319631576538
2025-09-15 18:37:13 [TRACE] 【目标检测】目标存在，但置信度不足
2025-09-15 18:37:14 [TRACE] 【目标检测】屏幕内没有目标
2025-09-15 18:37:17 [TRACE] 【目标检测】屏幕内没有目标
2025-09-15 18:37:17 [TRACE] 【状态】搜索模式：C:\Users\gelon\Desktop\ZA-Lite\assets/images/hollow\meter.png 置信度：0.960657000541687
2025-09-15 18:37:18 [TRACE] 【目标检测】屏幕内没有目标
2025-09-15 18:37:19 [TRACE] 【目标检测】微调超时，无法对齐！
2025-09-15 18:37:21 [TRACE] 【状态】搜索模式：C:\Users\gelon\Desktop\ZA-Lite\assets/images/hollow\meter.png 置信度：0.9105208516120911
2025-09-15 18:37:21 [TRACE] 【目标检测】屏幕内没有目标
2025-09-15 18:37:22 [TRACE] 【目标检测】目标存在，但置信度不足
2025-09-15 18:37:24 [TRACE] 【目标检测】微调超时，无法对齐！
2025-09-15 18:37:26 [TRACE] 【目标检测】目标存在，但置信度不足
2025-09-15 18:37:26 [TRACE] 【空洞监听】无匹配已持续：0秒
2025-09-15 18:37:27 [TRACE] 【目标检测】屏幕内没有目标
2025-09-15 18:37:28 [TRACE] 【目标检测】目标存在，但置信度不足
2025-09-15 18:37:30 [TRACE] 【空洞监听】无匹配已持续：3秒
2025-09-15 18:37:30 [TRACE] 【目标检测】微调超时，无法对齐！
2025-09-15 18:37:34 [TRACE] 【目标检测】TRAPPED！ 类型：guide_point 置信度：0.6705109477043152
2025-09-15 18:37:34 [TRACE] 【空洞监听】无匹配已持续：7秒
2025-09-15 18:37:36 [TRACE] 【状态】搜索模式：C:\Users\gelon\Desktop\ZA-Lite\assets/images/hollow\meter.png 置信度：0.9299489259719849
2025-09-15 18:37:39 [TRACE] 【目标检测】目标存在，但置信度不足
2025-09-15 18:37:40 [TRACE] 【状态】搜索模式：C:\Users\gelon\Desktop\ZA-Lite\assets/images/hollow\meter.png 置信度：0.9288562536239624
2025-09-15 18:37:40 [TRACE] 【目标检测】屏幕内没有目标
2025-09-15 18:37:42 [TRACE] 【目标检测】屏幕内没有目标
2025-09-15 18:37:43 [TRACE] 【目标检测】屏幕内没有目标
2025-09-15 18:37:44 [TRACE] 【状态】搜索模式：C:\Users\gelon\Desktop\ZA-Lite\assets/images/hollow\meter.png 置信度：0.9010708332061768
2025-09-15 18:37:44 [TRACE] 【目标检测】目标存在，但置信度不足
2025-09-15 18:37:45 [TRACE] 【目标检测】目标存在，但置信度不足
2025-09-15 18:37:46 [TRACE] 【目标检测】微调超时，无法对齐！
2025-09-15 18:37:48 [TRACE] 【目标检测】目标存在，但置信度不足
2025-09-15 18:37:48 [TRACE] 【状态】搜索模式：C:\Users\gelon\Desktop\ZA-Lite\assets/images/hollow\meter.png 置信度：0.9514541029930115
2025-09-15 18:37:49 [TRACE] 【目标检测】屏幕内没有目标
2025-09-15 18:37:50 [TRACE] 【目标检测】屏幕内没有目标
2025-09-15 18:37:52 [TRACE] 【状态】搜索模式：C:\Users\gelon\Desktop\ZA-Lite\assets/images/hollow\meter.png 置信度：0.9462779760360718
2025-09-15 18:37:53 [TRACE] 【目标检测】微调超时，无法对齐！
2025-09-15 18:37:55 [TRACE] 【目标检测】屏幕内没有目标
2025-09-15 18:37:56 [TRACE] 【目标检测】屏幕内没有目标
2025-09-15 18:37:57 [TRACE] 【空洞监听】无匹配已持续：0秒
2025-09-15 18:37:58 [TRACE] 【目标检测】目标存在，但置信度不足
2025-09-15 18:37:59 [TRACE] 【目标检测】微调超时，无法对齐！
2025-09-15 18:38:01 [TRACE] 【空洞监听】无匹配已持续：3秒
2025-09-15 18:38:02 [TRACE] 【目标检测】TRAPPED！ 类型：guide_point 置信度：0.8934579491615295
2025-09-15 18:38:03 [TRACE] 【状态】搜索模式：C:\Users\gelon\Desktop\ZA-Lite\assets/images/hollow\meter.png 置信度：0.9292195439338684
2025-09-15 18:38:07 [TRACE] 【状态】搜索模式：C:\Users\gelon\Desktop\ZA-Lite\assets/images/hollow\meter.png 置信度：0.9129793643951416
2025-09-15 18:38:08 [TRACE] 【目标检测】TRAPPED！ 类型：guide_point 置信度：0.7277840375900269
2025-09-15 18:38:12 [TRACE] 【目标检测】目标存在，但置信度不足
2025-09-15 18:38:12 [TRACE] 【空洞监听】无匹配已持续：0秒
2025-09-15 18:38:13 [TRACE] 【目标检测】屏幕内没有目标
2025-09-15 18:38:14 [TRACE] 【目标检测】屏幕内没有目标
2025-09-15 18:38:15 [TRACE] 【目标检测】屏幕内没有目标
2025-09-15 18:38:16 [TRACE] 【空洞监听】无匹配已持续：3秒
2025-09-15 18:38:16 [TRACE] 【目标检测】微调超时，无法对齐！
2025-09-15 18:38:18 [TRACE] 【目标检测】屏幕内没有目标
2025-09-15 18:38:18 [TRACE] 【状态】搜索模式：C:\Users\gelon\Desktop\ZA-Lite\assets/images/hollow\meter.png 置信度：0.9450451731681824
2025-09-15 18:38:19 [TRACE] 【目标检测】屏幕内没有目标
2025-09-15 18:38:22 [TRACE] 【状态】搜索模式：C:\Users\gelon\Desktop\ZA-Lite\assets/images/hollow\meter.png 置信度：0.9445197582244873
2025-09-15 18:38:22 [TRACE] 【目标检测】屏幕内没有目标
2025-09-15 18:38:23 [TRACE] 【目标检测】屏幕内没有目标
2025-09-15 18:38:24 [TRACE] 【目标检测】屏幕内没有目标
2025-09-15 18:38:25 [TRACE] 【目标检测】微调超时，无法对齐！
2025-09-15 18:38:26 [TRACE] 【状态】搜索模式：C:\Users\gelon\Desktop\ZA-Lite\assets/images/hollow\meter.png 置信度：0.9018266201019287
2025-09-15 18:38:27 [TRACE] 【目标检测】屏幕内没有目标
2025-09-15 18:38:28 [TRACE] 【目标检测】屏幕内没有目标
2025-09-15 18:38:30 [TRACE] 【目标检测】屏幕内没有目标
2025-09-15 18:38:30 [TRACE] 【状态】搜索模式：C:\Users\gelon\Desktop\ZA-Lite\assets/images/hollow\meter.png 置信度：0.9472174644470215
2025-09-15 18:38:32 [TRACE] 【目标检测】微调超时，无法对齐！
2025-09-15 18:38:33 [TRACE] 【目标检测】屏幕内没有目标
2025-09-15 18:38:34 [TRACE] 【目标检测】屏幕内没有目标
2025-09-15 18:38:34 [TRACE] 【状态】搜索模式：C:\Users\gelon\Desktop\ZA-Lite\assets/images/hollow\meter.png 置信度：0.9578554034233093
2025-09-15 18:38:36 [TRACE] 【目标检测】屏幕内没有目标
2025-09-15 18:38:38 [TRACE] 【目标检测】微调超时，无法对齐！
2025-09-15 18:38:39 [TRACE] 【目标检测】屏幕内没有目标
2025-09-15 18:38:40 [TRACE] 【空洞监听】无匹配已持续：0秒
2025-09-15 18:38:42 [TRACE] 【目标检测】目标存在，但置信度不足
2025-09-15 18:38:44 [TRACE] 【目标检测】目标存在，但置信度不足
2025-09-15 18:38:44 [TRACE] 【空洞监听】无匹配已持续：3秒
2025-09-15 18:38:44 [TRACE] 【目标检测】屏幕内没有目标
2025-09-15 18:38:46 [TRACE] 【目标检测】微调超时，无法对齐！
2025-09-15 18:38:46 [TRACE] 【状态】搜索模式：C:\Users\gelon\Desktop\ZA-Lite\assets/images/hollow\meter.png 置信度：0.9676856398582458
2025-09-15 18:38:47 [TRACE] 【目标检测】目标存在，但置信度不足
2025-09-15 18:38:48 [TRACE] 【目标检测】目标存在，但置信度不足
2025-09-15 18:38:49 [TRACE] 【目标检测】目标存在，但置信度不足
2025-09-15 18:38:49 [TRACE] 【目标检测】目标存在，但置信度不足
2025-09-15 18:38:50 [TRACE] 【目标检测】目标存在，但置信度不足
2025-09-15 18:38:50 [TRACE] 【状态】搜索模式：C:\Users\gelon\Desktop\ZA-Lite\assets/images/hollow\meter.png 置信度：0.9606398940086365
2025-09-15 18:38:50 [TRACE] 【目标检测】屏幕内没有目标
2025-09-15 18:38:51 [TRACE] 【目标检测】屏幕内没有目标
2025-09-15 18:38:51 [TRACE] 【目标检测】屏幕内没有目标
2025-09-15 18:38:53 [TRACE] 【目标检测】屏幕内没有目标
2025-09-15 18:38:54 [TRACE] 【状态】搜索模式：C:\Users\gelon\Desktop\ZA-Lite\assets/images/hollow\meter.png 置信度：0.9430493116378784
2025-09-15 18:38:54 [TRACE] 【目标检测】屏幕内没有目标
2025-09-15 18:38:55 [TRACE] 【目标检测】屏幕内没有目标
2025-09-15 18:38:57 [TRACE] 【目标检测】屏幕内没有目标
2025-09-15 18:38:58 [TRACE] 【目标检测】微调超时，无法对齐！
2025-09-15 18:38:59 [TRACE] 【空洞监听】无匹配已持续：0秒
2025-09-15 18:39:00 [TRACE] 【目标检测】屏幕内没有目标
2025-09-15 18:39:01 [TRACE] 【目标检测】屏幕内没有目标
2025-09-15 18:39:02 [TRACE] 【状态】搜索模式：C:\Users\gelon\Desktop\ZA-Lite\assets/images/hollow\meter.png 置信度：0.9943898320198059
2025-09-15 18:39:05 [TRACE] 【目标检测】屏幕内没有目标
2025-09-15 18:39:05 [TRACE] 【目标检测】微调超时，无法对齐！
2025-09-15 18:39:06 [TRACE] 【状态】搜索模式：C:\Users\gelon\Desktop\ZA-Lite\assets/images/hollow\meter.png 置信度：0.9242686629295349
2025-09-15 18:39:07 [TRACE] 【目标检测】屏幕内没有目标
2025-09-15 18:39:08 [TRACE] 【目标检测】目标存在，但置信度不足
2025-09-15 18:39:10 [TRACE] 【目标检测】屏幕内没有目标
2025-09-15 18:39:12 [TRACE] 【目标检测】微调超时，无法对齐！
2025-09-15 18:39:12 [TRACE] 【空洞监听】无匹配已持续：0秒
2025-09-15 18:39:13 [TRACE] 【目标检测】屏幕内没有目标
2025-09-15 18:39:14 [TRACE] 【状态】搜索模式：C:\Users\gelon\Desktop\ZA-Lite\assets/images/hollow\meter.png 置信度：0.9139190912246704
2025-09-15 18:39:14 [TRACE] 【目标检测】目标存在，但置信度不足
2025-09-15 18:39:16 [TRACE] 【目标检测】屏幕内没有目标
2025-09-15 18:39:18 [TRACE] 【状态】搜索模式：C:\Users\gelon\Desktop\ZA-Lite\assets/images/hollow\meter.png 置信度：0.915546715259552
2025-09-15 18:39:19 [TRACE] 【目标检测】微调超时，无法对齐！
2025-09-15 18:39:21 [TRACE] 【目标检测】TRAPPED！ 类型：guide_point 置信度：0.9235497713088989
2025-09-15 18:39:22 [TRACE] 【状态】搜索模式：C:\Users\gelon\Desktop\ZA-Lite\assets/images/hollow\meter.png 置信度：0.9286039471626282
2025-09-15 18:39:26 [TRACE] 【状态】搜索模式：C:\Users\gelon\Desktop\ZA-Lite\assets/images/hollow\meter.png 置信度：0.9722158908843994
2025-09-15 18:39:27 [TRACE] 【目标检测】屏幕内没有目标
2025-09-15 18:39:27 [TRACE] 【目标检测】屏幕内没有目标
2025-09-15 18:39:29 [TRACE] 【目标检测】屏幕内没有目标
2025-09-15 18:39:30 [TRACE] 【目标检测】屏幕内没有目标
2025-09-15 18:39:31 [TRACE] 【目标检测】屏幕内没有目标
2025-09-15 18:39:32 [TRACE] 【空洞监听】无匹配已持续：0秒
2025-09-15 18:39:34 [TRACE] 【状态】搜索模式：C:\Users\gelon\Desktop\ZA-Lite\assets/images/hollow\meter.png 置信度：0.9513857960700989
2025-09-15 18:39:34 [TRACE] 【目标检测】微调超时，无法对齐！
2025-09-15 18:39:35 [TRACE] 【目标检测】屏幕内没有目标
2025-09-15 18:39:37 [TRACE] 【目标检测】屏幕内没有目标
2025-09-15 18:39:38 [TRACE] 【目标检测】目标存在，但置信度不足
2025-09-15 18:39:38 [TRACE] 【状态】搜索模式：C:\Users\gelon\Desktop\ZA-Lite\assets/images/hollow\meter.png 置信度：0.9363148808479309
2025-09-15 18:39:39 [TRACE] 【目标检测】屏幕内没有目标
2025-09-15 18:39:41 [TRACE] 【目标检测】目标存在，但置信度不足
2025-09-15 18:39:41 [TRACE] 【目标检测】微调超时，无法对齐！
2025-09-15 18:39:43 [TRACE] 【目标检测】屏幕内没有目标
2025-09-15 18:39:43 [TRACE] 【空洞监听】无匹配已持续：0秒
2025-09-15 18:39:45 [TRACE] 【目标检测】屏幕内没有目标
2025-09-15 18:39:47 [TRACE] 【目标检测】目标存在，但置信度不足
2025-09-15 18:39:48 [TRACE] 【空洞监听】无匹配已持续：4秒
2025-09-15 18:39:48 [TRACE] 【目标检测】目标存在，但置信度不足
2025-09-15 18:39:48 [TRACE] 【目标检测】屏幕内没有目标
2025-09-15 18:39:49 [TRACE] 【目标检测】屏幕内没有目标
2025-09-15 18:39:50 [TRACE] 【状态】搜索模式：C:\Users\gelon\Desktop\ZA-Lite\assets/images/hollow\meter.png 置信度：0.9353255033493042
2025-09-15 18:39:50 [TRACE] 【目标检测】屏幕内没有目标
2025-09-15 18:39:51 [TRACE] 【目标检测】微调超时，无法对齐！
2025-09-15 18:39:53 [TRACE] 【目标检测】屏幕内没有目标
2025-09-15 18:39:54 [TRACE] 【目标检测】目标存在，但置信度不足
2025-09-15 18:39:55 [TRACE] 【空洞监听】无匹配已持续：0秒
2025-09-15 18:39:56 [TRACE] 【目标检测】屏幕内没有目标
2025-09-15 18:39:58 [TRACE] 【状态】搜索模式：C:\Users\gelon\Desktop\ZA-Lite\assets/images/hollow\meter.png 置信度：0.9204899072647095
2025-09-15 18:39:58 [TRACE] 【目标检测】微调超时，无法对齐！
2025-09-15 18:39:59 [TRACE] 【目标检测】屏幕内没有目标
2025-09-15 18:40:01 [TRACE] 【目标检测】屏幕内没有目标
2025-09-15 18:40:02 [TRACE] 【状态】搜索模式：C:\Users\gelon\Desktop\ZA-Lite\assets/images/hollow\meter.png 置信度：0.9535312056541443
2025-09-15 18:40:02 [TRACE] 【目标检测】屏幕内没有目标
2025-09-15 18:40:02 [TRACE] 【目标检测】目标存在，但置信度不足
2025-09-15 18:40:03 [TRACE] 【目标检测】屏幕内没有目标
2025-09-15 18:40:05 [TRACE] 【目标检测】微调超时，无法对齐！
2025-09-15 18:40:06 [TRACE] 【状态】搜索模式：C:\Users\gelon\Desktop\ZA-Lite\assets/images/hollow\meter.png 置信度：0.9893602132797241
2025-09-15 18:40:08 [TRACE] 【目标检测】屏幕内没有目标
2025-09-15 18:40:09 [TRACE] 【状态】搜索模式：C:\Users\gelon\Desktop\ZA-Lite\assets/images/hollow\meter.png 置信度：0.9245753884315491
2025-09-15 18:40:10 [TRACE] 【目标检测】目标存在，但置信度不足
2025-09-15 18:40:11 [TRACE] 【目标检测】屏幕内没有目标
2025-09-15 18:40:13 [TRACE] 【目标检测】屏幕内没有目标
2025-09-15 18:40:13 [TRACE] 【目标检测】微调超时，无法对齐！
2025-09-15 18:40:14 [TRACE] 【状态】搜索模式：C:\Users\gelon\Desktop\ZA-Lite\assets/images/hollow\meter.png 置信度：0.94538414478302
2025-09-15 18:40:16 [TRACE] 【目标检测】屏幕内没有目标
2025-09-15 18:40:18 [TRACE] 【目标检测】屏幕内没有目标
2025-09-15 18:40:19 [TRACE] 【目标检测】屏幕内没有目标
2025-09-15 18:40:20 [TRACE] 【空洞监听】无匹配已持续：0秒
2025-09-15 18:40:21 [TRACE] 【目标检测】微调超时，无法对齐！
2025-09-15 18:40:22 [TRACE] 【状态】搜索模式：C:\Users\gelon\Desktop\ZA-Lite\assets/images/hollow\meter.png 置信度：0.9354932308197021
2025-09-15 18:40:23 [TRACE] 【目标检测】屏幕内没有目标
2025-09-15 18:40:24 [TRACE] 【目标检测】屏幕内没有目标
2025-09-15 18:40:25 [TRACE] 【目标检测】目标存在，但置信度不足
2025-09-15 18:40:26 [TRACE] 【目标检测】目标存在，但置信度不足
2025-09-15 18:40:26 [TRACE] 【状态】搜索模式：C:\Users\gelon\Desktop\ZA-Lite\assets/images/hollow\meter.png 置信度：0.9103074073791504
2025-09-15 18:40:26 [TRACE] 【目标检测】屏幕内没有目标
2025-09-15 18:40:27 [TRACE] 【目标检测】屏幕内没有目标
2025-09-15 18:40:27 [TRACE] 【目标检测】屏幕内没有目标
2025-09-15 18:40:29 [TRACE] 【目标检测】目标存在，但置信度不足
2025-09-15 18:40:30 [TRACE] 【目标检测】目标存在，但置信度不足
2025-09-15 18:40:30 [TRACE] 【状态】搜索模式：C:\Users\gelon\Desktop\ZA-Lite\assets/images/hollow\meter.png 置信度：0.9149112701416016
2025-09-15 18:40:30 [TRACE] 【目标检测】目标存在，但置信度不足
2025-09-15 18:40:31 [TRACE] 【目标检测】屏幕内没有目标
2025-09-15 18:40:32 [TRACE] 【目标检测】屏幕内没有目标
2025-09-15 18:40:34 [TRACE] 【目标检测】微调超时，无法对齐！
2025-09-15 18:40:35 [TRACE] 【状态】搜索模式：C:\Users\gelon\Desktop\ZA-Lite\assets/images/hollow\meter.png 置信度：0.9330921769142151
2025-09-15 18:40:36 [TRACE] 【目标检测】屏幕内没有目标
2025-09-15 18:40:36 [TRACE] 【目标检测】屏幕内没有目标
2025-09-15 18:40:37 [TRACE] 【目标检测】目标存在，但置信度不足
2025-09-15 18:40:39 [TRACE] 【状态】搜索模式：C:\Users\gelon\Desktop\ZA-Lite\assets/images/hollow\meter.png 置信度：0.9299489855766296
2025-09-15 18:40:39 [TRACE] 【目标检测】屏幕内没有目标
2025-09-15 18:40:42 [TRACE] 【目标检测】微调超时，无法对齐！
2025-09-15 18:40:43 [TRACE] 【目标检测】目标存在，但置信度不足
2025-09-15 18:40:44 [TRACE] 【目标检测】屏幕内没有目标
2025-09-15 18:40:44 [TRACE] 【空洞监听】无匹配已持续：0秒
2025-09-15 18:40:46 [TRACE] 【目标检测】屏幕内没有目标
2025-09-15 18:40:47 [TRACE] 【状态】搜索模式：C:\Users\gelon\Desktop\ZA-Lite\assets/images/hollow\meter.png 置信度：0.9483757615089417
2025-09-15 18:40:48 [TRACE] 【目标检测】屏幕内没有目标
2025-09-15 18:40:48 [TRACE] 【目标检测】微调超时，无法对齐！
2025-09-15 18:40:50 [TRACE] 【目标检测】目标存在，但置信度不足
2025-09-15 18:40:51 [TRACE] 【状态】搜索模式：C:\Users\gelon\Desktop\ZA-Lite\assets/images/hollow\meter.png 置信度：0.9404643774032593
2025-09-15 18:40:51 [TRACE] 【目标检测】目标存在，但置信度不足
2025-09-15 18:40:52 [TRACE] 【目标检测】目标存在，但置信度不足
2025-09-15 18:40:54 [TRACE] 【目标检测】目标存在，但置信度不足
2025-09-15 18:40:55 [TRACE] 【状态】搜索模式：C:\Users\gelon\Desktop\ZA-Lite\assets/images/hollow\meter.png 置信度：0.9781128168106079
2025-09-15 18:40:55 [TRACE] 【目标检测】微调超时，无法对齐！
2025-09-15 18:40:56 [TRACE] 【目标检测】目标存在，但置信度不足
2025-09-15 18:40:58 [TRACE] 【目标检测】目标存在，但置信度不足
2025-09-15 18:41:00 [TRACE] 【空洞监听】无匹配已持续：0秒
2025-09-15 18:41:00 [TRACE] 【目标检测】微调超时，无法对齐！
2025-09-15 18:41:02 [TRACE] 【目标检测】目标存在，但置信度不足
2025-09-15 18:41:03 [TRACE] 【状态】搜索模式：C:\Users\gelon\Desktop\ZA-Lite\assets/images/hollow\meter.png 置信度：0.945438027381897
2025-09-15 18:41:03 [TRACE] 【目标检测】屏幕内没有目标
2025-09-15 18:41:06 [TRACE] 【目标检测】目标存在，但置信度不足
2025-09-15 18:41:06 [TRACE] 【目标检测】微调超时，无法对齐！
2025-09-15 18:41:08 [TRACE] 【目标检测】目标存在，但置信度不足
2025-09-15 18:41:08 [TRACE] 【目标检测】目标存在，但置信度不足
2025-09-15 18:41:08 [TRACE] 【空洞监听】无匹配已持续：0秒
2025-09-15 18:41:09 [TRACE] 【目标检测】屏幕内没有目标
2025-09-15 18:41:12 [TRACE] 【空洞监听】无匹配已持续：3秒
2025-09-15 18:41:13 [TRACE] 【目标检测】微调超时，无法对齐！
2025-09-15 18:41:15 [TRACE] 【状态】搜索模式：C:\Users\gelon\Desktop\ZA-Lite\assets/images/hollow\meter.png 置信度：0.9046537280082703
2025-09-15 18:41:16 [TRACE] 【目标检测】TRAPPED！ 类型：guide_point 置信度：0.8708990812301636
2025-09-15 18:41:20 [TRACE] 【空洞监听】无匹配已持续：0秒
2025-09-15 18:41:22 [TRACE] 【状态】搜索模式：C:\Users\gelon\Desktop\ZA-Lite\assets/images/hollow\meter.png 置信度：0.9611717462539673
2025-09-15 18:41:22 [TRACE] 【目标检测】屏幕内没有目标
2025-09-15 18:41:23 [TRACE] 【目标检测】屏幕内没有目标
2025-09-15 18:41:24 [TRACE] 【目标检测】屏幕内没有目标
2025-09-15 18:41:25 [TRACE] 【目标检测】屏幕内没有目标
2025-09-15 18:41:26 [TRACE] 【目标检测】目标存在，但置信度不足
2025-09-15 18:41:26 [TRACE] 【目标检测】屏幕内没有目标
2025-09-15 18:41:28 [TRACE] 【空洞监听】无匹配已持续：0秒
2025-09-15 18:41:29 [TRACE] 【目标检测】屏幕内没有目标
2025-09-15 18:41:29 [TRACE] 【目标检测】目标存在，但置信度不足
2025-09-15 18:41:30 [TRACE] 【目标检测】目标存在，但置信度不足
2025-09-15 18:41:30 [TRACE] 【状态】搜索模式：C:\Users\gelon\Desktop\ZA-Lite\assets/images/hollow\meter.png 置信度：0.9682625532150269
2025-09-15 18:41:31 [TRACE] 【目标检测】目标存在，但置信度不足
2025-09-15 18:41:32 [TRACE] 【目标检测】目标存在，但置信度不足
2025-09-15 18:41:32 [TRACE] 【目标检测】屏幕内没有目标
2025-09-15 18:41:33 [TRACE] 【目标检测】微调超时，无法对齐！
2025-09-15 18:41:34 [TRACE] 【状态】搜索模式：C:\Users\gelon\Desktop\ZA-Lite\assets/images/hollow\meter.png 置信度：0.9561699032783508
2025-09-15 18:41:34 [TRACE] 【目标检测】屏幕内没有目标
2025-09-15 18:41:36 [TRACE] 【目标检测】屏幕内没有目标
2025-09-15 18:41:38 [TRACE] 【状态】搜索模式：C:\Users\gelon\Desktop\ZA-Lite\assets/images/hollow\meter.png 置信度：0.9521228075027466
2025-09-15 18:41:38 [TRACE] 【目标检测】屏幕内没有目标
2025-09-15 18:41:40 [TRACE] 【目标检测】微调超时，无法对齐！
2025-09-15 18:41:42 [TRACE] 【状态】搜索模式：C:\Users\gelon\Desktop\ZA-Lite\assets/images/hollow\meter.png 置信度：0.9216512441635132
2025-09-15 18:41:43 [TRACE] 【目标检测】屏幕内没有目标
2025-09-15 18:41:44 [TRACE] 【目标检测】屏幕内没有目标
2025-09-15 18:41:45 [TRACE] 【目标检测】目标存在，但置信度不足
2025-09-15 18:41:46 [TRACE] 【目标检测】微调超时，无法对齐！
2025-09-15 18:41:48 [TRACE] 【空洞监听】无匹配已持续：0秒
2025-09-15 18:41:49 [TRACE] 【目标检测】目标存在，但置信度不足
2025-09-15 18:41:50 [TRACE] 【目标检测】目标存在，但置信度不足
2025-09-15 18:41:50 [TRACE] 【状态】搜索模式：C:\Users\gelon\Desktop\ZA-Lite\assets/images/hollow\meter.png 置信度：0.9848664999008179
2025-09-15 18:41:51 [TRACE] 【目标检测】微调超时，无法对齐！
2025-09-15 18:41:53 [TRACE] 【目标检测】屏幕内没有目标
2025-09-15 18:41:54 [TRACE] 【状态】搜索模式：C:\Users\gelon\Desktop\ZA-Lite\assets/images/hollow\meter.png 置信度：0.9463318586349487
2025-09-15 18:41:54 [TRACE] 【目标检测】目标存在，但置信度不足
2025-09-15 18:41:55 [TRACE] 【目标检测】目标存在，但置信度不足
2025-09-15 18:41:56 [TRACE] 【目标检测】目标存在，但置信度不足
2025-09-15 18:41:57 [TRACE] 【目标检测】目标存在，但置信度不足
2025-09-15 18:41:58 [TRACE] 【目标检测】目标存在，但置信度不足
2025-09-15 18:41:58 [TRACE] 【状态】搜索模式：C:\Users\gelon\Desktop\ZA-Lite\assets/images/hollow\meter.png 置信度：0.9341299533843994
2025-09-15 18:41:59 [TRACE] 【目标检测】微调超时，无法对齐！
2025-09-15 18:42:01 [TRACE] 【目标检测】屏幕内没有目标
2025-09-15 18:42:02 [TRACE] 【目标检测】屏幕内没有目标
2025-09-15 18:42:02 [TRACE] 【状态】搜索模式：C:\Users\gelon\Desktop\ZA-Lite\assets/images/hollow\meter.png 置信度：0.9681975841522217
2025-09-15 18:42:03 [TRACE] 【目标检测】屏幕内没有目标
2025-09-15 18:42:04 [TRACE] 【目标检测】目标存在，但置信度不足
2025-09-15 18:42:07 [TRACE] 【目标检测】目标存在，但置信度不足
2025-09-15 18:42:07 [TRACE] 【目标检测】微调超时，无法对齐！
2025-09-15 18:42:08 [TRACE] 【空洞监听】无匹配已持续：0秒
2025-09-15 18:42:09 [TRACE] 【目标检测】目标存在，但置信度不足
2025-09-15 18:42:11 [TRACE] 【空洞监听】无匹配已持续：3秒
2025-09-15 18:42:12 [TRACE] 【目标检测】TRAPPED！ 类型：guide_point 置信度：0.6538922190666199
2025-09-15 18:42:15 [TRACE] 【空洞监听】无匹配已持续：7秒
2025-09-15 18:42:17 [TRACE] 【状态】搜索模式：C:\Users\gelon\Desktop\ZA-Lite\assets/images/hollow\meter.png 置信度：0.9092691540718079
2025-09-15 18:42:18 [TRACE] 【目标检测】屏幕内没有目标
2025-09-15 18:42:19 [TRACE] 【目标检测】屏幕内没有目标
2025-09-15 18:42:20 [TRACE] 【目标检测】目标存在，但置信度不足
2025-09-15 18:42:20 [TRACE] 【目标检测】屏幕内没有目标
2025-09-15 18:42:21 [TRACE] 【状态】搜索模式：C:\Users\gelon\Desktop\ZA-Lite\assets/images/hollow\meter.png 置信度：0.905836284160614
2025-09-15 18:42:21 [TRACE] 【目标检测】屏幕内没有目标
2025-09-15 18:42:22 [TRACE] 【目标检测】屏幕内没有目标
2025-09-15 18:42:24 [TRACE] 【目标检测】屏幕内没有目标
2025-09-15 18:42:25 [TRACE] 【目标检测】屏幕内没有目标
2025-09-15 18:42:26 [TRACE] 【目标检测】微调超时，无法对齐！
2025-09-15 18:42:27 [TRACE] 【空洞监听】无匹配已持续：0秒
2025-09-15 18:42:28 [TRACE] 【目标检测】目标存在，但置信度不足
2025-09-15 18:42:29 [TRACE] 【状态】搜索模式：C:\Users\gelon\Desktop\ZA-Lite\assets/images/hollow\meter.png 置信度：0.933844268321991
2025-09-15 18:42:30 [TRACE] 【目标检测】目标存在，但置信度不足
2025-09-15 18:42:31 [TRACE] 【目标检测】屏幕内没有目标
2025-09-15 18:42:33 [TRACE] 【目标检测】微调超时，无法对齐！
2025-09-15 18:42:34 [TRACE] 【目标检测】屏幕内没有目标
2025-09-15 18:42:35 [TRACE] 【空洞监听】无匹配已持续：0秒
2025-09-15 18:42:36 [TRACE] 【目标检测】目标存在，但置信度不足
2025-09-15 18:42:37 [TRACE] 【状态】搜索模式：C:\Users\gelon\Desktop\ZA-Lite\assets/images/hollow\meter.png 置信度：0.988792896270752
2025-09-15 18:42:37 [TRACE] 【目标检测】目标存在，但置信度不足
2025-09-15 18:42:38 [TRACE] 【目标检测】微调超时，无法对齐！
2025-09-15 18:42:41 [TRACE] 【目标检测】屏幕内没有目标
2025-09-15 18:42:42 [TRACE] 【空洞监听】无匹配已持续：0秒
2025-09-15 18:42:43 [TRACE] 【目标检测】目标存在，但置信度不足
2025-09-15 18:42:45 [TRACE] 【状态】搜索模式：C:\Users\gelon\Desktop\ZA-Lite\assets/images/hollow\meter.png 置信度：0.9248968958854675
2025-09-15 18:42:45 [TRACE] 【目标检测】微调超时，无法对齐！
2025-09-15 18:42:46 [TRACE] 【目标检测】目标存在，但置信度不足
2025-09-15 18:42:48 [TRACE] 【目标检测】屏幕内没有目标
2025-09-15 18:42:49 [TRACE] 【状态】搜索模式：C:\Users\gelon\Desktop\ZA-Lite\assets/images/hollow\meter.png 置信度：0.9553758502006531
2025-09-15 18:42:50 [TRACE] 【目标检测】目标存在，但置信度不足
2025-09-15 18:42:51 [TRACE] 【目标检测】微调超时，无法对齐！
2025-09-15 18:42:52 [TRACE] 【目标检测】TRAPPED！ 类型：guide_point 置信度：0.8506132364273071
2025-09-15 18:42:54 [TRACE] 【空洞监听】无匹配已持续：0秒
2025-09-15 18:42:58 [TRACE] 【空洞监听】无匹配已持续：3秒
2025-09-15 18:42:59 [TRACE] 【目标检测】TRAPPED！ 类型：guide_point 置信度：0.9347201585769653
2025-09-15 18:43:00 [TRACE] 【状态】搜索模式：C:\Users\gelon\Desktop\ZA-Lite\assets/images/hollow\meter.png 置信度：0.9684293866157532
2025-09-15 18:43:05 [TRACE] 【目标检测】TRAPPED！ 类型：guide_point 置信度：0.8664190769195557
2025-09-15 18:43:05 [TRACE] 【空洞监听】无匹配已持续：0秒
2025-09-15 18:43:08 [TRACE] 【状态】搜索模式：C:\Users\gelon\Desktop\ZA-Lite\assets/images/hollow\meter.png 置信度：0.9061946868896484
2025-09-15 18:43:09 [TRACE] 【目标检测】目标存在，但置信度不足
2025-09-15 18:43:11 [TRACE] 【目标检测】屏幕内没有目标
2025-09-15 18:43:12 [TRACE] 【目标检测】屏幕内没有目标
2025-09-15 18:43:12 [TRACE] 【状态】搜索模式：C:\Users\gelon\Desktop\ZA-Lite\assets/images/hollow\meter.png 置信度：0.9125800728797913
2025-09-15 18:43:13 [TRACE] 【目标检测】屏幕内没有目标
2025-09-15 18:43:14 [TRACE] 【目标检测】微调超时，无法对齐！
2025-09-15 18:43:15 [TRACE] 【目标检测】目标存在，但置信度不足
2025-09-15 18:43:17 [TRACE] 【目标检测】目标存在，但置信度不足
2025-09-15 18:43:17 [TRACE] 【空洞监听】无匹配已持续：0秒
2025-09-15 18:43:19 [TRACE] 【目标检测】微调超时，无法对齐！
2025-09-15 18:43:21 [TRACE] 【空洞监听】无匹配已持续：3秒
2025-09-15 18:43:22 [TRACE] 【目标检测】TRAPPED！ 类型：guide_point 置信度：0.620561420917511
2025-09-15 18:43:24 [TRACE] 【空洞监听】无匹配已持续：6秒
2025-09-15 18:43:28 [TRACE] 【空洞监听】无匹配已持续：10秒
2025-09-15 18:43:29 [TRACE] 【目标检测】目标存在，但置信度不足
2025-09-15 18:43:30 [TRACE] 【目标检测】目标存在，但置信度不足
2025-09-15 18:43:30 [TRACE] 【状态】搜索模式：C:\Users\gelon\Desktop\ZA-Lite\assets/images/hollow\meter.png 置信度：0.9685463905334473
2025-09-15 18:43:30 [TRACE] 【目标检测】目标存在，但置信度不足
2025-09-15 18:43:31 [TRACE] 【目标检测】屏幕内没有目标
2025-09-15 18:43:32 [TRACE] 【目标检测】屏幕内没有目标
2025-09-15 18:43:33 [TRACE] 【目标检测】目标存在，但置信度不足
2025-09-15 18:43:35 [TRACE] 【目标检测】微调超时，无法对齐！
2025-09-15 18:43:36 [TRACE] 【空洞监听】无匹配已持续：0秒
2025-09-15 18:43:37 [TRACE] 【目标检测】目标存在，但置信度不足
2025-09-15 18:43:39 [TRACE] 【目标检测】屏幕内没有目标
2025-09-15 18:43:40 [TRACE] 【空洞监听】无匹配已持续：3秒
2025-09-15 18:43:40 [TRACE] 【目标检测】微调超时，无法对齐！
2025-09-15 18:43:42 [TRACE] 【目标检测】目标存在，但置信度不足
2025-09-15 18:43:43 [TRACE] 【目标检测】目标存在，但置信度不足
2025-09-15 18:43:43 [TRACE] 【空洞监听】无匹配已持续：7秒
2025-09-15 18:43:44 [TRACE] 【目标检测】屏幕内没有目标
2025-09-15 18:43:45 [TRACE] 【目标检测】屏幕内没有目标
2025-09-15 18:43:47 [TRACE] 【空洞监听】无匹配已持续：11秒
2025-09-15 18:43:48 [TRACE] 【目标检测】屏幕内没有目标
2025-09-15 18:43:49 [TRACE] 【目标检测】微调超时，无法对齐！
2025-09-15 18:43:50 [TRACE] 【状态】搜索模式：C:\Users\gelon\Desktop\ZA-Lite\assets/images/hollow\meter.png 置信度：0.926437258720398
2025-09-15 18:43:51 [TRACE] 【目标检测】目标存在，但置信度不足
2025-09-15 18:43:51 [TRACE] 【目标检测】目标存在，但置信度不足
2025-09-15 18:43:52 [TRACE] 【目标检测】目标存在，但置信度不足
2025-09-15 18:43:53 [TRACE] 【目标检测】屏幕内没有目标
2025-09-15 18:43:53 [TRACE] 【目标检测】屏幕内没有目标
2025-09-15 18:43:54 [TRACE] 【目标检测】屏幕内没有目标
2025-09-15 18:43:55 [TRACE] 【空洞监听】无匹配已持续：0秒
2025-09-15 18:43:56 [TRACE] 【目标检测】屏幕内没有目标
2025-09-15 18:43:58 [TRACE] 【目标检测】目标存在，但置信度不足
2025-09-15 18:43:58 [TRACE] 【状态】搜索模式：C:\Users\gelon\Desktop\ZA-Lite\assets/images/hollow\meter.png 置信度：0.9189351201057434
2025-09-15 18:43:58 [TRACE] 【目标检测】微调超时，无法对齐！
2025-09-15 18:44:02 [TRACE] 【目标检测】屏幕内没有目标
2025-09-15 18:44:02 [TRACE] 【状态】搜索模式：C:\Users\gelon\Desktop\ZA-Lite\assets/images/hollow\meter.png 置信度：0.9357619881629944
2025-09-15 18:44:03 [TRACE] 【目标检测】目标存在，但置信度不足
2025-09-15 18:44:04 [TRACE] 【目标检测】微调超时，无法对齐！
2025-09-15 18:44:06 [TRACE] 【目标检测】目标存在，但置信度不足
2025-09-15 18:44:07 [TRACE] 【目标检测】目标存在，但置信度不足
2025-09-15 18:44:08 [TRACE] 【空洞监听】无匹配已持续：0秒
2025-09-15 18:44:08 [TRACE] 【目标检测】目标存在，但置信度不足
2025-09-15 18:44:10 [TRACE] 【目标检测】微调超时，无法对齐！
2025-09-15 18:44:11 [TRACE] 【空洞监听】无匹配已持续：3秒
2025-09-15 18:44:12 [TRACE] 【目标检测】屏幕内没有目标
2025-09-15 18:44:13 [TRACE] 【目标检测】屏幕内没有目标
2025-09-15 18:44:14 [TRACE] 【状态】搜索模式：C:\Users\gelon\Desktop\ZA-Lite\assets/images/hollow\meter.png 置信度：0.9324425458908081
2025-09-15 18:44:15 [TRACE] 【目标检测】屏幕内没有目标
2025-09-15 18:44:16 [TRACE] 【目标检测】微调超时，无法对齐！
2025-09-15 18:44:18 [TRACE] 【目标检测】目标存在，但置信度不足
2025-09-15 18:44:18 [TRACE] 【状态】搜索模式：C:\Users\gelon\Desktop\ZA-Lite\assets/images/hollow\meter.png 置信度：0.9142211675643921
2025-09-15 18:44:19 [TRACE] 【目标检测】屏幕内没有目标
2025-09-15 18:44:22 [TRACE] 【状态】搜索模式：C:\Users\gelon\Desktop\ZA-Lite\assets/images/hollow\meter.png 置信度：0.9313109517097473
2025-09-15 18:44:22 [TRACE] 【目标检测】目标存在，但置信度不足
2025-09-15 18:44:23 [TRACE] 【目标检测】微调超时，无法对齐！
2025-09-15 18:44:26 [TRACE] 【目标检测】TRAPPED！ 类型：guide_point 置信度：0.6634315848350525
2025-09-15 18:44:28 [TRACE] 【空洞监听】无匹配已持续：0秒
2025-09-15 18:44:30 [TRACE] 【状态】搜索模式：C:\Users\gelon\Desktop\ZA-Lite\assets/images/hollow\meter.png 置信度：0.9921715259552002
2025-09-15 18:44:32 [TRACE] 【目标检测】屏幕内没有目标
2025-09-15 18:44:32 [TRACE] 【目标检测】屏幕内没有目标
2025-09-15 18:44:34 [TRACE] 【目标检测】屏幕内没有目标
2025-09-15 18:44:34 [TRACE] 【状态】搜索模式：C:\Users\gelon\Desktop\ZA-Lite\assets/images/hollow\meter.png 置信度：0.9872645139694214
2025-09-15 18:44:35 [TRACE] 【目标检测】屏幕内没有目标
2025-09-15 18:44:36 [TRACE] 【目标检测】屏幕内没有目标
2025-09-15 18:44:38 [TRACE] 【目标检测】屏幕内没有目标
2025-09-15 18:44:39 [TRACE] 【目标检测】目标存在，但置信度不足
2025-09-15 18:44:40 [TRACE] 【空洞监听】无匹配已持续：0秒
2025-09-15 18:44:40 [TRACE] 【目标检测】微调超时，无法对齐！
2025-09-15 18:44:41 [TRACE] 【目标检测】目标存在，但置信度不足
2025-09-15 18:44:42 [TRACE] 【目标检测】屏幕内没有目标
2025-09-15 18:44:43 [TRACE] 【目标检测】目标存在，但置信度不足
2025-09-15 18:44:44 [TRACE] 【空洞监听】无匹配已持续：3秒
2025-09-15 18:44:44 [TRACE] 【目标检测】目标存在，但置信度不足
2025-09-15 18:44:45 [TRACE] 【目标检测】屏幕内没有目标
2025-09-15 18:44:46 [TRACE] 【状态】搜索模式：C:\Users\gelon\Desktop\ZA-Lite\assets/images/hollow\meter.png 置信度：0.9657946825027466
2025-09-15 18:44:46 [TRACE] 【目标检测】屏幕内没有目标
2025-09-15 18:44:47 [TRACE] 【目标检测】目标存在，但置信度不足
2025-09-15 18:44:49 [TRACE] 【目标检测】目标存在，但置信度不足
2025-09-15 18:44:49 [TRACE] 【目标检测】屏幕内没有目标
2025-09-15 18:44:51 [TRACE] 【目标检测】微调超时，无法对齐！
2025-09-15 18:44:52 [TRACE] 【空洞监听】无匹配已持续：0秒
2025-09-15 18:44:53 [TRACE] 【目标检测】屏幕内没有目标
2025-09-15 18:44:54 [TRACE] 【状态】搜索模式：C:\Users\gelon\Desktop\ZA-Lite\assets/images/hollow\meter.png 置信度：0.9801070690155029
2025-09-15 18:44:55 [TRACE] 【目标检测】屏幕内没有目标
2025-09-15 18:44:56 [TRACE] 【目标检测】屏幕内没有目标
2025-09-15 18:44:56 [TRACE] 【目标检测】屏幕内没有目标
2025-09-15 18:44:58 [TRACE] 【目标检测】微调超时，无法对齐！
2025-09-15 18:44:59 [TRACE] 【空洞监听】无匹配已持续：0秒
2025-09-15 18:45:00 [TRACE] 【目标检测】屏幕内没有目标
2025-09-15 18:45:02 [TRACE] 【状态】搜索模式：C:\Users\gelon\Desktop\ZA-Lite\assets/images/hollow\meter.png 置信度：0.9501767158508301
2025-09-15 18:45:03 [TRACE] 【目标检测】目标存在，但置信度不足
2025-09-15 18:45:03 [TRACE] 【目标检测】屏幕内没有目标
2025-09-15 18:45:05 [TRACE] 【目标检测】屏幕内没有目标
2025-09-15 18:45:05 [TRACE] 【目标检测】微调超时，无法对齐！
2025-09-15 18:45:07 [TRACE] 【目标检测】屏幕内没有目标
2025-09-15 18:45:07 [TRACE] 【空洞监听】无匹配已持续：0秒
2025-09-15 18:45:08 [TRACE] 【目标检测】屏幕内没有目标
2025-09-15 18:45:09 [TRACE] 【目标检测】屏幕内没有目标
2025-09-15 18:45:10 [TRACE] 【状态】搜索模式：C:\Users\gelon\Desktop\ZA-Lite\assets/images/hollow\meter.png 置信度：0.9912469983100891
2025-09-15 18:45:12 [TRACE] 【目标检测】屏幕内没有目标
2025-09-15 18:45:13 [TRACE] 【目标检测】微调超时，无法对齐！
2025-09-15 18:45:14 [TRACE] 【状态】搜索模式：C:\Users\gelon\Desktop\ZA-Lite\assets/images/hollow\meter.png 置信度：0.9338470697402954
2025-09-15 18:45:17 [TRACE] 【目标检测】目标存在，但置信度不足
2025-09-15 18:45:18 [TRACE] 【目标检测】屏幕内没有目标
2025-09-15 18:45:18 [TRACE] 【状态】搜索模式：C:\Users\gelon\Desktop\ZA-Lite\assets/images/hollow\meter.png 置信度：0.9763923287391663
2025-09-15 18:45:19 [TRACE] 【目标检测】屏幕内没有目标
2025-09-15 18:45:20 [TRACE] 【目标检测】微调超时，无法对齐！
2025-09-15 18:45:22 [TRACE] 【状态】搜索模式：C:\Users\gelon\Desktop\ZA-Lite\assets/images/hollow\meter.png 置信度：0.9505523443222046
2025-09-15 18:45:22 [TRACE] 【目标检测】目标存在，但置信度不足
2025-09-15 18:45:24 [TRACE] 【目标检测】微调超时，无法对齐！
2025-09-15 18:45:26 [TRACE] 【目标检测】TRAPPED！ 类型：guide_point 置信度：0.6352038979530334
2025-09-15 18:45:27 [TRACE] 【空洞监听】无匹配已持续：0秒
2025-09-15 18:45:31 [TRACE] 【空洞监听】无匹配已持续：3秒
2025-09-15 18:45:32 [TRACE] 【目标检测】屏幕内没有目标
2025-09-15 18:45:33 [TRACE] 【目标检测】屏幕内没有目标
2025-09-15 18:45:33 [TRACE] 【状态】搜索模式：C:\Users\gelon\Desktop\ZA-Lite\assets/images/hollow\meter.png 置信度：0.9811388850212097
2025-09-15 18:45:33 [TRACE] 【目标检测】屏幕内没有目标
2025-09-15 18:45:34 [TRACE] 【目标检测】屏幕内没有目标
2025-09-15 18:45:36 [TRACE] 【目标检测】目标存在，但置信度不足
2025-09-15 18:45:37 [TRACE] 【目标检测】目标存在，但置信度不足
2025-09-15 18:45:37 [TRACE] 【状态】搜索模式：C:\Users\gelon\Desktop\ZA-Lite\assets/images/hollow\meter.png 置信度：0.9826173782348633
2025-09-15 18:45:38 [TRACE] 【目标检测】目标存在，但置信度不足
2025-09-15 18:45:39 [TRACE] 【目标检测】屏幕内没有目标
2025-09-15 18:45:41 [TRACE] 【目标检测】目标存在，但置信度不足
2025-09-15 18:45:41 [TRACE] 【状态】搜索模式：C:\Users\gelon\Desktop\ZA-Lite\assets/images/hollow\meter.png 置信度：0.9686989784240723
2025-09-15 18:45:41 [TRACE] 【目标检测】微调超时，无法对齐！
2025-09-15 18:45:43 [TRACE] 【目标检测】目标存在，但置信度不足
2025-09-15 18:45:44 [TRACE] 【目标检测】屏幕内没有目标
2025-09-15 18:45:46 [TRACE] 【目标检测】TRAPPED！ 类型：guide_point 置信度：0.8506009578704834
2025-09-15 18:45:47 [TRACE] 【空洞监听】无匹配已持续：0秒
2025-09-15 18:45:49 [TRACE] 【目标检测】目标存在，但置信度不足
2025-09-15 18:45:49 [TRACE] 【状态】搜索模式：C:\Users\gelon\Desktop\ZA-Lite\assets/images/hollow\meter.png 置信度：0.9421976804733276
2025-09-15 18:45:51 [TRACE] 【目标检测】TRAPPED！ 类型：guide_point 置信度：0.9495640397071838
2025-09-15 18:45:53 [TRACE] 【状态】搜索模式：C:\Users\gelon\Desktop\ZA-Lite\assets/images/hollow\meter.png 置信度：0.9440831542015076
2025-09-15 18:45:57 [TRACE] 【状态】搜索模式：C:\Users\gelon\Desktop\ZA-Lite\assets/images/hollow\meter.png 置信度：0.9426471590995789
2025-09-15 18:45:57 [TRACE] 【目标检测】TRAPPED！ 类型：guide_point 置信度：0.854919970035553
2025-09-15 18:46:01 [TRACE] 【状态】搜索模式：C:\Users\gelon\Desktop\ZA-Lite\assets/images/hollow\meter.png 置信度：0.9391888976097107
2025-09-15 18:46:01 [TRACE] 【目标检测】目标存在，但置信度不足
2025-09-15 18:46:02 [TRACE] 【目标检测】屏幕内没有目标
2025-09-15 18:46:03 [TRACE] 【目标检测】目标存在，但置信度不足
2025-09-15 18:46:05 [TRACE] 【目标检测】屏幕内没有目标
2025-09-15 18:46:05 [TRACE] 【目标检测】目标存在，但置信度不足
2025-09-15 18:46:05 [TRACE] 【状态】搜索模式：C:\Users\gelon\Desktop\ZA-Lite\assets/images/hollow\meter.png 置信度：0.9694744348526001
2025-09-15 18:46:06 [TRACE] 【目标检测】屏幕内没有目标
2025-09-15 18:46:07 [TRACE] 【目标检测】微调超时，无法对齐！
2025-09-15 18:46:08 [TRACE] 【目标检测】目标存在，但置信度不足
2025-09-15 18:46:09 [TRACE] 【目标检测】屏幕内没有目标
2025-09-15 18:46:10 [TRACE] 【目标检测】目标存在，但置信度不足
2025-09-15 18:46:11 [TRACE] 【空洞监听】无匹配已持续：0秒
2025-09-15 18:46:12 [TRACE] 【目标检测】目标存在，但置信度不足
2025-09-15 18:46:12 [TRACE] 【目标检测】目标存在，但置信度不足
2025-09-15 18:46:14 [TRACE] 【目标检测】微调超时，无法对齐！
2025-09-15 18:46:14 [TRACE] 【空洞监听】无匹配已持续：3秒
2025-09-15 18:46:18 [TRACE] 【目标检测】TRAPPED！ 类型：guide_point 置信度：0.8905777335166931
2025-09-15 18:46:18 [TRACE] 【空洞监听】无匹配已持续：7秒
2025-09-15 18:46:20 [TRACE] 【状态】搜索模式：C:\Users\gelon\Desktop\ZA-Lite\assets/images/hollow\meter.png 置信度：0.9043809771537781
2025-09-15 18:46:24 [TRACE] 【目标检测】屏幕内没有目标
2025-09-15 18:46:24 [TRACE] 【状态】搜索模式：C:\Users\gelon\Desktop\ZA-Lite\assets/images/hollow\meter.png 置信度：0.9426290392875671
2025-09-15 18:46:25 [TRACE] 【目标检测】目标存在，但置信度不足
2025-09-15 18:46:27 [TRACE] 【目标检测】TRAPPED！ 类型：guide_point 置信度：0.7299948334693909
2025-09-15 18:46:29 [TRACE] 【状态】搜索模式：C:\Users\gelon\Desktop\ZA-Lite\assets/images/hollow\meter.png 置信度：0.9192325472831726
2025-09-15 18:46:31 [TRACE] 【目标检测】屏幕内没有目标
2025-09-15 18:46:32 [TRACE] 【目标检测】屏幕内没有目标
2025-09-15 18:46:33 [TRACE] 【状态】搜索模式：C:\Users\gelon\Desktop\ZA-Lite\assets/images/hollow\meter.png 置信度：0.9841685891151428
2025-09-15 18:46:33 [TRACE] 【目标检测】目标存在，但置信度不足
2025-09-15 18:46:34 [TRACE] 【目标检测】屏幕内没有目标
2025-09-15 18:46:35 [TRACE] 【目标检测】屏幕内没有目标
2025-09-15 18:46:36 [TRACE] 【目标检测】微调超时，无法对齐！
2025-09-15 18:46:38 [TRACE] 【目标检测】屏幕内没有目标
2025-09-15 18:46:38 [TRACE] 【空洞监听】无匹配已持续：0秒
2025-09-15 18:46:41 [TRACE] 【目标检测】目标存在，但置信度不足
2025-09-15 18:46:42 [TRACE] 【目标检测】目标存在，但置信度不足
2025-09-15 18:46:42 [TRACE] 【空洞监听】无匹配已持续：3秒
2025-09-15 18:46:43 [TRACE] 【目标检测】目标存在，但置信度不足
2025-09-15 18:46:44 [TRACE] 【目标检测】微调超时，无法对齐！
2025-09-15 18:46:46 [TRACE] 【空洞监听】无匹配已持续：7秒
2025-09-15 18:46:46 [TRACE] 【目标检测】屏幕内没有目标
2025-09-15 18:46:47 [TRACE] 【目标检测】目标存在，但置信度不足
2025-09-15 18:46:49 [TRACE] 【目标检测】屏幕内没有目标
2025-09-15 18:46:50 [TRACE] 【空洞监听】无匹配已持续：11秒
2025-09-15 18:46:50 [TRACE] 【目标检测】屏幕内没有目标
2025-09-15 18:46:51 [TRACE] 【目标检测】微调超时，无法对齐！
2025-09-15 18:46:53 [TRACE] 【目标检测】目标存在，但置信度不足
2025-09-15 18:46:53 [TRACE] 【目标检测】屏幕内没有目标
2025-09-15 18:46:53 [TRACE] 【空洞监听】无匹配已持续：15秒
2025-09-15 18:46:54 [TRACE] 【目标检测】屏幕内没有目标
2025-09-15 18:46:56 [TRACE] 【目标检测】目标存在，但置信度不足
2025-09-15 18:46:56 [TRACE] 【状态】搜索模式：C:\Users\gelon\Desktop\ZA-Lite\assets/images/hollow\meter.png 置信度：0.9234479069709778
2025-09-15 18:46:56 [TRACE] 【目标检测】目标存在，但置信度不足
2025-09-15 18:46:57 [TRACE] 【目标检测】目标存在，但置信度不足
2025-09-15 18:46:57 [TRACE] 【目标检测】屏幕内没有目标
2025-09-15 18:46:58 [TRACE] 【目标检测】目标存在，但置信度不足
2025-09-15 18:46:59 [TRACE] 【目标检测】屏幕内没有目标
2025-09-15 18:47:00 [TRACE] 【目标检测】屏幕内没有目标
2025-09-15 18:47:01 [TRACE] 【目标检测】目标存在，但置信度不足
2025-09-15 18:47:01 [TRACE] 【空洞监听】无匹配已持续：0秒
2025-09-15 18:47:02 [TRACE] 【目标检测】屏幕内没有目标
2025-09-15 18:47:03 [TRACE] 【目标检测】屏幕内没有目标
2025-09-15 18:47:05 [TRACE] 【目标检测】屏幕内没有目标
2025-09-15 18:47:05 [TRACE] 【空洞监听】无匹配已持续：3秒
2025-09-15 18:47:06 [TRACE] 【目标检测】微调超时，无法对齐！
2025-09-15 18:47:08 [TRACE] 【目标检测】屏幕内没有目标
2025-09-15 18:47:08 [TRACE] 【目标检测】屏幕内没有目标
2025-09-15 18:47:09 [TRACE] 【空洞监听】无匹配已持续：7秒
2025-09-15 18:47:09 [TRACE] 【目标检测】屏幕内没有目标
2025-09-15 18:47:11 [TRACE] 【目标检测】目标存在，但置信度不足
2025-09-15 18:47:11 [TRACE] 【目标检测】屏幕内没有目标
2025-09-15 18:47:13 [TRACE] 【空洞监听】无匹配已持续：11秒
2025-09-15 18:47:13 [TRACE] 【目标检测】目标存在，但置信度不足
2025-09-15 18:47:14 [TRACE] 【目标检测】屏幕内没有目标
2025-09-15 18:47:15 [TRACE] 【目标检测】目标存在，但置信度不足
2025-09-15 18:47:15 [TRACE] 【目标检测】屏幕内没有目标
2025-09-15 18:47:16 [TRACE] 【空洞监听】无匹配已持续：14秒
2025-09-15 18:47:18 [TRACE] 【目标检测】微调超时，无法对齐！
2025-09-15 18:47:19 [TRACE] 【目标检测】目标存在，但置信度不足
2025-09-15 18:47:20 [TRACE] 【目标检测】屏幕内没有目标
2025-09-15 18:47:20 [TRACE] 【空洞监听】无匹配已持续：19秒
2025-09-15 18:47:23 [TRACE] 【目标检测】屏幕内没有目标
2025-09-15 18:47:24 [TRACE] 【目标检测】微调超时，无法对齐！
2025-09-15 18:47:24 [TRACE] 【空洞监听】无匹配已持续：22秒
2025-09-15 18:47:25 [TRACE] 【目标检测】屏幕内没有目标
2025-09-15 18:47:26 [TRACE] 【状态】搜索模式：C:\Users\gelon\Desktop\ZA-Lite\assets/images/hollow\meter.png 置信度：0.9713320732116699
2025-09-15 18:47:28 [TRACE] 【目标检测】目标存在，但置信度不足
2025-09-15 18:47:29 [TRACE] 【目标检测】目标存在，但置信度不足
2025-09-15 18:47:30 [TRACE] 【目标检测】目标存在，但置信度不足
2025-09-15 18:47:30 [TRACE] 【状态】搜索模式：C:\Users\gelon\Desktop\ZA-Lite\assets/images/hollow\meter.png 置信度：0.9105570316314697
2025-09-15 18:47:31 [TRACE] 【目标检测】屏幕内没有目标
2025-09-15 18:47:32 [TRACE] 【目标检测】微调超时，无法对齐！
2025-09-15 18:47:35 [TRACE] 【状态】搜索模式：C:\Users\gelon\Desktop\ZA-Lite\assets/images/hollow\meter.png 置信度：0.9114035367965698
2025-09-15 18:47:35 [TRACE] 【目标检测】屏幕内没有目标
2025-09-15 18:47:35 [TRACE] 【目标检测】屏幕内没有目标
2025-09-15 18:47:36 [TRACE] 【目标检测】屏幕内没有目标
2025-09-15 18:47:36 [TRACE] 【目标检测】屏幕内没有目标
2025-09-15 18:47:39 [TRACE] 【目标检测】目标存在，但置信度不足
2025-09-15 18:47:40 [TRACE] 【空洞监听】无匹配已持续：0秒
2025-09-15 18:47:41 [TRACE] 【目标检测】目标存在，但置信度不足
2025-09-15 18:47:41 [TRACE] 【目标检测】微调超时，无法对齐！
2025-09-15 18:47:42 [TRACE] 【状态】搜索模式：C:\Users\gelon\Desktop\ZA-Lite\assets/images/hollow\meter.png 置信度：0.9422502517700195
2025-09-15 18:47:43 [TRACE] 【目标检测】屏幕内没有目标
2025-09-15 18:47:44 [TRACE] 【目标检测】目标存在，但置信度不足
2025-09-15 18:47:44 [TRACE] 【目标检测】屏幕内没有目标
2025-09-15 18:47:45 [TRACE] 【目标检测】目标存在，但置信度不足
2025-09-15 18:47:47 [TRACE] 【目标检测】屏幕内没有目标
2025-09-15 18:47:47 [TRACE] 【状态】搜索模式：C:\Users\gelon\Desktop\ZA-Lite\assets/images/hollow\meter.png 置信度：0.9116268754005432
2025-09-15 18:47:47 [TRACE] 【目标检测】屏幕内没有目标
2025-09-15 18:47:49 [TRACE] 【目标检测】屏幕内没有目标
2025-09-15 18:47:51 [TRACE] 【状态】搜索模式：C:\Users\gelon\Desktop\ZA-Lite\assets/images/hollow\meter.png 置信度：0.9240459203720093
2025-09-15 18:47:51 [TRACE] 【目标检测】微调超时，无法对齐！
2025-09-15 18:47:54 [TRACE] 【目标检测】TRAPPED！ 类型：guide_point 置信度：0.8018413186073303
2025-09-15 18:47:55 [TRACE] 【状态】搜索模式：C:\Users\gelon\Desktop\ZA-Lite\assets/images/hollow\meter.png 置信度：0.9360624551773071
2025-09-15 18:48:00 [TRACE] 【空洞监听】无匹配已持续：0秒
2025-09-15 18:48:00 [TRACE] 【目标检测】屏幕内没有目标
2025-09-15 18:48:00 [TRACE] 【目标检测】屏幕内没有目标
2025-09-15 18:48:01 [TRACE] 【目标检测】屏幕内没有目标
2025-09-15 18:48:02 [TRACE] 【目标检测】目标存在，但置信度不足
2025-09-15 18:48:03 [TRACE] 【目标检测】目标存在，但置信度不足
2025-09-15 18:48:03 [TRACE] 【状态】搜索模式：C:\Users\gelon\Desktop\ZA-Lite\assets/images/hollow\meter.png 置信度：0.9923149943351746
2025-09-15 18:48:03 [TRACE] 【目标检测】屏幕内没有目标
2025-09-15 18:48:04 [TRACE] 【目标检测】屏幕内没有目标
2025-09-15 18:48:06 [TRACE] 【目标检测】屏幕内没有目标
2025-09-15 18:48:07 [TRACE] 【目标检测】屏幕内没有目标
2025-09-15 18:48:07 [TRACE] 【状态】搜索模式：C:\Users\gelon\Desktop\ZA-Lite\assets/images/hollow\meter.png 置信度：0.94394850730896
2025-09-15 18:48:08 [TRACE] 【目标检测】屏幕内没有目标
2025-09-15 18:48:10 [TRACE] 【目标检测】微调超时，无法对齐！
2025-09-15 18:48:12 [TRACE] 【空洞监听】无匹配已持续：0秒
2025-09-15 18:48:12 [TRACE] 【目标检测】目标存在，但置信度不足
2025-09-15 18:48:13 [TRACE] 【目标检测】屏幕内没有目标
2025-09-15 18:48:14 [TRACE] 【目标检测】屏幕内没有目标
2025-09-15 18:48:16 [TRACE] 【空洞监听】无匹配已持续：3秒
2025-09-15 18:48:17 [TRACE] 【目标检测】目标存在，但置信度不足
2025-09-15 18:48:18 [TRACE] 【目标检测】微调超时，无法对齐！
2025-09-15 18:48:20 [TRACE] 【空洞监听】无匹配已持续：8秒
2025-09-15 18:48:21 [TRACE] 【目标检测】屏幕内没有目标
2025-09-15 18:48:23 [TRACE] 【目标检测】微调超时，无法对齐！
2025-09-15 18:48:24 [TRACE] 【空洞监听】无匹配已持续：11秒
2025-09-15 18:48:25 [TRACE] 【目标检测】TRAPPED！ 类型：guide_point 置信度：0.8749502301216125
2025-09-15 18:48:26 [TRACE] 【状态】搜索模式：C:\Users\gelon\Desktop\ZA-Lite\assets/images/hollow\meter.png 置信度：0.9378047585487366
2025-09-15 18:48:31 [TRACE] 【目标检测】TRAPPED！ 类型：guide_point 置信度：0.8606200218200684
2025-09-15 18:48:31 [TRACE] 【空洞监听】无匹配已持续：0秒
2025-09-15 18:48:34 [TRACE] 【空洞监听】无匹配已持续：3秒
2025-09-15 18:48:37 [TRACE] 【目标检测】TRAPPED！ 类型：guide_point 置信度：0.6030975580215454
2025-09-15 18:48:38 [TRACE] 【空洞监听】无匹配已持续：7秒
2025-09-15 18:48:41 [TRACE] 【目标检测】目标存在，但置信度不足
2025-09-15 18:48:41 [TRACE] 【空洞监听】无匹配已持续：10秒
2025-09-15 18:48:43 [TRACE] 【目标检测】微调超时，无法对齐！
2025-09-15 18:48:45 [TRACE] 【目标检测】目标存在，但置信度不足
2025-09-15 18:48:45 [TRACE] 【空洞监听】无匹配已持续：14秒
2025-09-15 18:48:46 [TRACE] 【目标检测】目标存在，但置信度不足
2025-09-15 18:48:48 [TRACE] 【状态】搜索模式：C:\Users\gelon\Desktop\ZA-Lite\assets/images/hollow\meter.png 置信度：0.9651036858558655
2025-09-15 18:48:49 [TRACE] 【目标检测】微调超时，无法对齐！
2025-09-15 18:48:50 [TRACE] 【目标检测】目标存在，但置信度不足
2025-09-15 18:48:53 [TRACE] 【空洞监听】无匹配已持续：0秒
2025-09-15 18:48:53 [TRACE] 【目标检测】TRAPPED！ 类型：guide_point 置信度：0.9103773832321167
2025-09-15 18:48:55 [TRACE] 【状态】搜索模式：C:\Users\gelon\Desktop\ZA-Lite\assets/images/hollow\meter.png 置信度：0.9569454789161682
2025-09-15 18:48:59 [TRACE] 【目标检测】目标存在，但置信度不足
2025-09-15 18:48:59 [TRACE] 【状态】搜索模式：C:\Users\gelon\Desktop\ZA-Lite\assets/images/hollow\meter.png 置信度：0.9904759526252747
2025-09-15 18:49:00 [TRACE] 【目标检测】目标存在，但置信度不足
2025-09-15 18:49:01 [TRACE] 【目标检测】目标存在，但置信度不足
2025-09-15 18:49:02 [TRACE] 【目标检测】目标存在，但置信度不足
2025-09-15 18:49:03 [TRACE] 【目标检测】屏幕内没有目标
2025-09-15 18:49:03 [TRACE] 【状态】搜索模式：C:\Users\gelon\Desktop\ZA-Lite\assets/images/hollow\meter.png 置信度：0.95948725938797
2025-09-15 18:49:04 [TRACE] 【目标检测】屏幕内没有目标
2025-09-15 18:49:05 [TRACE] 【目标检测】微调超时，无法对齐！
2025-09-15 18:49:09 [TRACE] 【空洞监听】无匹配已持续：0秒
2025-09-15 18:49:09 [TRACE] 【目标检测】屏幕内没有目标
2025-09-15 18:49:10 [TRACE] 【目标检测】微调超时，无法对齐！
2025-09-15 18:49:12 [TRACE] 【目标检测】屏幕内没有目标
2025-09-15 18:49:13 [TRACE] 【空洞监听】无匹配已持续：3秒
2025-09-15 18:49:13 [TRACE] 【目标检测】屏幕内没有目标
2025-09-15 18:49:15 [TRACE] 【状态】搜索模式：C:\Users\gelon\Desktop\ZA-Lite\assets/images/hollow\meter.png 置信度：0.9488167762756348
2025-09-15 18:49:17 [TRACE] 【目标检测】微调超时，无法对齐！
2025-09-15 18:49:18 [TRACE] 【目标检测】目标存在，但置信度不足
2025-09-15 18:49:20 [TRACE] 【目标检测】目标存在，但置信度不足
2025-09-15 18:49:20 [TRACE] 【空洞监听】无匹配已持续：0秒
2025-09-15 18:49:22 [TRACE] 【目标检测】微调超时，无法对齐！
2025-09-15 18:49:23 [TRACE] 【状态】搜索模式：C:\Users\gelon\Desktop\ZA-Lite\assets/images/hollow\meter.png 置信度：0.9543011784553528
2025-09-15 18:49:24 [TRACE] 【目标检测】TRAPPED！ 类型：guide_point 置信度：0.9270707368850708
2025-09-15 18:49:27 [TRACE] 【状态】搜索模式：C:\Users\gelon\Desktop\ZA-Lite\assets/images/hollow\meter.png 置信度：0.9182476997375488
2025-09-15 18:49:30 [TRACE] 【状态】搜索模式：C:\Users\gelon\Desktop\ZA-Lite\assets/images/hollow\meter.png 置信度：0.9632357954978943
2025-09-15 18:49:31 [TRACE] 【目标检测】TRAPPED！ 类型：guide_point 置信度：0.7961371541023254
2025-09-15 18:49:35 [TRACE] 【状态】搜索模式：C:\Users\gelon\Desktop\ZA-Lite\assets/images/hollow\meter.png 置信度：0.9369270205497742
2025-09-15 18:49:37 [TRACE] 【目标检测】TRAPPED！ 类型：guide_point 置信度：0.936056911945343
2025-09-15 18:49:40 [TRACE] 【空洞监听】无匹配已持续：0秒
2025-09-15 18:49:41 [TRACE] 【目标检测】屏幕内没有目标
2025-09-15 18:49:42 [TRACE] 【状态】搜索模式：C:\Users\gelon\Desktop\ZA-Lite\assets/images/hollow\meter.png 置信度：0.9126791954040527
2025-09-15 18:49:43 [TRACE] 【目标检测】屏幕内没有目标
2025-09-15 18:49:44 [TRACE] 【目标检测】目标存在，但置信度不足
2025-09-15 18:49:45 [TRACE] 【目标检测】目标存在，但置信度不足
2025-09-15 18:49:46 [TRACE] 【目标检测】微调超时，无法对齐！
2025-09-15 18:49:48 [TRACE] 【空洞监听】无匹配已持续：0秒
2025-09-15 18:49:50 [TRACE] 【目标检测】目标存在，但置信度不足
2025-09-15 18:49:51 [TRACE] 【目标检测】微调超时，无法对齐！
2025-09-15 18:49:51 [TRACE] 【空洞监听】无匹配已持续：3秒
2025-09-15 18:49:53 [TRACE] 【目标检测】目标存在，但置信度不足
2025-09-15 18:49:54 [TRACE] 【目标检测】目标存在，但置信度不足
2025-09-15 18:49:55 [TRACE] 【空洞监听】无匹配已持续：7秒
2025-09-15 18:49:56 [TRACE] 【目标检测】微调超时，无法对齐！
2025-09-15 18:49:57 [TRACE] 【状态】搜索模式：C:\Users\gelon\Desktop\ZA-Lite\assets/images/hollow\meter.png 置信度：0.9851402044296265
2025-09-15 18:49:57 [TRACE] 【目标检测】屏幕内没有目标
2025-09-15 18:49:59 [TRACE] 【目标检测】屏幕内没有目标
2025-09-15 18:50:00 [TRACE] 【目标检测】目标存在，但置信度不足
2025-09-15 18:50:01 [TRACE] 【目标检测】屏幕内没有目标
2025-09-15 18:50:03 [TRACE] 【空洞监听】无匹配已持续：0秒
2025-09-15 18:50:03 [TRACE] 【目标检测】目标存在，但置信度不足
2025-09-15 18:50:04 [TRACE] 【目标检测】屏幕内没有目标
2025-09-15 18:50:05 [TRACE] 【状态】搜索模式：C:\Users\gelon\Desktop\ZA-Lite\assets/images/hollow\meter.png 置信度：0.901100218296051
2025-09-15 18:50:05 [TRACE] 【目标检测】微调超时，无法对齐！
2025-09-15 18:50:09 [TRACE] 【目标检测】目标存在，但置信度不足
2025-09-15 18:50:10 [TRACE] 【目标检测】微调超时，无法对齐！
2025-09-15 18:50:10 [TRACE] 【空洞监听】无匹配已持续：0秒
2025-09-15 18:50:12 [TRACE] 【目标检测】屏幕内没有目标
2025-09-15 18:50:14 [TRACE] 【目标检测】目标存在，但置信度不足
2025-09-15 18:50:14 [TRACE] 【空洞监听】无匹配已持续：3秒
2025-09-15 18:50:15 [TRACE] 【目标检测】屏幕内没有目标
2025-09-15 18:50:16 [TRACE] 【目标检测】微调超时，无法对齐！
2025-09-15 18:50:18 [TRACE] 【空洞监听】无匹配已持续：7秒
2025-09-15 18:50:19 [TRACE] 【目标检测】TRAPPED！ 类型：guide_point 置信度：0.9012050628662109
2025-09-15 18:50:20 [TRACE] 【状态】搜索模式：C:\Users\gelon\Desktop\ZA-Lite\assets/images/hollow\meter.png 置信度：0.9733116626739502
2025-09-15 18:50:24 [TRACE] 【状态】搜索模式：C:\Users\gelon\Desktop\ZA-Lite\assets/images/hollow\meter.png 置信度：0.9742241501808167
2025-09-15 18:50:25 [TRACE] 【目标检测】目标存在，但置信度不足
2025-09-15 18:50:27 [TRACE] 【目标检测】目标存在，但置信度不足
2025-09-15 18:50:27 [TRACE] 【目标检测】目标存在，但置信度不足
2025-09-15 18:50:28 [TRACE] 【状态】搜索模式：C:\Users\gelon\Desktop\ZA-Lite\assets/images/hollow\meter.png 置信度：0.9323205947875977
2025-09-15 18:50:29 [TRACE] 【目标检测】微调超时，无法对齐！
2025-09-15 18:50:32 [TRACE] 【目标检测】TRAPPED！ 类型：guide_point 置信度：0.8820787668228149
2025-09-15 18:50:33 [TRACE] 【状态】搜索模式：C:\Users\gelon\Desktop\ZA-Lite\assets/images/hollow\meter.png 置信度：0.9117684364318848
2025-09-15 18:50:36 [TRACE] 【目标检测】目标存在，但置信度不足
2025-09-15 18:50:36 [TRACE] 【状态】搜索模式：C:\Users\gelon\Desktop\ZA-Lite\assets/images/hollow\meter.png 置信度：0.9287194013595581
2025-09-15 18:50:37 [TRACE] 【目标检测】目标存在，但置信度不足
2025-09-15 18:50:39 [TRACE] 【目标检测】微调超时，无法对齐！
2025-09-15 18:50:40 [TRACE] 【状态】搜索模式：C:\Users\gelon\Desktop\ZA-Lite\assets/images/hollow\meter.png 置信度：0.9649888873100281
2025-09-15 18:50:40 [TRACE] 【目标检测】屏幕内没有目标
2025-09-15 18:50:42 [TRACE] 【目标检测】目标存在，但置信度不足
2025-09-15 18:50:44 [TRACE] 【目标检测】屏幕内没有目标
2025-09-15 18:50:45 [TRACE] 【目标检测】微调超时，无法对齐！
2025-09-15 18:50:46 [TRACE] 【空洞监听】无匹配已持续：0秒
2025-09-15 18:50:46 [TRACE] 【目标检测】目标存在，但置信度不足
2025-09-15 18:50:48 [TRACE] 【目标检测】目标存在，但置信度不足
2025-09-15 18:50:50 [TRACE] 【空洞监听】无匹配已持续：4秒
2025-09-15 18:50:50 [TRACE] 【目标检测】屏幕内没有目标
2025-09-15 18:50:51 [TRACE] 【目标检测】目标存在，但置信度不足
2025-09-15 18:50:52 [TRACE] 【目标检测】微调超时，无法对齐！
2025-09-15 18:50:52 [TRACE] 【状态】搜索模式：C:\Users\gelon\Desktop\ZA-Lite\assets/images/hollow\meter.png 置信度：0.9294145107269287
2025-09-15 18:50:56 [TRACE] 【目标检测】TRAPPED！ 类型：guide_point 置信度：0.8990910053253174
2025-09-15 18:50:57 [TRACE] 【空洞监听】无匹配已持续：0秒
2025-09-15 18:51:01 [TRACE] 【空洞监听】无匹配已持续：3秒
2025-09-15 18:51:02 [TRACE] 【目标检测】TRAPPED！ 类型：guide_point 置信度：0.6090914607048035
2025-09-15 18:51:03 [TRACE] 【状态】搜索模式：C:\Users\gelon\Desktop\ZA-Lite\assets/images/hollow\meter.png 置信度：0.9330073595046997
2025-09-15 18:51:06 [TRACE] 【目标检测】目标存在，但置信度不足
2025-09-15 18:51:07 [TRACE] 【状态】搜索模式：C:\Users\gelon\Desktop\ZA-Lite\assets/images/hollow\meter.png 置信度：0.9673720598220825
2025-09-15 18:51:07 [TRACE] 【目标检测】屏幕内没有目标
2025-09-15 18:51:09 [TRACE] 【目标检测】屏幕内没有目标
2025-09-15 18:51:09 [TRACE] 【目标检测】屏幕内没有目标
2025-09-15 18:51:10 [TRACE] 【目标检测】目标存在，但置信度不足
2025-09-15 18:51:11 [TRACE] 【目标检测】目标存在，但置信度不足
2025-09-15 18:51:12 [TRACE] 【目标检测】微调超时，无法对齐！
2025-09-15 18:51:13 [TRACE] 【空洞监听】无匹配已持续：0秒
2025-09-15 18:51:14 [TRACE] 【目标检测】屏幕内没有目标
2025-09-15 18:51:15 [TRACE] 【目标检测】目标存在，但置信度不足
2025-09-15 18:51:15 [TRACE] 【状态】搜索模式：C:\Users\gelon\Desktop\ZA-Lite\assets/images/hollow\meter.png 置信度：0.9919230341911316
2025-09-15 18:51:15 [TRACE] 【目标检测】屏幕内没有目标
2025-09-15 18:51:18 [TRACE] 【目标检测】屏幕内没有目标
2025-09-15 18:51:19 [TRACE] 【状态】搜索模式：C:\Users\gelon\Desktop\ZA-Lite\assets/images/hollow\meter.png 置信度：0.9534549713134766
2025-09-15 18:51:20 [TRACE] 【目标检测】微调超时，无法对齐！
2025-09-15 18:51:21 [TRACE] 【目标检测】目标存在，但置信度不足
2025-09-15 18:51:23 [TRACE] 【目标检测】屏幕内没有目标
2025-09-15 18:51:23 [TRACE] 【状态】搜索模式：C:\Users\gelon\Desktop\ZA-Lite\assets/images/hollow\meter.png 置信度：0.9598715901374817
2025-09-15 18:51:24 [TRACE] 【目标检测】屏幕内没有目标
2025-09-15 18:51:25 [TRACE] 【目标检测】微调超时，无法对齐！
2025-09-15 18:51:27 [TRACE] 【状态】搜索模式：C:\Users\gelon\Desktop\ZA-Lite\assets/images/hollow\meter.png 置信度：0.9108155369758606
2025-09-15 18:51:27 [TRACE] 【目标检测】屏幕内没有目标
2025-09-15 18:51:30 [TRACE] 【目标检测】TRAPPED！ 类型：guide_point 置信度：0.8000718951225281
2025-09-15 18:51:32 [TRACE] 【空洞监听】无匹配已持续：0秒
2025-09-15 18:51:36 [TRACE] 【空洞监听】无匹配已持续：3秒
2025-09-15 18:51:36 [TRACE] 【目标检测】TRAPPED！ 类型：guide_point 置信度：0.6357076168060303
2025-09-15 18:51:38 [TRACE] 【状态】搜索模式：C:\Users\gelon\Desktop\ZA-Lite\assets/images/hollow\meter.png 置信度：0.9608065485954285
2025-09-15 18:51:40 [TRACE] 【目标检测】目标存在，但置信度不足
2025-09-15 18:51:42 [TRACE] 【目标检测】目标存在，但置信度不足
2025-09-15 18:51:42 [TRACE] 【状态】搜索模式：C:\Users\gelon\Desktop\ZA-Lite\assets/images/hollow\meter.png 置信度：0.9472222924232483
2025-09-15 18:51:43 [TRACE] 【目标检测】微调超时，无法对齐！
2025-09-15 18:51:45 [TRACE] 【目标检测】目标存在，但置信度不足
2025-09-15 18:51:46 [TRACE] 【目标检测】目标存在，但置信度不足
2025-09-15 18:51:48 [TRACE] 【空洞监听】无匹配已持续：0秒
2025-09-15 18:51:49 [TRACE] 【目标检测】微调超时，无法对齐！
2025-09-15 18:51:50 [TRACE] 【目标检测】目标存在，但置信度不足
2025-09-15 18:51:52 [TRACE] 【空洞监听】无匹配已持续：3秒
2025-09-15 18:51:54 [TRACE] 【目标检测】TRAPPED！ 类型：guide_point 置信度：0.8814672231674194
2025-09-15 18:51:54 [TRACE] 【状态】搜索模式：C:\Users\gelon\Desktop\ZA-Lite\assets/images/hollow\meter.png 置信度：0.9188252687454224
2025-09-15 18:51:58 [TRACE] 【状态】搜索模式：C:\Users\gelon\Desktop\ZA-Lite\assets/images/hollow\meter.png 置信度：0.9196949005126953
2025-09-15 18:52:00 [TRACE] 【目标检测】TRAPPED！ 类型：guide_point 置信度：0.7506468892097473
2025-09-15 18:52:03 [TRACE] 【空洞监听】无匹配已持续：0秒
2025-09-15 18:52:03 [TRACE] 【目标检测】屏幕内没有目标
2025-09-15 18:52:06 [TRACE] 【目标检测】TRAPPED！ 类型：guide_point 置信度：0.9419939517974854
2025-09-15 18:52:07 [TRACE] 【空洞监听】无匹配已持续：3秒
2025-09-15 18:52:09 [TRACE] 【状态】搜索模式：C:\Users\gelon\Desktop\ZA-Lite\assets/images/hollow\meter.png 置信度：0.9326575398445129
2025-09-15 18:52:12 [TRACE] 【目标检测】TRAPPED！ 类型：guide_point 置信度：0.9140652418136597
2025-09-15 18:52:14 [TRACE] 【空洞监听】无匹配已持续：0秒
2025-09-15 18:52:16 [TRACE] 【目标检测】目标存在，但置信度不足
2025-09-15 18:52:18 [TRACE] 【空洞监听】无匹配已持续：3秒
2025-09-15 18:52:19 [TRACE] 【目标检测】TRAPPED！ 类型：guide_point 置信度：0.659237265586853
2025-09-15 18:52:22 [TRACE] 【空洞监听】无匹配已持续：7秒
2025-09-15 18:52:26 [TRACE] 【空洞监听】无匹配已持续：11秒
2025-09-15 18:52:26 [TRACE] 【目标检测】TRAPPED！ 类型：guide_point 置信度：0.8649641275405884
2025-09-15 18:52:29 [TRACE] 【空洞监听】无匹配已持续：15秒
2025-09-15 18:52:30 [TRACE] 【目标检测】屏幕内没有目标
2025-09-15 18:52:31 [TRACE] 【目标检测】屏幕内没有目标
2025-09-15 18:52:32 [TRACE] 【状态】搜索模式：C:\Users\gelon\Desktop\ZA-Lite\assets/images/hollow\meter.png 置信度：0.9356686472892761
2025-09-15 18:52:32 [TRACE] 【目标检测】屏幕内没有目标
2025-09-15 18:52:33 [TRACE] 【目标检测】屏幕内没有目标
2025-09-15 18:52:34 [TRACE] 【目标检测】屏幕内没有目标
2025-09-15 18:52:36 [TRACE] 【状态】搜索模式：C:\Users\gelon\Desktop\ZA-Lite\assets/images/hollow\meter.png 置信度：0.9076048135757446
2025-09-15 18:52:36 [TRACE] 【目标检测】微调超时，无法对齐！
2025-09-15 18:52:39 [TRACE] 【目标检测】屏幕内没有目标
2025-09-15 18:52:40 [TRACE] 【状态】搜索模式：C:\Users\gelon\Desktop\ZA-Lite\assets/images/hollow\meter.png 置信度：0.9345048069953918
2025-09-15 18:52:41 [TRACE] 【目标检测】目标存在，但置信度不足
2025-09-15 18:52:41 [TRACE] 【目标检测】目标存在，但置信度不足
2025-09-15 18:52:42 [TRACE] 【目标检测】微调超时，无法对齐！
2025-09-15 18:52:44 [TRACE] 【目标检测】屏幕内没有目标
2025-09-15 18:52:45 [TRACE] 【空洞监听】无匹配已持续：0秒
2025-09-15 18:52:46 [TRACE] 【目标检测】目标存在，但置信度不足
2025-09-15 18:52:48 [TRACE] 【目标检测】目标存在，但置信度不足
2025-09-15 18:52:49 [TRACE] 【目标检测】微调超时，无法对齐！
2025-09-15 18:52:49 [TRACE] 【空洞监听】无匹配已持续：4秒
2025-09-15 18:52:50 [TRACE] 【目标检测】屏幕内没有目标
2025-09-15 18:52:50 [TRACE] 【目标检测】屏幕内没有目标
2025-09-15 18:52:51 [TRACE] 【目标检测】屏幕内没有目标
2025-09-15 18:52:51 [TRACE] 【状态】搜索模式：C:\Users\gelon\Desktop\ZA-Lite\assets/images/hollow\meter.png 置信度：0.9483746290206909
2025-09-15 18:52:54 [TRACE] 【目标检测】屏幕内没有目标
2025-09-15 18:52:54 [TRACE] 【目标检测】屏幕内没有目标
2025-09-15 18:52:56 [TRACE] 【状态】搜索模式：C:\Users\gelon\Desktop\ZA-Lite\assets/images/hollow\meter.png 置信度：0.9075728058815002
2025-09-15 18:52:56 [TRACE] 【目标检测】屏幕内没有目标
2025-09-15 18:52:57 [TRACE] 【目标检测】屏幕内没有目标
2025-09-15 18:52:58 [TRACE] 【目标检测】目标存在，但置信度不足
2025-09-15 18:52:59 [TRACE] 【目标检测】屏幕内没有目标
2025-09-15 18:53:01 [TRACE] 【目标检测】微调超时，无法对齐！
2025-09-15 18:53:01 [TRACE] 【空洞监听】无匹配已持续：0秒
2025-09-15 18:53:02 [TRACE] 【目标检测】目标存在，但置信度不足
2025-09-15 18:53:04 [TRACE] 【目标检测】TRAPPED！ 类型：guide_point 置信度：0.6131596565246582
2025-09-15 18:53:05 [TRACE] 【空洞监听】无匹配已持续：3秒
2025-09-15 18:53:07 [TRACE] 【状态】搜索模式：C:\Users\gelon\Desktop\ZA-Lite\assets/images/hollow\meter.png 置信度：0.9472755789756775
2025-09-15 18:53:10 [TRACE] 【目标检测】屏幕内没有目标
2025-09-15 18:53:11 [TRACE] 【状态】搜索模式：C:\Users\gelon\Desktop\ZA-Lite\assets/images/hollow\meter.png 置信度：0.9048681855201721
2025-09-15 18:53:12 [TRACE] 【目标检测】屏幕内没有目标
2025-09-15 18:53:13 [TRACE] 【目标检测】屏幕内没有目标
2025-09-15 18:53:14 [TRACE] 【目标检测】屏幕内没有目标
2025-09-15 18:53:14 [TRACE] 【目标检测】屏幕内没有目标
2025-09-15 18:53:15 [TRACE] 【状态】搜索模式：C:\Users\gelon\Desktop\ZA-Lite\assets/images/hollow\meter.png 置信度：0.9761888980865479
2025-09-15 18:53:16 [TRACE] 【目标检测】目标存在，但置信度不足
2025-09-15 18:53:17 [TRACE] 【目标检测】屏幕内没有目标
2025-09-15 18:53:19 [TRACE] 【目标检测】屏幕内没有目标
2025-09-15 18:53:19 [TRACE] 【状态】搜索模式：C:\Users\gelon\Desktop\ZA-Lite\assets/images/hollow\meter.png 置信度：0.9939976334571838
2025-09-15 18:53:20 [TRACE] 【目标检测】微调超时，无法对齐！
2025-09-15 18:53:21 [TRACE] 【目标检测】屏幕内没有目标
2025-09-15 18:53:22 [TRACE] 【目标检测】目标存在，但置信度不足
2025-09-15 18:53:22 [TRACE] 【目标检测】屏幕内没有目标
2025-09-15 18:53:24 [TRACE] 【目标检测】屏幕内没有目标
2025-09-15 18:53:25 [TRACE] 【空洞监听】无匹配已持续：0秒
2025-09-15 18:53:26 [TRACE] 【目标检测】目标存在，但置信度不足
2025-09-15 18:53:27 [TRACE] 【目标检测】目标存在，但置信度不足
2025-09-15 18:53:28 [TRACE] 【空洞监听】无匹配已持续：3秒
2025-09-15 18:53:29 [TRACE] 【目标检测】微调超时，无法对齐！
2025-09-15 18:53:30 [TRACE] 【目标检测】屏幕内没有目标
2025-09-15 18:53:31 [TRACE] 【状态】搜索模式：C:\Users\gelon\Desktop\ZA-Lite\assets/images/hollow\meter.png 置信度：0.976124107837677
2025-09-15 18:53:32 [TRACE] 【目标检测】屏幕内没有目标
2025-09-15 18:53:33 [TRACE] 【目标检测】屏幕内没有目标
2025-09-15 18:53:34 [TRACE] 【目标检测】目标存在，但置信度不足
2025-09-15 18:53:35 [TRACE] 【状态】搜索模式：C:\Users\gelon\Desktop\ZA-Lite\assets/images/hollow\meter.png 置信度：0.957517683506012
2025-09-15 18:53:35 [TRACE] 【目标检测】微调超时，无法对齐！
2025-09-15 18:53:37 [TRACE] 【目标检测】目标存在，但置信度不足
2025-09-15 18:53:39 [TRACE] 【目标检测】屏幕内没有目标
2025-09-15 18:53:40 [TRACE] 【目标检测】目标存在，但置信度不足
2025-09-15 18:53:41 [TRACE] 【空洞监听】无匹配已持续：0秒
2025-09-15 18:53:41 [TRACE] 【目标检测】微调超时，无法对齐！
2025-09-15 18:53:43 [TRACE] 【状态】搜索模式：C:\Users\gelon\Desktop\ZA-Lite\assets/images/hollow\meter.png 置信度：0.9043922424316406
2025-09-15 18:53:43 [TRACE] 【目标检测】目标存在，但置信度不足
2025-09-15 18:53:46 [TRACE] 【目标检测】微调超时，无法对齐！
2025-09-15 18:53:48 [TRACE] 【目标检测】TRAPPED！ 类型：guide_point 置信度：0.86574387550354
2025-09-15 18:53:49 [TRACE] 【空洞监听】无匹配已持续：0秒
2025-09-15 18:53:52 [TRACE] 【空洞监听】无匹配已持续：3秒
2025-09-15 18:53:55 [TRACE] 【目标检测】TRAPPED！ 类型：guide_point 置信度：0.8685034513473511
2025-09-15 18:53:55 [TRACE] 【空洞监听】无匹配已持续：6秒
2025-09-15 18:53:59 [TRACE] 【空洞监听】无匹配已持续：10秒
2025-09-15 18:54:01 [TRACE] 【目标检测】TRAPPED！ 类型：guide_point 置信度：0.8807432055473328
2025-09-15 18:54:03 [TRACE] 【空洞监听】无匹配已持续：13秒
2025-09-15 18:54:05 [TRACE] 【目标检测】屏幕内没有目标
2025-09-15 18:54:06 [TRACE] 【空洞监听】无匹配已持续：17秒
2025-09-15 18:54:07 [TRACE] 【目标检测】微调超时，无法对齐！
2025-09-15 18:54:08 [TRACE] 【状态】搜索模式：C:\Users\gelon\Desktop\ZA-Lite\assets/images/hollow\meter.png 置信度：0.9103763103485107
2025-09-15 18:54:09 [TRACE] 【目标检测】屏幕内没有目标
2025-09-15 18:54:10 [TRACE] 【目标检测】目标存在，但置信度不足
2025-09-15 18:54:12 [TRACE] 【目标检测】目标存在，但置信度不足
2025-09-15 18:54:12 [TRACE] 【状态】搜索模式：C:\Users\gelon\Desktop\ZA-Lite\assets/images/hollow\meter.png 置信度：0.921639621257782
2025-09-15 18:54:13 [TRACE] 【目标检测】微调超时，无法对齐！
2025-09-15 18:54:15 [TRACE] 【目标检测】目标存在，但置信度不足
2025-09-15 18:54:16 [TRACE] 【目标检测】目标存在，但置信度不足
2025-09-15 18:54:18 [TRACE] 【空洞监听】无匹配已持续：0秒
2025-09-15 18:54:19 [TRACE] 【目标检测】目标存在，但置信度不足
2025-09-15 18:54:20 [TRACE] 【目标检测】微调超时，无法对齐！
2025-09-15 18:54:21 [TRACE] 【目标检测】目标存在，但置信度不足
2025-09-15 18:54:22 [TRACE] 【空洞监听】无匹配已持续：3秒
2025-09-15 18:54:24 [TRACE] 【目标检测】目标存在，但置信度不足
2025-09-15 18:54:24 [TRACE] 【状态】搜索模式：C:\Users\gelon\Desktop\ZA-Lite\assets/images/hollow\meter.png 置信度：0.909865140914917
2025-09-15 18:54:25 [TRACE] 【目标检测】微调超时，无法对齐！
2025-09-15 18:54:27 [TRACE] 【目标检测】屏幕内没有目标
2025-09-15 18:54:29 [TRACE] 【目标检测】屏幕内没有目标
2025-09-15 18:54:30 [TRACE] 【空洞监听】无匹配已持续：0秒
2025-09-15 18:54:30 [TRACE] 【目标检测】目标存在，但置信度不足
2025-09-15 18:54:31 [TRACE] 【目标检测】微调超时，无法对齐！
2025-09-15 18:54:32 [TRACE] 【目标检测】屏幕内没有目标
2025-09-15 18:54:33 [TRACE] 【空洞监听】无匹配已持续：3秒
2025-09-15 18:54:36 [TRACE] 【状态】搜索模式：C:\Users\gelon\Desktop\ZA-Lite\assets/images/hollow\meter.png 置信度：0.9221895337104797
2025-09-15 18:54:36 [TRACE] 【目标检测】目标存在，但置信度不足
2025-09-15 18:54:37 [TRACE] 【目标检测】屏幕内没有目标
2025-09-15 18:54:38 [TRACE] 【目标检测】微调超时，无法对齐！
2025-09-15 18:54:40 [TRACE] 【状态】搜索模式：C:\Users\gelon\Desktop\ZA-Lite\assets/images/hollow\meter.png 置信度：0.9274012446403503
2025-09-15 18:54:40 [TRACE] 【目标检测】目标存在，但置信度不足
2025-09-15 18:54:42 [TRACE] 【目标检测】屏幕内没有目标
2025-09-15 18:54:43 [TRACE] 【目标检测】目标存在，但置信度不足
2025-09-15 18:54:44 [TRACE] 【状态】搜索模式：C:\Users\gelon\Desktop\ZA-Lite\assets/images/hollow\meter.png 置信度：0.9458964467048645
2025-09-15 18:54:44 [TRACE] 【目标检测】目标存在，但置信度不足
2025-09-15 18:54:45 [TRACE] 【目标检测】微调超时，无法对齐！
2025-09-15 18:54:46 [TRACE] 【目标检测】屏幕内没有目标
2025-09-15 18:54:47 [TRACE] 【目标检测】屏幕内没有目标
2025-09-15 18:54:47 [TRACE] 【目标检测】目标存在，但置信度不足
2025-09-15 18:54:49 [TRACE] 【目标检测】目标存在，但置信度不足
2025-09-15 18:54:49 [TRACE] 【目标检测】屏幕内没有目标
2025-09-15 18:54:50 [TRACE] 【空洞监听】无匹配已持续：0秒
2025-09-15 18:54:53 [TRACE] 【空洞监听】无匹配已持续：3秒
2025-09-15 18:54:54 [TRACE] 【目标检测】微调超时，无法对齐！
2025-09-15 18:54:55 [TRACE] 【状态】搜索模式：C:\Users\gelon\Desktop\ZA-Lite\assets/images/hollow\meter.png 置信度：0.9427453875541687
2025-09-15 18:54:56 [TRACE] 【目标检测】TRAPPED！ 类型：guide_point 置信度：0.7376856207847595
2025-09-15 18:54:59 [TRACE] 【状态】搜索模式：C:\Users\gelon\Desktop\ZA-Lite\assets/images/hollow\meter.png 置信度：0.9063411951065063
2025-09-15 18:55:02 [TRACE] 【目标检测】目标存在，但置信度不足
2025-09-15 18:55:03 [TRACE] 【目标检测】目标存在，但置信度不足
2025-09-15 18:55:04 [TRACE] 【目标检测】屏幕内没有目标
2025-09-15 18:55:05 [TRACE] 【空洞监听】无匹配已持续：0秒
2025-09-15 18:55:07 [TRACE] 【目标检测】目标存在，但置信度不足
2025-09-15 18:55:07 [TRACE] 【目标检测】微调超时，无法对齐！
2025-09-15 18:55:08 [TRACE] 【空洞监听】无匹配已持续：3秒
2025-09-15 18:55:09 [TRACE] 【目标检测】TRAPPED！ 类型：guide_point 置信度：0.9536365866661072
2025-09-15 18:55:12 [TRACE] 【目标检测】屏幕内没有目标
2025-09-15 18:55:12 [TRACE] 【空洞监听】无匹配已持续：7秒
2025-09-15 18:55:12 [TRACE] 【目标检测】屏幕内没有目标
2025-09-15 18:55:13 [TRACE] 【目标检测】屏幕内没有目标
2025-09-15 18:55:14 [TRACE] 【目标检测】屏幕内没有目标
2025-09-15 18:55:15 [TRACE] 【状态】搜索模式：C:\Users\gelon\Desktop\ZA-Lite\assets/images/hollow\meter.png 置信度：0.9537673592567444
2025-09-15 18:55:15 [TRACE] 【目标检测】目标存在，但置信度不足
2025-09-15 18:55:18 [TRACE] 【目标检测】屏幕内没有目标
2025-09-15 18:55:19 [TRACE] 【状态】搜索模式：C:\Users\gelon\Desktop\ZA-Lite\assets/images/hollow\meter.png 置信度：0.9530507922172546
2025-09-15 18:55:20 [TRACE] 【目标检测】微调超时，无法对齐！
2025-09-15 18:55:21 [TRACE] 【目标检测】屏幕内没有目标
2025-09-15 18:55:23 [TRACE] 【目标检测】目标存在，但置信度不足
2025-09-15 18:55:23 [TRACE] 【状态】搜索模式：C:\Users\gelon\Desktop\ZA-Lite\assets/images/hollow\meter.png 置信度：0.9539909958839417
2025-09-15 18:55:24 [TRACE] 【目标检测】目标存在，但置信度不足
2025-09-15 18:55:25 [TRACE] 【目标检测】微调超时，无法对齐！
2025-09-15 18:55:28 [TRACE] 【目标检测】TRAPPED！ 类型：guide_point 置信度：0.9178752899169922
2025-09-15 18:55:28 [TRACE] 【空洞监听】无匹配已持续：0秒
