2025-10-20 16:11:03 [TRACE] 【线程启动】全局监听
2025-10-20 16:11:03 [TRACE] 【线程启动】终止监听
2025-10-20 16:11:03 [INFO] 现在执行 1 次零号空洞
2025-10-20 16:11:05 [DEBUG] 初始化完毕..启动{零号空洞}模块
2025-10-20 16:11:08 [DEBUG] 发现已存在的游戏窗口
2025-10-20 16:11:12 [SUCCESS] 程序开始接管操作，请保持游戏画面处于前台，终止按下Alt键
2025-10-20 16:11:12 [TRACE] 【线程启动】空洞搜索
2025-10-20 16:11:12 [TRACE] 【线程启动】空洞监听
2025-10-20 16:11:12 [TRACE] 【线程启动】空洞战斗
2025-10-20 16:11:12 [DEBUG] 正在返回菜单
2025-10-20 16:11:13 [TRACE] 正在返回菜单,请保持游戏画面处于前台
2025-10-20 16:11:15 [TRACE] 正在返回菜单,请保持游戏画面处于前台
2025-10-20 16:11:17 [TRACE] 正在返回菜单,请保持游戏画面处于前台
2025-10-20 16:11:20 [TRACE] 正在返回菜单,请保持游戏画面处于前台
2025-10-20 16:11:22 [TRACE] 正在返回菜单,请保持游戏画面处于前台
2025-10-20 16:11:24 [TRACE] 正在返回菜单,请保持游戏画面处于前台
2025-10-20 16:11:27 [TRACE] 正在返回菜单,请保持游戏画面处于前台
2025-10-20 16:11:29 [TRACE] 正在返回菜单,请保持游戏画面处于前台
2025-10-20 16:11:31 [TRACE] 正在返回菜单,请保持游戏画面处于前台
2025-10-20 16:11:34 [TRACE] 正在返回菜单,请保持游戏画面处于前台
2025-10-20 16:11:36 [TRACE] 正在返回菜单,请保持游戏画面处于前台
2025-10-20 16:11:38 [TRACE] 正在返回菜单,请保持游戏画面处于前台
2025-10-20 16:11:40 [TRACE] 正在返回菜单,请保持游戏画面处于前台
2025-10-20 16:11:43 [TRACE] 正在返回菜单,请保持游戏画面处于前台
2025-10-20 16:11:45 [TRACE] 正在返回菜单,请保持游戏画面处于前台
2025-10-20 16:11:47 [TRACE] 正在返回菜单,请保持游戏画面处于前台
2025-10-20 16:11:50 [TRACE] 正在返回菜单,请保持游戏画面处于前台
2025-10-20 16:11:52 [TRACE] 正在返回菜单,请保持游戏画面处于前台
2025-10-20 16:11:54 [TRACE] 正在返回菜单,请保持游戏画面处于前台
2025-10-20 16:11:56 [TRACE] 正在返回菜单,请保持游戏画面处于前台
2025-10-20 16:11:59 [TRACE] 正在返回菜单,请保持游戏画面处于前台
2025-10-20 16:12:01 [TRACE] 正在返回菜单,请保持游戏画面处于前台
2025-10-20 16:12:03 [TRACE] 正在返回菜单,请保持游戏画面处于前台
2025-10-20 16:12:06 [TRACE] 正在返回菜单,请保持游戏画面处于前台
2025-10-20 16:12:08 [TRACE] 正在返回菜单,请保持游戏画面处于前台
2025-10-20 16:12:10 [TRACE] 正在返回菜单,请保持游戏画面处于前台
2025-10-20 16:12:13 [TRACE] 正在返回菜单,请保持游戏画面处于前台
2025-10-20 16:12:15 [TRACE] 正在返回菜单,请保持游戏画面处于前台
2025-10-20 16:12:17 [TRACE] 正在返回菜单,请保持游戏画面处于前台
2025-10-20 16:12:20 [TRACE] 正在返回菜单,请保持游戏画面处于前台
2025-10-20 16:12:22 [TRACE] 正在返回菜单,请保持游戏画面处于前台
2025-10-20 16:12:24 [TRACE] 正在返回菜单,请保持游戏画面处于前台
2025-10-20 16:12:26 [TRACE] 正在返回菜单,请保持游戏画面处于前台
2025-10-20 16:12:29 [TRACE] 正在返回菜单,请保持游戏画面处于前台
2025-10-20 16:12:31 [TRACE] 正在返回菜单,请保持游戏画面处于前台
2025-10-20 16:12:33 [TRACE] 正在返回菜单,请保持游戏画面处于前台
2025-10-20 16:12:36 [TRACE] 正在返回菜单,请保持游戏画面处于前台
2025-10-20 16:12:38 [TRACE] 正在返回菜单,请保持游戏画面处于前台
2025-10-20 16:12:40 [TRACE] 正在返回菜单,请保持游戏画面处于前台
2025-10-20 16:12:42 [TRACE] 正在返回菜单,请保持游戏画面处于前台
2025-10-20 16:12:45 [TRACE] 正在返回菜单,请保持游戏画面处于前台
2025-10-20 16:12:47 [TRACE] 正在返回菜单,请保持游戏画面处于前台
2025-10-20 16:12:49 [TRACE] 正在返回菜单,请保持游戏画面处于前台
2025-10-20 16:12:52 [TRACE] 正在返回菜单,请保持游戏画面处于前台
2025-10-20 16:12:54 [TRACE] 正在返回菜单,请保持游戏画面处于前台
2025-10-20 16:12:56 [TRACE] 正在返回菜单,请保持游戏画面处于前台
2025-10-20 16:12:59 [TRACE] 正在返回菜单,请保持游戏画面处于前台
2025-10-20 16:13:01 [TRACE] 正在返回菜单,请保持游戏画面处于前台
2025-10-20 16:13:03 [TRACE] 正在返回菜单,请保持游戏画面处于前台
2025-10-20 16:13:05 [TRACE] 正在返回菜单,请保持游戏画面处于前台
2025-10-20 16:13:08 [TRACE] 正在返回菜单,请保持游戏画面处于前台
2025-10-20 16:13:10 [TRACE] 正在返回菜单,请保持游戏画面处于前台
2025-10-20 16:13:12 [TRACE] 正在返回菜单,请保持游戏画面处于前台
2025-10-20 16:13:15 [TRACE] 正在返回菜单,请保持游戏画面处于前台
2025-10-20 16:13:17 [TRACE] 正在返回菜单,请保持游戏画面处于前台
2025-10-20 16:13:19 [TRACE] 正在返回菜单,请保持游戏画面处于前台
2025-10-20 16:13:21 [TRACE] 正在返回菜单,请保持游戏画面处于前台
2025-10-20 16:13:24 [TRACE] 正在返回菜单,请保持游戏画面处于前台
2025-10-20 16:13:26 [TRACE] 正在返回菜单,请保持游戏画面处于前台
2025-10-20 16:13:28 [TRACE] 正在返回菜单,请保持游戏画面处于前台
2025-10-20 16:13:31 [TRACE] 正在返回菜单,请保持游戏画面处于前台
2025-10-20 16:13:33 [TRACE] 正在返回菜单,请保持游戏画面处于前台
2025-10-20 16:13:35 [TRACE] 正在返回菜单,请保持游戏画面处于前台
2025-10-20 16:13:38 [TRACE] 正在返回菜单,请保持游戏画面处于前台
2025-10-20 16:13:40 [TRACE] 正在返回菜单,请保持游戏画面处于前台
2025-10-20 16:13:42 [TRACE] 正在返回菜单,请保持游戏画面处于前台
2025-10-20 16:13:44 [TRACE] 正在返回菜单,请保持游戏画面处于前台
2025-10-20 16:13:47 [TRACE] 正在返回菜单,请保持游戏画面处于前台
2025-10-20 16:13:49 [TRACE] 正在返回菜单,请保持游戏画面处于前台
2025-10-20 16:13:51 [TRACE] 正在返回菜单,请保持游戏画面处于前台
2025-10-20 16:13:53 [TRACE] 正在返回菜单,请保持游戏画面处于前台
2025-10-20 16:13:56 [TRACE] 正在返回菜单,请保持游戏画面处于前台
2025-10-20 16:13:58 [TRACE] 正在返回菜单,请保持游戏画面处于前台
2025-10-20 16:14:00 [TRACE] 正在返回菜单,请保持游戏画面处于前台
2025-10-20 16:14:03 [TRACE] 正在返回菜单,请保持游戏画面处于前台
2025-10-20 16:14:05 [TRACE] 正在返回菜单,请保持游戏画面处于前台
2025-10-20 16:14:07 [TRACE] 正在返回菜单,请保持游戏画面处于前台
2025-10-20 16:14:09 [TRACE] 正在返回菜单,请保持游戏画面处于前台
2025-10-20 16:14:12 [TRACE] 正在返回菜单,请保持游戏画面处于前台
2025-10-20 16:14:14 [TRACE] 正在返回菜单,请保持游戏画面处于前台
2025-10-20 16:14:16 [TRACE] 正在返回菜单,请保持游戏画面处于前台
2025-10-20 16:14:18 [TRACE] 正在返回菜单,请保持游戏画面处于前台
2025-10-20 16:14:21 [TRACE] 正在返回菜单,请保持游戏画面处于前台
2025-10-20 16:14:23 [TRACE] 正在返回菜单,请保持游戏画面处于前台
2025-10-20 16:14:25 [TRACE] 正在返回菜单,请保持游戏画面处于前台
2025-10-20 16:14:27 [TRACE] 正在返回菜单,请保持游戏画面处于前台
2025-10-20 16:14:30 [TRACE] 正在返回菜单,请保持游戏画面处于前台
2025-10-20 16:14:32 [TRACE] 正在返回菜单,请保持游戏画面处于前台
2025-10-20 16:14:34 [TRACE] 正在返回菜单,请保持游戏画面处于前台
2025-10-20 16:14:37 [TRACE] 正在返回菜单,请保持游戏画面处于前台
2025-10-20 16:14:39 [TRACE] 正在返回菜单,请保持游戏画面处于前台
2025-10-20 16:14:41 [TRACE] 正在返回菜单,请保持游戏画面处于前台
2025-10-20 16:14:44 [TRACE] 正在返回菜单,请保持游戏画面处于前台
2025-10-20 16:14:46 [TRACE] 正在返回菜单,请保持游戏画面处于前台
2025-10-20 16:14:48 [TRACE] 正在返回菜单,请保持游戏画面处于前台
2025-10-20 16:14:50 [TRACE] 正在返回菜单,请保持游戏画面处于前台
2025-10-20 16:14:53 [TRACE] 正在返回菜单,请保持游戏画面处于前台
2025-10-20 16:14:55 [TRACE] 正在返回菜单,请保持游戏画面处于前台
2025-10-20 16:14:57 [TRACE] 正在返回菜单,请保持游戏画面处于前台
2025-10-20 16:15:00 [TRACE] 正在返回菜单,请保持游戏画面处于前台
2025-10-20 16:15:02 [TRACE] 正在返回菜单,请保持游戏画面处于前台
2025-10-20 16:15:04 [TRACE] 正在返回菜单,请保持游戏画面处于前台
2025-10-20 16:15:06 [TRACE] 正在返回菜单,请保持游戏画面处于前台
2025-10-20 16:15:09 [TRACE] 正在返回菜单,请保持游戏画面处于前台
2025-10-20 16:15:11 [TRACE] 正在返回菜单,请保持游戏画面处于前台
2025-10-20 16:15:13 [TRACE] 正在返回菜单,请保持游戏画面处于前台
2025-10-20 16:15:15 [TRACE] 正在返回菜单,请保持游戏画面处于前台
2025-10-20 16:15:18 [TRACE] 正在返回菜单,请保持游戏画面处于前台
2025-10-20 16:15:20 [TRACE] 正在返回菜单,请保持游戏画面处于前台
2025-10-20 16:15:22 [TRACE] 正在返回菜单,请保持游戏画面处于前台
2025-10-20 16:15:25 [TRACE] 正在返回菜单,请保持游戏画面处于前台
2025-10-20 16:15:27 [TRACE] 正在返回菜单,请保持游戏画面处于前台
2025-10-20 16:15:29 [TRACE] 正在返回菜单,请保持游戏画面处于前台
2025-10-20 16:15:32 [TRACE] 正在返回菜单,请保持游戏画面处于前台
2025-10-20 16:15:34 [TRACE] 正在返回菜单,请保持游戏画面处于前台
2025-10-20 16:15:36 [TRACE] 正在返回菜单,请保持游戏画面处于前台
2025-10-20 16:15:38 [TRACE] 正在返回菜单,请保持游戏画面处于前台
2025-10-20 16:15:41 [TRACE] 正在返回菜单,请保持游戏画面处于前台
2025-10-20 16:15:43 [TRACE] 正在返回菜单,请保持游戏画面处于前台
2025-10-20 16:15:45 [TRACE] 正在返回菜单,请保持游戏画面处于前台
2025-10-20 16:15:48 [TRACE] 正在返回菜单,请保持游戏画面处于前台
2025-10-20 16:15:50 [TRACE] 正在返回菜单,请保持游戏画面处于前台
2025-10-20 16:15:52 [TRACE] 正在返回菜单,请保持游戏画面处于前台
2025-10-20 16:15:54 [TRACE] 正在返回菜单,请保持游戏画面处于前台
2025-10-20 16:15:57 [TRACE] 正在返回菜单,请保持游戏画面处于前台
2025-10-20 16:15:59 [TRACE] 正在返回菜单,请保持游戏画面处于前台
2025-10-20 16:16:01 [TRACE] 正在返回菜单,请保持游戏画面处于前台
2025-10-20 16:16:04 [TRACE] 正在返回菜单,请保持游戏画面处于前台
2025-10-20 16:16:06 [TRACE] 正在返回菜单,请保持游戏画面处于前台
2025-10-20 16:16:08 [TRACE] 正在返回菜单,请保持游戏画面处于前台
2025-10-20 16:16:10 [TRACE] 正在返回菜单,请保持游戏画面处于前台
2025-10-20 16:16:13 [TRACE] 正在返回菜单,请保持游戏画面处于前台
2025-10-20 16:16:15 [TRACE] 正在返回菜单,请保持游戏画面处于前台
2025-10-20 16:16:17 [TRACE] 正在返回菜单,请保持游戏画面处于前台
2025-10-20 16:16:19 [TRACE] 正在返回菜单,请保持游戏画面处于前台
2025-10-20 16:16:22 [TRACE] 正在返回菜单,请保持游戏画面处于前台
2025-10-20 16:16:24 [TRACE] 正在返回菜单,请保持游戏画面处于前台
2025-10-20 16:16:26 [TRACE] 正在返回菜单,请保持游戏画面处于前台
2025-10-20 16:16:29 [TRACE] 正在返回菜单,请保持游戏画面处于前台
2025-10-20 16:16:31 [TRACE] 正在返回菜单,请保持游戏画面处于前台
2025-10-20 16:16:33 [TRACE] 正在返回菜单,请保持游戏画面处于前台
2025-10-20 16:16:35 [TRACE] 正在返回菜单,请保持游戏画面处于前台
2025-10-20 16:16:38 [TRACE] 正在返回菜单,请保持游戏画面处于前台
2025-10-20 16:16:40 [TRACE] 正在返回菜单,请保持游戏画面处于前台
2025-10-20 16:16:42 [TRACE] 正在返回菜单,请保持游戏画面处于前台
2025-10-20 16:16:44 [TRACE] 正在返回菜单,请保持游戏画面处于前台
2025-10-20 16:16:47 [TRACE] 正在返回菜单,请保持游戏画面处于前台
2025-10-20 16:16:49 [TRACE] 正在返回菜单,请保持游戏画面处于前台
2025-10-20 16:16:51 [TRACE] 正在返回菜单,请保持游戏画面处于前台
2025-10-20 16:16:53 [TRACE] 正在返回菜单,请保持游戏画面处于前台
2025-10-20 16:16:56 [TRACE] 正在返回菜单,请保持游戏画面处于前台
2025-10-20 16:16:58 [TRACE] 正在返回菜单,请保持游戏画面处于前台
2025-10-20 16:17:00 [TRACE] 正在返回菜单,请保持游戏画面处于前台
2025-10-20 16:17:03 [TRACE] 正在返回菜单,请保持游戏画面处于前台
2025-10-20 16:17:05 [TRACE] 正在返回菜单,请保持游戏画面处于前台
2025-10-20 16:17:07 [TRACE] 正在返回菜单,请保持游戏画面处于前台
2025-10-20 16:17:09 [TRACE] 正在返回菜单,请保持游戏画面处于前台
2025-10-20 16:17:12 [TRACE] 正在返回菜单,请保持游戏画面处于前台
2025-10-20 16:17:14 [TRACE] 正在返回菜单,请保持游戏画面处于前台
2025-10-20 16:17:16 [TRACE] 正在返回菜单,请保持游戏画面处于前台
2025-10-20 16:17:18 [TRACE] 正在返回菜单,请保持游戏画面处于前台
2025-10-20 16:17:21 [TRACE] 正在返回菜单,请保持游戏画面处于前台
2025-10-20 16:17:23 [TRACE] 正在返回菜单,请保持游戏画面处于前台
2025-10-20 16:17:25 [TRACE] 正在返回菜单,请保持游戏画面处于前台
2025-10-20 16:17:28 [TRACE] 正在返回菜单,请保持游戏画面处于前台
2025-10-20 16:17:30 [TRACE] 正在返回菜单,请保持游戏画面处于前台
2025-10-20 16:17:32 [TRACE] 正在返回菜单,请保持游戏画面处于前台
2025-10-20 16:17:34 [TRACE] 正在返回菜单,请保持游戏画面处于前台
2025-10-20 16:17:37 [TRACE] 正在返回菜单,请保持游戏画面处于前台
2025-10-20 16:17:39 [TRACE] 正在返回菜单,请保持游戏画面处于前台
2025-10-20 16:17:41 [TRACE] 正在返回菜单,请保持游戏画面处于前台
2025-10-20 16:17:44 [TRACE] 正在返回菜单,请保持游戏画面处于前台
2025-10-20 16:17:46 [TRACE] 正在返回菜单,请保持游戏画面处于前台
2025-10-20 16:17:48 [TRACE] 正在返回菜单,请保持游戏画面处于前台
2025-10-20 16:17:50 [TRACE] 正在返回菜单,请保持游戏画面处于前台
2025-10-20 16:17:53 [TRACE] 正在返回菜单,请保持游戏画面处于前台
2025-10-20 16:17:55 [TRACE] 正在返回菜单,请保持游戏画面处于前台
2025-10-20 16:17:57 [TRACE] 正在返回菜单,请保持游戏画面处于前台
2025-10-20 16:17:59 [TRACE] 正在返回菜单,请保持游戏画面处于前台
2025-10-20 16:18:02 [TRACE] 正在返回菜单,请保持游戏画面处于前台
2025-10-20 16:18:04 [TRACE] 正在返回菜单,请保持游戏画面处于前台
2025-10-20 16:18:06 [TRACE] 正在返回菜单,请保持游戏画面处于前台
2025-10-20 16:18:09 [TRACE] 正在返回菜单,请保持游戏画面处于前台
2025-10-20 16:18:11 [TRACE] 正在返回菜单,请保持游戏画面处于前台
2025-10-20 16:18:13 [TRACE] 正在返回菜单,请保持游戏画面处于前台
2025-10-20 16:18:15 [TRACE] 正在返回菜单,请保持游戏画面处于前台
2025-10-20 16:18:18 [TRACE] 正在返回菜单,请保持游戏画面处于前台
2025-10-20 16:18:20 [TRACE] 正在返回菜单,请保持游戏画面处于前台
2025-10-20 16:18:22 [TRACE] 正在返回菜单,请保持游戏画面处于前台
2025-10-20 16:18:24 [TRACE] 正在返回菜单,请保持游戏画面处于前台
2025-10-20 16:18:27 [TRACE] 正在返回菜单,请保持游戏画面处于前台
2025-10-20 16:18:29 [TRACE] 正在返回菜单,请保持游戏画面处于前台
2025-10-20 16:18:31 [TRACE] 正在返回菜单,请保持游戏画面处于前台
2025-10-20 16:18:34 [TRACE] 正在返回菜单,请保持游戏画面处于前台
2025-10-20 16:18:36 [TRACE] 正在返回菜单,请保持游戏画面处于前台
2025-10-20 16:18:38 [TRACE] 正在返回菜单,请保持游戏画面处于前台
2025-10-20 16:18:40 [TRACE] 正在返回菜单,请保持游戏画面处于前台
2025-10-20 16:18:43 [TRACE] 正在返回菜单,请保持游戏画面处于前台
2025-10-20 16:18:45 [TRACE] 正在返回菜单,请保持游戏画面处于前台
2025-10-20 16:18:47 [TRACE] 正在返回菜单,请保持游戏画面处于前台
2025-10-20 16:18:49 [TRACE] 正在返回菜单,请保持游戏画面处于前台
2025-10-20 16:18:52 [TRACE] 正在返回菜单,请保持游戏画面处于前台
2025-10-20 16:18:54 [TRACE] 正在返回菜单,请保持游戏画面处于前台
2025-10-20 16:18:56 [TRACE] 正在返回菜单,请保持游戏画面处于前台
2025-10-20 16:18:59 [TRACE] 正在返回菜单,请保持游戏画面处于前台
2025-10-20 16:19:01 [TRACE] 正在返回菜单,请保持游戏画面处于前台
2025-10-20 16:19:03 [TRACE] 正在返回菜单,请保持游戏画面处于前台
2025-10-20 16:19:05 [TRACE] 正在返回菜单,请保持游戏画面处于前台
2025-10-20 16:19:08 [TRACE] 正在返回菜单,请保持游戏画面处于前台
2025-10-20 16:19:10 [TRACE] 正在返回菜单,请保持游戏画面处于前台
2025-10-20 16:19:12 [TRACE] 正在返回菜单,请保持游戏画面处于前台
2025-10-20 16:19:15 [TRACE] 正在返回菜单,请保持游戏画面处于前台
2025-10-20 16:19:17 [TRACE] 正在返回菜单,请保持游戏画面处于前台
2025-10-20 16:19:19 [TRACE] 正在返回菜单,请保持游戏画面处于前台
2025-10-20 16:19:21 [TRACE] 正在返回菜单,请保持游戏画面处于前台
2025-10-20 16:19:24 [TRACE] 正在返回菜单,请保持游戏画面处于前台
2025-10-20 16:19:26 [TRACE] 正在返回菜单,请保持游戏画面处于前台
2025-10-20 16:19:28 [TRACE] 正在返回菜单,请保持游戏画面处于前台
2025-10-20 16:19:30 [TRACE] 正在返回菜单,请保持游戏画面处于前台
2025-10-20 16:19:33 [TRACE] 正在返回菜单,请保持游戏画面处于前台
2025-10-20 16:19:35 [TRACE] 正在返回菜单,请保持游戏画面处于前台
2025-10-20 16:19:37 [TRACE] 正在返回菜单,请保持游戏画面处于前台
2025-10-20 16:19:39 [TRACE] 正在返回菜单,请保持游戏画面处于前台
2025-10-20 16:19:42 [TRACE] 正在返回菜单,请保持游戏画面处于前台
2025-10-20 16:19:44 [TRACE] 正在返回菜单,请保持游戏画面处于前台
2025-10-20 16:19:46 [TRACE] 正在返回菜单,请保持游戏画面处于前台
2025-10-20 16:19:49 [TRACE] 正在返回菜单,请保持游戏画面处于前台
2025-10-20 16:19:51 [TRACE] 正在返回菜单,请保持游戏画面处于前台
2025-10-20 16:19:53 [TRACE] 正在返回菜单,请保持游戏画面处于前台
2025-10-20 16:19:55 [TRACE] 正在返回菜单,请保持游戏画面处于前台
2025-10-20 16:19:58 [TRACE] 正在返回菜单,请保持游戏画面处于前台
2025-10-20 16:20:00 [TRACE] 正在返回菜单,请保持游戏画面处于前台
2025-10-20 16:20:02 [TRACE] 正在返回菜单,请保持游戏画面处于前台
2025-10-20 16:20:05 [TRACE] 正在返回菜单,请保持游戏画面处于前台
2025-10-20 16:20:07 [TRACE] 正在返回菜单,请保持游戏画面处于前台
2025-10-20 16:20:09 [TRACE] 正在返回菜单,请保持游戏画面处于前台
2025-10-20 16:20:11 [TRACE] 正在返回菜单,请保持游戏画面处于前台
2025-10-20 16:20:14 [TRACE] 正在返回菜单,请保持游戏画面处于前台
2025-10-20 16:20:16 [TRACE] 正在返回菜单,请保持游戏画面处于前台
2025-10-20 16:20:18 [TRACE] 正在返回菜单,请保持游戏画面处于前台
2025-10-20 16:20:20 [TRACE] 正在返回菜单,请保持游戏画面处于前台
2025-10-20 16:20:23 [TRACE] 正在返回菜单,请保持游戏画面处于前台
2025-10-20 16:20:25 [TRACE] 正在返回菜单,请保持游戏画面处于前台
2025-10-20 16:20:27 [TRACE] 正在返回菜单,请保持游戏画面处于前台
2025-10-20 16:20:30 [TRACE] 正在返回菜单,请保持游戏画面处于前台
2025-10-20 16:20:32 [TRACE] 正在返回菜单,请保持游戏画面处于前台
2025-10-20 16:20:34 [TRACE] 正在返回菜单,请保持游戏画面处于前台
2025-10-20 16:20:37 [TRACE] 正在返回菜单,请保持游戏画面处于前台
2025-10-20 16:20:39 [TRACE] 正在返回菜单,请保持游戏画面处于前台
2025-10-20 16:20:41 [TRACE] 正在返回菜单,请保持游戏画面处于前台
2025-10-20 16:20:43 [TRACE] 正在返回菜单,请保持游戏画面处于前台
2025-10-20 16:20:46 [TRACE] 正在返回菜单,请保持游戏画面处于前台
2025-10-20 16:20:48 [TRACE] 正在返回菜单,请保持游戏画面处于前台
2025-10-20 16:20:50 [TRACE] 正在返回菜单,请保持游戏画面处于前台
2025-10-20 16:20:52 [TRACE] 正在返回菜单,请保持游戏画面处于前台
2025-10-20 16:20:55 [TRACE] 正在返回菜单,请保持游戏画面处于前台
2025-10-20 16:20:57 [TRACE] 正在返回菜单,请保持游戏画面处于前台
2025-10-20 16:20:59 [TRACE] 正在返回菜单,请保持游戏画面处于前台
2025-10-20 16:21:02 [TRACE] 正在返回菜单,请保持游戏画面处于前台
2025-10-20 16:21:04 [TRACE] 正在返回菜单,请保持游戏画面处于前台
2025-10-20 16:21:06 [TRACE] 正在返回菜单,请保持游戏画面处于前台
2025-10-20 16:21:08 [TRACE] 正在返回菜单,请保持游戏画面处于前台
2025-10-20 16:21:11 [TRACE] 正在返回菜单,请保持游戏画面处于前台
2025-10-20 16:21:13 [TRACE] 正在返回菜单,请保持游戏画面处于前台
2025-10-20 16:21:15 [TRACE] 正在返回菜单,请保持游戏画面处于前台
2025-10-20 16:21:17 [TRACE] 正在返回菜单,请保持游戏画面处于前台
2025-10-20 16:21:20 [TRACE] 正在返回菜单,请保持游戏画面处于前台
2025-10-20 16:21:22 [TRACE] 正在返回菜单,请保持游戏画面处于前台
2025-10-20 16:21:24 [TRACE] 正在返回菜单,请保持游戏画面处于前台
2025-10-20 16:21:27 [TRACE] 正在返回菜单,请保持游戏画面处于前台
2025-10-20 16:21:29 [TRACE] 正在返回菜单,请保持游戏画面处于前台
2025-10-20 16:21:31 [TRACE] 正在返回菜单,请保持游戏画面处于前台
2025-10-20 16:21:33 [TRACE] 正在返回菜单,请保持游戏画面处于前台
2025-10-20 16:21:36 [TRACE] 正在返回菜单,请保持游戏画面处于前台
2025-10-20 16:21:38 [TRACE] 正在返回菜单,请保持游戏画面处于前台
2025-10-20 16:21:40 [TRACE] 正在返回菜单,请保持游戏画面处于前台
2025-10-20 16:21:43 [TRACE] 正在返回菜单,请保持游戏画面处于前台
2025-10-20 16:21:45 [TRACE] 正在返回菜单,请保持游戏画面处于前台
2025-10-20 16:21:47 [TRACE] 正在返回菜单,请保持游戏画面处于前台
2025-10-20 16:21:49 [TRACE] 正在返回菜单,请保持游戏画面处于前台
2025-10-20 16:21:52 [TRACE] 正在返回菜单,请保持游戏画面处于前台
2025-10-20 16:21:54 [TRACE] 正在返回菜单,请保持游戏画面处于前台
2025-10-20 16:21:56 [TRACE] 现在处于大厅
2025-10-20 16:21:57 [INFO] 执行零号空洞任务中
2025-10-20 16:21:57 [TRACE] 【目标出现】C:\Users\gelon\Desktop\ZA-Lite\assets/images/hollow\combat.png 置信度：0.9646852612495422
2025-10-20 16:21:59 [TRACE] 【目标出现】C:\Users\gelon\Desktop\ZA-Lite\assets/images/hollow\zero_hollow.png 置信度：0.9999943375587463
2025-10-20 16:22:00 [TRACE] 【目标出现】C:\Users\gelon\Desktop\ZA-Lite\assets/images/hollow\go_hollow.png 置信度：0.9955551028251648
2025-10-20 16:22:02 [TRACE] 【目标出现】C:\Users\gelon\Desktop\ZA-Lite\assets/images/hollow\confirm.png 置信度：0.9839389324188232
2025-10-20 16:22:03 [TRACE] 【1】等待目标中 C:\Users\gelon\Desktop\ZA-Lite\assets/images/hollow\hollow_taskforce.png
2025-10-20 16:22:04 [TRACE] 【2】等待目标中 C:\Users\gelon\Desktop\ZA-Lite\assets/images/hollow\hollow_taskforce.png
2025-10-20 16:22:05 [TRACE] 【目标出现】C:\Users\gelon\Desktop\ZA-Lite\assets/images/hollow\hollow_taskforce.png 置信度：0.9998515844345093
2025-10-20 16:22:06 [TRACE] 【目标出现】C:\Users\gelon\Desktop\ZA-Lite\assets/images/hollow\strategy.png 置信度：0.992957353591919
2025-10-20 16:22:07 [TRACE] 【1】等待目标中 C:\Users\gelon\Desktop\ZA-Lite\assets/images/hollow\strategy_confirm.png
2025-10-20 16:22:08 [TRACE] 【目标出现】C:\Users\gelon\Desktop\ZA-Lite\assets/images/hollow\strategy_confirm.png 置信度：1.0
2025-10-20 16:22:09 [TRACE] 【目标出现】C:\Users\gelon\Desktop\ZA-Lite\assets/images/hollow\next_step.png 置信度：0.9796627163887024
2025-10-20 16:22:11 [TRACE] 【目标出现】C:\Users\gelon\Desktop\ZA-Lite\assets/images/daily\squad_preset.png 置信度：0.9862329959869385
2025-10-20 16:22:12 [TRACE] 【目标出现】C:\Users\gelon\Desktop\ZA-Lite\assets/images/daily\squad_6.png 置信度：0.9302448630332947
2025-10-20 16:22:13 [TRACE] 【目标出现】C:\Users\gelon\Desktop\ZA-Lite\assets/images/daily\select_squad.png 置信度：0.9679712653160095
2025-10-20 16:22:15 [TRACE] 【目标出现】C:\Users\gelon\Desktop\ZA-Lite\assets/images/hollow\start_battle.png 置信度：0.9816146492958069
2025-10-20 16:22:16 [TRACE] 【空洞监听】无匹配已持续：0秒
2025-10-20 16:22:16 [TRACE] 【线程启动】攻击检测
2025-10-20 16:22:17 [TRACE] 【目标检测】屏幕内没有目标
2025-10-20 16:22:19 [TRACE] 【目标检测】屏幕内没有目标
2025-10-20 16:22:20 [TRACE] 【目标检测】屏幕内没有目标
2025-10-20 16:22:21 [TRACE] 【目标检测】屏幕内没有目标
2025-10-20 16:22:22 [TRACE] 【空洞监听】无匹配已持续：6秒
2025-10-20 16:22:23 [TRACE] 【目标检测】屏幕内没有目标
2025-10-20 16:22:25 [TRACE] 【目标检测】屏幕内没有目标
2025-10-20 16:22:27 [TRACE] 【目标检测】屏幕内没有目标
2025-10-20 16:22:28 [TRACE] 【目标检测】屏幕内没有目标
2025-10-20 16:22:28 [TRACE] 【空洞监听】无匹配已持续：12秒
2025-10-20 16:22:30 [TRACE] 【目标检测】屏幕内没有目标
2025-10-20 16:22:31 [TRACE] 【目标检测】屏幕内没有目标
2025-10-20 16:22:34 [TRACE] 【目标检测】屏幕内没有目标
2025-10-20 16:22:35 [TRACE] 【目标检测】屏幕内没有目标
2025-10-20 16:22:36 [TRACE] 【空洞监听】无匹配已持续：19秒
2025-10-20 16:22:36 [TRACE] 【目标检测】屏幕内没有目标
2025-10-20 16:22:38 [TRACE] 【目标检测】屏幕内没有目标
2025-10-20 16:22:39 [TRACE] 【目标检测】屏幕内没有目标
2025-10-20 16:22:43 [TRACE] 【空洞监听】无匹配已持续：26秒
2025-10-20 16:22:48 [TRACE] 【目标检测】TRAPPED！ 类型：interact 置信度：0.8786437511444092
2025-10-20 16:22:50 [TRACE] 【空洞监听】无匹配已持续：33秒
2025-10-20 16:22:55 [TRACE] 【目标检测】屏幕内没有目标
2025-10-20 16:22:58 [TRACE] 【目标检测】TRAPPED！ 类型：interact 置信度：0.9419994950294495
2025-10-20 16:23:04 [TRACE] 【空洞监听】无匹配已持续：0秒
2025-10-20 16:23:04 [TRACE] 【目标检测】TRAPPED！ 类型：interact 置信度：0.9191064238548279
2025-10-20 16:23:12 [TRACE] 【目标检测】屏幕内没有目标
2025-10-20 16:23:13 [TRACE] 【目标检测】屏幕内没有目标
2025-10-20 16:23:15 [TRACE] 【目标检测】屏幕内没有目标
2025-10-20 16:23:16 [TRACE] 【目标检测】屏幕内没有目标
2025-10-20 16:23:18 [TRACE] 【目标检测】屏幕内没有目标
2025-10-20 16:23:26 [TRACE] 【目标检测】TRAPPED！ 类型：interact 置信度：0.9085283875465393
2025-10-20 16:23:26 [TRACE] 【空洞监听】无匹配已持续：0秒
2025-10-20 16:23:33 [TRACE] 【目标检测】目标存在，但置信度不足
2025-10-20 16:23:34 [TRACE] 【状态】搜索模式：C:\Users\gelon\Desktop\ZA-Lite\assets/images/hollow\card.png 置信度：0.9999998211860657
2025-10-20 16:23:34 [TRACE] 【目标检测】屏幕内没有目标
2025-10-20 16:23:36 [TRACE] 【目标检测】屏幕内没有目标
2025-10-20 16:23:37 [TRACE] 【目标检测】目标存在，但置信度不足
2025-10-20 16:23:38 [TRACE] 【目标检测】目标存在，但置信度不足
2025-10-20 16:23:43 [TRACE] 【目标检测】TRAPPED！ 类型：interact 置信度：0.8845446109771729
2025-10-20 16:23:50 [TRACE] 【目标检测】屏幕内没有目标
2025-10-20 16:23:51 [TRACE] 【目标检测】屏幕内没有目标
2025-10-20 16:23:53 [TRACE] 【目标检测】屏幕内没有目标
2025-10-20 16:23:54 [TRACE] 【目标检测】屏幕内没有目标
2025-10-20 16:24:00 [TRACE] 【状态】搜索模式：C:\Users\gelon\Desktop\ZA-Lite\assets/images/hollow\meter.png 置信度：0.9124333262443542
2025-10-20 16:24:02 [TRACE] 【目标检测】TRAPPED！ 类型：guide_point 置信度：0.8465256690979004
2025-10-20 16:24:07 [TRACE] 【状态】搜索模式：C:\Users\gelon\Desktop\ZA-Lite\assets/images/hollow\meter.png 置信度：0.9494290947914124
2025-10-20 16:24:08 [TRACE] 【目标检测】TRAPPED！ 类型：guide_point 置信度：0.9351564049720764
2025-10-20 16:24:14 [TRACE] 【状态】搜索模式：C:\Users\gelon\Desktop\ZA-Lite\assets/images/hollow\meter.png 置信度：0.9272156357765198
2025-10-20 16:24:16 [TRACE] 【目标检测】TRAPPED！ 类型：blue_portal 置信度：0.8581952452659607
2025-10-20 16:24:21 [TRACE] 【状态】搜索模式：C:\Users\gelon\Desktop\ZA-Lite\assets/images/hollow\meter.png 置信度：0.9563704133033752
2025-10-20 16:24:22 [TRACE] 【目标检测】TRAPPED！ 类型：blue_portal 置信度：0.8442493081092834
2025-10-20 16:24:30 [TRACE] 【目标检测】TRAPPED！ 类型：blue_portal 置信度：0.9649342894554138
2025-10-20 16:24:31 [TRACE] 【空洞监听】无匹配已持续：0秒
2025-10-20 16:24:38 [TRACE] 【空洞监听】无匹配已持续：6秒
2025-10-20 16:24:38 [TRACE] 【目标检测】TRAPPED！ 类型：blue_portal 置信度：0.9496687054634094
2025-10-20 16:24:45 [TRACE] 【空洞监听】无匹配已持续：13秒
2025-10-20 16:24:46 [TRACE] 【目标检测】TRAPPED！ 类型：blue_portal 置信度：0.9477514624595642
2025-10-20 16:24:51 [TRACE] 【空洞监听】无匹配已持续：20秒
2025-10-20 16:24:54 [TRACE] 【目标检测】TRAPPED！ 类型：blue_portal 置信度：0.9671967029571533
2025-10-20 16:24:59 [TRACE] 【空洞监听】无匹配已持续：27秒
2025-10-20 16:25:01 [TRACE] 【目标检测】TRAPPED！ 类型：blue_portal 置信度：0.969464898109436
2025-10-20 16:25:05 [TRACE] 【空洞监听】无匹配已持续：33秒
2025-10-20 16:25:08 [TRACE] 【目标检测】TRAPPED！ 类型：blue_portal 置信度：0.9485271573066711
2025-10-20 16:25:12 [TRACE] 【空洞监听】无匹配已持续：41秒
2025-10-20 16:25:15 [TRACE] 【目标检测】屏幕内没有目标
2025-10-20 16:25:16 [TRACE] 【目标检测】屏幕内没有目标
2025-10-20 16:25:18 [TRACE] 【目标检测】屏幕内没有目标
2025-10-20 16:25:19 [TRACE] 【空洞监听】无匹配已持续：47秒
2025-10-20 16:25:19 [TRACE] 【目标检测】屏幕内没有目标
2025-10-20 16:25:21 [TRACE] 【目标检测】屏幕内没有目标
2025-10-20 16:25:24 [TRACE] 【目标检测】屏幕内没有目标
2025-10-20 16:25:25 [TRACE] 【目标检测】屏幕内没有目标
2025-10-20 16:25:25 [TRACE] 【空洞监听】无匹配已持续：54秒
2025-10-20 16:25:27 [TRACE] 【目标检测】屏幕内没有目标
2025-10-20 16:25:29 [TRACE] 【目标检测】屏幕内没有目标
2025-10-20 16:25:30 [TRACE] 【目标检测】屏幕内没有目标
2025-10-20 16:25:32 [TRACE] 【空洞监听】无匹配已持续：61秒
2025-10-20 16:25:32 [TRACE] 【空洞监听】即将超时，重启搜索线程
2025-10-20 16:25:33 [TRACE] 【目标检测】屏幕内没有目标
2025-10-20 16:25:35 [TRACE] 【目标检测】屏幕内没有目标
2025-10-20 16:25:36 [TRACE] 【目标检测】屏幕内没有目标
2025-10-20 16:25:37 [TRACE] 【目标检测】屏幕内没有目标
2025-10-20 16:25:39 [TRACE] 【目标检测】屏幕内没有目标
2025-10-20 16:25:39 [TRACE] 【空洞监听】无匹配已持续：68秒
2025-10-20 16:25:39 [TRACE] 【空洞监听】即将超时，重启搜索线程
2025-10-20 16:25:42 [TRACE] 【目标检测】目标存在，但置信度不足
2025-10-20 16:25:43 [TRACE] 【目标检测】屏幕内没有目标
2025-10-20 16:25:44 [TRACE] 【目标检测】屏幕内没有目标
2025-10-20 16:25:46 [TRACE] 【目标检测】屏幕内没有目标
2025-10-20 16:25:46 [TRACE] 【状态】战斗模式：正在受到攻击
2025-10-20 16:25:52 [TRACE] 【状态】战斗模式：正在受到攻击
2025-10-20 16:25:58 [TRACE] 【状态】战斗模式：正在受到攻击
2025-10-20 16:26:01 [TRACE] 【状态】战斗模式：C:\Users\gelon\Desktop\ZA-Lite\assets/images/hollow\battle_3.png 置信度：0.9999998807907104
2025-10-20 16:26:11 [TRACE] 【空洞监听】无匹配已持续：0秒
2025-10-20 16:26:18 [TRACE] 【空洞监听】无匹配已持续：6秒
2025-10-20 16:26:26 [TRACE] 【状态】搜索模式：C:\Users\gelon\Desktop\ZA-Lite\assets/images/hollow\next_area.png 置信度：0.9999993443489075
2025-10-20 16:26:30 [TRACE] 【目标检测】TRAPPED！ 类型：blue_portal 置信度：0.9007808566093445
2025-10-20 16:26:37 [TRACE] 【目标检测】目标存在，但置信度不足
2025-10-20 16:26:41 [TRACE] 【目标检测】屏幕内没有目标
2025-10-20 16:26:42 [TRACE] 【状态】战斗模式：C:\Users\gelon\Desktop\ZA-Lite\assets/images/hollow\battle_3.png 置信度：0.9999995231628418
2025-10-20 16:26:43 [TRACE] 【目标检测】屏幕内没有目标
2025-10-20 16:26:53 [TRACE] 【空洞监听】无匹配已持续：0秒
2025-10-20 16:27:00 [TRACE] 【空洞监听】无匹配已持续：6秒
2025-10-20 16:27:04 [TRACE] 【状态】搜索模式：C:\Users\gelon\Desktop\ZA-Lite\assets/images/hollow\meter.png 置信度：0.9522523283958435
2025-10-20 16:27:04 [TRACE] 【目标检测】目标存在，但置信度不足
2025-10-20 16:27:08 [TRACE] 【目标检测】屏幕内没有目标
2025-10-20 16:27:10 [TRACE] 【目标检测】屏幕内没有目标
2025-10-20 16:27:12 [TRACE] 【目标检测】屏幕内没有目标
2025-10-20 16:27:13 [TRACE] 【空洞监听】无匹配已持续：0秒
2025-10-20 16:27:15 [TRACE] 【目标检测】屏幕内没有目标
2025-10-20 16:27:16 [TRACE] 【目标检测】屏幕内没有目标
2025-10-20 16:27:18 [TRACE] 【目标检测】屏幕内没有目标
2025-10-20 16:27:19 [TRACE] 【目标检测】屏幕内没有目标
2025-10-20 16:27:20 [TRACE] 【空洞监听】无匹配已持续：6秒
2025-10-20 16:27:20 [TRACE] 【目标检测】屏幕内没有目标
2025-10-20 16:27:23 [TRACE] 【目标检测】屏幕内没有目标
2025-10-20 16:27:26 [TRACE] 【目标检测】屏幕内没有目标
2025-10-20 16:27:26 [TRACE] 【空洞监听】无匹配已持续：13秒
2025-10-20 16:27:28 [TRACE] 【目标检测】微调超时，无法对齐！
2025-10-20 16:27:33 [TRACE] 【目标检测】TRAPPED！ 类型：blue_portal 置信度：0.9155564308166504
2025-10-20 16:27:33 [TRACE] 【空洞监听】无匹配已持续：20秒
2025-10-20 16:27:40 [TRACE] 【空洞监听】无匹配已持续：26秒
2025-10-20 16:27:40 [TRACE] 【目标检测】屏幕内没有目标
2025-10-20 16:27:41 [TRACE] 【目标检测】屏幕内没有目标
2025-10-20 16:27:45 [TRACE] 【目标检测】TRAPPED！ 类型：interact 置信度：0.7219190001487732
2025-10-20 16:27:47 [TRACE] 【空洞监听】无匹配已持续：33秒
2025-10-20 16:27:52 [TRACE] 【目标检测】TRAPPED！ 类型：interact 置信度：0.9089243412017822
2025-10-20 16:27:53 [TRACE] 【空洞监听】无匹配已持续：40秒
2025-10-20 16:27:59 [TRACE] 【目标检测】屏幕内没有目标
2025-10-20 16:28:00 [TRACE] 【目标检测】屏幕内没有目标
2025-10-20 16:28:00 [TRACE] 【状态】搜索模式：C:\Users\gelon\Desktop\ZA-Lite\assets/images/hollow\resonium.png 置信度：1.0
2025-10-20 16:28:01 [TRACE] 【目标出现】C:\Users\gelon\Desktop\ZA-Lite\assets/images/hollow\resonium.png 置信度：0.9999998807907104
2025-10-20 16:28:01 [TRACE] 【本轮的坐标】：(np.int64(1309), np.int64(441)) ------------
2025-10-20 16:28:01 [TRACE] 【已点击过的坐标】：[(-10, -10)]
2025-10-20 16:28:01 [TRACE] 【成功点击】
2025-10-20 16:28:01 [TRACE] 【目标检测】屏幕内没有目标
2025-10-20 16:28:02 [TRACE] 【本轮的坐标】：(np.int64(1310), np.int64(441)) ------------
2025-10-20 16:28:02 [TRACE] 【已点击过的坐标】：[(-10, -10), (np.int64(1309), np.int64(441))]
2025-10-20 16:28:02 [TRACE] 【坐标太近】视为重复
2025-10-20 16:28:02 [TRACE] 【没有通过的坐标】开始下一轮
2025-10-20 16:28:02 [TRACE] 【本轮的坐标】：(np.int64(1699), np.int64(441)) ------------
2025-10-20 16:28:02 [TRACE] 【已点击过的坐标】：[(-10, -10), (np.int64(1309), np.int64(441))]
2025-10-20 16:28:02 [TRACE] 【成功点击】
2025-10-20 16:28:02 [TRACE] 【目标检测】屏幕内没有目标
2025-10-20 16:28:02 [TRACE] 【本轮的坐标】：(np.int64(2088), np.int64(441)) ------------
2025-10-20 16:28:02 [TRACE] 【已点击过的坐标】：[(-10, -10), (np.int64(1309), np.int64(441)), (np.int64(1699), np.int64(441))]
2025-10-20 16:28:02 [TRACE] 【成功点击】
2025-10-20 16:28:03 [TRACE] 【本轮的坐标】：(np.int64(2089), np.int64(441)) ------------
2025-10-20 16:28:03 [TRACE] 【已点击过的坐标】：[(-10, -10), (np.int64(1309), np.int64(441)), (np.int64(1699), np.int64(441)), (np.int64(2088), np.int64(441))]
2025-10-20 16:28:03 [TRACE] 【坐标太近】视为重复
2025-10-20 16:28:03 [TRACE] 【没有通过的坐标】开始下一轮
2025-10-20 16:28:03 [TRACE] 【本轮的坐标】：(np.int64(2478), np.int64(441)) ------------
2025-10-20 16:28:03 [TRACE] 【已点击过的坐标】：[(-10, -10), (np.int64(1309), np.int64(441)), (np.int64(1699), np.int64(441)), (np.int64(2088), np.int64(441))]
2025-10-20 16:28:03 [TRACE] 【成功点击】
2025-10-20 16:28:03 [TRACE] 【目标检测】屏幕内没有目标
2025-10-20 16:28:04 [TRACE] 【本轮的坐标】：(np.int64(1308), np.int64(442)) ------------
2025-10-20 16:28:04 [TRACE] 【已点击过的坐标】：[(-10, -10), (np.int64(1309), np.int64(441)), (np.int64(1699), np.int64(441)), (np.int64(2088), np.int64(441)), (np.int64(2478), np.int64(441))]
2025-10-20 16:28:04 [TRACE] 【坐标太近】视为重复
2025-10-20 16:28:04 [TRACE] 【没有通过的坐标】开始下一轮
2025-10-20 16:28:04 [TRACE] 【本轮的坐标】：(np.int64(1309), np.int64(442)) ------------
2025-10-20 16:28:04 [TRACE] 【已点击过的坐标】：[(-10, -10), (np.int64(1309), np.int64(441)), (np.int64(1699), np.int64(441)), (np.int64(2088), np.int64(441)), (np.int64(2478), np.int64(441))]
2025-10-20 16:28:04 [TRACE] 【坐标太近】视为重复
2025-10-20 16:28:04 [TRACE] 【没有通过的坐标】开始下一轮
2025-10-20 16:28:04 [TRACE] 【本轮的坐标】：(np.int64(1310), np.int64(442)) ------------
2025-10-20 16:28:04 [TRACE] 【已点击过的坐标】：[(-10, -10), (np.int64(1309), np.int64(441)), (np.int64(1699), np.int64(441)), (np.int64(2088), np.int64(441)), (np.int64(2478), np.int64(441))]
2025-10-20 16:28:04 [TRACE] 【坐标太近】视为重复
2025-10-20 16:28:04 [TRACE] 【没有通过的坐标】开始下一轮
2025-10-20 16:28:04 [TRACE] 【本轮的坐标】：(np.int64(1698), np.int64(442)) ------------
2025-10-20 16:28:04 [TRACE] 【已点击过的坐标】：[(-10, -10), (np.int64(1309), np.int64(441)), (np.int64(1699), np.int64(441)), (np.int64(2088), np.int64(441)), (np.int64(2478), np.int64(441))]
2025-10-20 16:28:04 [TRACE] 【坐标太近】视为重复
2025-10-20 16:28:04 [TRACE] 【没有通过的坐标】开始下一轮
2025-10-20 16:28:04 [TRACE] 【本轮的坐标】：(np.int64(1699), np.int64(442)) ------------
2025-10-20 16:28:04 [TRACE] 【已点击过的坐标】：[(-10, -10), (np.int64(1309), np.int64(441)), (np.int64(1699), np.int64(441)), (np.int64(2088), np.int64(441)), (np.int64(2478), np.int64(441))]
2025-10-20 16:28:04 [TRACE] 【坐标太近】视为重复
2025-10-20 16:28:04 [TRACE] 【没有通过的坐标】开始下一轮
2025-10-20 16:28:04 [TRACE] 【本轮的坐标】：(np.int64(1700), np.int64(442)) ------------
2025-10-20 16:28:04 [TRACE] 【已点击过的坐标】：[(-10, -10), (np.int64(1309), np.int64(441)), (np.int64(1699), np.int64(441)), (np.int64(2088), np.int64(441)), (np.int64(2478), np.int64(441))]
2025-10-20 16:28:04 [TRACE] 【坐标太近】视为重复
2025-10-20 16:28:04 [TRACE] 【没有通过的坐标】开始下一轮
2025-10-20 16:28:04 [TRACE] 【本轮的坐标】：(np.int64(2087), np.int64(442)) ------------
2025-10-20 16:28:04 [TRACE] 【已点击过的坐标】：[(-10, -10), (np.int64(1309), np.int64(441)), (np.int64(1699), np.int64(441)), (np.int64(2088), np.int64(441)), (np.int64(2478), np.int64(441))]
2025-10-20 16:28:04 [TRACE] 【坐标太近】视为重复
2025-10-20 16:28:04 [TRACE] 【没有通过的坐标】开始下一轮
2025-10-20 16:28:04 [TRACE] 【本轮的坐标】：(np.int64(2088), np.int64(442)) ------------
2025-10-20 16:28:04 [TRACE] 【已点击过的坐标】：[(-10, -10), (np.int64(1309), np.int64(441)), (np.int64(1699), np.int64(441)), (np.int64(2088), np.int64(441)), (np.int64(2478), np.int64(441))]
2025-10-20 16:28:04 [TRACE] 【坐标太近】视为重复
2025-10-20 16:28:04 [TRACE] 【没有通过的坐标】开始下一轮
2025-10-20 16:28:04 [TRACE] 【本轮的坐标】：(np.int64(2089), np.int64(442)) ------------
2025-10-20 16:28:04 [TRACE] 【已点击过的坐标】：[(-10, -10), (np.int64(1309), np.int64(441)), (np.int64(1699), np.int64(441)), (np.int64(2088), np.int64(441)), (np.int64(2478), np.int64(441))]
2025-10-20 16:28:04 [TRACE] 【坐标太近】视为重复
2025-10-20 16:28:04 [TRACE] 【没有通过的坐标】开始下一轮
2025-10-20 16:28:04 [TRACE] 【本轮的坐标】：(np.int64(2090), np.int64(442)) ------------
2025-10-20 16:28:04 [TRACE] 【已点击过的坐标】：[(-10, -10), (np.int64(1309), np.int64(441)), (np.int64(1699), np.int64(441)), (np.int64(2088), np.int64(441)), (np.int64(2478), np.int64(441))]
2025-10-20 16:28:04 [TRACE] 【坐标太近】视为重复
2025-10-20 16:28:04 [TRACE] 【没有通过的坐标】开始下一轮
2025-10-20 16:28:04 [TRACE] 【本轮的坐标】：(np.int64(2477), np.int64(442)) ------------
2025-10-20 16:28:04 [TRACE] 【已点击过的坐标】：[(-10, -10), (np.int64(1309), np.int64(441)), (np.int64(1699), np.int64(441)), (np.int64(2088), np.int64(441)), (np.int64(2478), np.int64(441))]
2025-10-20 16:28:04 [TRACE] 【坐标太近】视为重复
2025-10-20 16:28:04 [TRACE] 【没有通过的坐标】开始下一轮
2025-10-20 16:28:04 [TRACE] 【本轮的坐标】：(np.int64(2478), np.int64(442)) ------------
2025-10-20 16:28:04 [TRACE] 【已点击过的坐标】：[(-10, -10), (np.int64(1309), np.int64(441)), (np.int64(1699), np.int64(441)), (np.int64(2088), np.int64(441)), (np.int64(2478), np.int64(441))]
2025-10-20 16:28:04 [TRACE] 【坐标太近】视为重复
2025-10-20 16:28:04 [TRACE] 【没有通过的坐标】开始下一轮
2025-10-20 16:28:04 [TRACE] 【本轮的坐标】：(np.int64(2479), np.int64(442)) ------------
2025-10-20 16:28:04 [TRACE] 【已点击过的坐标】：[(-10, -10), (np.int64(1309), np.int64(441)), (np.int64(1699), np.int64(441)), (np.int64(2088), np.int64(441)), (np.int64(2478), np.int64(441))]
2025-10-20 16:28:04 [TRACE] 【坐标太近】视为重复
2025-10-20 16:28:04 [TRACE] 【没有通过的坐标】开始下一轮
2025-10-20 16:28:04 [TRACE] 【本轮的坐标】：(np.int64(1309), np.int64(443)) ------------
2025-10-20 16:28:04 [TRACE] 【已点击过的坐标】：[(-10, -10), (np.int64(1309), np.int64(441)), (np.int64(1699), np.int64(441)), (np.int64(2088), np.int64(441)), (np.int64(2478), np.int64(441))]
2025-10-20 16:28:04 [TRACE] 【坐标太近】视为重复
2025-10-20 16:28:04 [TRACE] 【没有通过的坐标】开始下一轮
2025-10-20 16:28:04 [TRACE] 【本轮的坐标】：(np.int64(1698), np.int64(443)) ------------
2025-10-20 16:28:04 [TRACE] 【已点击过的坐标】：[(-10, -10), (np.int64(1309), np.int64(441)), (np.int64(1699), np.int64(441)), (np.int64(2088), np.int64(441)), (np.int64(2478), np.int64(441))]
2025-10-20 16:28:04 [TRACE] 【坐标太近】视为重复
2025-10-20 16:28:04 [TRACE] 【没有通过的坐标】开始下一轮
2025-10-20 16:28:04 [TRACE] 【本轮的坐标】：(np.int64(1699), np.int64(443)) ------------
2025-10-20 16:28:04 [TRACE] 【已点击过的坐标】：[(-10, -10), (np.int64(1309), np.int64(441)), (np.int64(1699), np.int64(441)), (np.int64(2088), np.int64(441)), (np.int64(2478), np.int64(441))]
2025-10-20 16:28:04 [TRACE] 【坐标太近】视为重复
2025-10-20 16:28:04 [TRACE] 【没有通过的坐标】开始下一轮
2025-10-20 16:28:04 [TRACE] 【本轮的坐标】：(np.int64(2088), np.int64(443)) ------------
2025-10-20 16:28:04 [TRACE] 【已点击过的坐标】：[(-10, -10), (np.int64(1309), np.int64(441)), (np.int64(1699), np.int64(441)), (np.int64(2088), np.int64(441)), (np.int64(2478), np.int64(441))]
2025-10-20 16:28:04 [TRACE] 【坐标太近】视为重复
2025-10-20 16:28:04 [TRACE] 【没有通过的坐标】开始下一轮
2025-10-20 16:28:04 [TRACE] 【本轮的坐标】：(np.int64(2478), np.int64(443)) ------------
2025-10-20 16:28:04 [TRACE] 【已点击过的坐标】：[(-10, -10), (np.int64(1309), np.int64(441)), (np.int64(1699), np.int64(441)), (np.int64(2088), np.int64(441)), (np.int64(2478), np.int64(441))]
2025-10-20 16:28:04 [TRACE] 【坐标太近】视为重复
2025-10-20 16:28:04 [TRACE] 【没有通过的坐标】开始下一轮
2025-10-20 16:28:04 [TRACE] 【完成所有点击】有效次数：4
2025-10-20 16:28:06 [TRACE] 【目标检测】屏幕内没有目标
2025-10-20 16:28:07 [TRACE] 【目标检测】屏幕内没有目标
2025-10-20 16:28:08 [TRACE] 【目标检测】目标存在，但置信度不足
2025-10-20 16:28:09 [TRACE] 【目标检测】屏幕内没有目标
2025-10-20 16:28:11 [TRACE] 【目标检测】屏幕内没有目标
2025-10-20 16:28:11 [TRACE] 【状态】搜索模式：C:\Users\gelon\Desktop\ZA-Lite\assets/images/hollow\resonium.png 置信度：1.0
2025-10-20 16:28:11 [TRACE] 【目标出现】C:\Users\gelon\Desktop\ZA-Lite\assets/images/hollow\resonium.png 置信度：0.9999996423721313
2025-10-20 16:28:11 [TRACE] 【本轮的坐标】：(np.int64(1309), np.int64(441)) ------------
2025-10-20 16:28:11 [TRACE] 【已点击过的坐标】：[(-10, -10)]
2025-10-20 16:28:11 [TRACE] 【成功点击】
2025-10-20 16:28:12 [TRACE] 【本轮的坐标】：(np.int64(1310), np.int64(441)) ------------
2025-10-20 16:28:12 [TRACE] 【已点击过的坐标】：[(-10, -10), (np.int64(1309), np.int64(441))]
2025-10-20 16:28:12 [TRACE] 【坐标太近】视为重复
2025-10-20 16:28:12 [TRACE] 【没有通过的坐标】开始下一轮
2025-10-20 16:28:12 [TRACE] 【本轮的坐标】：(np.int64(1699), np.int64(441)) ------------
2025-10-20 16:28:12 [TRACE] 【已点击过的坐标】：[(-10, -10), (np.int64(1309), np.int64(441))]
2025-10-20 16:28:12 [TRACE] 【成功点击】
2025-10-20 16:28:12 [TRACE] 【目标检测】屏幕内没有目标
2025-10-20 16:28:13 [TRACE] 【本轮的坐标】：(np.int64(2088), np.int64(441)) ------------
2025-10-20 16:28:13 [TRACE] 【已点击过的坐标】：[(-10, -10), (np.int64(1309), np.int64(441)), (np.int64(1699), np.int64(441))]
2025-10-20 16:28:13 [TRACE] 【成功点击】
2025-10-20 16:28:13 [TRACE] 【本轮的坐标】：(np.int64(2089), np.int64(441)) ------------
2025-10-20 16:28:13 [TRACE] 【已点击过的坐标】：[(-10, -10), (np.int64(1309), np.int64(441)), (np.int64(1699), np.int64(441)), (np.int64(2088), np.int64(441))]
2025-10-20 16:28:13 [TRACE] 【坐标太近】视为重复
2025-10-20 16:28:13 [TRACE] 【没有通过的坐标】开始下一轮
2025-10-20 16:28:13 [TRACE] 【本轮的坐标】：(np.int64(2478), np.int64(441)) ------------
2025-10-20 16:28:13 [TRACE] 【已点击过的坐标】：[(-10, -10), (np.int64(1309), np.int64(441)), (np.int64(1699), np.int64(441)), (np.int64(2088), np.int64(441))]
2025-10-20 16:28:13 [TRACE] 【成功点击】
2025-10-20 16:28:14 [TRACE] 【目标检测】屏幕内没有目标
2025-10-20 16:28:14 [TRACE] 【本轮的坐标】：(np.int64(1308), np.int64(442)) ------------
2025-10-20 16:28:14 [TRACE] 【已点击过的坐标】：[(-10, -10), (np.int64(1309), np.int64(441)), (np.int64(1699), np.int64(441)), (np.int64(2088), np.int64(441)), (np.int64(2478), np.int64(441))]
2025-10-20 16:28:14 [TRACE] 【坐标太近】视为重复
2025-10-20 16:28:14 [TRACE] 【没有通过的坐标】开始下一轮
2025-10-20 16:28:14 [TRACE] 【本轮的坐标】：(np.int64(1309), np.int64(442)) ------------
2025-10-20 16:28:14 [TRACE] 【已点击过的坐标】：[(-10, -10), (np.int64(1309), np.int64(441)), (np.int64(1699), np.int64(441)), (np.int64(2088), np.int64(441)), (np.int64(2478), np.int64(441))]
2025-10-20 16:28:14 [TRACE] 【坐标太近】视为重复
2025-10-20 16:28:14 [TRACE] 【没有通过的坐标】开始下一轮
2025-10-20 16:28:14 [TRACE] 【本轮的坐标】：(np.int64(1310), np.int64(442)) ------------
2025-10-20 16:28:14 [TRACE] 【已点击过的坐标】：[(-10, -10), (np.int64(1309), np.int64(441)), (np.int64(1699), np.int64(441)), (np.int64(2088), np.int64(441)), (np.int64(2478), np.int64(441))]
2025-10-20 16:28:14 [TRACE] 【坐标太近】视为重复
2025-10-20 16:28:14 [TRACE] 【没有通过的坐标】开始下一轮
2025-10-20 16:28:14 [TRACE] 【本轮的坐标】：(np.int64(1698), np.int64(442)) ------------
2025-10-20 16:28:14 [TRACE] 【已点击过的坐标】：[(-10, -10), (np.int64(1309), np.int64(441)), (np.int64(1699), np.int64(441)), (np.int64(2088), np.int64(441)), (np.int64(2478), np.int64(441))]
2025-10-20 16:28:14 [TRACE] 【坐标太近】视为重复
2025-10-20 16:28:14 [TRACE] 【没有通过的坐标】开始下一轮
2025-10-20 16:28:14 [TRACE] 【本轮的坐标】：(np.int64(1699), np.int64(442)) ------------
2025-10-20 16:28:14 [TRACE] 【已点击过的坐标】：[(-10, -10), (np.int64(1309), np.int64(441)), (np.int64(1699), np.int64(441)), (np.int64(2088), np.int64(441)), (np.int64(2478), np.int64(441))]
2025-10-20 16:28:14 [TRACE] 【坐标太近】视为重复
2025-10-20 16:28:14 [TRACE] 【没有通过的坐标】开始下一轮
2025-10-20 16:28:14 [TRACE] 【本轮的坐标】：(np.int64(1700), np.int64(442)) ------------
2025-10-20 16:28:14 [TRACE] 【已点击过的坐标】：[(-10, -10), (np.int64(1309), np.int64(441)), (np.int64(1699), np.int64(441)), (np.int64(2088), np.int64(441)), (np.int64(2478), np.int64(441))]
2025-10-20 16:28:14 [TRACE] 【坐标太近】视为重复
2025-10-20 16:28:14 [TRACE] 【没有通过的坐标】开始下一轮
2025-10-20 16:28:14 [TRACE] 【本轮的坐标】：(np.int64(2087), np.int64(442)) ------------
2025-10-20 16:28:14 [TRACE] 【已点击过的坐标】：[(-10, -10), (np.int64(1309), np.int64(441)), (np.int64(1699), np.int64(441)), (np.int64(2088), np.int64(441)), (np.int64(2478), np.int64(441))]
2025-10-20 16:28:14 [TRACE] 【坐标太近】视为重复
2025-10-20 16:28:14 [TRACE] 【没有通过的坐标】开始下一轮
2025-10-20 16:28:14 [TRACE] 【本轮的坐标】：(np.int64(2088), np.int64(442)) ------------
2025-10-20 16:28:14 [TRACE] 【已点击过的坐标】：[(-10, -10), (np.int64(1309), np.int64(441)), (np.int64(1699), np.int64(441)), (np.int64(2088), np.int64(441)), (np.int64(2478), np.int64(441))]
2025-10-20 16:28:14 [TRACE] 【坐标太近】视为重复
2025-10-20 16:28:14 [TRACE] 【没有通过的坐标】开始下一轮
2025-10-20 16:28:14 [TRACE] 【本轮的坐标】：(np.int64(2089), np.int64(442)) ------------
2025-10-20 16:28:14 [TRACE] 【已点击过的坐标】：[(-10, -10), (np.int64(1309), np.int64(441)), (np.int64(1699), np.int64(441)), (np.int64(2088), np.int64(441)), (np.int64(2478), np.int64(441))]
2025-10-20 16:28:14 [TRACE] 【坐标太近】视为重复
2025-10-20 16:28:14 [TRACE] 【没有通过的坐标】开始下一轮
2025-10-20 16:28:14 [TRACE] 【本轮的坐标】：(np.int64(2090), np.int64(442)) ------------
2025-10-20 16:28:14 [TRACE] 【已点击过的坐标】：[(-10, -10), (np.int64(1309), np.int64(441)), (np.int64(1699), np.int64(441)), (np.int64(2088), np.int64(441)), (np.int64(2478), np.int64(441))]
2025-10-20 16:28:14 [TRACE] 【坐标太近】视为重复
2025-10-20 16:28:14 [TRACE] 【没有通过的坐标】开始下一轮
2025-10-20 16:28:14 [TRACE] 【本轮的坐标】：(np.int64(2477), np.int64(442)) ------------
2025-10-20 16:28:14 [TRACE] 【已点击过的坐标】：[(-10, -10), (np.int64(1309), np.int64(441)), (np.int64(1699), np.int64(441)), (np.int64(2088), np.int64(441)), (np.int64(2478), np.int64(441))]
2025-10-20 16:28:14 [TRACE] 【坐标太近】视为重复
2025-10-20 16:28:14 [TRACE] 【没有通过的坐标】开始下一轮
2025-10-20 16:28:14 [TRACE] 【本轮的坐标】：(np.int64(2478), np.int64(442)) ------------
2025-10-20 16:28:14 [TRACE] 【已点击过的坐标】：[(-10, -10), (np.int64(1309), np.int64(441)), (np.int64(1699), np.int64(441)), (np.int64(2088), np.int64(441)), (np.int64(2478), np.int64(441))]
2025-10-20 16:28:14 [TRACE] 【坐标太近】视为重复
2025-10-20 16:28:14 [TRACE] 【没有通过的坐标】开始下一轮
2025-10-20 16:28:14 [TRACE] 【本轮的坐标】：(np.int64(2479), np.int64(442)) ------------
2025-10-20 16:28:14 [TRACE] 【已点击过的坐标】：[(-10, -10), (np.int64(1309), np.int64(441)), (np.int64(1699), np.int64(441)), (np.int64(2088), np.int64(441)), (np.int64(2478), np.int64(441))]
2025-10-20 16:28:14 [TRACE] 【坐标太近】视为重复
2025-10-20 16:28:14 [TRACE] 【没有通过的坐标】开始下一轮
2025-10-20 16:28:14 [TRACE] 【本轮的坐标】：(np.int64(1309), np.int64(443)) ------------
2025-10-20 16:28:14 [TRACE] 【已点击过的坐标】：[(-10, -10), (np.int64(1309), np.int64(441)), (np.int64(1699), np.int64(441)), (np.int64(2088), np.int64(441)), (np.int64(2478), np.int64(441))]
2025-10-20 16:28:14 [TRACE] 【坐标太近】视为重复
2025-10-20 16:28:14 [TRACE] 【没有通过的坐标】开始下一轮
2025-10-20 16:28:14 [TRACE] 【本轮的坐标】：(np.int64(1698), np.int64(443)) ------------
2025-10-20 16:28:14 [TRACE] 【已点击过的坐标】：[(-10, -10), (np.int64(1309), np.int64(441)), (np.int64(1699), np.int64(441)), (np.int64(2088), np.int64(441)), (np.int64(2478), np.int64(441))]
2025-10-20 16:28:14 [TRACE] 【坐标太近】视为重复
2025-10-20 16:28:14 [TRACE] 【没有通过的坐标】开始下一轮
2025-10-20 16:28:14 [TRACE] 【本轮的坐标】：(np.int64(1699), np.int64(443)) ------------
2025-10-20 16:28:14 [TRACE] 【已点击过的坐标】：[(-10, -10), (np.int64(1309), np.int64(441)), (np.int64(1699), np.int64(441)), (np.int64(2088), np.int64(441)), (np.int64(2478), np.int64(441))]
2025-10-20 16:28:14 [TRACE] 【坐标太近】视为重复
2025-10-20 16:28:14 [TRACE] 【没有通过的坐标】开始下一轮
2025-10-20 16:28:14 [TRACE] 【本轮的坐标】：(np.int64(2088), np.int64(443)) ------------
2025-10-20 16:28:14 [TRACE] 【已点击过的坐标】：[(-10, -10), (np.int64(1309), np.int64(441)), (np.int64(1699), np.int64(441)), (np.int64(2088), np.int64(441)), (np.int64(2478), np.int64(441))]
2025-10-20 16:28:14 [TRACE] 【坐标太近】视为重复
2025-10-20 16:28:14 [TRACE] 【没有通过的坐标】开始下一轮
2025-10-20 16:28:14 [TRACE] 【本轮的坐标】：(np.int64(2478), np.int64(443)) ------------
2025-10-20 16:28:14 [TRACE] 【已点击过的坐标】：[(-10, -10), (np.int64(1309), np.int64(441)), (np.int64(1699), np.int64(441)), (np.int64(2088), np.int64(441)), (np.int64(2478), np.int64(441))]
2025-10-20 16:28:14 [TRACE] 【坐标太近】视为重复
2025-10-20 16:28:14 [TRACE] 【没有通过的坐标】开始下一轮
2025-10-20 16:28:14 [TRACE] 【完成所有点击】有效次数：4
2025-10-20 16:28:16 [TRACE] 【目标检测】屏幕内没有目标
2025-10-20 16:28:17 [TRACE] 【目标检测】屏幕内没有目标
2025-10-20 16:28:18 [TRACE] 【目标检测】屏幕内没有目标
2025-10-20 16:28:19 [TRACE] 【目标检测】屏幕内没有目标
2025-10-20 16:28:23 [TRACE] 【状态】搜索模式：C:\Users\gelon\Desktop\ZA-Lite\assets/images/hollow\next_area.png 置信度：0.9999995231628418
2025-10-20 16:28:26 [TRACE] 【状态】搜索模式：C:\Users\gelon\Desktop\ZA-Lite\assets/images/hollow\meter.png 置信度：0.9861477017402649
2025-10-20 16:28:29 [TRACE] 【目标检测】TRAPPED！ 类型：blue_portal 置信度：0.9141547679901123
2025-10-20 16:28:35 [TRACE] 【空洞监听】无匹配已持续：0秒
2025-10-20 16:28:36 [TRACE] 【目标检测】屏幕内没有目标
2025-10-20 16:28:37 [TRACE] 【目标检测】屏幕内没有目标
2025-10-20 16:28:38 [TRACE] 【目标检测】屏幕内没有目标
2025-10-20 16:28:40 [TRACE] 【目标检测】屏幕内没有目标
2025-10-20 16:28:42 [TRACE] 【目标检测】屏幕内没有目标
2025-10-20 16:28:42 [TRACE] 【空洞监听】无匹配已持续：7秒
2025-10-20 16:28:46 [TRACE] 【目标检测】屏幕内没有目标
2025-10-20 16:28:47 [TRACE] 【目标检测】屏幕内没有目标
2025-10-20 16:28:48 [TRACE] 【目标检测】屏幕内没有目标
2025-10-20 16:28:49 [TRACE] 【状态】战斗模式：正在受到攻击
2025-10-20 16:28:52 [TRACE] 【状态】战斗模式：C:\Users\gelon\Desktop\ZA-Lite\assets/images/hollow\battle_5.png 置信度：0.9830250144004822
2025-10-20 16:28:55 [TRACE] 【状态】战斗模式：正在受到攻击
2025-10-20 16:29:01 [TRACE] 【空洞监听】无匹配已持续：0秒
2025-10-20 16:29:08 [TRACE] 【状态】战斗模式：正在受到攻击
2025-10-20 16:29:12 [TRACE] 【状态】战斗模式：C:\Users\gelon\Desktop\ZA-Lite\assets/images/hollow\battle_5.png 置信度：0.9858106374740601
2025-10-20 16:29:18 [TRACE] 【状态】战斗模式：C:\Users\gelon\Desktop\ZA-Lite\assets/images/hollow\battle_5.png 置信度：0.9814236164093018
2025-10-20 16:29:21 [TRACE] 【状态】战斗模式：正在受到攻击
2025-10-20 16:29:28 [TRACE] 【状态】战斗模式：正在受到攻击
2025-10-20 16:29:34 [TRACE] 【空洞监听】无匹配已持续：0秒
2025-10-20 16:29:41 [TRACE] 【空洞监听】无匹配已持续：6秒
2025-10-20 16:29:49 [TRACE] 【状态】搜索模式：C:\Users\gelon\Desktop\ZA-Lite\assets/images/hollow\next_area.png 置信度：0.9999993443489075
2025-10-20 16:29:55 [TRACE] 【目标检测】微调超时，无法对齐！
2025-10-20 16:29:58 [TRACE] 【目标检测】TRAPPED！ 类型：guide_point 置信度：0.9651004672050476
2025-10-20 16:29:59 [TRACE] 【状态】搜索模式：C:\Users\gelon\Desktop\ZA-Lite\assets/images/hollow\meter.png 置信度：0.9602609872817993
2025-10-20 16:30:05 [TRACE] 【目标检测】屏幕内没有目标
2025-10-20 16:30:06 [TRACE] 【目标检测】屏幕内没有目标
2025-10-20 16:30:08 [TRACE] 【目标检测】屏幕内没有目标
2025-10-20 16:30:08 [TRACE] 【空洞监听】无匹配已持续：0秒
2025-10-20 16:30:09 [TRACE] 【目标检测】屏幕内没有目标
2025-10-20 16:30:10 [TRACE] 【目标检测】屏幕内没有目标
2025-10-20 16:30:15 [TRACE] 【空洞监听】无匹配已持续：6秒
2025-10-20 16:30:16 [TRACE] 【目标检测】目标存在，但置信度不足
2025-10-20 16:30:21 [TRACE] 【空洞监听】无匹配已持续：13秒
2025-10-20 16:30:22 [TRACE] 【目标检测】TRAPPED！ 类型：blue_portal 置信度：0.7506014704704285
2025-10-20 16:30:28 [TRACE] 【空洞监听】无匹配已持续：19秒
2025-10-20 16:30:29 [TRACE] 【目标检测】屏幕内没有目标
2025-10-20 16:30:30 [TRACE] 【目标检测】屏幕内没有目标
2025-10-20 16:30:31 [TRACE] 【目标检测】屏幕内没有目标
2025-10-20 16:30:33 [TRACE] 【目标检测】屏幕内没有目标
2025-10-20 16:30:34 [TRACE] 【目标检测】屏幕内没有目标
2025-10-20 16:30:36 [TRACE] 【目标检测】屏幕内没有目标
2025-10-20 16:30:38 [TRACE] 【目标检测】屏幕内没有目标
2025-10-20 16:30:39 [TRACE] 【目标检测】屏幕内没有目标
2025-10-20 16:30:40 [TRACE] 【目标检测】屏幕内没有目标
2025-10-20 16:30:42 [TRACE] 【目标检测】屏幕内没有目标
2025-10-20 16:30:45 [TRACE] 【目标检测】屏幕内没有目标
2025-10-20 16:30:46 [TRACE] 【目标检测】屏幕内没有目标
2025-10-20 16:30:47 [TRACE] 【目标检测】屏幕内没有目标
2025-10-20 16:30:53 [TRACE] 【状态】搜索模式：C:\Users\gelon\Desktop\ZA-Lite\assets/images/hollow\meter.png 置信度：0.9420583844184875
2025-10-20 16:30:55 [TRACE] 【目标检测】微调超时，无法对齐！
2025-10-20 16:30:59 [TRACE] 【目标检测】TRAPPED！ 类型：guide_point 置信度：0.6941603422164917
2025-10-20 16:31:03 [TRACE] 【空洞监听】无匹配已持续：0秒
2025-10-20 16:31:05 [TRACE] 【目标检测】屏幕内没有目标
2025-10-20 16:31:07 [TRACE] 【目标检测】屏幕内没有目标
2025-10-20 16:31:08 [TRACE] 【目标检测】屏幕内没有目标
2025-10-20 16:31:09 [TRACE] 【空洞监听】无匹配已持续：6秒
2025-10-20 16:31:10 [TRACE] 【目标检测】目标存在，但置信度不足
2025-10-20 16:31:11 [TRACE] 【目标检测】屏幕内没有目标
2025-10-20 16:31:13 [TRACE] 【目标检测】屏幕内没有目标
2025-10-20 16:31:16 [TRACE] 【目标检测】屏幕内没有目标
2025-10-20 16:31:17 [TRACE] 【状态】战斗模式：正在受到攻击
2025-10-20 16:31:17 [TRACE] 【目标检测】屏幕内没有目标
2025-10-20 16:31:23 [TRACE] 【空洞监听】无匹配已持续：0秒
2025-10-20 16:31:29 [TRACE] 【状态】战斗模式：正在受到攻击
2025-10-20 16:31:32 [TRACE] 【状态】战斗模式：C:\Users\gelon\Desktop\ZA-Lite\assets/images/hollow\battle_5.png 置信度：0.9813136458396912
2025-10-20 16:31:42 [TRACE] 【空洞监听】无匹配已持续：0秒
2025-10-20 16:31:48 [TRACE] 【空洞监听】无匹配已持续：6秒
2025-10-20 16:31:54 [TRACE] 【状态】战斗模式：正在受到攻击
2025-10-20 16:31:58 [TRACE] 【状态】战斗模式：C:\Users\gelon\Desktop\ZA-Lite\assets/images/hollow\battle_5.png 置信度：0.9811681509017944
2025-10-20 16:32:07 [TRACE] 【空洞监听】无匹配已持续：0秒
2025-10-20 16:32:13 [TRACE] 【状态】战斗模式：正在受到攻击
2025-10-20 16:32:20 [TRACE] 【状态】战斗模式：正在受到攻击
2025-10-20 16:32:26 [TRACE] 【空洞监听】无匹配已持续：0秒
2025-10-20 16:32:33 [TRACE] 【空洞监听】无匹配已持续：6秒
2025-10-20 16:32:39 [TRACE] 【空洞监听】无匹配已持续：13秒
2025-10-20 16:32:45 [TRACE] 【状态】战斗模式：正在受到攻击
2025-10-20 16:32:51 [TRACE] 【状态】战斗模式：正在受到攻击
2025-10-20 16:32:57 [TRACE] 【空洞监听】无匹配已持续：0秒
2025-10-20 16:33:03 [TRACE] 【空洞监听】无匹配已持续：6秒
2025-10-20 16:33:09 [TRACE] 【状态】战斗模式：正在受到攻击
2025-10-20 16:33:16 [TRACE] 【状态】战斗模式：正在受到攻击
2025-10-20 16:33:19 [TRACE] 【状态】战斗模式：C:\Users\gelon\Desktop\ZA-Lite\assets/images/hollow\battle_5.png 置信度：0.9779128432273865
2025-10-20 16:33:29 [TRACE] 【状态】战斗模式：正在受到攻击
2025-10-20 16:33:33 [TRACE] 【状态】战斗模式：C:\Users\gelon\Desktop\ZA-Lite\assets/images/hollow\battle_5.png 置信度：0.9768860340118408
2025-10-20 16:33:39 [TRACE] 【状态】战斗模式：C:\Users\gelon\Desktop\ZA-Lite\assets/images/hollow\battle_5.png 置信度：0.9790778160095215
2025-10-20 16:33:49 [TRACE] 【状态】战斗模式：正在受到攻击
2025-10-20 16:33:52 [TRACE] 【状态】战斗模式：C:\Users\gelon\Desktop\ZA-Lite\assets/images/hollow\battle_5.png 置信度：0.9807264804840088
2025-10-20 16:34:02 [TRACE] 【状态】战斗模式：正在受到攻击
2025-10-20 16:34:08 [TRACE] 【空洞监听】无匹配已持续：0秒
2025-10-20 16:34:15 [TRACE] 【空洞监听】无匹配已持续：6秒
2025-10-20 16:34:21 [TRACE] 【空洞监听】无匹配已持续：12秒
2025-10-20 16:34:25 [TRACE] 【状态】战斗模式：C:\Users\gelon\Desktop\ZA-Lite\assets/images/hollow\battle_5.png 置信度：0.9800605773925781
2025-10-20 16:34:27 [TRACE] 【状态】战斗模式：正在受到攻击
2025-10-20 16:34:34 [TRACE] 【状态】战斗模式：正在受到攻击
2025-10-20 16:34:40 [TRACE] 【状态】战斗模式：正在受到攻击
2025-10-20 16:34:43 [TRACE] 【状态】战斗模式：C:\Users\gelon\Desktop\ZA-Lite\assets/images/hollow\battle_5.png 置信度：0.9857047200202942
2025-10-20 16:34:52 [TRACE] 【空洞监听】无匹配已持续：0秒
2025-10-20 16:35:00 [TRACE] 【状态】搜索模式：C:\Users\gelon\Desktop\ZA-Lite\assets/images/hollow\gear.png 置信度：0.9999998211860657
2025-10-20 16:35:01 [TRACE] 【目标检测】屏幕内没有目标
2025-10-20 16:35:02 [TRACE] 【目标检测】屏幕内没有目标
2025-10-20 16:35:04 [TRACE] 【目标检测】屏幕内没有目标
2025-10-20 16:35:07 [TRACE] 【状态】搜索模式：C:\Users\gelon\Desktop\ZA-Lite\assets/images/hollow\resonium.png 置信度：0.9999998807907104
2025-10-20 16:35:07 [TRACE] 【目标出现】C:\Users\gelon\Desktop\ZA-Lite\assets/images/hollow\resonium.png 置信度：1.0
2025-10-20 16:35:07 [TRACE] 【本轮的坐标】：(np.int64(1174), np.int64(461)) ------------
2025-10-20 16:35:07 [TRACE] 【已点击过的坐标】：[(-10, -10)]
2025-10-20 16:35:07 [TRACE] 【成功点击】
2025-10-20 16:35:08 [TRACE] 【目标检测】屏幕内没有目标
2025-10-20 16:35:08 [TRACE] 【本轮的坐标】：(np.int64(1581), np.int64(461)) ------------
2025-10-20 16:35:08 [TRACE] 【已点击过的坐标】：[(-10, -10), (np.int64(1174), np.int64(461))]
2025-10-20 16:35:08 [TRACE] 【成功点击】
2025-10-20 16:35:09 [TRACE] 【目标检测】目标存在，但置信度不足
2025-10-20 16:35:09 [TRACE] 【本轮的坐标】：(np.int64(1582), np.int64(461)) ------------
2025-10-20 16:35:09 [TRACE] 【已点击过的坐标】：[(-10, -10), (np.int64(1174), np.int64(461)), (np.int64(1581), np.int64(461))]
2025-10-20 16:35:09 [TRACE] 【坐标太近】视为重复
2025-10-20 16:35:09 [TRACE] 【没有通过的坐标】开始下一轮
2025-10-20 16:35:09 [TRACE] 【本轮的坐标】：(np.int64(1988), np.int64(461)) ------------
2025-10-20 16:35:09 [TRACE] 【已点击过的坐标】：[(-10, -10), (np.int64(1174), np.int64(461)), (np.int64(1581), np.int64(461))]
2025-10-20 16:35:09 [TRACE] 【成功点击】
2025-10-20 16:35:10 [TRACE] 【本轮的坐标】：(np.int64(1989), np.int64(461)) ------------
2025-10-20 16:35:10 [TRACE] 【已点击过的坐标】：[(-10, -10), (np.int64(1174), np.int64(461)), (np.int64(1581), np.int64(461)), (np.int64(1988), np.int64(461))]
2025-10-20 16:35:10 [TRACE] 【坐标太近】视为重复
2025-10-20 16:35:10 [TRACE] 【没有通过的坐标】开始下一轮
2025-10-20 16:35:10 [TRACE] 【本轮的坐标】：(np.int64(1173), np.int64(462)) ------------
2025-10-20 16:35:10 [TRACE] 【已点击过的坐标】：[(-10, -10), (np.int64(1174), np.int64(461)), (np.int64(1581), np.int64(461)), (np.int64(1988), np.int64(461))]
2025-10-20 16:35:10 [TRACE] 【坐标太近】视为重复
2025-10-20 16:35:10 [TRACE] 【没有通过的坐标】开始下一轮
2025-10-20 16:35:10 [TRACE] 【本轮的坐标】：(np.int64(1174), np.int64(462)) ------------
2025-10-20 16:35:10 [TRACE] 【已点击过的坐标】：[(-10, -10), (np.int64(1174), np.int64(461)), (np.int64(1581), np.int64(461)), (np.int64(1988), np.int64(461))]
2025-10-20 16:35:10 [TRACE] 【坐标太近】视为重复
2025-10-20 16:35:10 [TRACE] 【没有通过的坐标】开始下一轮
2025-10-20 16:35:10 [TRACE] 【本轮的坐标】：(np.int64(1175), np.int64(462)) ------------
2025-10-20 16:35:10 [TRACE] 【已点击过的坐标】：[(-10, -10), (np.int64(1174), np.int64(461)), (np.int64(1581), np.int64(461)), (np.int64(1988), np.int64(461))]
2025-10-20 16:35:10 [TRACE] 【坐标太近】视为重复
2025-10-20 16:35:10 [TRACE] 【没有通过的坐标】开始下一轮
2025-10-20 16:35:10 [TRACE] 【本轮的坐标】：(np.int64(1580), np.int64(462)) ------------
2025-10-20 16:35:10 [TRACE] 【已点击过的坐标】：[(-10, -10), (np.int64(1174), np.int64(461)), (np.int64(1581), np.int64(461)), (np.int64(1988), np.int64(461))]
2025-10-20 16:35:10 [TRACE] 【坐标太近】视为重复
2025-10-20 16:35:10 [TRACE] 【没有通过的坐标】开始下一轮
2025-10-20 16:35:10 [TRACE] 【本轮的坐标】：(np.int64(1581), np.int64(462)) ------------
2025-10-20 16:35:10 [TRACE] 【已点击过的坐标】：[(-10, -10), (np.int64(1174), np.int64(461)), (np.int64(1581), np.int64(461)), (np.int64(1988), np.int64(461))]
2025-10-20 16:35:10 [TRACE] 【坐标太近】视为重复
2025-10-20 16:35:10 [TRACE] 【没有通过的坐标】开始下一轮
2025-10-20 16:35:10 [TRACE] 【本轮的坐标】：(np.int64(1582), np.int64(462)) ------------
2025-10-20 16:35:10 [TRACE] 【已点击过的坐标】：[(-10, -10), (np.int64(1174), np.int64(461)), (np.int64(1581), np.int64(461)), (np.int64(1988), np.int64(461))]
2025-10-20 16:35:10 [TRACE] 【坐标太近】视为重复
2025-10-20 16:35:10 [TRACE] 【没有通过的坐标】开始下一轮
2025-10-20 16:35:10 [TRACE] 【本轮的坐标】：(np.int64(1987), np.int64(462)) ------------
2025-10-20 16:35:10 [TRACE] 【已点击过的坐标】：[(-10, -10), (np.int64(1174), np.int64(461)), (np.int64(1581), np.int64(461)), (np.int64(1988), np.int64(461))]
2025-10-20 16:35:10 [TRACE] 【坐标太近】视为重复
2025-10-20 16:35:10 [TRACE] 【没有通过的坐标】开始下一轮
2025-10-20 16:35:10 [TRACE] 【本轮的坐标】：(np.int64(1988), np.int64(462)) ------------
2025-10-20 16:35:10 [TRACE] 【已点击过的坐标】：[(-10, -10), (np.int64(1174), np.int64(461)), (np.int64(1581), np.int64(461)), (np.int64(1988), np.int64(461))]
2025-10-20 16:35:10 [TRACE] 【坐标太近】视为重复
2025-10-20 16:35:10 [TRACE] 【没有通过的坐标】开始下一轮
2025-10-20 16:35:10 [TRACE] 【本轮的坐标】：(np.int64(1989), np.int64(462)) ------------
2025-10-20 16:35:10 [TRACE] 【已点击过的坐标】：[(-10, -10), (np.int64(1174), np.int64(461)), (np.int64(1581), np.int64(461)), (np.int64(1988), np.int64(461))]
2025-10-20 16:35:10 [TRACE] 【坐标太近】视为重复
2025-10-20 16:35:10 [TRACE] 【没有通过的坐标】开始下一轮
2025-10-20 16:35:10 [TRACE] 【本轮的坐标】：(np.int64(1990), np.int64(462)) ------------
2025-10-20 16:35:10 [TRACE] 【已点击过的坐标】：[(-10, -10), (np.int64(1174), np.int64(461)), (np.int64(1581), np.int64(461)), (np.int64(1988), np.int64(461))]
2025-10-20 16:35:10 [TRACE] 【坐标太近】视为重复
2025-10-20 16:35:10 [TRACE] 【没有通过的坐标】开始下一轮
2025-10-20 16:35:10 [TRACE] 【本轮的坐标】：(np.int64(1174), np.int64(463)) ------------
2025-10-20 16:35:10 [TRACE] 【已点击过的坐标】：[(-10, -10), (np.int64(1174), np.int64(461)), (np.int64(1581), np.int64(461)), (np.int64(1988), np.int64(461))]
2025-10-20 16:35:10 [TRACE] 【坐标太近】视为重复
2025-10-20 16:35:10 [TRACE] 【没有通过的坐标】开始下一轮
2025-10-20 16:35:10 [TRACE] 【本轮的坐标】：(np.int64(1581), np.int64(463)) ------------
2025-10-20 16:35:10 [TRACE] 【已点击过的坐标】：[(-10, -10), (np.int64(1174), np.int64(461)), (np.int64(1581), np.int64(461)), (np.int64(1988), np.int64(461))]
2025-10-20 16:35:10 [TRACE] 【坐标太近】视为重复
2025-10-20 16:35:10 [TRACE] 【没有通过的坐标】开始下一轮
2025-10-20 16:35:10 [TRACE] 【本轮的坐标】：(np.int64(1988), np.int64(463)) ------------
2025-10-20 16:35:10 [TRACE] 【已点击过的坐标】：[(-10, -10), (np.int64(1174), np.int64(461)), (np.int64(1581), np.int64(461)), (np.int64(1988), np.int64(461))]
2025-10-20 16:35:10 [TRACE] 【坐标太近】视为重复
2025-10-20 16:35:10 [TRACE] 【没有通过的坐标】开始下一轮
2025-10-20 16:35:10 [TRACE] 【完成所有点击】有效次数：3
2025-10-20 16:35:10 [TRACE] 【目标检测】屏幕内没有目标
2025-10-20 16:35:11 [TRACE] 【目标检测】屏幕内没有目标
2025-10-20 16:35:12 [TRACE] 【目标检测】屏幕内没有目标
2025-10-20 16:35:14 [TRACE] 【目标检测】屏幕内没有目标
2025-10-20 16:35:18 [TRACE] 【目标检测】屏幕内没有目标
2025-10-20 16:35:19 [TRACE] 【目标检测】目标存在，但置信度不足
2025-10-20 16:35:20 [TRACE] 【目标检测】屏幕内没有目标
2025-10-20 16:35:22 [TRACE] 【目标检测】屏幕内没有目标
2025-10-20 16:35:23 [TRACE] 【空洞监听】无匹配已持续：0秒
2025-10-20 16:35:23 [TRACE] 【目标检测】屏幕内没有目标
2025-10-20 16:35:24 [TRACE] 【状态】搜索模式：C:\Users\gelon\Desktop\ZA-Lite\assets/images/hollow\battle_end_boss.png 置信度：0.9999357461929321
2025-10-20 16:35:24 [TRACE] 【目标检测】屏幕内没有目标
2025-10-20 16:35:26 [TRACE] 【目标检测】屏幕内没有目标
2025-10-20 16:35:28 [TRACE] 【目标检测】屏幕内没有目标
2025-10-20 16:35:29 [TRACE] 【目标检测】屏幕内没有目标
2025-10-20 16:35:31 [TRACE] 【目标检测】屏幕内没有目标
2025-10-20 16:35:32 [TRACE] 【目标检测】屏幕内没有目标
2025-10-20 16:35:36 [TRACE] 【空洞监听】无匹配已持续：0秒
2025-10-20 16:35:36 [TRACE] 【目标检测】TRAPPED！ 类型：interact 置信度：0.9280986189842224
2025-10-20 16:35:43 [TRACE] 【目标检测】屏幕内没有目标
2025-10-20 16:35:45 [TRACE] 【目标检测】屏幕内没有目标
2025-10-20 16:35:46 [TRACE] 【目标检测】屏幕内没有目标
2025-10-20 16:35:47 [TRACE] 【目标检测】屏幕内没有目标
2025-10-20 16:35:49 [TRACE] 【目标检测】屏幕内没有目标
2025-10-20 16:35:51 [TRACE] 【目标检测】屏幕内没有目标
2025-10-20 16:35:53 [TRACE] 【目标检测】屏幕内没有目标
2025-10-20 16:35:54 [TRACE] 【目标检测】屏幕内没有目标
2025-10-20 16:35:55 [TRACE] 【目标检测】屏幕内没有目标
2025-10-20 16:36:00 [TRACE] 【目标检测】TRAPPED！ 类型：interact 置信度：0.928347647190094
2025-10-20 16:36:04 [TRACE] 【空洞监听】无匹配已持续：0秒
2025-10-20 16:36:07 [TRACE] 【目标检测】屏幕内没有目标
2025-10-20 16:36:08 [TRACE] 【目标检测】屏幕内没有目标
2025-10-20 16:36:09 [TRACE] 【目标检测】屏幕内没有目标
2025-10-20 16:36:10 [TRACE] 【目标检测】屏幕内没有目标
2025-10-20 16:36:12 [TRACE] 【目标检测】屏幕内没有目标
2025-10-20 16:36:15 [TRACE] 【目标检测】TRAPPED！ 类型：interact 置信度：0.9226842522621155
2025-10-20 16:36:20 [TRACE] 【目标检测】TRAPPED！ 类型：interact 置信度：0.9095257520675659
2025-10-20 16:36:23 [TRACE] 【空洞监听】无匹配已持续：0秒
2025-10-20 16:36:27 [TRACE] 【目标检测】屏幕内没有目标
2025-10-20 16:36:29 [TRACE] 【目标检测】屏幕内没有目标
2025-10-20 16:36:30 [TRACE] 【目标检测】屏幕内没有目标
2025-10-20 16:36:31 [TRACE] 【目标检测】屏幕内没有目标
2025-10-20 16:36:32 [TRACE] 【目标检测】屏幕内没有目标
2025-10-20 16:36:36 [TRACE] 【目标检测】TRAPPED！ 类型：interact 置信度：0.8941918015480042
2025-10-20 16:36:42 [TRACE] 【目标检测】TRAPPED！ 类型：interact 置信度：0.9002037644386292
2025-10-20 16:36:44 [TRACE] 【空洞监听】无匹配已持续：0秒
2025-10-20 16:36:49 [TRACE] 【目标检测】屏幕内没有目标
2025-10-20 16:36:50 [TRACE] 【目标检测】屏幕内没有目标
2025-10-20 16:36:51 [TRACE] 【目标检测】屏幕内没有目标
2025-10-20 16:36:52 [TRACE] 【目标检测】屏幕内没有目标
2025-10-20 16:36:54 [TRACE] 【目标检测】屏幕内没有目标
2025-10-20 16:36:57 [TRACE] 【目标检测】屏幕内没有目标
2025-10-20 16:36:58 [TRACE] 【目标检测】屏幕内没有目标
2025-10-20 16:36:59 [TRACE] 【目标检测】屏幕内没有目标
2025-10-20 16:37:00 [TRACE] 【目标检测】目标存在，但置信度不足
2025-10-20 16:37:02 [TRACE] 【目标检测】屏幕内没有目标
2025-10-20 16:37:03 [TRACE] 【目标检测】目标存在，但置信度不足
2025-10-20 16:37:04 [TRACE] 【目标检测】屏幕内没有目标
2025-10-20 16:37:06 [TRACE] 【目标检测】屏幕内没有目标
2025-10-20 16:37:08 [TRACE] 【目标检测】屏幕内没有目标
2025-10-20 16:37:09 [TRACE] 【目标检测】屏幕内没有目标
2025-10-20 16:37:09 [TRACE] 【空洞监听】无匹配已持续：0秒
2025-10-20 16:37:11 [TRACE] 【目标检测】屏幕内没有目标
2025-10-20 16:37:12 [TRACE] 【目标检测】目标存在，但置信度不足
2025-10-20 16:37:13 [TRACE] 【目标检测】目标存在，但置信度不足
2025-10-20 16:37:15 [TRACE] 【目标检测】屏幕内没有目标
2025-10-20 16:37:16 [TRACE] 【空洞监听】无匹配已持续：6秒
2025-10-20 16:37:19 [TRACE] 【目标检测】TRAPPED！ 类型：interact 置信度：0.9178823828697205
2025-10-20 16:37:23 [TRACE] 【空洞监听】无匹配已持续：13秒
2025-10-20 16:37:26 [TRACE] 【目标检测】屏幕内没有目标
2025-10-20 16:37:27 [TRACE] 【目标检测】屏幕内没有目标
2025-10-20 16:37:29 [TRACE] 【目标检测】屏幕内没有目标
2025-10-20 16:37:30 [TRACE] 【目标检测】屏幕内没有目标
2025-10-20 16:37:31 [TRACE] 【目标检测】屏幕内没有目标
2025-10-20 16:37:34 [TRACE] 【目标检测】屏幕内没有目标
2025-10-20 16:37:35 [TRACE] 【目标检测】屏幕内没有目标
2025-10-20 16:37:36 [TRACE] 【目标检测】屏幕内没有目标
2025-10-20 16:37:38 [TRACE] 【目标检测】屏幕内没有目标
2025-10-20 16:37:39 [TRACE] 【目标检测】屏幕内没有目标
2025-10-20 16:37:41 [TRACE] 【目标检测】屏幕内没有目标
2025-10-20 16:37:44 [TRACE] 【目标检测】TRAPPED！ 类型：interact 置信度：0.9232024550437927
2025-10-20 16:37:50 [TRACE] 【状态】搜索模式：C:\Users\gelon\Desktop\ZA-Lite\assets/images/hollow\gear.png 置信度：0.9997154474258423
2025-10-20 16:37:51 [TRACE] 【目标检测】屏幕内没有目标
2025-10-20 16:37:52 [TRACE] 【目标检测】屏幕内没有目标
2025-10-20 16:37:54 [TRACE] 【目标检测】屏幕内没有目标
2025-10-20 16:37:55 [TRACE] 【目标检测】屏幕内没有目标
2025-10-20 16:37:56 [TRACE] 【目标检测】屏幕内没有目标
2025-10-20 16:37:57 [TRACE] 【状态】搜索模式：C:\Users\gelon\Desktop\ZA-Lite\assets/images/hollow\next_area.png 置信度：0.9999993443489075
2025-10-20 16:38:02 [TRACE] 【目标检测】TRAPPED！ 类型：blue_portal 置信度：0.8719536066055298
2025-10-20 16:38:09 [TRACE] 【目标检测】TRAPPED！ 类型：blue_portal 置信度：0.9408525824546814
2025-10-20 16:38:09 [TRACE] 【空洞监听】无匹配已持续：0秒
2025-10-20 16:38:15 [TRACE] 【空洞监听】无匹配已持续：6秒
2025-10-20 16:38:16 [TRACE] 【目标检测】屏幕内没有目标
2025-10-20 16:38:17 [TRACE] 【目标检测】屏幕内没有目标
2025-10-20 16:38:21 [TRACE] 【目标检测】TRAPPED！ 类型：interact 置信度：0.901032567024231
2025-10-20 16:38:21 [TRACE] 【空洞监听】无匹配已持续：12秒
2025-10-20 16:38:27 [TRACE] 【空洞监听】无匹配已持续：18秒
2025-10-20 16:38:29 [TRACE] 【目标检测】TRAPPED！ 类型：interact 置信度：0.9266659021377563
2025-10-20 16:38:33 [TRACE] 【空洞监听】无匹配已持续：24秒
2025-10-20 16:38:35 [TRACE] 【目标检测】屏幕内没有目标
2025-10-20 16:38:37 [TRACE] 【目标检测】屏幕内没有目标
2025-10-20 16:38:38 [TRACE] 【目标检测】屏幕内没有目标
2025-10-20 16:38:39 [TRACE] 【目标检测】屏幕内没有目标
2025-10-20 16:38:43 [TRACE] 【目标检测】TRAPPED！ 类型：blue_portal 置信度：0.9265987873077393
2025-10-20 16:38:47 [TRACE] 【空洞监听】无匹配已持续：0秒
2025-10-20 16:38:49 [TRACE] 【目标检测】TRAPPED！ 类型：blue_portal 置信度：0.869695782661438
2025-10-20 16:38:53 [TRACE] 【空洞监听】无匹配已持续：5秒
2025-10-20 16:38:56 [TRACE] 【目标检测】目标存在，但置信度不足
2025-10-20 16:38:57 [TRACE] 【目标检测】屏幕内没有目标
2025-10-20 16:39:01 [TRACE] 【目标检测】屏幕内没有目标
2025-10-20 16:39:02 [TRACE] 【目标检测】屏幕内没有目标
2025-10-20 16:39:02 [TRACE] 【状态】战斗模式：C:\Users\gelon\Desktop\ZA-Lite\assets/images/hollow\battle_4.png 置信度：0.9999996423721313
2025-10-20 16:39:06 [TRACE] 【状态】战斗模式：正在受到攻击
2025-10-20 16:39:08 [TRACE] 【状态】战斗模式：C:\Users\gelon\Desktop\ZA-Lite\assets/images/hollow\battle_4.png 置信度：0.9999996423721313
2025-10-20 16:39:12 [TRACE] 【状态】战斗模式：正在受到攻击
2025-10-20 16:39:15 [TRACE] 【状态】战斗模式：C:\Users\gelon\Desktop\ZA-Lite\assets/images/hollow\battle_4.png 置信度：0.999999463558197
2025-10-20 16:39:18 [TRACE] 【状态】战斗模式：正在受到攻击
2025-10-20 16:39:21 [TRACE] 【状态】战斗模式：C:\Users\gelon\Desktop\ZA-Lite\assets/images/hollow\battle_4.png 置信度：0.9999998211860657
2025-10-20 16:39:24 [TRACE] 【状态】战斗模式：正在受到攻击
2025-10-20 16:39:27 [TRACE] 【状态】战斗模式：C:\Users\gelon\Desktop\ZA-Lite\assets/images/hollow\battle_4.png 置信度：0.9999998211860657
2025-10-20 16:39:30 [TRACE] 【状态】战斗模式：正在受到攻击
2025-10-20 16:39:31 [TRACE] 【状态】搜索模式：C:\Users\gelon\Desktop\ZA-Lite\assets/images/hollow\next_area.png 置信度：0.9999993443489075
2025-10-20 16:39:34 [TRACE] 【状态】搜索模式：C:\Users\gelon\Desktop\ZA-Lite\assets/images/hollow\meter.png 置信度：0.9748625755310059
2025-10-20 16:39:36 [TRACE] 【目标检测】TRAPPED！ 类型：blue_portal 置信度：0.9202979803085327
2025-10-20 16:39:43 [TRACE] 【空洞监听】无匹配已持续：0秒
2025-10-20 16:39:43 [TRACE] 【目标检测】TRAPPED！ 类型：blue_portal 置信度：0.9188520908355713
2025-10-20 16:39:47 [TRACE] 【状态】搜索模式：C:\Users\gelon\Desktop\ZA-Lite\assets/images/hollow\meter.png 置信度：0.9905171990394592
2025-10-20 16:39:50 [TRACE] 【目标检测】TRAPPED！ 类型：blue_portal 置信度：0.9108998775482178
2025-10-20 16:39:53 [TRACE] 【状态】搜索模式：C:\Users\gelon\Desktop\ZA-Lite\assets/images/hollow\meter.png 置信度：0.9905328750610352
2025-10-20 16:39:54 [TRACE] 【目标检测】TRAPPED！ 类型：blue_portal 置信度：0.9107896685600281
2025-10-20 16:40:00 [TRACE] 【状态】搜索模式：C:\Users\gelon\Desktop\ZA-Lite\assets/images/hollow\meter.png 置信度：0.9862213730812073
2025-10-20 16:40:01 [TRACE] 【目标检测】TRAPPED！ 类型：blue_portal 置信度：0.9049354791641235
2025-10-20 16:40:05 [TRACE] 【目标检测】TRAPPED！ 类型：blue_portal 置信度：0.9239364862442017
2025-10-20 16:40:06 [TRACE] 【状态】搜索模式：C:\Users\gelon\Desktop\ZA-Lite\assets/images/hollow\meter.png 置信度：0.9878965616226196
2025-10-20 16:40:12 [TRACE] 【状态】搜索模式：C:\Users\gelon\Desktop\ZA-Lite\assets/images/hollow\meter.png 置信度：0.9853495955467224
2025-10-20 16:40:13 [TRACE] 【目标检测】TRAPPED！ 类型：blue_portal 置信度：0.9113141894340515
2025-10-20 16:40:17 [TRACE] 【目标检测】TRAPPED！ 类型：blue_portal 置信度：0.9296889901161194
2025-10-20 16:40:18 [TRACE] 【状态】搜索模式：C:\Users\gelon\Desktop\ZA-Lite\assets/images/hollow\meter.png 置信度：0.9905637502670288
2025-10-20 16:40:24 [TRACE] 【目标检测】TRAPPED！ 类型：blue_portal 置信度：0.8883492946624756
2025-10-20 16:40:24 [TRACE] 【状态】搜索模式：C:\Users\gelon\Desktop\ZA-Lite\assets/images/hollow\meter.png 置信度：0.990561306476593
2025-10-20 16:40:28 [TRACE] 【目标检测】TRAPPED！ 类型：blue_portal 置信度：0.9169605374336243
2025-10-20 16:40:31 [TRACE] 【状态】搜索模式：C:\Users\gelon\Desktop\ZA-Lite\assets/images/hollow\meter.png 置信度：0.9905624389648438
2025-10-20 16:40:35 [TRACE] 【目标检测】TRAPPED！ 类型：blue_portal 置信度：0.907347559928894
2025-10-20 16:40:37 [TRACE] 【状态】搜索模式：C:\Users\gelon\Desktop\ZA-Lite\assets/images/hollow\meter.png 置信度：0.9905624389648438
2025-10-20 16:40:39 [TRACE] 【目标检测】TRAPPED！ 类型：blue_portal 置信度：0.9173245429992676
2025-10-20 16:40:43 [TRACE] 【状态】搜索模式：C:\Users\gelon\Desktop\ZA-Lite\assets/images/hollow\meter.png 置信度：0.9905269145965576
2025-10-20 16:40:46 [TRACE] 【目标检测】TRAPPED！ 类型：blue_portal 置信度：0.904224693775177
2025-10-20 16:40:50 [TRACE] 【目标检测】TRAPPED！ 类型：blue_portal 置信度：0.9078547954559326
2025-10-20 16:40:50 [TRACE] 【状态】搜索模式：C:\Users\gelon\Desktop\ZA-Lite\assets/images/hollow\meter.png 置信度：0.99043208360672
2025-10-20 16:40:56 [TRACE] 【状态】搜索模式：C:\Users\gelon\Desktop\ZA-Lite\assets/images/hollow\meter.png 置信度：0.9905419945716858
2025-10-20 16:40:56 [TRACE] 【目标检测】TRAPPED！ 类型：blue_portal 置信度：0.9056322574615479
2025-10-20 16:41:01 [TRACE] 【目标检测】TRAPPED！ 类型：blue_portal 置信度：0.9064555764198303
2025-10-20 16:41:02 [TRACE] 【状态】搜索模式：C:\Users\gelon\Desktop\ZA-Lite\assets/images/hollow\meter.png 置信度：0.9905781745910645
2025-10-20 16:41:08 [TRACE] 【目标检测】TRAPPED！ 类型：blue_portal 置信度：0.9270549416542053
2025-10-20 16:41:08 [TRACE] 【状态】搜索模式：C:\Users\gelon\Desktop\ZA-Lite\assets/images/hollow\meter.png 置信度：0.9905637502670288
2025-10-20 16:41:12 [TRACE] 【目标检测】TRAPPED！ 类型：blue_portal 置信度：0.9090452790260315
2025-10-20 16:41:15 [TRACE] 【状态】搜索模式：C:\Users\gelon\Desktop\ZA-Lite\assets/images/hollow\meter.png 置信度：0.9905433654785156
2025-10-20 16:41:19 [TRACE] 【目标检测】TRAPPED！ 类型：blue_portal 置信度：0.9229088425636292
2025-10-20 16:41:21 [TRACE] 【状态】搜索模式：C:\Users\gelon\Desktop\ZA-Lite\assets/images/hollow\meter.png 置信度：0.9905781745910645
2025-10-20 16:41:23 [TRACE] 【目标检测】TRAPPED！ 类型：blue_portal 置信度：0.9237498044967651
2025-10-20 16:41:27 [TRACE] 【状态】搜索模式：C:\Users\gelon\Desktop\ZA-Lite\assets/images/hollow\meter.png 置信度：0.9862285852432251
2025-10-20 16:41:30 [TRACE] 【目标检测】TRAPPED！ 类型：blue_portal 置信度：0.9096928238868713
2025-10-20 16:41:33 [TRACE] 【状态】搜索模式：C:\Users\gelon\Desktop\ZA-Lite\assets/images/hollow\meter.png 置信度：0.9905481338500977
2025-10-20 16:41:34 [TRACE] 【目标检测】TRAPPED！ 类型：blue_portal 置信度：0.9140664339065552
2025-10-20 16:41:39 [TRACE] 【状态】搜索模式：C:\Users\gelon\Desktop\ZA-Lite\assets/images/hollow\meter.png 置信度：0.9905414581298828
2025-10-20 16:41:40 [TRACE] 【目标检测】TRAPPED！ 类型：blue_portal 置信度：0.9083866477012634
2025-10-20 16:41:44 [TRACE] 【目标检测】TRAPPED！ 类型：blue_portal 置信度：0.9093995690345764
2025-10-20 16:41:46 [TRACE] 【状态】搜索模式：C:\Users\gelon\Desktop\ZA-Lite\assets/images/hollow\meter.png 置信度：0.9905328750610352
2025-10-20 16:41:51 [TRACE] 【目标检测】TRAPPED！ 类型：blue_portal 置信度：0.9082586765289307
2025-10-20 16:41:52 [TRACE] 【状态】搜索模式：C:\Users\gelon\Desktop\ZA-Lite\assets/images/hollow\meter.png 置信度：0.9905480146408081
2025-10-20 16:41:55 [TRACE] 【目标检测】TRAPPED！ 类型：blue_portal 置信度：0.9144096970558167
2025-10-20 16:41:58 [TRACE] 【状态】搜索模式：C:\Users\gelon\Desktop\ZA-Lite\assets/images/hollow\meter.png 置信度：0.9905403852462769
2025-10-20 16:42:02 [TRACE] 【目标检测】TRAPPED！ 类型：blue_portal 置信度：0.9100184440612793
2025-10-20 16:42:05 [TRACE] 【状态】搜索模式：C:\Users\gelon\Desktop\ZA-Lite\assets/images/hollow\meter.png 置信度：0.990534782409668
2025-10-20 16:42:06 [TRACE] 【目标检测】TRAPPED！ 类型：blue_portal 置信度：0.9109285473823547
2025-10-20 16:42:11 [TRACE] 【状态】搜索模式：C:\Users\gelon\Desktop\ZA-Lite\assets/images/hollow\meter.png 置信度：0.9905704259872437
2025-10-20 16:42:13 [TRACE] 【目标检测】TRAPPED！ 类型：blue_portal 置信度：0.9134944081306458
2025-10-20 16:42:17 [TRACE] 【状态】搜索模式：C:\Users\gelon\Desktop\ZA-Lite\assets/images/hollow\meter.png 置信度：0.9905574321746826
2025-10-20 16:42:18 [TRACE] 【目标检测】TRAPPED！ 类型：blue_portal 置信度：0.916105329990387
2025-10-20 16:42:23 [TRACE] 【状态】搜索模式：C:\Users\gelon\Desktop\ZA-Lite\assets/images/hollow\meter.png 置信度：0.990544319152832
2025-10-20 16:42:24 [TRACE] 【目标检测】TRAPPED！ 类型：blue_portal 置信度：0.9165130853652954
2025-10-20 16:42:29 [TRACE] 【目标检测】TRAPPED！ 类型：blue_portal 置信度：0.9158357977867126
2025-10-20 16:42:30 [TRACE] 【状态】搜索模式：C:\Users\gelon\Desktop\ZA-Lite\assets/images/hollow\meter.png 置信度：0.9905293583869934
2025-10-20 16:42:36 [TRACE] 【目标检测】TRAPPED！ 类型：blue_portal 置信度：0.9278331398963928
2025-10-20 16:42:36 [TRACE] 【状态】搜索模式：C:\Users\gelon\Desktop\ZA-Lite\assets/images/hollow\meter.png 置信度：0.9905198812484741
2025-10-20 16:42:40 [TRACE] 【目标检测】TRAPPED！ 类型：blue_portal 置信度：0.9223005175590515
2025-10-20 16:42:42 [TRACE] 【状态】搜索模式：C:\Users\gelon\Desktop\ZA-Lite\assets/images/hollow\meter.png 置信度：0.9905637502670288
2025-10-20 16:42:47 [TRACE] 【目标检测】TRAPPED！ 类型：blue_portal 置信度：0.9097738265991211
2025-10-20 16:42:48 [TRACE] 【状态】搜索模式：C:\Users\gelon\Desktop\ZA-Lite\assets/images/hollow\meter.png 置信度：0.9903803467750549
2025-10-20 16:42:51 [TRACE] 【目标检测】TRAPPED！ 类型：blue_portal 置信度：0.8974762558937073
2025-10-20 16:42:54 [TRACE] 【状态】搜索模式：C:\Users\gelon\Desktop\ZA-Lite\assets/images/hollow\meter.png 置信度：0.9903864860534668
2025-10-20 16:42:58 [TRACE] 【目标检测】TRAPPED！ 类型：blue_portal 置信度：0.8963013291358948
2025-10-20 16:43:01 [TRACE] 【状态】搜索模式：C:\Users\gelon\Desktop\ZA-Lite\assets/images/hollow\meter.png 置信度：0.990364134311676
2025-10-20 16:43:02 [TRACE] 【目标检测】TRAPPED！ 类型：blue_portal 置信度：0.9301803112030029
2025-10-20 16:43:07 [TRACE] 【状态】搜索模式：C:\Users\gelon\Desktop\ZA-Lite\assets/images/hollow\meter.png 置信度：0.9877536296844482
2025-10-20 16:43:09 [TRACE] 【目标检测】TRAPPED！ 类型：blue_portal 置信度：0.9001390337944031
2025-10-20 16:43:13 [TRACE] 【目标检测】TRAPPED！ 类型：blue_portal 置信度：0.9224916100502014
2025-10-20 16:43:13 [TRACE] 【状态】搜索模式：C:\Users\gelon\Desktop\ZA-Lite\assets/images/hollow\meter.png 置信度：0.9903758764266968
2025-10-20 16:43:20 [TRACE] 【目标检测】TRAPPED！ 类型：blue_portal 置信度：0.9169356822967529
2025-10-20 16:43:20 [TRACE] 【状态】搜索模式：C:\Users\gelon\Desktop\ZA-Lite\assets/images/hollow\meter.png 置信度：0.9903766512870789
2025-10-20 16:43:23 [TRACE] 【目标检测】TRAPPED！ 类型：blue_portal 置信度：0.9338647127151489
2025-10-20 16:43:26 [TRACE] 【状态】搜索模式：C:\Users\gelon\Desktop\ZA-Lite\assets/images/hollow\meter.png 置信度：0.9903770685195923
2025-10-20 16:43:30 [TRACE] 【目标检测】TRAPPED！ 类型：blue_portal 置信度：0.889105498790741
2025-10-20 16:43:33 [TRACE] 【状态】搜索模式：C:\Users\gelon\Desktop\ZA-Lite\assets/images/hollow\meter.png 置信度：0.9903556108474731
2025-10-20 16:43:34 [TRACE] 【目标检测】TRAPPED！ 类型：blue_portal 置信度：0.8963798880577087
2025-10-20 16:43:39 [TRACE] 【状态】搜索模式：C:\Users\gelon\Desktop\ZA-Lite\assets/images/hollow\meter.png 置信度：0.9903969764709473
2025-10-20 16:43:42 [TRACE] 【目标检测】TRAPPED！ 类型：blue_portal 置信度：0.9240334033966064
2025-10-20 16:43:45 [TRACE] 【状态】搜索模式：C:\Users\gelon\Desktop\ZA-Lite\assets/images/hollow\meter.png 置信度：0.9850092530250549
2025-10-20 16:43:45 [TRACE] 【目标检测】TRAPPED！ 类型：blue_portal 置信度：0.9298834800720215
2025-10-20 16:43:51 [TRACE] 【状态】搜索模式：C:\Users\gelon\Desktop\ZA-Lite\assets/images/hollow\meter.png 置信度：0.9894211292266846
2025-10-20 16:43:53 [TRACE] 【目标检测】TRAPPED！ 类型：blue_portal 置信度：0.9267209768295288
2025-10-20 16:43:57 [TRACE] 【目标检测】TRAPPED！ 类型：blue_portal 置信度：0.9117525219917297
2025-10-20 16:43:58 [TRACE] 【状态】搜索模式：C:\Users\gelon\Desktop\ZA-Lite\assets/images/hollow\meter.png 置信度：0.9903703331947327
2025-10-20 16:44:04 [TRACE] 【状态】搜索模式：C:\Users\gelon\Desktop\ZA-Lite\assets/images/hollow\meter.png 置信度：0.9903768301010132
2025-10-20 16:44:04 [TRACE] 【目标检测】TRAPPED！ 类型：blue_portal 置信度：0.9179568290710449
2025-10-20 16:44:08 [TRACE] 【目标检测】TRAPPED！ 类型：blue_portal 置信度：0.918616533279419
2025-10-20 16:44:10 [TRACE] 【状态】搜索模式：C:\Users\gelon\Desktop\ZA-Lite\assets/images/hollow\meter.png 置信度：0.9903705716133118
2025-10-20 16:44:15 [TRACE] 【目标检测】TRAPPED！ 类型：blue_portal 置信度：0.9138070344924927
2025-10-20 16:44:16 [TRACE] 【状态】搜索模式：C:\Users\gelon\Desktop\ZA-Lite\assets/images/hollow\meter.png 置信度：0.9904084205627441
2025-10-20 16:44:19 [TRACE] 【目标检测】TRAPPED！ 类型：blue_portal 置信度：0.915311336517334
2025-10-20 16:44:22 [TRACE] 【状态】搜索模式：C:\Users\gelon\Desktop\ZA-Lite\assets/images/hollow\meter.png 置信度：0.9903790354728699
2025-10-20 16:44:25 [TRACE] 【目标检测】TRAPPED！ 类型：blue_portal 置信度：0.9221709370613098
2025-10-20 16:44:28 [TRACE] 【状态】搜索模式：C:\Users\gelon\Desktop\ZA-Lite\assets/images/hollow\meter.png 置信度：0.9903831481933594
2025-10-20 16:44:29 [TRACE] 【目标检测】TRAPPED！ 类型：blue_portal 置信度：0.9151829481124878
2025-10-20 16:44:34 [TRACE] 【状态】搜索模式：C:\Users\gelon\Desktop\ZA-Lite\assets/images/hollow\meter.png 置信度：0.9878910779953003
2025-10-20 16:44:36 [TRACE] 【目标检测】TRAPPED！ 类型：blue_portal 置信度：0.9201455116271973
2025-10-20 16:44:40 [TRACE] 【目标检测】TRAPPED！ 类型：blue_portal 置信度：0.9018416404724121
2025-10-20 16:44:41 [TRACE] 【状态】搜索模式：C:\Users\gelon\Desktop\ZA-Lite\assets/images/hollow\meter.png 置信度：0.9903205037117004
2025-10-20 16:44:47 [TRACE] 【状态】搜索模式：C:\Users\gelon\Desktop\ZA-Lite\assets/images/hollow\meter.png 置信度：0.9903981685638428
2025-10-20 16:44:47 [TRACE] 【目标检测】TRAPPED！ 类型：blue_portal 置信度：0.9195623993873596
2025-10-20 16:44:51 [TRACE] 【目标检测】TRAPPED！ 类型：blue_portal 置信度：0.9145500659942627
2025-10-20 16:44:53 [TRACE] 【状态】搜索模式：C:\Users\gelon\Desktop\ZA-Lite\assets/images/hollow\meter.png 置信度：0.9903802275657654
2025-10-20 16:44:58 [TRACE] 【目标检测】TRAPPED！ 类型：blue_portal 置信度：0.8991333246231079
2025-10-20 16:45:00 [TRACE] 【状态】搜索模式：C:\Users\gelon\Desktop\ZA-Lite\assets/images/hollow\meter.png 置信度：0.9903805255889893
2025-10-20 16:45:03 [TRACE] 【目标检测】TRAPPED！ 类型：blue_portal 置信度：0.9101327657699585
2025-10-20 16:45:06 [TRACE] 【状态】搜索模式：C:\Users\gelon\Desktop\ZA-Lite\assets/images/hollow\meter.png 置信度：0.990393877029419
2025-10-20 16:45:10 [TRACE] 【目标检测】TRAPPED！ 类型：blue_portal 置信度：0.9185903072357178
2025-10-20 16:45:12 [TRACE] 【状态】搜索模式：C:\Users\gelon\Desktop\ZA-Lite\assets/images/hollow\meter.png 置信度：0.9903542995452881
2025-10-20 16:45:14 [TRACE] 【目标检测】TRAPPED！ 类型：blue_portal 置信度：0.9274134635925293
2025-10-20 16:45:19 [TRACE] 【状态】搜索模式：C:\Users\gelon\Desktop\ZA-Lite\assets/images/hollow\meter.png 置信度：0.985942542552948
2025-10-20 16:45:21 [TRACE] 【目标检测】TRAPPED！ 类型：blue_portal 置信度：0.9243761301040649
2025-10-20 16:45:25 [TRACE] 【目标检测】TRAPPED！ 类型：blue_portal 置信度：0.9072465300559998
2025-10-20 16:45:25 [TRACE] 【状态】搜索模式：C:\Users\gelon\Desktop\ZA-Lite\assets/images/hollow\meter.png 置信度：0.9903744459152222
2025-10-20 16:45:32 [TRACE] 【状态】搜索模式：C:\Users\gelon\Desktop\ZA-Lite\assets/images/hollow\meter.png 置信度：0.9903765916824341
2025-10-20 16:45:32 [TRACE] 【目标检测】TRAPPED！ 类型：blue_portal 置信度：0.9197968244552612
2025-10-20 16:45:36 [TRACE] 【目标检测】TRAPPED！ 类型：blue_portal 置信度：0.9213835000991821
2025-10-20 16:45:38 [TRACE] 【状态】搜索模式：C:\Users\gelon\Desktop\ZA-Lite\assets/images/hollow\meter.png 置信度：0.9903770685195923
2025-10-20 16:45:43 [TRACE] 【目标检测】TRAPPED！ 类型：blue_portal 置信度：0.914364755153656
2025-10-20 16:45:44 [TRACE] 【状态】搜索模式：C:\Users\gelon\Desktop\ZA-Lite\assets/images/hollow\meter.png 置信度：0.9903741478919983
2025-10-20 16:45:47 [TRACE] 【目标检测】TRAPPED！ 类型：blue_portal 置信度：0.9152806997299194
2025-10-20 16:45:50 [TRACE] 【状态】搜索模式：C:\Users\gelon\Desktop\ZA-Lite\assets/images/hollow\meter.png 置信度：0.9889349341392517
2025-10-20 16:45:54 [TRACE] 【目标检测】TRAPPED！ 类型：blue_portal 置信度：0.9147223830223083
2025-10-20 16:45:56 [TRACE] 【状态】搜索模式：C:\Users\gelon\Desktop\ZA-Lite\assets/images/hollow\meter.png 置信度：0.990025520324707
2025-10-20 16:45:58 [TRACE] 【目标检测】TRAPPED！ 类型：blue_portal 置信度：0.908546507358551
2025-10-20 16:46:02 [TRACE] 【状态】搜索模式：C:\Users\gelon\Desktop\ZA-Lite\assets/images/hollow\meter.png 置信度：0.9903770685195923
2025-10-20 16:46:05 [TRACE] 【目标检测】TRAPPED！ 类型：blue_portal 置信度：0.9256174564361572
2025-10-20 16:46:09 [TRACE] 【目标检测】TRAPPED！ 类型：blue_portal 置信度：0.9149823188781738
2025-10-20 16:46:09 [TRACE] 【状态】搜索模式：C:\Users\gelon\Desktop\ZA-Lite\assets/images/hollow\meter.png 置信度：0.9930692911148071
2025-10-20 16:46:15 [TRACE] 【状态】搜索模式：C:\Users\gelon\Desktop\ZA-Lite\assets/images/hollow\meter.png 置信度：0.9891173243522644
2025-10-20 16:46:16 [TRACE] 【目标检测】TRAPPED！ 类型：blue_portal 置信度：0.9094070792198181
2025-10-20 16:46:20 [TRACE] 【目标检测】TRAPPED！ 类型：blue_portal 置信度：0.9135005474090576
2025-10-20 16:46:21 [TRACE] 【状态】搜索模式：C:\Users\gelon\Desktop\ZA-Lite\assets/images/hollow\meter.png 置信度：0.9930545091629028
2025-10-20 16:46:27 [TRACE] 【目标检测】TRAPPED！ 类型：blue_portal 置信度：0.9068843126296997
2025-10-20 16:46:28 [TRACE] 【状态】搜索模式：C:\Users\gelon\Desktop\ZA-Lite\assets/images/hollow\meter.png 置信度：0.9930630922317505
2025-10-20 16:46:30 [TRACE] 【目标检测】TRAPPED！ 类型：blue_portal 置信度：0.9122483730316162
2025-10-20 16:46:34 [TRACE] 【状态】搜索模式：C:\Users\gelon\Desktop\ZA-Lite\assets/images/hollow\meter.png 置信度：0.9930799007415771
2025-10-20 16:46:37 [TRACE] 【目标检测】TRAPPED！ 类型：blue_portal 置信度：0.9082056879997253
2025-10-20 16:46:40 [TRACE] 【状态】搜索模式：C:\Users\gelon\Desktop\ZA-Lite\assets/images/hollow\meter.png 置信度：0.9939238429069519
2025-10-20 16:46:41 [TRACE] 【目标检测】TRAPPED！ 类型：blue_portal 置信度：0.9054915904998779
2025-10-20 16:46:46 [TRACE] 【状态】搜索模式：C:\Users\gelon\Desktop\ZA-Lite\assets/images/hollow\meter.png 置信度：0.9909253120422363
2025-10-20 16:46:48 [TRACE] 【目标检测】TRAPPED！ 类型：blue_portal 置信度：0.9148662686347961
2025-10-20 16:46:52 [TRACE] 【目标检测】TRAPPED！ 类型：blue_portal 置信度：0.9126495122909546
2025-10-20 16:46:53 [TRACE] 【状态】搜索模式：C:\Users\gelon\Desktop\ZA-Lite\assets/images/hollow\meter.png 置信度：0.9943240284919739
2025-10-20 16:46:59 [TRACE] 【状态】搜索模式：C:\Users\gelon\Desktop\ZA-Lite\assets/images/hollow\meter.png 置信度：0.9939253330230713
2025-10-20 16:46:59 [TRACE] 【目标检测】TRAPPED！ 类型：blue_portal 置信度：0.9304715991020203
2025-10-20 16:47:04 [TRACE] 【目标检测】TRAPPED！ 类型：blue_portal 置信度：0.9161936640739441
2025-10-20 16:47:06 [TRACE] 【状态】搜索模式：C:\Users\gelon\Desktop\ZA-Lite\assets/images/hollow\meter.png 置信度：0.992384135723114
2025-10-20 16:47:11 [TRACE] 【目标检测】TRAPPED！ 类型：blue_portal 置信度：0.9137208461761475
2025-10-20 16:47:12 [TRACE] 【状态】搜索模式：C:\Users\gelon\Desktop\ZA-Lite\assets/images/hollow\meter.png 置信度：0.9957542419433594
2025-10-20 16:47:15 [TRACE] 【目标检测】TRAPPED！ 类型：blue_portal 置信度：0.89387446641922
2025-10-20 16:47:18 [TRACE] 【状态】搜索模式：C:\Users\gelon\Desktop\ZA-Lite\assets/images/hollow\meter.png 置信度：0.9957884550094604
2025-10-20 16:47:22 [TRACE] 【目标检测】TRAPPED！ 类型：blue_portal 置信度：0.9057154655456543
2025-10-20 16:47:24 [TRACE] 【状态】搜索模式：C:\Users\gelon\Desktop\ZA-Lite\assets/images/hollow\meter.png 置信度：0.9957898855209351
2025-10-20 16:47:26 [TRACE] 【目标检测】TRAPPED！ 类型：blue_portal 置信度：0.9189543724060059
2025-10-20 16:47:31 [TRACE] 【状态】搜索模式：C:\Users\gelon\Desktop\ZA-Lite\assets/images/hollow\meter.png 置信度：0.9961541295051575
2025-10-20 16:47:33 [TRACE] 【目标检测】TRAPPED！ 类型：blue_portal 置信度：0.9005507826805115
2025-10-20 16:47:37 [TRACE] 【目标检测】TRAPPED！ 类型：blue_portal 置信度：0.9083825945854187
2025-10-20 16:47:37 [TRACE] 【状态】搜索模式：C:\Users\gelon\Desktop\ZA-Lite\assets/images/hollow\meter.png 置信度：0.9961634874343872
2025-10-20 16:47:44 [TRACE] 【状态】搜索模式：C:\Users\gelon\Desktop\ZA-Lite\assets/images/hollow\meter.png 置信度：0.9961576461791992
2025-10-20 16:47:44 [TRACE] 【目标检测】TRAPPED！ 类型：blue_portal 置信度：0.9126900434494019
2025-10-20 16:47:48 [TRACE] 【目标检测】TRAPPED！ 类型：blue_portal 置信度：0.9090775847434998
2025-10-20 16:47:50 [TRACE] 【状态】搜索模式：C:\Users\gelon\Desktop\ZA-Lite\assets/images/hollow\meter.png 置信度：0.9919340014457703
2025-10-20 16:47:55 [TRACE] 【目标检测】TRAPPED！ 类型：blue_portal 置信度：0.9285650849342346
2025-10-20 16:47:56 [TRACE] 【状态】搜索模式：C:\Users\gelon\Desktop\ZA-Lite\assets/images/hollow\meter.png 置信度：0.9958822727203369
2025-10-20 16:47:59 [TRACE] 【目标检测】TRAPPED！ 类型：blue_portal 置信度：0.9164273738861084
2025-10-20 16:48:03 [TRACE] 【状态】搜索模式：C:\Users\gelon\Desktop\ZA-Lite\assets/images/hollow\meter.png 置信度：0.9891086220741272
2025-10-20 16:48:06 [TRACE] 【目标检测】TRAPPED！ 类型：blue_portal 置信度：0.9176092743873596
2025-10-20 16:48:09 [TRACE] 【状态】搜索模式：C:\Users\gelon\Desktop\ZA-Lite\assets/images/hollow\meter.png 置信度：0.9891043901443481
2025-10-20 16:48:10 [TRACE] 【目标检测】TRAPPED！ 类型：blue_portal 置信度：0.9215473532676697
2025-10-20 16:48:15 [TRACE] 【状态】搜索模式：C:\Users\gelon\Desktop\ZA-Lite\assets/images/hollow\meter.png 置信度：0.985844612121582
2025-10-20 16:48:17 [TRACE] 【目标检测】TRAPPED！ 类型：blue_portal 置信度：0.9085338115692139
2025-10-20 16:48:21 [TRACE] 【目标检测】TRAPPED！ 类型：blue_portal 置信度：0.9192039370536804
2025-10-20 16:48:21 [TRACE] 【状态】搜索模式：C:\Users\gelon\Desktop\ZA-Lite\assets/images/hollow\meter.png 置信度：0.9881013035774231
2025-10-20 16:48:28 [TRACE] 【状态】搜索模式：C:\Users\gelon\Desktop\ZA-Lite\assets/images/hollow\meter.png 置信度：0.9880795478820801
2025-10-20 16:48:28 [TRACE] 【目标检测】TRAPPED！ 类型：blue_portal 置信度：0.916167140007019
2025-10-20 16:48:32 [TRACE] 【目标检测】TRAPPED！ 类型：blue_portal 置信度：0.9091806411743164
2025-10-20 16:48:34 [TRACE] 【状态】搜索模式：C:\Users\gelon\Desktop\ZA-Lite\assets/images/hollow\meter.png 置信度：0.988070011138916
2025-10-20 16:48:39 [TRACE] 【目标检测】TRAPPED！ 类型：blue_portal 置信度：0.9086282849311829
2025-10-20 16:48:43 [TRACE] 【空洞监听】无匹配已持续：0秒
2025-10-20 16:48:43 [TRACE] 【目标检测】TRAPPED！ 类型：blue_portal 置信度：0.920637309551239
2025-10-20 16:48:49 [TRACE] 【空洞监听】无匹配已持续：6秒
2025-10-20 16:48:50 [TRACE] 【目标检测】TRAPPED！ 类型：blue_portal 置信度：0.9174841642379761
2025-10-20 16:48:54 [TRACE] 【目标检测】TRAPPED！ 类型：blue_portal 置信度：0.9292950630187988
2025-10-20 16:48:55 [TRACE] 【空洞监听】无匹配已持续：12秒
2025-10-20 16:49:01 [TRACE] 【目标检测】TRAPPED！ 类型：blue_portal 置信度：0.9295264482498169
2025-10-20 16:49:02 [TRACE] 【空洞监听】无匹配已持续：18秒
2025-10-20 16:49:05 [TRACE] 【目标检测】TRAPPED！ 类型：blue_portal 置信度：0.9192101359367371
2025-10-20 16:49:08 [TRACE] 【空洞监听】无匹配已持续：24秒
2025-10-20 16:49:12 [TRACE] 【目标检测】TRAPPED！ 类型：blue_portal 置信度：0.9156069755554199
2025-10-20 16:49:14 [TRACE] 【空洞监听】无匹配已持续：30秒
2025-10-20 16:49:16 [TRACE] 【目标检测】TRAPPED！ 类型：blue_portal 置信度：0.9060243964195251
2025-10-20 16:49:17 [TRACE] 【状态】搜索模式：C:\Users\gelon\Desktop\ZA-Lite\assets/images/hollow\meter.png 置信度：0.9505940079689026
2025-10-20 16:49:23 [TRACE] 【目标检测】TRAPPED！ 类型：blue_portal 置信度：0.9118286371231079
2025-10-20 16:49:24 [TRACE] 【状态】搜索模式：C:\Users\gelon\Desktop\ZA-Lite\assets/images/hollow\meter.png 置信度：0.9491220712661743
2025-10-20 16:49:27 [TRACE] 【目标检测】TRAPPED！ 类型：blue_portal 置信度：0.9096006155014038
2025-10-20 16:49:30 [TRACE] 【状态】搜索模式：C:\Users\gelon\Desktop\ZA-Lite\assets/images/hollow\meter.png 置信度：0.9524969458580017
2025-10-20 16:49:34 [TRACE] 【目标检测】TRAPPED！ 类型：blue_portal 置信度：0.9135427474975586
2025-10-20 16:49:36 [TRACE] 【状态】搜索模式：C:\Users\gelon\Desktop\ZA-Lite\assets/images/hollow\meter.png 置信度：0.9525070786476135
2025-10-20 16:49:38 [TRACE] 【目标检测】TRAPPED！ 类型：blue_portal 置信度：0.919609010219574
2025-10-20 16:49:42 [TRACE] 【状态】搜索模式：C:\Users\gelon\Desktop\ZA-Lite\assets/images/hollow\meter.png 置信度：0.9524882435798645
2025-10-20 16:49:45 [TRACE] 【目标检测】TRAPPED！ 类型：blue_portal 置信度：0.9124681353569031
2025-10-20 16:49:49 [TRACE] 【状态】搜索模式：C:\Users\gelon\Desktop\ZA-Lite\assets/images/hollow\meter.png 置信度：0.9525033831596375
2025-10-20 16:49:49 [TRACE] 【目标检测】TRAPPED！ 类型：blue_portal 置信度：0.9100338220596313
2025-10-20 16:49:55 [TRACE] 【状态】搜索模式：C:\Users\gelon\Desktop\ZA-Lite\assets/images/hollow\meter.png 置信度：0.950943648815155
2025-10-20 16:49:56 [TRACE] 【目标检测】TRAPPED！ 类型：blue_portal 置信度：0.919239342212677
2025-10-20 16:50:00 [TRACE] 【目标检测】TRAPPED！ 类型：blue_portal 置信度：0.9159867763519287
2025-10-20 16:50:01 [TRACE] 【状态】搜索模式：C:\Users\gelon\Desktop\ZA-Lite\assets/images/hollow\meter.png 置信度：0.952509343624115
2025-10-20 16:50:07 [TRACE] 【目标检测】TRAPPED！ 类型：blue_portal 置信度：0.9124072194099426
2025-10-20 16:50:07 [TRACE] 【状态】搜索模式：C:\Users\gelon\Desktop\ZA-Lite\assets/images/hollow\meter.png 置信度：0.9525091052055359
2025-10-20 16:50:11 [TRACE] 【目标检测】TRAPPED！ 类型：blue_portal 置信度：0.9170535802841187
2025-10-20 16:50:13 [TRACE] 【状态】搜索模式：C:\Users\gelon\Desktop\ZA-Lite\assets/images/hollow\meter.png 置信度：0.952502429485321
2025-10-20 16:50:18 [TRACE] 【目标检测】TRAPPED！ 类型：blue_portal 置信度：0.9172021746635437
2025-10-20 16:50:20 [TRACE] 【状态】搜索模式：C:\Users\gelon\Desktop\ZA-Lite\assets/images/hollow\meter.png 置信度：0.9523676037788391
2025-10-20 16:50:22 [TRACE] 【目标检测】TRAPPED！ 类型：blue_portal 置信度：0.9233006834983826
2025-10-20 16:50:26 [TRACE] 【状态】搜索模式：C:\Users\gelon\Desktop\ZA-Lite\assets/images/hollow\meter.png 置信度：0.9523369669914246
2025-10-20 16:50:29 [TRACE] 【目标检测】TRAPPED！ 类型：blue_portal 置信度：0.9143994450569153
2025-10-20 16:50:33 [TRACE] 【状态】搜索模式：C:\Users\gelon\Desktop\ZA-Lite\assets/images/hollow\meter.png 置信度：0.952502429485321
2025-10-20 16:50:33 [TRACE] 【目标检测】TRAPPED！ 类型：blue_portal 置信度：0.9104024767875671
2025-10-20 16:50:39 [TRACE] 【状态】搜索模式：C:\Users\gelon\Desktop\ZA-Lite\assets/images/hollow\meter.png 置信度：0.9524980187416077
2025-10-20 16:50:40 [TRACE] 【目标检测】TRAPPED！ 类型：blue_portal 置信度：0.9111312031745911
2025-10-20 16:50:45 [TRACE] 【目标检测】TRAPPED！ 类型：blue_portal 置信度：0.9010106921195984
2025-10-20 16:50:45 [TRACE] 【状态】搜索模式：C:\Users\gelon\Desktop\ZA-Lite\assets/images/hollow\meter.png 置信度：0.9490649700164795
2025-10-20 16:50:51 [TRACE] 【状态】搜索模式：C:\Users\gelon\Desktop\ZA-Lite\assets/images/hollow\meter.png 置信度：0.9487138390541077
2025-10-20 16:50:51 [TRACE] 【目标检测】TRAPPED！ 类型：blue_portal 置信度：0.9077168703079224
2025-10-20 16:50:55 [TRACE] 【目标检测】TRAPPED！ 类型：blue_portal 置信度：0.9177467226982117
2025-10-20 16:50:57 [TRACE] 【状态】搜索模式：C:\Users\gelon\Desktop\ZA-Lite\assets/images/hollow\meter.png 置信度：0.951959490776062
2025-10-20 16:51:02 [TRACE] 【目标检测】TRAPPED！ 类型：blue_portal 置信度：0.8894361853599548
2025-10-20 16:51:04 [TRACE] 【状态】搜索模式：C:\Users\gelon\Desktop\ZA-Lite\assets/images/hollow\meter.png 置信度：0.9524982571601868
2025-10-20 16:51:06 [TRACE] 【目标检测】TRAPPED！ 类型：blue_portal 置信度：0.9102731943130493
2025-10-20 16:51:10 [TRACE] 【状态】搜索模式：C:\Users\gelon\Desktop\ZA-Lite\assets/images/hollow\meter.png 置信度：0.9525200724601746
2025-10-20 16:51:13 [TRACE] 【目标检测】TRAPPED！ 类型：blue_portal 置信度：0.918600857257843
2025-10-20 16:51:16 [TRACE] 【状态】搜索模式：C:\Users\gelon\Desktop\ZA-Lite\assets/images/hollow\meter.png 置信度：0.9520396590232849
2025-10-20 16:51:17 [TRACE] 【目标检测】TRAPPED！ 类型：blue_portal 置信度：0.9157968759536743
2025-10-20 16:51:22 [TRACE] 【状态】搜索模式：C:\Users\gelon\Desktop\ZA-Lite\assets/images/hollow\meter.png 置信度：0.9430414438247681
2025-10-20 16:51:24 [TRACE] 【目标检测】TRAPPED！ 类型：blue_portal 置信度：0.8813773989677429
2025-10-20 16:51:28 [TRACE] 【目标检测】TRAPPED！ 类型：blue_portal 置信度：0.922812283039093
2025-10-20 16:51:29 [TRACE] 【状态】搜索模式：C:\Users\gelon\Desktop\ZA-Lite\assets/images/hollow\meter.png 置信度：0.9484426379203796
2025-10-20 16:51:35 [TRACE] 【状态】搜索模式：C:\Users\gelon\Desktop\ZA-Lite\assets/images/hollow\meter.png 置信度：0.9470685720443726
2025-10-20 16:51:35 [TRACE] 【目标检测】TRAPPED！ 类型：blue_portal 置信度：0.8998056054115295
2025-10-20 16:51:39 [TRACE] 【目标检测】TRAPPED！ 类型：blue_portal 置信度：0.9220617413520813
2025-10-20 16:51:41 [TRACE] 【状态】搜索模式：C:\Users\gelon\Desktop\ZA-Lite\assets/images/hollow\meter.png 置信度：0.9483946561813354
2025-10-20 16:51:46 [TRACE] 【目标检测】TRAPPED！ 类型：blue_portal 置信度：0.9021502733230591
2025-10-20 16:51:47 [TRACE] 【状态】搜索模式：C:\Users\gelon\Desktop\ZA-Lite\assets/images/hollow\meter.png 置信度：0.9460484981536865
2025-10-20 16:51:50 [TRACE] 【目标检测】TRAPPED！ 类型：blue_portal 置信度：0.9193778038024902
2025-10-20 16:51:53 [TRACE] 【状态】搜索模式：C:\Users\gelon\Desktop\ZA-Lite\assets/images/hollow\meter.png 置信度：0.9460340738296509
2025-10-20 16:51:57 [TRACE] 【目标检测】TRAPPED！ 类型：blue_portal 置信度：0.9226007461547852
2025-10-20 16:52:00 [TRACE] 【状态】搜索模式：C:\Users\gelon\Desktop\ZA-Lite\assets/images/hollow\meter.png 置信度：0.9459946751594543
2025-10-20 16:52:01 [TRACE] 【目标检测】TRAPPED！ 类型：blue_portal 置信度：0.914680004119873
2025-10-20 16:52:06 [TRACE] 【状态】搜索模式：C:\Users\gelon\Desktop\ZA-Lite\assets/images/hollow\meter.png 置信度：0.9445237517356873
2025-10-20 16:52:08 [TRACE] 【目标检测】TRAPPED！ 类型：blue_portal 置信度：0.9128898978233337
2025-10-20 16:52:12 [TRACE] 【目标检测】TRAPPED！ 类型：blue_portal 置信度：0.9090511798858643
2025-10-20 16:52:13 [TRACE] 【状态】搜索模式：C:\Users\gelon\Desktop\ZA-Lite\assets/images/hollow\meter.png 置信度：0.9445379972457886
2025-10-20 16:52:19 [TRACE] 【状态】搜索模式：C:\Users\gelon\Desktop\ZA-Lite\assets/images/hollow\meter.png 置信度：0.9390735030174255
2025-10-20 16:52:19 [TRACE] 【目标检测】TRAPPED！ 类型：blue_portal 置信度：0.9292675852775574
2025-10-20 16:52:23 [TRACE] 【目标检测】TRAPPED！ 类型：blue_portal 置信度：0.9100306630134583
2025-10-20 16:52:25 [TRACE] 【状态】搜索模式：C:\Users\gelon\Desktop\ZA-Lite\assets/images/hollow\meter.png 置信度：0.9390365481376648
2025-10-20 16:52:30 [TRACE] 【目标检测】TRAPPED！ 类型：blue_portal 置信度：0.9117788672447205
2025-10-20 16:52:32 [TRACE] 【状态】搜索模式：C:\Users\gelon\Desktop\ZA-Lite\assets/images/hollow\meter.png 置信度：0.9391103386878967
2025-10-20 16:52:34 [TRACE] 【目标检测】TRAPPED！ 类型：blue_portal 置信度：0.9131458401679993
2025-10-20 16:52:38 [TRACE] 【状态】搜索模式：C:\Users\gelon\Desktop\ZA-Lite\assets/images/hollow\meter.png 置信度：0.9390667080879211
2025-10-20 16:52:41 [TRACE] 【目标检测】TRAPPED！ 类型：blue_portal 置信度：0.9192779660224915
2025-10-20 16:52:44 [TRACE] 【状态】搜索模式：C:\Users\gelon\Desktop\ZA-Lite\assets/images/hollow\meter.png 置信度：0.9390687346458435
2025-10-20 16:52:45 [TRACE] 【目标检测】TRAPPED！ 类型：blue_portal 置信度：0.9229704737663269
2025-10-20 16:52:50 [TRACE] 【状态】搜索模式：C:\Users\gelon\Desktop\ZA-Lite\assets/images/hollow\meter.png 置信度：0.9297417402267456
2025-10-20 16:52:52 [TRACE] 【目标检测】TRAPPED！ 类型：blue_portal 置信度：0.9190881848335266
2025-10-20 16:52:56 [TRACE] 【状态】搜索模式：C:\Users\gelon\Desktop\ZA-Lite\assets/images/hollow\meter.png 置信度：0.9309337735176086
2025-10-20 16:52:56 [TRACE] 【目标检测】TRAPPED！ 类型：blue_portal 置信度：0.921947717666626
2025-10-20 16:53:03 [TRACE] 【状态】搜索模式：C:\Users\gelon\Desktop\ZA-Lite\assets/images/hollow\meter.png 置信度：0.934004008769989
2025-10-20 16:53:03 [TRACE] 【目标检测】TRAPPED！ 类型：blue_portal 置信度：0.9008266925811768
2025-10-20 16:53:07 [TRACE] 【目标检测】TRAPPED！ 类型：blue_portal 置信度：0.9198907613754272
2025-10-20 16:53:09 [TRACE] 【状态】搜索模式：C:\Users\gelon\Desktop\ZA-Lite\assets/images/hollow\meter.png 置信度：0.9340284466743469
2025-10-20 16:53:15 [TRACE] 【目标检测】TRAPPED！ 类型：blue_portal 置信度：0.9077601432800293
2025-10-20 16:53:15 [TRACE] 【状态】搜索模式：C:\Users\gelon\Desktop\ZA-Lite\assets/images/hollow\meter.png 置信度：0.9259937405586243
2025-10-20 16:53:19 [TRACE] 【目标检测】TRAPPED！ 类型：blue_portal 置信度：0.780153751373291
2025-10-20 16:53:21 [TRACE] 【状态】搜索模式：C:\Users\gelon\Desktop\ZA-Lite\assets/images/hollow\meter.png 置信度：0.9311120510101318
2025-10-20 16:53:26 [TRACE] 【目标检测】TRAPPED！ 类型：blue_portal 置信度：0.9073622822761536
2025-10-20 16:53:28 [TRACE] 【状态】搜索模式：C:\Users\gelon\Desktop\ZA-Lite\assets/images/hollow\meter.png 置信度：0.9313998818397522
2025-10-20 16:53:30 [TRACE] 【目标检测】TRAPPED！ 类型：blue_portal 置信度：0.9140399694442749
2025-10-20 16:53:34 [TRACE] 【状态】搜索模式：C:\Users\gelon\Desktop\ZA-Lite\assets/images/hollow\meter.png 置信度：0.9288450479507446
2025-10-20 16:53:37 [TRACE] 【目标检测】TRAPPED！ 类型：blue_portal 置信度：0.9188240170478821
2025-10-20 16:53:41 [TRACE] 【目标检测】TRAPPED！ 类型：blue_portal 置信度：0.9260344505310059
2025-10-20 16:53:43 [TRACE] 【空洞监听】无匹配已持续：0秒
2025-10-20 16:53:48 [TRACE] 【目标检测】TRAPPED！ 类型：blue_portal 置信度：0.9181618690490723
2025-10-20 16:53:49 [TRACE] 【空洞监听】无匹配已持续：6秒
2025-10-20 16:53:52 [TRACE] 【目标检测】TRAPPED！ 类型：blue_portal 置信度：0.9183160662651062
2025-10-20 16:53:55 [TRACE] 【空洞监听】无匹配已持续：12秒
2025-10-20 16:53:59 [TRACE] 【目标检测】TRAPPED！ 类型：blue_portal 置信度：0.9220278859138489
2025-10-20 16:54:01 [TRACE] 【空洞监听】无匹配已持续：18秒
2025-10-20 16:54:03 [TRACE] 【目标检测】TRAPPED！ 类型：blue_portal 置信度：0.9281166791915894
2025-10-20 16:54:07 [TRACE] 【空洞监听】无匹配已持续：24秒
2025-10-20 16:54:10 [TRACE] 【目标检测】TRAPPED！ 类型：blue_portal 置信度：0.9208937287330627
2025-10-20 16:54:14 [TRACE] 【目标检测】TRAPPED！ 类型：blue_portal 置信度：0.913413941860199
2025-10-20 16:54:14 [TRACE] 【空洞监听】无匹配已持续：30秒
2025-10-20 16:54:20 [TRACE] 【空洞监听】无匹配已持续：36秒
2025-10-20 16:54:21 [TRACE] 【目标检测】TRAPPED！ 类型：blue_portal 置信度：0.9200080633163452
2025-10-20 16:54:25 [TRACE] 【目标检测】TRAPPED！ 类型：blue_portal 置信度：0.9095014333724976
2025-10-20 16:54:26 [TRACE] 【空洞监听】无匹配已持续：42秒
2025-10-20 16:54:32 [TRACE] 【目标检测】TRAPPED！ 类型：blue_portal 置信度：0.9113168716430664
2025-10-20 16:54:32 [TRACE] 【空洞监听】无匹配已持续：49秒
2025-10-20 16:54:36 [TRACE] 【目标检测】TRAPPED！ 类型：blue_portal 置信度：0.9213272333145142
2025-10-20 16:54:38 [TRACE] 【空洞监听】无匹配已持续：55秒
2025-10-20 16:54:43 [TRACE] 【目标检测】TRAPPED！ 类型：blue_portal 置信度：0.9219547510147095
2025-10-20 16:54:44 [TRACE] 【空洞监听】无匹配已持续：61秒
2025-10-20 16:54:44 [TRACE] 【空洞监听】即将超时，重启搜索线程
2025-10-20 16:54:47 [TRACE] 【目标检测】TRAPPED！ 类型：blue_portal 置信度：0.9076565504074097
2025-10-20 16:54:50 [TRACE] 【空洞监听】无匹配已持续：67秒
2025-10-20 16:54:50 [TRACE] 【空洞监听】即将超时，重启搜索线程
2025-10-20 16:54:53 [TRACE] 【目标检测】TRAPPED！ 类型：blue_portal 置信度：0.9107725024223328
2025-10-20 16:54:56 [TRACE] 【空洞监听】无匹配已持续：73秒
2025-10-20 16:54:56 [TRACE] 【空洞监听】即将超时，重启搜索线程
2025-10-20 16:54:57 [TRACE] 【目标检测】TRAPPED！ 类型：blue_portal 置信度：0.9193764925003052
2025-10-20 16:55:03 [TRACE] 【空洞监听】无匹配已持续：80秒
2025-10-20 16:55:03 [TRACE] 【空洞监听】即将超时，重启搜索线程
2025-10-20 16:55:04 [TRACE] 【目标检测】TRAPPED！ 类型：blue_portal 置信度：0.9211744666099548
2025-10-20 16:55:09 [TRACE] 【目标检测】TRAPPED！ 类型：blue_portal 置信度：0.9240151643753052
2025-10-20 16:55:09 [TRACE] 【空洞监听】无匹配已持续：86秒
2025-10-20 16:55:09 [TRACE] 【空洞监听】即将超时，重启搜索线程
2025-10-20 16:55:16 [TRACE] 【目标检测】TRAPPED！ 类型：blue_portal 置信度：0.9078385829925537
2025-10-20 16:55:16 [TRACE] 【空洞监听】无匹配已持续：92秒
2025-10-20 16:55:16 [TRACE] 【空洞监听】即将超时，重启搜索线程
2025-10-20 16:55:20 [TRACE] 【目标检测】TRAPPED！ 类型：blue_portal 置信度：0.9081335663795471
2025-10-20 16:55:22 [TRACE] 【空洞监听】无匹配已持续：99秒
2025-10-20 16:55:22 [TRACE] 【空洞监听】即将超时，重启搜索线程
2025-10-20 16:55:27 [TRACE] 【目标检测】TRAPPED！ 类型：blue_portal 置信度：0.9039909243583679
2025-10-20 16:55:29 [TRACE] 【空洞监听】无匹配已持续：105秒
2025-10-20 16:55:29 [TRACE] 【空洞监听】即将超时，重启搜索线程
2025-10-20 16:55:31 [TRACE] 【目标检测】TRAPPED！ 类型：blue_portal 置信度：0.9221209287643433
2025-10-20 16:55:35 [TRACE] 【空洞监听】无匹配已持续：112秒
2025-10-20 16:55:35 [TRACE] 【空洞监听】即将超时，重启搜索线程
2025-10-20 16:55:38 [TRACE] 【目标检测】TRAPPED！ 类型：blue_portal 置信度：0.9007482528686523
2025-10-20 16:55:42 [TRACE] 【空洞监听】无匹配已持续：118秒
2025-10-20 16:55:42 [TRACE] 【空洞监听】即将超时，重启搜索线程
2025-10-20 16:55:42 [TRACE] 【目标检测】TRAPPED！ 类型：blue_portal 置信度：0.9070472717285156
2025-10-20 16:55:48 [TRACE] 【空洞监听】无匹配已持续：125秒
2025-10-20 16:55:48 [TRACE] 【空洞监听】即将超时，重启搜索线程
2025-10-20 16:55:48 [WARNING] 空洞任务异常，跳过本轮
2025-10-20 16:55:48 [INFO] 本轮耗时:33分钟
2025-10-20 16:55:48 [INFO] 当前已完成空洞 0 次 
2025-10-20 16:55:48 [DEBUG] 正在返回菜单
2025-10-20 16:55:49 [TRACE] 正在返回菜单,请保持游戏画面处于前台
2025-10-20 16:55:49 [TRACE] 【目标检测】TRAPPED！ 类型：blue_portal 置信度：0.9180302619934082
2025-10-20 16:55:51 [TRACE] 退出战斗返回菜单
2025-10-20 16:55:51 [TRACE] 【目标出现】C:\Users\gelon\Desktop\ZA-Lite\assets/images/daily\quit_battle.png 置信度：0.9938648343086243
2025-10-20 16:55:53 [TRACE] 【1】等待目标中 C:\Users\gelon\Desktop\ZA-Lite\assets/images/daily\confirm.png
2025-10-20 16:55:54 [TRACE] 【2】等待目标中 C:\Users\gelon\Desktop\ZA-Lite\assets/images/daily\confirm.png
2025-10-20 16:55:54 [TRACE] 【3】等待目标中 C:\Users\gelon\Desktop\ZA-Lite\assets/images/daily\confirm.png
2025-10-20 16:55:55 [TRACE] 【4】等待目标中 C:\Users\gelon\Desktop\ZA-Lite\assets/images/daily\confirm.png
2025-10-20 16:55:56 [TRACE] 【5】等待目标中 C:\Users\gelon\Desktop\ZA-Lite\assets/images/daily\confirm.png
2025-10-20 16:55:56 [TRACE] 【6】等待目标中 C:\Users\gelon\Desktop\ZA-Lite\assets/images/daily\confirm.png
2025-10-20 16:55:57 [TRACE] 【7】等待目标中 C:\Users\gelon\Desktop\ZA-Lite\assets/images/daily\confirm.png
2025-10-20 16:55:58 [TRACE] 【8】等待目标中 C:\Users\gelon\Desktop\ZA-Lite\assets/images/daily\confirm.png
2025-10-20 16:55:58 [TRACE] 【9】等待目标中 C:\Users\gelon\Desktop\ZA-Lite\assets/images/daily\confirm.png
2025-10-20 16:55:59 [TRACE] 【10】等待目标中 C:\Users\gelon\Desktop\ZA-Lite\assets/images/daily\confirm.png
2025-10-20 16:56:00 [TRACE] 【11】等待目标中 C:\Users\gelon\Desktop\ZA-Lite\assets/images/daily\confirm.png
2025-10-20 16:56:01 [TRACE] 【12】等待目标中 C:\Users\gelon\Desktop\ZA-Lite\assets/images/daily\confirm.png
2025-10-20 16:56:01 [TRACE] 【13】等待目标中 C:\Users\gelon\Desktop\ZA-Lite\assets/images/daily\confirm.png
2025-10-20 16:56:02 [TRACE] 【14】等待目标中 C:\Users\gelon\Desktop\ZA-Lite\assets/images/daily\confirm.png
2025-10-20 16:56:03 [TRACE] 【15】等待目标中 C:\Users\gelon\Desktop\ZA-Lite\assets/images/daily\confirm.png
2025-10-20 16:56:04 [TRACE] 【16】等待目标中 C:\Users\gelon\Desktop\ZA-Lite\assets/images/daily\confirm.png
2025-10-20 16:56:04 [TRACE] 【17】等待目标中 C:\Users\gelon\Desktop\ZA-Lite\assets/images/daily\confirm.png
2025-10-20 16:56:05 [TRACE] 【18】等待目标中 C:\Users\gelon\Desktop\ZA-Lite\assets/images/daily\confirm.png
2025-10-20 16:56:06 [TRACE] 【19】等待目标中 C:\Users\gelon\Desktop\ZA-Lite\assets/images/daily\confirm.png
2025-10-20 16:56:06 [TRACE] 【20】等待目标中 C:\Users\gelon\Desktop\ZA-Lite\assets/images/daily\confirm.png
2025-10-20 16:56:07 [ERROR] 等待超时,开始重试
2025-10-20 16:56:08 [TRACE] 正在返回菜单,请保持游戏画面处于前台
2025-10-20 16:56:10 [TRACE] 退出战斗返回菜单
2025-10-20 16:56:11 [TRACE] 正在返回菜单,请保持游戏画面处于前台
2025-10-20 16:56:13 [TRACE] 正在返回菜单,请保持游戏画面处于前台
2025-10-20 16:56:15 [TRACE] 退出战斗返回菜单
2025-10-20 16:56:16 [TRACE] 正在返回菜单,请保持游戏画面处于前台
2025-10-20 16:56:18 [TRACE] 退出战斗返回菜单
2025-10-20 16:56:20 [TRACE] 正在返回菜单,请保持游戏画面处于前台
2025-10-20 16:56:22 [TRACE] 正在返回菜单,请保持游戏画面处于前台
2025-10-20 16:56:24 [TRACE] 退出战斗返回菜单
2025-10-20 16:56:25 [TRACE] 正在返回菜单,请保持游戏画面处于前台
2025-10-20 16:56:27 [TRACE] 退出战斗返回菜单
2025-10-20 16:56:28 [TRACE] 正在返回菜单,请保持游戏画面处于前台
2025-10-20 16:56:30 [TRACE] 正在返回菜单,请保持游戏画面处于前台
2025-10-20 16:56:32 [TRACE] 退出战斗返回菜单
2025-10-20 16:56:33 [TRACE] 正在返回菜单,请保持游戏画面处于前台
2025-10-20 16:56:36 [TRACE] 正在返回菜单,请保持游戏画面处于前台
2025-10-20 16:56:38 [TRACE] 退出战斗返回菜单
2025-10-20 16:56:38 [TRACE] 正在返回菜单,请保持游戏画面处于前台
2025-10-20 16:56:41 [TRACE] 正在返回菜单,请保持游戏画面处于前台
2025-10-20 16:56:43 [TRACE] 退出战斗返回菜单
2025-10-20 16:56:44 [TRACE] 正在返回菜单,请保持游戏画面处于前台
2025-10-20 16:56:46 [TRACE] 正在返回菜单,请保持游戏画面处于前台
2025-10-20 16:56:48 [TRACE] 退出战斗返回菜单
2025-10-20 16:56:49 [TRACE] 正在返回菜单,请保持游戏画面处于前台
2025-10-20 16:56:51 [TRACE] 正在返回菜单,请保持游戏画面处于前台
2025-10-20 16:56:53 [TRACE] 退出战斗返回菜单
2025-10-20 16:56:54 [TRACE] 正在返回菜单,请保持游戏画面处于前台
2025-10-20 16:56:56 [TRACE] 正在返回菜单,请保持游戏画面处于前台
2025-10-20 16:56:58 [TRACE] 退出战斗返回菜单
2025-10-20 16:57:00 [TRACE] 正在返回菜单,请保持游戏画面处于前台
2025-10-20 16:57:02 [TRACE] 正在返回菜单,请保持游戏画面处于前台
2025-10-20 16:57:04 [TRACE] 退出战斗返回菜单
2025-10-20 16:57:05 [TRACE] 正在返回菜单,请保持游戏画面处于前台
2025-10-20 16:57:07 [TRACE] 正在返回菜单,请保持游戏画面处于前台
2025-10-20 16:57:09 [TRACE] 退出战斗返回菜单
2025-10-20 16:57:10 [TRACE] 正在返回菜单,请保持游戏画面处于前台
2025-10-20 16:57:12 [TRACE] 正在返回菜单,请保持游戏画面处于前台
2025-10-20 16:57:14 [TRACE] 退出战斗返回菜单
2025-10-20 16:57:16 [TRACE] 正在返回菜单,请保持游戏画面处于前台
2025-10-20 16:57:18 [TRACE] 正在返回菜单,请保持游戏画面处于前台
2025-10-20 16:57:20 [TRACE] 退出战斗返回菜单
2025-10-20 16:57:21 [TRACE] 正在返回菜单,请保持游戏画面处于前台
2025-10-20 16:57:23 [TRACE] 正在返回菜单,请保持游戏画面处于前台
2025-10-20 16:57:25 [TRACE] 退出战斗返回菜单
2025-10-20 16:57:26 [TRACE] 正在返回菜单,请保持游戏画面处于前台
2025-10-20 16:57:28 [TRACE] 正在返回菜单,请保持游戏画面处于前台
2025-10-20 16:57:31 [TRACE] 退出战斗返回菜单
2025-10-20 16:57:32 [TRACE] 正在返回菜单,请保持游戏画面处于前台
2025-10-20 16:57:34 [TRACE] 退出战斗返回菜单
2025-10-20 16:57:35 [TRACE] 正在返回菜单,请保持游戏画面处于前台
2025-10-20 16:57:37 [TRACE] 正在返回菜单,请保持游戏画面处于前台
2025-10-20 16:57:39 [TRACE] 退出战斗返回菜单
2025-10-20 16:57:40 [TRACE] 正在返回菜单,请保持游戏画面处于前台
2025-10-20 16:57:42 [TRACE] 退出战斗返回菜单
2025-10-20 16:57:43 [TRACE] 正在返回菜单,请保持游戏画面处于前台
2025-10-20 16:57:45 [TRACE] 正在返回菜单,请保持游戏画面处于前台
2025-10-20 16:57:48 [TRACE] 正在返回菜单,请保持游戏画面处于前台
2025-10-20 16:57:50 [TRACE] 退出战斗返回菜单
2025-10-20 16:57:51 [TRACE] 正在返回菜单,请保持游戏画面处于前台
2025-10-20 16:57:53 [TRACE] 正在返回菜单,请保持游戏画面处于前台
2025-10-20 16:57:55 [TRACE] 正在返回菜单,请保持游戏画面处于前台
2025-10-20 16:57:57 [TRACE] 退出战斗返回菜单
2025-10-20 16:57:58 [TRACE] 正在返回菜单,请保持游戏画面处于前台
2025-10-20 16:58:00 [TRACE] 正在返回菜单,请保持游戏画面处于前台
2025-10-20 16:58:03 [TRACE] 退出战斗返回菜单
2025-10-20 16:58:04 [TRACE] 正在返回菜单,请保持游戏画面处于前台
2025-10-20 16:58:06 [TRACE] 退出战斗返回菜单
2025-10-20 16:58:07 [TRACE] 正在返回菜单,请保持游戏画面处于前台
2025-10-20 16:58:09 [TRACE] 正在返回菜单,请保持游戏画面处于前台
2025-10-20 16:58:11 [TRACE] 退出战斗返回菜单
2025-10-20 16:58:12 [TRACE] 正在返回菜单,请保持游戏画面处于前台
2025-10-20 16:58:14 [TRACE] 退出战斗返回菜单
2025-10-20 16:58:16 [TRACE] 正在返回菜单,请保持游戏画面处于前台
2025-10-20 16:58:18 [TRACE] 正在返回菜单,请保持游戏画面处于前台
2025-10-20 16:58:20 [TRACE] 退出战斗返回菜单
2025-10-20 16:58:21 [TRACE] 正在返回菜单,请保持游戏画面处于前台
2025-10-20 16:58:23 [TRACE] 退出战斗返回菜单
2025-10-20 16:58:24 [TRACE] 正在返回菜单,请保持游戏画面处于前台
2025-10-20 16:58:26 [TRACE] 正在返回菜单,请保持游戏画面处于前台
2025-10-20 16:58:29 [TRACE] 退出战斗返回菜单
2025-10-20 16:58:30 [TRACE] 正在返回菜单,请保持游戏画面处于前台
2025-10-20 16:58:32 [TRACE] 正在返回菜单,请保持游戏画面处于前台
2025-10-20 16:58:34 [TRACE] 退出战斗返回菜单
2025-10-20 16:58:35 [TRACE] 正在返回菜单,请保持游戏画面处于前台
2025-10-20 16:58:37 [TRACE] 正在返回菜单,请保持游戏画面处于前台
2025-10-20 16:58:39 [TRACE] 退出战斗返回菜单
2025-10-20 16:58:40 [TRACE] 正在返回菜单,请保持游戏画面处于前台
2025-10-20 16:58:43 [TRACE] 正在返回菜单,请保持游戏画面处于前台
2025-10-20 16:58:45 [TRACE] 退出战斗返回菜单
2025-10-20 16:58:46 [TRACE] 正在返回菜单,请保持游戏画面处于前台
2025-10-20 16:58:48 [TRACE] 退出战斗返回菜单
2025-10-20 16:58:49 [TRACE] 正在返回菜单,请保持游戏画面处于前台
2025-10-20 16:58:51 [TRACE] 正在返回菜单,请保持游戏画面处于前台
2025-10-20 16:58:53 [TRACE] 退出战斗返回菜单
2025-10-20 16:58:55 [TRACE] 正在返回菜单,请保持游戏画面处于前台
2025-10-20 16:58:57 [TRACE] 退出战斗返回菜单
2025-10-20 16:58:58 [TRACE] 正在返回菜单,请保持游戏画面处于前台
2025-10-20 16:59:00 [TRACE] 正在返回菜单,请保持游戏画面处于前台
2025-10-20 16:59:02 [TRACE] 退出战斗返回菜单
2025-10-20 16:59:03 [TRACE] 正在返回菜单,请保持游戏画面处于前台
2025-10-20 16:59:05 [TRACE] 正在返回菜单,请保持游戏画面处于前台
2025-10-20 16:59:07 [TRACE] 退出战斗返回菜单
2025-10-20 16:59:08 [TRACE] 正在返回菜单,请保持游戏画面处于前台
2025-10-20 16:59:11 [TRACE] 正在返回菜单,请保持游戏画面处于前台
2025-10-20 16:59:13 [TRACE] 退出战斗返回菜单
2025-10-20 16:59:14 [TRACE] 正在返回菜单,请保持游戏画面处于前台
2025-10-20 16:59:16 [TRACE] 正在返回菜单,请保持游戏画面处于前台
2025-10-20 16:59:18 [TRACE] 退出战斗返回菜单
2025-10-20 16:59:19 [TRACE] 正在返回菜单,请保持游戏画面处于前台
2025-10-20 16:59:21 [TRACE] 正在返回菜单,请保持游戏画面处于前台
2025-10-20 16:59:23 [TRACE] 退出战斗返回菜单
2025-10-20 16:59:24 [TRACE] 正在返回菜单,请保持游戏画面处于前台
2025-10-20 16:59:26 [TRACE] 退出战斗返回菜单
2025-10-20 16:59:28 [TRACE] 正在返回菜单,请保持游戏画面处于前台
2025-10-20 16:59:30 [TRACE] 正在返回菜单,请保持游戏画面处于前台
2025-10-20 16:59:32 [TRACE] 退出战斗返回菜单
2025-10-20 16:59:33 [TRACE] 正在返回菜单,请保持游戏画面处于前台
2025-10-20 16:59:35 [TRACE] 退出战斗返回菜单
2025-10-20 16:59:36 [TRACE] 正在返回菜单,请保持游戏画面处于前台
2025-10-20 16:59:39 [TRACE] 正在返回菜单,请保持游戏画面处于前台
2025-10-20 16:59:41 [TRACE] 退出战斗返回菜单
2025-10-20 16:59:42 [TRACE] 正在返回菜单,请保持游戏画面处于前台
2025-10-20 16:59:44 [TRACE] 退出战斗返回菜单
2025-10-20 16:59:45 [TRACE] 正在返回菜单,请保持游戏画面处于前台
2025-10-20 16:59:47 [TRACE] 正在返回菜单,请保持游戏画面处于前台
2025-10-20 16:59:49 [TRACE] 退出战斗返回菜单
2025-10-20 16:59:51 [TRACE] 正在返回菜单,请保持游戏画面处于前台
2025-10-20 16:59:53 [TRACE] 退出战斗返回菜单
2025-10-20 16:59:54 [TRACE] 正在返回菜单,请保持游戏画面处于前台
2025-10-20 16:59:56 [TRACE] 正在返回菜单,请保持游戏画面处于前台
2025-10-20 16:59:58 [TRACE] 正在返回菜单,请保持游戏画面处于前台
2025-10-20 17:00:00 [TRACE] 退出战斗返回菜单
2025-10-20 17:00:01 [TRACE] 正在返回菜单,请保持游戏画面处于前台
2025-10-20 17:00:04 [TRACE] 正在返回菜单,请保持游戏画面处于前台
2025-10-20 17:00:06 [TRACE] 退出战斗返回菜单
2025-10-20 17:00:07 [TRACE] 正在返回菜单,请保持游戏画面处于前台
2025-10-20 17:00:09 [TRACE] 退出战斗返回菜单
2025-10-20 17:00:10 [TRACE] 正在返回菜单,请保持游戏画面处于前台
2025-10-20 17:00:12 [TRACE] 正在返回菜单,请保持游戏画面处于前台
2025-10-20 17:00:14 [TRACE] 退出战斗返回菜单
2025-10-20 17:00:15 [TRACE] 正在返回菜单,请保持游戏画面处于前台
2025-10-20 17:00:18 [TRACE] 退出战斗返回菜单
2025-10-20 17:00:19 [TRACE] 正在返回菜单,请保持游戏画面处于前台
2025-10-20 17:00:21 [TRACE] 正在返回菜单,请保持游戏画面处于前台
2025-10-20 17:00:23 [TRACE] 退出战斗返回菜单
2025-10-20 17:00:24 [TRACE] 正在返回菜单,请保持游戏画面处于前台
2025-10-20 17:00:26 [TRACE] 退出战斗返回菜单
2025-10-20 17:00:27 [TRACE] 正在返回菜单,请保持游戏画面处于前台
2025-10-20 17:00:30 [TRACE] 正在返回菜单,请保持游戏画面处于前台
2025-10-20 17:00:32 [TRACE] 退出战斗返回菜单
2025-10-20 17:00:33 [TRACE] 正在返回菜单,请保持游戏画面处于前台
2025-10-20 17:00:35 [TRACE] 正在返回菜单,请保持游戏画面处于前台
2025-10-20 17:00:37 [TRACE] 退出战斗返回菜单
2025-10-20 17:00:38 [TRACE] 正在返回菜单,请保持游戏画面处于前台
2025-10-20 17:00:40 [TRACE] 退出战斗返回菜单
2025-10-20 17:00:41 [TRACE] 正在返回菜单,请保持游戏画面处于前台
2025-10-20 17:00:44 [TRACE] 正在返回菜单,请保持游戏画面处于前台
2025-10-20 17:00:46 [TRACE] 退出战斗返回菜单
2025-10-20 17:00:47 [TRACE] 正在返回菜单,请保持游戏画面处于前台
2025-10-20 17:00:49 [TRACE] 退出战斗返回菜单
2025-10-20 17:00:50 [TRACE] 正在返回菜单,请保持游戏画面处于前台
2025-10-20 17:00:52 [TRACE] 正在返回菜单,请保持游戏画面处于前台
2025-10-20 17:00:54 [TRACE] 退出战斗返回菜单
2025-10-20 17:00:55 [TRACE] 正在返回菜单,请保持游戏画面处于前台
2025-10-20 17:00:58 [TRACE] 正在返回菜单,请保持游戏画面处于前台
2025-10-20 17:01:00 [TRACE] 退出战斗返回菜单
2025-10-20 17:01:01 [TRACE] 正在返回菜单,请保持游戏画面处于前台
2025-10-20 17:01:03 [TRACE] 退出战斗返回菜单
2025-10-20 17:01:04 [TRACE] 正在返回菜单,请保持游戏画面处于前台
2025-10-20 17:01:06 [TRACE] 正在返回菜单,请保持游戏画面处于前台
2025-10-20 17:01:08 [TRACE] 退出战斗返回菜单
2025-10-20 17:01:09 [TRACE] 正在返回菜单,请保持游戏画面处于前台
2025-10-20 17:01:11 [TRACE] 退出战斗返回菜单
2025-10-20 17:01:12 [TRACE] 正在返回菜单,请保持游戏画面处于前台
2025-10-20 17:01:15 [TRACE] 正在返回菜单,请保持游戏画面处于前台
2025-10-20 17:01:17 [TRACE] 退出战斗返回菜单
2025-10-20 17:01:18 [TRACE] 正在返回菜单,请保持游戏画面处于前台
2025-10-20 17:01:21 [TRACE] 正在返回菜单,请保持游戏画面处于前台
2025-10-20 17:01:23 [TRACE] 退出战斗返回菜单
2025-10-20 17:01:24 [TRACE] 正在返回菜单,请保持游戏画面处于前台
2025-10-20 17:01:26 [TRACE] 正在返回菜单,请保持游戏画面处于前台
2025-10-20 17:01:28 [TRACE] 退出战斗返回菜单
2025-10-20 17:01:29 [TRACE] 正在返回菜单,请保持游戏画面处于前台
2025-10-20 17:01:31 [TRACE] 正在返回菜单,请保持游戏画面处于前台
2025-10-20 17:01:33 [TRACE] 退出战斗返回菜单
2025-10-20 17:01:34 [TRACE] 正在返回菜单,请保持游戏画面处于前台
2025-10-20 17:01:36 [TRACE] 正在返回菜单,请保持游戏画面处于前台
2025-10-20 17:01:38 [TRACE] 退出战斗返回菜单
2025-10-20 17:01:39 [TRACE] 正在返回菜单,请保持游戏画面处于前台
2025-10-20 17:01:42 [TRACE] 正在返回菜单,请保持游戏画面处于前台
2025-10-20 17:01:44 [TRACE] 退出战斗返回菜单
2025-10-20 17:01:45 [TRACE] 正在返回菜单,请保持游戏画面处于前台
2025-10-20 17:01:47 [TRACE] 正在返回菜单,请保持游戏画面处于前台
2025-10-20 17:01:49 [TRACE] 退出战斗返回菜单
2025-10-20 17:01:50 [TRACE] 正在返回菜单,请保持游戏画面处于前台
2025-10-20 17:01:52 [TRACE] 正在返回菜单,请保持游戏画面处于前台
2025-10-20 17:01:54 [TRACE] 退出战斗返回菜单
2025-10-20 17:01:55 [TRACE] 正在返回菜单,请保持游戏画面处于前台
2025-10-20 17:01:58 [TRACE] 正在返回菜单,请保持游戏画面处于前台
2025-10-20 17:02:00 [TRACE] 退出战斗返回菜单
2025-10-20 17:02:01 [TRACE] 正在返回菜单,请保持游戏画面处于前台
2025-10-20 17:02:03 [TRACE] 退出战斗返回菜单
2025-10-20 17:02:04 [TRACE] 正在返回菜单,请保持游戏画面处于前台
2025-10-20 17:02:06 [TRACE] 正在返回菜单,请保持游戏画面处于前台
2025-10-20 17:02:08 [TRACE] 退出战斗返回菜单
2025-10-20 17:02:10 [TRACE] 正在返回菜单,请保持游戏画面处于前台
2025-10-20 17:02:12 [TRACE] 退出战斗返回菜单
2025-10-20 17:02:13 [TRACE] 正在返回菜单,请保持游戏画面处于前台
2025-10-20 17:02:15 [TRACE] 正在返回菜单,请保持游戏画面处于前台
2025-10-20 17:02:17 [TRACE] 退出战斗返回菜单
2025-10-20 17:02:18 [TRACE] 正在返回菜单,请保持游戏画面处于前台
2025-10-20 17:02:20 [TRACE] 正在返回菜单,请保持游戏画面处于前台
2025-10-20 17:02:22 [TRACE] 退出战斗返回菜单
2025-10-20 17:02:23 [TRACE] 正在返回菜单,请保持游戏画面处于前台
2025-10-20 17:02:26 [TRACE] 正在返回菜单,请保持游戏画面处于前台
2025-10-20 17:02:28 [TRACE] 退出战斗返回菜单
2025-10-20 17:02:29 [TRACE] 正在返回菜单,请保持游戏画面处于前台
2025-10-20 17:02:31 [TRACE] 正在返回菜单,请保持游戏画面处于前台
2025-10-20 17:02:33 [TRACE] 退出战斗返回菜单
2025-10-20 17:02:34 [TRACE] 正在返回菜单,请保持游戏画面处于前台
2025-10-20 17:02:36 [TRACE] 正在返回菜单,请保持游戏画面处于前台
2025-10-20 17:02:38 [TRACE] 退出战斗返回菜单
2025-10-20 17:02:39 [TRACE] 正在返回菜单,请保持游戏画面处于前台
2025-10-20 17:02:41 [TRACE] 正在返回菜单,请保持游戏画面处于前台
2025-10-20 17:02:43 [TRACE] 退出战斗返回菜单
2025-10-20 17:02:44 [TRACE] 正在返回菜单,请保持游戏画面处于前台
2025-10-20 17:02:46 [TRACE] 正在返回菜单,请保持游戏画面处于前台
2025-10-20 17:02:48 [TRACE] 退出战斗返回菜单
2025-10-20 17:02:49 [TRACE] 正在返回菜单,请保持游戏画面处于前台
2025-10-20 17:02:52 [TRACE] 正在返回菜单,请保持游戏画面处于前台
2025-10-20 17:02:54 [TRACE] 退出战斗返回菜单
2025-10-20 17:02:55 [TRACE] 正在返回菜单,请保持游戏画面处于前台
2025-10-20 17:02:57 [TRACE] 正在返回菜单,请保持游戏画面处于前台
2025-10-20 17:02:59 [TRACE] 退出战斗返回菜单
2025-10-20 17:03:00 [TRACE] 正在返回菜单,请保持游戏画面处于前台
2025-10-20 17:03:02 [TRACE] 正在返回菜单,请保持游戏画面处于前台
2025-10-20 17:03:04 [TRACE] 退出战斗返回菜单
2025-10-20 17:03:05 [TRACE] 正在返回菜单,请保持游戏画面处于前台
2025-10-20 17:03:08 [TRACE] 正在返回菜单,请保持游戏画面处于前台
2025-10-20 17:03:10 [TRACE] 退出战斗返回菜单
2025-10-20 17:03:11 [TRACE] 正在返回菜单,请保持游戏画面处于前台
2025-10-20 17:03:13 [TRACE] 正在返回菜单,请保持游戏画面处于前台
2025-10-20 17:03:15 [TRACE] 退出战斗返回菜单
2025-10-20 17:03:16 [TRACE] 正在返回菜单,请保持游戏画面处于前台
2025-10-20 17:03:18 [TRACE] 退出战斗返回菜单
2025-10-20 17:03:20 [TRACE] 正在返回菜单,请保持游戏画面处于前台
2025-10-20 17:03:22 [TRACE] 正在返回菜单,请保持游戏画面处于前台
2025-10-20 17:03:24 [TRACE] 退出战斗返回菜单
2025-10-20 17:03:25 [TRACE] 正在返回菜单,请保持游戏画面处于前台
2025-10-20 17:03:27 [TRACE] 退出战斗返回菜单
2025-10-20 17:03:28 [TRACE] 正在返回菜单,请保持游戏画面处于前台
2025-10-20 17:03:30 [TRACE] 正在返回菜单,请保持游戏画面处于前台
2025-10-20 17:03:33 [TRACE] 正在返回菜单,请保持游戏画面处于前台
2025-10-20 17:03:35 [TRACE] 退出战斗返回菜单
2025-10-20 17:03:36 [TRACE] 正在返回菜单,请保持游戏画面处于前台
2025-10-20 17:03:38 [TRACE] 正在返回菜单,请保持游戏画面处于前台
2025-10-20 17:03:40 [TRACE] 退出战斗返回菜单
2025-10-20 17:03:41 [TRACE] 正在返回菜单,请保持游戏画面处于前台
2025-10-20 17:03:43 [TRACE] 正在返回菜单,请保持游戏画面处于前台
2025-10-20 17:03:45 [TRACE] 退出战斗返回菜单
2025-10-20 17:03:46 [TRACE] 正在返回菜单,请保持游戏画面处于前台
2025-10-20 17:03:49 [TRACE] 正在返回菜单,请保持游戏画面处于前台
2025-10-20 17:03:51 [TRACE] 退出战斗返回菜单
2025-10-20 17:03:52 [TRACE] 正在返回菜单,请保持游戏画面处于前台
2025-10-20 17:03:54 [TRACE] 退出战斗返回菜单
2025-10-20 17:03:55 [TRACE] 正在返回菜单,请保持游戏画面处于前台
2025-10-20 17:03:57 [TRACE] 正在返回菜单,请保持游戏画面处于前台
2025-10-20 17:03:59 [TRACE] 退出战斗返回菜单
2025-10-20 17:04:01 [TRACE] 正在返回菜单,请保持游戏画面处于前台
2025-10-20 17:04:03 [TRACE] 退出战斗返回菜单
2025-10-20 17:04:04 [TRACE] 正在返回菜单,请保持游戏画面处于前台
2025-10-20 17:04:06 [TRACE] 正在返回菜单,请保持游戏画面处于前台
2025-10-20 17:04:08 [TRACE] 退出战斗返回菜单
2025-10-20 17:04:09 [TRACE] 正在返回菜单,请保持游戏画面处于前台
2025-10-20 17:04:11 [TRACE] 正在返回菜单,请保持游戏画面处于前台
2025-10-20 17:04:13 [TRACE] 退出战斗返回菜单
2025-10-20 17:04:14 [TRACE] 正在返回菜单,请保持游戏画面处于前台
2025-10-20 17:04:16 [TRACE] 正在返回菜单,请保持游戏画面处于前台
2025-10-20 17:04:19 [TRACE] 退出战斗返回菜单
2025-10-20 17:04:19 [TRACE] 正在返回菜单,请保持游戏画面处于前台
2025-10-20 17:04:22 [TRACE] 正在返回菜单,请保持游戏画面处于前台
2025-10-20 17:04:24 [TRACE] 退出战斗返回菜单
2025-10-20 17:04:25 [TRACE] 正在返回菜单,请保持游戏画面处于前台
2025-10-20 17:04:27 [TRACE] 正在返回菜单,请保持游戏画面处于前台
2025-10-20 17:04:29 [TRACE] 退出战斗返回菜单
2025-10-20 17:04:30 [TRACE] 正在返回菜单,请保持游戏画面处于前台
2025-10-20 17:04:32 [TRACE] 正在返回菜单,请保持游戏画面处于前台
2025-10-20 17:04:34 [TRACE] 退出战斗返回菜单
2025-10-20 17:04:35 [TRACE] 正在返回菜单,请保持游戏画面处于前台
2025-10-20 17:04:38 [TRACE] 正在返回菜单,请保持游戏画面处于前台
2025-10-20 17:04:40 [TRACE] 退出战斗返回菜单
2025-10-20 17:04:41 [TRACE] 正在返回菜单,请保持游戏画面处于前台
2025-10-20 17:04:43 [TRACE] 正在返回菜单,请保持游戏画面处于前台
2025-10-20 17:04:45 [TRACE] 退出战斗返回菜单
2025-10-20 17:04:46 [TRACE] 正在返回菜单,请保持游戏画面处于前台
2025-10-20 17:04:48 [TRACE] 退出战斗返回菜单
2025-10-20 17:04:49 [TRACE] 正在返回菜单,请保持游戏画面处于前台
2025-10-20 17:04:52 [TRACE] 正在返回菜单,请保持游戏画面处于前台
2025-10-20 17:04:54 [TRACE] 退出战斗返回菜单
2025-10-20 17:04:55 [TRACE] 正在返回菜单,请保持游戏画面处于前台
2025-10-20 17:04:57 [TRACE] 退出战斗返回菜单
2025-10-20 17:04:58 [TRACE] 正在返回菜单,请保持游戏画面处于前台
2025-10-20 17:05:00 [TRACE] 正在返回菜单,请保持游戏画面处于前台
2025-10-20 17:05:03 [TRACE] 正在返回菜单,请保持游戏画面处于前台
2025-10-20 17:05:05 [TRACE] 退出战斗返回菜单
2025-10-20 17:05:06 [TRACE] 正在返回菜单,请保持游戏画面处于前台
2025-10-20 17:05:08 [TRACE] 正在返回菜单,请保持游戏画面处于前台
2025-10-20 17:05:10 [TRACE] 退出战斗返回菜单
2025-10-20 17:05:11 [TRACE] 正在返回菜单,请保持游戏画面处于前台
2025-10-20 17:05:13 [TRACE] 正在返回菜单,请保持游戏画面处于前台
2025-10-20 17:05:15 [TRACE] 退出战斗返回菜单
2025-10-20 17:05:16 [TRACE] 正在返回菜单,请保持游戏画面处于前台
2025-10-20 17:05:19 [TRACE] 正在返回菜单,请保持游戏画面处于前台
2025-10-20 17:05:21 [TRACE] 退出战斗返回菜单
2025-10-20 17:05:22 [TRACE] 正在返回菜单,请保持游戏画面处于前台
2025-10-20 17:05:24 [TRACE] 退出战斗返回菜单
2025-10-20 17:05:25 [TRACE] 正在返回菜单,请保持游戏画面处于前台
2025-10-20 17:05:27 [TRACE] 正在返回菜单,请保持游戏画面处于前台
2025-10-20 17:05:29 [TRACE] 退出战斗返回菜单
2025-10-20 17:05:30 [TRACE] 正在返回菜单,请保持游戏画面处于前台
2025-10-20 17:05:33 [TRACE] 退出战斗返回菜单
2025-10-20 17:05:34 [TRACE] 正在返回菜单,请保持游戏画面处于前台
2025-10-20 17:05:36 [TRACE] 正在返回菜单,请保持游戏画面处于前台
2025-10-20 17:05:38 [TRACE] 正在返回菜单,请保持游戏画面处于前台
2025-10-20 17:05:40 [TRACE] 退出战斗返回菜单
2025-10-20 17:05:41 [TRACE] 正在返回菜单,请保持游戏画面处于前台
2025-10-20 17:05:43 [TRACE] 正在返回菜单,请保持游戏画面处于前台
2025-10-20 17:05:46 [TRACE] 退出战斗返回菜单
2025-10-20 17:05:47 [TRACE] 正在返回菜单,请保持游戏画面处于前台
2025-10-20 17:05:49 [TRACE] 退出战斗返回菜单
2025-10-20 17:05:50 [TRACE] 正在返回菜单,请保持游戏画面处于前台
2025-10-20 17:05:52 [TRACE] 正在返回菜单,请保持游戏画面处于前台
2025-10-20 17:05:54 [TRACE] 退出战斗返回菜单
2025-10-20 17:05:55 [TRACE] 正在返回菜单,请保持游戏画面处于前台
2025-10-20 17:05:57 [TRACE] 退出战斗返回菜单
2025-10-20 17:05:58 [TRACE] 正在返回菜单,请保持游戏画面处于前台
2025-10-20 17:06:01 [TRACE] 正在返回菜单,请保持游戏画面处于前台
2025-10-20 17:06:03 [TRACE] 退出战斗返回菜单
2025-10-20 17:06:04 [TRACE] 正在返回菜单,请保持游戏画面处于前台
2025-10-20 17:06:06 [TRACE] 退出战斗返回菜单
2025-10-20 17:06:07 [TRACE] 正在返回菜单,请保持游戏画面处于前台
2025-10-20 17:06:09 [TRACE] 正在返回菜单,请保持游戏画面处于前台
2025-10-20 17:06:11 [TRACE] 退出战斗返回菜单
2025-10-20 17:06:12 [TRACE] 正在返回菜单,请保持游戏画面处于前台
2025-10-20 17:06:15 [TRACE] 正在返回菜单,请保持游戏画面处于前台
2025-10-20 17:06:17 [TRACE] 退出战斗返回菜单
2025-10-20 17:06:18 [TRACE] 正在返回菜单,请保持游戏画面处于前台
2025-10-20 17:06:20 [TRACE] 退出战斗返回菜单
2025-10-20 17:06:21 [TRACE] 正在返回菜单,请保持游戏画面处于前台
2025-10-20 17:06:23 [TRACE] 正在返回菜单,请保持游戏画面处于前台
2025-10-20 17:06:25 [TRACE] 退出战斗返回菜单
2025-10-20 17:06:26 [TRACE] 正在返回菜单,请保持游戏画面处于前台
2025-10-20 17:06:28 [TRACE] 退出战斗返回菜单
2025-10-20 17:06:29 [TRACE] 正在返回菜单,请保持游戏画面处于前台
2025-10-20 17:06:31 [TRACE] 正在返回菜单,请保持游戏画面处于前台
2025-10-20 17:06:33 [TRACE] 退出战斗返回菜单
2025-10-20 17:06:34 [TRACE] 正在返回菜单,请保持游戏画面处于前台
2025-10-20 17:06:37 [TRACE] 正在返回菜单,请保持游戏画面处于前台
2025-10-20 17:06:39 [TRACE] 退出战斗返回菜单
2025-10-20 17:06:40 [TRACE] 正在返回菜单,请保持游戏画面处于前台
2025-10-20 17:06:42 [TRACE] 正在返回菜单,请保持游戏画面处于前台
2025-10-20 17:06:44 [TRACE] 退出战斗返回菜单
2025-10-20 17:06:46 [TRACE] 正在返回菜单,请保持游戏画面处于前台
2025-10-20 17:06:48 [TRACE] 退出战斗返回菜单
2025-10-20 17:06:49 [TRACE] 正在返回菜单,请保持游戏画面处于前台
2025-10-20 17:06:51 [TRACE] 正在返回菜单,请保持游戏画面处于前台
2025-10-20 17:06:53 [TRACE] 退出战斗返回菜单
2025-10-20 17:06:54 [TRACE] 正在返回菜单,请保持游戏画面处于前台
2025-10-20 17:06:56 [TRACE] 退出战斗返回菜单
2025-10-20 17:06:57 [TRACE] 正在返回菜单,请保持游戏画面处于前台
2025-10-20 17:06:59 [TRACE] 正在返回菜单,请保持游戏画面处于前台
2025-10-20 17:07:02 [TRACE] 退出战斗返回菜单
2025-10-20 17:07:02 [TRACE] 正在返回菜单,请保持游戏画面处于前台
2025-10-20 17:07:05 [TRACE] 退出战斗返回菜单
2025-10-20 17:07:06 [TRACE] 正在返回菜单,请保持游戏画面处于前台
2025-10-20 17:07:08 [TRACE] 正在返回菜单,请保持游戏画面处于前台
2025-10-20 17:07:10 [TRACE] 退出战斗返回菜单
2025-10-20 17:07:11 [TRACE] 正在返回菜单,请保持游戏画面处于前台
2025-10-20 17:07:13 [TRACE] 退出战斗返回菜单
2025-10-20 17:07:14 [TRACE] 正在返回菜单,请保持游戏画面处于前台
2025-10-20 17:07:16 [TRACE] 正在返回菜单,请保持游戏画面处于前台
2025-10-20 17:07:18 [TRACE] 退出战斗返回菜单
2025-10-20 17:07:19 [TRACE] 正在返回菜单,请保持游戏画面处于前台
2025-10-20 17:07:22 [TRACE] 正在返回菜单,请保持游戏画面处于前台
2025-10-20 17:07:24 [TRACE] 正在返回菜单,请保持游戏画面处于前台
2025-10-20 17:07:26 [TRACE] 正在返回菜单,请保持游戏画面处于前台
2025-10-20 17:07:29 [TRACE] 正在返回菜单,请保持游戏画面处于前台
2025-10-20 17:07:31 [TRACE] 正在返回菜单,请保持游戏画面处于前台
2025-10-20 17:07:33 [TRACE] 退出战斗返回菜单
2025-10-20 17:07:34 [TRACE] 正在返回菜单,请保持游戏画面处于前台
2025-10-20 17:07:36 [TRACE] 退出战斗返回菜单
2025-10-20 17:07:37 [TRACE] 正在返回菜单,请保持游戏画面处于前台
