2025-10-20 18:19:40 [TRACE] 【线程启动】全局监听
2025-10-20 18:19:40 [TRACE] 【线程启动】终止监听
2025-10-20 18:19:40 [INFO] 现在执行 2 次零号空洞
2025-10-20 18:19:42 [DEBUG] 初始化完毕..启动{零号空洞}模块
2025-10-20 18:19:45 [DEBUG] 发现已存在的游戏窗口
2025-10-20 18:19:49 [SUCCESS] 程序开始接管操作，请保持游戏画面处于前台，终止按下Alt键
2025-10-20 18:19:49 [TRACE] 【线程启动】空洞搜索
2025-10-20 18:19:49 [TRACE] 【线程启动】空洞监听
2025-10-20 18:19:49 [TRACE] 【线程启动】空洞战斗
2025-10-20 18:19:49 [DEBUG] 正在返回菜单
2025-10-20 18:19:49 [TRACE] 正在返回菜单,请保持游戏画面处于前台
2025-10-20 18:19:52 [TRACE] 正在返回菜单,请保持游戏画面处于前台
2025-10-20 18:19:56 [TRACE] 正在返回菜单,请保持游戏画面处于前台
2025-10-20 18:19:59 [TRACE] 正在返回菜单,请保持游戏画面处于前台
2025-10-20 18:20:02 [TRACE] 正在返回菜单,请保持游戏画面处于前台
2025-10-20 18:20:06 [TRACE] 正在返回菜单,请保持游戏画面处于前台
2025-10-20 18:20:09 [TRACE] 现在处于大厅
2025-10-20 18:20:09 [INFO] 执行零号空洞任务中
2025-10-20 18:20:10 [TRACE] 【1】等待目标中 C:\Users\gelon\Desktop\ZA-Lite\assets/images/hollow\combat.png
2025-10-20 18:20:10 [TRACE] 【目标出现】C:\Users\gelon\Desktop\ZA-Lite\assets/images/hollow\combat.png 置信度：0.9763118624687195
2025-10-20 18:20:12 [TRACE] 【目标出现】C:\Users\gelon\Desktop\ZA-Lite\assets/images/hollow\zero_hollow.png 置信度：0.999994695186615
2025-10-20 18:20:13 [TRACE] 【目标出现】C:\Users\gelon\Desktop\ZA-Lite\assets/images/hollow\go_hollow.png 置信度：0.9943784475326538
2025-10-20 18:20:15 [TRACE] 【目标出现】C:\Users\gelon\Desktop\ZA-Lite\assets/images/hollow\confirm.png 置信度：0.9839527606964111
2025-10-20 18:20:16 [TRACE] 【1】等待目标中 C:\Users\gelon\Desktop\ZA-Lite\assets/images/hollow\hollow_taskforce.png
2025-10-20 18:20:17 [TRACE] 【2】等待目标中 C:\Users\gelon\Desktop\ZA-Lite\assets/images/hollow\hollow_taskforce.png
2025-10-20 18:20:18 [TRACE] 【3】等待目标中 C:\Users\gelon\Desktop\ZA-Lite\assets/images/hollow\hollow_taskforce.png
2025-10-20 18:20:18 [TRACE] 【目标出现】C:\Users\gelon\Desktop\ZA-Lite\assets/images/hollow\hollow_taskforce.png 置信度：0.9999802708625793
2025-10-20 18:20:20 [TRACE] 【目标出现】C:\Users\gelon\Desktop\ZA-Lite\assets/images/hollow\strategy.png 置信度：0.9999997019767761
2025-10-20 18:20:21 [TRACE] 【1】等待目标中 C:\Users\gelon\Desktop\ZA-Lite\assets/images/hollow\strategy_confirm.png
2025-10-20 18:20:22 [TRACE] 【目标出现】C:\Users\gelon\Desktop\ZA-Lite\assets/images/hollow\strategy_confirm.png 置信度：0.9999998807907104
2025-10-20 18:20:23 [TRACE] 【目标出现】C:\Users\gelon\Desktop\ZA-Lite\assets/images/hollow\next_step.png 置信度：0.9771504998207092
2025-10-20 18:20:25 [TRACE] 【目标出现】C:\Users\gelon\Desktop\ZA-Lite\assets/images/daily\squad_preset.png 置信度：0.9862331748008728
2025-10-20 18:20:26 [TRACE] 【目标出现】C:\Users\gelon\Desktop\ZA-Lite\assets/images/daily\squad_6.png 置信度：0.9686900973320007
2025-10-20 18:20:27 [TRACE] 【目标出现】C:\Users\gelon\Desktop\ZA-Lite\assets/images/daily\select_squad.png 置信度：0.9689368009567261
2025-10-20 18:20:28 [TRACE] 【目标出现】C:\Users\gelon\Desktop\ZA-Lite\assets/images/hollow\start_battle.png 置信度：0.9846593737602234
2025-10-20 18:20:30 [TRACE] 【空洞监听】无匹配已持续：0秒
2025-10-20 18:20:30 [TRACE] 【线程启动】攻击检测
2025-10-20 18:20:31 [TRACE] 【目标检测】屏幕内没有目标
2025-10-20 18:20:32 [TRACE] 【目标检测】屏幕内没有目标
2025-10-20 18:20:34 [TRACE] 【目标检测】屏幕内没有目标
2025-10-20 18:20:35 [TRACE] 【目标检测】屏幕内没有目标
2025-10-20 18:20:36 [TRACE] 【空洞监听】无匹配已持续：6秒
2025-10-20 18:20:36 [TRACE] 【目标检测】屏幕内没有目标
2025-10-20 18:20:39 [TRACE] 【目标检测】屏幕内没有目标
2025-10-20 18:20:40 [TRACE] 【目标检测】屏幕内没有目标
2025-10-20 18:20:41 [TRACE] 【目标检测】屏幕内没有目标
2025-10-20 18:20:42 [TRACE] 【空洞监听】无匹配已持续：12秒
2025-10-20 18:20:42 [TRACE] 【目标检测】屏幕内没有目标
2025-10-20 18:20:44 [TRACE] 【目标检测】屏幕内没有目标
2025-10-20 18:20:47 [TRACE] 【目标检测】屏幕内没有目标
2025-10-20 18:20:48 [TRACE] 【目标检测】屏幕内没有目标
2025-10-20 18:20:49 [TRACE] 【空洞监听】无匹配已持续：19秒
2025-10-20 18:20:50 [TRACE] 【目标检测】屏幕内没有目标
2025-10-20 18:20:51 [TRACE] 【目标检测】屏幕内没有目标
2025-10-20 18:20:52 [TRACE] 【目标检测】屏幕内没有目标
2025-10-20 18:20:55 [TRACE] 【空洞监听】无匹配已持续：25秒
2025-10-20 18:21:00 [TRACE] 【目标检测】TRAPPED！ 类型：interact 置信度：0.9269144535064697
2025-10-20 18:21:02 [TRACE] 【空洞监听】无匹配已持续：32秒
2025-10-20 18:21:07 [TRACE] 【目标检测】目标存在，但置信度不足
2025-10-20 18:21:08 [TRACE] 【目标检测】屏幕内没有目标
2025-10-20 18:21:10 [TRACE] 【状态】搜索模式：C:\Users\gelon\Desktop\ZA-Lite\assets/images/hollow\card.png 置信度：0.9999998211860657
2025-10-20 18:21:10 [TRACE] 【目标检测】目标存在，但置信度不足
2025-10-20 18:21:11 [TRACE] 【目标检测】屏幕内没有目标
2025-10-20 18:21:12 [TRACE] 【目标检测】目标存在，但置信度不足
2025-10-20 18:21:14 [TRACE] 【目标检测】屏幕内没有目标
2025-10-20 18:21:15 [TRACE] 【目标检测】目标存在，但置信度不足
2025-10-20 18:21:19 [TRACE] 【目标检测】TRAPPED！ 类型：interact 置信度：0.8995598554611206
2025-10-20 18:21:23 [TRACE] 【空洞监听】无匹配已持续：0秒
2025-10-20 18:21:27 [TRACE] 【目标检测】TRAPPED！ 类型：interact 置信度：0.9231379628181458
2025-10-20 18:21:30 [TRACE] 【空洞监听】无匹配已持续：6秒
2025-10-20 18:21:36 [TRACE] 【空洞监听】无匹配已持续：13秒
2025-10-20 18:21:40 [TRACE] 【目标检测】微调超时，无法对齐！
2025-10-20 18:21:43 [TRACE] 【空洞监听】无匹配已持续：19秒
2025-10-20 18:21:49 [TRACE] 【目标检测】微调超时，无法对齐！
2025-10-20 18:21:50 [TRACE] 【空洞监听】无匹配已持续：26秒
2025-10-20 18:21:53 [TRACE] 【目标检测】TRAPPED！ 类型：interact 置信度：0.9264712333679199
2025-10-20 18:21:56 [TRACE] 【空洞监听】无匹配已持续：32秒
2025-10-20 18:22:03 [TRACE] 【空洞监听】无匹配已持续：39秒
2025-10-20 18:22:06 [TRACE] 【目标检测】微调超时，无法对齐！
2025-10-20 18:22:09 [TRACE] 【空洞监听】无匹配已持续：46秒
2025-10-20 18:22:13 [TRACE] 【目标检测】TRAPPED！ 类型：interact 置信度：0.9285222291946411
2025-10-20 18:22:16 [TRACE] 【空洞监听】无匹配已持续：52秒
2025-10-20 18:22:20 [TRACE] 【目标检测】屏幕内没有目标
2025-10-20 18:22:21 [TRACE] 【目标检测】屏幕内没有目标
2025-10-20 18:22:29 [TRACE] 【目标检测】微调超时，无法对齐！
2025-10-20 18:22:30 [TRACE] 【空洞监听】无匹配已持续：0秒
2025-10-20 18:22:34 [TRACE] 【目标检测】TRAPPED！ 类型：interact 置信度：0.9505990743637085
2025-10-20 18:22:37 [TRACE] 【空洞监听】无匹配已持续：7秒
2025-10-20 18:22:41 [TRACE] 【目标检测】屏幕内没有目标
2025-10-20 18:22:42 [TRACE] 【目标检测】屏幕内没有目标
2025-10-20 18:22:46 [TRACE] 【目标检测】TRAPPED！ 类型：guide_point 置信度：0.9449218511581421
2025-10-20 18:22:53 [TRACE] 【目标检测】屏幕内没有目标
2025-10-20 18:22:54 [TRACE] 【目标检测】屏幕内没有目标
2025-10-20 18:22:55 [TRACE] 【目标检测】屏幕内没有目标
2025-10-20 18:22:58 [TRACE] 【目标检测】TRAPPED！ 类型：blue_portal 置信度：0.8884086012840271
2025-10-20 18:23:05 [TRACE] 【空洞监听】无匹配已持续：0秒
2025-10-20 18:23:05 [TRACE] 【目标检测】TRAPPED！ 类型：blue_portal 置信度：0.6000970602035522
2025-10-20 18:23:09 [TRACE] 【状态】搜索模式：C:\Users\gelon\Desktop\ZA-Lite\assets/images/hollow\meter.png 置信度：0.9489833116531372
2025-10-20 18:23:12 [TRACE] 【目标检测】TRAPPED！ 类型：blue_portal 置信度：0.7904221415519714
2025-10-20 18:23:15 [TRACE] 【状态】搜索模式：C:\Users\gelon\Desktop\ZA-Lite\assets/images/hollow\meter.png 置信度：0.9284873008728027
2025-10-20 18:23:17 [TRACE] 【目标检测】TRAPPED！ 类型：blue_portal 置信度：0.8968856930732727
2025-10-20 18:23:24 [TRACE] 【目标检测】屏幕内没有目标
2025-10-20 18:23:24 [TRACE] 【空洞监听】无匹配已持续：0秒
2025-10-20 18:23:25 [TRACE] 【目标检测】屏幕内没有目标
2025-10-20 18:23:26 [TRACE] 【目标检测】屏幕内没有目标
2025-10-20 18:23:27 [TRACE] 【目标检测】屏幕内没有目标
2025-10-20 18:23:29 [TRACE] 【目标检测】屏幕内没有目标
2025-10-20 18:23:30 [TRACE] 【空洞监听】无匹配已持续：6秒
2025-10-20 18:23:32 [TRACE] 【目标检测】屏幕内没有目标
2025-10-20 18:23:33 [TRACE] 【状态】战斗模式：C:\Users\gelon\Desktop\ZA-Lite\assets/images/hollow\battle_1.png 置信度：0.9999995827674866
2025-10-20 18:23:33 [TRACE] 【目标检测】屏幕内没有目标
2025-10-20 18:23:33 [TRACE] 【状态】战斗模式：C:\Users\gelon\Desktop\ZA-Lite\assets/images/hollow\battle_2.png 置信度：0.9999999403953552
2025-10-20 18:23:37 [TRACE] 【状态】战斗模式：正在受到攻击
2025-10-20 18:23:43 [TRACE] 【空洞监听】无匹配已持续：0秒
2025-10-20 18:23:46 [TRACE] 【状态】战斗模式：C:\Users\gelon\Desktop\ZA-Lite\assets/images/hollow\battle_3.png 置信度：1.0
2025-10-20 18:23:56 [TRACE] 【空洞监听】无匹配已持续：0秒
2025-10-20 18:24:04 [TRACE] 【状态】搜索模式：C:\Users\gelon\Desktop\ZA-Lite\assets/images/hollow\next_area.png 置信度：0.9999992847442627
2025-10-20 18:24:11 [TRACE] 【目标检测】微调超时，无法对齐！
2025-10-20 18:24:13 [TRACE] 【状态】搜索模式：C:\Users\gelon\Desktop\ZA-Lite\assets/images/hollow\meter.png 置信度：0.918032169342041
2025-10-20 18:24:15 [TRACE] 【目标检测】TRAPPED！ 类型：guide_point 置信度：0.880470335483551
2025-10-20 18:24:22 [TRACE] 【空洞监听】无匹配已持续：0秒
2025-10-20 18:24:22 [TRACE] 【目标检测】屏幕内没有目标
2025-10-20 18:24:24 [TRACE] 【目标检测】屏幕内没有目标
2025-10-20 18:24:28 [TRACE] 【空洞监听】无匹配已持续：6秒
2025-10-20 18:24:29 [TRACE] 【目标检测】目标存在，但置信度不足
2025-10-20 18:24:33 [TRACE] 【目标检测】微调超时，无法对齐！
2025-10-20 18:24:35 [TRACE] 【空洞监听】无匹配已持续：12秒
2025-10-20 18:24:35 [TRACE] 【目标检测】屏幕内没有目标
2025-10-20 18:24:41 [TRACE] 【空洞监听】无匹配已持续：19秒
2025-10-20 18:24:41 [TRACE] 【目标检测】TRAPPED！ 类型：blue_portal 置信度：0.9370242953300476
2025-10-20 18:24:46 [TRACE] 【空洞监听】无匹配已持续：24秒
2025-10-20 18:24:49 [TRACE] 【目标检测】屏幕内没有目标
2025-10-20 18:24:50 [TRACE] 【目标检测】屏幕内没有目标
2025-10-20 18:24:52 [TRACE] 【目标检测】屏幕内没有目标
2025-10-20 18:24:53 [TRACE] 【空洞监听】无匹配已持续：31秒
2025-10-20 18:24:53 [TRACE] 【目标检测】屏幕内没有目标
2025-10-20 18:24:55 [TRACE] 【目标检测】屏幕内没有目标
2025-10-20 18:24:57 [TRACE] 【目标检测】屏幕内没有目标
2025-10-20 18:24:58 [TRACE] 【目标检测】屏幕内没有目标
2025-10-20 18:25:00 [TRACE] 【目标检测】屏幕内没有目标
2025-10-20 18:25:00 [TRACE] 【状态】战斗模式：正在受到攻击
2025-10-20 18:25:06 [TRACE] 【状态】战斗模式：正在受到攻击
2025-10-20 18:25:12 [TRACE] 【空洞监听】无匹配已持续：0秒
2025-10-20 18:25:15 [TRACE] 【状态】战斗模式：C:\Users\gelon\Desktop\ZA-Lite\assets/images/hollow\battle_5.png 置信度：0.9223833084106445
2025-10-20 18:25:18 [TRACE] 【状态】战斗模式：正在受到攻击
2025-10-20 18:25:26 [TRACE] 【状态】搜索模式：C:\Users\gelon\Desktop\ZA-Lite\assets/images/hollow\next_area.png 置信度：0.999999463558197
2025-10-20 18:25:27 [TRACE] 【目标检测】屏幕内没有目标
2025-10-20 18:25:32 [TRACE] 【目标检测】TRAPPED！ 类型：blue_portal 置信度：0.9359431862831116
2025-10-20 18:25:37 [TRACE] 【空洞监听】无匹配已持续：0秒
2025-10-20 18:25:39 [TRACE] 【目标检测】屏幕内没有目标
2025-10-20 18:25:40 [TRACE] 【目标检测】屏幕内没有目标
2025-10-20 18:25:41 [TRACE] 【状态】战斗模式：C:\Users\gelon\Desktop\ZA-Lite\assets/images/hollow\battle_3.png 置信度：0.9999998211860657
2025-10-20 18:25:42 [TRACE] 【目标检测】屏幕内没有目标
2025-10-20 18:25:52 [TRACE] 【状态】搜索模式：C:\Users\gelon\Desktop\ZA-Lite\assets/images/hollow\next_area.png 置信度：0.999999463558197
2025-10-20 18:25:57 [TRACE] 【目标检测】屏幕内没有目标
2025-10-20 18:25:58 [TRACE] 【目标检测】屏幕内没有目标
2025-10-20 18:26:01 [TRACE] 【目标检测】屏幕内没有目标
2025-10-20 18:26:03 [TRACE] 【目标检测】屏幕内没有目标
2025-10-20 18:26:04 [TRACE] 【空洞监听】无匹配已持续：0秒
2025-10-20 18:26:04 [TRACE] 【目标检测】屏幕内没有目标
2025-10-20 18:26:08 [TRACE] 【目标检测】微调超时，无法对齐！
2025-10-20 18:26:11 [TRACE] 【空洞监听】无匹配已持续：6秒
2025-10-20 18:26:13 [TRACE] 【目标检测】TRAPPED！ 类型：blue_portal 置信度：0.858954906463623
2025-10-20 18:26:16 [TRACE] 【空洞监听】无匹配已持续：12秒
2025-10-20 18:26:23 [TRACE] 【目标检测】TRAPPED！ 类型：interact 置信度：0.8922144174575806
2025-10-20 18:26:23 [TRACE] 【空洞监听】无匹配已持续：18秒
2025-10-20 18:26:29 [TRACE] 【空洞监听】无匹配已持续：24秒
2025-10-20 18:26:30 [TRACE] 【目标检测】TRAPPED！ 类型：interact 置信度：0.9200984835624695
2025-10-20 18:26:35 [TRACE] 【空洞监听】无匹配已持续：31秒
2025-10-20 18:26:37 [TRACE] 【目标检测】屏幕内没有目标
2025-10-20 18:26:39 [TRACE] 【目标检测】屏幕内没有目标
2025-10-20 18:26:40 [TRACE] 【目标检测】屏幕内没有目标
2025-10-20 18:26:41 [TRACE] 【目标检测】屏幕内没有目标
2025-10-20 18:26:42 [TRACE] 【目标检测】屏幕内没有目标
2025-10-20 18:26:45 [TRACE] 【目标检测】屏幕内没有目标
2025-10-20 18:26:46 [TRACE] 【目标检测】屏幕内没有目标
2025-10-20 18:26:47 [TRACE] 【目标检测】屏幕内没有目标
2025-10-20 18:26:49 [TRACE] 【目标检测】屏幕内没有目标
2025-10-20 18:26:50 [TRACE] 【目标检测】屏幕内没有目标
2025-10-20 18:26:53 [TRACE] 【目标检测】屏幕内没有目标
2025-10-20 18:26:54 [TRACE] 【目标检测】屏幕内没有目标
2025-10-20 18:26:56 [TRACE] 【状态】搜索模式：C:\Users\gelon\Desktop\ZA-Lite\assets/images/hollow\next_area.png 置信度：0.999999463558197
2025-10-20 18:27:02 [TRACE] 【目标检测】微调超时，无法对齐！
2025-10-20 18:27:05 [TRACE] 【目标检测】目标存在，但置信度不足
2025-10-20 18:27:06 [TRACE] 【目标检测】目标存在，但置信度不足
2025-10-20 18:27:06 [TRACE] 【状态】搜索模式：C:\Users\gelon\Desktop\ZA-Lite\assets/images/hollow\meter.png 置信度：0.9935740828514099
2025-10-20 18:27:07 [TRACE] 【目标检测】目标存在，但置信度不足
2025-10-20 18:27:09 [TRACE] 【目标检测】目标存在，但置信度不足
2025-10-20 18:27:11 [TRACE] 【目标检测】TRAPPED！ 类型：guide_point 置信度：0.9352208971977234
2025-10-20 18:27:15 [TRACE] 【空洞监听】无匹配已持续：0秒
2025-10-20 18:27:19 [TRACE] 【目标检测】屏幕内没有目标
2025-10-20 18:27:20 [TRACE] 【目标检测】屏幕内没有目标
2025-10-20 18:27:22 [TRACE] 【目标检测】屏幕内没有目标
2025-10-20 18:27:22 [TRACE] 【空洞监听】无匹配已持续：6秒
2025-10-20 18:27:23 [TRACE] 【目标检测】屏幕内没有目标
2025-10-20 18:27:24 [TRACE] 【目标检测】屏幕内没有目标
2025-10-20 18:27:27 [TRACE] 【目标检测】屏幕内没有目标
2025-10-20 18:27:28 [TRACE] 【空洞监听】无匹配已持续：12秒
2025-10-20 18:27:28 [TRACE] 【目标检测】屏幕内没有目标
2025-10-20 18:27:30 [TRACE] 【目标检测】屏幕内没有目标
2025-10-20 18:27:31 [TRACE] 【目标检测】屏幕内没有目标
2025-10-20 18:27:32 [TRACE] 【目标检测】屏幕内没有目标
2025-10-20 18:27:35 [TRACE] 【状态】战斗模式：正在受到攻击
2025-10-20 18:27:35 [TRACE] 【目标检测】屏幕内没有目标
2025-10-20 18:27:40 [TRACE] 【空洞监听】无匹配已持续：0秒
2025-10-20 18:27:47 [TRACE] 【状态】战斗模式：正在受到攻击
2025-10-20 18:27:51 [TRACE] 【状态】战斗模式：C:\Users\gelon\Desktop\ZA-Lite\assets/images/hollow\battle_5.png 置信度：0.9649659991264343
2025-10-20 18:27:59 [TRACE] 【空洞监听】无匹配已持续：0秒
2025-10-20 18:28:03 [TRACE] 【状态】战斗模式：C:\Users\gelon\Desktop\ZA-Lite\assets/images/hollow\battle_5.png 置信度：0.9781011939048767
2025-10-20 18:28:09 [TRACE] 【状态】战斗模式：C:\Users\gelon\Desktop\ZA-Lite\assets/images/hollow\battle_5.png 置信度：0.9543386101722717
2025-10-20 18:28:19 [TRACE] 【状态】战斗模式：正在受到攻击
2025-10-20 18:28:22 [TRACE] 【状态】战斗模式：C:\Users\gelon\Desktop\ZA-Lite\assets/images/hollow\battle_5.png 置信度：0.982111394405365
2025-10-20 18:28:28 [TRACE] 【状态】战斗模式：C:\Users\gelon\Desktop\ZA-Lite\assets/images/hollow\battle_5.png 置信度：0.9837924242019653
2025-10-20 18:28:31 [TRACE] 【状态】战斗模式：正在受到攻击
2025-10-20 18:28:37 [TRACE] 【空洞监听】无匹配已持续：0秒
2025-10-20 18:28:40 [TRACE] 【状态】战斗模式：C:\Users\gelon\Desktop\ZA-Lite\assets/images/hollow\battle_5.png 置信度：0.9964584708213806
2025-10-20 18:28:50 [TRACE] 【状态】战斗模式：正在受到攻击
2025-10-20 18:28:53 [TRACE] 【状态】战斗模式：C:\Users\gelon\Desktop\ZA-Lite\assets/images/hollow\battle_5.png 置信度：0.9868090152740479
2025-10-20 18:28:56 [TRACE] 【状态】战斗模式：正在受到攻击
2025-10-20 18:28:59 [TRACE] 【状态】战斗模式：C:\Users\gelon\Desktop\ZA-Lite\assets/images/hollow\battle_5.png 置信度：0.9711452722549438
2025-10-20 18:29:02 [TRACE] 【状态】战斗模式：正在受到攻击
2025-10-20 18:29:08 [TRACE] 【空洞监听】无匹配已持续：0秒
2025-10-20 18:29:14 [TRACE] 【空洞监听】无匹配已持续：5秒
2025-10-20 18:29:17 [TRACE] 【状态】战斗模式：C:\Users\gelon\Desktop\ZA-Lite\assets/images/hollow\battle_5.png 置信度：0.9926016926765442
2025-10-20 18:29:24 [TRACE] 【状态】战斗模式：C:\Users\gelon\Desktop\ZA-Lite\assets/images/hollow\battle_5.png 置信度：0.9968811273574829
2025-10-20 18:29:34 [TRACE] 【状态】搜索模式：C:\Users\gelon\Desktop\ZA-Lite\assets/images/hollow\gear.png 置信度：1.0
2025-10-20 18:29:35 [TRACE] 【目标检测】屏幕内没有目标
2025-10-20 18:29:36 [TRACE] 【目标检测】屏幕内没有目标
2025-10-20 18:29:37 [TRACE] 【目标检测】屏幕内没有目标
2025-10-20 18:29:38 [TRACE] 【目标检测】屏幕内没有目标
2025-10-20 18:29:39 [TRACE] 【状态】搜索模式：C:\Users\gelon\Desktop\ZA-Lite\assets/images/hollow\resonium.png 置信度：0.9999998807907104
2025-10-20 18:29:40 [TRACE] 【目标出现】C:\Users\gelon\Desktop\ZA-Lite\assets/images/hollow\resonium.png 置信度：1.0
2025-10-20 18:29:40 [TRACE] 【本轮的坐标】：(np.int64(1174), np.int64(461)) ------------
2025-10-20 18:29:40 [TRACE] 【已点击过的坐标】：[(-10, -10)]
2025-10-20 18:29:40 [TRACE] 【成功点击】
2025-10-20 18:29:40 [TRACE] 【本轮的坐标】：(np.int64(1581), np.int64(461)) ------------
2025-10-20 18:29:40 [TRACE] 【已点击过的坐标】：[(-10, -10), (np.int64(1174), np.int64(461))]
2025-10-20 18:29:40 [TRACE] 【成功点击】
2025-10-20 18:29:41 [TRACE] 【目标检测】屏幕内没有目标
2025-10-20 18:29:41 [TRACE] 【本轮的坐标】：(np.int64(1582), np.int64(461)) ------------
2025-10-20 18:29:41 [TRACE] 【已点击过的坐标】：[(-10, -10), (np.int64(1174), np.int64(461)), (np.int64(1581), np.int64(461))]
2025-10-20 18:29:41 [TRACE] 【坐标太近】视为重复
2025-10-20 18:29:41 [TRACE] 【没有通过的坐标】开始下一轮
2025-10-20 18:29:41 [TRACE] 【本轮的坐标】：(np.int64(1988), np.int64(461)) ------------
2025-10-20 18:29:41 [TRACE] 【已点击过的坐标】：[(-10, -10), (np.int64(1174), np.int64(461)), (np.int64(1581), np.int64(461))]
2025-10-20 18:29:41 [TRACE] 【成功点击】
2025-10-20 18:29:42 [TRACE] 【目标检测】屏幕内没有目标
2025-10-20 18:29:42 [TRACE] 【本轮的坐标】：(np.int64(1989), np.int64(461)) ------------
2025-10-20 18:29:42 [TRACE] 【已点击过的坐标】：[(-10, -10), (np.int64(1174), np.int64(461)), (np.int64(1581), np.int64(461)), (np.int64(1988), np.int64(461))]
2025-10-20 18:29:42 [TRACE] 【坐标太近】视为重复
2025-10-20 18:29:42 [TRACE] 【没有通过的坐标】开始下一轮
2025-10-20 18:29:42 [TRACE] 【本轮的坐标】：(np.int64(1173), np.int64(462)) ------------
2025-10-20 18:29:42 [TRACE] 【已点击过的坐标】：[(-10, -10), (np.int64(1174), np.int64(461)), (np.int64(1581), np.int64(461)), (np.int64(1988), np.int64(461))]
2025-10-20 18:29:42 [TRACE] 【坐标太近】视为重复
2025-10-20 18:29:42 [TRACE] 【没有通过的坐标】开始下一轮
2025-10-20 18:29:42 [TRACE] 【本轮的坐标】：(np.int64(1174), np.int64(462)) ------------
2025-10-20 18:29:42 [TRACE] 【已点击过的坐标】：[(-10, -10), (np.int64(1174), np.int64(461)), (np.int64(1581), np.int64(461)), (np.int64(1988), np.int64(461))]
2025-10-20 18:29:42 [TRACE] 【坐标太近】视为重复
2025-10-20 18:29:42 [TRACE] 【没有通过的坐标】开始下一轮
2025-10-20 18:29:42 [TRACE] 【本轮的坐标】：(np.int64(1175), np.int64(462)) ------------
2025-10-20 18:29:42 [TRACE] 【已点击过的坐标】：[(-10, -10), (np.int64(1174), np.int64(461)), (np.int64(1581), np.int64(461)), (np.int64(1988), np.int64(461))]
2025-10-20 18:29:42 [TRACE] 【坐标太近】视为重复
2025-10-20 18:29:42 [TRACE] 【没有通过的坐标】开始下一轮
2025-10-20 18:29:42 [TRACE] 【本轮的坐标】：(np.int64(1580), np.int64(462)) ------------
2025-10-20 18:29:42 [TRACE] 【已点击过的坐标】：[(-10, -10), (np.int64(1174), np.int64(461)), (np.int64(1581), np.int64(461)), (np.int64(1988), np.int64(461))]
2025-10-20 18:29:42 [TRACE] 【坐标太近】视为重复
2025-10-20 18:29:42 [TRACE] 【没有通过的坐标】开始下一轮
2025-10-20 18:29:42 [TRACE] 【本轮的坐标】：(np.int64(1581), np.int64(462)) ------------
2025-10-20 18:29:42 [TRACE] 【已点击过的坐标】：[(-10, -10), (np.int64(1174), np.int64(461)), (np.int64(1581), np.int64(461)), (np.int64(1988), np.int64(461))]
2025-10-20 18:29:42 [TRACE] 【坐标太近】视为重复
2025-10-20 18:29:42 [TRACE] 【没有通过的坐标】开始下一轮
2025-10-20 18:29:42 [TRACE] 【本轮的坐标】：(np.int64(1582), np.int64(462)) ------------
2025-10-20 18:29:42 [TRACE] 【已点击过的坐标】：[(-10, -10), (np.int64(1174), np.int64(461)), (np.int64(1581), np.int64(461)), (np.int64(1988), np.int64(461))]
2025-10-20 18:29:42 [TRACE] 【坐标太近】视为重复
2025-10-20 18:29:42 [TRACE] 【没有通过的坐标】开始下一轮
2025-10-20 18:29:42 [TRACE] 【本轮的坐标】：(np.int64(1987), np.int64(462)) ------------
2025-10-20 18:29:42 [TRACE] 【已点击过的坐标】：[(-10, -10), (np.int64(1174), np.int64(461)), (np.int64(1581), np.int64(461)), (np.int64(1988), np.int64(461))]
2025-10-20 18:29:42 [TRACE] 【坐标太近】视为重复
2025-10-20 18:29:42 [TRACE] 【没有通过的坐标】开始下一轮
2025-10-20 18:29:42 [TRACE] 【本轮的坐标】：(np.int64(1988), np.int64(462)) ------------
2025-10-20 18:29:42 [TRACE] 【已点击过的坐标】：[(-10, -10), (np.int64(1174), np.int64(461)), (np.int64(1581), np.int64(461)), (np.int64(1988), np.int64(461))]
2025-10-20 18:29:42 [TRACE] 【坐标太近】视为重复
2025-10-20 18:29:42 [TRACE] 【没有通过的坐标】开始下一轮
2025-10-20 18:29:42 [TRACE] 【本轮的坐标】：(np.int64(1989), np.int64(462)) ------------
2025-10-20 18:29:42 [TRACE] 【已点击过的坐标】：[(-10, -10), (np.int64(1174), np.int64(461)), (np.int64(1581), np.int64(461)), (np.int64(1988), np.int64(461))]
2025-10-20 18:29:42 [TRACE] 【坐标太近】视为重复
2025-10-20 18:29:42 [TRACE] 【没有通过的坐标】开始下一轮
2025-10-20 18:29:42 [TRACE] 【本轮的坐标】：(np.int64(1990), np.int64(462)) ------------
2025-10-20 18:29:42 [TRACE] 【已点击过的坐标】：[(-10, -10), (np.int64(1174), np.int64(461)), (np.int64(1581), np.int64(461)), (np.int64(1988), np.int64(461))]
2025-10-20 18:29:42 [TRACE] 【坐标太近】视为重复
2025-10-20 18:29:42 [TRACE] 【没有通过的坐标】开始下一轮
2025-10-20 18:29:42 [TRACE] 【本轮的坐标】：(np.int64(1174), np.int64(463)) ------------
2025-10-20 18:29:42 [TRACE] 【已点击过的坐标】：[(-10, -10), (np.int64(1174), np.int64(461)), (np.int64(1581), np.int64(461)), (np.int64(1988), np.int64(461))]
2025-10-20 18:29:42 [TRACE] 【坐标太近】视为重复
2025-10-20 18:29:42 [TRACE] 【没有通过的坐标】开始下一轮
2025-10-20 18:29:42 [TRACE] 【本轮的坐标】：(np.int64(1581), np.int64(463)) ------------
2025-10-20 18:29:42 [TRACE] 【已点击过的坐标】：[(-10, -10), (np.int64(1174), np.int64(461)), (np.int64(1581), np.int64(461)), (np.int64(1988), np.int64(461))]
2025-10-20 18:29:42 [TRACE] 【坐标太近】视为重复
2025-10-20 18:29:42 [TRACE] 【没有通过的坐标】开始下一轮
2025-10-20 18:29:42 [TRACE] 【本轮的坐标】：(np.int64(1988), np.int64(463)) ------------
2025-10-20 18:29:42 [TRACE] 【已点击过的坐标】：[(-10, -10), (np.int64(1174), np.int64(461)), (np.int64(1581), np.int64(461)), (np.int64(1988), np.int64(461))]
2025-10-20 18:29:42 [TRACE] 【坐标太近】视为重复
2025-10-20 18:29:42 [TRACE] 【没有通过的坐标】开始下一轮
2025-10-20 18:29:42 [TRACE] 【完成所有点击】有效次数：3
2025-10-20 18:29:43 [TRACE] 【目标检测】目标存在，但置信度不足
2025-10-20 18:29:44 [TRACE] 【目标检测】屏幕内没有目标
2025-10-20 18:29:45 [TRACE] 【目标检测】屏幕内没有目标
2025-10-20 18:29:46 [TRACE] 【目标检测】屏幕内没有目标
2025-10-20 18:29:49 [TRACE] 【目标检测】屏幕内没有目标
2025-10-20 18:29:51 [TRACE] 【目标检测】目标存在，但置信度不足
2025-10-20 18:29:52 [TRACE] 【目标检测】屏幕内没有目标
2025-10-20 18:29:54 [TRACE] 【空洞监听】无匹配已持续：0秒
2025-10-20 18:29:55 [TRACE] 【目标检测】屏幕内没有目标
2025-10-20 18:29:56 [TRACE] 【状态】搜索模式：C:\Users\gelon\Desktop\ZA-Lite\assets/images/hollow\battle_end_boss.png 置信度：0.9999361634254456
2025-10-20 18:29:56 [TRACE] 【目标检测】屏幕内没有目标
2025-10-20 18:29:58 [TRACE] 【目标检测】屏幕内没有目标
2025-10-20 18:30:01 [TRACE] 【目标检测】屏幕内没有目标
2025-10-20 18:30:02 [TRACE] 【目标检测】屏幕内没有目标
2025-10-20 18:30:04 [TRACE] 【目标检测】屏幕内没有目标
2025-10-20 18:30:05 [TRACE] 【目标检测】屏幕内没有目标
2025-10-20 18:30:07 [TRACE] 【目标检测】TRAPPED！ 类型：interact 置信度：0.9180055260658264
2025-10-20 18:30:07 [TRACE] 【空洞监听】无匹配已持续：0秒
2025-10-20 18:30:14 [TRACE] 【目标检测】屏幕内没有目标
2025-10-20 18:30:15 [TRACE] 【目标检测】屏幕内没有目标
2025-10-20 18:30:16 [TRACE] 【目标检测】屏幕内没有目标
2025-10-20 18:30:18 [TRACE] 【目标检测】TRAPPED！ 类型：interact 置信度：0.9220660924911499
2025-10-20 18:30:22 [TRACE] 【目标检测】TRAPPED！ 类型：interact 置信度：0.8997475504875183
2025-10-20 18:30:26 [TRACE] 【空洞监听】无匹配已持续：0秒
2025-10-20 18:30:28 [TRACE] 【目标检测】屏幕内没有目标
2025-10-20 18:30:30 [TRACE] 【目标检测】屏幕内没有目标
2025-10-20 18:30:31 [TRACE] 【目标检测】屏幕内没有目标
2025-10-20 18:30:32 [TRACE] 【目标检测】屏幕内没有目标
2025-10-20 18:30:34 [TRACE] 【目标检测】屏幕内没有目标
2025-10-20 18:30:36 [TRACE] 【目标检测】屏幕内没有目标
2025-10-20 18:30:37 [TRACE] 【目标检测】屏幕内没有目标
2025-10-20 18:30:39 [TRACE] 【目标检测】屏幕内没有目标
2025-10-20 18:30:40 [TRACE] 【目标检测】屏幕内没有目标
2025-10-20 18:30:41 [TRACE] 【目标检测】屏幕内没有目标
2025-10-20 18:30:44 [TRACE] 【目标检测】屏幕内没有目标
2025-10-20 18:30:48 [TRACE] 【目标检测】TRAPPED！ 类型：interact 置信度：0.8956989645957947
2025-10-20 18:30:52 [TRACE] 【空洞监听】无匹配已持续：0秒
2025-10-20 18:30:53 [TRACE] 【状态】搜索模式：C:\Users\gelon\Desktop\ZA-Lite\assets/images/hollow\gear.png 置信度：0.999715268611908
2025-10-20 18:30:55 [TRACE] 【目标检测】屏幕内没有目标
2025-10-20 18:30:56 [TRACE] 【目标检测】屏幕内没有目标
2025-10-20 18:30:57 [TRACE] 【目标检测】屏幕内没有目标
2025-10-20 18:30:58 [TRACE] 【目标检测】屏幕内没有目标
2025-10-20 18:30:59 [TRACE] 【状态】搜索模式：C:\Users\gelon\Desktop\ZA-Lite\assets/images/hollow\next_area.png 置信度：0.9999986886978149
2025-10-20 18:31:01 [TRACE] 【目标检测】TRAPPED！ 类型：blue_portal 置信度：0.9402405619621277
2025-10-20 18:31:08 [TRACE] 【目标检测】屏幕内没有目标
2025-10-20 18:31:09 [TRACE] 【目标检测】屏幕内没有目标
2025-10-20 18:31:10 [TRACE] 【目标检测】屏幕内没有目标
2025-10-20 18:31:11 [TRACE] 【空洞监听】无匹配已持续：0秒
2025-10-20 18:31:12 [TRACE] 【目标检测】屏幕内没有目标
2025-10-20 18:31:13 [TRACE] 【目标检测】屏幕内没有目标
2025-10-20 18:31:14 [TRACE] 【状态】战斗模式：C:\Users\gelon\Desktop\ZA-Lite\assets/images/hollow\battle_2.png 置信度：0.9999999403953552
2025-10-20 18:31:14 [TRACE] 【状态】战斗模式：C:\Users\gelon\Desktop\ZA-Lite\assets/images/hollow\battle_3.png 置信度：1.0
2025-10-20 18:31:24 [TRACE] 【状态】战斗模式：正在受到攻击
2025-10-20 18:31:30 [TRACE] 【空洞监听】无匹配已持续：0秒
2025-10-20 18:31:36 [TRACE] 【空洞监听】无匹配已持续：6秒
2025-10-20 18:31:42 [TRACE] 【状态】战斗模式：正在受到攻击
2025-10-20 18:31:49 [TRACE] 【状态】搜索模式：C:\Users\gelon\Desktop\ZA-Lite\assets/images/hollow\next_area.png 置信度：0.9999986886978149
2025-10-20 18:31:52 [TRACE] 【状态】搜索模式：C:\Users\gelon\Desktop\ZA-Lite\assets/images/hollow\meter.png 置信度：0.9006587266921997
2025-10-20 18:31:53 [TRACE] 【目标检测】TRAPPED！ 类型：blue_portal 置信度：0.7882609367370605
2025-10-20 18:32:01 [TRACE] 【空洞监听】无匹配已持续：0秒
2025-10-20 18:32:01 [TRACE] 【目标检测】屏幕内没有目标
2025-10-20 18:32:02 [TRACE] 【目标检测】屏幕内没有目标
2025-10-20 18:32:07 [TRACE] 【目标检测】TRAPPED！ 类型：interact 置信度：0.9397706389427185
2025-10-20 18:32:07 [TRACE] 【空洞监听】无匹配已持续：6秒
2025-10-20 18:32:13 [TRACE] 【目标检测】屏幕内没有目标
2025-10-20 18:32:15 [TRACE] 【目标检测】屏幕内没有目标
2025-10-20 18:32:16 [TRACE] 【目标检测】屏幕内没有目标
2025-10-20 18:32:17 [TRACE] 【目标检测】屏幕内没有目标
2025-10-20 18:32:19 [TRACE] 【目标检测】屏幕内没有目标
2025-10-20 18:32:21 [TRACE] 【目标检测】屏幕内没有目标
2025-10-20 18:32:23 [TRACE] 【目标检测】屏幕内没有目标
2025-10-20 18:32:24 [TRACE] 【目标检测】屏幕内没有目标
2025-10-20 18:32:25 [TRACE] 【目标检测】目标存在，但置信度不足
2025-10-20 18:32:27 [TRACE] 【目标检测】目标存在，但置信度不足
2025-10-20 18:32:28 [TRACE] 【目标检测】目标存在，但置信度不足
2025-10-20 18:32:29 [TRACE] 【状态】搜索模式：C:\Users\gelon\Desktop\ZA-Lite\assets/images/hollow\card.png 置信度：1.0
2025-10-20 18:32:29 [TRACE] 【目标检测】屏幕内没有目标
2025-10-20 18:32:31 [TRACE] 【目标检测】屏幕内没有目标
2025-10-20 18:32:33 [TRACE] 【目标检测】屏幕内没有目标
2025-10-20 18:32:35 [TRACE] 【目标检测】屏幕内没有目标
2025-10-20 18:32:39 [TRACE] 【状态】搜索模式：C:\Users\gelon\Desktop\ZA-Lite\assets/images/hollow\meter.png 置信度：0.9905660152435303
2025-10-20 18:32:41 [TRACE] 【目标检测】TRAPPED！ 类型：blue_portal 置信度：0.7398861050605774
2025-10-20 18:32:48 [TRACE] 【目标检测】目标存在，但置信度不足
2025-10-20 18:32:48 [TRACE] 【空洞监听】无匹配已持续：0秒
2025-10-20 18:32:49 [TRACE] 【目标检测】屏幕内没有目标
2025-10-20 18:32:51 [TRACE] 【目标检测】屏幕内没有目标
2025-10-20 18:32:52 [TRACE] 【目标检测】屏幕内没有目标
2025-10-20 18:32:53 [TRACE] 【目标检测】屏幕内没有目标
2025-10-20 18:32:54 [TRACE] 【目标检测】屏幕内没有目标
2025-10-20 18:32:57 [TRACE] 【目标检测】屏幕内没有目标
2025-10-20 18:32:58 [TRACE] 【状态】战斗模式：C:\Users\gelon\Desktop\ZA-Lite\assets/images/hollow\battle_4.png 置信度：0.9999998807907104
2025-10-20 18:32:59 [TRACE] 【目标检测】屏幕内没有目标
2025-10-20 18:33:08 [TRACE] 【空洞监听】无匹配已持续：0秒
2025-10-20 18:33:14 [TRACE] 【空洞监听】无匹配已持续：6秒
2025-10-20 18:33:17 [TRACE] 【状态】战斗模式：C:\Users\gelon\Desktop\ZA-Lite\assets/images/hollow\battle_3.png 置信度：0.9999999403953552
2025-10-20 18:33:25 [TRACE] 【状态】战斗模式：C:\Users\gelon\Desktop\ZA-Lite\assets/images/hollow\battle_5.png 置信度：0.9843175411224365
2025-10-20 18:33:35 [TRACE] 【状态】搜索模式：C:\Users\gelon\Desktop\ZA-Lite\assets/images/hollow\gear.png 置信度：1.0
2025-10-20 18:33:36 [TRACE] 【目标检测】屏幕内没有目标
2025-10-20 18:33:37 [TRACE] 【目标检测】屏幕内没有目标
2025-10-20 18:33:38 [TRACE] 【目标检测】屏幕内没有目标
2025-10-20 18:33:46 [TRACE] 【目标检测】TRAPPED！ 类型：guide_point 置信度：0.8729417324066162
2025-10-20 18:33:47 [TRACE] 【空洞监听】无匹配已持续：0秒
2025-10-20 18:33:53 [TRACE] 【目标检测】屏幕内没有目标
2025-10-20 18:33:54 [TRACE] 【空洞监听】无匹配已持续：6秒
2025-10-20 18:33:54 [TRACE] 【目标检测】屏幕内没有目标
2025-10-20 18:33:56 [TRACE] 【目标检测】屏幕内没有目标
2025-10-20 18:33:57 [TRACE] 【状态】战斗模式：C:\Users\gelon\Desktop\ZA-Lite\assets/images/hollow\battle_3.png 置信度：0.9999999403953552
2025-10-20 18:33:57 [TRACE] 【目标检测】屏幕内没有目标
2025-10-20 18:34:00 [TRACE] 【状态】战斗模式：正在受到攻击
2025-10-20 18:34:07 [TRACE] 【状态】战斗模式：正在受到攻击
2025-10-20 18:34:11 [TRACE] 【状态】战斗模式：C:\Users\gelon\Desktop\ZA-Lite\assets/images/hollow\battle_5.png 置信度：0.9470586776733398
2025-10-20 18:34:17 [TRACE] 【状态】战斗模式：C:\Users\gelon\Desktop\ZA-Lite\assets/images/hollow\battle_5.png 置信度：0.9822174906730652
2025-10-20 18:34:20 [TRACE] 【状态】战斗模式：正在受到攻击
2025-10-20 18:34:26 [TRACE] 【空洞监听】无匹配已持续：0秒
2025-10-20 18:34:27 [TRACE] 【状态】搜索模式：C:\Users\gelon\Desktop\ZA-Lite\assets/images/hollow\resonium.png 置信度：0.9821280241012573
2025-10-20 18:34:27 [TRACE] 【目标出现】C:\Users\gelon\Desktop\ZA-Lite\assets/images/hollow\resonium.png 置信度：1.0
2025-10-20 18:34:27 [TRACE] 【本轮的坐标】：(np.int64(1174), np.int64(461)) ------------
2025-10-20 18:34:27 [TRACE] 【已点击过的坐标】：[(-10, -10)]
2025-10-20 18:34:27 [TRACE] 【成功点击】
2025-10-20 18:34:27 [TRACE] 【目标检测】目标存在，但置信度不足
2025-10-20 18:34:28 [TRACE] 【本轮的坐标】：(np.int64(1581), np.int64(461)) ------------
2025-10-20 18:34:28 [TRACE] 【已点击过的坐标】：[(-10, -10), (np.int64(1174), np.int64(461))]
2025-10-20 18:34:28 [TRACE] 【成功点击】
2025-10-20 18:34:28 [TRACE] 【目标检测】目标存在，但置信度不足
2025-10-20 18:34:28 [TRACE] 【本轮的坐标】：(np.int64(1582), np.int64(461)) ------------
2025-10-20 18:34:28 [TRACE] 【已点击过的坐标】：[(-10, -10), (np.int64(1174), np.int64(461)), (np.int64(1581), np.int64(461))]
2025-10-20 18:34:28 [TRACE] 【坐标太近】视为重复
2025-10-20 18:34:28 [TRACE] 【没有通过的坐标】开始下一轮
2025-10-20 18:34:28 [TRACE] 【本轮的坐标】：(np.int64(1988), np.int64(461)) ------------
2025-10-20 18:34:28 [TRACE] 【已点击过的坐标】：[(-10, -10), (np.int64(1174), np.int64(461)), (np.int64(1581), np.int64(461))]
2025-10-20 18:34:28 [TRACE] 【成功点击】
2025-10-20 18:34:29 [TRACE] 【本轮的坐标】：(np.int64(1989), np.int64(461)) ------------
2025-10-20 18:34:29 [TRACE] 【已点击过的坐标】：[(-10, -10), (np.int64(1174), np.int64(461)), (np.int64(1581), np.int64(461)), (np.int64(1988), np.int64(461))]
2025-10-20 18:34:29 [TRACE] 【坐标太近】视为重复
2025-10-20 18:34:29 [TRACE] 【没有通过的坐标】开始下一轮
2025-10-20 18:34:29 [TRACE] 【本轮的坐标】：(np.int64(1173), np.int64(462)) ------------
2025-10-20 18:34:29 [TRACE] 【已点击过的坐标】：[(-10, -10), (np.int64(1174), np.int64(461)), (np.int64(1581), np.int64(461)), (np.int64(1988), np.int64(461))]
2025-10-20 18:34:29 [TRACE] 【坐标太近】视为重复
2025-10-20 18:34:29 [TRACE] 【没有通过的坐标】开始下一轮
2025-10-20 18:34:29 [TRACE] 【本轮的坐标】：(np.int64(1174), np.int64(462)) ------------
2025-10-20 18:34:29 [TRACE] 【已点击过的坐标】：[(-10, -10), (np.int64(1174), np.int64(461)), (np.int64(1581), np.int64(461)), (np.int64(1988), np.int64(461))]
2025-10-20 18:34:29 [TRACE] 【坐标太近】视为重复
2025-10-20 18:34:29 [TRACE] 【没有通过的坐标】开始下一轮
2025-10-20 18:34:29 [TRACE] 【本轮的坐标】：(np.int64(1175), np.int64(462)) ------------
2025-10-20 18:34:29 [TRACE] 【已点击过的坐标】：[(-10, -10), (np.int64(1174), np.int64(461)), (np.int64(1581), np.int64(461)), (np.int64(1988), np.int64(461))]
2025-10-20 18:34:29 [TRACE] 【坐标太近】视为重复
2025-10-20 18:34:29 [TRACE] 【没有通过的坐标】开始下一轮
2025-10-20 18:34:29 [TRACE] 【本轮的坐标】：(np.int64(1580), np.int64(462)) ------------
2025-10-20 18:34:29 [TRACE] 【已点击过的坐标】：[(-10, -10), (np.int64(1174), np.int64(461)), (np.int64(1581), np.int64(461)), (np.int64(1988), np.int64(461))]
2025-10-20 18:34:29 [TRACE] 【坐标太近】视为重复
2025-10-20 18:34:29 [TRACE] 【没有通过的坐标】开始下一轮
2025-10-20 18:34:29 [TRACE] 【本轮的坐标】：(np.int64(1581), np.int64(462)) ------------
2025-10-20 18:34:29 [TRACE] 【已点击过的坐标】：[(-10, -10), (np.int64(1174), np.int64(461)), (np.int64(1581), np.int64(461)), (np.int64(1988), np.int64(461))]
2025-10-20 18:34:29 [TRACE] 【坐标太近】视为重复
2025-10-20 18:34:29 [TRACE] 【没有通过的坐标】开始下一轮
2025-10-20 18:34:29 [TRACE] 【本轮的坐标】：(np.int64(1582), np.int64(462)) ------------
2025-10-20 18:34:29 [TRACE] 【已点击过的坐标】：[(-10, -10), (np.int64(1174), np.int64(461)), (np.int64(1581), np.int64(461)), (np.int64(1988), np.int64(461))]
2025-10-20 18:34:29 [TRACE] 【坐标太近】视为重复
2025-10-20 18:34:29 [TRACE] 【没有通过的坐标】开始下一轮
2025-10-20 18:34:29 [TRACE] 【本轮的坐标】：(np.int64(1987), np.int64(462)) ------------
2025-10-20 18:34:29 [TRACE] 【已点击过的坐标】：[(-10, -10), (np.int64(1174), np.int64(461)), (np.int64(1581), np.int64(461)), (np.int64(1988), np.int64(461))]
2025-10-20 18:34:29 [TRACE] 【坐标太近】视为重复
2025-10-20 18:34:29 [TRACE] 【没有通过的坐标】开始下一轮
2025-10-20 18:34:29 [TRACE] 【本轮的坐标】：(np.int64(1988), np.int64(462)) ------------
2025-10-20 18:34:29 [TRACE] 【已点击过的坐标】：[(-10, -10), (np.int64(1174), np.int64(461)), (np.int64(1581), np.int64(461)), (np.int64(1988), np.int64(461))]
2025-10-20 18:34:29 [TRACE] 【坐标太近】视为重复
2025-10-20 18:34:29 [TRACE] 【没有通过的坐标】开始下一轮
2025-10-20 18:34:29 [TRACE] 【本轮的坐标】：(np.int64(1989), np.int64(462)) ------------
2025-10-20 18:34:29 [TRACE] 【已点击过的坐标】：[(-10, -10), (np.int64(1174), np.int64(461)), (np.int64(1581), np.int64(461)), (np.int64(1988), np.int64(461))]
2025-10-20 18:34:29 [TRACE] 【坐标太近】视为重复
2025-10-20 18:34:29 [TRACE] 【没有通过的坐标】开始下一轮
2025-10-20 18:34:29 [TRACE] 【本轮的坐标】：(np.int64(1990), np.int64(462)) ------------
2025-10-20 18:34:29 [TRACE] 【已点击过的坐标】：[(-10, -10), (np.int64(1174), np.int64(461)), (np.int64(1581), np.int64(461)), (np.int64(1988), np.int64(461))]
2025-10-20 18:34:29 [TRACE] 【坐标太近】视为重复
2025-10-20 18:34:29 [TRACE] 【没有通过的坐标】开始下一轮
2025-10-20 18:34:29 [TRACE] 【本轮的坐标】：(np.int64(1174), np.int64(463)) ------------
2025-10-20 18:34:29 [TRACE] 【已点击过的坐标】：[(-10, -10), (np.int64(1174), np.int64(461)), (np.int64(1581), np.int64(461)), (np.int64(1988), np.int64(461))]
2025-10-20 18:34:29 [TRACE] 【坐标太近】视为重复
2025-10-20 18:34:29 [TRACE] 【没有通过的坐标】开始下一轮
2025-10-20 18:34:29 [TRACE] 【本轮的坐标】：(np.int64(1581), np.int64(463)) ------------
2025-10-20 18:34:29 [TRACE] 【已点击过的坐标】：[(-10, -10), (np.int64(1174), np.int64(461)), (np.int64(1581), np.int64(461)), (np.int64(1988), np.int64(461))]
2025-10-20 18:34:29 [TRACE] 【坐标太近】视为重复
2025-10-20 18:34:29 [TRACE] 【没有通过的坐标】开始下一轮
2025-10-20 18:34:29 [TRACE] 【本轮的坐标】：(np.int64(1988), np.int64(463)) ------------
2025-10-20 18:34:29 [TRACE] 【已点击过的坐标】：[(-10, -10), (np.int64(1174), np.int64(461)), (np.int64(1581), np.int64(461)), (np.int64(1988), np.int64(461))]
2025-10-20 18:34:29 [TRACE] 【坐标太近】视为重复
2025-10-20 18:34:29 [TRACE] 【没有通过的坐标】开始下一轮
2025-10-20 18:34:29 [TRACE] 【完成所有点击】有效次数：3
2025-10-20 18:34:29 [TRACE] 【目标检测】目标存在，但置信度不足
2025-10-20 18:34:31 [TRACE] 【目标检测】目标存在，但置信度不足
2025-10-20 18:34:32 [TRACE] 【目标检测】目标存在，但置信度不足
2025-10-20 18:34:33 [TRACE] 【目标检测】目标存在，但置信度不足
2025-10-20 18:34:34 [TRACE] 【目标检测】目标存在，但置信度不足
2025-10-20 18:34:36 [TRACE] 【目标检测】屏幕内没有目标
2025-10-20 18:34:39 [TRACE] 【目标检测】屏幕内没有目标
2025-10-20 18:34:40 [TRACE] 【目标检测】屏幕内没有目标
2025-10-20 18:34:41 [TRACE] 【目标检测】屏幕内没有目标
2025-10-20 18:34:42 [TRACE] 【目标检测】屏幕内没有目标
2025-10-20 18:34:43 [TRACE] 【状态】搜索模式：C:\Users\gelon\Desktop\ZA-Lite\assets/images/hollow\next_area.png 置信度：0.9999986886978149
2025-10-20 18:34:44 [TRACE] 【目标检测】屏幕内没有目标
2025-10-20 18:34:47 [TRACE] 【目标检测】屏幕内没有目标
2025-10-20 18:34:48 [TRACE] 【目标检测】屏幕内没有目标
2025-10-20 18:34:55 [TRACE] 【空洞监听】无匹配已持续：0秒
2025-10-20 18:34:56 [TRACE] 【目标检测】TRAPPED！ 类型：blue_portal 置信度：0.9395766258239746
2025-10-20 18:35:01 [TRACE] 【空洞监听】无匹配已持续：5秒
2025-10-20 18:35:03 [TRACE] 【目标检测】屏幕内没有目标
2025-10-20 18:35:05 [TRACE] 【目标检测】屏幕内没有目标
2025-10-20 18:35:06 [TRACE] 【目标检测】屏幕内没有目标
2025-10-20 18:35:08 [TRACE] 【目标检测】屏幕内没有目标
2025-10-20 18:35:08 [TRACE] 【空洞监听】无匹配已持续：12秒
2025-10-20 18:35:09 [TRACE] 【目标检测】屏幕内没有目标
2025-10-20 18:35:12 [TRACE] 【目标检测】屏幕内没有目标
2025-10-20 18:35:14 [TRACE] 【空洞监听】无匹配已持续：19秒
2025-10-20 18:35:18 [TRACE] 【目标检测】TRAPPED！ 类型：interact 置信度：0.940355122089386
2025-10-20 18:35:21 [TRACE] 【空洞监听】无匹配已持续：25秒
2025-10-20 18:35:21 [TRACE] 【状态】搜索模式：C:\Users\gelon\Desktop\ZA-Lite\assets/images/hollow\resonium.png 置信度：0.9999998807907104
2025-10-20 18:35:21 [TRACE] 【目标出现】C:\Users\gelon\Desktop\ZA-Lite\assets/images/hollow\resonium.png 置信度：0.9999998807907104
2025-10-20 18:35:22 [TRACE] 【本轮的坐标】：(np.int64(1174), np.int64(461)) ------------
2025-10-20 18:35:22 [TRACE] 【已点击过的坐标】：[(-10, -10)]
2025-10-20 18:35:22 [TRACE] 【成功点击】
2025-10-20 18:35:22 [TRACE] 【本轮的坐标】：(np.int64(1581), np.int64(461)) ------------
2025-10-20 18:35:22 [TRACE] 【已点击过的坐标】：[(-10, -10), (np.int64(1174), np.int64(461))]
2025-10-20 18:35:22 [TRACE] 【成功点击】
2025-10-20 18:35:23 [TRACE] 【本轮的坐标】：(np.int64(1582), np.int64(461)) ------------
2025-10-20 18:35:23 [TRACE] 【已点击过的坐标】：[(-10, -10), (np.int64(1174), np.int64(461)), (np.int64(1581), np.int64(461))]
2025-10-20 18:35:23 [TRACE] 【坐标太近】视为重复
2025-10-20 18:35:23 [TRACE] 【没有通过的坐标】开始下一轮
2025-10-20 18:35:23 [TRACE] 【本轮的坐标】：(np.int64(1988), np.int64(461)) ------------
2025-10-20 18:35:23 [TRACE] 【已点击过的坐标】：[(-10, -10), (np.int64(1174), np.int64(461)), (np.int64(1581), np.int64(461))]
2025-10-20 18:35:23 [TRACE] 【成功点击】
2025-10-20 18:35:24 [TRACE] 【本轮的坐标】：(np.int64(1989), np.int64(461)) ------------
2025-10-20 18:35:24 [TRACE] 【已点击过的坐标】：[(-10, -10), (np.int64(1174), np.int64(461)), (np.int64(1581), np.int64(461)), (np.int64(1988), np.int64(461))]
2025-10-20 18:35:24 [TRACE] 【坐标太近】视为重复
2025-10-20 18:35:24 [TRACE] 【没有通过的坐标】开始下一轮
2025-10-20 18:35:24 [TRACE] 【本轮的坐标】：(np.int64(1173), np.int64(462)) ------------
2025-10-20 18:35:24 [TRACE] 【已点击过的坐标】：[(-10, -10), (np.int64(1174), np.int64(461)), (np.int64(1581), np.int64(461)), (np.int64(1988), np.int64(461))]
2025-10-20 18:35:24 [TRACE] 【坐标太近】视为重复
2025-10-20 18:35:24 [TRACE] 【没有通过的坐标】开始下一轮
2025-10-20 18:35:24 [TRACE] 【本轮的坐标】：(np.int64(1174), np.int64(462)) ------------
2025-10-20 18:35:24 [TRACE] 【已点击过的坐标】：[(-10, -10), (np.int64(1174), np.int64(461)), (np.int64(1581), np.int64(461)), (np.int64(1988), np.int64(461))]
2025-10-20 18:35:24 [TRACE] 【坐标太近】视为重复
2025-10-20 18:35:24 [TRACE] 【没有通过的坐标】开始下一轮
2025-10-20 18:35:24 [TRACE] 【本轮的坐标】：(np.int64(1175), np.int64(462)) ------------
2025-10-20 18:35:24 [TRACE] 【已点击过的坐标】：[(-10, -10), (np.int64(1174), np.int64(461)), (np.int64(1581), np.int64(461)), (np.int64(1988), np.int64(461))]
2025-10-20 18:35:24 [TRACE] 【坐标太近】视为重复
2025-10-20 18:35:24 [TRACE] 【没有通过的坐标】开始下一轮
2025-10-20 18:35:24 [TRACE] 【本轮的坐标】：(np.int64(1580), np.int64(462)) ------------
2025-10-20 18:35:24 [TRACE] 【已点击过的坐标】：[(-10, -10), (np.int64(1174), np.int64(461)), (np.int64(1581), np.int64(461)), (np.int64(1988), np.int64(461))]
2025-10-20 18:35:24 [TRACE] 【坐标太近】视为重复
2025-10-20 18:35:24 [TRACE] 【没有通过的坐标】开始下一轮
2025-10-20 18:35:24 [TRACE] 【本轮的坐标】：(np.int64(1581), np.int64(462)) ------------
2025-10-20 18:35:24 [TRACE] 【已点击过的坐标】：[(-10, -10), (np.int64(1174), np.int64(461)), (np.int64(1581), np.int64(461)), (np.int64(1988), np.int64(461))]
2025-10-20 18:35:24 [TRACE] 【坐标太近】视为重复
2025-10-20 18:35:24 [TRACE] 【没有通过的坐标】开始下一轮
2025-10-20 18:35:24 [TRACE] 【本轮的坐标】：(np.int64(1582), np.int64(462)) ------------
2025-10-20 18:35:24 [TRACE] 【已点击过的坐标】：[(-10, -10), (np.int64(1174), np.int64(461)), (np.int64(1581), np.int64(461)), (np.int64(1988), np.int64(461))]
2025-10-20 18:35:24 [TRACE] 【坐标太近】视为重复
2025-10-20 18:35:24 [TRACE] 【没有通过的坐标】开始下一轮
2025-10-20 18:35:24 [TRACE] 【本轮的坐标】：(np.int64(1987), np.int64(462)) ------------
2025-10-20 18:35:24 [TRACE] 【已点击过的坐标】：[(-10, -10), (np.int64(1174), np.int64(461)), (np.int64(1581), np.int64(461)), (np.int64(1988), np.int64(461))]
2025-10-20 18:35:24 [TRACE] 【坐标太近】视为重复
2025-10-20 18:35:24 [TRACE] 【没有通过的坐标】开始下一轮
2025-10-20 18:35:24 [TRACE] 【本轮的坐标】：(np.int64(1988), np.int64(462)) ------------
2025-10-20 18:35:24 [TRACE] 【已点击过的坐标】：[(-10, -10), (np.int64(1174), np.int64(461)), (np.int64(1581), np.int64(461)), (np.int64(1988), np.int64(461))]
2025-10-20 18:35:24 [TRACE] 【坐标太近】视为重复
2025-10-20 18:35:24 [TRACE] 【没有通过的坐标】开始下一轮
2025-10-20 18:35:24 [TRACE] 【本轮的坐标】：(np.int64(1989), np.int64(462)) ------------
2025-10-20 18:35:24 [TRACE] 【已点击过的坐标】：[(-10, -10), (np.int64(1174), np.int64(461)), (np.int64(1581), np.int64(461)), (np.int64(1988), np.int64(461))]
2025-10-20 18:35:24 [TRACE] 【坐标太近】视为重复
2025-10-20 18:35:24 [TRACE] 【没有通过的坐标】开始下一轮
2025-10-20 18:35:24 [TRACE] 【本轮的坐标】：(np.int64(1990), np.int64(462)) ------------
2025-10-20 18:35:24 [TRACE] 【已点击过的坐标】：[(-10, -10), (np.int64(1174), np.int64(461)), (np.int64(1581), np.int64(461)), (np.int64(1988), np.int64(461))]
2025-10-20 18:35:24 [TRACE] 【坐标太近】视为重复
2025-10-20 18:35:24 [TRACE] 【没有通过的坐标】开始下一轮
2025-10-20 18:35:24 [TRACE] 【本轮的坐标】：(np.int64(1174), np.int64(463)) ------------
2025-10-20 18:35:24 [TRACE] 【已点击过的坐标】：[(-10, -10), (np.int64(1174), np.int64(461)), (np.int64(1581), np.int64(461)), (np.int64(1988), np.int64(461))]
2025-10-20 18:35:24 [TRACE] 【坐标太近】视为重复
2025-10-20 18:35:24 [TRACE] 【没有通过的坐标】开始下一轮
2025-10-20 18:35:24 [TRACE] 【本轮的坐标】：(np.int64(1581), np.int64(463)) ------------
2025-10-20 18:35:24 [TRACE] 【已点击过的坐标】：[(-10, -10), (np.int64(1174), np.int64(461)), (np.int64(1581), np.int64(461)), (np.int64(1988), np.int64(461))]
2025-10-20 18:35:24 [TRACE] 【坐标太近】视为重复
2025-10-20 18:35:24 [TRACE] 【没有通过的坐标】开始下一轮
2025-10-20 18:35:24 [TRACE] 【本轮的坐标】：(np.int64(1988), np.int64(463)) ------------
2025-10-20 18:35:24 [TRACE] 【已点击过的坐标】：[(-10, -10), (np.int64(1174), np.int64(461)), (np.int64(1581), np.int64(461)), (np.int64(1988), np.int64(461))]
2025-10-20 18:35:24 [TRACE] 【坐标太近】视为重复
2025-10-20 18:35:24 [TRACE] 【没有通过的坐标】开始下一轮
2025-10-20 18:35:24 [TRACE] 【完成所有点击】有效次数：3
2025-10-20 18:35:25 [TRACE] 【目标检测】屏幕内没有目标
2025-10-20 18:35:26 [TRACE] 【目标检测】屏幕内没有目标
2025-10-20 18:35:28 [TRACE] 【目标检测】屏幕内没有目标
2025-10-20 18:35:29 [TRACE] 【目标检测】屏幕内没有目标
2025-10-20 18:35:34 [TRACE] 【状态】搜索模式：C:\Users\gelon\Desktop\ZA-Lite\assets/images/hollow\meter.png 置信度：0.9265576004981995
2025-10-20 18:35:37 [TRACE] 【目标检测】微调超时，无法对齐！
2025-10-20 18:35:43 [TRACE] 【目标检测】TRAPPED！ 类型：guide_point 置信度：0.831304669380188
2025-10-20 18:35:43 [TRACE] 【空洞监听】无匹配已持续：0秒
2025-10-20 18:35:50 [TRACE] 【目标检测】TRAPPED！ 类型：guide_point 置信度：0.9140672087669373
2025-10-20 18:35:50 [TRACE] 【空洞监听】无匹配已持续：6秒
2025-10-20 18:35:54 [TRACE] 【状态】搜索模式：C:\Users\gelon\Desktop\ZA-Lite\assets/images/hollow\meter.png 置信度：0.9373331069946289
2025-10-20 18:35:57 [TRACE] 【目标检测】TRAPPED！ 类型：guide_point 置信度：0.6743695139884949
2025-10-20 18:36:03 [TRACE] 【目标检测】TRAPPED！ 类型：red_portal 置信度：0.8986961841583252
2025-10-20 18:36:03 [TRACE] 【空洞监听】无匹配已持续：0秒
2025-10-20 18:36:10 [TRACE] 【空洞监听】无匹配已持续：6秒
2025-10-20 18:36:10 [TRACE] 【目标检测】屏幕内没有目标
2025-10-20 18:36:12 [TRACE] 【目标检测】屏幕内没有目标
2025-10-20 18:36:13 [TRACE] 【目标检测】屏幕内没有目标
2025-10-20 18:36:14 [TRACE] 【目标检测】屏幕内没有目标
2025-10-20 18:36:16 [TRACE] 【目标检测】屏幕内没有目标
2025-10-20 18:36:16 [TRACE] 【空洞监听】无匹配已持续：12秒
2025-10-20 18:36:19 [TRACE] 【目标检测】屏幕内没有目标
2025-10-20 18:36:20 [TRACE] 【目标检测】屏幕内没有目标
2025-10-20 18:36:22 [TRACE] 【目标检测】屏幕内没有目标
2025-10-20 18:36:23 [TRACE] 【空洞监听】无匹配已持续：19秒
2025-10-20 18:36:23 [TRACE] 【目标检测】屏幕内没有目标
2025-10-20 18:36:25 [TRACE] 【目标检测】目标存在，但置信度不足
2025-10-20 18:36:26 [TRACE] 【目标检测】屏幕内没有目标
2025-10-20 18:36:28 [TRACE] 【目标检测】屏幕内没有目标
2025-10-20 18:36:29 [TRACE] 【状态】战斗模式：正在受到攻击
2025-10-20 18:36:30 [TRACE] 【目标检测】屏幕内没有目标
2025-10-20 18:36:32 [TRACE] 【状态】战斗模式：C:\Users\gelon\Desktop\ZA-Lite\assets/images/hollow\battle_5.png 置信度：0.9756932258605957
2025-10-20 18:36:41 [TRACE] 【状态】战斗模式：正在受到攻击
2025-10-20 18:36:47 [TRACE] 【空洞监听】无匹配已持续：0秒
2025-10-20 18:36:53 [TRACE] 【状态】战斗模式：正在受到攻击
2025-10-20 18:37:00 [TRACE] 【空洞监听】无匹配已持续：0秒
2025-10-20 18:37:03 [TRACE] 【状态】战斗模式：C:\Users\gelon\Desktop\ZA-Lite\assets/images/hollow\battle_5.png 置信度：0.9769255518913269
2025-10-20 18:37:10 [TRACE] 【状态】战斗模式：C:\Users\gelon\Desktop\ZA-Lite\assets/images/hollow\battle_5.png 置信度：0.9587188363075256
2025-10-20 18:37:17 [TRACE] 【状态】战斗模式：C:\Users\gelon\Desktop\ZA-Lite\assets/images/hollow\battle_5.png 置信度：0.9861334562301636
2025-10-20 18:37:23 [TRACE] 【状态】战斗模式：C:\Users\gelon\Desktop\ZA-Lite\assets/images/hollow\battle_5.png 置信度：0.9774063229560852
2025-10-20 18:37:26 [TRACE] 【状态】战斗模式：正在受到攻击
2025-10-20 18:37:30 [TRACE] 【状态】战斗模式：C:\Users\gelon\Desktop\ZA-Lite\assets/images/hollow\battle_5.png 置信度：0.9884762167930603
2025-10-20 18:37:36 [TRACE] 【状态】战斗模式：C:\Users\gelon\Desktop\ZA-Lite\assets/images/hollow\battle_5.png 置信度：0.9767270088195801
2025-10-20 18:37:45 [TRACE] 【空洞监听】无匹配已持续：0秒
2025-10-20 18:37:51 [TRACE] 【空洞监听】无匹配已持续：6秒
2025-10-20 18:37:52 [TRACE] 【状态】搜索模式：C:\Users\gelon\Desktop\ZA-Lite\assets/images/hollow\gear.png 置信度：1.0
2025-10-20 18:37:53 [TRACE] 【目标检测】屏幕内没有目标
2025-10-20 18:37:54 [TRACE] 【目标检测】屏幕内没有目标
2025-10-20 18:37:55 [TRACE] 【目标检测】屏幕内没有目标
2025-10-20 18:37:57 [TRACE] 【目标检测】屏幕内没有目标
2025-10-20 18:37:58 [TRACE] 【状态】搜索模式：C:\Users\gelon\Desktop\ZA-Lite\assets/images/hollow\resonium.png 置信度：0.9999996423721313
2025-10-20 18:37:58 [TRACE] 【目标出现】C:\Users\gelon\Desktop\ZA-Lite\assets/images/hollow\resonium.png 置信度：0.9999998807907104
2025-10-20 18:37:58 [TRACE] 【本轮的坐标】：(np.int64(1174), np.int64(461)) ------------
2025-10-20 18:37:58 [TRACE] 【已点击过的坐标】：[(-10, -10)]
2025-10-20 18:37:58 [TRACE] 【成功点击】
2025-10-20 18:37:59 [TRACE] 【目标检测】目标存在，但置信度不足
2025-10-20 18:37:59 [TRACE] 【本轮的坐标】：(np.int64(1581), np.int64(461)) ------------
2025-10-20 18:37:59 [TRACE] 【已点击过的坐标】：[(-10, -10), (np.int64(1174), np.int64(461))]
2025-10-20 18:37:59 [TRACE] 【成功点击】
2025-10-20 18:38:00 [TRACE] 【目标检测】目标存在，但置信度不足
2025-10-20 18:38:00 [TRACE] 【本轮的坐标】：(np.int64(1582), np.int64(461)) ------------
2025-10-20 18:38:00 [TRACE] 【已点击过的坐标】：[(-10, -10), (np.int64(1174), np.int64(461)), (np.int64(1581), np.int64(461))]
2025-10-20 18:38:00 [TRACE] 【坐标太近】视为重复
2025-10-20 18:38:00 [TRACE] 【没有通过的坐标】开始下一轮
2025-10-20 18:38:00 [TRACE] 【本轮的坐标】：(np.int64(1988), np.int64(461)) ------------
2025-10-20 18:38:00 [TRACE] 【已点击过的坐标】：[(-10, -10), (np.int64(1174), np.int64(461)), (np.int64(1581), np.int64(461))]
2025-10-20 18:38:00 [TRACE] 【成功点击】
2025-10-20 18:38:00 [TRACE] 【本轮的坐标】：(np.int64(1989), np.int64(461)) ------------
2025-10-20 18:38:00 [TRACE] 【已点击过的坐标】：[(-10, -10), (np.int64(1174), np.int64(461)), (np.int64(1581), np.int64(461)), (np.int64(1988), np.int64(461))]
2025-10-20 18:38:00 [TRACE] 【坐标太近】视为重复
2025-10-20 18:38:00 [TRACE] 【没有通过的坐标】开始下一轮
2025-10-20 18:38:00 [TRACE] 【本轮的坐标】：(np.int64(1173), np.int64(462)) ------------
2025-10-20 18:38:00 [TRACE] 【已点击过的坐标】：[(-10, -10), (np.int64(1174), np.int64(461)), (np.int64(1581), np.int64(461)), (np.int64(1988), np.int64(461))]
2025-10-20 18:38:00 [TRACE] 【坐标太近】视为重复
2025-10-20 18:38:00 [TRACE] 【没有通过的坐标】开始下一轮
2025-10-20 18:38:00 [TRACE] 【本轮的坐标】：(np.int64(1174), np.int64(462)) ------------
2025-10-20 18:38:00 [TRACE] 【已点击过的坐标】：[(-10, -10), (np.int64(1174), np.int64(461)), (np.int64(1581), np.int64(461)), (np.int64(1988), np.int64(461))]
2025-10-20 18:38:00 [TRACE] 【坐标太近】视为重复
2025-10-20 18:38:00 [TRACE] 【没有通过的坐标】开始下一轮
2025-10-20 18:38:00 [TRACE] 【本轮的坐标】：(np.int64(1175), np.int64(462)) ------------
2025-10-20 18:38:00 [TRACE] 【已点击过的坐标】：[(-10, -10), (np.int64(1174), np.int64(461)), (np.int64(1581), np.int64(461)), (np.int64(1988), np.int64(461))]
2025-10-20 18:38:00 [TRACE] 【坐标太近】视为重复
2025-10-20 18:38:00 [TRACE] 【没有通过的坐标】开始下一轮
2025-10-20 18:38:00 [TRACE] 【本轮的坐标】：(np.int64(1580), np.int64(462)) ------------
2025-10-20 18:38:00 [TRACE] 【已点击过的坐标】：[(-10, -10), (np.int64(1174), np.int64(461)), (np.int64(1581), np.int64(461)), (np.int64(1988), np.int64(461))]
2025-10-20 18:38:00 [TRACE] 【坐标太近】视为重复
2025-10-20 18:38:00 [TRACE] 【没有通过的坐标】开始下一轮
2025-10-20 18:38:00 [TRACE] 【本轮的坐标】：(np.int64(1581), np.int64(462)) ------------
2025-10-20 18:38:00 [TRACE] 【已点击过的坐标】：[(-10, -10), (np.int64(1174), np.int64(461)), (np.int64(1581), np.int64(461)), (np.int64(1988), np.int64(461))]
2025-10-20 18:38:00 [TRACE] 【坐标太近】视为重复
2025-10-20 18:38:00 [TRACE] 【没有通过的坐标】开始下一轮
2025-10-20 18:38:00 [TRACE] 【本轮的坐标】：(np.int64(1582), np.int64(462)) ------------
2025-10-20 18:38:00 [TRACE] 【已点击过的坐标】：[(-10, -10), (np.int64(1174), np.int64(461)), (np.int64(1581), np.int64(461)), (np.int64(1988), np.int64(461))]
2025-10-20 18:38:00 [TRACE] 【坐标太近】视为重复
2025-10-20 18:38:00 [TRACE] 【没有通过的坐标】开始下一轮
2025-10-20 18:38:00 [TRACE] 【本轮的坐标】：(np.int64(1987), np.int64(462)) ------------
2025-10-20 18:38:00 [TRACE] 【已点击过的坐标】：[(-10, -10), (np.int64(1174), np.int64(461)), (np.int64(1581), np.int64(461)), (np.int64(1988), np.int64(461))]
2025-10-20 18:38:00 [TRACE] 【坐标太近】视为重复
2025-10-20 18:38:00 [TRACE] 【没有通过的坐标】开始下一轮
2025-10-20 18:38:00 [TRACE] 【本轮的坐标】：(np.int64(1988), np.int64(462)) ------------
2025-10-20 18:38:00 [TRACE] 【已点击过的坐标】：[(-10, -10), (np.int64(1174), np.int64(461)), (np.int64(1581), np.int64(461)), (np.int64(1988), np.int64(461))]
2025-10-20 18:38:00 [TRACE] 【坐标太近】视为重复
2025-10-20 18:38:00 [TRACE] 【没有通过的坐标】开始下一轮
2025-10-20 18:38:00 [TRACE] 【本轮的坐标】：(np.int64(1989), np.int64(462)) ------------
2025-10-20 18:38:00 [TRACE] 【已点击过的坐标】：[(-10, -10), (np.int64(1174), np.int64(461)), (np.int64(1581), np.int64(461)), (np.int64(1988), np.int64(461))]
2025-10-20 18:38:00 [TRACE] 【坐标太近】视为重复
2025-10-20 18:38:00 [TRACE] 【没有通过的坐标】开始下一轮
2025-10-20 18:38:00 [TRACE] 【本轮的坐标】：(np.int64(1990), np.int64(462)) ------------
2025-10-20 18:38:00 [TRACE] 【已点击过的坐标】：[(-10, -10), (np.int64(1174), np.int64(461)), (np.int64(1581), np.int64(461)), (np.int64(1988), np.int64(461))]
2025-10-20 18:38:00 [TRACE] 【坐标太近】视为重复
2025-10-20 18:38:00 [TRACE] 【没有通过的坐标】开始下一轮
2025-10-20 18:38:00 [TRACE] 【本轮的坐标】：(np.int64(1174), np.int64(463)) ------------
2025-10-20 18:38:00 [TRACE] 【已点击过的坐标】：[(-10, -10), (np.int64(1174), np.int64(461)), (np.int64(1581), np.int64(461)), (np.int64(1988), np.int64(461))]
2025-10-20 18:38:00 [TRACE] 【坐标太近】视为重复
2025-10-20 18:38:00 [TRACE] 【没有通过的坐标】开始下一轮
2025-10-20 18:38:00 [TRACE] 【本轮的坐标】：(np.int64(1581), np.int64(463)) ------------
2025-10-20 18:38:00 [TRACE] 【已点击过的坐标】：[(-10, -10), (np.int64(1174), np.int64(461)), (np.int64(1581), np.int64(461)), (np.int64(1988), np.int64(461))]
2025-10-20 18:38:00 [TRACE] 【坐标太近】视为重复
2025-10-20 18:38:00 [TRACE] 【没有通过的坐标】开始下一轮
2025-10-20 18:38:00 [TRACE] 【本轮的坐标】：(np.int64(1988), np.int64(463)) ------------
2025-10-20 18:38:00 [TRACE] 【已点击过的坐标】：[(-10, -10), (np.int64(1174), np.int64(461)), (np.int64(1581), np.int64(461)), (np.int64(1988), np.int64(461))]
2025-10-20 18:38:00 [TRACE] 【坐标太近】视为重复
2025-10-20 18:38:00 [TRACE] 【没有通过的坐标】开始下一轮
2025-10-20 18:38:00 [TRACE] 【完成所有点击】有效次数：3
2025-10-20 18:38:01 [TRACE] 【目标检测】屏幕内没有目标
2025-10-20 18:38:02 [TRACE] 【目标检测】屏幕内没有目标
2025-10-20 18:38:03 [TRACE] 【目标检测】目标存在，但置信度不足
2025-10-20 18:38:05 [TRACE] 【目标检测】目标存在，但置信度不足
2025-10-20 18:38:06 [TRACE] 【目标检测】屏幕内没有目标
2025-10-20 18:38:09 [TRACE] 【状态】搜索模式：C:\Users\gelon\Desktop\ZA-Lite\assets/images/hollow\battle_end_boss.png 置信度：0.9685389995574951
2025-10-20 18:38:09 [TRACE] 【目标检测】屏幕内没有目标
2025-10-20 18:38:12 [TRACE] 【目标检测】屏幕内没有目标
2025-10-20 18:38:13 [TRACE] 【目标检测】屏幕内没有目标
2025-10-20 18:38:14 [TRACE] 【目标检测】屏幕内没有目标
2025-10-20 18:38:15 [TRACE] 【目标检测】屏幕内没有目标
2025-10-20 18:38:17 [TRACE] 【目标检测】屏幕内没有目标
2025-10-20 18:38:20 [TRACE] 【目标检测】TRAPPED！ 类型：interact 置信度：0.9253855347633362
2025-10-20 18:38:20 [TRACE] 【空洞监听】无匹配已持续：0秒
2025-10-20 18:38:27 [TRACE] 【目标检测】屏幕内没有目标
2025-10-20 18:38:28 [TRACE] 【目标检测】屏幕内没有目标
2025-10-20 18:38:29 [TRACE] 【目标检测】屏幕内没有目标
2025-10-20 18:38:31 [TRACE] 【目标检测】TRAPPED！ 类型：interact 置信度：0.9311143159866333
2025-10-20 18:38:38 [TRACE] 【目标检测】屏幕内没有目标
2025-10-20 18:38:39 [TRACE] 【目标检测】屏幕内没有目标
2025-10-20 18:38:40 [TRACE] 【目标检测】屏幕内没有目标
2025-10-20 18:38:41 [TRACE] 【目标检测】屏幕内没有目标
2025-10-20 18:38:43 [TRACE] 【目标检测】TRAPPED！ 类型：interact 置信度：0.9242052435874939
2025-10-20 18:38:48 [TRACE] 【目标检测】TRAPPED！ 类型：interact 置信度：0.9192816019058228
2025-10-20 18:38:52 [TRACE] 【空洞监听】无匹配已持续：0秒
2025-10-20 18:38:55 [TRACE] 【目标检测】屏幕内没有目标
2025-10-20 18:38:56 [TRACE] 【目标检测】屏幕内没有目标
2025-10-20 18:38:57 [TRACE] 【目标检测】屏幕内没有目标
2025-10-20 18:38:59 [TRACE] 【目标检测】屏幕内没有目标
2025-10-20 18:39:00 [TRACE] 【目标检测】屏幕内没有目标
2025-10-20 18:39:04 [TRACE] 【目标检测】TRAPPED！ 类型：interact 置信度：0.9407018423080444
2025-10-20 18:39:10 [TRACE] 【目标检测】TRAPPED！ 类型：interact 置信度：0.9031314253807068
2025-10-20 18:39:11 [TRACE] 【空洞监听】无匹配已持续：0秒
2025-10-20 18:39:17 [TRACE] 【目标检测】TRAPPED！ 类型：interact 置信度：0.9367147088050842
2025-10-20 18:39:17 [TRACE] 【空洞监听】无匹配已持续：6秒
2025-10-20 18:39:21 [TRACE] 【目标检测】TRAPPED！ 类型：interact 置信度：0.9231114387512207
2025-10-20 18:39:23 [TRACE] 【空洞监听】无匹配已持续：12秒
2025-10-20 18:39:27 [TRACE] 【目标检测】TRAPPED！ 类型：interact 置信度：0.9445779919624329
2025-10-20 18:39:29 [TRACE] 【空洞监听】无匹配已持续：18秒
2025-10-20 18:39:34 [TRACE] 【目标检测】TRAPPED！ 类型：interact 置信度：0.920156717300415
2025-10-20 18:39:36 [TRACE] 【空洞监听】无匹配已持续：24秒
2025-10-20 18:39:41 [TRACE] 【目标检测】屏幕内没有目标
2025-10-20 18:39:42 [TRACE] 【目标检测】屏幕内没有目标
2025-10-20 18:39:43 [TRACE] 【状态】搜索模式：C:\Users\gelon\Desktop\ZA-Lite\assets/images/hollow\gear.png 置信度：0.999715268611908
2025-10-20 18:39:43 [TRACE] 【目标检测】屏幕内没有目标
2025-10-20 18:39:44 [TRACE] 【目标检测】屏幕内没有目标
2025-10-20 18:39:46 [TRACE] 【目标检测】屏幕内没有目标
2025-10-20 18:39:48 [TRACE] 【目标检测】屏幕内没有目标
2025-10-20 18:39:50 [TRACE] 【状态】搜索模式：C:\Users\gelon\Desktop\ZA-Lite\assets/images/hollow\next_area.png 置信度：0.9999988675117493
2025-10-20 18:39:51 [TRACE] 【目标检测】TRAPPED！ 类型：blue_portal 置信度：0.8944063186645508
2025-10-20 18:39:56 [TRACE] 【目标检测】TRAPPED！ 类型：blue_portal 置信度：0.9671458005905151
2025-10-20 18:40:01 [TRACE] 【空洞监听】无匹配已持续：0秒
2025-10-20 18:40:03 [TRACE] 【目标检测】屏幕内没有目标
2025-10-20 18:40:05 [TRACE] 【目标检测】屏幕内没有目标
2025-10-20 18:40:07 [TRACE] 【目标检测】屏幕内没有目标
2025-10-20 18:40:08 [TRACE] 【空洞监听】无匹配已持续：6秒
2025-10-20 18:40:08 [TRACE] 【目标检测】屏幕内没有目标
2025-10-20 18:40:09 [TRACE] 【目标检测】屏幕内没有目标
2025-10-20 18:40:12 [TRACE] 【目标检测】屏幕内没有目标
2025-10-20 18:40:14 [TRACE] 【目标检测】屏幕内没有目标
2025-10-20 18:40:14 [TRACE] 【空洞监听】无匹配已持续：13秒
2025-10-20 18:40:15 [TRACE] 【目标检测】屏幕内没有目标
2025-10-20 18:40:16 [TRACE] 【目标检测】屏幕内没有目标
2025-10-20 18:40:17 [TRACE] 【目标检测】屏幕内没有目标
2025-10-20 18:40:20 [TRACE] 【目标检测】屏幕内没有目标
2025-10-20 18:40:21 [TRACE] 【状态】战斗模式：正在受到攻击
2025-10-20 18:40:26 [TRACE] 【空洞监听】无匹配已持续：0秒
2025-10-20 18:40:32 [TRACE] 【空洞监听】无匹配已持续：5秒
2025-10-20 18:40:39 [TRACE] 【空洞监听】无匹配已持续：12秒
2025-10-20 18:40:45 [TRACE] 【空洞监听】无匹配已持续：18秒
2025-10-20 18:40:51 [TRACE] 【空洞监听】无匹配已持续：24秒
2025-10-20 18:40:55 [TRACE] 【状态】搜索模式：C:\Users\gelon\Desktop\ZA-Lite\assets/images/hollow\meter.png 置信度：0.9254302382469177
2025-10-20 18:41:01 [TRACE] 【目标检测】TRAPPED！ 类型：guide_point 置信度：0.8895693421363831
2025-10-20 18:41:01 [TRACE] 【状态】搜索模式：C:\Users\gelon\Desktop\ZA-Lite\assets/images/hollow\meter.png 置信度：0.9235369563102722
2025-10-20 18:41:07 [TRACE] 【目标检测】屏幕内没有目标
2025-10-20 18:41:09 [TRACE] 【目标检测】屏幕内没有目标
2025-10-20 18:41:10 [TRACE] 【目标检测】屏幕内没有目标
2025-10-20 18:41:10 [TRACE] 【空洞监听】无匹配已持续：0秒
2025-10-20 18:41:12 [TRACE] 【目标检测】屏幕内没有目标
2025-10-20 18:41:17 [TRACE] 【空洞监听】无匹配已持续：6秒
2025-10-20 18:41:17 [TRACE] 【目标检测】TRAPPED！ 类型：blue_portal 置信度：0.9496866464614868
2025-10-20 18:41:23 [TRACE] 【空洞监听】无匹配已持续：12秒
2025-10-20 18:41:24 [TRACE] 【目标检测】目标存在，但置信度不足
2025-10-20 18:41:25 [TRACE] 【目标检测】屏幕内没有目标
2025-10-20 18:41:27 [TRACE] 【目标检测】屏幕内没有目标
2025-10-20 18:41:28 [TRACE] 【目标检测】屏幕内没有目标
2025-10-20 18:41:29 [TRACE] 【目标检测】屏幕内没有目标
2025-10-20 18:41:30 [TRACE] 【目标检测】屏幕内没有目标
2025-10-20 18:41:33 [TRACE] 【状态】战斗模式：C:\Users\gelon\Desktop\ZA-Lite\assets/images/hollow\battle_4.png 置信度：0.9999998807907104
2025-10-20 18:41:33 [TRACE] 【目标检测】屏幕内没有目标
2025-10-20 18:41:39 [TRACE] 【状态】战斗模式：C:\Users\gelon\Desktop\ZA-Lite\assets/images/hollow\battle_4.png 置信度：0.9999997019767761
2025-10-20 18:41:43 [TRACE] 【状态】战斗模式：正在受到攻击
2025-10-20 18:41:49 [TRACE] 【空洞监听】无匹配已持续：0秒
2025-10-20 18:41:51 [TRACE] 【状态】战斗模式：C:\Users\gelon\Desktop\ZA-Lite\assets/images/hollow\battle_1.png 置信度：1.0
2025-10-20 18:42:01 [TRACE] 【空洞监听】无匹配已持续：0秒
2025-10-20 18:42:07 [TRACE] 【空洞监听】无匹配已持续：6秒
2025-10-20 18:42:14 [TRACE] 【空洞监听】无匹配已持续：12秒
2025-10-20 18:42:26 [TRACE] 【空洞监听】无匹配已持续：0秒
2025-10-20 18:42:30 [TRACE] 【状态】搜索模式：C:\Users\gelon\Desktop\ZA-Lite\assets/images/hollow\meter.png 置信度：0.9039500951766968
2025-10-20 18:42:37 [TRACE] 【目标检测】微调超时，无法对齐！
2025-10-20 18:42:39 [TRACE] 【空洞监听】无匹配已持续：0秒
2025-10-20 18:42:42 [TRACE] 【目标检测】TRAPPED！ 类型：guide_point 置信度：0.947384774684906
2025-10-20 18:42:45 [TRACE] 【空洞监听】无匹配已持续：6秒
2025-10-20 18:42:49 [TRACE] 【目标检测】屏幕内没有目标
2025-10-20 18:42:51 [TRACE] 【目标检测】屏幕内没有目标
2025-10-20 18:42:52 [TRACE] 【空洞监听】无匹配已持续：12秒
2025-10-20 18:42:52 [TRACE] 【目标检测】屏幕内没有目标
2025-10-20 18:42:53 [TRACE] 【目标检测】屏幕内没有目标
2025-10-20 18:42:55 [TRACE] 【目标检测】屏幕内没有目标
2025-10-20 18:42:57 [TRACE] 【目标检测】屏幕内没有目标
2025-10-20 18:42:58 [TRACE] 【空洞监听】无匹配已持续：18秒
2025-10-20 18:42:59 [TRACE] 【目标检测】屏幕内没有目标
2025-10-20 18:43:00 [TRACE] 【目标检测】屏幕内没有目标
2025-10-20 18:43:02 [TRACE] 【目标检测】屏幕内没有目标
2025-10-20 18:43:03 [TRACE] 【目标检测】屏幕内没有目标
2025-10-20 18:43:04 [TRACE] 【空洞监听】无匹配已持续：25秒
2025-10-20 18:43:06 [TRACE] 【目标检测】屏幕内没有目标
2025-10-20 18:43:11 [TRACE] 【空洞监听】无匹配已持续：31秒
2025-10-20 18:43:13 [TRACE] 【目标检测】TRAPPED！ 类型：interact 置信度：0.9327007532119751
2025-10-20 18:43:17 [TRACE] 【空洞监听】无匹配已持续：38秒
2025-10-20 18:43:19 [TRACE] 【目标检测】屏幕内没有目标
2025-10-20 18:43:20 [TRACE] 【目标检测】屏幕内没有目标
2025-10-20 18:43:22 [TRACE] 【目标检测】目标存在，但置信度不足
2025-10-20 18:43:23 [TRACE] 【目标检测】屏幕内没有目标
2025-10-20 18:43:24 [TRACE] 【状态】搜索模式：C:\Users\gelon\Desktop\ZA-Lite\assets/images/hollow\resonium.png 置信度：0.9999998807907104
2025-10-20 18:43:24 [TRACE] 【目标检测】屏幕内没有目标
2025-10-20 18:43:24 [TRACE] 【目标出现】C:\Users\gelon\Desktop\ZA-Lite\assets/images/hollow\resonium.png 置信度：0.9999998807907104
2025-10-20 18:43:24 [TRACE] 【本轮的坐标】：(np.int64(1309), np.int64(441)) ------------
2025-10-20 18:43:24 [TRACE] 【已点击过的坐标】：[(-10, -10)]
2025-10-20 18:43:24 [TRACE] 【成功点击】
2025-10-20 18:43:25 [TRACE] 【本轮的坐标】：(np.int64(1310), np.int64(441)) ------------
2025-10-20 18:43:25 [TRACE] 【已点击过的坐标】：[(-10, -10), (np.int64(1309), np.int64(441))]
2025-10-20 18:43:25 [TRACE] 【坐标太近】视为重复
2025-10-20 18:43:25 [TRACE] 【没有通过的坐标】开始下一轮
2025-10-20 18:43:25 [TRACE] 【本轮的坐标】：(np.int64(1699), np.int64(441)) ------------
2025-10-20 18:43:25 [TRACE] 【已点击过的坐标】：[(-10, -10), (np.int64(1309), np.int64(441))]
2025-10-20 18:43:25 [TRACE] 【成功点击】
2025-10-20 18:43:25 [TRACE] 【目标检测】屏幕内没有目标
2025-10-20 18:43:26 [TRACE] 【本轮的坐标】：(np.int64(2088), np.int64(441)) ------------
2025-10-20 18:43:26 [TRACE] 【已点击过的坐标】：[(-10, -10), (np.int64(1309), np.int64(441)), (np.int64(1699), np.int64(441))]
2025-10-20 18:43:26 [TRACE] 【成功点击】
2025-10-20 18:43:26 [TRACE] 【本轮的坐标】：(np.int64(2089), np.int64(441)) ------------
2025-10-20 18:43:26 [TRACE] 【已点击过的坐标】：[(-10, -10), (np.int64(1309), np.int64(441)), (np.int64(1699), np.int64(441)), (np.int64(2088), np.int64(441))]
2025-10-20 18:43:26 [TRACE] 【坐标太近】视为重复
2025-10-20 18:43:26 [TRACE] 【没有通过的坐标】开始下一轮
2025-10-20 18:43:26 [TRACE] 【本轮的坐标】：(np.int64(2478), np.int64(441)) ------------
2025-10-20 18:43:26 [TRACE] 【已点击过的坐标】：[(-10, -10), (np.int64(1309), np.int64(441)), (np.int64(1699), np.int64(441)), (np.int64(2088), np.int64(441))]
2025-10-20 18:43:26 [TRACE] 【成功点击】
2025-10-20 18:43:27 [TRACE] 【本轮的坐标】：(np.int64(1308), np.int64(442)) ------------
2025-10-20 18:43:27 [TRACE] 【已点击过的坐标】：[(-10, -10), (np.int64(1309), np.int64(441)), (np.int64(1699), np.int64(441)), (np.int64(2088), np.int64(441)), (np.int64(2478), np.int64(441))]
2025-10-20 18:43:27 [TRACE] 【坐标太近】视为重复
2025-10-20 18:43:27 [TRACE] 【没有通过的坐标】开始下一轮
2025-10-20 18:43:27 [TRACE] 【本轮的坐标】：(np.int64(1309), np.int64(442)) ------------
2025-10-20 18:43:27 [TRACE] 【已点击过的坐标】：[(-10, -10), (np.int64(1309), np.int64(441)), (np.int64(1699), np.int64(441)), (np.int64(2088), np.int64(441)), (np.int64(2478), np.int64(441))]
2025-10-20 18:43:27 [TRACE] 【坐标太近】视为重复
2025-10-20 18:43:27 [TRACE] 【没有通过的坐标】开始下一轮
2025-10-20 18:43:27 [TRACE] 【本轮的坐标】：(np.int64(1310), np.int64(442)) ------------
2025-10-20 18:43:27 [TRACE] 【已点击过的坐标】：[(-10, -10), (np.int64(1309), np.int64(441)), (np.int64(1699), np.int64(441)), (np.int64(2088), np.int64(441)), (np.int64(2478), np.int64(441))]
2025-10-20 18:43:27 [TRACE] 【坐标太近】视为重复
2025-10-20 18:43:27 [TRACE] 【没有通过的坐标】开始下一轮
2025-10-20 18:43:27 [TRACE] 【本轮的坐标】：(np.int64(1698), np.int64(442)) ------------
2025-10-20 18:43:27 [TRACE] 【已点击过的坐标】：[(-10, -10), (np.int64(1309), np.int64(441)), (np.int64(1699), np.int64(441)), (np.int64(2088), np.int64(441)), (np.int64(2478), np.int64(441))]
2025-10-20 18:43:27 [TRACE] 【坐标太近】视为重复
2025-10-20 18:43:27 [TRACE] 【没有通过的坐标】开始下一轮
2025-10-20 18:43:27 [TRACE] 【本轮的坐标】：(np.int64(1699), np.int64(442)) ------------
2025-10-20 18:43:27 [TRACE] 【已点击过的坐标】：[(-10, -10), (np.int64(1309), np.int64(441)), (np.int64(1699), np.int64(441)), (np.int64(2088), np.int64(441)), (np.int64(2478), np.int64(441))]
2025-10-20 18:43:27 [TRACE] 【坐标太近】视为重复
2025-10-20 18:43:27 [TRACE] 【没有通过的坐标】开始下一轮
2025-10-20 18:43:27 [TRACE] 【本轮的坐标】：(np.int64(1700), np.int64(442)) ------------
2025-10-20 18:43:27 [TRACE] 【已点击过的坐标】：[(-10, -10), (np.int64(1309), np.int64(441)), (np.int64(1699), np.int64(441)), (np.int64(2088), np.int64(441)), (np.int64(2478), np.int64(441))]
2025-10-20 18:43:27 [TRACE] 【坐标太近】视为重复
2025-10-20 18:43:27 [TRACE] 【没有通过的坐标】开始下一轮
2025-10-20 18:43:27 [TRACE] 【本轮的坐标】：(np.int64(2087), np.int64(442)) ------------
2025-10-20 18:43:27 [TRACE] 【已点击过的坐标】：[(-10, -10), (np.int64(1309), np.int64(441)), (np.int64(1699), np.int64(441)), (np.int64(2088), np.int64(441)), (np.int64(2478), np.int64(441))]
2025-10-20 18:43:27 [TRACE] 【坐标太近】视为重复
2025-10-20 18:43:27 [TRACE] 【没有通过的坐标】开始下一轮
2025-10-20 18:43:27 [TRACE] 【本轮的坐标】：(np.int64(2088), np.int64(442)) ------------
2025-10-20 18:43:27 [TRACE] 【已点击过的坐标】：[(-10, -10), (np.int64(1309), np.int64(441)), (np.int64(1699), np.int64(441)), (np.int64(2088), np.int64(441)), (np.int64(2478), np.int64(441))]
2025-10-20 18:43:27 [TRACE] 【坐标太近】视为重复
2025-10-20 18:43:27 [TRACE] 【没有通过的坐标】开始下一轮
2025-10-20 18:43:27 [TRACE] 【本轮的坐标】：(np.int64(2089), np.int64(442)) ------------
2025-10-20 18:43:27 [TRACE] 【已点击过的坐标】：[(-10, -10), (np.int64(1309), np.int64(441)), (np.int64(1699), np.int64(441)), (np.int64(2088), np.int64(441)), (np.int64(2478), np.int64(441))]
2025-10-20 18:43:27 [TRACE] 【坐标太近】视为重复
2025-10-20 18:43:27 [TRACE] 【没有通过的坐标】开始下一轮
2025-10-20 18:43:27 [TRACE] 【本轮的坐标】：(np.int64(2090), np.int64(442)) ------------
2025-10-20 18:43:27 [TRACE] 【已点击过的坐标】：[(-10, -10), (np.int64(1309), np.int64(441)), (np.int64(1699), np.int64(441)), (np.int64(2088), np.int64(441)), (np.int64(2478), np.int64(441))]
2025-10-20 18:43:27 [TRACE] 【坐标太近】视为重复
2025-10-20 18:43:27 [TRACE] 【没有通过的坐标】开始下一轮
2025-10-20 18:43:27 [TRACE] 【本轮的坐标】：(np.int64(2477), np.int64(442)) ------------
2025-10-20 18:43:27 [TRACE] 【已点击过的坐标】：[(-10, -10), (np.int64(1309), np.int64(441)), (np.int64(1699), np.int64(441)), (np.int64(2088), np.int64(441)), (np.int64(2478), np.int64(441))]
2025-10-20 18:43:27 [TRACE] 【坐标太近】视为重复
2025-10-20 18:43:27 [TRACE] 【没有通过的坐标】开始下一轮
2025-10-20 18:43:27 [TRACE] 【本轮的坐标】：(np.int64(2478), np.int64(442)) ------------
2025-10-20 18:43:27 [TRACE] 【已点击过的坐标】：[(-10, -10), (np.int64(1309), np.int64(441)), (np.int64(1699), np.int64(441)), (np.int64(2088), np.int64(441)), (np.int64(2478), np.int64(441))]
2025-10-20 18:43:27 [TRACE] 【坐标太近】视为重复
2025-10-20 18:43:27 [TRACE] 【没有通过的坐标】开始下一轮
2025-10-20 18:43:27 [TRACE] 【本轮的坐标】：(np.int64(2479), np.int64(442)) ------------
2025-10-20 18:43:27 [TRACE] 【已点击过的坐标】：[(-10, -10), (np.int64(1309), np.int64(441)), (np.int64(1699), np.int64(441)), (np.int64(2088), np.int64(441)), (np.int64(2478), np.int64(441))]
2025-10-20 18:43:27 [TRACE] 【坐标太近】视为重复
2025-10-20 18:43:27 [TRACE] 【没有通过的坐标】开始下一轮
2025-10-20 18:43:27 [TRACE] 【本轮的坐标】：(np.int64(1309), np.int64(443)) ------------
2025-10-20 18:43:27 [TRACE] 【已点击过的坐标】：[(-10, -10), (np.int64(1309), np.int64(441)), (np.int64(1699), np.int64(441)), (np.int64(2088), np.int64(441)), (np.int64(2478), np.int64(441))]
2025-10-20 18:43:27 [TRACE] 【坐标太近】视为重复
2025-10-20 18:43:27 [TRACE] 【没有通过的坐标】开始下一轮
2025-10-20 18:43:27 [TRACE] 【本轮的坐标】：(np.int64(1698), np.int64(443)) ------------
2025-10-20 18:43:27 [TRACE] 【已点击过的坐标】：[(-10, -10), (np.int64(1309), np.int64(441)), (np.int64(1699), np.int64(441)), (np.int64(2088), np.int64(441)), (np.int64(2478), np.int64(441))]
2025-10-20 18:43:27 [TRACE] 【坐标太近】视为重复
2025-10-20 18:43:27 [TRACE] 【没有通过的坐标】开始下一轮
2025-10-20 18:43:27 [TRACE] 【本轮的坐标】：(np.int64(1699), np.int64(443)) ------------
2025-10-20 18:43:27 [TRACE] 【已点击过的坐标】：[(-10, -10), (np.int64(1309), np.int64(441)), (np.int64(1699), np.int64(441)), (np.int64(2088), np.int64(441)), (np.int64(2478), np.int64(441))]
2025-10-20 18:43:27 [TRACE] 【坐标太近】视为重复
2025-10-20 18:43:27 [TRACE] 【没有通过的坐标】开始下一轮
2025-10-20 18:43:27 [TRACE] 【本轮的坐标】：(np.int64(2088), np.int64(443)) ------------
2025-10-20 18:43:27 [TRACE] 【已点击过的坐标】：[(-10, -10), (np.int64(1309), np.int64(441)), (np.int64(1699), np.int64(441)), (np.int64(2088), np.int64(441)), (np.int64(2478), np.int64(441))]
2025-10-20 18:43:27 [TRACE] 【坐标太近】视为重复
2025-10-20 18:43:27 [TRACE] 【没有通过的坐标】开始下一轮
2025-10-20 18:43:27 [TRACE] 【本轮的坐标】：(np.int64(2478), np.int64(443)) ------------
2025-10-20 18:43:27 [TRACE] 【已点击过的坐标】：[(-10, -10), (np.int64(1309), np.int64(441)), (np.int64(1699), np.int64(441)), (np.int64(2088), np.int64(441)), (np.int64(2478), np.int64(441))]
2025-10-20 18:43:27 [TRACE] 【坐标太近】视为重复
2025-10-20 18:43:27 [TRACE] 【没有通过的坐标】开始下一轮
2025-10-20 18:43:27 [TRACE] 【完成所有点击】有效次数：4
2025-10-20 18:43:27 [TRACE] 【目标检测】屏幕内没有目标
2025-10-20 18:43:28 [TRACE] 【目标检测】屏幕内没有目标
2025-10-20 18:43:30 [TRACE] 【目标检测】屏幕内没有目标
2025-10-20 18:43:31 [TRACE] 【目标检测】目标存在，但置信度不足
2025-10-20 18:43:32 [TRACE] 【目标检测】屏幕内没有目标
2025-10-20 18:43:33 [TRACE] 【目标检测】屏幕内没有目标
2025-10-20 18:43:33 [TRACE] 【状态】搜索模式：C:\Users\gelon\Desktop\ZA-Lite\assets/images/hollow\resonium.png 置信度：1.0
2025-10-20 18:43:34 [TRACE] 【目标出现】C:\Users\gelon\Desktop\ZA-Lite\assets/images/hollow\resonium.png 置信度：0.9999998807907104
2025-10-20 18:43:34 [TRACE] 【本轮的坐标】：(np.int64(1309), np.int64(441)) ------------
2025-10-20 18:43:34 [TRACE] 【已点击过的坐标】：[(-10, -10)]
2025-10-20 18:43:34 [TRACE] 【成功点击】
2025-10-20 18:43:34 [TRACE] 【本轮的坐标】：(np.int64(1310), np.int64(441)) ------------
2025-10-20 18:43:34 [TRACE] 【已点击过的坐标】：[(-10, -10), (np.int64(1309), np.int64(441))]
2025-10-20 18:43:34 [TRACE] 【坐标太近】视为重复
2025-10-20 18:43:34 [TRACE] 【没有通过的坐标】开始下一轮
2025-10-20 18:43:34 [TRACE] 【本轮的坐标】：(np.int64(1699), np.int64(441)) ------------
2025-10-20 18:43:34 [TRACE] 【已点击过的坐标】：[(-10, -10), (np.int64(1309), np.int64(441))]
2025-10-20 18:43:34 [TRACE] 【成功点击】
2025-10-20 18:43:35 [TRACE] 【本轮的坐标】：(np.int64(2088), np.int64(441)) ------------
2025-10-20 18:43:35 [TRACE] 【已点击过的坐标】：[(-10, -10), (np.int64(1309), np.int64(441)), (np.int64(1699), np.int64(441))]
2025-10-20 18:43:35 [TRACE] 【成功点击】
2025-10-20 18:43:36 [TRACE] 【目标检测】目标存在，但置信度不足
2025-10-20 18:43:36 [TRACE] 【本轮的坐标】：(np.int64(2089), np.int64(441)) ------------
2025-10-20 18:43:36 [TRACE] 【已点击过的坐标】：[(-10, -10), (np.int64(1309), np.int64(441)), (np.int64(1699), np.int64(441)), (np.int64(2088), np.int64(441))]
2025-10-20 18:43:36 [TRACE] 【坐标太近】视为重复
2025-10-20 18:43:36 [TRACE] 【没有通过的坐标】开始下一轮
2025-10-20 18:43:36 [TRACE] 【本轮的坐标】：(np.int64(2478), np.int64(441)) ------------
2025-10-20 18:43:36 [TRACE] 【已点击过的坐标】：[(-10, -10), (np.int64(1309), np.int64(441)), (np.int64(1699), np.int64(441)), (np.int64(2088), np.int64(441))]
2025-10-20 18:43:36 [TRACE] 【成功点击】
2025-10-20 18:43:37 [TRACE] 【本轮的坐标】：(np.int64(1308), np.int64(442)) ------------
2025-10-20 18:43:37 [TRACE] 【已点击过的坐标】：[(-10, -10), (np.int64(1309), np.int64(441)), (np.int64(1699), np.int64(441)), (np.int64(2088), np.int64(441)), (np.int64(2478), np.int64(441))]
2025-10-20 18:43:37 [TRACE] 【坐标太近】视为重复
2025-10-20 18:43:37 [TRACE] 【没有通过的坐标】开始下一轮
2025-10-20 18:43:37 [TRACE] 【本轮的坐标】：(np.int64(1309), np.int64(442)) ------------
2025-10-20 18:43:37 [TRACE] 【已点击过的坐标】：[(-10, -10), (np.int64(1309), np.int64(441)), (np.int64(1699), np.int64(441)), (np.int64(2088), np.int64(441)), (np.int64(2478), np.int64(441))]
2025-10-20 18:43:37 [TRACE] 【坐标太近】视为重复
2025-10-20 18:43:37 [TRACE] 【没有通过的坐标】开始下一轮
2025-10-20 18:43:37 [TRACE] 【本轮的坐标】：(np.int64(1310), np.int64(442)) ------------
2025-10-20 18:43:37 [TRACE] 【已点击过的坐标】：[(-10, -10), (np.int64(1309), np.int64(441)), (np.int64(1699), np.int64(441)), (np.int64(2088), np.int64(441)), (np.int64(2478), np.int64(441))]
2025-10-20 18:43:37 [TRACE] 【坐标太近】视为重复
2025-10-20 18:43:37 [TRACE] 【没有通过的坐标】开始下一轮
2025-10-20 18:43:37 [TRACE] 【本轮的坐标】：(np.int64(1698), np.int64(442)) ------------
2025-10-20 18:43:37 [TRACE] 【已点击过的坐标】：[(-10, -10), (np.int64(1309), np.int64(441)), (np.int64(1699), np.int64(441)), (np.int64(2088), np.int64(441)), (np.int64(2478), np.int64(441))]
2025-10-20 18:43:37 [TRACE] 【坐标太近】视为重复
2025-10-20 18:43:37 [TRACE] 【没有通过的坐标】开始下一轮
2025-10-20 18:43:37 [TRACE] 【本轮的坐标】：(np.int64(1699), np.int64(442)) ------------
2025-10-20 18:43:37 [TRACE] 【已点击过的坐标】：[(-10, -10), (np.int64(1309), np.int64(441)), (np.int64(1699), np.int64(441)), (np.int64(2088), np.int64(441)), (np.int64(2478), np.int64(441))]
2025-10-20 18:43:37 [TRACE] 【坐标太近】视为重复
2025-10-20 18:43:37 [TRACE] 【没有通过的坐标】开始下一轮
2025-10-20 18:43:37 [TRACE] 【本轮的坐标】：(np.int64(1700), np.int64(442)) ------------
2025-10-20 18:43:37 [TRACE] 【已点击过的坐标】：[(-10, -10), (np.int64(1309), np.int64(441)), (np.int64(1699), np.int64(441)), (np.int64(2088), np.int64(441)), (np.int64(2478), np.int64(441))]
2025-10-20 18:43:37 [TRACE] 【坐标太近】视为重复
2025-10-20 18:43:37 [TRACE] 【没有通过的坐标】开始下一轮
2025-10-20 18:43:37 [TRACE] 【本轮的坐标】：(np.int64(2087), np.int64(442)) ------------
2025-10-20 18:43:37 [TRACE] 【已点击过的坐标】：[(-10, -10), (np.int64(1309), np.int64(441)), (np.int64(1699), np.int64(441)), (np.int64(2088), np.int64(441)), (np.int64(2478), np.int64(441))]
2025-10-20 18:43:37 [TRACE] 【坐标太近】视为重复
2025-10-20 18:43:37 [TRACE] 【没有通过的坐标】开始下一轮
2025-10-20 18:43:37 [TRACE] 【本轮的坐标】：(np.int64(2088), np.int64(442)) ------------
2025-10-20 18:43:37 [TRACE] 【已点击过的坐标】：[(-10, -10), (np.int64(1309), np.int64(441)), (np.int64(1699), np.int64(441)), (np.int64(2088), np.int64(441)), (np.int64(2478), np.int64(441))]
2025-10-20 18:43:37 [TRACE] 【坐标太近】视为重复
2025-10-20 18:43:37 [TRACE] 【没有通过的坐标】开始下一轮
2025-10-20 18:43:37 [TRACE] 【本轮的坐标】：(np.int64(2089), np.int64(442)) ------------
2025-10-20 18:43:37 [TRACE] 【已点击过的坐标】：[(-10, -10), (np.int64(1309), np.int64(441)), (np.int64(1699), np.int64(441)), (np.int64(2088), np.int64(441)), (np.int64(2478), np.int64(441))]
2025-10-20 18:43:37 [TRACE] 【坐标太近】视为重复
2025-10-20 18:43:37 [TRACE] 【没有通过的坐标】开始下一轮
2025-10-20 18:43:37 [TRACE] 【本轮的坐标】：(np.int64(2090), np.int64(442)) ------------
2025-10-20 18:43:37 [TRACE] 【已点击过的坐标】：[(-10, -10), (np.int64(1309), np.int64(441)), (np.int64(1699), np.int64(441)), (np.int64(2088), np.int64(441)), (np.int64(2478), np.int64(441))]
2025-10-20 18:43:37 [TRACE] 【坐标太近】视为重复
2025-10-20 18:43:37 [TRACE] 【没有通过的坐标】开始下一轮
2025-10-20 18:43:37 [TRACE] 【本轮的坐标】：(np.int64(2477), np.int64(442)) ------------
2025-10-20 18:43:37 [TRACE] 【已点击过的坐标】：[(-10, -10), (np.int64(1309), np.int64(441)), (np.int64(1699), np.int64(441)), (np.int64(2088), np.int64(441)), (np.int64(2478), np.int64(441))]
2025-10-20 18:43:37 [TRACE] 【坐标太近】视为重复
2025-10-20 18:43:37 [TRACE] 【没有通过的坐标】开始下一轮
2025-10-20 18:43:37 [TRACE] 【本轮的坐标】：(np.int64(2478), np.int64(442)) ------------
2025-10-20 18:43:37 [TRACE] 【已点击过的坐标】：[(-10, -10), (np.int64(1309), np.int64(441)), (np.int64(1699), np.int64(441)), (np.int64(2088), np.int64(441)), (np.int64(2478), np.int64(441))]
2025-10-20 18:43:37 [TRACE] 【坐标太近】视为重复
2025-10-20 18:43:37 [TRACE] 【没有通过的坐标】开始下一轮
2025-10-20 18:43:37 [TRACE] 【本轮的坐标】：(np.int64(2479), np.int64(442)) ------------
2025-10-20 18:43:37 [TRACE] 【已点击过的坐标】：[(-10, -10), (np.int64(1309), np.int64(441)), (np.int64(1699), np.int64(441)), (np.int64(2088), np.int64(441)), (np.int64(2478), np.int64(441))]
2025-10-20 18:43:37 [TRACE] 【坐标太近】视为重复
2025-10-20 18:43:37 [TRACE] 【没有通过的坐标】开始下一轮
2025-10-20 18:43:37 [TRACE] 【本轮的坐标】：(np.int64(1309), np.int64(443)) ------------
2025-10-20 18:43:37 [TRACE] 【已点击过的坐标】：[(-10, -10), (np.int64(1309), np.int64(441)), (np.int64(1699), np.int64(441)), (np.int64(2088), np.int64(441)), (np.int64(2478), np.int64(441))]
2025-10-20 18:43:37 [TRACE] 【坐标太近】视为重复
2025-10-20 18:43:37 [TRACE] 【没有通过的坐标】开始下一轮
2025-10-20 18:43:37 [TRACE] 【本轮的坐标】：(np.int64(1698), np.int64(443)) ------------
2025-10-20 18:43:37 [TRACE] 【已点击过的坐标】：[(-10, -10), (np.int64(1309), np.int64(441)), (np.int64(1699), np.int64(441)), (np.int64(2088), np.int64(441)), (np.int64(2478), np.int64(441))]
2025-10-20 18:43:37 [TRACE] 【坐标太近】视为重复
2025-10-20 18:43:37 [TRACE] 【没有通过的坐标】开始下一轮
2025-10-20 18:43:37 [TRACE] 【本轮的坐标】：(np.int64(1699), np.int64(443)) ------------
2025-10-20 18:43:37 [TRACE] 【已点击过的坐标】：[(-10, -10), (np.int64(1309), np.int64(441)), (np.int64(1699), np.int64(441)), (np.int64(2088), np.int64(441)), (np.int64(2478), np.int64(441))]
2025-10-20 18:43:37 [TRACE] 【坐标太近】视为重复
2025-10-20 18:43:37 [TRACE] 【没有通过的坐标】开始下一轮
2025-10-20 18:43:37 [TRACE] 【本轮的坐标】：(np.int64(2088), np.int64(443)) ------------
2025-10-20 18:43:37 [TRACE] 【已点击过的坐标】：[(-10, -10), (np.int64(1309), np.int64(441)), (np.int64(1699), np.int64(441)), (np.int64(2088), np.int64(441)), (np.int64(2478), np.int64(441))]
2025-10-20 18:43:37 [TRACE] 【坐标太近】视为重复
2025-10-20 18:43:37 [TRACE] 【没有通过的坐标】开始下一轮
2025-10-20 18:43:37 [TRACE] 【本轮的坐标】：(np.int64(2478), np.int64(443)) ------------
2025-10-20 18:43:37 [TRACE] 【已点击过的坐标】：[(-10, -10), (np.int64(1309), np.int64(441)), (np.int64(1699), np.int64(441)), (np.int64(2088), np.int64(441)), (np.int64(2478), np.int64(441))]
2025-10-20 18:43:37 [TRACE] 【坐标太近】视为重复
2025-10-20 18:43:37 [TRACE] 【没有通过的坐标】开始下一轮
2025-10-20 18:43:37 [TRACE] 【完成所有点击】有效次数：4
2025-10-20 18:43:37 [TRACE] 【目标检测】屏幕内没有目标
2025-10-20 18:43:38 [TRACE] 【目标检测】屏幕内没有目标
2025-10-20 18:43:39 [TRACE] 【目标检测】屏幕内没有目标
2025-10-20 18:43:40 [TRACE] 【目标检测】目标存在，但置信度不足
2025-10-20 18:43:42 [TRACE] 【目标检测】屏幕内没有目标
2025-10-20 18:43:43 [TRACE] 【状态】搜索模式：C:\Users\gelon\Desktop\ZA-Lite\assets/images/hollow\resonium.png 置信度：0.9999996423721313
2025-10-20 18:43:43 [TRACE] 【目标检测】屏幕内没有目标
2025-10-20 18:43:43 [TRACE] 【目标出现】C:\Users\gelon\Desktop\ZA-Lite\assets/images/hollow\resonium.png 置信度：0.9999998807907104
2025-10-20 18:43:43 [TRACE] 【本轮的坐标】：(np.int64(1309), np.int64(441)) ------------
2025-10-20 18:43:43 [TRACE] 【已点击过的坐标】：[(-10, -10)]
2025-10-20 18:43:43 [TRACE] 【成功点击】
2025-10-20 18:43:44 [TRACE] 【本轮的坐标】：(np.int64(1310), np.int64(441)) ------------
2025-10-20 18:43:44 [TRACE] 【已点击过的坐标】：[(-10, -10), (np.int64(1309), np.int64(441))]
2025-10-20 18:43:44 [TRACE] 【坐标太近】视为重复
2025-10-20 18:43:44 [TRACE] 【没有通过的坐标】开始下一轮
2025-10-20 18:43:44 [TRACE] 【本轮的坐标】：(np.int64(1699), np.int64(441)) ------------
2025-10-20 18:43:44 [TRACE] 【已点击过的坐标】：[(-10, -10), (np.int64(1309), np.int64(441))]
2025-10-20 18:43:44 [TRACE] 【成功点击】
2025-10-20 18:43:45 [TRACE] 【本轮的坐标】：(np.int64(2088), np.int64(441)) ------------
2025-10-20 18:43:45 [TRACE] 【已点击过的坐标】：[(-10, -10), (np.int64(1309), np.int64(441)), (np.int64(1699), np.int64(441))]
2025-10-20 18:43:45 [TRACE] 【成功点击】
2025-10-20 18:43:45 [TRACE] 【目标检测】屏幕内没有目标
2025-10-20 18:43:45 [TRACE] 【本轮的坐标】：(np.int64(2089), np.int64(441)) ------------
2025-10-20 18:43:45 [TRACE] 【已点击过的坐标】：[(-10, -10), (np.int64(1309), np.int64(441)), (np.int64(1699), np.int64(441)), (np.int64(2088), np.int64(441))]
2025-10-20 18:43:45 [TRACE] 【坐标太近】视为重复
2025-10-20 18:43:45 [TRACE] 【没有通过的坐标】开始下一轮
2025-10-20 18:43:45 [TRACE] 【本轮的坐标】：(np.int64(2478), np.int64(441)) ------------
2025-10-20 18:43:45 [TRACE] 【已点击过的坐标】：[(-10, -10), (np.int64(1309), np.int64(441)), (np.int64(1699), np.int64(441)), (np.int64(2088), np.int64(441))]
2025-10-20 18:43:45 [TRACE] 【成功点击】
2025-10-20 18:43:46 [TRACE] 【本轮的坐标】：(np.int64(1308), np.int64(442)) ------------
2025-10-20 18:43:46 [TRACE] 【已点击过的坐标】：[(-10, -10), (np.int64(1309), np.int64(441)), (np.int64(1699), np.int64(441)), (np.int64(2088), np.int64(441)), (np.int64(2478), np.int64(441))]
2025-10-20 18:43:46 [TRACE] 【坐标太近】视为重复
2025-10-20 18:43:46 [TRACE] 【没有通过的坐标】开始下一轮
2025-10-20 18:43:46 [TRACE] 【本轮的坐标】：(np.int64(1309), np.int64(442)) ------------
2025-10-20 18:43:46 [TRACE] 【已点击过的坐标】：[(-10, -10), (np.int64(1309), np.int64(441)), (np.int64(1699), np.int64(441)), (np.int64(2088), np.int64(441)), (np.int64(2478), np.int64(441))]
2025-10-20 18:43:46 [TRACE] 【坐标太近】视为重复
2025-10-20 18:43:46 [TRACE] 【没有通过的坐标】开始下一轮
2025-10-20 18:43:46 [TRACE] 【本轮的坐标】：(np.int64(1310), np.int64(442)) ------------
2025-10-20 18:43:46 [TRACE] 【已点击过的坐标】：[(-10, -10), (np.int64(1309), np.int64(441)), (np.int64(1699), np.int64(441)), (np.int64(2088), np.int64(441)), (np.int64(2478), np.int64(441))]
2025-10-20 18:43:46 [TRACE] 【坐标太近】视为重复
2025-10-20 18:43:46 [TRACE] 【没有通过的坐标】开始下一轮
2025-10-20 18:43:46 [TRACE] 【本轮的坐标】：(np.int64(1698), np.int64(442)) ------------
2025-10-20 18:43:46 [TRACE] 【已点击过的坐标】：[(-10, -10), (np.int64(1309), np.int64(441)), (np.int64(1699), np.int64(441)), (np.int64(2088), np.int64(441)), (np.int64(2478), np.int64(441))]
2025-10-20 18:43:46 [TRACE] 【坐标太近】视为重复
2025-10-20 18:43:46 [TRACE] 【没有通过的坐标】开始下一轮
2025-10-20 18:43:46 [TRACE] 【本轮的坐标】：(np.int64(1699), np.int64(442)) ------------
2025-10-20 18:43:46 [TRACE] 【已点击过的坐标】：[(-10, -10), (np.int64(1309), np.int64(441)), (np.int64(1699), np.int64(441)), (np.int64(2088), np.int64(441)), (np.int64(2478), np.int64(441))]
2025-10-20 18:43:46 [TRACE] 【坐标太近】视为重复
2025-10-20 18:43:46 [TRACE] 【没有通过的坐标】开始下一轮
2025-10-20 18:43:46 [TRACE] 【本轮的坐标】：(np.int64(1700), np.int64(442)) ------------
2025-10-20 18:43:46 [TRACE] 【已点击过的坐标】：[(-10, -10), (np.int64(1309), np.int64(441)), (np.int64(1699), np.int64(441)), (np.int64(2088), np.int64(441)), (np.int64(2478), np.int64(441))]
2025-10-20 18:43:46 [TRACE] 【坐标太近】视为重复
2025-10-20 18:43:46 [TRACE] 【没有通过的坐标】开始下一轮
2025-10-20 18:43:46 [TRACE] 【本轮的坐标】：(np.int64(2087), np.int64(442)) ------------
2025-10-20 18:43:46 [TRACE] 【已点击过的坐标】：[(-10, -10), (np.int64(1309), np.int64(441)), (np.int64(1699), np.int64(441)), (np.int64(2088), np.int64(441)), (np.int64(2478), np.int64(441))]
2025-10-20 18:43:46 [TRACE] 【坐标太近】视为重复
2025-10-20 18:43:46 [TRACE] 【没有通过的坐标】开始下一轮
2025-10-20 18:43:46 [TRACE] 【本轮的坐标】：(np.int64(2088), np.int64(442)) ------------
2025-10-20 18:43:46 [TRACE] 【已点击过的坐标】：[(-10, -10), (np.int64(1309), np.int64(441)), (np.int64(1699), np.int64(441)), (np.int64(2088), np.int64(441)), (np.int64(2478), np.int64(441))]
2025-10-20 18:43:46 [TRACE] 【坐标太近】视为重复
2025-10-20 18:43:46 [TRACE] 【没有通过的坐标】开始下一轮
2025-10-20 18:43:46 [TRACE] 【本轮的坐标】：(np.int64(2089), np.int64(442)) ------------
2025-10-20 18:43:46 [TRACE] 【已点击过的坐标】：[(-10, -10), (np.int64(1309), np.int64(441)), (np.int64(1699), np.int64(441)), (np.int64(2088), np.int64(441)), (np.int64(2478), np.int64(441))]
2025-10-20 18:43:46 [TRACE] 【坐标太近】视为重复
2025-10-20 18:43:46 [TRACE] 【没有通过的坐标】开始下一轮
2025-10-20 18:43:46 [TRACE] 【本轮的坐标】：(np.int64(2090), np.int64(442)) ------------
2025-10-20 18:43:46 [TRACE] 【已点击过的坐标】：[(-10, -10), (np.int64(1309), np.int64(441)), (np.int64(1699), np.int64(441)), (np.int64(2088), np.int64(441)), (np.int64(2478), np.int64(441))]
2025-10-20 18:43:46 [TRACE] 【坐标太近】视为重复
2025-10-20 18:43:46 [TRACE] 【没有通过的坐标】开始下一轮
2025-10-20 18:43:46 [TRACE] 【本轮的坐标】：(np.int64(2477), np.int64(442)) ------------
2025-10-20 18:43:46 [TRACE] 【已点击过的坐标】：[(-10, -10), (np.int64(1309), np.int64(441)), (np.int64(1699), np.int64(441)), (np.int64(2088), np.int64(441)), (np.int64(2478), np.int64(441))]
2025-10-20 18:43:46 [TRACE] 【坐标太近】视为重复
2025-10-20 18:43:46 [TRACE] 【没有通过的坐标】开始下一轮
2025-10-20 18:43:46 [TRACE] 【本轮的坐标】：(np.int64(2478), np.int64(442)) ------------
2025-10-20 18:43:46 [TRACE] 【已点击过的坐标】：[(-10, -10), (np.int64(1309), np.int64(441)), (np.int64(1699), np.int64(441)), (np.int64(2088), np.int64(441)), (np.int64(2478), np.int64(441))]
2025-10-20 18:43:46 [TRACE] 【坐标太近】视为重复
2025-10-20 18:43:46 [TRACE] 【没有通过的坐标】开始下一轮
2025-10-20 18:43:46 [TRACE] 【本轮的坐标】：(np.int64(2479), np.int64(442)) ------------
2025-10-20 18:43:46 [TRACE] 【已点击过的坐标】：[(-10, -10), (np.int64(1309), np.int64(441)), (np.int64(1699), np.int64(441)), (np.int64(2088), np.int64(441)), (np.int64(2478), np.int64(441))]
2025-10-20 18:43:46 [TRACE] 【坐标太近】视为重复
2025-10-20 18:43:46 [TRACE] 【没有通过的坐标】开始下一轮
2025-10-20 18:43:46 [TRACE] 【本轮的坐标】：(np.int64(1309), np.int64(443)) ------------
2025-10-20 18:43:46 [TRACE] 【已点击过的坐标】：[(-10, -10), (np.int64(1309), np.int64(441)), (np.int64(1699), np.int64(441)), (np.int64(2088), np.int64(441)), (np.int64(2478), np.int64(441))]
2025-10-20 18:43:46 [TRACE] 【坐标太近】视为重复
2025-10-20 18:43:46 [TRACE] 【没有通过的坐标】开始下一轮
2025-10-20 18:43:46 [TRACE] 【本轮的坐标】：(np.int64(1698), np.int64(443)) ------------
2025-10-20 18:43:46 [TRACE] 【已点击过的坐标】：[(-10, -10), (np.int64(1309), np.int64(441)), (np.int64(1699), np.int64(441)), (np.int64(2088), np.int64(441)), (np.int64(2478), np.int64(441))]
2025-10-20 18:43:46 [TRACE] 【坐标太近】视为重复
2025-10-20 18:43:46 [TRACE] 【没有通过的坐标】开始下一轮
2025-10-20 18:43:46 [TRACE] 【本轮的坐标】：(np.int64(1699), np.int64(443)) ------------
2025-10-20 18:43:46 [TRACE] 【已点击过的坐标】：[(-10, -10), (np.int64(1309), np.int64(441)), (np.int64(1699), np.int64(441)), (np.int64(2088), np.int64(441)), (np.int64(2478), np.int64(441))]
2025-10-20 18:43:46 [TRACE] 【坐标太近】视为重复
2025-10-20 18:43:46 [TRACE] 【没有通过的坐标】开始下一轮
2025-10-20 18:43:46 [TRACE] 【本轮的坐标】：(np.int64(2088), np.int64(443)) ------------
2025-10-20 18:43:46 [TRACE] 【已点击过的坐标】：[(-10, -10), (np.int64(1309), np.int64(441)), (np.int64(1699), np.int64(441)), (np.int64(2088), np.int64(441)), (np.int64(2478), np.int64(441))]
2025-10-20 18:43:46 [TRACE] 【坐标太近】视为重复
2025-10-20 18:43:46 [TRACE] 【没有通过的坐标】开始下一轮
2025-10-20 18:43:46 [TRACE] 【本轮的坐标】：(np.int64(2478), np.int64(443)) ------------
2025-10-20 18:43:46 [TRACE] 【已点击过的坐标】：[(-10, -10), (np.int64(1309), np.int64(441)), (np.int64(1699), np.int64(441)), (np.int64(2088), np.int64(441)), (np.int64(2478), np.int64(441))]
2025-10-20 18:43:46 [TRACE] 【坐标太近】视为重复
2025-10-20 18:43:46 [TRACE] 【没有通过的坐标】开始下一轮
2025-10-20 18:43:46 [TRACE] 【完成所有点击】有效次数：4
2025-10-20 18:43:46 [TRACE] 【目标检测】目标存在，但置信度不足
2025-10-20 18:43:47 [TRACE] 【目标检测】屏幕内没有目标
2025-10-20 18:43:49 [TRACE] 【目标检测】屏幕内没有目标
2025-10-20 18:43:50 [TRACE] 【目标检测】屏幕内没有目标
2025-10-20 18:43:51 [TRACE] 【目标检测】目标存在，但置信度不足
2025-10-20 18:43:54 [TRACE] 【状态】搜索模式：C:\Users\gelon\Desktop\ZA-Lite\assets/images/hollow\next_area.png 置信度：0.9999988675117493
2025-10-20 18:43:57 [TRACE] 【状态】搜索模式：C:\Users\gelon\Desktop\ZA-Lite\assets/images/hollow\meter.png 置信度：0.9111409783363342
2025-10-20 18:43:59 [TRACE] 【目标检测】微调超时，无法对齐！
2025-10-20 18:44:03 [TRACE] 【状态】搜索模式：C:\Users\gelon\Desktop\ZA-Lite\assets/images/hollow\meter.png 置信度：0.9010017514228821
2025-10-20 18:44:03 [TRACE] 【目标检测】TRAPPED！ 类型：guide_point 置信度：0.9536330103874207
2025-10-20 18:44:10 [TRACE] 【目标检测】屏幕内没有目标
2025-10-20 18:44:12 [TRACE] 【目标检测】屏幕内没有目标
2025-10-20 18:44:12 [TRACE] 【空洞监听】无匹配已持续：0秒
2025-10-20 18:44:16 [TRACE] 【目标检测】TRAPPED！ 类型：interact 置信度：0.9235256910324097
2025-10-20 18:44:18 [TRACE] 【空洞监听】无匹配已持续：6秒
2025-10-20 18:44:25 [TRACE] 【目标检测】目标存在，但置信度不足
2025-10-20 18:44:29 [TRACE] 【目标检测】目标存在，但置信度不足
2025-10-20 18:44:32 [TRACE] 【目标检测】微调超时，无法对齐！
2025-10-20 18:44:35 [TRACE] 【目标检测】屏幕内没有目标
2025-10-20 18:44:37 [TRACE] 【目标检测】目标存在，但置信度不足
2025-10-20 18:44:40 [TRACE] 【目标检测】目标存在，但置信度不足
2025-10-20 18:44:42 [TRACE] 【目标检测】屏幕内没有目标
2025-10-20 18:44:45 [TRACE] 【目标检测】微调超时，无法对齐！
2025-10-20 18:44:47 [TRACE] 【目标检测】屏幕内没有目标
2025-10-20 18:44:48 [TRACE] 【目标检测】目标存在，但置信度不足
2025-10-20 18:44:53 [TRACE] 【目标检测】屏幕内没有目标
2025-10-20 18:44:55 [TRACE] 【目标检测】目标存在，但置信度不足
2025-10-20 18:44:56 [TRACE] 【目标检测】目标存在，但置信度不足
2025-10-20 18:44:57 [TRACE] 【目标检测】目标存在，但置信度不足
2025-10-20 18:44:58 [TRACE] 【状态】搜索模式：C:\Users\gelon\Desktop\ZA-Lite\assets/images/hollow\resonium.png 置信度：0.9920591711997986
2025-10-20 18:44:58 [TRACE] 【目标出现】C:\Users\gelon\Desktop\ZA-Lite\assets/images/hollow\resonium.png 置信度：0.9920591711997986
2025-10-20 18:44:58 [TRACE] 【本轮的坐标】：(np.int64(1581), np.int64(461)) ------------
2025-10-20 18:44:58 [TRACE] 【已点击过的坐标】：[(-10, -10)]
2025-10-20 18:44:58 [TRACE] 【成功点击】
2025-10-20 18:44:58 [TRACE] 【目标检测】目标存在，但置信度不足
2025-10-20 18:44:59 [TRACE] 【本轮的坐标】：(np.int64(1582), np.int64(461)) ------------
2025-10-20 18:44:59 [TRACE] 【已点击过的坐标】：[(-10, -10), (np.int64(1581), np.int64(461))]
2025-10-20 18:44:59 [TRACE] 【坐标太近】视为重复
2025-10-20 18:44:59 [TRACE] 【没有通过的坐标】开始下一轮
2025-10-20 18:44:59 [TRACE] 【本轮的坐标】：(np.int64(1580), np.int64(462)) ------------
2025-10-20 18:44:59 [TRACE] 【已点击过的坐标】：[(-10, -10), (np.int64(1581), np.int64(461))]
2025-10-20 18:44:59 [TRACE] 【坐标太近】视为重复
2025-10-20 18:44:59 [TRACE] 【没有通过的坐标】开始下一轮
2025-10-20 18:44:59 [TRACE] 【本轮的坐标】：(np.int64(1581), np.int64(462)) ------------
2025-10-20 18:44:59 [TRACE] 【已点击过的坐标】：[(-10, -10), (np.int64(1581), np.int64(461))]
2025-10-20 18:44:59 [TRACE] 【坐标太近】视为重复
2025-10-20 18:44:59 [TRACE] 【没有通过的坐标】开始下一轮
2025-10-20 18:44:59 [TRACE] 【本轮的坐标】：(np.int64(1582), np.int64(462)) ------------
2025-10-20 18:44:59 [TRACE] 【已点击过的坐标】：[(-10, -10), (np.int64(1581), np.int64(461))]
2025-10-20 18:44:59 [TRACE] 【坐标太近】视为重复
2025-10-20 18:44:59 [TRACE] 【没有通过的坐标】开始下一轮
2025-10-20 18:44:59 [TRACE] 【本轮的坐标】：(np.int64(1581), np.int64(463)) ------------
2025-10-20 18:44:59 [TRACE] 【已点击过的坐标】：[(-10, -10), (np.int64(1581), np.int64(461))]
2025-10-20 18:44:59 [TRACE] 【坐标太近】视为重复
2025-10-20 18:44:59 [TRACE] 【没有通过的坐标】开始下一轮
2025-10-20 18:44:59 [TRACE] 【完成所有点击】有效次数：1
2025-10-20 18:44:59 [TRACE] 【目标检测】目标存在，但置信度不足
2025-10-20 18:45:00 [TRACE] 【目标检测】目标存在，但置信度不足
2025-10-20 18:45:02 [TRACE] 【目标检测】目标存在，但置信度不足
2025-10-20 18:45:03 [TRACE] 【目标检测】目标存在，但置信度不足
2025-10-20 18:45:04 [TRACE] 【目标检测】目标存在，但置信度不足
2025-10-20 18:45:09 [TRACE] 【目标检测】微调超时，无法对齐！
2025-10-20 18:45:09 [TRACE] 【状态】搜索模式：C:\Users\gelon\Desktop\ZA-Lite\assets/images/hollow\meter.png 置信度：0.9557796120643616
2025-10-20 18:45:11 [TRACE] 【目标检测】目标存在，但置信度不足
2025-10-20 18:45:15 [TRACE] 【状态】搜索模式：C:\Users\gelon\Desktop\ZA-Lite\assets/images/hollow\meter.png 置信度：0.9873151183128357
2025-10-20 18:45:18 [TRACE] 【目标检测】微调超时，无法对齐！
2025-10-20 18:45:20 [TRACE] 【目标检测】目标存在，但置信度不足
2025-10-20 18:45:23 [TRACE] 【状态】搜索模式：C:\Users\gelon\Desktop\ZA-Lite\assets/images/hollow\meter.png 置信度：0.9347000122070312
2025-10-20 18:45:28 [TRACE] 【目标检测】微调超时，无法对齐！
2025-10-20 18:45:29 [TRACE] 【状态】搜索模式：C:\Users\gelon\Desktop\ZA-Lite\assets/images/hollow\meter.png 置信度：0.976184606552124
2025-10-20 18:45:32 [TRACE] 【目标检测】TRAPPED！ 类型：guide_point 置信度：0.895200788974762
2025-10-20 18:45:38 [TRACE] 【空洞监听】无匹配已持续：0秒
2025-10-20 18:45:39 [TRACE] 【目标检测】屏幕内没有目标
2025-10-20 18:45:40 [TRACE] 【目标检测】屏幕内没有目标
2025-10-20 18:45:42 [TRACE] 【目标检测】屏幕内没有目标
2025-10-20 18:45:43 [TRACE] 【目标检测】屏幕内没有目标
2025-10-20 18:45:45 [TRACE] 【空洞监听】无匹配已持续：6秒
2025-10-20 18:45:46 [TRACE] 【状态】搜索模式：C:\Users\gelon\Desktop\ZA-Lite\assets/images/hollow\next_area.png 置信度：0.9999997019767761
2025-10-20 18:45:48 [TRACE] 【目标检测】TRAPPED！ 类型：red_portal 置信度：0.8200423121452332
2025-10-20 18:46:02 [TRACE] 【状态】搜索模式：C:\Users\gelon\Desktop\ZA-Lite\assets/images/hollow\meter.png 置信度：0.9308769106864929
2025-10-20 18:46:02 [TRACE] 【目标检测】微调超时，无法对齐！
2025-10-20 18:46:06 [TRACE] 【目标检测】TRAPPED！ 类型：red_portal 置信度：0.8454504013061523
2025-10-20 18:46:11 [TRACE] 【空洞监听】无匹配已持续：0秒
2025-10-20 18:46:11 [TRACE] 【目标检测】TRAPPED！ 类型：red_portal 置信度：0.9213317036628723
2025-10-20 18:46:21 [TRACE] 【目标检测】TRAPPED！ 类型：red_portal 置信度：0.9291530251502991
2025-10-20 18:46:21 [TRACE] 【状态】搜索模式：C:\Users\gelon\Desktop\ZA-Lite\assets/images/hollow\meter.png 置信度：0.9178667068481445
2025-10-20 18:46:26 [TRACE] 【目标检测】TRAPPED！ 类型：red_portal 置信度：0.9024856090545654
2025-10-20 18:46:27 [TRACE] 【状态】搜索模式：C:\Users\gelon\Desktop\ZA-Lite\assets/images/hollow\meter.png 置信度：0.9717370271682739
2025-10-20 18:46:34 [TRACE] 【目标检测】屏幕内没有目标
2025-10-20 18:46:35 [TRACE] 【目标检测】屏幕内没有目标
2025-10-20 18:46:36 [TRACE] 【空洞监听】无匹配已持续：0秒
2025-10-20 18:46:36 [TRACE] 【目标检测】屏幕内没有目标
2025-10-20 18:46:38 [TRACE] 【目标检测】屏幕内没有目标
2025-10-20 18:46:39 [TRACE] 【目标检测】屏幕内没有目标
2025-10-20 18:46:42 [TRACE] 【空洞监听】无匹配已持续：6秒
2025-10-20 18:46:42 [TRACE] 【目标检测】屏幕内没有目标
2025-10-20 18:46:44 [TRACE] 【目标检测】屏幕内没有目标
2025-10-20 18:46:45 [TRACE] 【目标检测】屏幕内没有目标
2025-10-20 18:46:46 [TRACE] 【目标检测】屏幕内没有目标
2025-10-20 18:46:48 [TRACE] 【目标检测】屏幕内没有目标
2025-10-20 18:46:49 [TRACE] 【状态】战斗模式：正在受到攻击
2025-10-20 18:46:53 [TRACE] 【状态】战斗模式：C:\Users\gelon\Desktop\ZA-Lite\assets/images/hollow\battle_5.png 置信度：0.9985601305961609
2025-10-20 18:46:56 [TRACE] 【状态】战斗模式：正在受到攻击
2025-10-20 18:47:01 [TRACE] 【空洞监听】无匹配已持续：0秒
2025-10-20 18:47:04 [TRACE] 【状态】战斗模式：C:\Users\gelon\Desktop\ZA-Lite\assets/images/hollow\battle_5.png 置信度：0.9876309633255005
2025-10-20 18:47:07 [TRACE] 【状态】战斗模式：正在受到攻击
2025-10-20 18:47:13 [TRACE] 【状态】战斗模式：正在受到攻击
2025-10-20 18:47:17 [TRACE] 【状态】战斗模式：C:\Users\gelon\Desktop\ZA-Lite\assets/images/hollow\battle_5.png 置信度：0.9751884341239929
2025-10-20 18:47:23 [TRACE] 【状态】战斗模式：C:\Users\gelon\Desktop\ZA-Lite\assets/images/hollow\battle_5.png 置信度：0.9815352559089661
2025-10-20 18:47:29 [TRACE] 【状态】战斗模式：C:\Users\gelon\Desktop\ZA-Lite\assets/images/hollow\battle_5.png 置信度：0.9723650217056274
2025-10-20 18:47:32 [TRACE] 【状态】战斗模式：正在受到攻击
2025-10-20 18:47:36 [TRACE] 【状态】战斗模式：C:\Users\gelon\Desktop\ZA-Lite\assets/images/hollow\battle_5.png 置信度：0.9801632165908813
2025-10-20 18:47:44 [TRACE] 【状态】战斗模式：正在受到攻击
2025-10-20 18:47:51 [TRACE] 【空洞监听】无匹配已持续：0秒
2025-10-20 18:47:57 [TRACE] 【状态】战斗模式：正在受到攻击
2025-10-20 18:48:00 [TRACE] 【状态】战斗模式：C:\Users\gelon\Desktop\ZA-Lite\assets/images/hollow\battle_5.png 置信度：0.984062671661377
2025-10-20 18:48:07 [TRACE] 【状态】战斗模式：C:\Users\gelon\Desktop\ZA-Lite\assets/images/hollow\battle_5.png 置信度：0.9521644711494446
2025-10-20 18:48:13 [TRACE] 【状态】战斗模式：C:\Users\gelon\Desktop\ZA-Lite\assets/images/hollow\battle_5.png 置信度：0.9859037399291992
2025-10-20 18:48:22 [TRACE] 【状态】战斗模式：正在受到攻击
2025-10-20 18:48:28 [TRACE] 【状态】战斗模式：正在受到攻击
2025-10-20 18:48:31 [TRACE] 【状态】战斗模式：C:\Users\gelon\Desktop\ZA-Lite\assets/images/hollow\battle_5.png 置信度：0.9879412651062012
2025-10-20 18:48:40 [TRACE] 【空洞监听】无匹配已持续：0秒
2025-10-20 18:48:46 [TRACE] 【空洞监听】无匹配已持续：5秒
2025-10-20 18:48:53 [TRACE] 【空洞监听】无匹配已持续：12秒
2025-10-20 18:48:56 [TRACE] 【状态】战斗模式：C:\Users\gelon\Desktop\ZA-Lite\assets/images/hollow\battle_5.png 置信度：0.9998894333839417
2025-10-20 18:49:03 [TRACE] 【状态】战斗模式：C:\Users\gelon\Desktop\ZA-Lite\assets/images/hollow\battle_5.png 置信度：0.9670759439468384
2025-10-20 18:49:11 [TRACE] 【状态】战斗模式：正在受到攻击
2025-10-20 18:49:15 [TRACE] 【状态】战斗模式：C:\Users\gelon\Desktop\ZA-Lite\assets/images/hollow\battle_5.png 置信度：0.9833602905273438
2025-10-20 18:49:23 [TRACE] 【状态】战斗模式：正在受到攻击
2025-10-20 18:49:29 [TRACE] 【状态】战斗模式：正在受到攻击
2025-10-20 18:49:35 [TRACE] 【空洞监听】无匹配已持续：0秒
2025-10-20 18:49:41 [TRACE] 【空洞监听】无匹配已持续：6秒
2025-10-20 18:49:45 [TRACE] 【状态】战斗模式：C:\Users\gelon\Desktop\ZA-Lite\assets/images/hollow\battle_5.png 置信度：0.9808076620101929
2025-10-20 18:49:54 [TRACE] 【状态】战斗模式：正在受到攻击
2025-10-20 18:49:58 [TRACE] 【状态】战斗模式：C:\Users\gelon\Desktop\ZA-Lite\assets/images/hollow\battle_5.png 置信度：0.9794979095458984
2025-10-20 18:50:06 [TRACE] 【状态】战斗模式：正在受到攻击
2025-10-20 18:50:10 [TRACE] 【状态】战斗模式：C:\Users\gelon\Desktop\ZA-Lite\assets/images/hollow\battle_5.png 置信度：0.971156895160675
2025-10-20 18:50:18 [TRACE] 【状态】战斗模式：正在受到攻击
2025-10-20 18:50:22 [TRACE] 【状态】战斗模式：C:\Users\gelon\Desktop\ZA-Lite\assets/images/hollow\battle_5.png 置信度：0.9863768219947815
2025-10-20 18:50:28 [TRACE] 【状态】战斗模式：C:\Users\gelon\Desktop\ZA-Lite\assets/images/hollow\battle_5.png 置信度：0.9565646648406982
2025-10-20 18:50:31 [TRACE] 【状态】战斗模式：正在受到攻击
2025-10-20 18:50:37 [TRACE] 【空洞监听】无匹配已持续：0秒
2025-10-20 18:50:40 [TRACE] 【状态】战斗模式：C:\Users\gelon\Desktop\ZA-Lite\assets/images/hollow\battle_5.png 置信度：0.9806931614875793
2025-10-20 18:50:49 [TRACE] 【空洞监听】无匹配已持续：0秒
2025-10-20 18:50:53 [TRACE] 【状态】战斗模式：C:\Users\gelon\Desktop\ZA-Lite\assets/images/hollow\battle_5.png 置信度：0.9802868962287903
2025-10-20 18:51:01 [TRACE] 【空洞监听】无匹配已持续：0秒
2025-10-20 18:51:05 [TRACE] 【状态】战斗模式：C:\Users\gelon\Desktop\ZA-Lite\assets/images/hollow\battle_5.png 置信度：0.9763734340667725
2025-10-20 18:51:08 [TRACE] 【状态】战斗模式：正在受到攻击
2025-10-20 18:51:11 [TRACE] 【状态】战斗模式：C:\Users\gelon\Desktop\ZA-Lite\assets/images/hollow\battle_5.png 置信度：0.9827181100845337
2025-10-20 18:51:14 [TRACE] 【状态】战斗模式：正在受到攻击
2025-10-20 18:51:20 [TRACE] 【空洞监听】无匹配已持续：0秒
2025-10-20 18:51:26 [TRACE] 【空洞监听】无匹配已持续：6秒
2025-10-20 18:51:32 [TRACE] 【空洞监听】无匹配已持续：12秒
2025-10-20 18:51:37 [TRACE] 【状态】完成：C:\Users\gelon\Desktop\ZA-Lite\assets/images/hollow\mission_completed.png 置信度：0.9999996423721313
2025-10-20 18:51:37 [SUCCESS] 成功通关空洞
2025-10-20 18:51:38 [INFO] 本轮耗时:31分钟
2025-10-20 18:51:38 [INFO] 当前已完成空洞 1 次 
2025-10-20 18:51:38 [DEBUG] 正在返回菜单
2025-10-20 18:51:38 [TRACE] 正在返回菜单,请保持游戏画面处于前台
2025-10-20 18:51:41 [TRACE] 正在返回菜单,请保持游戏画面处于前台
2025-10-20 18:51:44 [TRACE] 正在返回菜单,请保持游戏画面处于前台
2025-10-20 18:51:48 [TRACE] 正在返回菜单,请保持游戏画面处于前台
2025-10-20 18:51:51 [TRACE] 正在返回菜单,请保持游戏画面处于前台
2025-10-20 18:51:54 [TRACE] 现在处于大厅
2025-10-20 18:51:55 [INFO] 执行零号空洞任务中
2025-10-20 18:51:55 [TRACE] 【1】等待目标中 C:\Users\gelon\Desktop\ZA-Lite\assets/images/hollow\combat.png
2025-10-20 18:51:56 [TRACE] 【目标出现】C:\Users\gelon\Desktop\ZA-Lite\assets/images/hollow\combat.png 置信度：0.9763026237487793
2025-10-20 18:51:57 [TRACE] 【目标出现】C:\Users\gelon\Desktop\ZA-Lite\assets/images/hollow\zero_hollow.png 置信度：0.9999953508377075
2025-10-20 18:51:59 [TRACE] 【目标出现】C:\Users\gelon\Desktop\ZA-Lite\assets/images/hollow\go_hollow.png 置信度：0.9945769309997559
2025-10-20 18:52:00 [TRACE] 【目标出现】C:\Users\gelon\Desktop\ZA-Lite\assets/images/hollow\confirm.png 置信度：0.9839402437210083
2025-10-20 18:52:02 [TRACE] 【1】等待目标中 C:\Users\gelon\Desktop\ZA-Lite\assets/images/hollow\hollow_taskforce.png
2025-10-20 18:52:02 [TRACE] 【2】等待目标中 C:\Users\gelon\Desktop\ZA-Lite\assets/images/hollow\hollow_taskforce.png
2025-10-20 18:52:03 [TRACE] 【3】等待目标中 C:\Users\gelon\Desktop\ZA-Lite\assets/images/hollow\hollow_taskforce.png
2025-10-20 18:52:04 [TRACE] 【目标出现】C:\Users\gelon\Desktop\ZA-Lite\assets/images/hollow\hollow_taskforce.png 置信度：0.9999887347221375
2025-10-20 18:52:05 [TRACE] 【目标出现】C:\Users\gelon\Desktop\ZA-Lite\assets/images/hollow\strategy.png 置信度：0.9999997019767761
2025-10-20 18:52:06 [TRACE] 【1】等待目标中 C:\Users\gelon\Desktop\ZA-Lite\assets/images/hollow\strategy_confirm.png
2025-10-20 18:52:07 [TRACE] 【目标出现】C:\Users\gelon\Desktop\ZA-Lite\assets/images/hollow\strategy_confirm.png 置信度：0.9999995827674866
2025-10-20 18:52:09 [TRACE] 【目标出现】C:\Users\gelon\Desktop\ZA-Lite\assets/images/hollow\next_step.png 置信度：0.9780774116516113
2025-10-20 18:52:10 [TRACE] 【目标出现】C:\Users\gelon\Desktop\ZA-Lite\assets/images/daily\squad_preset.png 置信度：0.9862320423126221
2025-10-20 18:52:11 [TRACE] 【目标出现】C:\Users\gelon\Desktop\ZA-Lite\assets/images/daily\squad_6.png 置信度：0.9620028734207153
2025-10-20 18:52:12 [TRACE] 【目标出现】C:\Users\gelon\Desktop\ZA-Lite\assets/images/daily\select_squad.png 置信度：0.9680701494216919
2025-10-20 18:52:14 [TRACE] 【目标出现】C:\Users\gelon\Desktop\ZA-Lite\assets/images/hollow\start_battle.png 置信度：0.981054425239563
2025-10-20 18:52:16 [TRACE] 【目标检测】屏幕内没有目标
2025-10-20 18:52:17 [TRACE] 【目标检测】屏幕内没有目标
2025-10-20 18:52:18 [TRACE] 【目标检测】屏幕内没有目标
2025-10-20 18:52:20 [TRACE] 【目标检测】屏幕内没有目标
2025-10-20 18:52:21 [TRACE] 【目标检测】屏幕内没有目标
2025-10-20 18:52:22 [TRACE] 【空洞监听】无匹配已持续：0秒
2025-10-20 18:52:24 [TRACE] 【目标检测】屏幕内没有目标
2025-10-20 18:52:25 [TRACE] 【目标检测】屏幕内没有目标
2025-10-20 18:52:26 [TRACE] 【目标检测】屏幕内没有目标
2025-10-20 18:52:27 [TRACE] 【空洞监听】无匹配已持续：5秒
2025-10-20 18:52:27 [TRACE] 【目标检测】屏幕内没有目标
2025-10-20 18:52:29 [TRACE] 【目标检测】屏幕内没有目标
2025-10-20 18:52:32 [TRACE] 【目标检测】屏幕内没有目标
2025-10-20 18:52:33 [TRACE] 【目标检测】屏幕内没有目标
2025-10-20 18:52:34 [TRACE] 【空洞监听】无匹配已持续：12秒
2025-10-20 18:52:34 [TRACE] 【目标检测】屏幕内没有目标
2025-10-20 18:52:36 [TRACE] 【目标检测】屏幕内没有目标
2025-10-20 18:52:37 [TRACE] 【目标检测】屏幕内没有目标
2025-10-20 18:52:40 [TRACE] 【空洞监听】无匹配已持续：18秒
2025-10-20 18:52:41 [TRACE] 【目标检测】TRAPPED！ 类型：interact 置信度：0.9427711367607117
2025-10-20 18:52:47 [TRACE] 【状态】搜索模式：C:\Users\gelon\Desktop\ZA-Lite\assets/images/hollow\card.png 置信度：0.9999998211860657
2025-10-20 18:52:48 [TRACE] 【目标检测】目标存在，但置信度不足
2025-10-20 18:52:50 [TRACE] 【目标检测】屏幕内没有目标
2025-10-20 18:52:51 [TRACE] 【目标检测】目标存在，但置信度不足
2025-10-20 18:52:52 [TRACE] 【目标检测】屏幕内没有目标
2025-10-20 18:52:54 [TRACE] 【目标检测】屏幕内没有目标
2025-10-20 18:52:58 [TRACE] 【目标检测】TRAPPED！ 类型：interact 置信度：0.8912407755851746
2025-10-20 18:53:01 [TRACE] 【空洞监听】无匹配已持续：0秒
2025-10-20 18:53:05 [TRACE] 【目标检测】屏幕内没有目标
2025-10-20 18:53:06 [TRACE] 【目标检测】屏幕内没有目标
2025-10-20 18:53:13 [TRACE] 【目标检测】TRAPPED！ 类型：interact 置信度：0.9395727515220642
2025-10-20 18:53:14 [TRACE] 【空洞监听】无匹配已持续：0秒
2025-10-20 18:53:19 [TRACE] 【目标检测】TRAPPED！ 类型：interact 置信度：0.9366710782051086
2025-10-20 18:53:21 [TRACE] 【空洞监听】无匹配已持续：6秒
2025-10-20 18:53:26 [TRACE] 【目标检测】TRAPPED！ 类型：interact 置信度：0.9258235096931458
2025-10-20 18:53:28 [TRACE] 【空洞监听】无匹配已持续：13秒
2025-10-20 18:53:34 [TRACE] 【空洞监听】无匹配已持续：19秒
2025-10-20 18:53:35 [TRACE] 【目标检测】TRAPPED！ 类型：interact 置信度：0.9395102262496948
2025-10-20 18:53:42 [TRACE] 【目标检测】屏幕内没有目标
2025-10-20 18:53:43 [TRACE] 【目标检测】屏幕内没有目标
2025-10-20 18:53:44 [TRACE] 【目标检测】屏幕内没有目标
2025-10-20 18:53:46 [TRACE] 【目标检测】屏幕内没有目标
2025-10-20 18:53:47 [TRACE] 【目标检测】屏幕内没有目标
2025-10-20 18:53:56 [TRACE] 【空洞监听】无匹配已持续：0秒
2025-10-20 18:53:57 [TRACE] 【目标检测】微调超时，无法对齐！
2025-10-20 18:54:00 [TRACE] 【状态】搜索模式：C:\Users\gelon\Desktop\ZA-Lite\assets/images/hollow\meter.png 置信度：0.9446920156478882
2025-10-20 18:54:00 [TRACE] 【目标检测】TRAPPED！ 类型：blue_portal 置信度：0.7633854150772095
2025-10-20 18:54:07 [TRACE] 【目标检测】屏幕内没有目标
2025-10-20 18:54:08 [TRACE] 【目标检测】屏幕内没有目标
2025-10-20 18:54:10 [TRACE] 【目标检测】TRAPPED！ 类型：blue_portal 置信度：0.8504462838172913
2025-10-20 18:54:16 [TRACE] 【空洞监听】无匹配已持续：0秒
2025-10-20 18:54:17 [TRACE] 【目标检测】屏幕内没有目标
2025-10-20 18:54:18 [TRACE] 【目标检测】屏幕内没有目标
2025-10-20 18:54:19 [TRACE] 【目标检测】屏幕内没有目标
2025-10-20 18:54:21 [TRACE] 【目标检测】屏幕内没有目标
2025-10-20 18:54:23 [TRACE] 【空洞监听】无匹配已持续：6秒
2025-10-20 18:54:25 [TRACE] 【目标检测】屏幕内没有目标
2025-10-20 18:54:26 [TRACE] 【状态】战斗模式：C:\Users\gelon\Desktop\ZA-Lite\assets/images/hollow\battle_3.png 置信度：1.0
2025-10-20 18:54:36 [TRACE] 【状态】搜索模式：C:\Users\gelon\Desktop\ZA-Lite\assets/images/hollow\resonium.png 置信度：0.9999996423721313
2025-10-20 18:54:36 [TRACE] 【目标出现】C:\Users\gelon\Desktop\ZA-Lite\assets/images/hollow\resonium.png 置信度：0.9999996423721313
2025-10-20 18:54:36 [TRACE] 【本轮的坐标】：(np.int64(1174), np.int64(461)) ------------
2025-10-20 18:54:36 [TRACE] 【已点击过的坐标】：[(-10, -10)]
2025-10-20 18:54:36 [TRACE] 【成功点击】
2025-10-20 18:54:37 [TRACE] 【目标检测】屏幕内没有目标
2025-10-20 18:54:37 [TRACE] 【本轮的坐标】：(np.int64(1581), np.int64(461)) ------------
2025-10-20 18:54:37 [TRACE] 【已点击过的坐标】：[(-10, -10), (np.int64(1174), np.int64(461))]
2025-10-20 18:54:37 [TRACE] 【成功点击】
2025-10-20 18:54:38 [TRACE] 【目标检测】屏幕内没有目标
2025-10-20 18:54:38 [TRACE] 【本轮的坐标】：(np.int64(1582), np.int64(461)) ------------
2025-10-20 18:54:38 [TRACE] 【已点击过的坐标】：[(-10, -10), (np.int64(1174), np.int64(461)), (np.int64(1581), np.int64(461))]
2025-10-20 18:54:38 [TRACE] 【坐标太近】视为重复
2025-10-20 18:54:38 [TRACE] 【没有通过的坐标】开始下一轮
2025-10-20 18:54:38 [TRACE] 【本轮的坐标】：(np.int64(1988), np.int64(461)) ------------
2025-10-20 18:54:38 [TRACE] 【已点击过的坐标】：[(-10, -10), (np.int64(1174), np.int64(461)), (np.int64(1581), np.int64(461))]
2025-10-20 18:54:38 [TRACE] 【成功点击】
2025-10-20 18:54:38 [TRACE] 【本轮的坐标】：(np.int64(1989), np.int64(461)) ------------
2025-10-20 18:54:38 [TRACE] 【已点击过的坐标】：[(-10, -10), (np.int64(1174), np.int64(461)), (np.int64(1581), np.int64(461)), (np.int64(1988), np.int64(461))]
2025-10-20 18:54:38 [TRACE] 【坐标太近】视为重复
2025-10-20 18:54:38 [TRACE] 【没有通过的坐标】开始下一轮
2025-10-20 18:54:38 [TRACE] 【本轮的坐标】：(np.int64(1173), np.int64(462)) ------------
2025-10-20 18:54:38 [TRACE] 【已点击过的坐标】：[(-10, -10), (np.int64(1174), np.int64(461)), (np.int64(1581), np.int64(461)), (np.int64(1988), np.int64(461))]
2025-10-20 18:54:38 [TRACE] 【坐标太近】视为重复
2025-10-20 18:54:38 [TRACE] 【没有通过的坐标】开始下一轮
2025-10-20 18:54:38 [TRACE] 【本轮的坐标】：(np.int64(1174), np.int64(462)) ------------
2025-10-20 18:54:38 [TRACE] 【已点击过的坐标】：[(-10, -10), (np.int64(1174), np.int64(461)), (np.int64(1581), np.int64(461)), (np.int64(1988), np.int64(461))]
2025-10-20 18:54:38 [TRACE] 【坐标太近】视为重复
2025-10-20 18:54:38 [TRACE] 【没有通过的坐标】开始下一轮
2025-10-20 18:54:38 [TRACE] 【本轮的坐标】：(np.int64(1175), np.int64(462)) ------------
2025-10-20 18:54:38 [TRACE] 【已点击过的坐标】：[(-10, -10), (np.int64(1174), np.int64(461)), (np.int64(1581), np.int64(461)), (np.int64(1988), np.int64(461))]
2025-10-20 18:54:38 [TRACE] 【坐标太近】视为重复
2025-10-20 18:54:38 [TRACE] 【没有通过的坐标】开始下一轮
2025-10-20 18:54:38 [TRACE] 【本轮的坐标】：(np.int64(1580), np.int64(462)) ------------
2025-10-20 18:54:38 [TRACE] 【已点击过的坐标】：[(-10, -10), (np.int64(1174), np.int64(461)), (np.int64(1581), np.int64(461)), (np.int64(1988), np.int64(461))]
2025-10-20 18:54:38 [TRACE] 【坐标太近】视为重复
2025-10-20 18:54:38 [TRACE] 【没有通过的坐标】开始下一轮
2025-10-20 18:54:38 [TRACE] 【本轮的坐标】：(np.int64(1581), np.int64(462)) ------------
2025-10-20 18:54:38 [TRACE] 【已点击过的坐标】：[(-10, -10), (np.int64(1174), np.int64(461)), (np.int64(1581), np.int64(461)), (np.int64(1988), np.int64(461))]
2025-10-20 18:54:38 [TRACE] 【坐标太近】视为重复
2025-10-20 18:54:38 [TRACE] 【没有通过的坐标】开始下一轮
2025-10-20 18:54:38 [TRACE] 【本轮的坐标】：(np.int64(1582), np.int64(462)) ------------
2025-10-20 18:54:38 [TRACE] 【已点击过的坐标】：[(-10, -10), (np.int64(1174), np.int64(461)), (np.int64(1581), np.int64(461)), (np.int64(1988), np.int64(461))]
2025-10-20 18:54:38 [TRACE] 【坐标太近】视为重复
2025-10-20 18:54:38 [TRACE] 【没有通过的坐标】开始下一轮
2025-10-20 18:54:38 [TRACE] 【本轮的坐标】：(np.int64(1987), np.int64(462)) ------------
2025-10-20 18:54:38 [TRACE] 【已点击过的坐标】：[(-10, -10), (np.int64(1174), np.int64(461)), (np.int64(1581), np.int64(461)), (np.int64(1988), np.int64(461))]
2025-10-20 18:54:38 [TRACE] 【坐标太近】视为重复
2025-10-20 18:54:38 [TRACE] 【没有通过的坐标】开始下一轮
2025-10-20 18:54:38 [TRACE] 【本轮的坐标】：(np.int64(1988), np.int64(462)) ------------
2025-10-20 18:54:38 [TRACE] 【已点击过的坐标】：[(-10, -10), (np.int64(1174), np.int64(461)), (np.int64(1581), np.int64(461)), (np.int64(1988), np.int64(461))]
2025-10-20 18:54:38 [TRACE] 【坐标太近】视为重复
2025-10-20 18:54:38 [TRACE] 【没有通过的坐标】开始下一轮
2025-10-20 18:54:38 [TRACE] 【本轮的坐标】：(np.int64(1989), np.int64(462)) ------------
2025-10-20 18:54:38 [TRACE] 【已点击过的坐标】：[(-10, -10), (np.int64(1174), np.int64(461)), (np.int64(1581), np.int64(461)), (np.int64(1988), np.int64(461))]
2025-10-20 18:54:38 [TRACE] 【坐标太近】视为重复
2025-10-20 18:54:38 [TRACE] 【没有通过的坐标】开始下一轮
2025-10-20 18:54:38 [TRACE] 【本轮的坐标】：(np.int64(1990), np.int64(462)) ------------
2025-10-20 18:54:38 [TRACE] 【已点击过的坐标】：[(-10, -10), (np.int64(1174), np.int64(461)), (np.int64(1581), np.int64(461)), (np.int64(1988), np.int64(461))]
2025-10-20 18:54:38 [TRACE] 【坐标太近】视为重复
2025-10-20 18:54:38 [TRACE] 【没有通过的坐标】开始下一轮
2025-10-20 18:54:38 [TRACE] 【本轮的坐标】：(np.int64(1174), np.int64(463)) ------------
2025-10-20 18:54:38 [TRACE] 【已点击过的坐标】：[(-10, -10), (np.int64(1174), np.int64(461)), (np.int64(1581), np.int64(461)), (np.int64(1988), np.int64(461))]
2025-10-20 18:54:38 [TRACE] 【坐标太近】视为重复
2025-10-20 18:54:38 [TRACE] 【没有通过的坐标】开始下一轮
2025-10-20 18:54:38 [TRACE] 【本轮的坐标】：(np.int64(1581), np.int64(463)) ------------
2025-10-20 18:54:38 [TRACE] 【已点击过的坐标】：[(-10, -10), (np.int64(1174), np.int64(461)), (np.int64(1581), np.int64(461)), (np.int64(1988), np.int64(461))]
2025-10-20 18:54:38 [TRACE] 【坐标太近】视为重复
2025-10-20 18:54:38 [TRACE] 【没有通过的坐标】开始下一轮
2025-10-20 18:54:38 [TRACE] 【本轮的坐标】：(np.int64(1988), np.int64(463)) ------------
2025-10-20 18:54:38 [TRACE] 【已点击过的坐标】：[(-10, -10), (np.int64(1174), np.int64(461)), (np.int64(1581), np.int64(461)), (np.int64(1988), np.int64(461))]
2025-10-20 18:54:38 [TRACE] 【坐标太近】视为重复
2025-10-20 18:54:38 [TRACE] 【没有通过的坐标】开始下一轮
2025-10-20 18:54:38 [TRACE] 【完成所有点击】有效次数：3
2025-10-20 18:54:39 [TRACE] 【目标检测】屏幕内没有目标
2025-10-20 18:54:40 [TRACE] 【目标检测】目标存在，但置信度不足
2025-10-20 18:54:41 [TRACE] 【目标检测】屏幕内没有目标
2025-10-20 18:54:42 [TRACE] 【目标检测】屏幕内没有目标
2025-10-20 18:54:46 [TRACE] 【状态】搜索模式：C:\Users\gelon\Desktop\ZA-Lite\assets/images/hollow\next_area.png 置信度：0.9999995231628418
2025-10-20 18:54:47 [TRACE] 【目标检测】目标存在，但置信度不足
2025-10-20 18:54:49 [TRACE] 【状态】搜索模式：C:\Users\gelon\Desktop\ZA-Lite\assets/images/hollow\meter.png 置信度：0.9089727997779846
2025-10-20 18:54:50 [TRACE] 【目标检测】微调超时，无法对齐！
2025-10-20 18:54:53 [TRACE] 【目标检测】TRAPPED！ 类型：blue_portal 置信度：0.8172294497489929
2025-10-20 18:54:56 [TRACE] 【状态】搜索模式：C:\Users\gelon\Desktop\ZA-Lite\assets/images/hollow\meter.png 置信度：0.9852373600006104
2025-10-20 18:55:00 [TRACE] 【目标检测】屏幕内没有目标
2025-10-20 18:55:02 [TRACE] 【目标检测】屏幕内没有目标
2025-10-20 18:55:03 [TRACE] 【目标检测】屏幕内没有目标
2025-10-20 18:55:04 [TRACE] 【空洞监听】无匹配已持续：0秒
2025-10-20 18:55:04 [TRACE] 【目标检测】屏幕内没有目标
2025-10-20 18:55:06 [TRACE] 【目标检测】屏幕内没有目标
2025-10-20 18:55:09 [TRACE] 【目标检测】屏幕内没有目标
2025-10-20 18:55:10 [TRACE] 【目标检测】屏幕内没有目标
2025-10-20 18:55:14 [TRACE] 【目标检测】屏幕内没有目标
2025-10-20 18:55:14 [TRACE] 【状态】战斗模式：C:\Users\gelon\Desktop\ZA-Lite\assets/images/hollow\battle_3.png 置信度：1.0
2025-10-20 18:55:15 [TRACE] 【目标检测】屏幕内没有目标
2025-10-20 18:55:25 [TRACE] 【空洞监听】无匹配已持续：0秒
2025-10-20 18:55:31 [TRACE] 【空洞监听】无匹配已持续：6秒
2025-10-20 18:55:37 [TRACE] 【空洞监听】无匹配已持续：12秒
2025-10-20 18:55:43 [TRACE] 【空洞监听】无匹配已持续：18秒
2025-10-20 18:55:50 [TRACE] 【空洞监听】无匹配已持续：24秒
2025-10-20 18:55:56 [TRACE] 【空洞监听】无匹配已持续：31秒
2025-10-20 18:56:02 [TRACE] 【空洞监听】无匹配已持续：37秒
2025-10-20 18:56:08 [TRACE] 【空洞监听】无匹配已持续：43秒
2025-10-20 18:56:14 [TRACE] 【空洞监听】无匹配已持续：49秒
2025-10-20 18:56:21 [TRACE] 【空洞监听】无匹配已持续：55秒
2025-10-20 18:56:27 [TRACE] 【空洞监听】无匹配已持续：62秒
2025-10-20 18:56:27 [TRACE] 【空洞监听】即将超时，重启搜索线程
2025-10-20 18:56:28 [TRACE] 【目标检测】屏幕内没有目标
2025-10-20 18:56:31 [TRACE] 【目标检测】屏幕内没有目标
2025-10-20 18:56:32 [TRACE] 【目标检测】屏幕内没有目标
2025-10-20 18:56:34 [TRACE] 【空洞监听】无匹配已持续：68秒
2025-10-20 18:56:34 [TRACE] 【空洞监听】即将超时，重启搜索线程
2025-10-20 18:56:34 [TRACE] 【目标检测】屏幕内没有目标
2025-10-20 18:56:35 [TRACE] 【目标检测】屏幕内没有目标
2025-10-20 18:56:38 [TRACE] 【目标检测】屏幕内没有目标
2025-10-20 18:56:40 [TRACE] 【空洞监听】无匹配已持续：75秒
2025-10-20 18:56:40 [TRACE] 【空洞监听】即将超时，重启搜索线程
2025-10-20 18:56:43 [TRACE] 【目标检测】微调超时，无法对齐！
2025-10-20 18:56:47 [TRACE] 【空洞监听】无匹配已持续：82秒
2025-10-20 18:56:47 [TRACE] 【空洞监听】即将超时，重启搜索线程
2025-10-20 18:56:48 [TRACE] 【目标检测】屏幕内没有目标
2025-10-20 18:56:50 [TRACE] 【目标检测】TRAPPED！ 类型：blue_portal 置信度：0.8846985101699829
2025-10-20 18:56:53 [TRACE] 【空洞监听】无匹配已持续：88秒
2025-10-20 18:56:53 [TRACE] 【空洞监听】即将超时，重启搜索线程
2025-10-20 18:56:57 [TRACE] 【目标检测】屏幕内没有目标
2025-10-20 18:56:58 [TRACE] 【目标检测】屏幕内没有目标
2025-10-20 18:57:00 [TRACE] 【目标检测】屏幕内没有目标
2025-10-20 18:57:00 [TRACE] 【空洞监听】无匹配已持续：95秒
2025-10-20 18:57:00 [TRACE] 【空洞监听】即将超时，重启搜索线程
2025-10-20 18:57:01 [TRACE] 【目标检测】屏幕内没有目标
2025-10-20 18:57:03 [TRACE] 【目标检测】屏幕内没有目标
2025-10-20 18:57:03 [TRACE] 【状态】战斗模式：C:\Users\gelon\Desktop\ZA-Lite\assets/images/hollow\battle_1.png 置信度：1.0
2025-10-20 18:57:13 [TRACE] 【空洞监听】无匹配已持续：0秒
2025-10-20 18:57:20 [TRACE] 【空洞监听】无匹配已持续：6秒
2025-10-20 18:57:26 [TRACE] 【空洞监听】无匹配已持续：13秒
2025-10-20 18:57:33 [TRACE] 【空洞监听】无匹配已持续：19秒
2025-10-20 18:57:39 [TRACE] 【空洞监听】无匹配已持续：25秒
2025-10-20 18:57:39 [TRACE] 【状态】搜索模式：C:\Users\gelon\Desktop\ZA-Lite\assets/images/hollow\resonium.png 置信度：0.9999998807907104
2025-10-20 18:57:39 [TRACE] 【目标出现】C:\Users\gelon\Desktop\ZA-Lite\assets/images/hollow\resonium.png 置信度：1.0
2025-10-20 18:57:39 [TRACE] 【本轮的坐标】：(np.int64(1174), np.int64(461)) ------------
2025-10-20 18:57:39 [TRACE] 【已点击过的坐标】：[(-10, -10)]
2025-10-20 18:57:39 [TRACE] 【成功点击】
2025-10-20 18:57:40 [TRACE] 【目标检测】目标存在，但置信度不足
2025-10-20 18:57:40 [TRACE] 【本轮的坐标】：(np.int64(1581), np.int64(461)) ------------
2025-10-20 18:57:40 [TRACE] 【已点击过的坐标】：[(-10, -10), (np.int64(1174), np.int64(461))]
2025-10-20 18:57:40 [TRACE] 【成功点击】
2025-10-20 18:57:41 [TRACE] 【本轮的坐标】：(np.int64(1582), np.int64(461)) ------------
2025-10-20 18:57:41 [TRACE] 【已点击过的坐标】：[(-10, -10), (np.int64(1174), np.int64(461)), (np.int64(1581), np.int64(461))]
2025-10-20 18:57:41 [TRACE] 【坐标太近】视为重复
2025-10-20 18:57:41 [TRACE] 【没有通过的坐标】开始下一轮
2025-10-20 18:57:41 [TRACE] 【本轮的坐标】：(np.int64(1988), np.int64(461)) ------------
2025-10-20 18:57:41 [TRACE] 【已点击过的坐标】：[(-10, -10), (np.int64(1174), np.int64(461)), (np.int64(1581), np.int64(461))]
2025-10-20 18:57:41 [TRACE] 【成功点击】
2025-10-20 18:57:41 [TRACE] 【目标检测】目标存在，但置信度不足
2025-10-20 18:57:42 [TRACE] 【本轮的坐标】：(np.int64(1989), np.int64(461)) ------------
2025-10-20 18:57:42 [TRACE] 【已点击过的坐标】：[(-10, -10), (np.int64(1174), np.int64(461)), (np.int64(1581), np.int64(461)), (np.int64(1988), np.int64(461))]
2025-10-20 18:57:42 [TRACE] 【坐标太近】视为重复
2025-10-20 18:57:42 [TRACE] 【没有通过的坐标】开始下一轮
2025-10-20 18:57:42 [TRACE] 【本轮的坐标】：(np.int64(1173), np.int64(462)) ------------
2025-10-20 18:57:42 [TRACE] 【已点击过的坐标】：[(-10, -10), (np.int64(1174), np.int64(461)), (np.int64(1581), np.int64(461)), (np.int64(1988), np.int64(461))]
2025-10-20 18:57:42 [TRACE] 【坐标太近】视为重复
2025-10-20 18:57:42 [TRACE] 【没有通过的坐标】开始下一轮
2025-10-20 18:57:42 [TRACE] 【本轮的坐标】：(np.int64(1174), np.int64(462)) ------------
2025-10-20 18:57:42 [TRACE] 【已点击过的坐标】：[(-10, -10), (np.int64(1174), np.int64(461)), (np.int64(1581), np.int64(461)), (np.int64(1988), np.int64(461))]
2025-10-20 18:57:42 [TRACE] 【坐标太近】视为重复
2025-10-20 18:57:42 [TRACE] 【没有通过的坐标】开始下一轮
2025-10-20 18:57:42 [TRACE] 【本轮的坐标】：(np.int64(1175), np.int64(462)) ------------
2025-10-20 18:57:42 [TRACE] 【已点击过的坐标】：[(-10, -10), (np.int64(1174), np.int64(461)), (np.int64(1581), np.int64(461)), (np.int64(1988), np.int64(461))]
2025-10-20 18:57:42 [TRACE] 【坐标太近】视为重复
2025-10-20 18:57:42 [TRACE] 【没有通过的坐标】开始下一轮
2025-10-20 18:57:42 [TRACE] 【本轮的坐标】：(np.int64(1580), np.int64(462)) ------------
2025-10-20 18:57:42 [TRACE] 【已点击过的坐标】：[(-10, -10), (np.int64(1174), np.int64(461)), (np.int64(1581), np.int64(461)), (np.int64(1988), np.int64(461))]
2025-10-20 18:57:42 [TRACE] 【坐标太近】视为重复
2025-10-20 18:57:42 [TRACE] 【没有通过的坐标】开始下一轮
2025-10-20 18:57:42 [TRACE] 【本轮的坐标】：(np.int64(1581), np.int64(462)) ------------
2025-10-20 18:57:42 [TRACE] 【已点击过的坐标】：[(-10, -10), (np.int64(1174), np.int64(461)), (np.int64(1581), np.int64(461)), (np.int64(1988), np.int64(461))]
2025-10-20 18:57:42 [TRACE] 【坐标太近】视为重复
2025-10-20 18:57:42 [TRACE] 【没有通过的坐标】开始下一轮
2025-10-20 18:57:42 [TRACE] 【本轮的坐标】：(np.int64(1582), np.int64(462)) ------------
2025-10-20 18:57:42 [TRACE] 【已点击过的坐标】：[(-10, -10), (np.int64(1174), np.int64(461)), (np.int64(1581), np.int64(461)), (np.int64(1988), np.int64(461))]
2025-10-20 18:57:42 [TRACE] 【坐标太近】视为重复
2025-10-20 18:57:42 [TRACE] 【没有通过的坐标】开始下一轮
2025-10-20 18:57:42 [TRACE] 【本轮的坐标】：(np.int64(1987), np.int64(462)) ------------
2025-10-20 18:57:42 [TRACE] 【已点击过的坐标】：[(-10, -10), (np.int64(1174), np.int64(461)), (np.int64(1581), np.int64(461)), (np.int64(1988), np.int64(461))]
2025-10-20 18:57:42 [TRACE] 【坐标太近】视为重复
2025-10-20 18:57:42 [TRACE] 【没有通过的坐标】开始下一轮
2025-10-20 18:57:42 [TRACE] 【本轮的坐标】：(np.int64(1988), np.int64(462)) ------------
2025-10-20 18:57:42 [TRACE] 【已点击过的坐标】：[(-10, -10), (np.int64(1174), np.int64(461)), (np.int64(1581), np.int64(461)), (np.int64(1988), np.int64(461))]
2025-10-20 18:57:42 [TRACE] 【坐标太近】视为重复
2025-10-20 18:57:42 [TRACE] 【没有通过的坐标】开始下一轮
2025-10-20 18:57:42 [TRACE] 【本轮的坐标】：(np.int64(1989), np.int64(462)) ------------
2025-10-20 18:57:42 [TRACE] 【已点击过的坐标】：[(-10, -10), (np.int64(1174), np.int64(461)), (np.int64(1581), np.int64(461)), (np.int64(1988), np.int64(461))]
2025-10-20 18:57:42 [TRACE] 【坐标太近】视为重复
2025-10-20 18:57:42 [TRACE] 【没有通过的坐标】开始下一轮
2025-10-20 18:57:42 [TRACE] 【本轮的坐标】：(np.int64(1990), np.int64(462)) ------------
2025-10-20 18:57:42 [TRACE] 【已点击过的坐标】：[(-10, -10), (np.int64(1174), np.int64(461)), (np.int64(1581), np.int64(461)), (np.int64(1988), np.int64(461))]
2025-10-20 18:57:42 [TRACE] 【坐标太近】视为重复
2025-10-20 18:57:42 [TRACE] 【没有通过的坐标】开始下一轮
2025-10-20 18:57:42 [TRACE] 【本轮的坐标】：(np.int64(1174), np.int64(463)) ------------
2025-10-20 18:57:42 [TRACE] 【已点击过的坐标】：[(-10, -10), (np.int64(1174), np.int64(461)), (np.int64(1581), np.int64(461)), (np.int64(1988), np.int64(461))]
2025-10-20 18:57:42 [TRACE] 【坐标太近】视为重复
2025-10-20 18:57:42 [TRACE] 【没有通过的坐标】开始下一轮
2025-10-20 18:57:42 [TRACE] 【本轮的坐标】：(np.int64(1581), np.int64(463)) ------------
2025-10-20 18:57:42 [TRACE] 【已点击过的坐标】：[(-10, -10), (np.int64(1174), np.int64(461)), (np.int64(1581), np.int64(461)), (np.int64(1988), np.int64(461))]
2025-10-20 18:57:42 [TRACE] 【坐标太近】视为重复
2025-10-20 18:57:42 [TRACE] 【没有通过的坐标】开始下一轮
2025-10-20 18:57:42 [TRACE] 【本轮的坐标】：(np.int64(1988), np.int64(463)) ------------
2025-10-20 18:57:42 [TRACE] 【已点击过的坐标】：[(-10, -10), (np.int64(1174), np.int64(461)), (np.int64(1581), np.int64(461)), (np.int64(1988), np.int64(461))]
2025-10-20 18:57:42 [TRACE] 【坐标太近】视为重复
2025-10-20 18:57:42 [TRACE] 【没有通过的坐标】开始下一轮
2025-10-20 18:57:42 [TRACE] 【完成所有点击】有效次数：3
2025-10-20 18:57:42 [TRACE] 【目标检测】目标存在，但置信度不足
2025-10-20 18:57:43 [TRACE] 【目标检测】目标存在，但置信度不足
2025-10-20 18:57:45 [TRACE] 【目标检测】目标存在，但置信度不足
2025-10-20 18:57:46 [TRACE] 【目标检测】屏幕内没有目标
2025-10-20 18:57:47 [TRACE] 【目标检测】屏幕内没有目标
2025-10-20 18:57:49 [TRACE] 【状态】搜索模式：C:\Users\gelon\Desktop\ZA-Lite\assets/images/hollow\next_area.png 置信度：0.9999995231628418
2025-10-20 18:57:55 [TRACE] 【目标检测】微调超时，无法对齐！
2025-10-20 18:57:59 [TRACE] 【目标检测】TRAPPED！ 类型：guide_point 置信度：0.7239620685577393
2025-10-20 18:58:01 [TRACE] 【空洞监听】无匹配已持续：0秒
2025-10-20 18:58:06 [TRACE] 【目标检测】屏幕内没有目标
2025-10-20 18:58:07 [TRACE] 【空洞监听】无匹配已持续：6秒
2025-10-20 18:58:08 [TRACE] 【目标检测】屏幕内没有目标
2025-10-20 18:58:09 [TRACE] 【目标检测】屏幕内没有目标
2025-10-20 18:58:13 [TRACE] 【目标检测】屏幕内没有目标
2025-10-20 18:58:14 [TRACE] 【空洞监听】无匹配已持续：12秒
2025-10-20 18:58:14 [TRACE] 【目标检测】目标存在，但置信度不足
2025-10-20 18:58:16 [TRACE] 【目标检测】目标存在，但置信度不足
2025-10-20 18:58:17 [TRACE] 【目标检测】屏幕内没有目标
2025-10-20 18:58:20 [TRACE] 【目标检测】屏幕内没有目标
2025-10-20 18:58:20 [TRACE] 【状态】战斗模式：正在受到攻击
2025-10-20 18:58:26 [TRACE] 【空洞监听】无匹配已持续：0秒
2025-10-20 18:58:32 [TRACE] 【空洞监听】无匹配已持续：6秒
2025-10-20 18:58:40 [TRACE] 【状态】搜索模式：C:\Users\gelon\Desktop\ZA-Lite\assets/images/hollow\next_area.png 置信度：0.9873448014259338
2025-10-20 18:58:45 [TRACE] 【目标检测】微调超时，无法对齐！
2025-10-20 18:58:51 [TRACE] 【目标检测】TRAPPED！ 类型：guide_point 置信度：0.8266002535820007
2025-10-20 18:58:52 [TRACE] 【空洞监听】无匹配已持续：0秒
2025-10-20 18:58:58 [TRACE] 【目标检测】屏幕内没有目标
2025-10-20 18:58:58 [TRACE] 【空洞监听】无匹配已持续：6秒
2025-10-20 18:59:00 [TRACE] 【目标检测】屏幕内没有目标
2025-10-20 18:59:05 [TRACE] 【目标检测】TRAPPED！ 类型：blue_portal 置信度：0.9621220827102661
2025-10-20 18:59:05 [TRACE] 【空洞监听】无匹配已持续：12秒
2025-10-20 18:59:12 [TRACE] 【空洞监听】无匹配已持续：19秒
2025-10-20 18:59:13 [TRACE] 【目标检测】TRAPPED！ 类型：blue_portal 置信度：0.9779710173606873
2025-10-20 18:59:17 [TRACE] 【空洞监听】无匹配已持续：25秒
2025-10-20 18:59:19 [TRACE] 【目标检测】屏幕内没有目标
2025-10-20 18:59:22 [TRACE] 【目标检测】目标存在，但置信度不足
2025-10-20 18:59:24 [TRACE] 【空洞监听】无匹配已持续：31秒
2025-10-20 18:59:25 [TRACE] 【目标检测】TRAPPED！ 类型：interact 置信度：0.8998056054115295
2025-10-20 18:59:30 [TRACE] 【空洞监听】无匹配已持续：37秒
2025-10-20 18:59:31 [TRACE] 【目标检测】TRAPPED！ 类型：interact 置信度：0.9166616201400757
2025-10-20 18:59:36 [TRACE] 【空洞监听】无匹配已持续：43秒
2025-10-20 18:59:38 [TRACE] 【目标检测】屏幕内没有目标
2025-10-20 18:59:39 [TRACE] 【目标检测】屏幕内没有目标
2025-10-20 18:59:40 [TRACE] 【目标检测】目标存在，但置信度不足
2025-10-20 18:59:42 [TRACE] 【目标检测】屏幕内没有目标
2025-10-20 18:59:43 [TRACE] 【状态】搜索模式：C:\Users\gelon\Desktop\ZA-Lite\assets/images/hollow\resonium.png 置信度：0.9999998807907104
2025-10-20 18:59:43 [TRACE] 【目标检测】屏幕内没有目标
2025-10-20 18:59:43 [TRACE] 【目标出现】C:\Users\gelon\Desktop\ZA-Lite\assets/images/hollow\resonium.png 置信度：1.0
2025-10-20 18:59:43 [TRACE] 【本轮的坐标】：(np.int64(1309), np.int64(441)) ------------
2025-10-20 18:59:43 [TRACE] 【已点击过的坐标】：[(-10, -10)]
2025-10-20 18:59:43 [TRACE] 【成功点击】
2025-10-20 18:59:44 [TRACE] 【本轮的坐标】：(np.int64(1310), np.int64(441)) ------------
2025-10-20 18:59:44 [TRACE] 【已点击过的坐标】：[(-10, -10), (np.int64(1309), np.int64(441))]
2025-10-20 18:59:44 [TRACE] 【坐标太近】视为重复
2025-10-20 18:59:44 [TRACE] 【没有通过的坐标】开始下一轮
2025-10-20 18:59:44 [TRACE] 【本轮的坐标】：(np.int64(1699), np.int64(441)) ------------
2025-10-20 18:59:44 [TRACE] 【已点击过的坐标】：[(-10, -10), (np.int64(1309), np.int64(441))]
2025-10-20 18:59:44 [TRACE] 【成功点击】
2025-10-20 18:59:44 [TRACE] 【目标检测】屏幕内没有目标
2025-10-20 18:59:44 [TRACE] 【本轮的坐标】：(np.int64(2088), np.int64(441)) ------------
2025-10-20 18:59:44 [TRACE] 【已点击过的坐标】：[(-10, -10), (np.int64(1309), np.int64(441)), (np.int64(1699), np.int64(441))]
2025-10-20 18:59:44 [TRACE] 【成功点击】
2025-10-20 18:59:45 [TRACE] 【本轮的坐标】：(np.int64(2089), np.int64(441)) ------------
2025-10-20 18:59:45 [TRACE] 【已点击过的坐标】：[(-10, -10), (np.int64(1309), np.int64(441)), (np.int64(1699), np.int64(441)), (np.int64(2088), np.int64(441))]
2025-10-20 18:59:45 [TRACE] 【坐标太近】视为重复
2025-10-20 18:59:45 [TRACE] 【没有通过的坐标】开始下一轮
2025-10-20 18:59:45 [TRACE] 【本轮的坐标】：(np.int64(2478), np.int64(441)) ------------
2025-10-20 18:59:45 [TRACE] 【已点击过的坐标】：[(-10, -10), (np.int64(1309), np.int64(441)), (np.int64(1699), np.int64(441)), (np.int64(2088), np.int64(441))]
2025-10-20 18:59:45 [TRACE] 【成功点击】
2025-10-20 18:59:46 [TRACE] 【本轮的坐标】：(np.int64(1308), np.int64(442)) ------------
2025-10-20 18:59:46 [TRACE] 【已点击过的坐标】：[(-10, -10), (np.int64(1309), np.int64(441)), (np.int64(1699), np.int64(441)), (np.int64(2088), np.int64(441)), (np.int64(2478), np.int64(441))]
2025-10-20 18:59:46 [TRACE] 【坐标太近】视为重复
2025-10-20 18:59:46 [TRACE] 【没有通过的坐标】开始下一轮
2025-10-20 18:59:46 [TRACE] 【本轮的坐标】：(np.int64(1309), np.int64(442)) ------------
2025-10-20 18:59:46 [TRACE] 【已点击过的坐标】：[(-10, -10), (np.int64(1309), np.int64(441)), (np.int64(1699), np.int64(441)), (np.int64(2088), np.int64(441)), (np.int64(2478), np.int64(441))]
2025-10-20 18:59:46 [TRACE] 【坐标太近】视为重复
2025-10-20 18:59:46 [TRACE] 【没有通过的坐标】开始下一轮
2025-10-20 18:59:46 [TRACE] 【本轮的坐标】：(np.int64(1310), np.int64(442)) ------------
2025-10-20 18:59:46 [TRACE] 【已点击过的坐标】：[(-10, -10), (np.int64(1309), np.int64(441)), (np.int64(1699), np.int64(441)), (np.int64(2088), np.int64(441)), (np.int64(2478), np.int64(441))]
2025-10-20 18:59:46 [TRACE] 【坐标太近】视为重复
2025-10-20 18:59:46 [TRACE] 【没有通过的坐标】开始下一轮
2025-10-20 18:59:46 [TRACE] 【本轮的坐标】：(np.int64(1698), np.int64(442)) ------------
2025-10-20 18:59:46 [TRACE] 【已点击过的坐标】：[(-10, -10), (np.int64(1309), np.int64(441)), (np.int64(1699), np.int64(441)), (np.int64(2088), np.int64(441)), (np.int64(2478), np.int64(441))]
2025-10-20 18:59:46 [TRACE] 【坐标太近】视为重复
2025-10-20 18:59:46 [TRACE] 【没有通过的坐标】开始下一轮
2025-10-20 18:59:46 [TRACE] 【本轮的坐标】：(np.int64(1699), np.int64(442)) ------------
2025-10-20 18:59:46 [TRACE] 【已点击过的坐标】：[(-10, -10), (np.int64(1309), np.int64(441)), (np.int64(1699), np.int64(441)), (np.int64(2088), np.int64(441)), (np.int64(2478), np.int64(441))]
2025-10-20 18:59:46 [TRACE] 【坐标太近】视为重复
2025-10-20 18:59:46 [TRACE] 【没有通过的坐标】开始下一轮
2025-10-20 18:59:46 [TRACE] 【本轮的坐标】：(np.int64(1700), np.int64(442)) ------------
2025-10-20 18:59:46 [TRACE] 【已点击过的坐标】：[(-10, -10), (np.int64(1309), np.int64(441)), (np.int64(1699), np.int64(441)), (np.int64(2088), np.int64(441)), (np.int64(2478), np.int64(441))]
2025-10-20 18:59:46 [TRACE] 【坐标太近】视为重复
2025-10-20 18:59:46 [TRACE] 【没有通过的坐标】开始下一轮
2025-10-20 18:59:46 [TRACE] 【本轮的坐标】：(np.int64(2087), np.int64(442)) ------------
2025-10-20 18:59:46 [TRACE] 【已点击过的坐标】：[(-10, -10), (np.int64(1309), np.int64(441)), (np.int64(1699), np.int64(441)), (np.int64(2088), np.int64(441)), (np.int64(2478), np.int64(441))]
2025-10-20 18:59:46 [TRACE] 【坐标太近】视为重复
2025-10-20 18:59:46 [TRACE] 【没有通过的坐标】开始下一轮
2025-10-20 18:59:46 [TRACE] 【本轮的坐标】：(np.int64(2088), np.int64(442)) ------------
2025-10-20 18:59:46 [TRACE] 【已点击过的坐标】：[(-10, -10), (np.int64(1309), np.int64(441)), (np.int64(1699), np.int64(441)), (np.int64(2088), np.int64(441)), (np.int64(2478), np.int64(441))]
2025-10-20 18:59:46 [TRACE] 【坐标太近】视为重复
2025-10-20 18:59:46 [TRACE] 【没有通过的坐标】开始下一轮
2025-10-20 18:59:46 [TRACE] 【本轮的坐标】：(np.int64(2089), np.int64(442)) ------------
2025-10-20 18:59:46 [TRACE] 【已点击过的坐标】：[(-10, -10), (np.int64(1309), np.int64(441)), (np.int64(1699), np.int64(441)), (np.int64(2088), np.int64(441)), (np.int64(2478), np.int64(441))]
2025-10-20 18:59:46 [TRACE] 【坐标太近】视为重复
2025-10-20 18:59:46 [TRACE] 【没有通过的坐标】开始下一轮
2025-10-20 18:59:46 [TRACE] 【本轮的坐标】：(np.int64(2090), np.int64(442)) ------------
2025-10-20 18:59:46 [TRACE] 【已点击过的坐标】：[(-10, -10), (np.int64(1309), np.int64(441)), (np.int64(1699), np.int64(441)), (np.int64(2088), np.int64(441)), (np.int64(2478), np.int64(441))]
2025-10-20 18:59:46 [TRACE] 【坐标太近】视为重复
2025-10-20 18:59:46 [TRACE] 【没有通过的坐标】开始下一轮
2025-10-20 18:59:46 [TRACE] 【本轮的坐标】：(np.int64(2477), np.int64(442)) ------------
2025-10-20 18:59:46 [TRACE] 【已点击过的坐标】：[(-10, -10), (np.int64(1309), np.int64(441)), (np.int64(1699), np.int64(441)), (np.int64(2088), np.int64(441)), (np.int64(2478), np.int64(441))]
2025-10-20 18:59:46 [TRACE] 【坐标太近】视为重复
2025-10-20 18:59:46 [TRACE] 【没有通过的坐标】开始下一轮
2025-10-20 18:59:46 [TRACE] 【本轮的坐标】：(np.int64(2478), np.int64(442)) ------------
2025-10-20 18:59:46 [TRACE] 【已点击过的坐标】：[(-10, -10), (np.int64(1309), np.int64(441)), (np.int64(1699), np.int64(441)), (np.int64(2088), np.int64(441)), (np.int64(2478), np.int64(441))]
2025-10-20 18:59:46 [TRACE] 【坐标太近】视为重复
2025-10-20 18:59:46 [TRACE] 【没有通过的坐标】开始下一轮
2025-10-20 18:59:46 [TRACE] 【本轮的坐标】：(np.int64(2479), np.int64(442)) ------------
2025-10-20 18:59:46 [TRACE] 【已点击过的坐标】：[(-10, -10), (np.int64(1309), np.int64(441)), (np.int64(1699), np.int64(441)), (np.int64(2088), np.int64(441)), (np.int64(2478), np.int64(441))]
2025-10-20 18:59:46 [TRACE] 【坐标太近】视为重复
2025-10-20 18:59:46 [TRACE] 【没有通过的坐标】开始下一轮
2025-10-20 18:59:46 [TRACE] 【本轮的坐标】：(np.int64(1309), np.int64(443)) ------------
2025-10-20 18:59:46 [TRACE] 【已点击过的坐标】：[(-10, -10), (np.int64(1309), np.int64(441)), (np.int64(1699), np.int64(441)), (np.int64(2088), np.int64(441)), (np.int64(2478), np.int64(441))]
2025-10-20 18:59:46 [TRACE] 【坐标太近】视为重复
2025-10-20 18:59:46 [TRACE] 【没有通过的坐标】开始下一轮
2025-10-20 18:59:46 [TRACE] 【本轮的坐标】：(np.int64(1698), np.int64(443)) ------------
2025-10-20 18:59:46 [TRACE] 【已点击过的坐标】：[(-10, -10), (np.int64(1309), np.int64(441)), (np.int64(1699), np.int64(441)), (np.int64(2088), np.int64(441)), (np.int64(2478), np.int64(441))]
2025-10-20 18:59:46 [TRACE] 【坐标太近】视为重复
2025-10-20 18:59:46 [TRACE] 【没有通过的坐标】开始下一轮
2025-10-20 18:59:46 [TRACE] 【本轮的坐标】：(np.int64(1699), np.int64(443)) ------------
2025-10-20 18:59:46 [TRACE] 【已点击过的坐标】：[(-10, -10), (np.int64(1309), np.int64(441)), (np.int64(1699), np.int64(441)), (np.int64(2088), np.int64(441)), (np.int64(2478), np.int64(441))]
2025-10-20 18:59:46 [TRACE] 【坐标太近】视为重复
2025-10-20 18:59:46 [TRACE] 【没有通过的坐标】开始下一轮
2025-10-20 18:59:46 [TRACE] 【本轮的坐标】：(np.int64(2088), np.int64(443)) ------------
2025-10-20 18:59:46 [TRACE] 【已点击过的坐标】：[(-10, -10), (np.int64(1309), np.int64(441)), (np.int64(1699), np.int64(441)), (np.int64(2088), np.int64(441)), (np.int64(2478), np.int64(441))]
2025-10-20 18:59:46 [TRACE] 【坐标太近】视为重复
2025-10-20 18:59:46 [TRACE] 【没有通过的坐标】开始下一轮
2025-10-20 18:59:46 [TRACE] 【本轮的坐标】：(np.int64(2478), np.int64(443)) ------------
2025-10-20 18:59:46 [TRACE] 【已点击过的坐标】：[(-10, -10), (np.int64(1309), np.int64(441)), (np.int64(1699), np.int64(441)), (np.int64(2088), np.int64(441)), (np.int64(2478), np.int64(441))]
2025-10-20 18:59:46 [TRACE] 【坐标太近】视为重复
2025-10-20 18:59:46 [TRACE] 【没有通过的坐标】开始下一轮
2025-10-20 18:59:46 [TRACE] 【完成所有点击】有效次数：4
2025-10-20 18:59:46 [TRACE] 【目标检测】屏幕内没有目标
2025-10-20 18:59:47 [TRACE] 【目标检测】屏幕内没有目标
2025-10-20 18:59:49 [TRACE] 【目标检测】屏幕内没有目标
2025-10-20 18:59:50 [TRACE] 【目标检测】目标存在，但置信度不足
2025-10-20 18:59:51 [TRACE] 【目标检测】屏幕内没有目标
2025-10-20 18:59:52 [TRACE] 【目标检测】屏幕内没有目标
2025-10-20 18:59:52 [TRACE] 【状态】搜索模式：C:\Users\gelon\Desktop\ZA-Lite\assets/images/hollow\resonium.png 置信度：1.0
2025-10-20 18:59:53 [TRACE] 【目标出现】C:\Users\gelon\Desktop\ZA-Lite\assets/images/hollow\resonium.png 置信度：0.9999998807907104
2025-10-20 18:59:53 [TRACE] 【本轮的坐标】：(np.int64(1309), np.int64(441)) ------------
2025-10-20 18:59:53 [TRACE] 【已点击过的坐标】：[(-10, -10)]
2025-10-20 18:59:53 [TRACE] 【成功点击】
2025-10-20 18:59:53 [TRACE] 【本轮的坐标】：(np.int64(1310), np.int64(441)) ------------
2025-10-20 18:59:53 [TRACE] 【已点击过的坐标】：[(-10, -10), (np.int64(1309), np.int64(441))]
2025-10-20 18:59:53 [TRACE] 【坐标太近】视为重复
2025-10-20 18:59:53 [TRACE] 【没有通过的坐标】开始下一轮
2025-10-20 18:59:53 [TRACE] 【本轮的坐标】：(np.int64(1699), np.int64(441)) ------------
2025-10-20 18:59:53 [TRACE] 【已点击过的坐标】：[(-10, -10), (np.int64(1309), np.int64(441))]
2025-10-20 18:59:53 [TRACE] 【成功点击】
2025-10-20 18:59:54 [TRACE] 【本轮的坐标】：(np.int64(2088), np.int64(441)) ------------
2025-10-20 18:59:54 [TRACE] 【已点击过的坐标】：[(-10, -10), (np.int64(1309), np.int64(441)), (np.int64(1699), np.int64(441))]
2025-10-20 18:59:54 [TRACE] 【成功点击】
2025-10-20 18:59:55 [TRACE] 【目标检测】屏幕内没有目标
2025-10-20 18:59:55 [TRACE] 【本轮的坐标】：(np.int64(2089), np.int64(441)) ------------
2025-10-20 18:59:55 [TRACE] 【已点击过的坐标】：[(-10, -10), (np.int64(1309), np.int64(441)), (np.int64(1699), np.int64(441)), (np.int64(2088), np.int64(441))]
2025-10-20 18:59:55 [TRACE] 【坐标太近】视为重复
2025-10-20 18:59:55 [TRACE] 【没有通过的坐标】开始下一轮
2025-10-20 18:59:55 [TRACE] 【本轮的坐标】：(np.int64(2478), np.int64(441)) ------------
2025-10-20 18:59:55 [TRACE] 【已点击过的坐标】：[(-10, -10), (np.int64(1309), np.int64(441)), (np.int64(1699), np.int64(441)), (np.int64(2088), np.int64(441))]
2025-10-20 18:59:55 [TRACE] 【成功点击】
2025-10-20 18:59:55 [TRACE] 【目标检测】屏幕内没有目标
2025-10-20 18:59:56 [TRACE] 【本轮的坐标】：(np.int64(1308), np.int64(442)) ------------
2025-10-20 18:59:56 [TRACE] 【已点击过的坐标】：[(-10, -10), (np.int64(1309), np.int64(441)), (np.int64(1699), np.int64(441)), (np.int64(2088), np.int64(441)), (np.int64(2478), np.int64(441))]
2025-10-20 18:59:56 [TRACE] 【坐标太近】视为重复
2025-10-20 18:59:56 [TRACE] 【没有通过的坐标】开始下一轮
2025-10-20 18:59:56 [TRACE] 【本轮的坐标】：(np.int64(1309), np.int64(442)) ------------
2025-10-20 18:59:56 [TRACE] 【已点击过的坐标】：[(-10, -10), (np.int64(1309), np.int64(441)), (np.int64(1699), np.int64(441)), (np.int64(2088), np.int64(441)), (np.int64(2478), np.int64(441))]
2025-10-20 18:59:56 [TRACE] 【坐标太近】视为重复
2025-10-20 18:59:56 [TRACE] 【没有通过的坐标】开始下一轮
2025-10-20 18:59:56 [TRACE] 【本轮的坐标】：(np.int64(1310), np.int64(442)) ------------
2025-10-20 18:59:56 [TRACE] 【已点击过的坐标】：[(-10, -10), (np.int64(1309), np.int64(441)), (np.int64(1699), np.int64(441)), (np.int64(2088), np.int64(441)), (np.int64(2478), np.int64(441))]
2025-10-20 18:59:56 [TRACE] 【坐标太近】视为重复
2025-10-20 18:59:56 [TRACE] 【没有通过的坐标】开始下一轮
2025-10-20 18:59:56 [TRACE] 【本轮的坐标】：(np.int64(1698), np.int64(442)) ------------
2025-10-20 18:59:56 [TRACE] 【已点击过的坐标】：[(-10, -10), (np.int64(1309), np.int64(441)), (np.int64(1699), np.int64(441)), (np.int64(2088), np.int64(441)), (np.int64(2478), np.int64(441))]
2025-10-20 18:59:56 [TRACE] 【坐标太近】视为重复
2025-10-20 18:59:56 [TRACE] 【没有通过的坐标】开始下一轮
2025-10-20 18:59:56 [TRACE] 【本轮的坐标】：(np.int64(1699), np.int64(442)) ------------
2025-10-20 18:59:56 [TRACE] 【已点击过的坐标】：[(-10, -10), (np.int64(1309), np.int64(441)), (np.int64(1699), np.int64(441)), (np.int64(2088), np.int64(441)), (np.int64(2478), np.int64(441))]
2025-10-20 18:59:56 [TRACE] 【坐标太近】视为重复
2025-10-20 18:59:56 [TRACE] 【没有通过的坐标】开始下一轮
2025-10-20 18:59:56 [TRACE] 【本轮的坐标】：(np.int64(1700), np.int64(442)) ------------
2025-10-20 18:59:56 [TRACE] 【已点击过的坐标】：[(-10, -10), (np.int64(1309), np.int64(441)), (np.int64(1699), np.int64(441)), (np.int64(2088), np.int64(441)), (np.int64(2478), np.int64(441))]
2025-10-20 18:59:56 [TRACE] 【坐标太近】视为重复
2025-10-20 18:59:56 [TRACE] 【没有通过的坐标】开始下一轮
2025-10-20 18:59:56 [TRACE] 【本轮的坐标】：(np.int64(2087), np.int64(442)) ------------
2025-10-20 18:59:56 [TRACE] 【已点击过的坐标】：[(-10, -10), (np.int64(1309), np.int64(441)), (np.int64(1699), np.int64(441)), (np.int64(2088), np.int64(441)), (np.int64(2478), np.int64(441))]
2025-10-20 18:59:56 [TRACE] 【坐标太近】视为重复
2025-10-20 18:59:56 [TRACE] 【没有通过的坐标】开始下一轮
2025-10-20 18:59:56 [TRACE] 【本轮的坐标】：(np.int64(2088), np.int64(442)) ------------
2025-10-20 18:59:56 [TRACE] 【已点击过的坐标】：[(-10, -10), (np.int64(1309), np.int64(441)), (np.int64(1699), np.int64(441)), (np.int64(2088), np.int64(441)), (np.int64(2478), np.int64(441))]
2025-10-20 18:59:56 [TRACE] 【坐标太近】视为重复
2025-10-20 18:59:56 [TRACE] 【没有通过的坐标】开始下一轮
2025-10-20 18:59:56 [TRACE] 【本轮的坐标】：(np.int64(2089), np.int64(442)) ------------
2025-10-20 18:59:56 [TRACE] 【已点击过的坐标】：[(-10, -10), (np.int64(1309), np.int64(441)), (np.int64(1699), np.int64(441)), (np.int64(2088), np.int64(441)), (np.int64(2478), np.int64(441))]
2025-10-20 18:59:56 [TRACE] 【坐标太近】视为重复
2025-10-20 18:59:56 [TRACE] 【没有通过的坐标】开始下一轮
2025-10-20 18:59:56 [TRACE] 【本轮的坐标】：(np.int64(2090), np.int64(442)) ------------
2025-10-20 18:59:56 [TRACE] 【已点击过的坐标】：[(-10, -10), (np.int64(1309), np.int64(441)), (np.int64(1699), np.int64(441)), (np.int64(2088), np.int64(441)), (np.int64(2478), np.int64(441))]
2025-10-20 18:59:56 [TRACE] 【坐标太近】视为重复
2025-10-20 18:59:56 [TRACE] 【没有通过的坐标】开始下一轮
2025-10-20 18:59:56 [TRACE] 【本轮的坐标】：(np.int64(2477), np.int64(442)) ------------
2025-10-20 18:59:56 [TRACE] 【已点击过的坐标】：[(-10, -10), (np.int64(1309), np.int64(441)), (np.int64(1699), np.int64(441)), (np.int64(2088), np.int64(441)), (np.int64(2478), np.int64(441))]
2025-10-20 18:59:56 [TRACE] 【坐标太近】视为重复
2025-10-20 18:59:56 [TRACE] 【没有通过的坐标】开始下一轮
2025-10-20 18:59:56 [TRACE] 【本轮的坐标】：(np.int64(2478), np.int64(442)) ------------
2025-10-20 18:59:56 [TRACE] 【已点击过的坐标】：[(-10, -10), (np.int64(1309), np.int64(441)), (np.int64(1699), np.int64(441)), (np.int64(2088), np.int64(441)), (np.int64(2478), np.int64(441))]
2025-10-20 18:59:56 [TRACE] 【坐标太近】视为重复
2025-10-20 18:59:56 [TRACE] 【没有通过的坐标】开始下一轮
2025-10-20 18:59:56 [TRACE] 【本轮的坐标】：(np.int64(2479), np.int64(442)) ------------
2025-10-20 18:59:56 [TRACE] 【已点击过的坐标】：[(-10, -10), (np.int64(1309), np.int64(441)), (np.int64(1699), np.int64(441)), (np.int64(2088), np.int64(441)), (np.int64(2478), np.int64(441))]
2025-10-20 18:59:56 [TRACE] 【坐标太近】视为重复
2025-10-20 18:59:56 [TRACE] 【没有通过的坐标】开始下一轮
2025-10-20 18:59:56 [TRACE] 【本轮的坐标】：(np.int64(1309), np.int64(443)) ------------
2025-10-20 18:59:56 [TRACE] 【已点击过的坐标】：[(-10, -10), (np.int64(1309), np.int64(441)), (np.int64(1699), np.int64(441)), (np.int64(2088), np.int64(441)), (np.int64(2478), np.int64(441))]
2025-10-20 18:59:56 [TRACE] 【坐标太近】视为重复
2025-10-20 18:59:56 [TRACE] 【没有通过的坐标】开始下一轮
2025-10-20 18:59:56 [TRACE] 【本轮的坐标】：(np.int64(1698), np.int64(443)) ------------
2025-10-20 18:59:56 [TRACE] 【已点击过的坐标】：[(-10, -10), (np.int64(1309), np.int64(441)), (np.int64(1699), np.int64(441)), (np.int64(2088), np.int64(441)), (np.int64(2478), np.int64(441))]
2025-10-20 18:59:56 [TRACE] 【坐标太近】视为重复
2025-10-20 18:59:56 [TRACE] 【没有通过的坐标】开始下一轮
2025-10-20 18:59:56 [TRACE] 【本轮的坐标】：(np.int64(1699), np.int64(443)) ------------
2025-10-20 18:59:56 [TRACE] 【已点击过的坐标】：[(-10, -10), (np.int64(1309), np.int64(441)), (np.int64(1699), np.int64(441)), (np.int64(2088), np.int64(441)), (np.int64(2478), np.int64(441))]
2025-10-20 18:59:56 [TRACE] 【坐标太近】视为重复
2025-10-20 18:59:56 [TRACE] 【没有通过的坐标】开始下一轮
2025-10-20 18:59:56 [TRACE] 【本轮的坐标】：(np.int64(2088), np.int64(443)) ------------
2025-10-20 18:59:56 [TRACE] 【已点击过的坐标】：[(-10, -10), (np.int64(1309), np.int64(441)), (np.int64(1699), np.int64(441)), (np.int64(2088), np.int64(441)), (np.int64(2478), np.int64(441))]
2025-10-20 18:59:56 [TRACE] 【坐标太近】视为重复
2025-10-20 18:59:56 [TRACE] 【没有通过的坐标】开始下一轮
2025-10-20 18:59:56 [TRACE] 【本轮的坐标】：(np.int64(2478), np.int64(443)) ------------
2025-10-20 18:59:56 [TRACE] 【已点击过的坐标】：[(-10, -10), (np.int64(1309), np.int64(441)), (np.int64(1699), np.int64(441)), (np.int64(2088), np.int64(441)), (np.int64(2478), np.int64(441))]
2025-10-20 18:59:56 [TRACE] 【坐标太近】视为重复
2025-10-20 18:59:56 [TRACE] 【没有通过的坐标】开始下一轮
2025-10-20 18:59:56 [TRACE] 【完成所有点击】有效次数：4
2025-10-20 18:59:57 [TRACE] 【目标检测】屏幕内没有目标
2025-10-20 18:59:58 [TRACE] 【目标检测】屏幕内没有目标
2025-10-20 18:59:59 [TRACE] 【目标检测】目标存在，但置信度不足
2025-10-20 19:00:00 [TRACE] 【目标检测】目标存在，但置信度不足
2025-10-20 19:00:01 [TRACE] 【目标检测】屏幕内没有目标
2025-10-20 19:00:02 [TRACE] 【状态】搜索模式：C:\Users\gelon\Desktop\ZA-Lite\assets/images/hollow\resonium.png 置信度：1.0
2025-10-20 19:00:02 [TRACE] 【目标出现】C:\Users\gelon\Desktop\ZA-Lite\assets/images/hollow\resonium.png 置信度：0.9999998807907104
2025-10-20 19:00:02 [TRACE] 【本轮的坐标】：(np.int64(1309), np.int64(441)) ------------
2025-10-20 19:00:02 [TRACE] 【已点击过的坐标】：[(-10, -10)]
2025-10-20 19:00:02 [TRACE] 【成功点击】
2025-10-20 19:00:03 [TRACE] 【本轮的坐标】：(np.int64(1310), np.int64(441)) ------------
2025-10-20 19:00:03 [TRACE] 【已点击过的坐标】：[(-10, -10), (np.int64(1309), np.int64(441))]
2025-10-20 19:00:03 [TRACE] 【坐标太近】视为重复
2025-10-20 19:00:03 [TRACE] 【没有通过的坐标】开始下一轮
2025-10-20 19:00:03 [TRACE] 【本轮的坐标】：(np.int64(1699), np.int64(441)) ------------
2025-10-20 19:00:03 [TRACE] 【已点击过的坐标】：[(-10, -10), (np.int64(1309), np.int64(441))]
2025-10-20 19:00:03 [TRACE] 【成功点击】
2025-10-20 19:00:03 [TRACE] 【目标检测】屏幕内没有目标
2025-10-20 19:00:04 [TRACE] 【本轮的坐标】：(np.int64(2088), np.int64(441)) ------------
2025-10-20 19:00:04 [TRACE] 【已点击过的坐标】：[(-10, -10), (np.int64(1309), np.int64(441)), (np.int64(1699), np.int64(441))]
2025-10-20 19:00:04 [TRACE] 【成功点击】
2025-10-20 19:00:05 [TRACE] 【本轮的坐标】：(np.int64(2089), np.int64(441)) ------------
2025-10-20 19:00:05 [TRACE] 【已点击过的坐标】：[(-10, -10), (np.int64(1309), np.int64(441)), (np.int64(1699), np.int64(441)), (np.int64(2088), np.int64(441))]
2025-10-20 19:00:05 [TRACE] 【坐标太近】视为重复
2025-10-20 19:00:05 [TRACE] 【没有通过的坐标】开始下一轮
2025-10-20 19:00:05 [TRACE] 【本轮的坐标】：(np.int64(2478), np.int64(441)) ------------
2025-10-20 19:00:05 [TRACE] 【已点击过的坐标】：[(-10, -10), (np.int64(1309), np.int64(441)), (np.int64(1699), np.int64(441)), (np.int64(2088), np.int64(441))]
2025-10-20 19:00:05 [TRACE] 【成功点击】
2025-10-20 19:00:05 [TRACE] 【目标检测】屏幕内没有目标
2025-10-20 19:00:05 [TRACE] 【本轮的坐标】：(np.int64(1308), np.int64(442)) ------------
2025-10-20 19:00:05 [TRACE] 【已点击过的坐标】：[(-10, -10), (np.int64(1309), np.int64(441)), (np.int64(1699), np.int64(441)), (np.int64(2088), np.int64(441)), (np.int64(2478), np.int64(441))]
2025-10-20 19:00:05 [TRACE] 【坐标太近】视为重复
2025-10-20 19:00:05 [TRACE] 【没有通过的坐标】开始下一轮
2025-10-20 19:00:05 [TRACE] 【本轮的坐标】：(np.int64(1309), np.int64(442)) ------------
2025-10-20 19:00:05 [TRACE] 【已点击过的坐标】：[(-10, -10), (np.int64(1309), np.int64(441)), (np.int64(1699), np.int64(441)), (np.int64(2088), np.int64(441)), (np.int64(2478), np.int64(441))]
2025-10-20 19:00:05 [TRACE] 【坐标太近】视为重复
2025-10-20 19:00:05 [TRACE] 【没有通过的坐标】开始下一轮
2025-10-20 19:00:05 [TRACE] 【本轮的坐标】：(np.int64(1310), np.int64(442)) ------------
2025-10-20 19:00:05 [TRACE] 【已点击过的坐标】：[(-10, -10), (np.int64(1309), np.int64(441)), (np.int64(1699), np.int64(441)), (np.int64(2088), np.int64(441)), (np.int64(2478), np.int64(441))]
2025-10-20 19:00:05 [TRACE] 【坐标太近】视为重复
2025-10-20 19:00:05 [TRACE] 【没有通过的坐标】开始下一轮
2025-10-20 19:00:05 [TRACE] 【本轮的坐标】：(np.int64(1698), np.int64(442)) ------------
2025-10-20 19:00:05 [TRACE] 【已点击过的坐标】：[(-10, -10), (np.int64(1309), np.int64(441)), (np.int64(1699), np.int64(441)), (np.int64(2088), np.int64(441)), (np.int64(2478), np.int64(441))]
2025-10-20 19:00:05 [TRACE] 【坐标太近】视为重复
2025-10-20 19:00:05 [TRACE] 【没有通过的坐标】开始下一轮
2025-10-20 19:00:05 [TRACE] 【本轮的坐标】：(np.int64(1699), np.int64(442)) ------------
2025-10-20 19:00:05 [TRACE] 【已点击过的坐标】：[(-10, -10), (np.int64(1309), np.int64(441)), (np.int64(1699), np.int64(441)), (np.int64(2088), np.int64(441)), (np.int64(2478), np.int64(441))]
2025-10-20 19:00:05 [TRACE] 【坐标太近】视为重复
2025-10-20 19:00:05 [TRACE] 【没有通过的坐标】开始下一轮
2025-10-20 19:00:05 [TRACE] 【本轮的坐标】：(np.int64(1700), np.int64(442)) ------------
2025-10-20 19:00:05 [TRACE] 【已点击过的坐标】：[(-10, -10), (np.int64(1309), np.int64(441)), (np.int64(1699), np.int64(441)), (np.int64(2088), np.int64(441)), (np.int64(2478), np.int64(441))]
2025-10-20 19:00:05 [TRACE] 【坐标太近】视为重复
2025-10-20 19:00:05 [TRACE] 【没有通过的坐标】开始下一轮
2025-10-20 19:00:05 [TRACE] 【本轮的坐标】：(np.int64(2087), np.int64(442)) ------------
2025-10-20 19:00:05 [TRACE] 【已点击过的坐标】：[(-10, -10), (np.int64(1309), np.int64(441)), (np.int64(1699), np.int64(441)), (np.int64(2088), np.int64(441)), (np.int64(2478), np.int64(441))]
2025-10-20 19:00:05 [TRACE] 【坐标太近】视为重复
2025-10-20 19:00:05 [TRACE] 【没有通过的坐标】开始下一轮
2025-10-20 19:00:05 [TRACE] 【本轮的坐标】：(np.int64(2088), np.int64(442)) ------------
2025-10-20 19:00:05 [TRACE] 【已点击过的坐标】：[(-10, -10), (np.int64(1309), np.int64(441)), (np.int64(1699), np.int64(441)), (np.int64(2088), np.int64(441)), (np.int64(2478), np.int64(441))]
2025-10-20 19:00:05 [TRACE] 【坐标太近】视为重复
2025-10-20 19:00:05 [TRACE] 【没有通过的坐标】开始下一轮
2025-10-20 19:00:05 [TRACE] 【本轮的坐标】：(np.int64(2089), np.int64(442)) ------------
2025-10-20 19:00:05 [TRACE] 【已点击过的坐标】：[(-10, -10), (np.int64(1309), np.int64(441)), (np.int64(1699), np.int64(441)), (np.int64(2088), np.int64(441)), (np.int64(2478), np.int64(441))]
2025-10-20 19:00:05 [TRACE] 【坐标太近】视为重复
2025-10-20 19:00:05 [TRACE] 【没有通过的坐标】开始下一轮
2025-10-20 19:00:05 [TRACE] 【本轮的坐标】：(np.int64(2090), np.int64(442)) ------------
2025-10-20 19:00:05 [TRACE] 【已点击过的坐标】：[(-10, -10), (np.int64(1309), np.int64(441)), (np.int64(1699), np.int64(441)), (np.int64(2088), np.int64(441)), (np.int64(2478), np.int64(441))]
2025-10-20 19:00:05 [TRACE] 【坐标太近】视为重复
2025-10-20 19:00:05 [TRACE] 【没有通过的坐标】开始下一轮
2025-10-20 19:00:05 [TRACE] 【本轮的坐标】：(np.int64(2477), np.int64(442)) ------------
2025-10-20 19:00:05 [TRACE] 【已点击过的坐标】：[(-10, -10), (np.int64(1309), np.int64(441)), (np.int64(1699), np.int64(441)), (np.int64(2088), np.int64(441)), (np.int64(2478), np.int64(441))]
2025-10-20 19:00:05 [TRACE] 【坐标太近】视为重复
2025-10-20 19:00:05 [TRACE] 【没有通过的坐标】开始下一轮
2025-10-20 19:00:05 [TRACE] 【本轮的坐标】：(np.int64(2478), np.int64(442)) ------------
2025-10-20 19:00:05 [TRACE] 【已点击过的坐标】：[(-10, -10), (np.int64(1309), np.int64(441)), (np.int64(1699), np.int64(441)), (np.int64(2088), np.int64(441)), (np.int64(2478), np.int64(441))]
2025-10-20 19:00:05 [TRACE] 【坐标太近】视为重复
2025-10-20 19:00:05 [TRACE] 【没有通过的坐标】开始下一轮
2025-10-20 19:00:05 [TRACE] 【本轮的坐标】：(np.int64(2479), np.int64(442)) ------------
2025-10-20 19:00:05 [TRACE] 【已点击过的坐标】：[(-10, -10), (np.int64(1309), np.int64(441)), (np.int64(1699), np.int64(441)), (np.int64(2088), np.int64(441)), (np.int64(2478), np.int64(441))]
2025-10-20 19:00:05 [TRACE] 【坐标太近】视为重复
2025-10-20 19:00:05 [TRACE] 【没有通过的坐标】开始下一轮
2025-10-20 19:00:05 [TRACE] 【本轮的坐标】：(np.int64(1309), np.int64(443)) ------------
2025-10-20 19:00:05 [TRACE] 【已点击过的坐标】：[(-10, -10), (np.int64(1309), np.int64(441)), (np.int64(1699), np.int64(441)), (np.int64(2088), np.int64(441)), (np.int64(2478), np.int64(441))]
2025-10-20 19:00:05 [TRACE] 【坐标太近】视为重复
2025-10-20 19:00:05 [TRACE] 【没有通过的坐标】开始下一轮
2025-10-20 19:00:05 [TRACE] 【本轮的坐标】：(np.int64(1698), np.int64(443)) ------------
2025-10-20 19:00:05 [TRACE] 【已点击过的坐标】：[(-10, -10), (np.int64(1309), np.int64(441)), (np.int64(1699), np.int64(441)), (np.int64(2088), np.int64(441)), (np.int64(2478), np.int64(441))]
2025-10-20 19:00:05 [TRACE] 【坐标太近】视为重复
2025-10-20 19:00:05 [TRACE] 【没有通过的坐标】开始下一轮
2025-10-20 19:00:05 [TRACE] 【本轮的坐标】：(np.int64(1699), np.int64(443)) ------------
2025-10-20 19:00:05 [TRACE] 【已点击过的坐标】：[(-10, -10), (np.int64(1309), np.int64(441)), (np.int64(1699), np.int64(441)), (np.int64(2088), np.int64(441)), (np.int64(2478), np.int64(441))]
2025-10-20 19:00:05 [TRACE] 【坐标太近】视为重复
2025-10-20 19:00:05 [TRACE] 【没有通过的坐标】开始下一轮
2025-10-20 19:00:05 [TRACE] 【本轮的坐标】：(np.int64(2088), np.int64(443)) ------------
2025-10-20 19:00:05 [TRACE] 【已点击过的坐标】：[(-10, -10), (np.int64(1309), np.int64(441)), (np.int64(1699), np.int64(441)), (np.int64(2088), np.int64(441)), (np.int64(2478), np.int64(441))]
2025-10-20 19:00:05 [TRACE] 【坐标太近】视为重复
2025-10-20 19:00:05 [TRACE] 【没有通过的坐标】开始下一轮
2025-10-20 19:00:05 [TRACE] 【本轮的坐标】：(np.int64(2478), np.int64(443)) ------------
2025-10-20 19:00:05 [TRACE] 【已点击过的坐标】：[(-10, -10), (np.int64(1309), np.int64(441)), (np.int64(1699), np.int64(441)), (np.int64(2088), np.int64(441)), (np.int64(2478), np.int64(441))]
2025-10-20 19:00:05 [TRACE] 【坐标太近】视为重复
2025-10-20 19:00:05 [TRACE] 【没有通过的坐标】开始下一轮
2025-10-20 19:00:05 [TRACE] 【完成所有点击】有效次数：4
2025-10-20 19:00:06 [TRACE] 【目标检测】屏幕内没有目标
2025-10-20 19:00:07 [TRACE] 【目标检测】屏幕内没有目标
2025-10-20 19:00:08 [TRACE] 【目标检测】屏幕内没有目标
2025-10-20 19:00:11 [TRACE] 【目标检测】屏幕内没有目标
2025-10-20 19:00:13 [TRACE] 【状态】搜索模式：C:\Users\gelon\Desktop\ZA-Lite\assets/images/hollow\next_area.png 置信度：0.9999993443489075
2025-10-20 19:00:16 [TRACE] 【状态】搜索模式：C:\Users\gelon\Desktop\ZA-Lite\assets/images/hollow\meter.png 置信度：0.9204238057136536
2025-10-20 19:00:17 [TRACE] 【目标检测】目标存在，但置信度不足
2025-10-20 19:00:18 [TRACE] 【目标检测】目标存在，但置信度不足
2025-10-20 19:00:19 [TRACE] 【目标检测】屏幕内没有目标
2025-10-20 19:00:21 [TRACE] 【目标检测】屏幕内没有目标
2025-10-20 19:00:22 [TRACE] 【目标检测】屏幕内没有目标
2025-10-20 19:00:23 [TRACE] 【状态】搜索模式：C:\Users\gelon\Desktop\ZA-Lite\assets/images/hollow\meter.png 置信度：0.9314536452293396
2025-10-20 19:00:25 [TRACE] 【目标检测】微调超时，无法对齐！
2025-10-20 19:00:28 [TRACE] 【目标检测】TRAPPED！ 类型：guide_point 置信度：0.8971531391143799
2025-10-20 19:00:29 [TRACE] 【状态】搜索模式：C:\Users\gelon\Desktop\ZA-Lite\assets/images/hollow\meter.png 置信度：0.9313055276870728
2025-10-20 19:00:35 [TRACE] 【目标检测】屏幕内没有目标
2025-10-20 19:00:37 [TRACE] 【目标检测】屏幕内没有目标
2025-10-20 19:00:38 [TRACE] 【空洞监听】无匹配已持续：0秒
2025-10-20 19:00:39 [TRACE] 【目标检测】屏幕内没有目标
2025-10-20 19:00:40 [TRACE] 【目标检测】屏幕内没有目标
2025-10-20 19:00:41 [TRACE] 【目标检测】目标存在，但置信度不足
2025-10-20 19:00:42 [TRACE] 【状态】战斗模式：C:\Users\gelon\Desktop\ZA-Lite\assets/images/hollow\battle_5.png 置信度：0.9415702819824219
2025-10-20 19:00:43 [TRACE] 【目标检测】屏幕内没有目标
2025-10-20 19:00:45 [TRACE] 【状态】战斗模式：正在受到攻击
2025-10-20 19:00:51 [TRACE] 【空洞监听】无匹配已持续：0秒
2025-10-20 19:00:58 [TRACE] 【状态】战斗模式：正在受到攻击
2025-10-20 19:01:01 [TRACE] 【状态】战斗模式：C:\Users\gelon\Desktop\ZA-Lite\assets/images/hollow\battle_5.png 置信度：0.978326141834259
2025-10-20 19:01:04 [TRACE] 【状态】战斗模式：正在受到攻击
2025-10-20 19:01:07 [TRACE] 【状态】战斗模式：C:\Users\gelon\Desktop\ZA-Lite\assets/images/hollow\battle_5.png 置信度：0.9916580319404602
2025-10-20 19:01:10 [TRACE] 【状态】战斗模式：正在受到攻击
2025-10-20 19:01:16 [TRACE] 【空洞监听】无匹配已持续：0秒
2025-10-20 19:01:20 [TRACE] 【状态】战斗模式：C:\Users\gelon\Desktop\ZA-Lite\assets/images/hollow\battle_5.png 置信度：0.9843320846557617
2025-10-20 19:01:26 [TRACE] 【状态】战斗模式：C:\Users\gelon\Desktop\ZA-Lite\assets/images/hollow\battle_5.png 置信度：0.9920111894607544
2025-10-20 19:01:32 [TRACE] 【状态】战斗模式：C:\Users\gelon\Desktop\ZA-Lite\assets/images/hollow\battle_5.png 置信度：0.9795650839805603
2025-10-20 19:01:42 [TRACE] 【空洞监听】无匹配已持续：0秒
2025-10-20 19:01:47 [TRACE] 【状态】战斗模式：正在受到攻击
2025-10-20 19:01:54 [TRACE] 【空洞监听】无匹配已持续：0秒
2025-10-20 19:02:00 [TRACE] 【状态】战斗模式：正在受到攻击
2025-10-20 19:02:06 [TRACE] 【状态】战斗模式：正在受到攻击
2025-10-20 19:02:09 [TRACE] 【状态】战斗模式：C:\Users\gelon\Desktop\ZA-Lite\assets/images/hollow\battle_5.png 置信度：0.9752916693687439
2025-10-20 19:02:12 [TRACE] 【状态】战斗模式：正在受到攻击
2025-10-20 19:02:16 [TRACE] 【状态】战斗模式：C:\Users\gelon\Desktop\ZA-Lite\assets/images/hollow\battle_5.png 置信度：0.9792150259017944
2025-10-20 19:02:19 [TRACE] 【状态】战斗模式：正在受到攻击
2025-10-20 19:02:22 [TRACE] 【状态】战斗模式：C:\Users\gelon\Desktop\ZA-Lite\assets/images/hollow\battle_5.png 置信度：0.9826542139053345
2025-10-20 19:02:31 [TRACE] 【空洞监听】无匹配已持续：0秒
2025-10-20 19:02:37 [TRACE] 【空洞监听】无匹配已持续：6秒
2025-10-20 19:02:41 [TRACE] 【状态】战斗模式：C:\Users\gelon\Desktop\ZA-Lite\assets/images/hollow\battle_5.png 置信度：0.982803225517273
2025-10-20 19:02:49 [TRACE] 【空洞监听】无匹配已持续：0秒
2025-10-20 19:02:53 [TRACE] 【状态】战斗模式：C:\Users\gelon\Desktop\ZA-Lite\assets/images/hollow\battle_5.png 置信度：0.978939414024353
2025-10-20 19:02:56 [TRACE] 【状态】战斗模式：正在受到攻击
2025-10-20 19:03:00 [TRACE] 【状态】战斗模式：C:\Users\gelon\Desktop\ZA-Lite\assets/images/hollow\battle_5.png 置信度：0.9797838926315308
2025-10-20 19:03:03 [TRACE] 【状态】战斗模式：正在受到攻击
2025-10-20 19:03:09 [TRACE] 【状态】战斗模式：正在受到攻击
2025-10-20 19:03:17 [TRACE] 【状态】搜索模式：C:\Users\gelon\Desktop\ZA-Lite\assets/images/hollow\gear.png 置信度：1.0
2025-10-20 19:03:18 [TRACE] 【目标检测】屏幕内没有目标
2025-10-20 19:03:19 [TRACE] 【目标检测】屏幕内没有目标
2025-10-20 19:03:20 [TRACE] 【目标检测】屏幕内没有目标
2025-10-20 19:03:21 [TRACE] 【目标检测】屏幕内没有目标
2025-10-20 19:03:23 [TRACE] 【状态】搜索模式：C:\Users\gelon\Desktop\ZA-Lite\assets/images/hollow\resonium.png 置信度：1.0
2025-10-20 19:03:23 [TRACE] 【目标出现】C:\Users\gelon\Desktop\ZA-Lite\assets/images/hollow\resonium.png 置信度：0.9999998807907104
2025-10-20 19:03:23 [TRACE] 【本轮的坐标】：(np.int64(1174), np.int64(461)) ------------
2025-10-20 19:03:23 [TRACE] 【已点击过的坐标】：[(-10, -10)]
2025-10-20 19:03:23 [TRACE] 【成功点击】
2025-10-20 19:03:24 [TRACE] 【目标检测】目标存在，但置信度不足
2025-10-20 19:03:24 [TRACE] 【本轮的坐标】：(np.int64(1581), np.int64(461)) ------------
2025-10-20 19:03:24 [TRACE] 【已点击过的坐标】：[(-10, -10), (np.int64(1174), np.int64(461))]
2025-10-20 19:03:24 [TRACE] 【成功点击】
2025-10-20 19:03:25 [TRACE] 【本轮的坐标】：(np.int64(1582), np.int64(461)) ------------
2025-10-20 19:03:25 [TRACE] 【已点击过的坐标】：[(-10, -10), (np.int64(1174), np.int64(461)), (np.int64(1581), np.int64(461))]
2025-10-20 19:03:25 [TRACE] 【坐标太近】视为重复
2025-10-20 19:03:25 [TRACE] 【没有通过的坐标】开始下一轮
2025-10-20 19:03:25 [TRACE] 【本轮的坐标】：(np.int64(1988), np.int64(461)) ------------
2025-10-20 19:03:25 [TRACE] 【已点击过的坐标】：[(-10, -10), (np.int64(1174), np.int64(461)), (np.int64(1581), np.int64(461))]
2025-10-20 19:03:25 [TRACE] 【成功点击】
2025-10-20 19:03:25 [TRACE] 【目标检测】目标存在，但置信度不足
2025-10-20 19:03:25 [TRACE] 【本轮的坐标】：(np.int64(1989), np.int64(461)) ------------
2025-10-20 19:03:25 [TRACE] 【已点击过的坐标】：[(-10, -10), (np.int64(1174), np.int64(461)), (np.int64(1581), np.int64(461)), (np.int64(1988), np.int64(461))]
2025-10-20 19:03:25 [TRACE] 【坐标太近】视为重复
2025-10-20 19:03:25 [TRACE] 【没有通过的坐标】开始下一轮
2025-10-20 19:03:25 [TRACE] 【本轮的坐标】：(np.int64(1173), np.int64(462)) ------------
2025-10-20 19:03:25 [TRACE] 【已点击过的坐标】：[(-10, -10), (np.int64(1174), np.int64(461)), (np.int64(1581), np.int64(461)), (np.int64(1988), np.int64(461))]
2025-10-20 19:03:26 [TRACE] 【坐标太近】视为重复
2025-10-20 19:03:26 [TRACE] 【没有通过的坐标】开始下一轮
2025-10-20 19:03:26 [TRACE] 【本轮的坐标】：(np.int64(1174), np.int64(462)) ------------
2025-10-20 19:03:26 [TRACE] 【已点击过的坐标】：[(-10, -10), (np.int64(1174), np.int64(461)), (np.int64(1581), np.int64(461)), (np.int64(1988), np.int64(461))]
2025-10-20 19:03:26 [TRACE] 【坐标太近】视为重复
2025-10-20 19:03:26 [TRACE] 【没有通过的坐标】开始下一轮
2025-10-20 19:03:26 [TRACE] 【本轮的坐标】：(np.int64(1175), np.int64(462)) ------------
2025-10-20 19:03:26 [TRACE] 【已点击过的坐标】：[(-10, -10), (np.int64(1174), np.int64(461)), (np.int64(1581), np.int64(461)), (np.int64(1988), np.int64(461))]
2025-10-20 19:03:26 [TRACE] 【坐标太近】视为重复
2025-10-20 19:03:26 [TRACE] 【没有通过的坐标】开始下一轮
2025-10-20 19:03:26 [TRACE] 【本轮的坐标】：(np.int64(1580), np.int64(462)) ------------
2025-10-20 19:03:26 [TRACE] 【已点击过的坐标】：[(-10, -10), (np.int64(1174), np.int64(461)), (np.int64(1581), np.int64(461)), (np.int64(1988), np.int64(461))]
2025-10-20 19:03:26 [TRACE] 【坐标太近】视为重复
2025-10-20 19:03:26 [TRACE] 【没有通过的坐标】开始下一轮
2025-10-20 19:03:26 [TRACE] 【本轮的坐标】：(np.int64(1581), np.int64(462)) ------------
2025-10-20 19:03:26 [TRACE] 【已点击过的坐标】：[(-10, -10), (np.int64(1174), np.int64(461)), (np.int64(1581), np.int64(461)), (np.int64(1988), np.int64(461))]
2025-10-20 19:03:26 [TRACE] 【坐标太近】视为重复
2025-10-20 19:03:26 [TRACE] 【没有通过的坐标】开始下一轮
2025-10-20 19:03:26 [TRACE] 【本轮的坐标】：(np.int64(1582), np.int64(462)) ------------
2025-10-20 19:03:26 [TRACE] 【已点击过的坐标】：[(-10, -10), (np.int64(1174), np.int64(461)), (np.int64(1581), np.int64(461)), (np.int64(1988), np.int64(461))]
2025-10-20 19:03:26 [TRACE] 【坐标太近】视为重复
2025-10-20 19:03:26 [TRACE] 【没有通过的坐标】开始下一轮
2025-10-20 19:03:26 [TRACE] 【本轮的坐标】：(np.int64(1987), np.int64(462)) ------------
2025-10-20 19:03:26 [TRACE] 【已点击过的坐标】：[(-10, -10), (np.int64(1174), np.int64(461)), (np.int64(1581), np.int64(461)), (np.int64(1988), np.int64(461))]
2025-10-20 19:03:26 [TRACE] 【坐标太近】视为重复
2025-10-20 19:03:26 [TRACE] 【没有通过的坐标】开始下一轮
2025-10-20 19:03:26 [TRACE] 【本轮的坐标】：(np.int64(1988), np.int64(462)) ------------
2025-10-20 19:03:26 [TRACE] 【已点击过的坐标】：[(-10, -10), (np.int64(1174), np.int64(461)), (np.int64(1581), np.int64(461)), (np.int64(1988), np.int64(461))]
2025-10-20 19:03:26 [TRACE] 【坐标太近】视为重复
2025-10-20 19:03:26 [TRACE] 【没有通过的坐标】开始下一轮
2025-10-20 19:03:26 [TRACE] 【本轮的坐标】：(np.int64(1989), np.int64(462)) ------------
2025-10-20 19:03:26 [TRACE] 【已点击过的坐标】：[(-10, -10), (np.int64(1174), np.int64(461)), (np.int64(1581), np.int64(461)), (np.int64(1988), np.int64(461))]
2025-10-20 19:03:26 [TRACE] 【坐标太近】视为重复
2025-10-20 19:03:26 [TRACE] 【没有通过的坐标】开始下一轮
2025-10-20 19:03:26 [TRACE] 【本轮的坐标】：(np.int64(1990), np.int64(462)) ------------
2025-10-20 19:03:26 [TRACE] 【已点击过的坐标】：[(-10, -10), (np.int64(1174), np.int64(461)), (np.int64(1581), np.int64(461)), (np.int64(1988), np.int64(461))]
2025-10-20 19:03:26 [TRACE] 【坐标太近】视为重复
2025-10-20 19:03:26 [TRACE] 【没有通过的坐标】开始下一轮
2025-10-20 19:03:26 [TRACE] 【本轮的坐标】：(np.int64(1174), np.int64(463)) ------------
2025-10-20 19:03:26 [TRACE] 【已点击过的坐标】：[(-10, -10), (np.int64(1174), np.int64(461)), (np.int64(1581), np.int64(461)), (np.int64(1988), np.int64(461))]
2025-10-20 19:03:26 [TRACE] 【坐标太近】视为重复
2025-10-20 19:03:26 [TRACE] 【没有通过的坐标】开始下一轮
2025-10-20 19:03:26 [TRACE] 【本轮的坐标】：(np.int64(1581), np.int64(463)) ------------
2025-10-20 19:03:26 [TRACE] 【已点击过的坐标】：[(-10, -10), (np.int64(1174), np.int64(461)), (np.int64(1581), np.int64(461)), (np.int64(1988), np.int64(461))]
2025-10-20 19:03:26 [TRACE] 【坐标太近】视为重复
2025-10-20 19:03:26 [TRACE] 【没有通过的坐标】开始下一轮
2025-10-20 19:03:26 [TRACE] 【本轮的坐标】：(np.int64(1988), np.int64(463)) ------------
2025-10-20 19:03:26 [TRACE] 【已点击过的坐标】：[(-10, -10), (np.int64(1174), np.int64(461)), (np.int64(1581), np.int64(461)), (np.int64(1988), np.int64(461))]
2025-10-20 19:03:26 [TRACE] 【坐标太近】视为重复
2025-10-20 19:03:26 [TRACE] 【没有通过的坐标】开始下一轮
2025-10-20 19:03:26 [TRACE] 【完成所有点击】有效次数：3
2025-10-20 19:03:26 [TRACE] 【目标检测】目标存在，但置信度不足
2025-10-20 19:03:27 [TRACE] 【目标检测】目标存在，但置信度不足
2025-10-20 19:03:29 [TRACE] 【目标检测】目标存在，但置信度不足
2025-10-20 19:03:30 [TRACE] 【目标检测】屏幕内没有目标
2025-10-20 19:03:34 [TRACE] 【目标检测】目标存在，但置信度不足
2025-10-20 19:03:35 [TRACE] 【目标检测】目标存在，但置信度不足
2025-10-20 19:03:37 [TRACE] 【目标检测】屏幕内没有目标
2025-10-20 19:03:38 [TRACE] 【目标检测】屏幕内没有目标
2025-10-20 19:03:39 [TRACE] 【空洞监听】无匹配已持续：0秒
2025-10-20 19:03:39 [TRACE] 【目标检测】屏幕内没有目标
2025-10-20 19:03:40 [TRACE] 【状态】搜索模式：C:\Users\gelon\Desktop\ZA-Lite\assets/images/hollow\battle_end_boss.png 置信度：0.9999361634254456
2025-10-20 19:03:40 [TRACE] 【目标检测】目标存在，但置信度不足
2025-10-20 19:03:43 [TRACE] 【目标检测】屏幕内没有目标
2025-10-20 19:03:44 [TRACE] 【目标检测】屏幕内没有目标
2025-10-20 19:03:47 [TRACE] 【目标检测】屏幕内没有目标
2025-10-20 19:03:48 [TRACE] 【目标检测】屏幕内没有目标
2025-10-20 19:03:50 [TRACE] 【目标检测】屏幕内没有目标
2025-10-20 19:03:51 [TRACE] 【目标检测】TRAPPED！ 类型：interact 置信度：0.9228030443191528
2025-10-20 19:03:52 [TRACE] 【空洞监听】无匹配已持续：0秒
2025-10-20 19:03:58 [TRACE] 【目标检测】屏幕内没有目标
2025-10-20 19:04:00 [TRACE] 【目标检测】屏幕内没有目标
2025-10-20 19:04:01 [TRACE] 【目标检测】屏幕内没有目标
2025-10-20 19:04:02 [TRACE] 【目标检测】TRAPPED！ 类型：interact 置信度：0.9117278456687927
2025-10-20 19:04:07 [TRACE] 【目标检测】TRAPPED！ 类型：interact 置信度：0.9312683343887329
2025-10-20 19:04:11 [TRACE] 【空洞监听】无匹配已持续：0秒
2025-10-20 19:04:14 [TRACE] 【目标检测】屏幕内没有目标
2025-10-20 19:04:15 [TRACE] 【目标检测】屏幕内没有目标
2025-10-20 19:04:16 [TRACE] 【目标检测】屏幕内没有目标
2025-10-20 19:04:17 [TRACE] 【目标检测】屏幕内没有目标
2025-10-20 19:04:19 [TRACE] 【目标检测】屏幕内没有目标
2025-10-20 19:04:21 [TRACE] 【目标检测】屏幕内没有目标
2025-10-20 19:04:22 [TRACE] 【目标检测】屏幕内没有目标
2025-10-20 19:04:24 [TRACE] 【目标检测】屏幕内没有目标
2025-10-20 19:04:25 [TRACE] 【目标检测】屏幕内没有目标
2025-10-20 19:04:26 [TRACE] 【目标检测】屏幕内没有目标
2025-10-20 19:04:29 [TRACE] 【目标检测】屏幕内没有目标
2025-10-20 19:04:33 [TRACE] 【目标检测】TRAPPED！ 类型：interact 置信度：0.943440318107605
2025-10-20 19:04:36 [TRACE] 【空洞监听】无匹配已持续：0秒
2025-10-20 19:04:40 [TRACE] 【目标检测】屏幕内没有目标
2025-10-20 19:04:41 [TRACE] 【目标检测】屏幕内没有目标
2025-10-20 19:04:42 [TRACE] 【目标检测】屏幕内没有目标
2025-10-20 19:04:43 [TRACE] 【目标检测】屏幕内没有目标
2025-10-20 19:04:45 [TRACE] 【目标检测】屏幕内没有目标
2025-10-20 19:04:47 [TRACE] 【目标检测】屏幕内没有目标
2025-10-20 19:04:48 [TRACE] 【目标检测】屏幕内没有目标
2025-10-20 19:04:50 [TRACE] 【目标检测】屏幕内没有目标
2025-10-20 19:04:51 [TRACE] 【目标检测】屏幕内没有目标
2025-10-20 19:04:52 [TRACE] 【目标检测】目标存在，但置信度不足
2025-10-20 19:04:54 [TRACE] 【目标检测】目标存在，但置信度不足
2025-10-20 19:04:55 [TRACE] 【目标检测】目标存在，但置信度不足
2025-10-20 19:04:56 [TRACE] 【目标检测】屏幕内没有目标
2025-10-20 19:05:01 [TRACE] 【目标检测】TRAPPED！ 类型：interact 置信度：0.9461720585823059
2025-10-20 19:05:02 [TRACE] 【空洞监听】无匹配已持续：0秒
2025-10-20 19:05:08 [TRACE] 【目标检测】屏幕内没有目标
2025-10-20 19:05:09 [TRACE] 【状态】搜索模式：C:\Users\gelon\Desktop\ZA-Lite\assets/images/hollow\gear.png 置信度：0.999715268611908
2025-10-20 19:05:09 [TRACE] 【目标检测】屏幕内没有目标
2025-10-20 19:05:11 [TRACE] 【目标检测】屏幕内没有目标
2025-10-20 19:05:12 [TRACE] 【目标检测】屏幕内没有目标
2025-10-20 19:05:13 [TRACE] 【目标检测】屏幕内没有目标
2025-10-20 19:05:16 [TRACE] 【状态】搜索模式：C:\Users\gelon\Desktop\ZA-Lite\assets/images/hollow\next_area.png 置信度：0.9999999403953552
2025-10-20 19:05:18 [TRACE] 【目标检测】TRAPPED！ 类型：blue_portal 置信度：0.9271822571754456
2025-10-20 19:05:19 [TRACE] 【状态】搜索模式：C:\Users\gelon\Desktop\ZA-Lite\assets/images/hollow\meter.png 置信度：0.9230228662490845
2025-10-20 19:05:25 [TRACE] 【目标检测】TRAPPED！ 类型：blue_portal 置信度：0.9579330086708069
2025-10-20 19:05:28 [TRACE] 【空洞监听】无匹配已持续：0秒
2025-10-20 19:05:32 [TRACE] 【目标检测】屏幕内没有目标
2025-10-20 19:05:33 [TRACE] 【空洞监听】无匹配已持续：5秒
2025-10-20 19:05:33 [TRACE] 【目标检测】屏幕内没有目标
2025-10-20 19:05:35 [TRACE] 【目标检测】屏幕内没有目标
2025-10-20 19:05:36 [TRACE] 【目标检测】屏幕内没有目标
2025-10-20 19:05:38 [TRACE] 【目标检测】屏幕内没有目标
2025-10-20 19:05:40 [TRACE] 【空洞监听】无匹配已持续：12秒
2025-10-20 19:05:40 [TRACE] 【目标检测】屏幕内没有目标
2025-10-20 19:05:42 [TRACE] 【目标检测】屏幕内没有目标
2025-10-20 19:05:43 [TRACE] 【目标检测】屏幕内没有目标
2025-10-20 19:05:45 [TRACE] 【目标检测】目标存在，但置信度不足
2025-10-20 19:05:46 [TRACE] 【目标检测】屏幕内没有目标
2025-10-20 19:05:46 [TRACE] 【空洞监听】无匹配已持续：18秒
2025-10-20 19:05:47 [TRACE] 【目标检测】屏幕内没有目标
2025-10-20 19:05:50 [TRACE] 【目标检测】屏幕内没有目标
2025-10-20 19:05:51 [TRACE] 【目标检测】屏幕内没有目标
2025-10-20 19:05:53 [TRACE] 【目标检测】屏幕内没有目标
2025-10-20 19:05:53 [TRACE] 【状态】战斗模式：正在受到攻击
2025-10-20 19:05:56 [TRACE] 【状态】战斗模式：C:\Users\gelon\Desktop\ZA-Lite\assets/images/hollow\battle_5.png 置信度：0.9803133010864258
2025-10-20 19:05:59 [TRACE] 【状态】战斗模式：正在受到攻击
2025-10-20 19:06:05 [TRACE] 【空洞监听】无匹配已持续：0秒
2025-10-20 19:06:09 [TRACE] 【状态】战斗模式：C:\Users\gelon\Desktop\ZA-Lite\assets/images/hollow\battle_5.png 置信度：0.993159294128418
2025-10-20 19:06:19 [TRACE] 【状态】搜索模式：C:\Users\gelon\Desktop\ZA-Lite\assets/images/hollow\next_area.png 置信度：0.9999998211860657
2025-10-20 19:06:27 [TRACE] 【目标检测】微调超时，无法对齐！
2025-10-20 19:06:31 [TRACE] 【空洞监听】无匹配已持续：0秒
2025-10-20 19:06:31 [TRACE] 【目标检测】TRAPPED！ 类型：guide_point 置信度：0.957973301410675
2025-10-20 19:06:37 [TRACE] 【空洞监听】无匹配已持续：6秒
2025-10-20 19:06:38 [TRACE] 【目标检测】屏幕内没有目标
2025-10-20 19:06:44 [TRACE] 【空洞监听】无匹配已持续：12秒
2025-10-20 19:06:45 [TRACE] 【目标检测】TRAPPED！ 类型：blue_portal 置信度：0.9603133797645569
2025-10-20 19:06:49 [TRACE] 【空洞监听】无匹配已持续：18秒
2025-10-20 19:06:52 [TRACE] 【目标检测】目标存在，但置信度不足
2025-10-20 19:06:53 [TRACE] 【目标检测】屏幕内没有目标
2025-10-20 19:06:55 [TRACE] 【目标检测】屏幕内没有目标
2025-10-20 19:06:57 [TRACE] 【目标检测】目标存在，但置信度不足
2025-10-20 19:06:59 [TRACE] 【目标检测】屏幕内没有目标
2025-10-20 19:07:00 [TRACE] 【状态】战斗模式：C:\Users\gelon\Desktop\ZA-Lite\assets/images/hollow\battle_3.png 置信度：1.0
2025-10-20 19:07:00 [TRACE] 【目标检测】屏幕内没有目标
2025-10-20 19:07:10 [TRACE] 【空洞监听】无匹配已持续：0秒
2025-10-20 19:07:15 [TRACE] 【状态】战斗模式：正在受到攻击
2025-10-20 19:07:22 [TRACE] 【空洞监听】无匹配已持续：0秒
2025-10-20 19:07:28 [TRACE] 【状态】战斗模式：正在受到攻击
2025-10-20 19:07:34 [TRACE] 【空洞监听】无匹配已持续：0秒
2025-10-20 19:07:40 [TRACE] 【空洞监听】无匹配已持续：6秒
2025-10-20 19:07:46 [TRACE] 【空洞监听】无匹配已持续：11秒
2025-10-20 19:07:52 [TRACE] 【空洞监听】无匹配已持续：18秒
2025-10-20 19:07:56 [TRACE] 【状态】搜索模式：C:\Users\gelon\Desktop\ZA-Lite\assets/images/hollow\meter.png 置信度：0.9530091285705566
2025-10-20 19:08:02 [TRACE] 【目标检测】微调超时，无法对齐！
2025-10-20 19:08:03 [TRACE] 【状态】搜索模式：C:\Users\gelon\Desktop\ZA-Lite\assets/images/hollow\meter.png 置信度：0.9536445736885071
2025-10-20 19:08:07 [TRACE] 【目标检测】TRAPPED！ 类型：guide_point 置信度：0.9483818411827087
2025-10-20 19:08:09 [TRACE] 【状态】搜索模式：C:\Users\gelon\Desktop\ZA-Lite\assets/images/hollow\meter.png 置信度：0.9388709664344788
2025-10-20 19:08:18 [TRACE] 【空洞监听】无匹配已持续：0秒
2025-10-20 19:08:20 [TRACE] 【目标检测】微调超时，无法对齐！
2025-10-20 19:08:25 [TRACE] 【空洞监听】无匹配已持续：6秒
2025-10-20 19:08:25 [TRACE] 【目标检测】TRAPPED！ 类型：blue_portal 置信度：0.9269042611122131
2025-10-20 19:08:31 [TRACE] 【空洞监听】无匹配已持续：12秒
2025-10-20 19:08:31 [TRACE] 【目标检测】屏幕内没有目标
2025-10-20 19:08:33 [TRACE] 【状态】战斗模式：C:\Users\gelon\Desktop\ZA-Lite\assets/images/hollow\battle_2.png 置信度：0.9999999403953552
2025-10-20 19:08:34 [TRACE] 【目标检测】屏幕内没有目标
2025-10-20 19:08:34 [TRACE] 【状态】战斗模式：C:\Users\gelon\Desktop\ZA-Lite\assets/images/hollow\battle_3.png 置信度：0.9999999403953552
2025-10-20 19:08:44 [TRACE] 【空洞监听】无匹配已持续：0秒
2025-10-20 19:08:50 [TRACE] 【空洞监听】无匹配已持续：6秒
2025-10-20 19:08:54 [TRACE] 【状态】战斗模式：C:\Users\gelon\Desktop\ZA-Lite\assets/images/hollow\battle_5.png 置信度：0.977534830570221
2025-10-20 19:09:03 [TRACE] 【空洞监听】无匹配已持续：0秒
2025-10-20 19:09:10 [TRACE] 【空洞监听】无匹配已持续：6秒
2025-10-20 19:09:16 [TRACE] 【状态】战斗模式：正在受到攻击
2025-10-20 19:09:22 [TRACE] 【空洞监听】无匹配已持续：0秒
2025-10-20 19:09:28 [TRACE] 【状态】战斗模式：正在受到攻击
2025-10-20 19:09:28 [TRACE] 【状态】搜索模式：C:\Users\gelon\Desktop\ZA-Lite\assets/images/hollow\resonium.png 置信度：0.9999998807907104
2025-10-20 19:09:29 [TRACE] 【目标出现】C:\Users\gelon\Desktop\ZA-Lite\assets/images/hollow\resonium.png 置信度：0.9999998807907104
2025-10-20 19:09:29 [TRACE] 【本轮的坐标】：(np.int64(1174), np.int64(461)) ------------
2025-10-20 19:09:29 [TRACE] 【已点击过的坐标】：[(-10, -10)]
2025-10-20 19:09:29 [TRACE] 【成功点击】
2025-10-20 19:09:29 [TRACE] 【目标检测】屏幕内没有目标
2025-10-20 19:09:30 [TRACE] 【本轮的坐标】：(np.int64(1581), np.int64(461)) ------------
2025-10-20 19:09:30 [TRACE] 【已点击过的坐标】：[(-10, -10), (np.int64(1174), np.int64(461))]
2025-10-20 19:09:30 [TRACE] 【成功点击】
2025-10-20 19:09:30 [TRACE] 【目标检测】屏幕内没有目标
2025-10-20 19:09:30 [TRACE] 【本轮的坐标】：(np.int64(1582), np.int64(461)) ------------
2025-10-20 19:09:30 [TRACE] 【已点击过的坐标】：[(-10, -10), (np.int64(1174), np.int64(461)), (np.int64(1581), np.int64(461))]
2025-10-20 19:09:30 [TRACE] 【坐标太近】视为重复
2025-10-20 19:09:30 [TRACE] 【没有通过的坐标】开始下一轮
2025-10-20 19:09:30 [TRACE] 【本轮的坐标】：(np.int64(1988), np.int64(461)) ------------
2025-10-20 19:09:30 [TRACE] 【已点击过的坐标】：[(-10, -10), (np.int64(1174), np.int64(461)), (np.int64(1581), np.int64(461))]
2025-10-20 19:09:30 [TRACE] 【成功点击】
2025-10-20 19:09:31 [TRACE] 【本轮的坐标】：(np.int64(1989), np.int64(461)) ------------
2025-10-20 19:09:31 [TRACE] 【已点击过的坐标】：[(-10, -10), (np.int64(1174), np.int64(461)), (np.int64(1581), np.int64(461)), (np.int64(1988), np.int64(461))]
2025-10-20 19:09:31 [TRACE] 【坐标太近】视为重复
2025-10-20 19:09:31 [TRACE] 【没有通过的坐标】开始下一轮
2025-10-20 19:09:31 [TRACE] 【本轮的坐标】：(np.int64(1173), np.int64(462)) ------------
2025-10-20 19:09:31 [TRACE] 【已点击过的坐标】：[(-10, -10), (np.int64(1174), np.int64(461)), (np.int64(1581), np.int64(461)), (np.int64(1988), np.int64(461))]
2025-10-20 19:09:31 [TRACE] 【坐标太近】视为重复
2025-10-20 19:09:31 [TRACE] 【没有通过的坐标】开始下一轮
2025-10-20 19:09:31 [TRACE] 【本轮的坐标】：(np.int64(1174), np.int64(462)) ------------
2025-10-20 19:09:31 [TRACE] 【已点击过的坐标】：[(-10, -10), (np.int64(1174), np.int64(461)), (np.int64(1581), np.int64(461)), (np.int64(1988), np.int64(461))]
2025-10-20 19:09:31 [TRACE] 【坐标太近】视为重复
2025-10-20 19:09:31 [TRACE] 【没有通过的坐标】开始下一轮
2025-10-20 19:09:31 [TRACE] 【本轮的坐标】：(np.int64(1175), np.int64(462)) ------------
2025-10-20 19:09:31 [TRACE] 【已点击过的坐标】：[(-10, -10), (np.int64(1174), np.int64(461)), (np.int64(1581), np.int64(461)), (np.int64(1988), np.int64(461))]
2025-10-20 19:09:31 [TRACE] 【坐标太近】视为重复
2025-10-20 19:09:31 [TRACE] 【没有通过的坐标】开始下一轮
2025-10-20 19:09:31 [TRACE] 【本轮的坐标】：(np.int64(1580), np.int64(462)) ------------
2025-10-20 19:09:31 [TRACE] 【已点击过的坐标】：[(-10, -10), (np.int64(1174), np.int64(461)), (np.int64(1581), np.int64(461)), (np.int64(1988), np.int64(461))]
2025-10-20 19:09:31 [TRACE] 【坐标太近】视为重复
2025-10-20 19:09:31 [TRACE] 【没有通过的坐标】开始下一轮
2025-10-20 19:09:31 [TRACE] 【本轮的坐标】：(np.int64(1581), np.int64(462)) ------------
2025-10-20 19:09:31 [TRACE] 【已点击过的坐标】：[(-10, -10), (np.int64(1174), np.int64(461)), (np.int64(1581), np.int64(461)), (np.int64(1988), np.int64(461))]
2025-10-20 19:09:31 [TRACE] 【坐标太近】视为重复
2025-10-20 19:09:31 [TRACE] 【没有通过的坐标】开始下一轮
2025-10-20 19:09:31 [TRACE] 【本轮的坐标】：(np.int64(1582), np.int64(462)) ------------
2025-10-20 19:09:31 [TRACE] 【已点击过的坐标】：[(-10, -10), (np.int64(1174), np.int64(461)), (np.int64(1581), np.int64(461)), (np.int64(1988), np.int64(461))]
2025-10-20 19:09:31 [TRACE] 【坐标太近】视为重复
2025-10-20 19:09:31 [TRACE] 【没有通过的坐标】开始下一轮
2025-10-20 19:09:31 [TRACE] 【本轮的坐标】：(np.int64(1987), np.int64(462)) ------------
2025-10-20 19:09:31 [TRACE] 【已点击过的坐标】：[(-10, -10), (np.int64(1174), np.int64(461)), (np.int64(1581), np.int64(461)), (np.int64(1988), np.int64(461))]
2025-10-20 19:09:31 [TRACE] 【坐标太近】视为重复
2025-10-20 19:09:31 [TRACE] 【没有通过的坐标】开始下一轮
2025-10-20 19:09:31 [TRACE] 【本轮的坐标】：(np.int64(1988), np.int64(462)) ------------
2025-10-20 19:09:31 [TRACE] 【已点击过的坐标】：[(-10, -10), (np.int64(1174), np.int64(461)), (np.int64(1581), np.int64(461)), (np.int64(1988), np.int64(461))]
2025-10-20 19:09:31 [TRACE] 【坐标太近】视为重复
2025-10-20 19:09:31 [TRACE] 【没有通过的坐标】开始下一轮
2025-10-20 19:09:31 [TRACE] 【本轮的坐标】：(np.int64(1989), np.int64(462)) ------------
2025-10-20 19:09:31 [TRACE] 【已点击过的坐标】：[(-10, -10), (np.int64(1174), np.int64(461)), (np.int64(1581), np.int64(461)), (np.int64(1988), np.int64(461))]
2025-10-20 19:09:31 [TRACE] 【坐标太近】视为重复
2025-10-20 19:09:31 [TRACE] 【没有通过的坐标】开始下一轮
2025-10-20 19:09:31 [TRACE] 【本轮的坐标】：(np.int64(1990), np.int64(462)) ------------
2025-10-20 19:09:31 [TRACE] 【已点击过的坐标】：[(-10, -10), (np.int64(1174), np.int64(461)), (np.int64(1581), np.int64(461)), (np.int64(1988), np.int64(461))]
2025-10-20 19:09:31 [TRACE] 【坐标太近】视为重复
2025-10-20 19:09:31 [TRACE] 【没有通过的坐标】开始下一轮
2025-10-20 19:09:31 [TRACE] 【本轮的坐标】：(np.int64(1174), np.int64(463)) ------------
2025-10-20 19:09:31 [TRACE] 【已点击过的坐标】：[(-10, -10), (np.int64(1174), np.int64(461)), (np.int64(1581), np.int64(461)), (np.int64(1988), np.int64(461))]
2025-10-20 19:09:31 [TRACE] 【坐标太近】视为重复
2025-10-20 19:09:31 [TRACE] 【没有通过的坐标】开始下一轮
2025-10-20 19:09:31 [TRACE] 【本轮的坐标】：(np.int64(1581), np.int64(463)) ------------
2025-10-20 19:09:31 [TRACE] 【已点击过的坐标】：[(-10, -10), (np.int64(1174), np.int64(461)), (np.int64(1581), np.int64(461)), (np.int64(1988), np.int64(461))]
2025-10-20 19:09:31 [TRACE] 【坐标太近】视为重复
2025-10-20 19:09:31 [TRACE] 【没有通过的坐标】开始下一轮
2025-10-20 19:09:31 [TRACE] 【本轮的坐标】：(np.int64(1988), np.int64(463)) ------------
2025-10-20 19:09:31 [TRACE] 【已点击过的坐标】：[(-10, -10), (np.int64(1174), np.int64(461)), (np.int64(1581), np.int64(461)), (np.int64(1988), np.int64(461))]
2025-10-20 19:09:31 [TRACE] 【坐标太近】视为重复
2025-10-20 19:09:31 [TRACE] 【没有通过的坐标】开始下一轮
2025-10-20 19:09:31 [TRACE] 【完成所有点击】有效次数：3
2025-10-20 19:09:32 [TRACE] 【目标检测】屏幕内没有目标
2025-10-20 19:09:34 [TRACE] 【目标检测】屏幕内没有目标
2025-10-20 19:09:35 [TRACE] 【目标检测】屏幕内没有目标
2025-10-20 19:09:37 [TRACE] 【目标检测】目标存在，但置信度不足
2025-10-20 19:09:39 [TRACE] 【状态】搜索模式：C:\Users\gelon\Desktop\ZA-Lite\assets/images/hollow\next_area.png 置信度：0.9999999403953552
2025-10-20 19:09:42 [TRACE] 【状态】搜索模式：C:\Users\gelon\Desktop\ZA-Lite\assets/images/hollow\meter.png 置信度：0.9022223353385925
2025-10-20 19:09:42 [TRACE] 【目标检测】TRAPPED！ 类型：blue_portal 置信度：0.9038825035095215
2025-10-20 19:09:49 [TRACE] 【目标检测】屏幕内没有目标
2025-10-20 19:09:50 [TRACE] 【空洞监听】无匹配已持续：0秒
2025-10-20 19:09:50 [TRACE] 【目标检测】屏幕内没有目标
2025-10-20 19:09:52 [TRACE] 【目标检测】屏幕内没有目标
2025-10-20 19:09:53 [TRACE] 【目标检测】屏幕内没有目标
2025-10-20 19:09:55 [TRACE] 【目标检测】目标存在，但置信度不足
2025-10-20 19:09:57 [TRACE] 【空洞监听】无匹配已持续：6秒
2025-10-20 19:09:57 [TRACE] 【目标检测】屏幕内没有目标
2025-10-20 19:10:00 [TRACE] 【目标检测】屏幕内没有目标
2025-10-20 19:10:01 [TRACE] 【目标检测】屏幕内没有目标
2025-10-20 19:10:02 [TRACE] 【目标检测】屏幕内没有目标
2025-10-20 19:10:03 [TRACE] 【状态】战斗模式：正在受到攻击
2025-10-20 19:10:04 [TRACE] 【目标检测】屏幕内没有目标
2025-10-20 19:10:10 [TRACE] 【空洞监听】无匹配已持续：0秒
2025-10-20 19:10:16 [TRACE] 【空洞监听】无匹配已持续：5秒
2025-10-20 19:10:22 [TRACE] 【空洞监听】无匹配已持续：12秒
2025-10-20 19:10:28 [TRACE] 【空洞监听】无匹配已持续：18秒
2025-10-20 19:10:34 [TRACE] 【状态】战斗模式：正在受到攻击
2025-10-20 19:10:40 [TRACE] 【空洞监听】无匹配已持续：0秒
2025-10-20 19:10:47 [TRACE] 【空洞监听】无匹配已持续：6秒
2025-10-20 19:10:53 [TRACE] 【状态】战斗模式：正在受到攻击
2025-10-20 19:10:59 [TRACE] 【状态】战斗模式：正在受到攻击
2025-10-20 19:11:05 [TRACE] 【空洞监听】无匹配已持续：0秒
2025-10-20 19:11:11 [TRACE] 【空洞监听】无匹配已持续：6秒
2025-10-20 19:11:18 [TRACE] 【状态】战斗模式：正在受到攻击
2025-10-20 19:11:21 [TRACE] 【状态】战斗模式：C:\Users\gelon\Desktop\ZA-Lite\assets/images/hollow\battle_5.png 置信度：0.9881147146224976
2025-10-20 19:11:30 [TRACE] 【空洞监听】无匹配已持续：0秒
2025-10-20 19:11:33 [TRACE] 【状态】战斗模式：C:\Users\gelon\Desktop\ZA-Lite\assets/images/hollow\battle_5.png 置信度：0.9833741784095764
2025-10-20 19:11:40 [TRACE] 【状态】战斗模式：C:\Users\gelon\Desktop\ZA-Lite\assets/images/hollow\battle_5.png 置信度：0.988031804561615
2025-10-20 19:11:48 [TRACE] 【状态】战斗模式：正在受到攻击
2025-10-20 19:11:55 [TRACE] 【空洞监听】无匹配已持续：0秒
2025-10-20 19:12:01 [TRACE] 【空洞监听】无匹配已持续：5秒
2025-10-20 19:12:07 [TRACE] 【空洞监听】无匹配已持续：11秒
2025-10-20 19:12:13 [TRACE] 【空洞监听】无匹配已持续：17秒
2025-10-20 19:12:19 [TRACE] 【空洞监听】无匹配已持续：23秒
2025-10-20 19:12:25 [TRACE] 【空洞监听】无匹配已持续：29秒
2025-10-20 19:12:31 [TRACE] 【空洞监听】无匹配已持续：35秒
2025-10-20 19:12:37 [TRACE] 【空洞监听】无匹配已持续：41秒
2025-10-20 19:12:43 [TRACE] 【空洞监听】无匹配已持续：48秒
2025-10-20 19:12:49 [TRACE] 【空洞监听】无匹配已持续：54秒
2025-10-20 19:12:56 [TRACE] 【空洞监听】无匹配已持续：60秒
2025-10-20 19:12:56 [TRACE] 【空洞监听】即将超时，重启搜索线程
2025-10-20 19:12:57 [TRACE] 【目标检测】屏幕内没有目标
2025-10-20 19:13:00 [TRACE] 【目标检测】屏幕内没有目标
2025-10-20 19:13:01 [TRACE] 【目标检测】屏幕内没有目标
2025-10-20 19:13:03 [TRACE] 【空洞监听】无匹配已持续：67秒
2025-10-20 19:13:03 [TRACE] 【空洞监听】即将超时，重启搜索线程
2025-10-20 19:13:05 [TRACE] 【目标检测】TRAPPED！ 类型：interact 置信度：0.9400600790977478
2025-10-20 19:13:09 [TRACE] 【空洞监听】无匹配已持续：73秒
2025-10-20 19:13:09 [TRACE] 【空洞监听】即将超时，重启搜索线程
2025-10-20 19:13:12 [TRACE] 【目标检测】屏幕内没有目标
2025-10-20 19:13:13 [TRACE] 【目标检测】目标存在，但置信度不足
2025-10-20 19:13:15 [TRACE] 【目标检测】屏幕内没有目标
2025-10-20 19:13:17 [TRACE] 【状态】搜索模式：C:\Users\gelon\Desktop\ZA-Lite\assets/images/hollow\next_area.png 置信度：1.0
2025-10-20 19:13:18 [TRACE] 【目标检测】目标存在，但置信度不足
2025-10-20 19:13:19 [TRACE] 【目标检测】目标存在，但置信度不足
2025-10-20 19:13:20 [TRACE] 【状态】搜索模式：C:\Users\gelon\Desktop\ZA-Lite\assets/images/hollow\meter.png 置信度：0.9755602478981018
2025-10-20 19:13:21 [TRACE] 【目标检测】屏幕内没有目标
2025-10-20 19:13:22 [TRACE] 【目标检测】屏幕内没有目标
2025-10-20 19:13:27 [TRACE] 【目标检测】微调超时，无法对齐！
2025-10-20 19:13:29 [TRACE] 【空洞监听】无匹配已持续：0秒
2025-10-20 19:13:33 [TRACE] 【状态】搜索模式：C:\Users\gelon\Desktop\ZA-Lite\assets/images/hollow\meter.png 置信度：0.9832891821861267
2025-10-20 19:13:36 [TRACE] 【目标检测】微调超时，无法对齐！
2025-10-20 19:13:38 [TRACE] 【目标检测】屏幕内没有目标
2025-10-20 19:13:42 [TRACE] 【空洞监听】无匹配已持续：0秒
2025-10-20 19:13:47 [TRACE] 【目标检测】微调超时，无法对齐！
2025-10-20 19:13:49 [TRACE] 【空洞监听】无匹配已持续：6秒
2025-10-20 19:13:49 [TRACE] 【目标检测】TRAPPED！ 类型：guide_point 置信度：0.9324830174446106
2025-10-20 19:13:55 [TRACE] 【空洞监听】无匹配已持续：13秒
2025-10-20 19:13:56 [TRACE] 【目标检测】屏幕内没有目标
2025-10-20 19:13:57 [TRACE] 【目标检测】屏幕内没有目标
2025-10-20 19:13:59 [TRACE] 【目标检测】屏幕内没有目标
2025-10-20 19:14:00 [TRACE] 【目标检测】屏幕内没有目标
2025-10-20 19:14:02 [TRACE] 【空洞监听】无匹配已持续：19秒
2025-10-20 19:14:04 [TRACE] 【目标检测】TRAPPED！ 类型：blue_portal 置信度：0.8990157246589661
2025-10-20 19:14:08 [TRACE] 【空洞监听】无匹配已持续：26秒
2025-10-20 19:14:11 [TRACE] 【目标检测】屏幕内没有目标
2025-10-20 19:14:14 [TRACE] 【目标检测】TRAPPED！ 类型：interact 置信度：0.9261608123779297
2025-10-20 19:14:15 [TRACE] 【空洞监听】无匹配已持续：32秒
2025-10-20 19:14:21 [TRACE] 【目标检测】TRAPPED！ 类型：interact 置信度：0.9037523865699768
2025-10-20 19:14:21 [TRACE] 【空洞监听】无匹配已持续：38秒
2025-10-20 19:14:27 [TRACE] 【空洞监听】无匹配已持续：45秒
2025-10-20 19:14:28 [TRACE] 【目标检测】屏幕内没有目标
2025-10-20 19:14:29 [TRACE] 【目标检测】屏幕内没有目标
2025-10-20 19:14:30 [TRACE] 【目标检测】屏幕内没有目标
2025-10-20 19:14:32 [TRACE] 【目标检测】屏幕内没有目标
2025-10-20 19:14:33 [TRACE] 【目标检测】屏幕内没有目标
2025-10-20 19:14:35 [TRACE] 【目标检测】屏幕内没有目标
2025-10-20 19:14:37 [TRACE] 【目标检测】屏幕内没有目标
2025-10-20 19:14:38 [TRACE] 【目标检测】屏幕内没有目标
2025-10-20 19:14:39 [TRACE] 【目标检测】屏幕内没有目标
2025-10-20 19:14:40 [TRACE] 【目标检测】屏幕内没有目标
2025-10-20 19:14:43 [TRACE] 【目标检测】屏幕内没有目标
2025-10-20 19:14:44 [TRACE] 【目标检测】目标存在，但置信度不足
2025-10-20 19:14:45 [TRACE] 【目标检测】目标存在，但置信度不足
2025-10-20 19:14:46 [TRACE] 【目标检测】目标存在，但置信度不足
2025-10-20 19:14:48 [TRACE] 【目标检测】目标存在，但置信度不足
2025-10-20 19:14:48 [TRACE] 【状态】搜索模式：C:\Users\gelon\Desktop\ZA-Lite\assets/images/hollow\resonium.png 置信度：1.0
2025-10-20 19:14:48 [TRACE] 【目标出现】C:\Users\gelon\Desktop\ZA-Lite\assets/images/hollow\resonium.png 置信度：1.0
2025-10-20 19:14:48 [TRACE] 【本轮的坐标】：(np.int64(1378), np.int64(461)) ------------
2025-10-20 19:14:48 [TRACE] 【已点击过的坐标】：[(-10, -10)]
2025-10-20 19:14:48 [TRACE] 【成功点击】
2025-10-20 19:14:49 [TRACE] 【目标检测】目标存在，但置信度不足
2025-10-20 19:14:49 [TRACE] 【本轮的坐标】：(np.int64(1785), np.int64(461)) ------------
2025-10-20 19:14:49 [TRACE] 【已点击过的坐标】：[(-10, -10), (np.int64(1378), np.int64(461))]
2025-10-20 19:14:49 [TRACE] 【成功点击】
2025-10-20 19:14:50 [TRACE] 【本轮的坐标】：(np.int64(1786), np.int64(461)) ------------
2025-10-20 19:14:50 [TRACE] 【已点击过的坐标】：[(-10, -10), (np.int64(1378), np.int64(461)), (np.int64(1785), np.int64(461))]
2025-10-20 19:14:50 [TRACE] 【坐标太近】视为重复
2025-10-20 19:14:50 [TRACE] 【没有通过的坐标】开始下一轮
2025-10-20 19:14:50 [TRACE] 【本轮的坐标】：(np.int64(1377), np.int64(462)) ------------
2025-10-20 19:14:50 [TRACE] 【已点击过的坐标】：[(-10, -10), (np.int64(1378), np.int64(461)), (np.int64(1785), np.int64(461))]
2025-10-20 19:14:50 [TRACE] 【坐标太近】视为重复
2025-10-20 19:14:50 [TRACE] 【没有通过的坐标】开始下一轮
2025-10-20 19:14:50 [TRACE] 【本轮的坐标】：(np.int64(1378), np.int64(462)) ------------
2025-10-20 19:14:50 [TRACE] 【已点击过的坐标】：[(-10, -10), (np.int64(1378), np.int64(461)), (np.int64(1785), np.int64(461))]
2025-10-20 19:14:50 [TRACE] 【坐标太近】视为重复
2025-10-20 19:14:50 [TRACE] 【没有通过的坐标】开始下一轮
2025-10-20 19:14:50 [TRACE] 【本轮的坐标】：(np.int64(1379), np.int64(462)) ------------
2025-10-20 19:14:50 [TRACE] 【已点击过的坐标】：[(-10, -10), (np.int64(1378), np.int64(461)), (np.int64(1785), np.int64(461))]
2025-10-20 19:14:50 [TRACE] 【坐标太近】视为重复
2025-10-20 19:14:50 [TRACE] 【没有通过的坐标】开始下一轮
2025-10-20 19:14:50 [TRACE] 【本轮的坐标】：(np.int64(1784), np.int64(462)) ------------
2025-10-20 19:14:50 [TRACE] 【已点击过的坐标】：[(-10, -10), (np.int64(1378), np.int64(461)), (np.int64(1785), np.int64(461))]
2025-10-20 19:14:50 [TRACE] 【坐标太近】视为重复
2025-10-20 19:14:50 [TRACE] 【没有通过的坐标】开始下一轮
2025-10-20 19:14:50 [TRACE] 【本轮的坐标】：(np.int64(1785), np.int64(462)) ------------
2025-10-20 19:14:50 [TRACE] 【已点击过的坐标】：[(-10, -10), (np.int64(1378), np.int64(461)), (np.int64(1785), np.int64(461))]
2025-10-20 19:14:50 [TRACE] 【坐标太近】视为重复
2025-10-20 19:14:50 [TRACE] 【没有通过的坐标】开始下一轮
2025-10-20 19:14:50 [TRACE] 【本轮的坐标】：(np.int64(1786), np.int64(462)) ------------
2025-10-20 19:14:50 [TRACE] 【已点击过的坐标】：[(-10, -10), (np.int64(1378), np.int64(461)), (np.int64(1785), np.int64(461))]
2025-10-20 19:14:50 [TRACE] 【坐标太近】视为重复
2025-10-20 19:14:50 [TRACE] 【没有通过的坐标】开始下一轮
2025-10-20 19:14:50 [TRACE] 【本轮的坐标】：(np.int64(1378), np.int64(463)) ------------
2025-10-20 19:14:50 [TRACE] 【已点击过的坐标】：[(-10, -10), (np.int64(1378), np.int64(461)), (np.int64(1785), np.int64(461))]
2025-10-20 19:14:50 [TRACE] 【坐标太近】视为重复
2025-10-20 19:14:50 [TRACE] 【没有通过的坐标】开始下一轮
2025-10-20 19:14:50 [TRACE] 【本轮的坐标】：(np.int64(1785), np.int64(463)) ------------
2025-10-20 19:14:50 [TRACE] 【已点击过的坐标】：[(-10, -10), (np.int64(1378), np.int64(461)), (np.int64(1785), np.int64(461))]
2025-10-20 19:14:50 [TRACE] 【坐标太近】视为重复
2025-10-20 19:14:50 [TRACE] 【没有通过的坐标】开始下一轮
2025-10-20 19:14:50 [TRACE] 【完成所有点击】有效次数：2
2025-10-20 19:14:50 [TRACE] 【目标检测】目标存在，但置信度不足
2025-10-20 19:14:51 [TRACE] 【目标检测】目标存在，但置信度不足
2025-10-20 19:14:53 [TRACE] 【目标检测】屏幕内没有目标
2025-10-20 19:14:54 [TRACE] 【目标检测】目标存在，但置信度不足
2025-10-20 19:14:55 [TRACE] 【目标检测】目标存在，但置信度不足
2025-10-20 19:15:03 [TRACE] 【目标检测】微调超时，无法对齐！
2025-10-20 19:15:03 [TRACE] 【空洞监听】无匹配已持续：0秒
2025-10-20 19:15:05 [TRACE] 【目标检测】TRAPPED！ 类型：guide_point 置信度：0.7979291677474976
2025-10-20 19:15:07 [TRACE] 【状态】搜索模式：C:\Users\gelon\Desktop\ZA-Lite\assets/images/hollow\meter.png 置信度：0.9060540795326233
2025-10-20 19:15:12 [TRACE] 【目标检测】屏幕内没有目标
2025-10-20 19:15:13 [TRACE] 【目标检测】屏幕内没有目标
2025-10-20 19:15:15 [TRACE] 【目标检测】屏幕内没有目标
2025-10-20 19:15:16 [TRACE] 【空洞监听】无匹配已持续：0秒
2025-10-20 19:15:16 [TRACE] 【目标检测】屏幕内没有目标
2025-10-20 19:15:18 [TRACE] 【目标检测】屏幕内没有目标
2025-10-20 19:15:20 [TRACE] 【目标检测】屏幕内没有目标
2025-10-20 19:15:22 [TRACE] 【目标检测】屏幕内没有目标
2025-10-20 19:15:22 [TRACE] 【空洞监听】无匹配已持续：6秒
2025-10-20 19:15:23 [TRACE] 【目标检测】屏幕内没有目标
2025-10-20 19:15:25 [TRACE] 【目标检测】屏幕内没有目标
2025-10-20 19:15:26 [TRACE] 【目标检测】屏幕内没有目标
2025-10-20 19:15:29 [TRACE] 【目标检测】屏幕内没有目标
2025-10-20 19:15:29 [TRACE] 【空洞监听】无匹配已持续：13秒
2025-10-20 19:15:30 [TRACE] 【目标检测】屏幕内没有目标
2025-10-20 19:15:31 [TRACE] 【目标检测】目标存在，但置信度不足
2025-10-20 19:15:33 [TRACE] 【目标检测】屏幕内没有目标
2025-10-20 19:15:34 [TRACE] 【目标检测】屏幕内没有目标
2025-10-20 19:15:35 [TRACE] 【状态】战斗模式：正在受到攻击
2025-10-20 19:15:35 [TRACE] 【目标检测】屏幕内没有目标
2025-10-20 19:15:42 [TRACE] 【状态】战斗模式：正在受到攻击
2025-10-20 19:15:45 [TRACE] 【状态】战斗模式：C:\Users\gelon\Desktop\ZA-Lite\assets/images/hollow\battle_5.png 置信度：0.9867475032806396
2025-10-20 19:15:48 [TRACE] 【状态】战斗模式：正在受到攻击
2025-10-20 19:15:51 [TRACE] 【状态】战斗模式：C:\Users\gelon\Desktop\ZA-Lite\assets/images/hollow\battle_5.png 置信度：0.9475575685501099
2025-10-20 19:16:01 [TRACE] 【状态】战斗模式：正在受到攻击
2025-10-20 19:16:07 [TRACE] 【状态】战斗模式：正在受到攻击
2025-10-20 19:16:13 [TRACE] 【空洞监听】无匹配已持续：0秒
2025-10-20 19:16:19 [TRACE] 【状态】战斗模式：正在受到攻击
2025-10-20 19:16:23 [TRACE] 【状态】战斗模式：C:\Users\gelon\Desktop\ZA-Lite\assets/images/hollow\battle_5.png 置信度：0.9751604199409485
2025-10-20 19:16:26 [TRACE] 【状态】战斗模式：正在受到攻击
2025-10-20 19:16:32 [TRACE] 【状态】战斗模式：正在受到攻击
2025-10-20 19:16:36 [TRACE] 【状态】战斗模式：C:\Users\gelon\Desktop\ZA-Lite\assets/images/hollow\battle_5.png 置信度：0.978442907333374
2025-10-20 19:16:42 [TRACE] 【状态】战斗模式：C:\Users\gelon\Desktop\ZA-Lite\assets/images/hollow\battle_5.png 置信度：0.9834883809089661
2025-10-20 19:16:45 [TRACE] 【状态】战斗模式：正在受到攻击
2025-10-20 19:16:49 [TRACE] 【状态】战斗模式：C:\Users\gelon\Desktop\ZA-Lite\assets/images/hollow\battle_5.png 置信度：0.9977861642837524
2025-10-20 19:16:58 [TRACE] 【空洞监听】无匹配已持续：0秒
2025-10-20 19:17:02 [TRACE] 【状态】战斗模式：C:\Users\gelon\Desktop\ZA-Lite\assets/images/hollow\battle_5.png 置信度：0.973052442073822
2025-10-20 19:17:08 [TRACE] 【状态】战斗模式：C:\Users\gelon\Desktop\ZA-Lite\assets/images/hollow\battle_5.png 置信度：0.9794292449951172
2025-10-20 19:17:18 [TRACE] 【空洞监听】无匹配已持续：0秒
2025-10-20 19:17:24 [TRACE] 【空洞监听】无匹配已持续：6秒
2025-10-20 19:17:30 [TRACE] 【状态】战斗模式：正在受到攻击
2025-10-20 19:17:38 [TRACE] 【状态】搜索模式：C:\Users\gelon\Desktop\ZA-Lite\assets/images/hollow\gear.png 置信度：0.9999998211860657
2025-10-20 19:17:39 [TRACE] 【目标检测】屏幕内没有目标
2025-10-20 19:17:40 [TRACE] 【目标检测】屏幕内没有目标
2025-10-20 19:17:41 [TRACE] 【目标检测】屏幕内没有目标
2025-10-20 19:17:42 [TRACE] 【目标检测】屏幕内没有目标
2025-10-20 19:17:44 [TRACE] 【状态】搜索模式：C:\Users\gelon\Desktop\ZA-Lite\assets/images/hollow\resonium.png 置信度：1.0
2025-10-20 19:17:44 [TRACE] 【目标出现】C:\Users\gelon\Desktop\ZA-Lite\assets/images/hollow\resonium.png 置信度：0.9999996423721313
2025-10-20 19:17:44 [TRACE] 【本轮的坐标】：(np.int64(1174), np.int64(461)) ------------
2025-10-20 19:17:44 [TRACE] 【已点击过的坐标】：[(-10, -10)]
2025-10-20 19:17:44 [TRACE] 【成功点击】
2025-10-20 19:17:44 [TRACE] 【目标检测】屏幕内没有目标
2025-10-20 19:17:45 [TRACE] 【本轮的坐标】：(np.int64(1581), np.int64(461)) ------------
2025-10-20 19:17:45 [TRACE] 【已点击过的坐标】：[(-10, -10), (np.int64(1174), np.int64(461))]
2025-10-20 19:17:45 [TRACE] 【成功点击】
2025-10-20 19:17:46 [TRACE] 【本轮的坐标】：(np.int64(1582), np.int64(461)) ------------
2025-10-20 19:17:46 [TRACE] 【已点击过的坐标】：[(-10, -10), (np.int64(1174), np.int64(461)), (np.int64(1581), np.int64(461))]
2025-10-20 19:17:46 [TRACE] 【坐标太近】视为重复
2025-10-20 19:17:46 [TRACE] 【没有通过的坐标】开始下一轮
2025-10-20 19:17:46 [TRACE] 【本轮的坐标】：(np.int64(1988), np.int64(461)) ------------
2025-10-20 19:17:46 [TRACE] 【已点击过的坐标】：[(-10, -10), (np.int64(1174), np.int64(461)), (np.int64(1581), np.int64(461))]
2025-10-20 19:17:46 [TRACE] 【成功点击】
2025-10-20 19:17:46 [TRACE] 【本轮的坐标】：(np.int64(1989), np.int64(461)) ------------
2025-10-20 19:17:46 [TRACE] 【已点击过的坐标】：[(-10, -10), (np.int64(1174), np.int64(461)), (np.int64(1581), np.int64(461)), (np.int64(1988), np.int64(461))]
2025-10-20 19:17:46 [TRACE] 【坐标太近】视为重复
2025-10-20 19:17:46 [TRACE] 【没有通过的坐标】开始下一轮
2025-10-20 19:17:46 [TRACE] 【本轮的坐标】：(np.int64(1173), np.int64(462)) ------------
2025-10-20 19:17:46 [TRACE] 【已点击过的坐标】：[(-10, -10), (np.int64(1174), np.int64(461)), (np.int64(1581), np.int64(461)), (np.int64(1988), np.int64(461))]
2025-10-20 19:17:46 [TRACE] 【坐标太近】视为重复
2025-10-20 19:17:46 [TRACE] 【没有通过的坐标】开始下一轮
2025-10-20 19:17:46 [TRACE] 【本轮的坐标】：(np.int64(1174), np.int64(462)) ------------
2025-10-20 19:17:46 [TRACE] 【已点击过的坐标】：[(-10, -10), (np.int64(1174), np.int64(461)), (np.int64(1581), np.int64(461)), (np.int64(1988), np.int64(461))]
2025-10-20 19:17:46 [TRACE] 【坐标太近】视为重复
2025-10-20 19:17:46 [TRACE] 【没有通过的坐标】开始下一轮
2025-10-20 19:17:46 [TRACE] 【本轮的坐标】：(np.int64(1175), np.int64(462)) ------------
2025-10-20 19:17:46 [TRACE] 【已点击过的坐标】：[(-10, -10), (np.int64(1174), np.int64(461)), (np.int64(1581), np.int64(461)), (np.int64(1988), np.int64(461))]
2025-10-20 19:17:46 [TRACE] 【坐标太近】视为重复
2025-10-20 19:17:46 [TRACE] 【没有通过的坐标】开始下一轮
2025-10-20 19:17:46 [TRACE] 【本轮的坐标】：(np.int64(1580), np.int64(462)) ------------
2025-10-20 19:17:46 [TRACE] 【已点击过的坐标】：[(-10, -10), (np.int64(1174), np.int64(461)), (np.int64(1581), np.int64(461)), (np.int64(1988), np.int64(461))]
2025-10-20 19:17:46 [TRACE] 【坐标太近】视为重复
2025-10-20 19:17:46 [TRACE] 【没有通过的坐标】开始下一轮
2025-10-20 19:17:46 [TRACE] 【本轮的坐标】：(np.int64(1581), np.int64(462)) ------------
2025-10-20 19:17:46 [TRACE] 【已点击过的坐标】：[(-10, -10), (np.int64(1174), np.int64(461)), (np.int64(1581), np.int64(461)), (np.int64(1988), np.int64(461))]
2025-10-20 19:17:46 [TRACE] 【坐标太近】视为重复
2025-10-20 19:17:46 [TRACE] 【没有通过的坐标】开始下一轮
2025-10-20 19:17:46 [TRACE] 【本轮的坐标】：(np.int64(1582), np.int64(462)) ------------
2025-10-20 19:17:46 [TRACE] 【已点击过的坐标】：[(-10, -10), (np.int64(1174), np.int64(461)), (np.int64(1581), np.int64(461)), (np.int64(1988), np.int64(461))]
2025-10-20 19:17:46 [TRACE] 【坐标太近】视为重复
2025-10-20 19:17:46 [TRACE] 【没有通过的坐标】开始下一轮
2025-10-20 19:17:46 [TRACE] 【本轮的坐标】：(np.int64(1987), np.int64(462)) ------------
2025-10-20 19:17:46 [TRACE] 【已点击过的坐标】：[(-10, -10), (np.int64(1174), np.int64(461)), (np.int64(1581), np.int64(461)), (np.int64(1988), np.int64(461))]
2025-10-20 19:17:46 [TRACE] 【坐标太近】视为重复
2025-10-20 19:17:46 [TRACE] 【没有通过的坐标】开始下一轮
2025-10-20 19:17:46 [TRACE] 【本轮的坐标】：(np.int64(1988), np.int64(462)) ------------
2025-10-20 19:17:46 [TRACE] 【已点击过的坐标】：[(-10, -10), (np.int64(1174), np.int64(461)), (np.int64(1581), np.int64(461)), (np.int64(1988), np.int64(461))]
2025-10-20 19:17:46 [TRACE] 【坐标太近】视为重复
2025-10-20 19:17:46 [TRACE] 【没有通过的坐标】开始下一轮
2025-10-20 19:17:46 [TRACE] 【本轮的坐标】：(np.int64(1989), np.int64(462)) ------------
2025-10-20 19:17:46 [TRACE] 【已点击过的坐标】：[(-10, -10), (np.int64(1174), np.int64(461)), (np.int64(1581), np.int64(461)), (np.int64(1988), np.int64(461))]
2025-10-20 19:17:46 [TRACE] 【坐标太近】视为重复
2025-10-20 19:17:46 [TRACE] 【没有通过的坐标】开始下一轮
2025-10-20 19:17:46 [TRACE] 【本轮的坐标】：(np.int64(1990), np.int64(462)) ------------
2025-10-20 19:17:46 [TRACE] 【已点击过的坐标】：[(-10, -10), (np.int64(1174), np.int64(461)), (np.int64(1581), np.int64(461)), (np.int64(1988), np.int64(461))]
2025-10-20 19:17:46 [TRACE] 【坐标太近】视为重复
2025-10-20 19:17:46 [TRACE] 【没有通过的坐标】开始下一轮
2025-10-20 19:17:46 [TRACE] 【本轮的坐标】：(np.int64(1174), np.int64(463)) ------------
2025-10-20 19:17:46 [TRACE] 【已点击过的坐标】：[(-10, -10), (np.int64(1174), np.int64(461)), (np.int64(1581), np.int64(461)), (np.int64(1988), np.int64(461))]
2025-10-20 19:17:46 [TRACE] 【坐标太近】视为重复
2025-10-20 19:17:46 [TRACE] 【没有通过的坐标】开始下一轮
2025-10-20 19:17:46 [TRACE] 【本轮的坐标】：(np.int64(1581), np.int64(463)) ------------
2025-10-20 19:17:46 [TRACE] 【已点击过的坐标】：[(-10, -10), (np.int64(1174), np.int64(461)), (np.int64(1581), np.int64(461)), (np.int64(1988), np.int64(461))]
2025-10-20 19:17:46 [TRACE] 【坐标太近】视为重复
2025-10-20 19:17:46 [TRACE] 【没有通过的坐标】开始下一轮
2025-10-20 19:17:46 [TRACE] 【本轮的坐标】：(np.int64(1988), np.int64(463)) ------------
2025-10-20 19:17:46 [TRACE] 【已点击过的坐标】：[(-10, -10), (np.int64(1174), np.int64(461)), (np.int64(1581), np.int64(461)), (np.int64(1988), np.int64(461))]
2025-10-20 19:17:46 [TRACE] 【坐标太近】视为重复
2025-10-20 19:17:46 [TRACE] 【没有通过的坐标】开始下一轮
2025-10-20 19:17:46 [TRACE] 【完成所有点击】有效次数：3
2025-10-20 19:17:47 [TRACE] 【目标检测】屏幕内没有目标
2025-10-20 19:17:48 [TRACE] 【目标检测】屏幕内没有目标
2025-10-20 19:17:49 [TRACE] 【目标检测】目标存在，但置信度不足
2025-10-20 19:17:50 [TRACE] 【目标检测】屏幕内没有目标
2025-10-20 19:17:52 [TRACE] 【目标检测】屏幕内没有目标
2025-10-20 19:17:54 [TRACE] 【目标检测】屏幕内没有目标
2025-10-20 19:17:57 [TRACE] 【目标检测】屏幕内没有目标
2025-10-20 19:17:58 [TRACE] 【目标检测】屏幕内没有目标
2025-10-20 19:17:59 [TRACE] 【空洞监听】无匹配已持续：0秒
2025-10-20 19:17:59 [TRACE] 【目标检测】屏幕内没有目标
2025-10-20 19:18:00 [TRACE] 【状态】搜索模式：C:\Users\gelon\Desktop\ZA-Lite\assets/images/hollow\battle_end_boss.png 置信度：0.9999357461929321
2025-10-20 19:18:01 [TRACE] 【目标检测】屏幕内没有目标
2025-10-20 19:18:03 [TRACE] 【目标检测】屏幕内没有目标
2025-10-20 19:18:06 [TRACE] 【目标检测】屏幕内没有目标
2025-10-20 19:18:07 [TRACE] 【目标检测】屏幕内没有目标
2025-10-20 19:18:09 [TRACE] 【目标检测】屏幕内没有目标
2025-10-20 19:18:11 [TRACE] 【空洞监听】无匹配已持续：0秒
2025-10-20 19:18:12 [TRACE] 【目标检测】TRAPPED！ 类型：interact 置信度：0.9301719665527344
2025-10-20 19:18:18 [TRACE] 【空洞监听】无匹配已持续：6秒
2025-10-20 19:18:18 [TRACE] 【目标检测】屏幕内没有目标
2025-10-20 19:18:20 [TRACE] 【目标检测】屏幕内没有目标
2025-10-20 19:18:21 [TRACE] 【目标检测】屏幕内没有目标
2025-10-20 19:18:22 [TRACE] 【目标检测】屏幕内没有目标
2025-10-20 19:18:24 [TRACE] 【目标检测】屏幕内没有目标
2025-10-20 19:18:26 [TRACE] 【目标检测】屏幕内没有目标
2025-10-20 19:18:30 [TRACE] 【目标检测】TRAPPED！ 类型：interact 置信度：0.9098654985427856
2025-10-20 19:18:35 [TRACE] 【目标检测】TRAPPED！ 类型：interact 置信度：0.9223200678825378
2025-10-20 19:18:37 [TRACE] 【空洞监听】无匹配已持续：0秒
2025-10-20 19:18:42 [TRACE] 【目标检测】屏幕内没有目标
2025-10-20 19:18:44 [TRACE] 【目标检测】屏幕内没有目标
2025-10-20 19:18:45 [TRACE] 【目标检测】屏幕内没有目标
2025-10-20 19:18:50 [TRACE] 【目标检测】TRAPPED！ 类型：interact 置信度：0.9251236915588379
2025-10-20 19:18:55 [TRACE] 【目标检测】TRAPPED！ 类型：interact 置信度：0.9061824679374695
2025-10-20 19:18:56 [TRACE] 【空洞监听】无匹配已持续：0秒
2025-10-20 19:19:02 [TRACE] 【空洞监听】无匹配已持续：6秒
2025-10-20 19:19:03 [TRACE] 【目标检测】TRAPPED！ 类型：interact 置信度：0.9117649793624878
2025-10-20 19:19:09 [TRACE] 【空洞监听】无匹配已持续：12秒
2025-10-20 19:19:10 [TRACE] 【目标检测】TRAPPED！ 类型：interact 置信度：0.9075776934623718
2025-10-20 19:19:16 [TRACE] 【状态】搜索模式：C:\Users\gelon\Desktop\ZA-Lite\assets/images/hollow\gear.png 置信度：0.999715268611908
2025-10-20 19:19:17 [TRACE] 【目标检测】屏幕内没有目标
2025-10-20 19:19:18 [TRACE] 【目标检测】屏幕内没有目标
2025-10-20 19:19:19 [TRACE] 【目标检测】屏幕内没有目标
2025-10-20 19:19:20 [TRACE] 【目标检测】屏幕内没有目标
2025-10-20 19:19:22 [TRACE] 【目标检测】屏幕内没有目标
2025-10-20 19:19:23 [TRACE] 【状态】搜索模式：C:\Users\gelon\Desktop\ZA-Lite\assets/images/hollow\next_area.png 置信度：0.9999999403953552
2025-10-20 19:19:26 [TRACE] 【目标检测】TRAPPED！ 类型：blue_portal 置信度：0.9261162281036377
2025-10-20 19:19:32 [TRACE] 【目标检测】TRAPPED！ 类型：blue_portal 置信度：0.8549665808677673
2025-10-20 19:19:32 [TRACE] 【状态】搜索模式：C:\Users\gelon\Desktop\ZA-Lite\assets/images/hollow\meter.png 置信度：0.9195738434791565
2025-10-20 19:19:40 [TRACE] 【目标检测】TRAPPED！ 类型：blue_portal 置信度：0.9522323608398438
2025-10-20 19:19:42 [TRACE] 【空洞监听】无匹配已持续：0秒
2025-10-20 19:19:46 [TRACE] 【目标检测】TRAPPED！ 类型：blue_portal 置信度：0.9435815811157227
2025-10-20 19:19:48 [TRACE] 【空洞监听】无匹配已持续：6秒
2025-10-20 19:19:54 [TRACE] 【目标检测】TRAPPED！ 类型：blue_portal 置信度：0.9437281489372253
2025-10-20 19:19:55 [TRACE] 【空洞监听】无匹配已持续：13秒
2025-10-20 19:20:00 [TRACE] 【目标检测】TRAPPED！ 类型：blue_portal 置信度：0.9644665718078613
2025-10-20 19:20:01 [TRACE] 【空洞监听】无匹配已持续：19秒
2025-10-20 19:20:07 [TRACE] 【目标检测】屏幕内没有目标
2025-10-20 19:20:07 [TRACE] 【空洞监听】无匹配已持续：25秒
2025-10-20 19:20:08 [TRACE] 【目标检测】屏幕内没有目标
2025-10-20 19:20:10 [TRACE] 【目标检测】屏幕内没有目标
2025-10-20 19:20:11 [TRACE] 【目标检测】屏幕内没有目标
2025-10-20 19:20:13 [TRACE] 【目标检测】屏幕内没有目标
2025-10-20 19:20:14 [TRACE] 【空洞监听】无匹配已持续：32秒
2025-10-20 19:20:16 [TRACE] 【目标检测】屏幕内没有目标
2025-10-20 19:20:17 [TRACE] 【目标检测】屏幕内没有目标
2025-10-20 19:20:19 [TRACE] 【目标检测】屏幕内没有目标
2025-10-20 19:20:20 [TRACE] 【目标检测】屏幕内没有目标
2025-10-20 19:20:21 [TRACE] 【空洞监听】无匹配已持续：38秒
2025-10-20 19:20:27 [TRACE] 【空洞监听】无匹配已持续：45秒
2025-10-20 19:20:28 [TRACE] 【目标检测】TRAPPED！ 类型：interact 置信度：0.9180330634117126
2025-10-20 19:20:33 [TRACE] 【空洞监听】无匹配已持续：51秒
2025-10-20 19:20:34 [TRACE] 【目标检测】屏幕内没有目标
2025-10-20 19:20:35 [TRACE] 【目标检测】屏幕内没有目标
2025-10-20 19:20:37 [TRACE] 【目标检测】屏幕内没有目标
2025-10-20 19:20:38 [TRACE] 【目标检测】屏幕内没有目标
2025-10-20 19:20:39 [TRACE] 【目标检测】屏幕内没有目标
2025-10-20 19:20:42 [TRACE] 【目标检测】屏幕内没有目标
2025-10-20 19:20:43 [TRACE] 【目标检测】屏幕内没有目标
2025-10-20 19:20:45 [TRACE] 【目标检测】屏幕内没有目标
2025-10-20 19:20:46 [TRACE] 【目标检测】屏幕内没有目标
2025-10-20 19:20:47 [TRACE] 【目标检测】屏幕内没有目标
2025-10-20 19:20:50 [TRACE] 【目标检测】屏幕内没有目标
2025-10-20 19:20:51 [TRACE] 【目标检测】屏幕内没有目标
2025-10-20 19:20:52 [TRACE] 【目标检测】屏幕内没有目标
2025-10-20 19:20:54 [TRACE] 【目标检测】屏幕内没有目标
2025-10-20 19:20:55 [TRACE] 【目标检测】屏幕内没有目标
2025-10-20 19:20:57 [TRACE] 【目标检测】屏幕内没有目标
2025-10-20 19:20:59 [TRACE] 【目标检测】屏幕内没有目标
2025-10-20 19:21:00 [TRACE] 【目标检测】屏幕内没有目标
2025-10-20 19:21:01 [TRACE] 【目标检测】屏幕内没有目标
2025-10-20 19:21:02 [TRACE] 【目标检测】屏幕内没有目标
2025-10-20 19:21:05 [TRACE] 【目标检测】屏幕内没有目标
2025-10-20 19:21:06 [TRACE] 【目标检测】屏幕内没有目标
2025-10-20 19:21:07 [TRACE] 【目标检测】屏幕内没有目标
2025-10-20 19:21:09 [TRACE] 【目标检测】屏幕内没有目标
2025-10-20 19:21:10 [TRACE] 【目标检测】屏幕内没有目标
2025-10-20 19:21:13 [TRACE] 【目标检测】屏幕内没有目标
2025-10-20 19:21:14 [TRACE] 【目标检测】屏幕内没有目标
2025-10-20 19:21:15 [TRACE] 【目标检测】屏幕内没有目标
2025-10-20 19:21:16 [TRACE] 【目标检测】屏幕内没有目标
2025-10-20 19:21:18 [TRACE] 【目标检测】屏幕内没有目标
2025-10-20 19:21:20 [TRACE] 【目标检测】屏幕内没有目标
2025-10-20 19:21:21 [TRACE] 【目标检测】屏幕内没有目标
2025-10-20 19:21:22 [TRACE] 【目标检测】屏幕内没有目标
2025-10-20 19:21:24 [TRACE] 【目标检测】屏幕内没有目标
2025-10-20 19:21:25 [TRACE] 【目标检测】屏幕内没有目标
2025-10-20 19:21:25 [TRACE] 【状态】搜索模式：C:\Users\gelon\Desktop\ZA-Lite\assets/images/hollow\resonium.png 置信度：0.9920591711997986
2025-10-20 19:21:26 [TRACE] 【目标出现】C:\Users\gelon\Desktop\ZA-Lite\assets/images/hollow\resonium.png 置信度：0.9920591711997986
2025-10-20 19:21:26 [TRACE] 【本轮的坐标】：(np.int64(1581), np.int64(461)) ------------
2025-10-20 19:21:26 [TRACE] 【已点击过的坐标】：[(-10, -10)]
2025-10-20 19:21:26 [TRACE] 【成功点击】
2025-10-20 19:21:26 [TRACE] 【本轮的坐标】：(np.int64(1582), np.int64(461)) ------------
2025-10-20 19:21:26 [TRACE] 【已点击过的坐标】：[(-10, -10), (np.int64(1581), np.int64(461))]
2025-10-20 19:21:26 [TRACE] 【坐标太近】视为重复
2025-10-20 19:21:26 [TRACE] 【没有通过的坐标】开始下一轮
2025-10-20 19:21:26 [TRACE] 【本轮的坐标】：(np.int64(1580), np.int64(462)) ------------
2025-10-20 19:21:26 [TRACE] 【已点击过的坐标】：[(-10, -10), (np.int64(1581), np.int64(461))]
2025-10-20 19:21:26 [TRACE] 【坐标太近】视为重复
2025-10-20 19:21:26 [TRACE] 【没有通过的坐标】开始下一轮
2025-10-20 19:21:26 [TRACE] 【本轮的坐标】：(np.int64(1581), np.int64(462)) ------------
2025-10-20 19:21:26 [TRACE] 【已点击过的坐标】：[(-10, -10), (np.int64(1581), np.int64(461))]
2025-10-20 19:21:26 [TRACE] 【坐标太近】视为重复
2025-10-20 19:21:26 [TRACE] 【没有通过的坐标】开始下一轮
2025-10-20 19:21:26 [TRACE] 【本轮的坐标】：(np.int64(1582), np.int64(462)) ------------
2025-10-20 19:21:26 [TRACE] 【已点击过的坐标】：[(-10, -10), (np.int64(1581), np.int64(461))]
2025-10-20 19:21:26 [TRACE] 【坐标太近】视为重复
2025-10-20 19:21:26 [TRACE] 【没有通过的坐标】开始下一轮
2025-10-20 19:21:26 [TRACE] 【本轮的坐标】：(np.int64(1581), np.int64(463)) ------------
2025-10-20 19:21:26 [TRACE] 【已点击过的坐标】：[(-10, -10), (np.int64(1581), np.int64(461))]
2025-10-20 19:21:26 [TRACE] 【坐标太近】视为重复
2025-10-20 19:21:26 [TRACE] 【没有通过的坐标】开始下一轮
2025-10-20 19:21:26 [TRACE] 【完成所有点击】有效次数：1
2025-10-20 19:21:27 [TRACE] 【目标检测】屏幕内没有目标
2025-10-20 19:21:29 [TRACE] 【目标检测】屏幕内没有目标
2025-10-20 19:21:30 [TRACE] 【目标检测】屏幕内没有目标
2025-10-20 19:21:31 [TRACE] 【目标检测】屏幕内没有目标
2025-10-20 19:21:37 [TRACE] 【状态】搜索模式：C:\Users\gelon\Desktop\ZA-Lite\assets/images/hollow\meter.png 置信度：0.9242644309997559
2025-10-20 19:21:39 [TRACE] 【目标检测】微调超时，无法对齐！
2025-10-20 19:21:44 [TRACE] 【状态】搜索模式：C:\Users\gelon\Desktop\ZA-Lite\assets/images/hollow\meter.png 置信度：0.9036726355552673
2025-10-20 19:21:45 [TRACE] 【目标检测】TRAPPED！ 类型：guide_point 置信度：0.9083054661750793
2025-10-20 19:21:52 [TRACE] 【空洞监听】无匹配已持续：0秒
2025-10-20 19:21:59 [TRACE] 【目标检测】微调超时，无法对齐！
2025-10-20 19:21:59 [TRACE] 【空洞监听】无匹配已持续：6秒
2025-10-20 19:22:02 [TRACE] 【目标检测】TRAPPED！ 类型：blue_portal 置信度：0.8893436789512634
2025-10-20 19:22:05 [TRACE] 【空洞监听】无匹配已持续：12秒
2025-10-20 19:22:06 [TRACE] 【目标检测】屏幕内没有目标
2025-10-20 19:22:07 [TRACE] 【目标检测】屏幕内没有目标
2025-10-20 19:22:09 [TRACE] 【目标检测】屏幕内没有目标
2025-10-20 19:22:10 [TRACE] 【目标检测】屏幕内没有目标
2025-10-20 19:22:12 [TRACE] 【目标检测】屏幕内没有目标
2025-10-20 19:22:12 [TRACE] 【空洞监听】无匹配已持续：19秒
2025-10-20 19:22:16 [TRACE] 【目标检测】目标存在，但置信度不足
2025-10-20 19:22:19 [TRACE] 【目标检测】目标存在，但置信度不足
2025-10-20 19:22:19 [TRACE] 【空洞监听】无匹配已持续：26秒
2025-10-20 19:22:23 [TRACE] 【目标检测】TRAPPED！ 类型：blue_portal 置信度：0.9457494020462036
2025-10-20 19:22:25 [TRACE] 【空洞监听】无匹配已持续：32秒
2025-10-20 19:22:30 [TRACE] 【目标检测】屏幕内没有目标
2025-10-20 19:22:31 [TRACE] 【目标检测】目标存在，但置信度不足
2025-10-20 19:22:31 [TRACE] 【空洞监听】无匹配已持续：38秒
2025-10-20 19:22:32 [TRACE] 【目标检测】屏幕内没有目标
2025-10-20 19:22:33 [TRACE] 【目标检测】屏幕内没有目标
2025-10-20 19:22:35 [TRACE] 【目标检测】屏幕内没有目标
2025-10-20 19:22:36 [TRACE] 【目标检测】屏幕内没有目标
2025-10-20 19:22:39 [TRACE] 【目标检测】屏幕内没有目标
2025-10-20 19:22:41 [TRACE] 【目标检测】屏幕内没有目标
2025-10-20 19:22:42 [TRACE] 【状态】战斗模式：C:\Users\gelon\Desktop\ZA-Lite\assets/images/hollow\battle_3.png 置信度：0.9999997615814209
2025-10-20 19:22:42 [TRACE] 【目标检测】屏幕内没有目标
2025-10-20 19:22:51 [TRACE] 【空洞监听】无匹配已持续：0秒
2025-10-20 19:22:57 [TRACE] 【空洞监听】无匹配已持续：6秒
2025-10-20 19:23:03 [TRACE] 【空洞监听】无匹配已持续：12秒
2025-10-20 19:23:10 [TRACE] 【空洞监听】无匹配已持续：19秒
2025-10-20 19:23:16 [TRACE] 【状态】战斗模式：正在受到攻击
2025-10-20 19:23:22 [TRACE] 【状态】战斗模式：正在受到攻击
2025-10-20 19:23:28 [TRACE] 【空洞监听】无匹配已持续：0秒
2025-10-20 19:23:31 [TRACE] 【状态】战斗模式：C:\Users\gelon\Desktop\ZA-Lite\assets/images/hollow\battle_5.png 置信度：0.986885130405426
2025-10-20 19:23:40 [TRACE] 【状态】战斗模式：正在受到攻击
2025-10-20 19:23:43 [TRACE] 【状态】战斗模式：C:\Users\gelon\Desktop\ZA-Lite\assets/images/hollow\battle_5.png 置信度：0.9812769293785095
2025-10-20 19:23:52 [TRACE] 【空洞监听】无匹配已持续：0秒
2025-10-20 19:23:59 [TRACE] 【状态】搜索模式：C:\Users\gelon\Desktop\ZA-Lite\assets/images/hollow\resonium.png 置信度：0.9999998807907104
2025-10-20 19:23:59 [TRACE] 【目标出现】C:\Users\gelon\Desktop\ZA-Lite\assets/images/hollow\resonium.png 置信度：1.0
2025-10-20 19:23:59 [TRACE] 【本轮的坐标】：(np.int64(971), np.int64(461)) ------------
2025-10-20 19:23:59 [TRACE] 【已点击过的坐标】：[(-10, -10)]
2025-10-20 19:23:59 [TRACE] 【成功点击】
2025-10-20 19:24:00 [TRACE] 【目标检测】目标存在，但置信度不足
2025-10-20 19:24:00 [TRACE] 【本轮的坐标】：(np.int64(1378), np.int64(461)) ------------
2025-10-20 19:24:00 [TRACE] 【已点击过的坐标】：[(-10, -10), (np.int64(971), np.int64(461))]
2025-10-20 19:24:00 [TRACE] 【成功点击】
2025-10-20 19:24:01 [TRACE] 【本轮的坐标】：(np.int64(1785), np.int64(461)) ------------
2025-10-20 19:24:01 [TRACE] 【已点击过的坐标】：[(-10, -10), (np.int64(971), np.int64(461)), (np.int64(1378), np.int64(461))]
2025-10-20 19:24:01 [TRACE] 【成功点击】
2025-10-20 19:24:01 [TRACE] 【目标检测】目标存在，但置信度不足
2025-10-20 19:24:02 [TRACE] 【本轮的坐标】：(np.int64(1786), np.int64(461)) ------------
2025-10-20 19:24:02 [TRACE] 【已点击过的坐标】：[(-10, -10), (np.int64(971), np.int64(461)), (np.int64(1378), np.int64(461)), (np.int64(1785), np.int64(461))]
2025-10-20 19:24:02 [TRACE] 【坐标太近】视为重复
2025-10-20 19:24:02 [TRACE] 【没有通过的坐标】开始下一轮
2025-10-20 19:24:02 [TRACE] 【本轮的坐标】：(np.int64(2192), np.int64(461)) ------------
2025-10-20 19:24:02 [TRACE] 【已点击过的坐标】：[(-10, -10), (np.int64(971), np.int64(461)), (np.int64(1378), np.int64(461)), (np.int64(1785), np.int64(461))]
2025-10-20 19:24:02 [TRACE] 【成功点击】
2025-10-20 19:24:02 [TRACE] 【本轮的坐标】：(np.int64(2193), np.int64(461)) ------------
2025-10-20 19:24:02 [TRACE] 【已点击过的坐标】：[(-10, -10), (np.int64(971), np.int64(461)), (np.int64(1378), np.int64(461)), (np.int64(1785), np.int64(461)), (np.int64(2192), np.int64(461))]
2025-10-20 19:24:02 [TRACE] 【坐标太近】视为重复
2025-10-20 19:24:02 [TRACE] 【没有通过的坐标】开始下一轮
2025-10-20 19:24:02 [TRACE] 【本轮的坐标】：(np.int64(970), np.int64(462)) ------------
2025-10-20 19:24:02 [TRACE] 【已点击过的坐标】：[(-10, -10), (np.int64(971), np.int64(461)), (np.int64(1378), np.int64(461)), (np.int64(1785), np.int64(461)), (np.int64(2192), np.int64(461))]
2025-10-20 19:24:02 [TRACE] 【坐标太近】视为重复
2025-10-20 19:24:02 [TRACE] 【没有通过的坐标】开始下一轮
2025-10-20 19:24:02 [TRACE] 【本轮的坐标】：(np.int64(971), np.int64(462)) ------------
2025-10-20 19:24:02 [TRACE] 【已点击过的坐标】：[(-10, -10), (np.int64(971), np.int64(461)), (np.int64(1378), np.int64(461)), (np.int64(1785), np.int64(461)), (np.int64(2192), np.int64(461))]
2025-10-20 19:24:02 [TRACE] 【坐标太近】视为重复
2025-10-20 19:24:02 [TRACE] 【没有通过的坐标】开始下一轮
2025-10-20 19:24:02 [TRACE] 【本轮的坐标】：(np.int64(972), np.int64(462)) ------------
2025-10-20 19:24:02 [TRACE] 【已点击过的坐标】：[(-10, -10), (np.int64(971), np.int64(461)), (np.int64(1378), np.int64(461)), (np.int64(1785), np.int64(461)), (np.int64(2192), np.int64(461))]
2025-10-20 19:24:02 [TRACE] 【坐标太近】视为重复
2025-10-20 19:24:02 [TRACE] 【没有通过的坐标】开始下一轮
2025-10-20 19:24:02 [TRACE] 【本轮的坐标】：(np.int64(1377), np.int64(462)) ------------
2025-10-20 19:24:02 [TRACE] 【已点击过的坐标】：[(-10, -10), (np.int64(971), np.int64(461)), (np.int64(1378), np.int64(461)), (np.int64(1785), np.int64(461)), (np.int64(2192), np.int64(461))]
2025-10-20 19:24:02 [TRACE] 【坐标太近】视为重复
2025-10-20 19:24:02 [TRACE] 【没有通过的坐标】开始下一轮
2025-10-20 19:24:02 [TRACE] 【本轮的坐标】：(np.int64(1378), np.int64(462)) ------------
2025-10-20 19:24:02 [TRACE] 【已点击过的坐标】：[(-10, -10), (np.int64(971), np.int64(461)), (np.int64(1378), np.int64(461)), (np.int64(1785), np.int64(461)), (np.int64(2192), np.int64(461))]
2025-10-20 19:24:02 [TRACE] 【坐标太近】视为重复
2025-10-20 19:24:02 [TRACE] 【没有通过的坐标】开始下一轮
2025-10-20 19:24:02 [TRACE] 【本轮的坐标】：(np.int64(1379), np.int64(462)) ------------
2025-10-20 19:24:02 [TRACE] 【已点击过的坐标】：[(-10, -10), (np.int64(971), np.int64(461)), (np.int64(1378), np.int64(461)), (np.int64(1785), np.int64(461)), (np.int64(2192), np.int64(461))]
2025-10-20 19:24:02 [TRACE] 【坐标太近】视为重复
2025-10-20 19:24:02 [TRACE] 【没有通过的坐标】开始下一轮
2025-10-20 19:24:02 [TRACE] 【本轮的坐标】：(np.int64(1784), np.int64(462)) ------------
2025-10-20 19:24:02 [TRACE] 【已点击过的坐标】：[(-10, -10), (np.int64(971), np.int64(461)), (np.int64(1378), np.int64(461)), (np.int64(1785), np.int64(461)), (np.int64(2192), np.int64(461))]
2025-10-20 19:24:02 [TRACE] 【坐标太近】视为重复
2025-10-20 19:24:02 [TRACE] 【没有通过的坐标】开始下一轮
2025-10-20 19:24:02 [TRACE] 【本轮的坐标】：(np.int64(1785), np.int64(462)) ------------
2025-10-20 19:24:02 [TRACE] 【已点击过的坐标】：[(-10, -10), (np.int64(971), np.int64(461)), (np.int64(1378), np.int64(461)), (np.int64(1785), np.int64(461)), (np.int64(2192), np.int64(461))]
2025-10-20 19:24:02 [TRACE] 【坐标太近】视为重复
2025-10-20 19:24:02 [TRACE] 【没有通过的坐标】开始下一轮
2025-10-20 19:24:02 [TRACE] 【本轮的坐标】：(np.int64(1786), np.int64(462)) ------------
2025-10-20 19:24:02 [TRACE] 【已点击过的坐标】：[(-10, -10), (np.int64(971), np.int64(461)), (np.int64(1378), np.int64(461)), (np.int64(1785), np.int64(461)), (np.int64(2192), np.int64(461))]
2025-10-20 19:24:02 [TRACE] 【坐标太近】视为重复
2025-10-20 19:24:02 [TRACE] 【没有通过的坐标】开始下一轮
2025-10-20 19:24:02 [TRACE] 【本轮的坐标】：(np.int64(2191), np.int64(462)) ------------
2025-10-20 19:24:02 [TRACE] 【已点击过的坐标】：[(-10, -10), (np.int64(971), np.int64(461)), (np.int64(1378), np.int64(461)), (np.int64(1785), np.int64(461)), (np.int64(2192), np.int64(461))]
2025-10-20 19:24:02 [TRACE] 【坐标太近】视为重复
2025-10-20 19:24:02 [TRACE] 【没有通过的坐标】开始下一轮
2025-10-20 19:24:02 [TRACE] 【本轮的坐标】：(np.int64(2192), np.int64(462)) ------------
2025-10-20 19:24:02 [TRACE] 【已点击过的坐标】：[(-10, -10), (np.int64(971), np.int64(461)), (np.int64(1378), np.int64(461)), (np.int64(1785), np.int64(461)), (np.int64(2192), np.int64(461))]
2025-10-20 19:24:02 [TRACE] 【坐标太近】视为重复
2025-10-20 19:24:02 [TRACE] 【没有通过的坐标】开始下一轮
2025-10-20 19:24:02 [TRACE] 【本轮的坐标】：(np.int64(2193), np.int64(462)) ------------
2025-10-20 19:24:02 [TRACE] 【已点击过的坐标】：[(-10, -10), (np.int64(971), np.int64(461)), (np.int64(1378), np.int64(461)), (np.int64(1785), np.int64(461)), (np.int64(2192), np.int64(461))]
2025-10-20 19:24:02 [TRACE] 【坐标太近】视为重复
2025-10-20 19:24:02 [TRACE] 【没有通过的坐标】开始下一轮
2025-10-20 19:24:02 [TRACE] 【本轮的坐标】：(np.int64(2194), np.int64(462)) ------------
2025-10-20 19:24:02 [TRACE] 【已点击过的坐标】：[(-10, -10), (np.int64(971), np.int64(461)), (np.int64(1378), np.int64(461)), (np.int64(1785), np.int64(461)), (np.int64(2192), np.int64(461))]
2025-10-20 19:24:02 [TRACE] 【坐标太近】视为重复
2025-10-20 19:24:02 [TRACE] 【没有通过的坐标】开始下一轮
2025-10-20 19:24:02 [TRACE] 【本轮的坐标】：(np.int64(970), np.int64(463)) ------------
2025-10-20 19:24:02 [TRACE] 【已点击过的坐标】：[(-10, -10), (np.int64(971), np.int64(461)), (np.int64(1378), np.int64(461)), (np.int64(1785), np.int64(461)), (np.int64(2192), np.int64(461))]
2025-10-20 19:24:02 [TRACE] 【坐标太近】视为重复
2025-10-20 19:24:02 [TRACE] 【没有通过的坐标】开始下一轮
2025-10-20 19:24:02 [TRACE] 【本轮的坐标】：(np.int64(971), np.int64(463)) ------------
2025-10-20 19:24:02 [TRACE] 【已点击过的坐标】：[(-10, -10), (np.int64(971), np.int64(461)), (np.int64(1378), np.int64(461)), (np.int64(1785), np.int64(461)), (np.int64(2192), np.int64(461))]
2025-10-20 19:24:02 [TRACE] 【坐标太近】视为重复
2025-10-20 19:24:02 [TRACE] 【没有通过的坐标】开始下一轮
2025-10-20 19:24:02 [TRACE] 【本轮的坐标】：(np.int64(1378), np.int64(463)) ------------
2025-10-20 19:24:02 [TRACE] 【已点击过的坐标】：[(-10, -10), (np.int64(971), np.int64(461)), (np.int64(1378), np.int64(461)), (np.int64(1785), np.int64(461)), (np.int64(2192), np.int64(461))]
2025-10-20 19:24:02 [TRACE] 【坐标太近】视为重复
2025-10-20 19:24:02 [TRACE] 【没有通过的坐标】开始下一轮
2025-10-20 19:24:02 [TRACE] 【本轮的坐标】：(np.int64(1785), np.int64(463)) ------------
2025-10-20 19:24:02 [TRACE] 【已点击过的坐标】：[(-10, -10), (np.int64(971), np.int64(461)), (np.int64(1378), np.int64(461)), (np.int64(1785), np.int64(461)), (np.int64(2192), np.int64(461))]
2025-10-20 19:24:02 [TRACE] 【坐标太近】视为重复
2025-10-20 19:24:02 [TRACE] 【没有通过的坐标】开始下一轮
2025-10-20 19:24:02 [TRACE] 【本轮的坐标】：(np.int64(2192), np.int64(463)) ------------
2025-10-20 19:24:02 [TRACE] 【已点击过的坐标】：[(-10, -10), (np.int64(971), np.int64(461)), (np.int64(1378), np.int64(461)), (np.int64(1785), np.int64(461)), (np.int64(2192), np.int64(461))]
2025-10-20 19:24:02 [TRACE] 【坐标太近】视为重复
2025-10-20 19:24:02 [TRACE] 【没有通过的坐标】开始下一轮
2025-10-20 19:24:02 [TRACE] 【完成所有点击】有效次数：4
2025-10-20 19:24:04 [TRACE] 【目标检测】目标存在，但置信度不足
2025-10-20 19:24:06 [TRACE] 【目标检测】目标存在，但置信度不足
2025-10-20 19:24:07 [TRACE] 【目标检测】目标存在，但置信度不足
2025-10-20 19:24:08 [TRACE] 【目标检测】屏幕内没有目标
2025-10-20 19:24:13 [TRACE] 【状态】搜索模式：C:\Users\gelon\Desktop\ZA-Lite\assets/images/hollow\meter.png 置信度：0.9382486343383789
2025-10-20 19:24:14 [TRACE] 【目标检测】微调超时，无法对齐！
2025-10-20 19:24:17 [TRACE] 【目标检测】TRAPPED！ 类型：guide_point 置信度：0.7288087606430054
2025-10-20 19:24:19 [TRACE] 【状态】搜索模式：C:\Users\gelon\Desktop\ZA-Lite\assets/images/hollow\meter.png 置信度：0.9369761347770691
2025-10-20 19:24:26 [TRACE] 【状态】搜索模式：C:\Users\gelon\Desktop\ZA-Lite\assets/images/hollow\meter.png 置信度：0.931358277797699
2025-10-20 19:24:27 [TRACE] 【目标检测】TRAPPED！ 类型：guide_point 置信度：0.8803378343582153
2025-10-20 19:24:33 [TRACE] 【目标检测】屏幕内没有目标
2025-10-20 19:24:34 [TRACE] 【空洞监听】无匹配已持续：0秒
2025-10-20 19:24:35 [TRACE] 【目标检测】屏幕内没有目标
2025-10-20 19:24:36 [TRACE] 【目标检测】屏幕内没有目标
2025-10-20 19:24:38 [TRACE] 【目标检测】屏幕内没有目标
2025-10-20 19:24:40 [TRACE] 【目标检测】屏幕内没有目标
2025-10-20 19:24:41 [TRACE] 【空洞监听】无匹配已持续：6秒
2025-10-20 19:24:42 [TRACE] 【目标检测】屏幕内没有目标
2025-10-20 19:24:44 [TRACE] 【目标检测】屏幕内没有目标
2025-10-20 19:24:45 [TRACE] 【目标检测】屏幕内没有目标
2025-10-20 19:24:46 [TRACE] 【目标检测】屏幕内没有目标
2025-10-20 19:24:47 [TRACE] 【空洞监听】无匹配已持续：13秒
2025-10-20 19:24:48 [TRACE] 【目标检测】屏幕内没有目标
2025-10-20 19:24:50 [TRACE] 【目标检测】屏幕内没有目标
2025-10-20 19:24:52 [TRACE] 【目标检测】屏幕内没有目标
2025-10-20 19:24:53 [TRACE] 【目标检测】屏幕内没有目标
2025-10-20 19:24:54 [TRACE] 【空洞监听】无匹配已持续：19秒
2025-10-20 19:24:59 [TRACE] 【目标检测】TRAPPED！ 类型：interact 置信度：0.9564712643623352
2025-10-20 19:25:01 [TRACE] 【空洞监听】无匹配已持续：26秒
2025-10-20 19:25:06 [TRACE] 【目标检测】屏幕内没有目标
2025-10-20 19:25:07 [TRACE] 【目标检测】屏幕内没有目标
2025-10-20 19:25:08 [TRACE] 【状态】搜索模式：C:\Users\gelon\Desktop\ZA-Lite\assets/images/hollow\resonium.png 置信度：1.0
2025-10-20 19:25:08 [TRACE] 【目标出现】C:\Users\gelon\Desktop\ZA-Lite\assets/images/hollow\resonium.png 置信度：1.0
2025-10-20 19:25:08 [TRACE] 【本轮的坐标】：(np.int64(1174), np.int64(461)) ------------
2025-10-20 19:25:08 [TRACE] 【已点击过的坐标】：[(-10, -10)]
2025-10-20 19:25:08 [TRACE] 【成功点击】
2025-10-20 19:25:09 [TRACE] 【目标检测】屏幕内没有目标
2025-10-20 19:25:09 [TRACE] 【本轮的坐标】：(np.int64(1581), np.int64(461)) ------------
2025-10-20 19:25:09 [TRACE] 【已点击过的坐标】：[(-10, -10), (np.int64(1174), np.int64(461))]
2025-10-20 19:25:09 [TRACE] 【成功点击】
2025-10-20 19:25:09 [TRACE] 【本轮的坐标】：(np.int64(1582), np.int64(461)) ------------
2025-10-20 19:25:09 [TRACE] 【已点击过的坐标】：[(-10, -10), (np.int64(1174), np.int64(461)), (np.int64(1581), np.int64(461))]
2025-10-20 19:25:09 [TRACE] 【坐标太近】视为重复
2025-10-20 19:25:09 [TRACE] 【没有通过的坐标】开始下一轮
2025-10-20 19:25:09 [TRACE] 【本轮的坐标】：(np.int64(1988), np.int64(461)) ------------
2025-10-20 19:25:09 [TRACE] 【已点击过的坐标】：[(-10, -10), (np.int64(1174), np.int64(461)), (np.int64(1581), np.int64(461))]
2025-10-20 19:25:09 [TRACE] 【成功点击】
2025-10-20 19:25:10 [TRACE] 【目标检测】屏幕内没有目标
2025-10-20 19:25:10 [TRACE] 【本轮的坐标】：(np.int64(1989), np.int64(461)) ------------
2025-10-20 19:25:10 [TRACE] 【已点击过的坐标】：[(-10, -10), (np.int64(1174), np.int64(461)), (np.int64(1581), np.int64(461)), (np.int64(1988), np.int64(461))]
2025-10-20 19:25:10 [TRACE] 【坐标太近】视为重复
2025-10-20 19:25:10 [TRACE] 【没有通过的坐标】开始下一轮
2025-10-20 19:25:10 [TRACE] 【本轮的坐标】：(np.int64(1173), np.int64(462)) ------------
2025-10-20 19:25:10 [TRACE] 【已点击过的坐标】：[(-10, -10), (np.int64(1174), np.int64(461)), (np.int64(1581), np.int64(461)), (np.int64(1988), np.int64(461))]
2025-10-20 19:25:10 [TRACE] 【坐标太近】视为重复
2025-10-20 19:25:10 [TRACE] 【没有通过的坐标】开始下一轮
2025-10-20 19:25:10 [TRACE] 【本轮的坐标】：(np.int64(1174), np.int64(462)) ------------
2025-10-20 19:25:10 [TRACE] 【已点击过的坐标】：[(-10, -10), (np.int64(1174), np.int64(461)), (np.int64(1581), np.int64(461)), (np.int64(1988), np.int64(461))]
2025-10-20 19:25:10 [TRACE] 【坐标太近】视为重复
2025-10-20 19:25:10 [TRACE] 【没有通过的坐标】开始下一轮
2025-10-20 19:25:10 [TRACE] 【本轮的坐标】：(np.int64(1175), np.int64(462)) ------------
2025-10-20 19:25:10 [TRACE] 【已点击过的坐标】：[(-10, -10), (np.int64(1174), np.int64(461)), (np.int64(1581), np.int64(461)), (np.int64(1988), np.int64(461))]
2025-10-20 19:25:10 [TRACE] 【坐标太近】视为重复
2025-10-20 19:25:10 [TRACE] 【没有通过的坐标】开始下一轮
2025-10-20 19:25:10 [TRACE] 【本轮的坐标】：(np.int64(1580), np.int64(462)) ------------
2025-10-20 19:25:10 [TRACE] 【已点击过的坐标】：[(-10, -10), (np.int64(1174), np.int64(461)), (np.int64(1581), np.int64(461)), (np.int64(1988), np.int64(461))]
2025-10-20 19:25:10 [TRACE] 【坐标太近】视为重复
2025-10-20 19:25:10 [TRACE] 【没有通过的坐标】开始下一轮
2025-10-20 19:25:10 [TRACE] 【本轮的坐标】：(np.int64(1581), np.int64(462)) ------------
2025-10-20 19:25:10 [TRACE] 【已点击过的坐标】：[(-10, -10), (np.int64(1174), np.int64(461)), (np.int64(1581), np.int64(461)), (np.int64(1988), np.int64(461))]
2025-10-20 19:25:10 [TRACE] 【坐标太近】视为重复
2025-10-20 19:25:10 [TRACE] 【没有通过的坐标】开始下一轮
2025-10-20 19:25:10 [TRACE] 【本轮的坐标】：(np.int64(1582), np.int64(462)) ------------
2025-10-20 19:25:10 [TRACE] 【已点击过的坐标】：[(-10, -10), (np.int64(1174), np.int64(461)), (np.int64(1581), np.int64(461)), (np.int64(1988), np.int64(461))]
2025-10-20 19:25:10 [TRACE] 【坐标太近】视为重复
2025-10-20 19:25:10 [TRACE] 【没有通过的坐标】开始下一轮
2025-10-20 19:25:10 [TRACE] 【本轮的坐标】：(np.int64(1987), np.int64(462)) ------------
2025-10-20 19:25:10 [TRACE] 【已点击过的坐标】：[(-10, -10), (np.int64(1174), np.int64(461)), (np.int64(1581), np.int64(461)), (np.int64(1988), np.int64(461))]
2025-10-20 19:25:10 [TRACE] 【坐标太近】视为重复
2025-10-20 19:25:10 [TRACE] 【没有通过的坐标】开始下一轮
2025-10-20 19:25:10 [TRACE] 【本轮的坐标】：(np.int64(1988), np.int64(462)) ------------
2025-10-20 19:25:10 [TRACE] 【已点击过的坐标】：[(-10, -10), (np.int64(1174), np.int64(461)), (np.int64(1581), np.int64(461)), (np.int64(1988), np.int64(461))]
2025-10-20 19:25:10 [TRACE] 【坐标太近】视为重复
2025-10-20 19:25:10 [TRACE] 【没有通过的坐标】开始下一轮
2025-10-20 19:25:10 [TRACE] 【本轮的坐标】：(np.int64(1989), np.int64(462)) ------------
2025-10-20 19:25:10 [TRACE] 【已点击过的坐标】：[(-10, -10), (np.int64(1174), np.int64(461)), (np.int64(1581), np.int64(461)), (np.int64(1988), np.int64(461))]
2025-10-20 19:25:10 [TRACE] 【坐标太近】视为重复
2025-10-20 19:25:10 [TRACE] 【没有通过的坐标】开始下一轮
2025-10-20 19:25:10 [TRACE] 【本轮的坐标】：(np.int64(1990), np.int64(462)) ------------
2025-10-20 19:25:10 [TRACE] 【已点击过的坐标】：[(-10, -10), (np.int64(1174), np.int64(461)), (np.int64(1581), np.int64(461)), (np.int64(1988), np.int64(461))]
2025-10-20 19:25:10 [TRACE] 【坐标太近】视为重复
2025-10-20 19:25:10 [TRACE] 【没有通过的坐标】开始下一轮
2025-10-20 19:25:10 [TRACE] 【本轮的坐标】：(np.int64(1174), np.int64(463)) ------------
2025-10-20 19:25:10 [TRACE] 【已点击过的坐标】：[(-10, -10), (np.int64(1174), np.int64(461)), (np.int64(1581), np.int64(461)), (np.int64(1988), np.int64(461))]
2025-10-20 19:25:10 [TRACE] 【坐标太近】视为重复
2025-10-20 19:25:10 [TRACE] 【没有通过的坐标】开始下一轮
2025-10-20 19:25:10 [TRACE] 【本轮的坐标】：(np.int64(1581), np.int64(463)) ------------
2025-10-20 19:25:10 [TRACE] 【已点击过的坐标】：[(-10, -10), (np.int64(1174), np.int64(461)), (np.int64(1581), np.int64(461)), (np.int64(1988), np.int64(461))]
2025-10-20 19:25:10 [TRACE] 【坐标太近】视为重复
2025-10-20 19:25:10 [TRACE] 【没有通过的坐标】开始下一轮
2025-10-20 19:25:10 [TRACE] 【本轮的坐标】：(np.int64(1988), np.int64(463)) ------------
2025-10-20 19:25:10 [TRACE] 【已点击过的坐标】：[(-10, -10), (np.int64(1174), np.int64(461)), (np.int64(1581), np.int64(461)), (np.int64(1988), np.int64(461))]
2025-10-20 19:25:10 [TRACE] 【坐标太近】视为重复
2025-10-20 19:25:10 [TRACE] 【没有通过的坐标】开始下一轮
2025-10-20 19:25:10 [TRACE] 【完成所有点击】有效次数：3
2025-10-20 19:25:11 [TRACE] 【目标检测】屏幕内没有目标
2025-10-20 19:25:13 [TRACE] 【目标检测】屏幕内没有目标
2025-10-20 19:25:15 [TRACE] 【目标检测】屏幕内没有目标
2025-10-20 19:25:16 [TRACE] 【目标检测】屏幕内没有目标
2025-10-20 19:25:21 [TRACE] 【状态】搜索模式：C:\Users\gelon\Desktop\ZA-Lite\assets/images/hollow\meter.png 置信度：0.9058007597923279
2025-10-20 19:25:23 [TRACE] 【目标检测】微调超时，无法对齐！
2025-10-20 19:25:27 [TRACE] 【状态】搜索模式：C:\Users\gelon\Desktop\ZA-Lite\assets/images/hollow\meter.png 置信度：0.9405286908149719
2025-10-20 19:25:32 [TRACE] 【目标检测】微调超时，无法对齐！
2025-10-20 19:25:33 [TRACE] 【状态】搜索模式：C:\Users\gelon\Desktop\ZA-Lite\assets/images/hollow\meter.png 置信度：0.9812907576560974
2025-10-20 19:25:40 [TRACE] 【目标检测】微调超时，无法对齐！
2025-10-20 19:25:42 [TRACE] 【目标检测】TRAPPED！ 类型：guide_point 置信度：0.7433722019195557
2025-10-20 19:25:43 [TRACE] 【空洞监听】无匹配已持续：0秒
2025-10-20 19:25:48 [TRACE] 【空洞监听】无匹配已持续：5秒
2025-10-20 19:25:49 [TRACE] 【目标检测】屏幕内没有目标
2025-10-20 19:25:51 [TRACE] 【目标检测】屏幕内没有目标
2025-10-20 19:25:52 [TRACE] 【目标检测】屏幕内没有目标
2025-10-20 19:25:54 [TRACE] 【目标检测】屏幕内没有目标
2025-10-20 19:25:55 [TRACE] 【目标检测】屏幕内没有目标
2025-10-20 19:25:55 [TRACE] 【空洞监听】无匹配已持续：12秒
2025-10-20 19:25:58 [TRACE] 【目标检测】屏幕内没有目标
2025-10-20 19:25:59 [TRACE] 【目标检测】屏幕内没有目标
2025-10-20 19:26:00 [TRACE] 【目标检测】屏幕内没有目标
2025-10-20 19:26:01 [TRACE] 【空洞监听】无匹配已持续：18秒
2025-10-20 19:26:02 [TRACE] 【目标检测】屏幕内没有目标
2025-10-20 19:26:03 [TRACE] 【目标检测】屏幕内没有目标
2025-10-20 19:26:06 [TRACE] 【目标检测】屏幕内没有目标
2025-10-20 19:26:07 [TRACE] 【目标检测】屏幕内没有目标
2025-10-20 19:26:08 [TRACE] 【空洞监听】无匹配已持续：25秒
2025-10-20 19:26:10 [TRACE] 【目标检测】目标存在，但置信度不足
2025-10-20 19:26:15 [TRACE] 【空洞监听】无匹配已持续：32秒
2025-10-20 19:26:15 [TRACE] 【目标检测】TRAPPED！ 类型：blue_portal 置信度：0.9417275786399841
2025-10-20 19:26:21 [TRACE] 【空洞监听】无匹配已持续：37秒
2025-10-20 19:26:22 [TRACE] 【目标检测】屏幕内没有目标
2025-10-20 19:26:24 [TRACE] 【目标检测】屏幕内没有目标
2025-10-20 19:26:25 [TRACE] 【目标检测】屏幕内没有目标
2025-10-20 19:26:26 [TRACE] 【目标检测】屏幕内没有目标
2025-10-20 19:26:29 [TRACE] 【目标检测】屏幕内没有目标
2025-10-20 19:26:31 [TRACE] 【状态】战斗模式：C:\Users\gelon\Desktop\ZA-Lite\assets/images/hollow\battle_4.png 置信度：0.9999997019767761
2025-10-20 19:26:32 [TRACE] 【目标检测】目标存在，但置信度不足
2025-10-20 19:26:40 [TRACE] 【空洞监听】无匹配已持续：0秒
2025-10-20 19:26:43 [TRACE] 【状态】战斗模式：C:\Users\gelon\Desktop\ZA-Lite\assets/images/hollow\battle_4.png 置信度：0.9999997019767761
2025-10-20 19:26:44 [TRACE] 【状态】战斗模式：C:\Users\gelon\Desktop\ZA-Lite\assets/images/hollow\battle_5.png 置信度：0.9678149223327637
2025-10-20 19:26:50 [TRACE] 【状态】战斗模式：C:\Users\gelon\Desktop\ZA-Lite\assets/images/hollow\battle_5.png 置信度：0.9790842533111572
2025-10-20 19:26:57 [TRACE] 【状态】战斗模式：C:\Users\gelon\Desktop\ZA-Lite\assets/images/hollow\battle_5.png 置信度：0.9787321090698242
2025-10-20 19:27:05 [TRACE] 【空洞监听】无匹配已持续：0秒
2025-10-20 19:27:06 [TRACE] 【状态】搜索模式：C:\Users\gelon\Desktop\ZA-Lite\assets/images/hollow\resonium.png 置信度：0.9920591711997986
2025-10-20 19:27:06 [TRACE] 【目标出现】C:\Users\gelon\Desktop\ZA-Lite\assets/images/hollow\resonium.png 置信度：0.9920586347579956
2025-10-20 19:27:06 [TRACE] 【本轮的坐标】：(np.int64(1581), np.int64(461)) ------------
2025-10-20 19:27:06 [TRACE] 【已点击过的坐标】：[(-10, -10)]
2025-10-20 19:27:06 [TRACE] 【成功点击】
2025-10-20 19:27:07 [TRACE] 【目标检测】屏幕内没有目标
2025-10-20 19:27:07 [TRACE] 【本轮的坐标】：(np.int64(1582), np.int64(461)) ------------
2025-10-20 19:27:07 [TRACE] 【已点击过的坐标】：[(-10, -10), (np.int64(1581), np.int64(461))]
2025-10-20 19:27:07 [TRACE] 【坐标太近】视为重复
2025-10-20 19:27:07 [TRACE] 【没有通过的坐标】开始下一轮
2025-10-20 19:27:07 [TRACE] 【本轮的坐标】：(np.int64(1580), np.int64(462)) ------------
2025-10-20 19:27:07 [TRACE] 【已点击过的坐标】：[(-10, -10), (np.int64(1581), np.int64(461))]
2025-10-20 19:27:07 [TRACE] 【坐标太近】视为重复
2025-10-20 19:27:07 [TRACE] 【没有通过的坐标】开始下一轮
2025-10-20 19:27:07 [TRACE] 【本轮的坐标】：(np.int64(1581), np.int64(462)) ------------
2025-10-20 19:27:07 [TRACE] 【已点击过的坐标】：[(-10, -10), (np.int64(1581), np.int64(461))]
2025-10-20 19:27:07 [TRACE] 【坐标太近】视为重复
2025-10-20 19:27:07 [TRACE] 【没有通过的坐标】开始下一轮
2025-10-20 19:27:07 [TRACE] 【本轮的坐标】：(np.int64(1582), np.int64(462)) ------------
2025-10-20 19:27:07 [TRACE] 【已点击过的坐标】：[(-10, -10), (np.int64(1581), np.int64(461))]
2025-10-20 19:27:07 [TRACE] 【坐标太近】视为重复
2025-10-20 19:27:07 [TRACE] 【没有通过的坐标】开始下一轮
2025-10-20 19:27:07 [TRACE] 【本轮的坐标】：(np.int64(1581), np.int64(463)) ------------
2025-10-20 19:27:07 [TRACE] 【已点击过的坐标】：[(-10, -10), (np.int64(1581), np.int64(461))]
2025-10-20 19:27:07 [TRACE] 【坐标太近】视为重复
2025-10-20 19:27:07 [TRACE] 【没有通过的坐标】开始下一轮
2025-10-20 19:27:07 [TRACE] 【完成所有点击】有效次数：1
2025-10-20 19:27:08 [TRACE] 【目标检测】屏幕内没有目标
2025-10-20 19:27:09 [TRACE] 【目标检测】屏幕内没有目标
2025-10-20 19:27:10 [TRACE] 【目标检测】屏幕内没有目标
2025-10-20 19:27:12 [TRACE] 【目标检测】屏幕内没有目标
2025-10-20 19:27:15 [TRACE] 【目标检测】TRAPPED！ 类型：guide_point 置信度：0.9556484818458557
2025-10-20 19:27:15 [TRACE] 【状态】搜索模式：C:\Users\gelon\Desktop\ZA-Lite\assets/images/hollow\next_area.png 置信度：0.9999997019767761
2025-10-20 19:27:27 [TRACE] 【空洞监听】无匹配已持续：0秒
2025-10-20 19:27:28 [TRACE] 【目标检测】微调超时，无法对齐！
2025-10-20 19:27:33 [TRACE] 【空洞监听】无匹配已持续：6秒
2025-10-20 19:27:36 [TRACE] 【目标检测】微调超时，无法对齐！
2025-10-20 19:27:37 [TRACE] 【状态】搜索模式：C:\Users\gelon\Desktop\ZA-Lite\assets/images/hollow\meter.png 置信度：0.9084792137145996
2025-10-20 19:27:40 [TRACE] 【目标检测】屏幕内没有目标
2025-10-20 19:27:45 [TRACE] 【状态】搜索模式：C:\Users\gelon\Desktop\ZA-Lite\assets/images/hollow\meter.png 置信度：0.9802452325820923
2025-10-20 19:27:46 [TRACE] 【目标检测】微调超时，无法对齐！
2025-10-20 19:27:54 [TRACE] 【空洞监听】无匹配已持续：0秒
2025-10-20 19:27:55 [TRACE] 【目标检测】微调超时，无法对齐！
2025-10-20 19:27:58 [TRACE] 【状态】搜索模式：C:\Users\gelon\Desktop\ZA-Lite\assets/images/hollow\meter.png 置信度：0.9501684904098511
2025-10-20 19:28:03 [TRACE] 【目标检测】微调超时，无法对齐！
2025-10-20 19:28:07 [TRACE] 【目标检测】目标存在，但置信度不足
2025-10-20 19:28:08 [TRACE] 【空洞监听】无匹配已持续：0秒
2025-10-20 19:28:12 [TRACE] 【状态】搜索模式：C:\Users\gelon\Desktop\ZA-Lite\assets/images/hollow\meter.png 置信度：0.9066957831382751
2025-10-20 19:28:12 [TRACE] 【目标检测】TRAPPED！ 类型：guide_point 置信度：0.8553308844566345
2025-10-20 19:28:19 [TRACE] 【目标检测】屏幕内没有目标
2025-10-20 19:28:20 [TRACE] 【目标检测】屏幕内没有目标
2025-10-20 19:28:21 [TRACE] 【空洞监听】无匹配已持续：0秒
2025-10-20 19:28:22 [TRACE] 【目标检测】屏幕内没有目标
2025-10-20 19:28:25 [TRACE] 【状态】搜索模式：C:\Users\gelon\Desktop\ZA-Lite\assets/images/hollow\meter.png 置信度：0.9299134612083435
2025-10-20 19:28:27 [TRACE] 【目标检测】TRAPPED！ 类型：red_portal 置信度：0.785465657711029
2025-10-20 19:28:38 [TRACE] 【状态】搜索模式：C:\Users\gelon\Desktop\ZA-Lite\assets/images/hollow\meter.png 置信度：0.955247163772583
2025-10-20 19:28:39 [TRACE] 【目标检测】TRAPPED！ 类型：red_portal 置信度：0.8496394753456116
2025-10-20 19:28:44 [TRACE] 【状态】搜索模式：C:\Users\gelon\Desktop\ZA-Lite\assets/images/hollow\meter.png 置信度：0.9079414010047913
2025-10-20 19:28:45 [TRACE] 【目标检测】TRAPPED！ 类型：red_portal 置信度：0.9060935974121094
2025-10-20 19:28:51 [TRACE] 【状态】搜索模式：C:\Users\gelon\Desktop\ZA-Lite\assets/images/hollow\meter.png 置信度：0.9162884950637817
2025-10-20 19:28:54 [TRACE] 【目标检测】TRAPPED！ 类型：red_portal 置信度：0.7925140857696533
2025-10-20 19:28:59 [TRACE] 【目标检测】TRAPPED！ 类型：red_portal 置信度：0.8479740619659424
2025-10-20 19:29:00 [TRACE] 【空洞监听】无匹配已持续：0秒
2025-10-20 19:29:03 [TRACE] 【状态】搜索模式：C:\Users\gelon\Desktop\ZA-Lite\assets/images/hollow\meter.png 置信度：0.9049978852272034
2025-10-20 19:29:10 [TRACE] 【状态】搜索模式：C:\Users\gelon\Desktop\ZA-Lite\assets/images/hollow\meter.png 置信度：0.9347151517868042
2025-10-20 19:29:13 [TRACE] 【目标检测】微调超时，无法对齐！
2025-10-20 19:29:16 [TRACE] 【状态】搜索模式：C:\Users\gelon\Desktop\ZA-Lite\assets/images/hollow\meter.png 置信度：0.9424362778663635
2025-10-20 19:29:18 [TRACE] 【目标检测】TRAPPED！ 类型：guide_point 置信度：0.9514105916023254
2025-10-20 19:29:23 [TRACE] 【状态】搜索模式：C:\Users\gelon\Desktop\ZA-Lite\assets/images/hollow\meter.png 置信度：0.9543771147727966
2025-10-20 19:29:24 [TRACE] 【目标检测】TRAPPED！ 类型：guide_point 置信度：0.935685932636261
2025-10-20 19:29:29 [TRACE] 【状态】搜索模式：C:\Users\gelon\Desktop\ZA-Lite\assets/images/hollow\meter.png 置信度：0.9045191407203674
2025-10-20 19:29:37 [TRACE] 【目标检测】微调超时，无法对齐！
2025-10-20 19:29:38 [TRACE] 【空洞监听】无匹配已持续：0秒
2025-10-20 19:29:40 [TRACE] 【目标检测】TRAPPED！ 类型：guide_point 置信度：0.8994117975234985
2025-10-20 19:29:42 [TRACE] 【状态】搜索模式：C:\Users\gelon\Desktop\ZA-Lite\assets/images/hollow\meter.png 置信度：0.9776740074157715
2025-10-20 19:29:48 [TRACE] 【目标检测】TRAPPED！ 类型：red_portal 置信度：0.8693426251411438
2025-10-20 19:29:50 [TRACE] 【空洞监听】无匹配已持续：0秒
2025-10-20 19:29:55 [TRACE] 【状态】搜索模式：C:\Users\gelon\Desktop\ZA-Lite\assets/images/hollow\meter.png 置信度：0.9345000386238098
2025-10-20 19:29:59 [TRACE] 【目标检测】TRAPPED！ 类型：red_portal 置信度：0.9143745303153992
2025-10-20 19:30:04 [TRACE] 【空洞监听】无匹配已持续：0秒
2025-10-20 19:30:04 [TRACE] 【目标检测】TRAPPED！ 类型：red_portal 置信度：0.8713935613632202
2025-10-20 19:30:10 [TRACE] 【空洞监听】无匹配已持续：6秒
2025-10-20 19:30:11 [TRACE] 【目标检测】TRAPPED！ 类型：red_portal 置信度：0.9089239239692688
2025-10-20 19:30:13 [TRACE] 【状态】搜索模式：C:\Users\gelon\Desktop\ZA-Lite\assets/images/hollow\meter.png 置信度：0.9221429228782654
2025-10-20 19:30:16 [TRACE] 【目标检测】TRAPPED！ 类型：red_portal 置信度：0.8612027168273926
2025-10-20 19:30:22 [TRACE] 【空洞监听】无匹配已持续：0秒
2025-10-20 19:30:23 [TRACE] 【目标检测】屏幕内没有目标
2025-10-20 19:30:25 [TRACE] 【目标检测】屏幕内没有目标
2025-10-20 19:30:26 [TRACE] 【目标检测】屏幕内没有目标
2025-10-20 19:30:27 [TRACE] 【目标检测】屏幕内没有目标
2025-10-20 19:30:29 [TRACE] 【空洞监听】无匹配已持续：6秒
2025-10-20 19:30:29 [TRACE] 【目标检测】屏幕内没有目标
2025-10-20 19:30:32 [TRACE] 【目标检测】屏幕内没有目标
2025-10-20 19:30:33 [TRACE] 【目标检测】屏幕内没有目标
2025-10-20 19:30:35 [TRACE] 【目标检测】屏幕内没有目标
2025-10-20 19:30:35 [TRACE] 【空洞监听】无匹配已持续：13秒
2025-10-20 19:30:36 [TRACE] 【目标检测】屏幕内没有目标
2025-10-20 19:30:37 [TRACE] 【目标检测】屏幕内没有目标
2025-10-20 19:30:40 [TRACE] 【目标检测】屏幕内没有目标
2025-10-20 19:30:41 [TRACE] 【目标检测】屏幕内没有目标
2025-10-20 19:30:42 [TRACE] 【空洞监听】无匹配已持续：19秒
2025-10-20 19:30:43 [TRACE] 【目标检测】屏幕内没有目标
2025-10-20 19:30:44 [TRACE] 【目标检测】屏幕内没有目标
2025-10-20 19:30:46 [TRACE] 【目标检测】屏幕内没有目标
2025-10-20 19:30:48 [TRACE] 【空洞监听】无匹配已持续：25秒
2025-10-20 19:30:49 [TRACE] 【目标检测】屏幕内没有目标
2025-10-20 19:30:50 [TRACE] 【目标检测】屏幕内没有目标
2025-10-20 19:30:51 [TRACE] 【目标检测】屏幕内没有目标
2025-10-20 19:30:53 [TRACE] 【目标检测】屏幕内没有目标
2025-10-20 19:30:54 [TRACE] 【目标检测】屏幕内没有目标
2025-10-20 19:30:54 [TRACE] 【状态】战斗模式：正在受到攻击
2025-10-20 19:31:00 [TRACE] 【空洞监听】无匹配已持续：0秒
2025-10-20 19:31:06 [TRACE] 【空洞监听】无匹配已持续：5秒
2025-10-20 19:31:12 [TRACE] 【空洞监听】无匹配已持续：11秒
2025-10-20 19:31:15 [TRACE] 【状态】战斗模式：C:\Users\gelon\Desktop\ZA-Lite\assets/images/hollow\battle_5.png 置信度：0.9714988470077515
2025-10-20 19:31:18 [TRACE] 【状态】战斗模式：正在受到攻击
2025-10-20 19:31:24 [TRACE] 【状态】战斗模式：正在受到攻击
2025-10-20 19:31:30 [TRACE] 【空洞监听】无匹配已持续：0秒
2025-10-20 19:31:36 [TRACE] 【状态】战斗模式：正在受到攻击
2025-10-20 19:31:42 [TRACE] 【状态】战斗模式：正在受到攻击
2025-10-20 19:31:48 [TRACE] 【空洞监听】无匹配已持续：0秒
2025-10-20 19:31:53 [TRACE] 【状态】战斗模式：正在受到攻击
2025-10-20 19:32:00 [TRACE] 【空洞监听】无匹配已持续：0秒
2025-10-20 19:32:06 [TRACE] 【状态】战斗模式：正在受到攻击
2025-10-20 19:32:13 [TRACE] 【状态】战斗模式：正在受到攻击
2025-10-20 19:32:18 [TRACE] 【空洞监听】无匹配已持续：0秒
2025-10-20 19:32:24 [TRACE] 【空洞监听】无匹配已持续：5秒
2025-10-20 19:32:31 [TRACE] 【空洞监听】无匹配已持续：12秒
2025-10-20 19:32:34 [TRACE] 【状态】战斗模式：C:\Users\gelon\Desktop\ZA-Lite\assets/images/hollow\battle_5.png 置信度：0.9787152409553528
2025-10-20 19:32:40 [TRACE] 【状态】战斗模式：C:\Users\gelon\Desktop\ZA-Lite\assets/images/hollow\battle_5.png 置信度：0.9872233271598816
2025-10-20 19:32:49 [TRACE] 【空洞监听】无匹配已持续：0秒
2025-10-20 19:32:53 [TRACE] 【状态】战斗模式：C:\Users\gelon\Desktop\ZA-Lite\assets/images/hollow\battle_5.png 置信度：0.9792892336845398
2025-10-20 19:32:56 [TRACE] 【状态】战斗模式：正在受到攻击
2025-10-20 19:33:01 [TRACE] 【状态】战斗模式：正在受到攻击
2025-10-20 19:33:05 [TRACE] 【状态】战斗模式：C:\Users\gelon\Desktop\ZA-Lite\assets/images/hollow\battle_5.png 置信度：0.9835681915283203
2025-10-20 19:33:13 [TRACE] 【状态】战斗模式：正在受到攻击
2025-10-20 19:33:17 [TRACE] 【状态】战斗模式：C:\Users\gelon\Desktop\ZA-Lite\assets/images/hollow\battle_5.png 置信度：0.9804008603096008
2025-10-20 19:33:20 [TRACE] 【状态】战斗模式：正在受到攻击
2025-10-20 19:33:26 [TRACE] 【空洞监听】无匹配已持续：0秒
2025-10-20 19:33:31 [TRACE] 【空洞监听】无匹配已持续：5秒
2025-10-20 19:33:35 [TRACE] 【状态】战斗模式：C:\Users\gelon\Desktop\ZA-Lite\assets/images/hollow\battle_5.png 置信度：0.9879204034805298
2025-10-20 19:33:38 [TRACE] 【状态】战斗模式：正在受到攻击
2025-10-20 19:33:44 [TRACE] 【状态】战斗模式：正在受到攻击
2025-10-20 19:33:49 [TRACE] 【空洞监听】无匹配已持续：0秒
2025-10-20 19:33:55 [TRACE] 【空洞监听】无匹配已持续：5秒
2025-10-20 19:33:58 [TRACE] 【状态】战斗模式：C:\Users\gelon\Desktop\ZA-Lite\assets/images/hollow\battle_5.png 置信度：0.9999098181724548
2025-10-20 19:34:06 [TRACE] 【状态】战斗模式：正在受到攻击
2025-10-20 19:34:12 [TRACE] 【空洞监听】无匹配已持续：0秒
2025-10-20 19:34:16 [TRACE] 【状态】战斗模式：C:\Users\gelon\Desktop\ZA-Lite\assets/images/hollow\battle_5.png 置信度：0.9968988299369812
2025-10-20 19:34:25 [TRACE] 【状态】战斗模式：正在受到攻击
2025-10-20 19:34:28 [TRACE] 【状态】战斗模式：C:\Users\gelon\Desktop\ZA-Lite\assets/images/hollow\battle_5.png 置信度：0.9568461775779724
2025-10-20 19:34:34 [TRACE] 【状态】战斗模式：C:\Users\gelon\Desktop\ZA-Lite\assets/images/hollow\battle_5.png 置信度：0.950493335723877
2025-10-20 19:34:43 [TRACE] 【状态】战斗模式：正在受到攻击
2025-10-20 19:34:47 [TRACE] 【状态】战斗模式：C:\Users\gelon\Desktop\ZA-Lite\assets/images/hollow\battle_5.png 置信度：0.9782974123954773
2025-10-20 19:34:56 [TRACE] 【空洞监听】无匹配已持续：0秒
2025-10-20 19:34:59 [TRACE] 【状态】战斗模式：C:\Users\gelon\Desktop\ZA-Lite\assets/images/hollow\battle_5.png 置信度：0.9676981568336487
2025-10-20 19:35:06 [TRACE] 【状态】战斗模式：C:\Users\gelon\Desktop\ZA-Lite\assets/images/hollow\battle_5.png 置信度：0.9557732939720154
2025-10-20 19:35:15 [TRACE] 【空洞监听】无匹配已持续：0秒
2025-10-20 19:35:18 [TRACE] 【状态】战斗模式：C:\Users\gelon\Desktop\ZA-Lite\assets/images/hollow\battle_5.png 置信度：0.9810523986816406
2025-10-20 19:35:24 [TRACE] 【状态】战斗模式：C:\Users\gelon\Desktop\ZA-Lite\assets/images/hollow\battle_5.png 置信度：0.997683584690094
2025-10-20 19:35:33 [TRACE] 【空洞监听】无匹配已持续：0秒
2025-10-20 19:35:36 [TRACE] 【状态】战斗模式：C:\Users\gelon\Desktop\ZA-Lite\assets/images/hollow\battle_5.png 置信度：0.9950261116027832
2025-10-20 19:35:43 [TRACE] 【状态】战斗模式：C:\Users\gelon\Desktop\ZA-Lite\assets/images/hollow\battle_5.png 置信度：0.9917474389076233
2025-10-20 19:35:49 [TRACE] 【状态】战斗模式：C:\Users\gelon\Desktop\ZA-Lite\assets/images/hollow\battle_5.png 置信度：0.9978331923484802
2025-10-20 19:35:58 [TRACE] 【状态】战斗模式：正在受到攻击
2025-10-20 19:36:04 [TRACE] 【状态】战斗模式：正在受到攻击
2025-10-20 19:36:07 [TRACE] 【状态】战斗模式：C:\Users\gelon\Desktop\ZA-Lite\assets/images/hollow\battle_5.png 置信度：0.9819304943084717
2025-10-20 19:36:13 [TRACE] 【状态】战斗模式：C:\Users\gelon\Desktop\ZA-Lite\assets/images/hollow\battle_5.png 置信度：0.9795837998390198
2025-10-20 19:36:20 [TRACE] 【状态】战斗模式：C:\Users\gelon\Desktop\ZA-Lite\assets/images/hollow\battle_5.png 置信度：0.965649425983429
2025-10-20 19:36:28 [TRACE] 【空洞监听】无匹配已持续：0秒
2025-10-20 19:36:35 [TRACE] 【空洞监听】无匹配已持续：6秒
2025-10-20 19:36:41 [TRACE] 【状态】完成：C:\Users\gelon\Desktop\ZA-Lite\assets/images/hollow\mission_completed.png 置信度：0.9999996423721313
2025-10-20 19:36:41 [SUCCESS] 成功通关空洞
2025-10-20 19:36:41 [INFO] 本轮耗时:44分钟
2025-10-20 19:36:41 [INFO] 当前已完成空洞 2 次 
2025-10-20 19:36:41 [INFO] 正在领取空洞每周奖励
2025-10-20 19:36:41 [DEBUG] 正在返回菜单
2025-10-20 19:36:41 [TRACE] 正在返回菜单,请保持游戏画面处于前台
2025-10-20 19:36:44 [TRACE] 正在返回菜单,请保持游戏画面处于前台
2025-10-20 19:36:47 [TRACE] 正在返回菜单,请保持游戏画面处于前台
2025-10-20 19:36:51 [TRACE] 正在返回菜单,请保持游戏画面处于前台
2025-10-20 19:36:54 [TRACE] 正在返回菜单,请保持游戏画面处于前台
2025-10-20 19:36:57 [TRACE] 现在处于大厅
2025-10-20 19:36:58 [TRACE] 【1】等待目标中 C:\Users\gelon\Desktop\ZA-Lite\assets/images/hollow\combat.png
2025-10-20 19:36:59 [TRACE] 【目标出现】C:\Users\gelon\Desktop\ZA-Lite\assets/images/hollow\combat.png 置信度：0.9762977957725525
2025-10-20 19:37:01 [TRACE] 【目标出现】C:\Users\gelon\Desktop\ZA-Lite\assets/images/hollow\zero_hollow.png 置信度：0.9999953508377075
2025-10-20 19:37:02 [TRACE] 【目标出现】C:\Users\gelon\Desktop\ZA-Lite\assets/images/hollow\go_hollow.png 置信度：0.994598925113678
2025-10-20 19:37:03 [TRACE] 【目标出现】C:\Users\gelon\Desktop\ZA-Lite\assets/images/hollow\confirm.png 置信度：0.983951210975647
2025-10-20 19:37:05 [TRACE] 【1】等待目标中 C:\Users\gelon\Desktop\ZA-Lite\assets/images/hollow\hollow_reward.png
2025-10-20 19:37:06 [TRACE] 【2】等待目标中 C:\Users\gelon\Desktop\ZA-Lite\assets/images/hollow\hollow_reward.png
2025-10-20 19:37:06 [TRACE] 【3】等待目标中 C:\Users\gelon\Desktop\ZA-Lite\assets/images/hollow\hollow_reward.png
2025-10-20 19:37:07 [TRACE] 【目标出现】C:\Users\gelon\Desktop\ZA-Lite\assets/images/hollow\hollow_reward.png 置信度：0.9999997615814209
2025-10-20 19:37:09 [TRACE] 【目标出现】C:\Users\gelon\Desktop\ZA-Lite\assets/images/hollow\hollow_claim.png 置信度：0.9869410991668701
2025-10-20 19:37:10 [SUCCESS] <--------空洞任务结束-------->
2025-10-20 19:37:10 [WARNING] 程序已经结束，按回车键退出(Enter)
