2025-10-23 02:03:07 [TRACE] 【线程启动】全局监听
2025-10-23 02:03:07 [TRACE] 【线程启动】终止监听
2025-10-23 02:03:07 [TRACE] 【线程启动】窗口保持
2025-10-23 02:03:08 [INFO] 现在执行 10 次零号空洞
2025-10-23 02:03:10 [DEBUG] 初始化完毕..启动{零号空洞}模块
2025-10-23 02:03:13 [DEBUG] 目标窗口“绝区零”不存在
2025-10-23 02:03:13 [DEBUG] 启动游戏：D:/Game Files/ZenlessZoneZero Game/ZenlessZoneZero.exe
2025-10-23 02:03:13 [SUCCESS] 程序开始接管操作，请保持游戏画面处于前台，终止按下Alt键
2025-10-23 02:03:13 [TRACE] 【线程启动】空洞搜索
2025-10-23 02:03:13 [TRACE] 【线程启动】空洞监听
2025-10-23 02:03:13 [TRACE] 【线程启动】空洞战斗
2025-10-23 02:03:13 [DEBUG] 正在返回菜单
2025-10-23 02:03:13 [TRACE] 正在返回菜单,请保持游戏画面处于前台
2025-10-23 02:03:15 [TRACE] 正在返回菜单,请保持游戏画面处于前台
2025-10-23 02:03:18 [TRACE] 正在返回菜单,请保持游戏画面处于前台
2025-10-23 02:03:20 [TRACE] 正在返回菜单,请保持游戏画面处于前台
2025-10-23 02:03:22 [TRACE] 正在返回菜单,请保持游戏画面处于前台
2025-10-23 02:03:25 [TRACE] 正在返回菜单,请保持游戏画面处于前台
2025-10-23 02:03:27 [TRACE] 正在返回菜单,请保持游戏画面处于前台
2025-10-23 02:03:29 [TRACE] 正在返回菜单,请保持游戏画面处于前台
2025-10-23 02:03:32 [TRACE] 正在返回菜单,请保持游戏画面处于前台
2025-10-23 02:03:34 [TRACE] 正在返回菜单,请保持游戏画面处于前台
2025-10-23 02:03:36 [TRACE] 正在返回菜单,请保持游戏画面处于前台
2025-10-23 02:03:38 [TRACE] 正在返回菜单,请保持游戏画面处于前台
2025-10-23 02:03:41 [TRACE] 正在返回菜单,请保持游戏画面处于前台
2025-10-23 02:03:43 [TRACE] 正在返回菜单,请保持游戏画面处于前台
2025-10-23 02:03:45 [TRACE] 正在返回菜单,请保持游戏画面处于前台
2025-10-23 02:03:48 [TRACE] 正在返回菜单,请保持游戏画面处于前台
2025-10-23 02:03:50 [TRACE] 正在返回菜单,请保持游戏画面处于前台
2025-10-23 02:03:52 [TRACE] 正在返回菜单,请保持游戏画面处于前台
2025-10-23 02:03:54 [TRACE] 正在返回菜单,请保持游戏画面处于前台
2025-10-23 02:03:57 [TRACE] 正在返回菜单,请保持游戏画面处于前台
2025-10-23 02:03:59 [TRACE] 正在返回菜单,请保持游戏画面处于前台
2025-10-23 02:04:01 [TRACE] 正在返回菜单,请保持游戏画面处于前台
2025-10-23 02:04:04 [TRACE] 正在返回菜单,请保持游戏画面处于前台
2025-10-23 02:04:06 [TRACE] 现在处于大厅
2025-10-23 02:04:07 [INFO] 执行零号空洞任务中
2025-10-23 02:04:07 [TRACE] 【1】等待目标中 C:\Users\gelon\Desktop\ZA-Lite\assets/images/hollow\combat.png
2025-10-23 02:04:08 [TRACE] 【目标出现】C:\Users\gelon\Desktop\ZA-Lite\assets/images/hollow\combat.png 置信度：0.9762995839118958
2025-10-23 02:04:09 [TRACE] 【目标出现】C:\Users\gelon\Desktop\ZA-Lite\assets/images/hollow\zero_hollow.png 置信度：0.9999943375587463
2025-10-23 02:04:11 [TRACE] 【目标出现】C:\Users\gelon\Desktop\ZA-Lite\assets/images/hollow\go_hollow.png 置信度：0.9944952130317688
2025-10-23 02:04:12 [TRACE] 【目标出现】C:\Users\gelon\Desktop\ZA-Lite\assets/images/hollow\confirm.png 置信度：0.9839440584182739
2025-10-23 02:04:14 [TRACE] 【1】等待目标中 C:\Users\gelon\Desktop\ZA-Lite\assets/images/hollow\hollow_taskforce.png
2025-10-23 02:04:14 [TRACE] 【2】等待目标中 C:\Users\gelon\Desktop\ZA-Lite\assets/images/hollow\hollow_taskforce.png
2025-10-23 02:04:15 [TRACE] 【3】等待目标中 C:\Users\gelon\Desktop\ZA-Lite\assets/images/hollow\hollow_taskforce.png
2025-10-23 02:04:16 [TRACE] 【目标出现】C:\Users\gelon\Desktop\ZA-Lite\assets/images/hollow\hollow_taskforce.png 置信度：0.9999964237213135
2025-10-23 02:04:17 [TRACE] 【目标出现】C:\Users\gelon\Desktop\ZA-Lite\assets/images/hollow\strategy.png 置信度：0.9277257323265076
2025-10-23 02:04:18 [TRACE] 【1】等待目标中 C:\Users\gelon\Desktop\ZA-Lite\assets/images/hollow\strategy_confirm.png
2025-10-23 02:04:19 [TRACE] 【目标出现】C:\Users\gelon\Desktop\ZA-Lite\assets/images/hollow\strategy_confirm.png 置信度：0.9999998211860657
2025-10-23 02:04:20 [TRACE] 【目标出现】C:\Users\gelon\Desktop\ZA-Lite\assets/images/hollow\next_step.png 置信度：0.9822453260421753
2025-10-23 02:04:22 [TRACE] 【目标出现】C:\Users\gelon\Desktop\ZA-Lite\assets/images/daily\squad_preset.png 置信度：0.9862320423126221
2025-10-23 02:04:23 [TRACE] 【目标出现】C:\Users\gelon\Desktop\ZA-Lite\assets/images/daily\squad_6.png 置信度：0.9576379656791687
2025-10-23 02:04:24 [TRACE] 【目标出现】C:\Users\gelon\Desktop\ZA-Lite\assets/images/daily\select_squad.png 置信度：0.9690929055213928
2025-10-23 02:04:26 [TRACE] 【目标出现】C:\Users\gelon\Desktop\ZA-Lite\assets/images/hollow\start_battle.png 置信度：0.9839717745780945
2025-10-23 02:04:27 [TRACE] 【空洞监听】无匹配已持续：0秒
2025-10-23 02:04:27 [TRACE] 【线程启动】攻击检测
2025-10-23 02:04:28 [TRACE] 【目标检测】屏幕内没有目标
2025-10-23 02:04:29 [TRACE] 【目标检测】屏幕内没有目标
2025-10-23 02:04:30 [TRACE] 【目标检测】屏幕内没有目标
2025-10-23 02:04:31 [TRACE] 【目标检测】屏幕内没有目标
2025-10-23 02:04:33 [TRACE] 【目标检测】屏幕内没有目标
2025-10-23 02:04:33 [TRACE] 【空洞监听】无匹配已持续：6秒
2025-10-23 02:04:35 [TRACE] 【目标检测】屏幕内没有目标
2025-10-23 02:04:36 [TRACE] 【目标检测】屏幕内没有目标
2025-10-23 02:04:37 [TRACE] 【目标检测】屏幕内没有目标
2025-10-23 02:04:38 [TRACE] 【目标检测】屏幕内没有目标
2025-10-23 02:04:39 [TRACE] 【空洞监听】无匹配已持续：12秒
2025-10-23 02:04:39 [TRACE] 【目标检测】屏幕内没有目标
2025-10-23 02:04:42 [TRACE] 【目标检测】屏幕内没有目标
2025-10-23 02:04:43 [TRACE] 【目标检测】屏幕内没有目标
2025-10-23 02:04:44 [TRACE] 【目标检测】屏幕内没有目标
2025-10-23 02:04:45 [TRACE] 【目标检测】屏幕内没有目标
2025-10-23 02:04:46 [TRACE] 【空洞监听】无匹配已持续：19秒
2025-10-23 02:04:47 [TRACE] 【目标检测】屏幕内没有目标
2025-10-23 02:04:49 [TRACE] 【目标检测】屏幕内没有目标
2025-10-23 02:04:50 [TRACE] 【目标检测】屏幕内没有目标
2025-10-23 02:04:51 [TRACE] 【目标检测】屏幕内没有目标
2025-10-23 02:04:53 [TRACE] 【空洞监听】无匹配已持续：26秒
2025-10-23 02:04:55 [TRACE] 【目标检测】TRAPPED！ 类型：interact 置信度：0.9111637473106384
2025-10-23 02:05:01 [TRACE] 【状态】搜索模式：C:\Users\gelon\Desktop\ZA-Lite\assets/images/hollow\card.png 置信度：1.0
2025-10-23 02:05:02 [TRACE] 【目标检测】屏幕内没有目标
2025-10-23 02:05:03 [TRACE] 【目标检测】目标存在，但置信度不足
2025-10-23 02:05:05 [TRACE] 【目标检测】目标存在，但置信度不足
2025-10-23 02:05:06 [TRACE] 【目标检测】屏幕内没有目标
2025-10-23 02:05:07 [TRACE] 【目标检测】目标存在，但置信度不足
2025-10-23 02:05:11 [TRACE] 【目标检测】TRAPPED！ 类型：interact 置信度：0.8841084241867065
2025-10-23 02:05:14 [TRACE] 【空洞监听】无匹配已持续：0秒
2025-10-23 02:05:21 [TRACE] 【空洞监听】无匹配已持续：6秒
2025-10-23 02:05:21 [TRACE] 【目标检测】微调超时，无法对齐！
2025-10-23 02:05:25 [TRACE] 【目标检测】TRAPPED！ 类型：interact 置信度：0.9416994452476501
2025-10-23 02:05:27 [TRACE] 【空洞监听】无匹配已持续：12秒
2025-10-23 02:05:32 [TRACE] 【目标检测】屏幕内没有目标
2025-10-23 02:05:33 [TRACE] 【目标检测】屏幕内没有目标
2025-10-23 02:05:37 [TRACE] 【目标检测】TRAPPED！ 类型：interact 置信度：0.9423498511314392
2025-10-23 02:05:41 [TRACE] 【空洞监听】无匹配已持续：0秒
2025-10-23 02:05:42 [TRACE] 【目标检测】TRAPPED！ 类型：interact 置信度：0.8963655233383179
2025-10-23 02:05:48 [TRACE] 【空洞监听】无匹配已持续：6秒
2025-10-23 02:05:49 [TRACE] 【目标检测】TRAPPED！ 类型：interact 置信度：0.9038012027740479
2025-10-23 02:05:55 [TRACE] 【空洞监听】无匹配已持续：13秒
2025-10-23 02:05:55 [TRACE] 【目标检测】TRAPPED！ 类型：interact 置信度：0.9611762166023254
2025-10-23 02:06:02 [TRACE] 【目标检测】屏幕内没有目标
2025-10-23 02:06:03 [TRACE] 【目标检测】屏幕内没有目标
2025-10-23 02:06:04 [TRACE] 【目标检测】屏幕内没有目标
2025-10-23 02:06:05 [TRACE] 【目标检测】屏幕内没有目标
2025-10-23 02:06:06 [TRACE] 【目标检测】屏幕内没有目标
2025-10-23 02:06:09 [TRACE] 【目标检测】屏幕内没有目标
2025-10-23 02:06:11 [TRACE] 【目标检测】屏幕内没有目标
2025-10-23 02:06:15 [TRACE] 【目标检测】TRAPPED！ 类型：blue_portal 置信度：0.8771623373031616
2025-10-23 02:06:15 [TRACE] 【空洞监听】无匹配已持续：0秒
2025-10-23 02:06:18 [TRACE] 【目标检测】TRAPPED！ 类型：guide_point 置信度：0.9573817849159241
2025-10-23 02:06:19 [TRACE] 【状态】搜索模式：C:\Users\gelon\Desktop\ZA-Lite\assets/images/hollow\meter.png 置信度：0.9270607829093933
2025-10-23 02:06:25 [TRACE] 【目标检测】屏幕内没有目标
2025-10-23 02:06:26 [TRACE] 【目标检测】屏幕内没有目标
2025-10-23 02:06:28 [TRACE] 【目标检测】TRAPPED！ 类型：blue_portal 置信度：0.8512015342712402
2025-10-23 02:06:33 [TRACE] 【目标检测】TRAPPED！ 类型：blue_portal 置信度：0.8304539322853088
2025-10-23 02:06:35 [TRACE] 【空洞监听】无匹配已持续：0秒
2025-10-23 02:06:40 [TRACE] 【目标检测】TRAPPED！ 类型：blue_portal 置信度：0.887512743473053
2025-10-23 02:06:41 [TRACE] 【空洞监听】无匹配已持续：6秒
2025-10-23 02:06:44 [TRACE] 【目标检测】TRAPPED！ 类型：blue_portal 置信度：0.869272768497467
2025-10-23 02:06:48 [TRACE] 【空洞监听】无匹配已持续：12秒
2025-10-23 02:06:51 [TRACE] 【目标检测】TRAPPED！ 类型：blue_portal 置信度：0.8858969807624817
2025-10-23 02:06:54 [TRACE] 【空洞监听】无匹配已持续：19秒
2025-10-23 02:06:55 [TRACE] 【目标检测】TRAPPED！ 类型：blue_portal 置信度：0.8643062114715576
2025-10-23 02:06:58 [TRACE] 【状态】搜索模式：C:\Users\gelon\Desktop\ZA-Lite\assets/images/hollow\meter.png 置信度：0.9209005832672119
2025-10-23 02:07:02 [TRACE] 【目标检测】TRAPPED！ 类型：blue_portal 置信度：0.8660903573036194
2025-10-23 02:07:07 [TRACE] 【空洞监听】无匹配已持续：0秒
2025-10-23 02:07:08 [TRACE] 【目标检测】TRAPPED！ 类型：blue_portal 置信度：0.8889603018760681
2025-10-23 02:07:13 [TRACE] 【空洞监听】无匹配已持续：6秒
2025-10-23 02:07:16 [TRACE] 【目标检测】TRAPPED！ 类型：blue_portal 置信度：0.9568850994110107
2025-10-23 02:07:20 [TRACE] 【空洞监听】无匹配已持续：12秒
2025-10-23 02:07:23 [TRACE] 【目标检测】TRAPPED！ 类型：blue_portal 置信度：0.9231269955635071
2025-10-23 02:07:26 [TRACE] 【空洞监听】无匹配已持续：18秒
2025-10-23 02:07:31 [TRACE] 【目标检测】TRAPPED！ 类型：blue_portal 置信度：0.9453005790710449
2025-10-23 02:07:32 [TRACE] 【空洞监听】无匹配已持续：25秒
2025-10-23 02:07:38 [TRACE] 【目标检测】TRAPPED！ 类型：blue_portal 置信度：0.9712817668914795
2025-10-23 02:07:39 [TRACE] 【空洞监听】无匹配已持续：31秒
2025-10-23 02:07:45 [TRACE] 【空洞监听】无匹配已持续：37秒
2025-10-23 02:07:45 [TRACE] 【目标检测】屏幕内没有目标
2025-10-23 02:07:46 [TRACE] 【目标检测】屏幕内没有目标
2025-10-23 02:07:47 [TRACE] 【目标检测】屏幕内没有目标
2025-10-23 02:07:47 [TRACE] 【状态】战斗模式：C:\Users\gelon\Desktop\ZA-Lite\assets/images/hollow\battle_2.png 置信度：0.9999997615814209
2025-10-23 02:07:48 [TRACE] 【状态】战斗模式：C:\Users\gelon\Desktop\ZA-Lite\assets/images/hollow\battle_3.png 置信度：0.9999997615814209
2025-10-23 02:07:58 [TRACE] 【空洞监听】无匹配已持续：0秒
2025-10-23 02:08:04 [TRACE] 【空洞监听】无匹配已持续：6秒
2025-10-23 02:08:12 [TRACE] 【状态】搜索模式：C:\Users\gelon\Desktop\ZA-Lite\assets/images/hollow\next_area.png 置信度：0.9999997615814209
2025-10-23 02:08:14 [TRACE] 【状态】搜索模式：C:\Users\gelon\Desktop\ZA-Lite\assets/images/hollow\meter.png 置信度：0.9626366496086121
2025-10-23 02:08:19 [TRACE] 【目标检测】微调超时，无法对齐！
2025-10-23 02:08:21 [TRACE] 【状态】搜索模式：C:\Users\gelon\Desktop\ZA-Lite\assets/images/hollow\meter.png 置信度：0.9376105666160583
2025-10-23 02:08:24 [TRACE] 【目标检测】TRAPPED！ 类型：guide_point 置信度：0.9109107255935669
2025-10-23 02:08:30 [TRACE] 【空洞监听】无匹配已持续：0秒
2025-10-23 02:08:31 [TRACE] 【目标检测】屏幕内没有目标
2025-10-23 02:08:32 [TRACE] 【目标检测】屏幕内没有目标
2025-10-23 02:08:33 [TRACE] 【目标检测】屏幕内没有目标
2025-10-23 02:08:34 [TRACE] 【目标检测】屏幕内没有目标
2025-10-23 02:08:35 [TRACE] 【目标检测】屏幕内没有目标
2025-10-23 02:08:36 [TRACE] 【空洞监听】无匹配已持续：6秒
2025-10-23 02:08:38 [TRACE] 【目标检测】屏幕内没有目标
2025-10-23 02:08:39 [TRACE] 【目标检测】屏幕内没有目标
2025-10-23 02:08:39 [TRACE] 【状态】战斗模式：C:\Users\gelon\Desktop\ZA-Lite\assets/images/hollow\battle_3.png 置信度：0.9999997615814209
2025-10-23 02:08:40 [TRACE] 【目标检测】屏幕内没有目标
2025-10-23 02:08:49 [TRACE] 【空洞监听】无匹配已持续：0秒
2025-10-23 02:08:55 [TRACE] 【空洞监听】无匹配已持续：6秒
2025-10-23 02:09:02 [TRACE] 【空洞监听】无匹配已持续：12秒
2025-10-23 02:09:08 [TRACE] 【空洞监听】无匹配已持续：19秒
2025-10-23 02:09:15 [TRACE] 【空洞监听】无匹配已持续：25秒
2025-10-23 02:09:21 [TRACE] 【空洞监听】无匹配已持续：31秒
2025-10-23 02:09:25 [TRACE] 【状态】搜索模式：C:\Users\gelon\Desktop\ZA-Lite\assets/images/hollow\meter.png 置信度：0.9683293700218201
2025-10-23 02:09:32 [TRACE] 【目标检测】微调超时，无法对齐！
2025-10-23 02:09:34 [TRACE] 【空洞监听】无匹配已持续：0秒
2025-10-23 02:09:37 [TRACE] 【目标检测】TRAPPED！ 类型：guide_point 置信度：0.6766793727874756
2025-10-23 02:09:37 [TRACE] 【状态】搜索模式：C:\Users\gelon\Desktop\ZA-Lite\assets/images/hollow\meter.png 置信度：0.9046329259872437
2025-10-23 02:09:44 [TRACE] 【目标检测】屏幕内没有目标
2025-10-23 02:09:45 [TRACE] 【目标检测】屏幕内没有目标
2025-10-23 02:09:46 [TRACE] 【目标检测】屏幕内没有目标
2025-10-23 02:09:46 [TRACE] 【空洞监听】无匹配已持续：0秒
2025-10-23 02:09:47 [TRACE] 【目标检测】屏幕内没有目标
2025-10-23 02:09:48 [TRACE] 【目标检测】屏幕内没有目标
2025-10-23 02:09:49 [TRACE] 【状态】战斗模式：C:\Users\gelon\Desktop\ZA-Lite\assets/images/hollow\battle_2.png 置信度：0.9999999403953552
2025-10-23 02:09:49 [TRACE] 【状态】战斗模式：C:\Users\gelon\Desktop\ZA-Lite\assets/images/hollow\battle_3.png 置信度：0.9999999403953552
2025-10-23 02:09:59 [TRACE] 【空洞监听】无匹配已持续：0秒
2025-10-23 02:10:05 [TRACE] 【空洞监听】无匹配已持续：5秒
2025-10-23 02:10:11 [TRACE] 【空洞监听】无匹配已持续：11秒
2025-10-23 02:10:17 [TRACE] 【空洞监听】无匹配已持续：17秒
2025-10-23 02:10:23 [TRACE] 【空洞监听】无匹配已持续：24秒
2025-10-23 02:10:30 [TRACE] 【状态】搜索模式：C:\Users\gelon\Desktop\ZA-Lite\assets/images/hollow\next_area.png 置信度：0.9999997615814209
2025-10-23 02:10:31 [TRACE] 【目标检测】屏幕内没有目标
2025-10-23 02:10:35 [TRACE] 【目标检测】屏幕内没有目标
2025-10-23 02:10:40 [TRACE] 【目标检测】微调超时，无法对齐！
2025-10-23 02:10:42 [TRACE] 【目标检测】目标存在，但置信度不足
2025-10-23 02:10:42 [TRACE] 【空洞监听】无匹配已持续：0秒
2025-10-23 02:10:43 [TRACE] 【目标检测】目标存在，但置信度不足
2025-10-23 02:10:48 [TRACE] 【目标检测】目标存在，但置信度不足
2025-10-23 02:10:49 [TRACE] 【空洞监听】无匹配已持续：6秒
2025-10-23 02:10:49 [TRACE] 【目标检测】目标存在，但置信度不足
2025-10-23 02:10:51 [TRACE] 【目标检测】目标存在，但置信度不足
2025-10-23 02:10:54 [TRACE] 【目标检测】微调超时，无法对齐！
2025-10-23 02:10:55 [TRACE] 【空洞监听】无匹配已持续：13秒
2025-10-23 02:11:01 [TRACE] 【空洞监听】无匹配已持续：19秒
2025-10-23 02:11:02 [TRACE] 【目标检测】微调超时，无法对齐！
2025-10-23 02:11:05 [TRACE] 【目标检测】TRAPPED！ 类型：guide_point 置信度：0.9724848866462708
2025-10-23 02:11:06 [TRACE] 【状态】搜索模式：C:\Users\gelon\Desktop\ZA-Lite\assets/images/hollow\meter.png 置信度：0.9871364831924438
2025-10-23 02:11:14 [TRACE] 【空洞监听】无匹配已持续：0秒
2025-10-23 02:11:19 [TRACE] 【目标检测】微调超时，无法对齐！
2025-10-23 02:11:21 [TRACE] 【空洞监听】无匹配已持续：6秒
2025-10-23 02:11:23 [TRACE] 【目标检测】TRAPPED！ 类型：blue_portal 置信度：0.9630727171897888
2025-10-23 02:11:27 [TRACE] 【空洞监听】无匹配已持续：12秒
2025-10-23 02:11:30 [TRACE] 【目标检测】屏幕内没有目标
2025-10-23 02:11:33 [TRACE] 【目标检测】屏幕内没有目标
2025-10-23 02:11:33 [TRACE] 【状态】战斗模式：正在受到攻击
2025-10-23 02:11:34 [TRACE] 【目标检测】屏幕内没有目标
2025-10-23 02:11:36 [TRACE] 【状态】战斗模式：C:\Users\gelon\Desktop\ZA-Lite\assets/images/hollow\battle_3.png 置信度：1.0
2025-10-23 02:11:45 [TRACE] 【空洞监听】无匹配已持续：0秒
2025-10-23 02:11:52 [TRACE] 【空洞监听】无匹配已持续：6秒
2025-10-23 02:11:58 [TRACE] 【空洞监听】无匹配已持续：12秒
2025-10-23 02:11:58 [TRACE] 【状态】搜索模式：C:\Users\gelon\Desktop\ZA-Lite\assets/images/hollow\resonium.png 置信度：1.0
2025-10-23 02:11:58 [TRACE] 【目标出现】C:\Users\gelon\Desktop\ZA-Lite\assets/images/hollow\resonium.png 置信度：0.9999998807907104
2025-10-23 02:11:58 [TRACE] 【本轮的坐标】：(np.int64(1174), np.int64(461)) ------------
2025-10-23 02:11:58 [TRACE] 【已点击过的坐标】：[(-10, -10)]
2025-10-23 02:11:58 [TRACE] 【成功点击】
2025-10-23 02:11:59 [TRACE] 【目标检测】目标存在，但置信度不足
2025-10-23 02:11:59 [TRACE] 【本轮的坐标】：(np.int64(1581), np.int64(461)) ------------
2025-10-23 02:11:59 [TRACE] 【已点击过的坐标】：[(-10, -10), (np.int64(1174), np.int64(461))]
2025-10-23 02:11:59 [TRACE] 【成功点击】
2025-10-23 02:12:00 [TRACE] 【本轮的坐标】：(np.int64(1582), np.int64(461)) ------------
2025-10-23 02:12:00 [TRACE] 【已点击过的坐标】：[(-10, -10), (np.int64(1174), np.int64(461)), (np.int64(1581), np.int64(461))]
2025-10-23 02:12:00 [TRACE] 【坐标太近】视为重复
2025-10-23 02:12:00 [TRACE] 【没有通过的坐标】开始下一轮
2025-10-23 02:12:00 [TRACE] 【本轮的坐标】：(np.int64(1988), np.int64(461)) ------------
2025-10-23 02:12:00 [TRACE] 【已点击过的坐标】：[(-10, -10), (np.int64(1174), np.int64(461)), (np.int64(1581), np.int64(461))]
2025-10-23 02:12:00 [TRACE] 【成功点击】
2025-10-23 02:12:00 [TRACE] 【目标检测】屏幕内没有目标
2025-10-23 02:12:00 [TRACE] 【本轮的坐标】：(np.int64(1989), np.int64(461)) ------------
2025-10-23 02:12:00 [TRACE] 【已点击过的坐标】：[(-10, -10), (np.int64(1174), np.int64(461)), (np.int64(1581), np.int64(461)), (np.int64(1988), np.int64(461))]
2025-10-23 02:12:00 [TRACE] 【坐标太近】视为重复
2025-10-23 02:12:00 [TRACE] 【没有通过的坐标】开始下一轮
2025-10-23 02:12:00 [TRACE] 【本轮的坐标】：(np.int64(1173), np.int64(462)) ------------
2025-10-23 02:12:00 [TRACE] 【已点击过的坐标】：[(-10, -10), (np.int64(1174), np.int64(461)), (np.int64(1581), np.int64(461)), (np.int64(1988), np.int64(461))]
2025-10-23 02:12:00 [TRACE] 【坐标太近】视为重复
2025-10-23 02:12:00 [TRACE] 【没有通过的坐标】开始下一轮
2025-10-23 02:12:00 [TRACE] 【本轮的坐标】：(np.int64(1174), np.int64(462)) ------------
2025-10-23 02:12:00 [TRACE] 【已点击过的坐标】：[(-10, -10), (np.int64(1174), np.int64(461)), (np.int64(1581), np.int64(461)), (np.int64(1988), np.int64(461))]
2025-10-23 02:12:00 [TRACE] 【坐标太近】视为重复
2025-10-23 02:12:00 [TRACE] 【没有通过的坐标】开始下一轮
2025-10-23 02:12:00 [TRACE] 【本轮的坐标】：(np.int64(1175), np.int64(462)) ------------
2025-10-23 02:12:00 [TRACE] 【已点击过的坐标】：[(-10, -10), (np.int64(1174), np.int64(461)), (np.int64(1581), np.int64(461)), (np.int64(1988), np.int64(461))]
2025-10-23 02:12:00 [TRACE] 【坐标太近】视为重复
2025-10-23 02:12:00 [TRACE] 【没有通过的坐标】开始下一轮
2025-10-23 02:12:00 [TRACE] 【本轮的坐标】：(np.int64(1580), np.int64(462)) ------------
2025-10-23 02:12:00 [TRACE] 【已点击过的坐标】：[(-10, -10), (np.int64(1174), np.int64(461)), (np.int64(1581), np.int64(461)), (np.int64(1988), np.int64(461))]
2025-10-23 02:12:00 [TRACE] 【坐标太近】视为重复
2025-10-23 02:12:00 [TRACE] 【没有通过的坐标】开始下一轮
2025-10-23 02:12:00 [TRACE] 【本轮的坐标】：(np.int64(1581), np.int64(462)) ------------
2025-10-23 02:12:00 [TRACE] 【已点击过的坐标】：[(-10, -10), (np.int64(1174), np.int64(461)), (np.int64(1581), np.int64(461)), (np.int64(1988), np.int64(461))]
2025-10-23 02:12:00 [TRACE] 【坐标太近】视为重复
2025-10-23 02:12:00 [TRACE] 【没有通过的坐标】开始下一轮
2025-10-23 02:12:00 [TRACE] 【本轮的坐标】：(np.int64(1582), np.int64(462)) ------------
2025-10-23 02:12:00 [TRACE] 【已点击过的坐标】：[(-10, -10), (np.int64(1174), np.int64(461)), (np.int64(1581), np.int64(461)), (np.int64(1988), np.int64(461))]
2025-10-23 02:12:00 [TRACE] 【坐标太近】视为重复
2025-10-23 02:12:00 [TRACE] 【没有通过的坐标】开始下一轮
2025-10-23 02:12:00 [TRACE] 【本轮的坐标】：(np.int64(1987), np.int64(462)) ------------
2025-10-23 02:12:00 [TRACE] 【已点击过的坐标】：[(-10, -10), (np.int64(1174), np.int64(461)), (np.int64(1581), np.int64(461)), (np.int64(1988), np.int64(461))]
2025-10-23 02:12:00 [TRACE] 【坐标太近】视为重复
2025-10-23 02:12:00 [TRACE] 【没有通过的坐标】开始下一轮
2025-10-23 02:12:00 [TRACE] 【本轮的坐标】：(np.int64(1988), np.int64(462)) ------------
2025-10-23 02:12:00 [TRACE] 【已点击过的坐标】：[(-10, -10), (np.int64(1174), np.int64(461)), (np.int64(1581), np.int64(461)), (np.int64(1988), np.int64(461))]
2025-10-23 02:12:00 [TRACE] 【坐标太近】视为重复
2025-10-23 02:12:00 [TRACE] 【没有通过的坐标】开始下一轮
2025-10-23 02:12:00 [TRACE] 【本轮的坐标】：(np.int64(1989), np.int64(462)) ------------
2025-10-23 02:12:00 [TRACE] 【已点击过的坐标】：[(-10, -10), (np.int64(1174), np.int64(461)), (np.int64(1581), np.int64(461)), (np.int64(1988), np.int64(461))]
2025-10-23 02:12:00 [TRACE] 【坐标太近】视为重复
2025-10-23 02:12:00 [TRACE] 【没有通过的坐标】开始下一轮
2025-10-23 02:12:00 [TRACE] 【本轮的坐标】：(np.int64(1990), np.int64(462)) ------------
2025-10-23 02:12:00 [TRACE] 【已点击过的坐标】：[(-10, -10), (np.int64(1174), np.int64(461)), (np.int64(1581), np.int64(461)), (np.int64(1988), np.int64(461))]
2025-10-23 02:12:00 [TRACE] 【坐标太近】视为重复
2025-10-23 02:12:00 [TRACE] 【没有通过的坐标】开始下一轮
2025-10-23 02:12:00 [TRACE] 【本轮的坐标】：(np.int64(1174), np.int64(463)) ------------
2025-10-23 02:12:00 [TRACE] 【已点击过的坐标】：[(-10, -10), (np.int64(1174), np.int64(461)), (np.int64(1581), np.int64(461)), (np.int64(1988), np.int64(461))]
2025-10-23 02:12:00 [TRACE] 【坐标太近】视为重复
2025-10-23 02:12:00 [TRACE] 【没有通过的坐标】开始下一轮
2025-10-23 02:12:00 [TRACE] 【本轮的坐标】：(np.int64(1581), np.int64(463)) ------------
2025-10-23 02:12:00 [TRACE] 【已点击过的坐标】：[(-10, -10), (np.int64(1174), np.int64(461)), (np.int64(1581), np.int64(461)), (np.int64(1988), np.int64(461))]
2025-10-23 02:12:00 [TRACE] 【坐标太近】视为重复
2025-10-23 02:12:00 [TRACE] 【没有通过的坐标】开始下一轮
2025-10-23 02:12:00 [TRACE] 【本轮的坐标】：(np.int64(1988), np.int64(463)) ------------
2025-10-23 02:12:00 [TRACE] 【已点击过的坐标】：[(-10, -10), (np.int64(1174), np.int64(461)), (np.int64(1581), np.int64(461)), (np.int64(1988), np.int64(461))]
2025-10-23 02:12:00 [TRACE] 【坐标太近】视为重复
2025-10-23 02:12:00 [TRACE] 【没有通过的坐标】开始下一轮
2025-10-23 02:12:00 [TRACE] 【完成所有点击】有效次数：3
2025-10-23 02:12:01 [TRACE] 【目标检测】目标存在，但置信度不足
2025-10-23 02:12:02 [TRACE] 【目标检测】目标存在，但置信度不足
2025-10-23 02:12:03 [TRACE] 【目标检测】目标存在，但置信度不足
2025-10-23 02:12:04 [TRACE] 【目标检测】目标存在，但置信度不足
2025-10-23 02:12:05 [TRACE] 【目标检测】目标存在，但置信度不足
2025-10-23 02:12:06 [TRACE] 【目标检测】目标存在，但置信度不足
2025-10-23 02:12:08 [TRACE] 【状态】搜索模式：C:\Users\gelon\Desktop\ZA-Lite\assets/images/hollow\next_area.png 置信度：0.9999996423721313
2025-10-23 02:12:12 [TRACE] 【目标检测】TRAPPED！ 类型：blue_portal 置信度：0.9568078517913818
2025-10-23 02:12:20 [TRACE] 【空洞监听】无匹配已持续：0秒
2025-10-23 02:12:21 [TRACE] 【目标检测】TRAPPED！ 类型：interact 置信度：0.9299367666244507
2025-10-23 02:12:26 [TRACE] 【空洞监听】无匹配已持续：6秒
2025-10-23 02:12:28 [TRACE] 【目标检测】屏幕内没有目标
2025-10-23 02:12:29 [TRACE] 【目标检测】屏幕内没有目标
2025-10-23 02:12:30 [TRACE] 【目标检测】屏幕内没有目标
2025-10-23 02:12:31 [TRACE] 【目标检测】屏幕内没有目标
2025-10-23 02:12:32 [TRACE] 【目标检测】屏幕内没有目标
2025-10-23 02:12:34 [TRACE] 【目标检测】屏幕内没有目标
2025-10-23 02:12:36 [TRACE] 【目标检测】屏幕内没有目标
2025-10-23 02:12:37 [TRACE] 【目标检测】屏幕内没有目标
2025-10-23 02:12:38 [TRACE] 【目标检测】屏幕内没有目标
2025-10-23 02:12:39 [TRACE] 【目标检测】屏幕内没有目标
2025-10-23 02:12:41 [TRACE] 【目标检测】屏幕内没有目标
2025-10-23 02:12:42 [TRACE] 【目标检测】屏幕内没有目标
2025-10-23 02:12:43 [TRACE] 【目标检测】屏幕内没有目标
2025-10-23 02:12:45 [TRACE] 【目标检测】屏幕内没有目标
2025-10-23 02:12:46 [TRACE] 【目标检测】屏幕内没有目标
2025-10-23 02:12:48 [TRACE] 【目标检测】屏幕内没有目标
2025-10-23 02:12:49 [TRACE] 【目标检测】屏幕内没有目标
2025-10-23 02:12:50 [TRACE] 【目标检测】屏幕内没有目标
2025-10-23 02:12:51 [TRACE] 【目标检测】屏幕内没有目标
2025-10-23 02:12:52 [TRACE] 【目标检测】屏幕内没有目标
2025-10-23 02:12:54 [TRACE] 【目标检测】屏幕内没有目标
2025-10-23 02:12:55 [TRACE] 【目标检测】屏幕内没有目标
2025-10-23 02:12:56 [TRACE] 【目标检测】屏幕内没有目标
2025-10-23 02:12:58 [TRACE] 【目标检测】屏幕内没有目标
2025-10-23 02:12:59 [TRACE] 【目标检测】屏幕内没有目标
2025-10-23 02:13:01 [TRACE] 【目标检测】屏幕内没有目标
2025-10-23 02:13:02 [TRACE] 【目标检测】屏幕内没有目标
2025-10-23 02:13:03 [TRACE] 【目标检测】屏幕内没有目标
2025-10-23 02:13:04 [TRACE] 【目标检测】屏幕内没有目标
2025-10-23 02:13:05 [TRACE] 【目标检测】屏幕内没有目标
2025-10-23 02:13:07 [TRACE] 【目标检测】屏幕内没有目标
2025-10-23 02:13:09 [TRACE] 【目标检测】屏幕内没有目标
2025-10-23 02:13:10 [TRACE] 【目标检测】屏幕内没有目标
2025-10-23 02:13:11 [TRACE] 【目标检测】屏幕内没有目标
2025-10-23 02:13:12 [TRACE] 【目标检测】屏幕内没有目标
2025-10-23 02:13:14 [TRACE] 【目标检测】屏幕内没有目标
2025-10-23 02:13:15 [TRACE] 【目标检测】屏幕内没有目标
2025-10-23 02:13:16 [TRACE] 【目标检测】屏幕内没有目标
2025-10-23 02:13:17 [TRACE] 【目标检测】屏幕内没有目标
2025-10-23 02:13:19 [TRACE] 【目标检测】屏幕内没有目标
2025-10-23 02:13:21 [TRACE] 【目标检测】屏幕内没有目标
2025-10-23 02:13:22 [TRACE] 【目标检测】屏幕内没有目标
2025-10-23 02:13:23 [TRACE] 【目标检测】屏幕内没有目标
2025-10-23 02:13:24 [TRACE] 【目标检测】屏幕内没有目标
2025-10-23 02:13:25 [TRACE] 【目标检测】屏幕内没有目标
2025-10-23 02:13:27 [TRACE] 【目标检测】屏幕内没有目标
2025-10-23 02:13:28 [TRACE] 【目标检测】屏幕内没有目标
2025-10-23 02:13:30 [TRACE] 【目标检测】屏幕内没有目标
2025-10-23 02:13:30 [TRACE] 【目标检测】屏幕内没有目标
2025-10-23 02:13:32 [TRACE] 【目标检测】屏幕内没有目标
2025-10-23 02:13:34 [TRACE] 【目标检测】屏幕内没有目标
2025-10-23 02:13:35 [TRACE] 【目标检测】屏幕内没有目标
2025-10-23 02:13:36 [TRACE] 【目标检测】屏幕内没有目标
2025-10-23 02:13:37 [TRACE] 【目标检测】屏幕内没有目标
2025-10-23 02:13:38 [TRACE] 【目标检测】屏幕内没有目标
2025-10-23 02:13:41 [TRACE] 【目标检测】屏幕内没有目标
2025-10-23 02:13:41 [TRACE] 【目标检测】屏幕内没有目标
2025-10-23 02:13:43 [TRACE] 【目标检测】屏幕内没有目标
2025-10-23 02:13:44 [TRACE] 【目标检测】屏幕内没有目标
2025-10-23 02:13:45 [TRACE] 【目标检测】屏幕内没有目标
2025-10-23 02:13:47 [TRACE] 【目标检测】屏幕内没有目标
2025-10-23 02:13:48 [TRACE] 【目标检测】屏幕内没有目标
2025-10-23 02:13:49 [TRACE] 【目标检测】屏幕内没有目标
2025-10-23 02:13:50 [TRACE] 【状态】搜索模式：C:\Users\gelon\Desktop\ZA-Lite\assets/images/hollow\resonium.png 置信度：0.9920591711997986
2025-10-23 02:13:50 [TRACE] 【目标检测】屏幕内没有目标
2025-10-23 02:13:50 [TRACE] 【目标出现】C:\Users\gelon\Desktop\ZA-Lite\assets/images/hollow\resonium.png 置信度：0.9920588731765747
2025-10-23 02:13:50 [TRACE] 【本轮的坐标】：(np.int64(1581), np.int64(461)) ------------
2025-10-23 02:13:50 [TRACE] 【已点击过的坐标】：[(-10, -10)]
2025-10-23 02:13:50 [TRACE] 【成功点击】
2025-10-23 02:13:51 [TRACE] 【本轮的坐标】：(np.int64(1582), np.int64(461)) ------------
2025-10-23 02:13:51 [TRACE] 【已点击过的坐标】：[(-10, -10), (np.int64(1581), np.int64(461))]
2025-10-23 02:13:51 [TRACE] 【坐标太近】视为重复
2025-10-23 02:13:51 [TRACE] 【没有通过的坐标】开始下一轮
2025-10-23 02:13:51 [TRACE] 【本轮的坐标】：(np.int64(1580), np.int64(462)) ------------
2025-10-23 02:13:51 [TRACE] 【已点击过的坐标】：[(-10, -10), (np.int64(1581), np.int64(461))]
2025-10-23 02:13:51 [TRACE] 【坐标太近】视为重复
2025-10-23 02:13:51 [TRACE] 【没有通过的坐标】开始下一轮
2025-10-23 02:13:51 [TRACE] 【本轮的坐标】：(np.int64(1581), np.int64(462)) ------------
2025-10-23 02:13:51 [TRACE] 【已点击过的坐标】：[(-10, -10), (np.int64(1581), np.int64(461))]
2025-10-23 02:13:51 [TRACE] 【坐标太近】视为重复
2025-10-23 02:13:51 [TRACE] 【没有通过的坐标】开始下一轮
2025-10-23 02:13:51 [TRACE] 【本轮的坐标】：(np.int64(1582), np.int64(462)) ------------
2025-10-23 02:13:51 [TRACE] 【已点击过的坐标】：[(-10, -10), (np.int64(1581), np.int64(461))]
2025-10-23 02:13:51 [TRACE] 【坐标太近】视为重复
2025-10-23 02:13:51 [TRACE] 【没有通过的坐标】开始下一轮
2025-10-23 02:13:51 [TRACE] 【本轮的坐标】：(np.int64(1581), np.int64(463)) ------------
2025-10-23 02:13:51 [TRACE] 【已点击过的坐标】：[(-10, -10), (np.int64(1581), np.int64(461))]
2025-10-23 02:13:51 [TRACE] 【坐标太近】视为重复
2025-10-23 02:13:51 [TRACE] 【没有通过的坐标】开始下一轮
2025-10-23 02:13:51 [TRACE] 【完成所有点击】有效次数：1
2025-10-23 02:13:51 [TRACE] 【目标检测】屏幕内没有目标
2025-10-23 02:13:53 [TRACE] 【目标检测】屏幕内没有目标
2025-10-23 02:13:54 [TRACE] 【目标检测】屏幕内没有目标
2025-10-23 02:13:55 [TRACE] 【目标检测】屏幕内没有目标
2025-10-23 02:14:01 [TRACE] 【状态】搜索模式：C:\Users\gelon\Desktop\ZA-Lite\assets/images/hollow\meter.png 置信度：0.9378441572189331
2025-10-23 02:14:03 [TRACE] 【目标检测】微调超时，无法对齐！
2025-10-23 02:14:07 [TRACE] 【目标检测】TRAPPED！ 类型：guide_point 置信度：0.9004358649253845
2025-10-23 02:14:10 [TRACE] 【空洞监听】无匹配已持续：0秒
2025-10-23 02:14:14 [TRACE] 【目标检测】屏幕内没有目标
2025-10-23 02:14:16 [TRACE] 【目标检测】屏幕内没有目标
2025-10-23 02:14:16 [TRACE] 【空洞监听】无匹配已持续：6秒
2025-10-23 02:14:17 [TRACE] 【目标检测】屏幕内没有目标
2025-10-23 02:14:18 [TRACE] 【目标检测】屏幕内没有目标
2025-10-23 02:14:19 [TRACE] 【目标检测】屏幕内没有目标
2025-10-23 02:14:21 [TRACE] 【目标检测】屏幕内没有目标
2025-10-23 02:14:22 [TRACE] 【目标检测】屏幕内没有目标
2025-10-23 02:14:22 [TRACE] 【空洞监听】无匹配已持续：12秒
2025-10-23 02:14:23 [TRACE] 【目标检测】屏幕内没有目标
2025-10-23 02:14:24 [TRACE] 【目标检测】屏幕内没有目标
2025-10-23 02:14:26 [TRACE] 【目标检测】屏幕内没有目标
2025-10-23 02:14:28 [TRACE] 【目标检测】屏幕内没有目标
2025-10-23 02:14:29 [TRACE] 【状态】战斗模式：正在受到攻击
2025-10-23 02:14:29 [TRACE] 【目标检测】屏幕内没有目标
2025-10-23 02:14:35 [TRACE] 【空洞监听】无匹配已持续：0秒
2025-10-23 02:14:41 [TRACE] 【空洞监听】无匹配已持续：6秒
2025-10-23 02:14:47 [TRACE] 【空洞监听】无匹配已持续：12秒
2025-10-23 02:14:54 [TRACE] 【空洞监听】无匹配已持续：19秒
2025-10-23 02:15:00 [TRACE] 【状态】战斗模式：正在受到攻击
2025-10-23 02:15:06 [TRACE] 【状态】战斗模式：正在受到攻击
2025-10-23 02:15:09 [TRACE] 【状态】战斗模式：C:\Users\gelon\Desktop\ZA-Lite\assets/images/hollow\battle_5.png 置信度：0.9971107840538025
2025-10-23 02:15:11 [TRACE] 【状态】战斗模式：正在受到攻击
2025-10-23 02:15:15 [TRACE] 【状态】战斗模式：C:\Users\gelon\Desktop\ZA-Lite\assets/images/hollow\battle_5.png 置信度：0.9821662902832031
2025-10-23 02:15:21 [TRACE] 【状态】战斗模式：C:\Users\gelon\Desktop\ZA-Lite\assets/images/hollow\battle_5.png 置信度：0.9857228398323059
2025-10-23 02:15:30 [TRACE] 【状态】战斗模式：正在受到攻击
2025-10-23 02:15:36 [TRACE] 【空洞监听】无匹配已持续：0秒
2025-10-23 02:15:42 [TRACE] 【状态】战斗模式：正在受到攻击
2025-10-23 02:15:48 [TRACE] 【状态】战斗模式：正在受到攻击
2025-10-23 02:15:55 [TRACE] 【状态】战斗模式：正在受到攻击
2025-10-23 02:16:01 [TRACE] 【空洞监听】无匹配已持续：0秒
2025-10-23 02:16:04 [TRACE] 【状态】战斗模式：C:\Users\gelon\Desktop\ZA-Lite\assets/images/hollow\battle_5.png 置信度：0.9997029304504395
2025-10-23 02:16:11 [TRACE] 【状态】战斗模式：C:\Users\gelon\Desktop\ZA-Lite\assets/images/hollow\battle_5.png 置信度：0.9942606687545776
2025-10-23 02:16:19 [TRACE] 【空洞监听】无匹配已持续：0秒
2025-10-23 02:16:26 [TRACE] 【状态】搜索模式：C:\Users\gelon\Desktop\ZA-Lite\assets/images/hollow\gear.png 置信度：0.9999998211860657
2025-10-23 02:16:27 [TRACE] 【目标检测】屏幕内没有目标
2025-10-23 02:16:28 [TRACE] 【目标检测】屏幕内没有目标
2025-10-23 02:16:30 [TRACE] 【目标检测】屏幕内没有目标
2025-10-23 02:16:32 [TRACE] 【状态】搜索模式：C:\Users\gelon\Desktop\ZA-Lite\assets/images/hollow\resonium.png 置信度：0.9999996423721313
2025-10-23 02:16:33 [TRACE] 【目标出现】C:\Users\gelon\Desktop\ZA-Lite\assets/images/hollow\resonium.png 置信度：0.9999996423721313
2025-10-23 02:16:33 [TRACE] 【本轮的坐标】：(np.int64(1174), np.int64(461)) ------------
2025-10-23 02:16:33 [TRACE] 【已点击过的坐标】：[(-10, -10)]
2025-10-23 02:16:33 [TRACE] 【成功点击】
2025-10-23 02:16:33 [TRACE] 【目标检测】屏幕内没有目标
2025-10-23 02:16:33 [TRACE] 【本轮的坐标】：(np.int64(1581), np.int64(461)) ------------
2025-10-23 02:16:33 [TRACE] 【已点击过的坐标】：[(-10, -10), (np.int64(1174), np.int64(461))]
2025-10-23 02:16:33 [TRACE] 【成功点击】
2025-10-23 02:16:34 [TRACE] 【目标检测】屏幕内没有目标
2025-10-23 02:16:34 [TRACE] 【本轮的坐标】：(np.int64(1582), np.int64(461)) ------------
2025-10-23 02:16:34 [TRACE] 【已点击过的坐标】：[(-10, -10), (np.int64(1174), np.int64(461)), (np.int64(1581), np.int64(461))]
2025-10-23 02:16:34 [TRACE] 【坐标太近】视为重复
2025-10-23 02:16:34 [TRACE] 【没有通过的坐标】开始下一轮
2025-10-23 02:16:34 [TRACE] 【本轮的坐标】：(np.int64(1988), np.int64(461)) ------------
2025-10-23 02:16:34 [TRACE] 【已点击过的坐标】：[(-10, -10), (np.int64(1174), np.int64(461)), (np.int64(1581), np.int64(461))]
2025-10-23 02:16:34 [TRACE] 【成功点击】
2025-10-23 02:16:35 [TRACE] 【目标检测】屏幕内没有目标
2025-10-23 02:16:35 [TRACE] 【本轮的坐标】：(np.int64(1989), np.int64(461)) ------------
2025-10-23 02:16:35 [TRACE] 【已点击过的坐标】：[(-10, -10), (np.int64(1174), np.int64(461)), (np.int64(1581), np.int64(461)), (np.int64(1988), np.int64(461))]
2025-10-23 02:16:35 [TRACE] 【坐标太近】视为重复
2025-10-23 02:16:35 [TRACE] 【没有通过的坐标】开始下一轮
2025-10-23 02:16:35 [TRACE] 【本轮的坐标】：(np.int64(1173), np.int64(462)) ------------
2025-10-23 02:16:35 [TRACE] 【已点击过的坐标】：[(-10, -10), (np.int64(1174), np.int64(461)), (np.int64(1581), np.int64(461)), (np.int64(1988), np.int64(461))]
2025-10-23 02:16:35 [TRACE] 【坐标太近】视为重复
2025-10-23 02:16:35 [TRACE] 【没有通过的坐标】开始下一轮
2025-10-23 02:16:35 [TRACE] 【本轮的坐标】：(np.int64(1174), np.int64(462)) ------------
2025-10-23 02:16:35 [TRACE] 【已点击过的坐标】：[(-10, -10), (np.int64(1174), np.int64(461)), (np.int64(1581), np.int64(461)), (np.int64(1988), np.int64(461))]
2025-10-23 02:16:35 [TRACE] 【坐标太近】视为重复
2025-10-23 02:16:35 [TRACE] 【没有通过的坐标】开始下一轮
2025-10-23 02:16:35 [TRACE] 【本轮的坐标】：(np.int64(1175), np.int64(462)) ------------
2025-10-23 02:16:35 [TRACE] 【已点击过的坐标】：[(-10, -10), (np.int64(1174), np.int64(461)), (np.int64(1581), np.int64(461)), (np.int64(1988), np.int64(461))]
2025-10-23 02:16:35 [TRACE] 【坐标太近】视为重复
2025-10-23 02:16:35 [TRACE] 【没有通过的坐标】开始下一轮
2025-10-23 02:16:35 [TRACE] 【本轮的坐标】：(np.int64(1580), np.int64(462)) ------------
2025-10-23 02:16:35 [TRACE] 【已点击过的坐标】：[(-10, -10), (np.int64(1174), np.int64(461)), (np.int64(1581), np.int64(461)), (np.int64(1988), np.int64(461))]
2025-10-23 02:16:35 [TRACE] 【坐标太近】视为重复
2025-10-23 02:16:35 [TRACE] 【没有通过的坐标】开始下一轮
2025-10-23 02:16:35 [TRACE] 【本轮的坐标】：(np.int64(1581), np.int64(462)) ------------
2025-10-23 02:16:35 [TRACE] 【已点击过的坐标】：[(-10, -10), (np.int64(1174), np.int64(461)), (np.int64(1581), np.int64(461)), (np.int64(1988), np.int64(461))]
2025-10-23 02:16:35 [TRACE] 【坐标太近】视为重复
2025-10-23 02:16:35 [TRACE] 【没有通过的坐标】开始下一轮
2025-10-23 02:16:35 [TRACE] 【本轮的坐标】：(np.int64(1582), np.int64(462)) ------------
2025-10-23 02:16:35 [TRACE] 【已点击过的坐标】：[(-10, -10), (np.int64(1174), np.int64(461)), (np.int64(1581), np.int64(461)), (np.int64(1988), np.int64(461))]
2025-10-23 02:16:35 [TRACE] 【坐标太近】视为重复
2025-10-23 02:16:35 [TRACE] 【没有通过的坐标】开始下一轮
2025-10-23 02:16:35 [TRACE] 【本轮的坐标】：(np.int64(1987), np.int64(462)) ------------
2025-10-23 02:16:35 [TRACE] 【已点击过的坐标】：[(-10, -10), (np.int64(1174), np.int64(461)), (np.int64(1581), np.int64(461)), (np.int64(1988), np.int64(461))]
2025-10-23 02:16:35 [TRACE] 【坐标太近】视为重复
2025-10-23 02:16:35 [TRACE] 【没有通过的坐标】开始下一轮
2025-10-23 02:16:35 [TRACE] 【本轮的坐标】：(np.int64(1988), np.int64(462)) ------------
2025-10-23 02:16:35 [TRACE] 【已点击过的坐标】：[(-10, -10), (np.int64(1174), np.int64(461)), (np.int64(1581), np.int64(461)), (np.int64(1988), np.int64(461))]
2025-10-23 02:16:35 [TRACE] 【坐标太近】视为重复
2025-10-23 02:16:35 [TRACE] 【没有通过的坐标】开始下一轮
2025-10-23 02:16:35 [TRACE] 【本轮的坐标】：(np.int64(1989), np.int64(462)) ------------
2025-10-23 02:16:35 [TRACE] 【已点击过的坐标】：[(-10, -10), (np.int64(1174), np.int64(461)), (np.int64(1581), np.int64(461)), (np.int64(1988), np.int64(461))]
2025-10-23 02:16:35 [TRACE] 【坐标太近】视为重复
2025-10-23 02:16:35 [TRACE] 【没有通过的坐标】开始下一轮
2025-10-23 02:16:35 [TRACE] 【本轮的坐标】：(np.int64(1990), np.int64(462)) ------------
2025-10-23 02:16:35 [TRACE] 【已点击过的坐标】：[(-10, -10), (np.int64(1174), np.int64(461)), (np.int64(1581), np.int64(461)), (np.int64(1988), np.int64(461))]
2025-10-23 02:16:35 [TRACE] 【坐标太近】视为重复
2025-10-23 02:16:35 [TRACE] 【没有通过的坐标】开始下一轮
2025-10-23 02:16:35 [TRACE] 【本轮的坐标】：(np.int64(1174), np.int64(463)) ------------
2025-10-23 02:16:35 [TRACE] 【已点击过的坐标】：[(-10, -10), (np.int64(1174), np.int64(461)), (np.int64(1581), np.int64(461)), (np.int64(1988), np.int64(461))]
2025-10-23 02:16:35 [TRACE] 【坐标太近】视为重复
2025-10-23 02:16:35 [TRACE] 【没有通过的坐标】开始下一轮
2025-10-23 02:16:35 [TRACE] 【本轮的坐标】：(np.int64(1581), np.int64(463)) ------------
2025-10-23 02:16:35 [TRACE] 【已点击过的坐标】：[(-10, -10), (np.int64(1174), np.int64(461)), (np.int64(1581), np.int64(461)), (np.int64(1988), np.int64(461))]
2025-10-23 02:16:35 [TRACE] 【坐标太近】视为重复
2025-10-23 02:16:35 [TRACE] 【没有通过的坐标】开始下一轮
2025-10-23 02:16:35 [TRACE] 【本轮的坐标】：(np.int64(1988), np.int64(463)) ------------
2025-10-23 02:16:35 [TRACE] 【已点击过的坐标】：[(-10, -10), (np.int64(1174), np.int64(461)), (np.int64(1581), np.int64(461)), (np.int64(1988), np.int64(461))]
2025-10-23 02:16:35 [TRACE] 【坐标太近】视为重复
2025-10-23 02:16:35 [TRACE] 【没有通过的坐标】开始下一轮
2025-10-23 02:16:35 [TRACE] 【完成所有点击】有效次数：3
2025-10-23 02:16:36 [TRACE] 【目标检测】屏幕内没有目标
2025-10-23 02:16:37 [TRACE] 【目标检测】目标存在，但置信度不足
2025-10-23 02:16:38 [TRACE] 【目标检测】目标存在，但置信度不足
2025-10-23 02:16:39 [TRACE] 【目标检测】目标存在，但置信度不足
2025-10-23 02:16:40 [TRACE] 【目标检测】屏幕内没有目标
2025-10-23 02:16:44 [TRACE] 【目标检测】屏幕内没有目标
2025-10-23 02:16:45 [TRACE] 【目标检测】目标存在，但置信度不足
2025-10-23 02:16:46 [TRACE] 【目标检测】屏幕内没有目标
2025-10-23 02:16:47 [TRACE] 【空洞监听】无匹配已持续：0秒
2025-10-23 02:16:47 [TRACE] 【目标检测】屏幕内没有目标
2025-10-23 02:16:49 [TRACE] 【目标检测】屏幕内没有目标
2025-10-23 02:16:49 [TRACE] 【状态】搜索模式：C:\Users\gelon\Desktop\ZA-Lite\assets/images/hollow\battle_end_boss.png 置信度：0.9999361634254456
2025-10-23 02:16:50 [TRACE] 【目标检测】屏幕内没有目标
2025-10-23 02:16:52 [TRACE] 【目标检测】屏幕内没有目标
2025-10-23 02:16:53 [TRACE] 【目标检测】屏幕内没有目标
2025-10-23 02:16:54 [TRACE] 【目标检测】屏幕内没有目标
2025-10-23 02:16:55 [TRACE] 【目标检测】屏幕内没有目标
2025-10-23 02:16:56 [TRACE] 【目标检测】屏幕内没有目标
2025-10-23 02:17:00 [TRACE] 【空洞监听】无匹配已持续：0秒
2025-10-23 02:17:00 [TRACE] 【目标检测】TRAPPED！ 类型：interact 置信度：0.9275493621826172
2025-10-23 02:17:06 [TRACE] 【空洞监听】无匹配已持续：6秒
2025-10-23 02:17:07 [TRACE] 【目标检测】屏幕内没有目标
2025-10-23 02:17:08 [TRACE] 【目标检测】屏幕内没有目标
2025-10-23 02:17:09 [TRACE] 【目标检测】屏幕内没有目标
2025-10-23 02:17:10 [TRACE] 【目标检测】屏幕内没有目标
2025-10-23 02:17:11 [TRACE] 【目标检测】屏幕内没有目标
2025-10-23 02:17:13 [TRACE] 【目标检测】屏幕内没有目标
2025-10-23 02:17:14 [TRACE] 【目标检测】屏幕内没有目标
2025-10-23 02:17:16 [TRACE] 【目标检测】TRAPPED！ 类型：interact 置信度：0.9242009520530701
2025-10-23 02:17:21 [TRACE] 【目标检测】TRAPPED！ 类型：interact 置信度：0.9284632802009583
2025-10-23 02:17:25 [TRACE] 【空洞监听】无匹配已持续：0秒
2025-10-23 02:17:28 [TRACE] 【目标检测】屏幕内没有目标
2025-10-23 02:17:29 [TRACE] 【目标检测】屏幕内没有目标
2025-10-23 02:17:30 [TRACE] 【目标检测】屏幕内没有目标
2025-10-23 02:17:31 [TRACE] 【目标检测】屏幕内没有目标
2025-10-23 02:17:32 [TRACE] 【目标检测】屏幕内没有目标
2025-10-23 02:17:35 [TRACE] 【目标检测】TRAPPED！ 类型：interact 置信度：0.8827177286148071
2025-10-23 02:17:40 [TRACE] 【目标检测】TRAPPED！ 类型：interact 置信度：0.9197766780853271
2025-10-23 02:17:44 [TRACE] 【空洞监听】无匹配已持续：0秒
2025-10-23 02:17:47 [TRACE] 【目标检测】屏幕内没有目标
2025-10-23 02:17:48 [TRACE] 【目标检测】屏幕内没有目标
2025-10-23 02:17:49 [TRACE] 【目标检测】屏幕内没有目标
2025-10-23 02:17:50 [TRACE] 【目标检测】屏幕内没有目标
2025-10-23 02:17:51 [TRACE] 【目标检测】屏幕内没有目标
2025-10-23 02:17:53 [TRACE] 【目标检测】TRAPPED！ 类型：interact 置信度：0.9258010983467102
2025-10-23 02:17:59 [TRACE] 【目标检测】TRAPPED！ 类型：interact 置信度：0.9276999235153198
2025-10-23 02:18:02 [TRACE] 【空洞监听】无匹配已持续：0秒
2025-10-23 02:18:05 [TRACE] 【目标检测】屏幕内没有目标
2025-10-23 02:18:06 [TRACE] 【目标检测】屏幕内没有目标
2025-10-23 02:18:07 [TRACE] 【目标检测】屏幕内没有目标
2025-10-23 02:18:08 [TRACE] 【目标检测】屏幕内没有目标
2025-10-23 02:18:09 [TRACE] 【目标检测】屏幕内没有目标
2025-10-23 02:18:12 [TRACE] 【目标检测】屏幕内没有目标
2025-10-23 02:18:13 [TRACE] 【目标检测】屏幕内没有目标
2025-10-23 02:18:14 [TRACE] 【目标检测】屏幕内没有目标
2025-10-23 02:18:15 [TRACE] 【目标检测】屏幕内没有目标
2025-10-23 02:18:16 [TRACE] 【目标检测】屏幕内没有目标
2025-10-23 02:18:18 [TRACE] 【目标检测】目标存在，但置信度不足
2025-10-23 02:18:20 [TRACE] 【目标检测】目标存在，但置信度不足
2025-10-23 02:18:21 [TRACE] 【目标检测】目标存在，但置信度不足
2025-10-23 02:18:24 [TRACE] 【目标检测】TRAPPED！ 类型：interact 置信度：0.9425686001777649
2025-10-23 02:18:27 [TRACE] 【空洞监听】无匹配已持续：0秒
2025-10-23 02:18:31 [TRACE] 【目标检测】屏幕内没有目标
2025-10-23 02:18:32 [TRACE] 【目标检测】屏幕内没有目标
2025-10-23 02:18:33 [TRACE] 【目标检测】屏幕内没有目标
2025-10-23 02:18:34 [TRACE] 【目标检测】屏幕内没有目标
2025-10-23 02:18:35 [TRACE] 【目标检测】屏幕内没有目标
2025-10-23 02:18:37 [TRACE] 【目标检测】屏幕内没有目标
2025-10-23 02:18:38 [TRACE] 【目标检测】屏幕内没有目标
2025-10-23 02:18:39 [TRACE] 【目标检测】屏幕内没有目标
2025-10-23 02:18:40 [TRACE] 【目标检测】屏幕内没有目标
2025-10-23 02:18:42 [TRACE] 【目标检测】屏幕内没有目标
2025-10-23 02:18:44 [TRACE] 【目标检测】目标存在，但置信度不足
2025-10-23 02:18:46 [TRACE] 【目标检测】屏幕内没有目标
2025-10-23 02:18:50 [TRACE] 【目标检测】TRAPPED！ 类型：interact 置信度：0.9137786030769348
2025-10-23 02:18:52 [TRACE] 【空洞监听】无匹配已持续：0秒
2025-10-23 02:18:53 [TRACE] 【状态】搜索模式：C:\Users\gelon\Desktop\ZA-Lite\assets/images/hollow\gear.png 置信度：0.999715268611908
2025-10-23 02:18:57 [TRACE] 【目标检测】屏幕内没有目标
2025-10-23 02:18:58 [TRACE] 【目标检测】屏幕内没有目标
2025-10-23 02:19:00 [TRACE] 【状态】搜索模式：C:\Users\gelon\Desktop\ZA-Lite\assets/images/hollow\next_area.png 置信度：0.9999993443489075
2025-10-23 02:19:02 [TRACE] 【状态】搜索模式：C:\Users\gelon\Desktop\ZA-Lite\assets/images/hollow\meter.png 置信度：0.953859806060791
2025-10-23 02:19:03 [TRACE] 【目标检测】TRAPPED！ 类型：blue_portal 置信度：0.9575916528701782
2025-10-23 02:19:09 [TRACE] 【目标检测】TRAPPED！ 类型：blue_portal 置信度：0.9625368714332581
2025-10-23 02:19:11 [TRACE] 【空洞监听】无匹配已持续：0秒
2025-10-23 02:19:16 [TRACE] 【目标检测】屏幕内没有目标
2025-10-23 02:19:17 [TRACE] 【空洞监听】无匹配已持续：5秒
2025-10-23 02:19:18 [TRACE] 【目标检测】屏幕内没有目标
2025-10-23 02:19:19 [TRACE] 【目标检测】屏幕内没有目标
2025-10-23 02:19:20 [TRACE] 【目标检测】屏幕内没有目标
2025-10-23 02:19:20 [TRACE] 【状态】战斗模式：C:\Users\gelon\Desktop\ZA-Lite\assets/images/hollow\battle_2.png 置信度：0.9999999403953552
2025-10-23 02:19:21 [TRACE] 【目标检测】屏幕内没有目标
2025-10-23 02:19:21 [TRACE] 【状态】战斗模式：C:\Users\gelon\Desktop\ZA-Lite\assets/images/hollow\battle_3.png 置信度：0.9999999403953552
2025-10-23 02:19:24 [TRACE] 【状态】战斗模式：正在受到攻击
2025-10-23 02:19:30 [TRACE] 【空洞监听】无匹配已持续：0秒
2025-10-23 02:19:34 [TRACE] 【状态】战斗模式：C:\Users\gelon\Desktop\ZA-Lite\assets/images/hollow\battle_5.png 置信度：0.9839479923248291
2025-10-23 02:19:43 [TRACE] 【空洞监听】无匹配已持续：0秒
2025-10-23 02:19:49 [TRACE] 【状态】战斗模式：正在受到攻击
2025-10-23 02:19:55 [TRACE] 【空洞监听】无匹配已持续：0秒
2025-10-23 02:19:59 [TRACE] 【状态】战斗模式：C:\Users\gelon\Desktop\ZA-Lite\assets/images/hollow\battle_5.png 置信度：0.9778371453285217
2025-10-23 02:20:05 [TRACE] 【状态】战斗模式：C:\Users\gelon\Desktop\ZA-Lite\assets/images/hollow\battle_5.png 置信度：0.9687743186950684
2025-10-23 02:20:14 [TRACE] 【空洞监听】无匹配已持续：0秒
2025-10-23 02:20:14 [TRACE] 【状态】搜索模式：C:\Users\gelon\Desktop\ZA-Lite\assets/images/hollow\resonium.png 置信度：1.0
2025-10-23 02:20:14 [TRACE] 【目标出现】C:\Users\gelon\Desktop\ZA-Lite\assets/images/hollow\resonium.png 置信度：0.9999998807907104
2025-10-23 02:20:14 [TRACE] 【本轮的坐标】：(np.int64(1174), np.int64(461)) ------------
2025-10-23 02:20:14 [TRACE] 【已点击过的坐标】：[(-10, -10)]
2025-10-23 02:20:14 [TRACE] 【成功点击】
2025-10-23 02:20:15 [TRACE] 【目标检测】目标存在，但置信度不足
2025-10-23 02:20:15 [TRACE] 【本轮的坐标】：(np.int64(1581), np.int64(461)) ------------
2025-10-23 02:20:15 [TRACE] 【已点击过的坐标】：[(-10, -10), (np.int64(1174), np.int64(461))]
2025-10-23 02:20:15 [TRACE] 【成功点击】
2025-10-23 02:20:16 [TRACE] 【本轮的坐标】：(np.int64(1582), np.int64(461)) ------------
2025-10-23 02:20:16 [TRACE] 【已点击过的坐标】：[(-10, -10), (np.int64(1174), np.int64(461)), (np.int64(1581), np.int64(461))]
2025-10-23 02:20:16 [TRACE] 【坐标太近】视为重复
2025-10-23 02:20:16 [TRACE] 【没有通过的坐标】开始下一轮
2025-10-23 02:20:16 [TRACE] 【本轮的坐标】：(np.int64(1988), np.int64(461)) ------------
2025-10-23 02:20:16 [TRACE] 【已点击过的坐标】：[(-10, -10), (np.int64(1174), np.int64(461)), (np.int64(1581), np.int64(461))]
2025-10-23 02:20:16 [TRACE] 【成功点击】
2025-10-23 02:20:16 [TRACE] 【目标检测】目标存在，但置信度不足
2025-10-23 02:20:16 [TRACE] 【本轮的坐标】：(np.int64(1989), np.int64(461)) ------------
2025-10-23 02:20:16 [TRACE] 【已点击过的坐标】：[(-10, -10), (np.int64(1174), np.int64(461)), (np.int64(1581), np.int64(461)), (np.int64(1988), np.int64(461))]
2025-10-23 02:20:16 [TRACE] 【坐标太近】视为重复
2025-10-23 02:20:16 [TRACE] 【没有通过的坐标】开始下一轮
2025-10-23 02:20:16 [TRACE] 【本轮的坐标】：(np.int64(1173), np.int64(462)) ------------
2025-10-23 02:20:16 [TRACE] 【已点击过的坐标】：[(-10, -10), (np.int64(1174), np.int64(461)), (np.int64(1581), np.int64(461)), (np.int64(1988), np.int64(461))]
2025-10-23 02:20:16 [TRACE] 【坐标太近】视为重复
2025-10-23 02:20:16 [TRACE] 【没有通过的坐标】开始下一轮
2025-10-23 02:20:16 [TRACE] 【本轮的坐标】：(np.int64(1174), np.int64(462)) ------------
2025-10-23 02:20:16 [TRACE] 【已点击过的坐标】：[(-10, -10), (np.int64(1174), np.int64(461)), (np.int64(1581), np.int64(461)), (np.int64(1988), np.int64(461))]
2025-10-23 02:20:16 [TRACE] 【坐标太近】视为重复
2025-10-23 02:20:16 [TRACE] 【没有通过的坐标】开始下一轮
2025-10-23 02:20:16 [TRACE] 【本轮的坐标】：(np.int64(1175), np.int64(462)) ------------
2025-10-23 02:20:16 [TRACE] 【已点击过的坐标】：[(-10, -10), (np.int64(1174), np.int64(461)), (np.int64(1581), np.int64(461)), (np.int64(1988), np.int64(461))]
2025-10-23 02:20:16 [TRACE] 【坐标太近】视为重复
2025-10-23 02:20:16 [TRACE] 【没有通过的坐标】开始下一轮
2025-10-23 02:20:16 [TRACE] 【本轮的坐标】：(np.int64(1580), np.int64(462)) ------------
2025-10-23 02:20:16 [TRACE] 【已点击过的坐标】：[(-10, -10), (np.int64(1174), np.int64(461)), (np.int64(1581), np.int64(461)), (np.int64(1988), np.int64(461))]
2025-10-23 02:20:16 [TRACE] 【坐标太近】视为重复
2025-10-23 02:20:16 [TRACE] 【没有通过的坐标】开始下一轮
2025-10-23 02:20:16 [TRACE] 【本轮的坐标】：(np.int64(1581), np.int64(462)) ------------
2025-10-23 02:20:16 [TRACE] 【已点击过的坐标】：[(-10, -10), (np.int64(1174), np.int64(461)), (np.int64(1581), np.int64(461)), (np.int64(1988), np.int64(461))]
2025-10-23 02:20:16 [TRACE] 【坐标太近】视为重复
2025-10-23 02:20:16 [TRACE] 【没有通过的坐标】开始下一轮
2025-10-23 02:20:16 [TRACE] 【本轮的坐标】：(np.int64(1582), np.int64(462)) ------------
2025-10-23 02:20:16 [TRACE] 【已点击过的坐标】：[(-10, -10), (np.int64(1174), np.int64(461)), (np.int64(1581), np.int64(461)), (np.int64(1988), np.int64(461))]
2025-10-23 02:20:16 [TRACE] 【坐标太近】视为重复
2025-10-23 02:20:16 [TRACE] 【没有通过的坐标】开始下一轮
2025-10-23 02:20:16 [TRACE] 【本轮的坐标】：(np.int64(1987), np.int64(462)) ------------
2025-10-23 02:20:16 [TRACE] 【已点击过的坐标】：[(-10, -10), (np.int64(1174), np.int64(461)), (np.int64(1581), np.int64(461)), (np.int64(1988), np.int64(461))]
2025-10-23 02:20:16 [TRACE] 【坐标太近】视为重复
2025-10-23 02:20:16 [TRACE] 【没有通过的坐标】开始下一轮
2025-10-23 02:20:16 [TRACE] 【本轮的坐标】：(np.int64(1988), np.int64(462)) ------------
2025-10-23 02:20:16 [TRACE] 【已点击过的坐标】：[(-10, -10), (np.int64(1174), np.int64(461)), (np.int64(1581), np.int64(461)), (np.int64(1988), np.int64(461))]
2025-10-23 02:20:16 [TRACE] 【坐标太近】视为重复
2025-10-23 02:20:16 [TRACE] 【没有通过的坐标】开始下一轮
2025-10-23 02:20:16 [TRACE] 【本轮的坐标】：(np.int64(1989), np.int64(462)) ------------
2025-10-23 02:20:16 [TRACE] 【已点击过的坐标】：[(-10, -10), (np.int64(1174), np.int64(461)), (np.int64(1581), np.int64(461)), (np.int64(1988), np.int64(461))]
2025-10-23 02:20:16 [TRACE] 【坐标太近】视为重复
2025-10-23 02:20:16 [TRACE] 【没有通过的坐标】开始下一轮
2025-10-23 02:20:16 [TRACE] 【本轮的坐标】：(np.int64(1990), np.int64(462)) ------------
2025-10-23 02:20:16 [TRACE] 【已点击过的坐标】：[(-10, -10), (np.int64(1174), np.int64(461)), (np.int64(1581), np.int64(461)), (np.int64(1988), np.int64(461))]
2025-10-23 02:20:16 [TRACE] 【坐标太近】视为重复
2025-10-23 02:20:16 [TRACE] 【没有通过的坐标】开始下一轮
2025-10-23 02:20:16 [TRACE] 【本轮的坐标】：(np.int64(1174), np.int64(463)) ------------
2025-10-23 02:20:16 [TRACE] 【已点击过的坐标】：[(-10, -10), (np.int64(1174), np.int64(461)), (np.int64(1581), np.int64(461)), (np.int64(1988), np.int64(461))]
2025-10-23 02:20:16 [TRACE] 【坐标太近】视为重复
2025-10-23 02:20:16 [TRACE] 【没有通过的坐标】开始下一轮
2025-10-23 02:20:16 [TRACE] 【本轮的坐标】：(np.int64(1581), np.int64(463)) ------------
2025-10-23 02:20:16 [TRACE] 【已点击过的坐标】：[(-10, -10), (np.int64(1174), np.int64(461)), (np.int64(1581), np.int64(461)), (np.int64(1988), np.int64(461))]
2025-10-23 02:20:16 [TRACE] 【坐标太近】视为重复
2025-10-23 02:20:16 [TRACE] 【没有通过的坐标】开始下一轮
2025-10-23 02:20:16 [TRACE] 【本轮的坐标】：(np.int64(1988), np.int64(463)) ------------
2025-10-23 02:20:16 [TRACE] 【已点击过的坐标】：[(-10, -10), (np.int64(1174), np.int64(461)), (np.int64(1581), np.int64(461)), (np.int64(1988), np.int64(461))]
2025-10-23 02:20:16 [TRACE] 【坐标太近】视为重复
2025-10-23 02:20:16 [TRACE] 【没有通过的坐标】开始下一轮
2025-10-23 02:20:16 [TRACE] 【完成所有点击】有效次数：3
2025-10-23 02:20:17 [TRACE] 【目标检测】屏幕内没有目标
2025-10-23 02:20:18 [TRACE] 【目标检测】屏幕内没有目标
2025-10-23 02:20:19 [TRACE] 【目标检测】屏幕内没有目标
2025-10-23 02:20:20 [TRACE] 【目标检测】屏幕内没有目标
2025-10-23 02:20:21 [TRACE] 【目标检测】屏幕内没有目标
2025-10-23 02:20:23 [TRACE] 【目标检测】屏幕内没有目标
2025-10-23 02:20:24 [TRACE] 【状态】搜索模式：C:\Users\gelon\Desktop\ZA-Lite\assets/images/hollow\next_area.png 置信度：0.9999995231628418
2025-10-23 02:20:24 [TRACE] 【目标检测】屏幕内没有目标
2025-10-23 02:20:25 [TRACE] 【目标检测】屏幕内没有目标
2025-10-23 02:20:27 [TRACE] 【目标检测】屏幕内没有目标
2025-10-23 02:20:29 [TRACE] 【目标检测】屏幕内没有目标
2025-10-23 02:20:31 [TRACE] 【目标检测】屏幕内没有目标
2025-10-23 02:20:36 [TRACE] 【空洞监听】无匹配已持续：0秒
2025-10-23 02:20:37 [TRACE] 【目标检测】TRAPPED！ 类型：blue_portal 置信度：0.9668282270431519
2025-10-23 02:20:42 [TRACE] 【空洞监听】无匹配已持续：6秒
2025-10-23 02:20:44 [TRACE] 【目标检测】屏幕内没有目标
2025-10-23 02:20:45 [TRACE] 【目标检测】屏幕内没有目标
2025-10-23 02:20:46 [TRACE] 【目标检测】屏幕内没有目标
2025-10-23 02:20:48 [TRACE] 【目标检测】屏幕内没有目标
2025-10-23 02:20:51 [TRACE] 【目标检测】屏幕内没有目标
2025-10-23 02:20:52 [TRACE] 【状态】战斗模式：C:\Users\gelon\Desktop\ZA-Lite\assets/images/hollow\battle_4.png 置信度：1.0
2025-10-23 02:21:02 [TRACE] 【空洞监听】无匹配已持续：0秒
2025-10-23 02:21:08 [TRACE] 【空洞监听】无匹配已持续：6秒
2025-10-23 02:21:15 [TRACE] 【空洞监听】无匹配已持续：12秒
2025-10-23 02:21:21 [TRACE] 【空洞监听】无匹配已持续：18秒
2025-10-23 02:21:25 [TRACE] 【状态】搜索模式：C:\Users\gelon\Desktop\ZA-Lite\assets/images/hollow\meter.png 置信度：0.9537355899810791
2025-10-23 02:21:28 [TRACE] 【目标检测】TRAPPED！ 类型：blue_portal 置信度：0.8632306456565857
2025-10-23 02:21:34 [TRACE] 【空洞监听】无匹配已持续：0秒
2025-10-23 02:21:35 [TRACE] 【目标检测】屏幕内没有目标
2025-10-23 02:21:36 [TRACE] 【目标检测】屏幕内没有目标
2025-10-23 02:21:38 [TRACE] 【目标检测】屏幕内没有目标
2025-10-23 02:21:39 [TRACE] 【目标检测】屏幕内没有目标
2025-10-23 02:21:40 [TRACE] 【目标检测】屏幕内没有目标
2025-10-23 02:21:40 [TRACE] 【空洞监听】无匹配已持续：6秒
2025-10-23 02:21:42 [TRACE] 【目标检测】屏幕内没有目标
2025-10-23 02:21:43 [TRACE] 【目标检测】屏幕内没有目标
2025-10-23 02:21:44 [TRACE] 【目标检测】屏幕内没有目标
2025-10-23 02:21:47 [TRACE] 【空洞监听】无匹配已持续：12秒
2025-10-23 02:21:50 [TRACE] 【目标检测】TRAPPED！ 类型：interact 置信度：0.898459792137146
2025-10-23 02:21:53 [TRACE] 【空洞监听】无匹配已持续：18秒
2025-10-23 02:21:53 [TRACE] 【状态】搜索模式：C:\Users\gelon\Desktop\ZA-Lite\assets/images/hollow\resonium.png 置信度：0.9999998807907104
2025-10-23 02:21:53 [TRACE] 【目标出现】C:\Users\gelon\Desktop\ZA-Lite\assets/images/hollow\resonium.png 置信度：0.9999998807907104
2025-10-23 02:21:53 [TRACE] 【本轮的坐标】：(np.int64(1309), np.int64(441)) ------------
2025-10-23 02:21:53 [TRACE] 【已点击过的坐标】：[(-10, -10)]
2025-10-23 02:21:53 [TRACE] 【成功点击】
2025-10-23 02:21:54 [TRACE] 【本轮的坐标】：(np.int64(1310), np.int64(441)) ------------
2025-10-23 02:21:54 [TRACE] 【已点击过的坐标】：[(-10, -10), (np.int64(1309), np.int64(441))]
2025-10-23 02:21:54 [TRACE] 【坐标太近】视为重复
2025-10-23 02:21:54 [TRACE] 【没有通过的坐标】开始下一轮
2025-10-23 02:21:54 [TRACE] 【本轮的坐标】：(np.int64(1699), np.int64(441)) ------------
2025-10-23 02:21:54 [TRACE] 【已点击过的坐标】：[(-10, -10), (np.int64(1309), np.int64(441))]
2025-10-23 02:21:54 [TRACE] 【成功点击】
2025-10-23 02:21:55 [TRACE] 【本轮的坐标】：(np.int64(2088), np.int64(441)) ------------
2025-10-23 02:21:55 [TRACE] 【已点击过的坐标】：[(-10, -10), (np.int64(1309), np.int64(441)), (np.int64(1699), np.int64(441))]
2025-10-23 02:21:55 [TRACE] 【成功点击】
2025-10-23 02:21:55 [TRACE] 【本轮的坐标】：(np.int64(2089), np.int64(441)) ------------
2025-10-23 02:21:55 [TRACE] 【已点击过的坐标】：[(-10, -10), (np.int64(1309), np.int64(441)), (np.int64(1699), np.int64(441)), (np.int64(2088), np.int64(441))]
2025-10-23 02:21:55 [TRACE] 【坐标太近】视为重复
2025-10-23 02:21:55 [TRACE] 【没有通过的坐标】开始下一轮
2025-10-23 02:21:55 [TRACE] 【本轮的坐标】：(np.int64(2478), np.int64(441)) ------------
2025-10-23 02:21:55 [TRACE] 【已点击过的坐标】：[(-10, -10), (np.int64(1309), np.int64(441)), (np.int64(1699), np.int64(441)), (np.int64(2088), np.int64(441))]
2025-10-23 02:21:55 [TRACE] 【成功点击】
2025-10-23 02:21:56 [TRACE] 【本轮的坐标】：(np.int64(1308), np.int64(442)) ------------
2025-10-23 02:21:56 [TRACE] 【已点击过的坐标】：[(-10, -10), (np.int64(1309), np.int64(441)), (np.int64(1699), np.int64(441)), (np.int64(2088), np.int64(441)), (np.int64(2478), np.int64(441))]
2025-10-23 02:21:56 [TRACE] 【坐标太近】视为重复
2025-10-23 02:21:56 [TRACE] 【没有通过的坐标】开始下一轮
2025-10-23 02:21:56 [TRACE] 【本轮的坐标】：(np.int64(1309), np.int64(442)) ------------
2025-10-23 02:21:56 [TRACE] 【已点击过的坐标】：[(-10, -10), (np.int64(1309), np.int64(441)), (np.int64(1699), np.int64(441)), (np.int64(2088), np.int64(441)), (np.int64(2478), np.int64(441))]
2025-10-23 02:21:56 [TRACE] 【坐标太近】视为重复
2025-10-23 02:21:56 [TRACE] 【没有通过的坐标】开始下一轮
2025-10-23 02:21:56 [TRACE] 【本轮的坐标】：(np.int64(1310), np.int64(442)) ------------
2025-10-23 02:21:56 [TRACE] 【已点击过的坐标】：[(-10, -10), (np.int64(1309), np.int64(441)), (np.int64(1699), np.int64(441)), (np.int64(2088), np.int64(441)), (np.int64(2478), np.int64(441))]
2025-10-23 02:21:56 [TRACE] 【坐标太近】视为重复
2025-10-23 02:21:56 [TRACE] 【没有通过的坐标】开始下一轮
2025-10-23 02:21:56 [TRACE] 【本轮的坐标】：(np.int64(1698), np.int64(442)) ------------
2025-10-23 02:21:56 [TRACE] 【已点击过的坐标】：[(-10, -10), (np.int64(1309), np.int64(441)), (np.int64(1699), np.int64(441)), (np.int64(2088), np.int64(441)), (np.int64(2478), np.int64(441))]
2025-10-23 02:21:56 [TRACE] 【坐标太近】视为重复
2025-10-23 02:21:56 [TRACE] 【没有通过的坐标】开始下一轮
2025-10-23 02:21:56 [TRACE] 【本轮的坐标】：(np.int64(1699), np.int64(442)) ------------
2025-10-23 02:21:56 [TRACE] 【已点击过的坐标】：[(-10, -10), (np.int64(1309), np.int64(441)), (np.int64(1699), np.int64(441)), (np.int64(2088), np.int64(441)), (np.int64(2478), np.int64(441))]
2025-10-23 02:21:56 [TRACE] 【坐标太近】视为重复
2025-10-23 02:21:56 [TRACE] 【没有通过的坐标】开始下一轮
2025-10-23 02:21:56 [TRACE] 【本轮的坐标】：(np.int64(1700), np.int64(442)) ------------
2025-10-23 02:21:56 [TRACE] 【已点击过的坐标】：[(-10, -10), (np.int64(1309), np.int64(441)), (np.int64(1699), np.int64(441)), (np.int64(2088), np.int64(441)), (np.int64(2478), np.int64(441))]
2025-10-23 02:21:56 [TRACE] 【坐标太近】视为重复
2025-10-23 02:21:56 [TRACE] 【没有通过的坐标】开始下一轮
2025-10-23 02:21:56 [TRACE] 【本轮的坐标】：(np.int64(2087), np.int64(442)) ------------
2025-10-23 02:21:56 [TRACE] 【已点击过的坐标】：[(-10, -10), (np.int64(1309), np.int64(441)), (np.int64(1699), np.int64(441)), (np.int64(2088), np.int64(441)), (np.int64(2478), np.int64(441))]
2025-10-23 02:21:56 [TRACE] 【坐标太近】视为重复
2025-10-23 02:21:56 [TRACE] 【没有通过的坐标】开始下一轮
2025-10-23 02:21:56 [TRACE] 【本轮的坐标】：(np.int64(2088), np.int64(442)) ------------
2025-10-23 02:21:56 [TRACE] 【已点击过的坐标】：[(-10, -10), (np.int64(1309), np.int64(441)), (np.int64(1699), np.int64(441)), (np.int64(2088), np.int64(441)), (np.int64(2478), np.int64(441))]
2025-10-23 02:21:56 [TRACE] 【坐标太近】视为重复
2025-10-23 02:21:56 [TRACE] 【没有通过的坐标】开始下一轮
2025-10-23 02:21:56 [TRACE] 【本轮的坐标】：(np.int64(2089), np.int64(442)) ------------
2025-10-23 02:21:56 [TRACE] 【已点击过的坐标】：[(-10, -10), (np.int64(1309), np.int64(441)), (np.int64(1699), np.int64(441)), (np.int64(2088), np.int64(441)), (np.int64(2478), np.int64(441))]
2025-10-23 02:21:56 [TRACE] 【坐标太近】视为重复
2025-10-23 02:21:56 [TRACE] 【没有通过的坐标】开始下一轮
2025-10-23 02:21:56 [TRACE] 【本轮的坐标】：(np.int64(2090), np.int64(442)) ------------
2025-10-23 02:21:56 [TRACE] 【已点击过的坐标】：[(-10, -10), (np.int64(1309), np.int64(441)), (np.int64(1699), np.int64(441)), (np.int64(2088), np.int64(441)), (np.int64(2478), np.int64(441))]
2025-10-23 02:21:56 [TRACE] 【坐标太近】视为重复
2025-10-23 02:21:56 [TRACE] 【没有通过的坐标】开始下一轮
2025-10-23 02:21:56 [TRACE] 【本轮的坐标】：(np.int64(2477), np.int64(442)) ------------
2025-10-23 02:21:56 [TRACE] 【已点击过的坐标】：[(-10, -10), (np.int64(1309), np.int64(441)), (np.int64(1699), np.int64(441)), (np.int64(2088), np.int64(441)), (np.int64(2478), np.int64(441))]
2025-10-23 02:21:56 [TRACE] 【坐标太近】视为重复
2025-10-23 02:21:56 [TRACE] 【没有通过的坐标】开始下一轮
2025-10-23 02:21:56 [TRACE] 【本轮的坐标】：(np.int64(2478), np.int64(442)) ------------
2025-10-23 02:21:56 [TRACE] 【已点击过的坐标】：[(-10, -10), (np.int64(1309), np.int64(441)), (np.int64(1699), np.int64(441)), (np.int64(2088), np.int64(441)), (np.int64(2478), np.int64(441))]
2025-10-23 02:21:56 [TRACE] 【坐标太近】视为重复
2025-10-23 02:21:56 [TRACE] 【没有通过的坐标】开始下一轮
2025-10-23 02:21:56 [TRACE] 【本轮的坐标】：(np.int64(2479), np.int64(442)) ------------
2025-10-23 02:21:56 [TRACE] 【已点击过的坐标】：[(-10, -10), (np.int64(1309), np.int64(441)), (np.int64(1699), np.int64(441)), (np.int64(2088), np.int64(441)), (np.int64(2478), np.int64(441))]
2025-10-23 02:21:56 [TRACE] 【坐标太近】视为重复
2025-10-23 02:21:56 [TRACE] 【没有通过的坐标】开始下一轮
2025-10-23 02:21:56 [TRACE] 【本轮的坐标】：(np.int64(1309), np.int64(443)) ------------
2025-10-23 02:21:56 [TRACE] 【已点击过的坐标】：[(-10, -10), (np.int64(1309), np.int64(441)), (np.int64(1699), np.int64(441)), (np.int64(2088), np.int64(441)), (np.int64(2478), np.int64(441))]
2025-10-23 02:21:56 [TRACE] 【坐标太近】视为重复
2025-10-23 02:21:56 [TRACE] 【没有通过的坐标】开始下一轮
2025-10-23 02:21:56 [TRACE] 【本轮的坐标】：(np.int64(1698), np.int64(443)) ------------
2025-10-23 02:21:56 [TRACE] 【已点击过的坐标】：[(-10, -10), (np.int64(1309), np.int64(441)), (np.int64(1699), np.int64(441)), (np.int64(2088), np.int64(441)), (np.int64(2478), np.int64(441))]
2025-10-23 02:21:56 [TRACE] 【坐标太近】视为重复
2025-10-23 02:21:56 [TRACE] 【没有通过的坐标】开始下一轮
2025-10-23 02:21:56 [TRACE] 【本轮的坐标】：(np.int64(1699), np.int64(443)) ------------
2025-10-23 02:21:56 [TRACE] 【已点击过的坐标】：[(-10, -10), (np.int64(1309), np.int64(441)), (np.int64(1699), np.int64(441)), (np.int64(2088), np.int64(441)), (np.int64(2478), np.int64(441))]
2025-10-23 02:21:56 [TRACE] 【坐标太近】视为重复
2025-10-23 02:21:56 [TRACE] 【没有通过的坐标】开始下一轮
2025-10-23 02:21:56 [TRACE] 【本轮的坐标】：(np.int64(2088), np.int64(443)) ------------
2025-10-23 02:21:56 [TRACE] 【已点击过的坐标】：[(-10, -10), (np.int64(1309), np.int64(441)), (np.int64(1699), np.int64(441)), (np.int64(2088), np.int64(441)), (np.int64(2478), np.int64(441))]
2025-10-23 02:21:56 [TRACE] 【坐标太近】视为重复
2025-10-23 02:21:56 [TRACE] 【没有通过的坐标】开始下一轮
2025-10-23 02:21:56 [TRACE] 【本轮的坐标】：(np.int64(2478), np.int64(443)) ------------
2025-10-23 02:21:56 [TRACE] 【已点击过的坐标】：[(-10, -10), (np.int64(1309), np.int64(441)), (np.int64(1699), np.int64(441)), (np.int64(2088), np.int64(441)), (np.int64(2478), np.int64(441))]
2025-10-23 02:21:56 [TRACE] 【坐标太近】视为重复
2025-10-23 02:21:56 [TRACE] 【没有通过的坐标】开始下一轮
2025-10-23 02:21:56 [TRACE] 【完成所有点击】有效次数：4
2025-10-23 02:21:57 [TRACE] 【目标检测】屏幕内没有目标
2025-10-23 02:21:58 [TRACE] 【目标检测】屏幕内没有目标
2025-10-23 02:21:59 [TRACE] 【目标检测】目标存在，但置信度不足
2025-10-23 02:22:00 [TRACE] 【目标检测】目标存在，但置信度不足
2025-10-23 02:22:01 [TRACE] 【目标检测】屏幕内没有目标
2025-10-23 02:22:02 [TRACE] 【目标检测】屏幕内没有目标
2025-10-23 02:22:03 [TRACE] 【状态】搜索模式：C:\Users\gelon\Desktop\ZA-Lite\assets/images/hollow\resonium.png 置信度：1.0
2025-10-23 02:22:03 [TRACE] 【目标出现】C:\Users\gelon\Desktop\ZA-Lite\assets/images/hollow\resonium.png 置信度：1.0
2025-10-23 02:22:03 [TRACE] 【本轮的坐标】：(np.int64(1309), np.int64(441)) ------------
2025-10-23 02:22:03 [TRACE] 【已点击过的坐标】：[(-10, -10)]
2025-10-23 02:22:03 [TRACE] 【成功点击】
2025-10-23 02:22:03 [TRACE] 【目标检测】屏幕内没有目标
2025-10-23 02:22:04 [TRACE] 【本轮的坐标】：(np.int64(1310), np.int64(441)) ------------
2025-10-23 02:22:04 [TRACE] 【已点击过的坐标】：[(-10, -10), (np.int64(1309), np.int64(441))]
2025-10-23 02:22:04 [TRACE] 【坐标太近】视为重复
2025-10-23 02:22:04 [TRACE] 【没有通过的坐标】开始下一轮
2025-10-23 02:22:04 [TRACE] 【本轮的坐标】：(np.int64(1699), np.int64(441)) ------------
2025-10-23 02:22:04 [TRACE] 【已点击过的坐标】：[(-10, -10), (np.int64(1309), np.int64(441))]
2025-10-23 02:22:04 [TRACE] 【成功点击】
2025-10-23 02:22:05 [TRACE] 【本轮的坐标】：(np.int64(2088), np.int64(441)) ------------
2025-10-23 02:22:05 [TRACE] 【已点击过的坐标】：[(-10, -10), (np.int64(1309), np.int64(441)), (np.int64(1699), np.int64(441))]
2025-10-23 02:22:05 [TRACE] 【成功点击】
2025-10-23 02:22:05 [TRACE] 【目标检测】屏幕内没有目标
2025-10-23 02:22:05 [TRACE] 【本轮的坐标】：(np.int64(2089), np.int64(441)) ------------
2025-10-23 02:22:05 [TRACE] 【已点击过的坐标】：[(-10, -10), (np.int64(1309), np.int64(441)), (np.int64(1699), np.int64(441)), (np.int64(2088), np.int64(441))]
2025-10-23 02:22:05 [TRACE] 【坐标太近】视为重复
2025-10-23 02:22:05 [TRACE] 【没有通过的坐标】开始下一轮
2025-10-23 02:22:05 [TRACE] 【本轮的坐标】：(np.int64(2478), np.int64(441)) ------------
2025-10-23 02:22:05 [TRACE] 【已点击过的坐标】：[(-10, -10), (np.int64(1309), np.int64(441)), (np.int64(1699), np.int64(441)), (np.int64(2088), np.int64(441))]
2025-10-23 02:22:05 [TRACE] 【成功点击】
2025-10-23 02:22:06 [TRACE] 【本轮的坐标】：(np.int64(1308), np.int64(442)) ------------
2025-10-23 02:22:06 [TRACE] 【已点击过的坐标】：[(-10, -10), (np.int64(1309), np.int64(441)), (np.int64(1699), np.int64(441)), (np.int64(2088), np.int64(441)), (np.int64(2478), np.int64(441))]
2025-10-23 02:22:06 [TRACE] 【坐标太近】视为重复
2025-10-23 02:22:06 [TRACE] 【没有通过的坐标】开始下一轮
2025-10-23 02:22:06 [TRACE] 【本轮的坐标】：(np.int64(1309), np.int64(442)) ------------
2025-10-23 02:22:06 [TRACE] 【已点击过的坐标】：[(-10, -10), (np.int64(1309), np.int64(441)), (np.int64(1699), np.int64(441)), (np.int64(2088), np.int64(441)), (np.int64(2478), np.int64(441))]
2025-10-23 02:22:06 [TRACE] 【坐标太近】视为重复
2025-10-23 02:22:06 [TRACE] 【没有通过的坐标】开始下一轮
2025-10-23 02:22:06 [TRACE] 【本轮的坐标】：(np.int64(1310), np.int64(442)) ------------
2025-10-23 02:22:06 [TRACE] 【已点击过的坐标】：[(-10, -10), (np.int64(1309), np.int64(441)), (np.int64(1699), np.int64(441)), (np.int64(2088), np.int64(441)), (np.int64(2478), np.int64(441))]
2025-10-23 02:22:06 [TRACE] 【坐标太近】视为重复
2025-10-23 02:22:06 [TRACE] 【没有通过的坐标】开始下一轮
2025-10-23 02:22:06 [TRACE] 【本轮的坐标】：(np.int64(1698), np.int64(442)) ------------
2025-10-23 02:22:06 [TRACE] 【已点击过的坐标】：[(-10, -10), (np.int64(1309), np.int64(441)), (np.int64(1699), np.int64(441)), (np.int64(2088), np.int64(441)), (np.int64(2478), np.int64(441))]
2025-10-23 02:22:06 [TRACE] 【坐标太近】视为重复
2025-10-23 02:22:06 [TRACE] 【没有通过的坐标】开始下一轮
2025-10-23 02:22:06 [TRACE] 【本轮的坐标】：(np.int64(1699), np.int64(442)) ------------
2025-10-23 02:22:06 [TRACE] 【已点击过的坐标】：[(-10, -10), (np.int64(1309), np.int64(441)), (np.int64(1699), np.int64(441)), (np.int64(2088), np.int64(441)), (np.int64(2478), np.int64(441))]
2025-10-23 02:22:06 [TRACE] 【坐标太近】视为重复
2025-10-23 02:22:06 [TRACE] 【没有通过的坐标】开始下一轮
2025-10-23 02:22:06 [TRACE] 【本轮的坐标】：(np.int64(1700), np.int64(442)) ------------
2025-10-23 02:22:06 [TRACE] 【已点击过的坐标】：[(-10, -10), (np.int64(1309), np.int64(441)), (np.int64(1699), np.int64(441)), (np.int64(2088), np.int64(441)), (np.int64(2478), np.int64(441))]
2025-10-23 02:22:06 [TRACE] 【坐标太近】视为重复
2025-10-23 02:22:06 [TRACE] 【没有通过的坐标】开始下一轮
2025-10-23 02:22:06 [TRACE] 【本轮的坐标】：(np.int64(2087), np.int64(442)) ------------
2025-10-23 02:22:06 [TRACE] 【已点击过的坐标】：[(-10, -10), (np.int64(1309), np.int64(441)), (np.int64(1699), np.int64(441)), (np.int64(2088), np.int64(441)), (np.int64(2478), np.int64(441))]
2025-10-23 02:22:06 [TRACE] 【坐标太近】视为重复
2025-10-23 02:22:06 [TRACE] 【没有通过的坐标】开始下一轮
2025-10-23 02:22:06 [TRACE] 【本轮的坐标】：(np.int64(2088), np.int64(442)) ------------
2025-10-23 02:22:06 [TRACE] 【已点击过的坐标】：[(-10, -10), (np.int64(1309), np.int64(441)), (np.int64(1699), np.int64(441)), (np.int64(2088), np.int64(441)), (np.int64(2478), np.int64(441))]
2025-10-23 02:22:06 [TRACE] 【坐标太近】视为重复
2025-10-23 02:22:06 [TRACE] 【没有通过的坐标】开始下一轮
2025-10-23 02:22:06 [TRACE] 【本轮的坐标】：(np.int64(2089), np.int64(442)) ------------
2025-10-23 02:22:06 [TRACE] 【已点击过的坐标】：[(-10, -10), (np.int64(1309), np.int64(441)), (np.int64(1699), np.int64(441)), (np.int64(2088), np.int64(441)), (np.int64(2478), np.int64(441))]
2025-10-23 02:22:06 [TRACE] 【坐标太近】视为重复
2025-10-23 02:22:06 [TRACE] 【没有通过的坐标】开始下一轮
2025-10-23 02:22:06 [TRACE] 【本轮的坐标】：(np.int64(2090), np.int64(442)) ------------
2025-10-23 02:22:06 [TRACE] 【已点击过的坐标】：[(-10, -10), (np.int64(1309), np.int64(441)), (np.int64(1699), np.int64(441)), (np.int64(2088), np.int64(441)), (np.int64(2478), np.int64(441))]
2025-10-23 02:22:06 [TRACE] 【坐标太近】视为重复
2025-10-23 02:22:06 [TRACE] 【没有通过的坐标】开始下一轮
2025-10-23 02:22:06 [TRACE] 【本轮的坐标】：(np.int64(2477), np.int64(442)) ------------
2025-10-23 02:22:06 [TRACE] 【已点击过的坐标】：[(-10, -10), (np.int64(1309), np.int64(441)), (np.int64(1699), np.int64(441)), (np.int64(2088), np.int64(441)), (np.int64(2478), np.int64(441))]
2025-10-23 02:22:06 [TRACE] 【坐标太近】视为重复
2025-10-23 02:22:06 [TRACE] 【没有通过的坐标】开始下一轮
2025-10-23 02:22:06 [TRACE] 【本轮的坐标】：(np.int64(2478), np.int64(442)) ------------
2025-10-23 02:22:06 [TRACE] 【已点击过的坐标】：[(-10, -10), (np.int64(1309), np.int64(441)), (np.int64(1699), np.int64(441)), (np.int64(2088), np.int64(441)), (np.int64(2478), np.int64(441))]
2025-10-23 02:22:06 [TRACE] 【坐标太近】视为重复
2025-10-23 02:22:06 [TRACE] 【没有通过的坐标】开始下一轮
2025-10-23 02:22:06 [TRACE] 【本轮的坐标】：(np.int64(2479), np.int64(442)) ------------
2025-10-23 02:22:06 [TRACE] 【已点击过的坐标】：[(-10, -10), (np.int64(1309), np.int64(441)), (np.int64(1699), np.int64(441)), (np.int64(2088), np.int64(441)), (np.int64(2478), np.int64(441))]
2025-10-23 02:22:06 [TRACE] 【坐标太近】视为重复
2025-10-23 02:22:06 [TRACE] 【没有通过的坐标】开始下一轮
2025-10-23 02:22:06 [TRACE] 【本轮的坐标】：(np.int64(1309), np.int64(443)) ------------
2025-10-23 02:22:06 [TRACE] 【已点击过的坐标】：[(-10, -10), (np.int64(1309), np.int64(441)), (np.int64(1699), np.int64(441)), (np.int64(2088), np.int64(441)), (np.int64(2478), np.int64(441))]
2025-10-23 02:22:06 [TRACE] 【坐标太近】视为重复
2025-10-23 02:22:06 [TRACE] 【没有通过的坐标】开始下一轮
2025-10-23 02:22:06 [TRACE] 【本轮的坐标】：(np.int64(1698), np.int64(443)) ------------
2025-10-23 02:22:06 [TRACE] 【已点击过的坐标】：[(-10, -10), (np.int64(1309), np.int64(441)), (np.int64(1699), np.int64(441)), (np.int64(2088), np.int64(441)), (np.int64(2478), np.int64(441))]
2025-10-23 02:22:06 [TRACE] 【坐标太近】视为重复
2025-10-23 02:22:06 [TRACE] 【没有通过的坐标】开始下一轮
2025-10-23 02:22:06 [TRACE] 【本轮的坐标】：(np.int64(1699), np.int64(443)) ------------
2025-10-23 02:22:06 [TRACE] 【已点击过的坐标】：[(-10, -10), (np.int64(1309), np.int64(441)), (np.int64(1699), np.int64(441)), (np.int64(2088), np.int64(441)), (np.int64(2478), np.int64(441))]
2025-10-23 02:22:06 [TRACE] 【坐标太近】视为重复
2025-10-23 02:22:06 [TRACE] 【没有通过的坐标】开始下一轮
2025-10-23 02:22:06 [TRACE] 【本轮的坐标】：(np.int64(2088), np.int64(443)) ------------
2025-10-23 02:22:06 [TRACE] 【已点击过的坐标】：[(-10, -10), (np.int64(1309), np.int64(441)), (np.int64(1699), np.int64(441)), (np.int64(2088), np.int64(441)), (np.int64(2478), np.int64(441))]
2025-10-23 02:22:06 [TRACE] 【坐标太近】视为重复
2025-10-23 02:22:06 [TRACE] 【没有通过的坐标】开始下一轮
2025-10-23 02:22:06 [TRACE] 【本轮的坐标】：(np.int64(2478), np.int64(443)) ------------
2025-10-23 02:22:06 [TRACE] 【已点击过的坐标】：[(-10, -10), (np.int64(1309), np.int64(441)), (np.int64(1699), np.int64(441)), (np.int64(2088), np.int64(441)), (np.int64(2478), np.int64(441))]
2025-10-23 02:22:06 [TRACE] 【坐标太近】视为重复
2025-10-23 02:22:06 [TRACE] 【没有通过的坐标】开始下一轮
2025-10-23 02:22:06 [TRACE] 【完成所有点击】有效次数：4
2025-10-23 02:22:06 [TRACE] 【目标检测】目标存在，但置信度不足
2025-10-23 02:22:07 [TRACE] 【目标检测】屏幕内没有目标
2025-10-23 02:22:08 [TRACE] 【目标检测】屏幕内没有目标
2025-10-23 02:22:10 [TRACE] 【目标检测】目标存在，但置信度不足
2025-10-23 02:22:10 [TRACE] 【目标检测】目标存在，但置信度不足
2025-10-23 02:22:12 [TRACE] 【目标检测】屏幕内没有目标
2025-10-23 02:22:13 [TRACE] 【目标检测】屏幕内没有目标
2025-10-23 02:22:13 [TRACE] 【状态】搜索模式：C:\Users\gelon\Desktop\ZA-Lite\assets/images/hollow\resonium.png 置信度：1.0
2025-10-23 02:22:13 [TRACE] 【目标出现】C:\Users\gelon\Desktop\ZA-Lite\assets/images/hollow\resonium.png 置信度：0.9999998807907104
2025-10-23 02:22:13 [TRACE] 【本轮的坐标】：(np.int64(1309), np.int64(441)) ------------
2025-10-23 02:22:13 [TRACE] 【已点击过的坐标】：[(-10, -10)]
2025-10-23 02:22:13 [TRACE] 【成功点击】
2025-10-23 02:22:14 [TRACE] 【本轮的坐标】：(np.int64(1310), np.int64(441)) ------------
2025-10-23 02:22:14 [TRACE] 【已点击过的坐标】：[(-10, -10), (np.int64(1309), np.int64(441))]
2025-10-23 02:22:14 [TRACE] 【坐标太近】视为重复
2025-10-23 02:22:14 [TRACE] 【没有通过的坐标】开始下一轮
2025-10-23 02:22:14 [TRACE] 【本轮的坐标】：(np.int64(1699), np.int64(441)) ------------
2025-10-23 02:22:14 [TRACE] 【已点击过的坐标】：[(-10, -10), (np.int64(1309), np.int64(441))]
2025-10-23 02:22:14 [TRACE] 【成功点击】
2025-10-23 02:22:14 [TRACE] 【本轮的坐标】：(np.int64(2088), np.int64(441)) ------------
2025-10-23 02:22:14 [TRACE] 【已点击过的坐标】：[(-10, -10), (np.int64(1309), np.int64(441)), (np.int64(1699), np.int64(441))]
2025-10-23 02:22:14 [TRACE] 【成功点击】
2025-10-23 02:22:15 [TRACE] 【目标检测】屏幕内没有目标
2025-10-23 02:22:15 [TRACE] 【本轮的坐标】：(np.int64(2089), np.int64(441)) ------------
2025-10-23 02:22:15 [TRACE] 【已点击过的坐标】：[(-10, -10), (np.int64(1309), np.int64(441)), (np.int64(1699), np.int64(441)), (np.int64(2088), np.int64(441))]
2025-10-23 02:22:15 [TRACE] 【坐标太近】视为重复
2025-10-23 02:22:15 [TRACE] 【没有通过的坐标】开始下一轮
2025-10-23 02:22:15 [TRACE] 【本轮的坐标】：(np.int64(2478), np.int64(441)) ------------
2025-10-23 02:22:15 [TRACE] 【已点击过的坐标】：[(-10, -10), (np.int64(1309), np.int64(441)), (np.int64(1699), np.int64(441)), (np.int64(2088), np.int64(441))]
2025-10-23 02:22:15 [TRACE] 【成功点击】
2025-10-23 02:22:15 [TRACE] 【目标检测】屏幕内没有目标
2025-10-23 02:22:16 [TRACE] 【本轮的坐标】：(np.int64(1308), np.int64(442)) ------------
2025-10-23 02:22:16 [TRACE] 【已点击过的坐标】：[(-10, -10), (np.int64(1309), np.int64(441)), (np.int64(1699), np.int64(441)), (np.int64(2088), np.int64(441)), (np.int64(2478), np.int64(441))]
2025-10-23 02:22:16 [TRACE] 【坐标太近】视为重复
2025-10-23 02:22:16 [TRACE] 【没有通过的坐标】开始下一轮
2025-10-23 02:22:16 [TRACE] 【本轮的坐标】：(np.int64(1309), np.int64(442)) ------------
2025-10-23 02:22:16 [TRACE] 【已点击过的坐标】：[(-10, -10), (np.int64(1309), np.int64(441)), (np.int64(1699), np.int64(441)), (np.int64(2088), np.int64(441)), (np.int64(2478), np.int64(441))]
2025-10-23 02:22:16 [TRACE] 【坐标太近】视为重复
2025-10-23 02:22:16 [TRACE] 【没有通过的坐标】开始下一轮
2025-10-23 02:22:16 [TRACE] 【本轮的坐标】：(np.int64(1310), np.int64(442)) ------------
2025-10-23 02:22:16 [TRACE] 【已点击过的坐标】：[(-10, -10), (np.int64(1309), np.int64(441)), (np.int64(1699), np.int64(441)), (np.int64(2088), np.int64(441)), (np.int64(2478), np.int64(441))]
2025-10-23 02:22:16 [TRACE] 【坐标太近】视为重复
2025-10-23 02:22:16 [TRACE] 【没有通过的坐标】开始下一轮
2025-10-23 02:22:16 [TRACE] 【本轮的坐标】：(np.int64(1698), np.int64(442)) ------------
2025-10-23 02:22:16 [TRACE] 【已点击过的坐标】：[(-10, -10), (np.int64(1309), np.int64(441)), (np.int64(1699), np.int64(441)), (np.int64(2088), np.int64(441)), (np.int64(2478), np.int64(441))]
2025-10-23 02:22:16 [TRACE] 【坐标太近】视为重复
2025-10-23 02:22:16 [TRACE] 【没有通过的坐标】开始下一轮
2025-10-23 02:22:16 [TRACE] 【本轮的坐标】：(np.int64(1699), np.int64(442)) ------------
2025-10-23 02:22:16 [TRACE] 【已点击过的坐标】：[(-10, -10), (np.int64(1309), np.int64(441)), (np.int64(1699), np.int64(441)), (np.int64(2088), np.int64(441)), (np.int64(2478), np.int64(441))]
2025-10-23 02:22:16 [TRACE] 【坐标太近】视为重复
2025-10-23 02:22:16 [TRACE] 【没有通过的坐标】开始下一轮
2025-10-23 02:22:16 [TRACE] 【本轮的坐标】：(np.int64(1700), np.int64(442)) ------------
2025-10-23 02:22:16 [TRACE] 【已点击过的坐标】：[(-10, -10), (np.int64(1309), np.int64(441)), (np.int64(1699), np.int64(441)), (np.int64(2088), np.int64(441)), (np.int64(2478), np.int64(441))]
2025-10-23 02:22:16 [TRACE] 【坐标太近】视为重复
2025-10-23 02:22:16 [TRACE] 【没有通过的坐标】开始下一轮
2025-10-23 02:22:16 [TRACE] 【本轮的坐标】：(np.int64(2087), np.int64(442)) ------------
2025-10-23 02:22:16 [TRACE] 【已点击过的坐标】：[(-10, -10), (np.int64(1309), np.int64(441)), (np.int64(1699), np.int64(441)), (np.int64(2088), np.int64(441)), (np.int64(2478), np.int64(441))]
2025-10-23 02:22:16 [TRACE] 【坐标太近】视为重复
2025-10-23 02:22:16 [TRACE] 【没有通过的坐标】开始下一轮
2025-10-23 02:22:16 [TRACE] 【本轮的坐标】：(np.int64(2088), np.int64(442)) ------------
2025-10-23 02:22:16 [TRACE] 【已点击过的坐标】：[(-10, -10), (np.int64(1309), np.int64(441)), (np.int64(1699), np.int64(441)), (np.int64(2088), np.int64(441)), (np.int64(2478), np.int64(441))]
2025-10-23 02:22:16 [TRACE] 【坐标太近】视为重复
2025-10-23 02:22:16 [TRACE] 【没有通过的坐标】开始下一轮
2025-10-23 02:22:16 [TRACE] 【本轮的坐标】：(np.int64(2089), np.int64(442)) ------------
2025-10-23 02:22:16 [TRACE] 【已点击过的坐标】：[(-10, -10), (np.int64(1309), np.int64(441)), (np.int64(1699), np.int64(441)), (np.int64(2088), np.int64(441)), (np.int64(2478), np.int64(441))]
2025-10-23 02:22:16 [TRACE] 【坐标太近】视为重复
2025-10-23 02:22:16 [TRACE] 【没有通过的坐标】开始下一轮
2025-10-23 02:22:16 [TRACE] 【本轮的坐标】：(np.int64(2090), np.int64(442)) ------------
2025-10-23 02:22:16 [TRACE] 【已点击过的坐标】：[(-10, -10), (np.int64(1309), np.int64(441)), (np.int64(1699), np.int64(441)), (np.int64(2088), np.int64(441)), (np.int64(2478), np.int64(441))]
2025-10-23 02:22:16 [TRACE] 【坐标太近】视为重复
2025-10-23 02:22:16 [TRACE] 【没有通过的坐标】开始下一轮
2025-10-23 02:22:16 [TRACE] 【本轮的坐标】：(np.int64(2477), np.int64(442)) ------------
2025-10-23 02:22:16 [TRACE] 【已点击过的坐标】：[(-10, -10), (np.int64(1309), np.int64(441)), (np.int64(1699), np.int64(441)), (np.int64(2088), np.int64(441)), (np.int64(2478), np.int64(441))]
2025-10-23 02:22:16 [TRACE] 【坐标太近】视为重复
2025-10-23 02:22:16 [TRACE] 【没有通过的坐标】开始下一轮
2025-10-23 02:22:16 [TRACE] 【本轮的坐标】：(np.int64(2478), np.int64(442)) ------------
2025-10-23 02:22:16 [TRACE] 【已点击过的坐标】：[(-10, -10), (np.int64(1309), np.int64(441)), (np.int64(1699), np.int64(441)), (np.int64(2088), np.int64(441)), (np.int64(2478), np.int64(441))]
2025-10-23 02:22:16 [TRACE] 【坐标太近】视为重复
2025-10-23 02:22:16 [TRACE] 【没有通过的坐标】开始下一轮
2025-10-23 02:22:16 [TRACE] 【本轮的坐标】：(np.int64(2479), np.int64(442)) ------------
2025-10-23 02:22:16 [TRACE] 【已点击过的坐标】：[(-10, -10), (np.int64(1309), np.int64(441)), (np.int64(1699), np.int64(441)), (np.int64(2088), np.int64(441)), (np.int64(2478), np.int64(441))]
2025-10-23 02:22:16 [TRACE] 【坐标太近】视为重复
2025-10-23 02:22:16 [TRACE] 【没有通过的坐标】开始下一轮
2025-10-23 02:22:16 [TRACE] 【本轮的坐标】：(np.int64(1309), np.int64(443)) ------------
2025-10-23 02:22:16 [TRACE] 【已点击过的坐标】：[(-10, -10), (np.int64(1309), np.int64(441)), (np.int64(1699), np.int64(441)), (np.int64(2088), np.int64(441)), (np.int64(2478), np.int64(441))]
2025-10-23 02:22:16 [TRACE] 【坐标太近】视为重复
2025-10-23 02:22:16 [TRACE] 【没有通过的坐标】开始下一轮
2025-10-23 02:22:16 [TRACE] 【本轮的坐标】：(np.int64(1698), np.int64(443)) ------------
2025-10-23 02:22:16 [TRACE] 【已点击过的坐标】：[(-10, -10), (np.int64(1309), np.int64(441)), (np.int64(1699), np.int64(441)), (np.int64(2088), np.int64(441)), (np.int64(2478), np.int64(441))]
2025-10-23 02:22:16 [TRACE] 【坐标太近】视为重复
2025-10-23 02:22:16 [TRACE] 【没有通过的坐标】开始下一轮
2025-10-23 02:22:16 [TRACE] 【本轮的坐标】：(np.int64(1699), np.int64(443)) ------------
2025-10-23 02:22:16 [TRACE] 【已点击过的坐标】：[(-10, -10), (np.int64(1309), np.int64(441)), (np.int64(1699), np.int64(441)), (np.int64(2088), np.int64(441)), (np.int64(2478), np.int64(441))]
2025-10-23 02:22:16 [TRACE] 【坐标太近】视为重复
2025-10-23 02:22:16 [TRACE] 【没有通过的坐标】开始下一轮
2025-10-23 02:22:16 [TRACE] 【本轮的坐标】：(np.int64(2088), np.int64(443)) ------------
2025-10-23 02:22:16 [TRACE] 【已点击过的坐标】：[(-10, -10), (np.int64(1309), np.int64(441)), (np.int64(1699), np.int64(441)), (np.int64(2088), np.int64(441)), (np.int64(2478), np.int64(441))]
2025-10-23 02:22:16 [TRACE] 【坐标太近】视为重复
2025-10-23 02:22:16 [TRACE] 【没有通过的坐标】开始下一轮
2025-10-23 02:22:16 [TRACE] 【本轮的坐标】：(np.int64(2478), np.int64(443)) ------------
2025-10-23 02:22:16 [TRACE] 【已点击过的坐标】：[(-10, -10), (np.int64(1309), np.int64(441)), (np.int64(1699), np.int64(441)), (np.int64(2088), np.int64(441)), (np.int64(2478), np.int64(441))]
2025-10-23 02:22:16 [TRACE] 【坐标太近】视为重复
2025-10-23 02:22:16 [TRACE] 【没有通过的坐标】开始下一轮
2025-10-23 02:22:16 [TRACE] 【完成所有点击】有效次数：4
2025-10-23 02:22:16 [TRACE] 【目标检测】屏幕内没有目标
2025-10-23 02:22:18 [TRACE] 【目标检测】屏幕内没有目标
2025-10-23 02:22:19 [TRACE] 【目标检测】屏幕内没有目标
2025-10-23 02:22:21 [TRACE] 【目标检测】目标存在，但置信度不足
2025-10-23 02:22:22 [TRACE] 【目标检测】屏幕内没有目标
2025-10-23 02:22:22 [TRACE] 【状态】搜索模式：C:\Users\gelon\Desktop\ZA-Lite\assets/images/hollow\resonium.png 置信度：0.9999998807907104
2025-10-23 02:22:23 [TRACE] 【目标出现】C:\Users\gelon\Desktop\ZA-Lite\assets/images/hollow\resonium.png 置信度：1.0
2025-10-23 02:22:23 [TRACE] 【本轮的坐标】：(np.int64(1309), np.int64(441)) ------------
2025-10-23 02:22:23 [TRACE] 【已点击过的坐标】：[(-10, -10)]
2025-10-23 02:22:23 [TRACE] 【成功点击】
2025-10-23 02:22:23 [TRACE] 【目标检测】屏幕内没有目标
2025-10-23 02:22:23 [TRACE] 【本轮的坐标】：(np.int64(1310), np.int64(441)) ------------
2025-10-23 02:22:23 [TRACE] 【已点击过的坐标】：[(-10, -10), (np.int64(1309), np.int64(441))]
2025-10-23 02:22:23 [TRACE] 【坐标太近】视为重复
2025-10-23 02:22:23 [TRACE] 【没有通过的坐标】开始下一轮
2025-10-23 02:22:23 [TRACE] 【本轮的坐标】：(np.int64(1699), np.int64(441)) ------------
2025-10-23 02:22:23 [TRACE] 【已点击过的坐标】：[(-10, -10), (np.int64(1309), np.int64(441))]
2025-10-23 02:22:23 [TRACE] 【成功点击】
2025-10-23 02:22:24 [TRACE] 【目标检测】屏幕内没有目标
2025-10-23 02:22:24 [TRACE] 【本轮的坐标】：(np.int64(2088), np.int64(441)) ------------
2025-10-23 02:22:24 [TRACE] 【已点击过的坐标】：[(-10, -10), (np.int64(1309), np.int64(441)), (np.int64(1699), np.int64(441))]
2025-10-23 02:22:24 [TRACE] 【成功点击】
2025-10-23 02:22:25 [TRACE] 【目标检测】屏幕内没有目标
2025-10-23 02:22:25 [TRACE] 【本轮的坐标】：(np.int64(2089), np.int64(441)) ------------
2025-10-23 02:22:25 [TRACE] 【已点击过的坐标】：[(-10, -10), (np.int64(1309), np.int64(441)), (np.int64(1699), np.int64(441)), (np.int64(2088), np.int64(441))]
2025-10-23 02:22:25 [TRACE] 【坐标太近】视为重复
2025-10-23 02:22:25 [TRACE] 【没有通过的坐标】开始下一轮
2025-10-23 02:22:25 [TRACE] 【本轮的坐标】：(np.int64(2478), np.int64(441)) ------------
2025-10-23 02:22:25 [TRACE] 【已点击过的坐标】：[(-10, -10), (np.int64(1309), np.int64(441)), (np.int64(1699), np.int64(441)), (np.int64(2088), np.int64(441))]
2025-10-23 02:22:25 [TRACE] 【成功点击】
2025-10-23 02:22:25 [TRACE] 【目标检测】屏幕内没有目标
2025-10-23 02:22:26 [TRACE] 【本轮的坐标】：(np.int64(1308), np.int64(442)) ------------
2025-10-23 02:22:26 [TRACE] 【已点击过的坐标】：[(-10, -10), (np.int64(1309), np.int64(441)), (np.int64(1699), np.int64(441)), (np.int64(2088), np.int64(441)), (np.int64(2478), np.int64(441))]
2025-10-23 02:22:26 [TRACE] 【坐标太近】视为重复
2025-10-23 02:22:26 [TRACE] 【没有通过的坐标】开始下一轮
2025-10-23 02:22:26 [TRACE] 【本轮的坐标】：(np.int64(1309), np.int64(442)) ------------
2025-10-23 02:22:26 [TRACE] 【已点击过的坐标】：[(-10, -10), (np.int64(1309), np.int64(441)), (np.int64(1699), np.int64(441)), (np.int64(2088), np.int64(441)), (np.int64(2478), np.int64(441))]
2025-10-23 02:22:26 [TRACE] 【坐标太近】视为重复
2025-10-23 02:22:26 [TRACE] 【没有通过的坐标】开始下一轮
2025-10-23 02:22:26 [TRACE] 【本轮的坐标】：(np.int64(1310), np.int64(442)) ------------
2025-10-23 02:22:26 [TRACE] 【已点击过的坐标】：[(-10, -10), (np.int64(1309), np.int64(441)), (np.int64(1699), np.int64(441)), (np.int64(2088), np.int64(441)), (np.int64(2478), np.int64(441))]
2025-10-23 02:22:26 [TRACE] 【坐标太近】视为重复
2025-10-23 02:22:26 [TRACE] 【没有通过的坐标】开始下一轮
2025-10-23 02:22:26 [TRACE] 【本轮的坐标】：(np.int64(1698), np.int64(442)) ------------
2025-10-23 02:22:26 [TRACE] 【已点击过的坐标】：[(-10, -10), (np.int64(1309), np.int64(441)), (np.int64(1699), np.int64(441)), (np.int64(2088), np.int64(441)), (np.int64(2478), np.int64(441))]
2025-10-23 02:22:26 [TRACE] 【坐标太近】视为重复
2025-10-23 02:22:26 [TRACE] 【没有通过的坐标】开始下一轮
2025-10-23 02:22:26 [TRACE] 【本轮的坐标】：(np.int64(1699), np.int64(442)) ------------
2025-10-23 02:22:26 [TRACE] 【已点击过的坐标】：[(-10, -10), (np.int64(1309), np.int64(441)), (np.int64(1699), np.int64(441)), (np.int64(2088), np.int64(441)), (np.int64(2478), np.int64(441))]
2025-10-23 02:22:26 [TRACE] 【坐标太近】视为重复
2025-10-23 02:22:26 [TRACE] 【没有通过的坐标】开始下一轮
2025-10-23 02:22:26 [TRACE] 【本轮的坐标】：(np.int64(1700), np.int64(442)) ------------
2025-10-23 02:22:26 [TRACE] 【已点击过的坐标】：[(-10, -10), (np.int64(1309), np.int64(441)), (np.int64(1699), np.int64(441)), (np.int64(2088), np.int64(441)), (np.int64(2478), np.int64(441))]
2025-10-23 02:22:26 [TRACE] 【坐标太近】视为重复
2025-10-23 02:22:26 [TRACE] 【没有通过的坐标】开始下一轮
2025-10-23 02:22:26 [TRACE] 【本轮的坐标】：(np.int64(2087), np.int64(442)) ------------
2025-10-23 02:22:26 [TRACE] 【已点击过的坐标】：[(-10, -10), (np.int64(1309), np.int64(441)), (np.int64(1699), np.int64(441)), (np.int64(2088), np.int64(441)), (np.int64(2478), np.int64(441))]
2025-10-23 02:22:26 [TRACE] 【坐标太近】视为重复
2025-10-23 02:22:26 [TRACE] 【没有通过的坐标】开始下一轮
2025-10-23 02:22:26 [TRACE] 【本轮的坐标】：(np.int64(2088), np.int64(442)) ------------
2025-10-23 02:22:26 [TRACE] 【已点击过的坐标】：[(-10, -10), (np.int64(1309), np.int64(441)), (np.int64(1699), np.int64(441)), (np.int64(2088), np.int64(441)), (np.int64(2478), np.int64(441))]
2025-10-23 02:22:26 [TRACE] 【坐标太近】视为重复
2025-10-23 02:22:26 [TRACE] 【没有通过的坐标】开始下一轮
2025-10-23 02:22:26 [TRACE] 【本轮的坐标】：(np.int64(2089), np.int64(442)) ------------
2025-10-23 02:22:26 [TRACE] 【已点击过的坐标】：[(-10, -10), (np.int64(1309), np.int64(441)), (np.int64(1699), np.int64(441)), (np.int64(2088), np.int64(441)), (np.int64(2478), np.int64(441))]
2025-10-23 02:22:26 [TRACE] 【坐标太近】视为重复
2025-10-23 02:22:26 [TRACE] 【没有通过的坐标】开始下一轮
2025-10-23 02:22:26 [TRACE] 【本轮的坐标】：(np.int64(2090), np.int64(442)) ------------
2025-10-23 02:22:26 [TRACE] 【已点击过的坐标】：[(-10, -10), (np.int64(1309), np.int64(441)), (np.int64(1699), np.int64(441)), (np.int64(2088), np.int64(441)), (np.int64(2478), np.int64(441))]
2025-10-23 02:22:26 [TRACE] 【坐标太近】视为重复
2025-10-23 02:22:26 [TRACE] 【没有通过的坐标】开始下一轮
2025-10-23 02:22:26 [TRACE] 【本轮的坐标】：(np.int64(2477), np.int64(442)) ------------
2025-10-23 02:22:26 [TRACE] 【已点击过的坐标】：[(-10, -10), (np.int64(1309), np.int64(441)), (np.int64(1699), np.int64(441)), (np.int64(2088), np.int64(441)), (np.int64(2478), np.int64(441))]
2025-10-23 02:22:26 [TRACE] 【坐标太近】视为重复
2025-10-23 02:22:26 [TRACE] 【没有通过的坐标】开始下一轮
2025-10-23 02:22:26 [TRACE] 【本轮的坐标】：(np.int64(2478), np.int64(442)) ------------
2025-10-23 02:22:26 [TRACE] 【已点击过的坐标】：[(-10, -10), (np.int64(1309), np.int64(441)), (np.int64(1699), np.int64(441)), (np.int64(2088), np.int64(441)), (np.int64(2478), np.int64(441))]
2025-10-23 02:22:26 [TRACE] 【坐标太近】视为重复
2025-10-23 02:22:26 [TRACE] 【没有通过的坐标】开始下一轮
2025-10-23 02:22:26 [TRACE] 【本轮的坐标】：(np.int64(2479), np.int64(442)) ------------
2025-10-23 02:22:26 [TRACE] 【已点击过的坐标】：[(-10, -10), (np.int64(1309), np.int64(441)), (np.int64(1699), np.int64(441)), (np.int64(2088), np.int64(441)), (np.int64(2478), np.int64(441))]
2025-10-23 02:22:26 [TRACE] 【坐标太近】视为重复
2025-10-23 02:22:26 [TRACE] 【没有通过的坐标】开始下一轮
2025-10-23 02:22:26 [TRACE] 【本轮的坐标】：(np.int64(1309), np.int64(443)) ------------
2025-10-23 02:22:26 [TRACE] 【已点击过的坐标】：[(-10, -10), (np.int64(1309), np.int64(441)), (np.int64(1699), np.int64(441)), (np.int64(2088), np.int64(441)), (np.int64(2478), np.int64(441))]
2025-10-23 02:22:26 [TRACE] 【坐标太近】视为重复
2025-10-23 02:22:26 [TRACE] 【没有通过的坐标】开始下一轮
2025-10-23 02:22:26 [TRACE] 【本轮的坐标】：(np.int64(1698), np.int64(443)) ------------
2025-10-23 02:22:26 [TRACE] 【已点击过的坐标】：[(-10, -10), (np.int64(1309), np.int64(441)), (np.int64(1699), np.int64(441)), (np.int64(2088), np.int64(441)), (np.int64(2478), np.int64(441))]
2025-10-23 02:22:26 [TRACE] 【坐标太近】视为重复
2025-10-23 02:22:26 [TRACE] 【没有通过的坐标】开始下一轮
2025-10-23 02:22:26 [TRACE] 【本轮的坐标】：(np.int64(1699), np.int64(443)) ------------
2025-10-23 02:22:26 [TRACE] 【已点击过的坐标】：[(-10, -10), (np.int64(1309), np.int64(441)), (np.int64(1699), np.int64(441)), (np.int64(2088), np.int64(441)), (np.int64(2478), np.int64(441))]
2025-10-23 02:22:26 [TRACE] 【坐标太近】视为重复
2025-10-23 02:22:26 [TRACE] 【没有通过的坐标】开始下一轮
2025-10-23 02:22:26 [TRACE] 【本轮的坐标】：(np.int64(2088), np.int64(443)) ------------
2025-10-23 02:22:26 [TRACE] 【已点击过的坐标】：[(-10, -10), (np.int64(1309), np.int64(441)), (np.int64(1699), np.int64(441)), (np.int64(2088), np.int64(441)), (np.int64(2478), np.int64(441))]
2025-10-23 02:22:26 [TRACE] 【坐标太近】视为重复
2025-10-23 02:22:26 [TRACE] 【没有通过的坐标】开始下一轮
2025-10-23 02:22:26 [TRACE] 【本轮的坐标】：(np.int64(2478), np.int64(443)) ------------
2025-10-23 02:22:26 [TRACE] 【已点击过的坐标】：[(-10, -10), (np.int64(1309), np.int64(441)), (np.int64(1699), np.int64(441)), (np.int64(2088), np.int64(441)), (np.int64(2478), np.int64(441))]
2025-10-23 02:22:26 [TRACE] 【坐标太近】视为重复
2025-10-23 02:22:26 [TRACE] 【没有通过的坐标】开始下一轮
2025-10-23 02:22:26 [TRACE] 【完成所有点击】有效次数：4
2025-10-23 02:22:28 [TRACE] 【目标检测】屏幕内没有目标
2025-10-23 02:22:29 [TRACE] 【目标检测】屏幕内没有目标
2025-10-23 02:22:30 [TRACE] 【目标检测】目标存在，但置信度不足
2025-10-23 02:22:31 [TRACE] 【目标检测】屏幕内没有目标
2025-10-23 02:22:32 [TRACE] 【目标检测】屏幕内没有目标
2025-10-23 02:22:32 [TRACE] 【状态】搜索模式：C:\Users\gelon\Desktop\ZA-Lite\assets/images/hollow\resonium.png 置信度：1.0
2025-10-23 02:22:32 [TRACE] 【目标出现】C:\Users\gelon\Desktop\ZA-Lite\assets/images/hollow\resonium.png 置信度：0.9999998807907104
2025-10-23 02:22:32 [TRACE] 【本轮的坐标】：(np.int64(1309), np.int64(441)) ------------
2025-10-23 02:22:32 [TRACE] 【已点击过的坐标】：[(-10, -10)]
2025-10-23 02:22:32 [TRACE] 【成功点击】
2025-10-23 02:22:33 [TRACE] 【目标检测】屏幕内没有目标
2025-10-23 02:22:33 [TRACE] 【本轮的坐标】：(np.int64(1310), np.int64(441)) ------------
2025-10-23 02:22:33 [TRACE] 【已点击过的坐标】：[(-10, -10), (np.int64(1309), np.int64(441))]
2025-10-23 02:22:33 [TRACE] 【坐标太近】视为重复
2025-10-23 02:22:33 [TRACE] 【没有通过的坐标】开始下一轮
2025-10-23 02:22:33 [TRACE] 【本轮的坐标】：(np.int64(1699), np.int64(441)) ------------
2025-10-23 02:22:33 [TRACE] 【已点击过的坐标】：[(-10, -10), (np.int64(1309), np.int64(441))]
2025-10-23 02:22:33 [TRACE] 【成功点击】
2025-10-23 02:22:34 [TRACE] 【本轮的坐标】：(np.int64(2088), np.int64(441)) ------------
2025-10-23 02:22:34 [TRACE] 【已点击过的坐标】：[(-10, -10), (np.int64(1309), np.int64(441)), (np.int64(1699), np.int64(441))]
2025-10-23 02:22:34 [TRACE] 【成功点击】
2025-10-23 02:22:35 [TRACE] 【本轮的坐标】：(np.int64(2089), np.int64(441)) ------------
2025-10-23 02:22:35 [TRACE] 【已点击过的坐标】：[(-10, -10), (np.int64(1309), np.int64(441)), (np.int64(1699), np.int64(441)), (np.int64(2088), np.int64(441))]
2025-10-23 02:22:35 [TRACE] 【坐标太近】视为重复
2025-10-23 02:22:35 [TRACE] 【没有通过的坐标】开始下一轮
2025-10-23 02:22:35 [TRACE] 【本轮的坐标】：(np.int64(2478), np.int64(441)) ------------
2025-10-23 02:22:35 [TRACE] 【已点击过的坐标】：[(-10, -10), (np.int64(1309), np.int64(441)), (np.int64(1699), np.int64(441)), (np.int64(2088), np.int64(441))]
2025-10-23 02:22:35 [TRACE] 【成功点击】
2025-10-23 02:22:35 [TRACE] 【目标检测】屏幕内没有目标
2025-10-23 02:22:35 [TRACE] 【本轮的坐标】：(np.int64(1308), np.int64(442)) ------------
2025-10-23 02:22:35 [TRACE] 【已点击过的坐标】：[(-10, -10), (np.int64(1309), np.int64(441)), (np.int64(1699), np.int64(441)), (np.int64(2088), np.int64(441)), (np.int64(2478), np.int64(441))]
2025-10-23 02:22:35 [TRACE] 【坐标太近】视为重复
2025-10-23 02:22:35 [TRACE] 【没有通过的坐标】开始下一轮
2025-10-23 02:22:35 [TRACE] 【本轮的坐标】：(np.int64(1309), np.int64(442)) ------------
2025-10-23 02:22:35 [TRACE] 【已点击过的坐标】：[(-10, -10), (np.int64(1309), np.int64(441)), (np.int64(1699), np.int64(441)), (np.int64(2088), np.int64(441)), (np.int64(2478), np.int64(441))]
2025-10-23 02:22:35 [TRACE] 【坐标太近】视为重复
2025-10-23 02:22:35 [TRACE] 【没有通过的坐标】开始下一轮
2025-10-23 02:22:35 [TRACE] 【本轮的坐标】：(np.int64(1310), np.int64(442)) ------------
2025-10-23 02:22:35 [TRACE] 【已点击过的坐标】：[(-10, -10), (np.int64(1309), np.int64(441)), (np.int64(1699), np.int64(441)), (np.int64(2088), np.int64(441)), (np.int64(2478), np.int64(441))]
2025-10-23 02:22:35 [TRACE] 【坐标太近】视为重复
2025-10-23 02:22:35 [TRACE] 【没有通过的坐标】开始下一轮
2025-10-23 02:22:35 [TRACE] 【本轮的坐标】：(np.int64(1698), np.int64(442)) ------------
2025-10-23 02:22:35 [TRACE] 【已点击过的坐标】：[(-10, -10), (np.int64(1309), np.int64(441)), (np.int64(1699), np.int64(441)), (np.int64(2088), np.int64(441)), (np.int64(2478), np.int64(441))]
2025-10-23 02:22:35 [TRACE] 【坐标太近】视为重复
2025-10-23 02:22:35 [TRACE] 【没有通过的坐标】开始下一轮
2025-10-23 02:22:35 [TRACE] 【本轮的坐标】：(np.int64(1699), np.int64(442)) ------------
2025-10-23 02:22:35 [TRACE] 【已点击过的坐标】：[(-10, -10), (np.int64(1309), np.int64(441)), (np.int64(1699), np.int64(441)), (np.int64(2088), np.int64(441)), (np.int64(2478), np.int64(441))]
2025-10-23 02:22:35 [TRACE] 【坐标太近】视为重复
2025-10-23 02:22:35 [TRACE] 【没有通过的坐标】开始下一轮
2025-10-23 02:22:35 [TRACE] 【本轮的坐标】：(np.int64(1700), np.int64(442)) ------------
2025-10-23 02:22:35 [TRACE] 【已点击过的坐标】：[(-10, -10), (np.int64(1309), np.int64(441)), (np.int64(1699), np.int64(441)), (np.int64(2088), np.int64(441)), (np.int64(2478), np.int64(441))]
2025-10-23 02:22:35 [TRACE] 【坐标太近】视为重复
2025-10-23 02:22:35 [TRACE] 【没有通过的坐标】开始下一轮
2025-10-23 02:22:35 [TRACE] 【本轮的坐标】：(np.int64(2087), np.int64(442)) ------------
2025-10-23 02:22:35 [TRACE] 【已点击过的坐标】：[(-10, -10), (np.int64(1309), np.int64(441)), (np.int64(1699), np.int64(441)), (np.int64(2088), np.int64(441)), (np.int64(2478), np.int64(441))]
2025-10-23 02:22:35 [TRACE] 【坐标太近】视为重复
2025-10-23 02:22:35 [TRACE] 【没有通过的坐标】开始下一轮
2025-10-23 02:22:35 [TRACE] 【本轮的坐标】：(np.int64(2088), np.int64(442)) ------------
2025-10-23 02:22:35 [TRACE] 【已点击过的坐标】：[(-10, -10), (np.int64(1309), np.int64(441)), (np.int64(1699), np.int64(441)), (np.int64(2088), np.int64(441)), (np.int64(2478), np.int64(441))]
2025-10-23 02:22:35 [TRACE] 【坐标太近】视为重复
2025-10-23 02:22:35 [TRACE] 【没有通过的坐标】开始下一轮
2025-10-23 02:22:35 [TRACE] 【本轮的坐标】：(np.int64(2089), np.int64(442)) ------------
2025-10-23 02:22:35 [TRACE] 【已点击过的坐标】：[(-10, -10), (np.int64(1309), np.int64(441)), (np.int64(1699), np.int64(441)), (np.int64(2088), np.int64(441)), (np.int64(2478), np.int64(441))]
2025-10-23 02:22:35 [TRACE] 【坐标太近】视为重复
2025-10-23 02:22:35 [TRACE] 【没有通过的坐标】开始下一轮
2025-10-23 02:22:35 [TRACE] 【本轮的坐标】：(np.int64(2090), np.int64(442)) ------------
2025-10-23 02:22:35 [TRACE] 【已点击过的坐标】：[(-10, -10), (np.int64(1309), np.int64(441)), (np.int64(1699), np.int64(441)), (np.int64(2088), np.int64(441)), (np.int64(2478), np.int64(441))]
2025-10-23 02:22:35 [TRACE] 【坐标太近】视为重复
2025-10-23 02:22:35 [TRACE] 【没有通过的坐标】开始下一轮
2025-10-23 02:22:35 [TRACE] 【本轮的坐标】：(np.int64(2477), np.int64(442)) ------------
2025-10-23 02:22:35 [TRACE] 【已点击过的坐标】：[(-10, -10), (np.int64(1309), np.int64(441)), (np.int64(1699), np.int64(441)), (np.int64(2088), np.int64(441)), (np.int64(2478), np.int64(441))]
2025-10-23 02:22:35 [TRACE] 【坐标太近】视为重复
2025-10-23 02:22:35 [TRACE] 【没有通过的坐标】开始下一轮
2025-10-23 02:22:35 [TRACE] 【本轮的坐标】：(np.int64(2478), np.int64(442)) ------------
2025-10-23 02:22:35 [TRACE] 【已点击过的坐标】：[(-10, -10), (np.int64(1309), np.int64(441)), (np.int64(1699), np.int64(441)), (np.int64(2088), np.int64(441)), (np.int64(2478), np.int64(441))]
2025-10-23 02:22:35 [TRACE] 【坐标太近】视为重复
2025-10-23 02:22:35 [TRACE] 【没有通过的坐标】开始下一轮
2025-10-23 02:22:35 [TRACE] 【本轮的坐标】：(np.int64(2479), np.int64(442)) ------------
2025-10-23 02:22:35 [TRACE] 【已点击过的坐标】：[(-10, -10), (np.int64(1309), np.int64(441)), (np.int64(1699), np.int64(441)), (np.int64(2088), np.int64(441)), (np.int64(2478), np.int64(441))]
2025-10-23 02:22:35 [TRACE] 【坐标太近】视为重复
2025-10-23 02:22:35 [TRACE] 【没有通过的坐标】开始下一轮
2025-10-23 02:22:35 [TRACE] 【本轮的坐标】：(np.int64(1309), np.int64(443)) ------------
2025-10-23 02:22:35 [TRACE] 【已点击过的坐标】：[(-10, -10), (np.int64(1309), np.int64(441)), (np.int64(1699), np.int64(441)), (np.int64(2088), np.int64(441)), (np.int64(2478), np.int64(441))]
2025-10-23 02:22:35 [TRACE] 【坐标太近】视为重复
2025-10-23 02:22:35 [TRACE] 【没有通过的坐标】开始下一轮
2025-10-23 02:22:35 [TRACE] 【本轮的坐标】：(np.int64(1698), np.int64(443)) ------------
2025-10-23 02:22:35 [TRACE] 【已点击过的坐标】：[(-10, -10), (np.int64(1309), np.int64(441)), (np.int64(1699), np.int64(441)), (np.int64(2088), np.int64(441)), (np.int64(2478), np.int64(441))]
2025-10-23 02:22:35 [TRACE] 【坐标太近】视为重复
2025-10-23 02:22:35 [TRACE] 【没有通过的坐标】开始下一轮
2025-10-23 02:22:35 [TRACE] 【本轮的坐标】：(np.int64(1699), np.int64(443)) ------------
2025-10-23 02:22:35 [TRACE] 【已点击过的坐标】：[(-10, -10), (np.int64(1309), np.int64(441)), (np.int64(1699), np.int64(441)), (np.int64(2088), np.int64(441)), (np.int64(2478), np.int64(441))]
2025-10-23 02:22:35 [TRACE] 【坐标太近】视为重复
2025-10-23 02:22:35 [TRACE] 【没有通过的坐标】开始下一轮
2025-10-23 02:22:35 [TRACE] 【本轮的坐标】：(np.int64(2088), np.int64(443)) ------------
2025-10-23 02:22:35 [TRACE] 【已点击过的坐标】：[(-10, -10), (np.int64(1309), np.int64(441)), (np.int64(1699), np.int64(441)), (np.int64(2088), np.int64(441)), (np.int64(2478), np.int64(441))]
2025-10-23 02:22:35 [TRACE] 【坐标太近】视为重复
2025-10-23 02:22:35 [TRACE] 【没有通过的坐标】开始下一轮
2025-10-23 02:22:35 [TRACE] 【本轮的坐标】：(np.int64(2478), np.int64(443)) ------------
2025-10-23 02:22:35 [TRACE] 【已点击过的坐标】：[(-10, -10), (np.int64(1309), np.int64(441)), (np.int64(1699), np.int64(441)), (np.int64(2088), np.int64(441)), (np.int64(2478), np.int64(441))]
2025-10-23 02:22:35 [TRACE] 【坐标太近】视为重复
2025-10-23 02:22:35 [TRACE] 【没有通过的坐标】开始下一轮
2025-10-23 02:22:35 [TRACE] 【完成所有点击】有效次数：4
2025-10-23 02:22:36 [TRACE] 【目标检测】屏幕内没有目标
2025-10-23 02:22:37 [TRACE] 【目标检测】屏幕内没有目标
2025-10-23 02:22:38 [TRACE] 【目标检测】屏幕内没有目标
2025-10-23 02:22:39 [TRACE] 【目标检测】屏幕内没有目标
2025-10-23 02:22:46 [TRACE] 【状态】搜索模式：C:\Users\gelon\Desktop\ZA-Lite\assets/images/hollow\meter.png 置信度：0.9607730507850647
2025-10-23 02:22:46 [TRACE] 【目标检测】TRAPPED！ 类型：guide_point 置信度：0.8729907870292664
2025-10-23 02:22:48 [TRACE] 【状态】搜索模式：C:\Users\gelon\Desktop\ZA-Lite\assets/images/hollow\resonium.png 置信度：1.0
2025-10-23 02:22:49 [TRACE] 【目标出现】C:\Users\gelon\Desktop\ZA-Lite\assets/images/hollow\resonium.png 置信度：1.0
2025-10-23 02:22:49 [TRACE] 【本轮的坐标】：(np.int64(997), np.int64(441)) ------------
2025-10-23 02:22:49 [TRACE] 【已点击过的坐标】：[(-10, -10)]
2025-10-23 02:22:49 [TRACE] 【成功点击】
2025-10-23 02:22:49 [TRACE] 【本轮的坐标】：(np.int64(998), np.int64(441)) ------------
2025-10-23 02:22:49 [TRACE] 【已点击过的坐标】：[(-10, -10), (np.int64(997), np.int64(441))]
2025-10-23 02:22:49 [TRACE] 【坐标太近】视为重复
2025-10-23 02:22:49 [TRACE] 【没有通过的坐标】开始下一轮
2025-10-23 02:22:49 [TRACE] 【本轮的坐标】：(np.int64(1387), np.int64(441)) ------------
2025-10-23 02:22:49 [TRACE] 【已点击过的坐标】：[(-10, -10), (np.int64(997), np.int64(441))]
2025-10-23 02:22:49 [TRACE] 【成功点击】
2025-10-23 02:22:50 [TRACE] 【本轮的坐标】：(np.int64(1776), np.int64(441)) ------------
2025-10-23 02:22:50 [TRACE] 【已点击过的坐标】：[(-10, -10), (np.int64(997), np.int64(441)), (np.int64(1387), np.int64(441))]
2025-10-23 02:22:50 [TRACE] 【成功点击】
2025-10-23 02:22:51 [TRACE] 【本轮的坐标】：(np.int64(1777), np.int64(441)) ------------
2025-10-23 02:22:51 [TRACE] 【已点击过的坐标】：[(-10, -10), (np.int64(997), np.int64(441)), (np.int64(1387), np.int64(441)), (np.int64(1776), np.int64(441))]
2025-10-23 02:22:51 [TRACE] 【坐标太近】视为重复
2025-10-23 02:22:51 [TRACE] 【没有通过的坐标】开始下一轮
2025-10-23 02:22:51 [TRACE] 【本轮的坐标】：(np.int64(2166), np.int64(441)) ------------
2025-10-23 02:22:51 [TRACE] 【已点击过的坐标】：[(-10, -10), (np.int64(997), np.int64(441)), (np.int64(1387), np.int64(441)), (np.int64(1776), np.int64(441))]
2025-10-23 02:22:51 [TRACE] 【成功点击】
2025-10-23 02:22:52 [TRACE] 【本轮的坐标】：(np.int64(996), np.int64(442)) ------------
2025-10-23 02:22:52 [TRACE] 【已点击过的坐标】：[(-10, -10), (np.int64(997), np.int64(441)), (np.int64(1387), np.int64(441)), (np.int64(1776), np.int64(441)), (np.int64(2166), np.int64(441))]
2025-10-23 02:22:52 [TRACE] 【坐标太近】视为重复
2025-10-23 02:22:52 [TRACE] 【没有通过的坐标】开始下一轮
2025-10-23 02:22:52 [TRACE] 【本轮的坐标】：(np.int64(997), np.int64(442)) ------------
2025-10-23 02:22:52 [TRACE] 【已点击过的坐标】：[(-10, -10), (np.int64(997), np.int64(441)), (np.int64(1387), np.int64(441)), (np.int64(1776), np.int64(441)), (np.int64(2166), np.int64(441))]
2025-10-23 02:22:52 [TRACE] 【坐标太近】视为重复
2025-10-23 02:22:52 [TRACE] 【没有通过的坐标】开始下一轮
2025-10-23 02:22:52 [TRACE] 【本轮的坐标】：(np.int64(998), np.int64(442)) ------------
2025-10-23 02:22:52 [TRACE] 【已点击过的坐标】：[(-10, -10), (np.int64(997), np.int64(441)), (np.int64(1387), np.int64(441)), (np.int64(1776), np.int64(441)), (np.int64(2166), np.int64(441))]
2025-10-23 02:22:52 [TRACE] 【坐标太近】视为重复
2025-10-23 02:22:52 [TRACE] 【没有通过的坐标】开始下一轮
2025-10-23 02:22:52 [TRACE] 【本轮的坐标】：(np.int64(1386), np.int64(442)) ------------
2025-10-23 02:22:52 [TRACE] 【已点击过的坐标】：[(-10, -10), (np.int64(997), np.int64(441)), (np.int64(1387), np.int64(441)), (np.int64(1776), np.int64(441)), (np.int64(2166), np.int64(441))]
2025-10-23 02:22:52 [TRACE] 【坐标太近】视为重复
2025-10-23 02:22:52 [TRACE] 【没有通过的坐标】开始下一轮
2025-10-23 02:22:52 [TRACE] 【本轮的坐标】：(np.int64(1387), np.int64(442)) ------------
2025-10-23 02:22:52 [TRACE] 【已点击过的坐标】：[(-10, -10), (np.int64(997), np.int64(441)), (np.int64(1387), np.int64(441)), (np.int64(1776), np.int64(441)), (np.int64(2166), np.int64(441))]
2025-10-23 02:22:52 [TRACE] 【坐标太近】视为重复
2025-10-23 02:22:52 [TRACE] 【没有通过的坐标】开始下一轮
2025-10-23 02:22:52 [TRACE] 【本轮的坐标】：(np.int64(1388), np.int64(442)) ------------
2025-10-23 02:22:52 [TRACE] 【已点击过的坐标】：[(-10, -10), (np.int64(997), np.int64(441)), (np.int64(1387), np.int64(441)), (np.int64(1776), np.int64(441)), (np.int64(2166), np.int64(441))]
2025-10-23 02:22:52 [TRACE] 【坐标太近】视为重复
2025-10-23 02:22:52 [TRACE] 【没有通过的坐标】开始下一轮
2025-10-23 02:22:52 [TRACE] 【本轮的坐标】：(np.int64(1775), np.int64(442)) ------------
2025-10-23 02:22:52 [TRACE] 【已点击过的坐标】：[(-10, -10), (np.int64(997), np.int64(441)), (np.int64(1387), np.int64(441)), (np.int64(1776), np.int64(441)), (np.int64(2166), np.int64(441))]
2025-10-23 02:22:52 [TRACE] 【坐标太近】视为重复
2025-10-23 02:22:52 [TRACE] 【没有通过的坐标】开始下一轮
2025-10-23 02:22:52 [TRACE] 【本轮的坐标】：(np.int64(1776), np.int64(442)) ------------
2025-10-23 02:22:52 [TRACE] 【已点击过的坐标】：[(-10, -10), (np.int64(997), np.int64(441)), (np.int64(1387), np.int64(441)), (np.int64(1776), np.int64(441)), (np.int64(2166), np.int64(441))]
2025-10-23 02:22:52 [TRACE] 【坐标太近】视为重复
2025-10-23 02:22:52 [TRACE] 【没有通过的坐标】开始下一轮
2025-10-23 02:22:52 [TRACE] 【本轮的坐标】：(np.int64(1777), np.int64(442)) ------------
2025-10-23 02:22:52 [TRACE] 【已点击过的坐标】：[(-10, -10), (np.int64(997), np.int64(441)), (np.int64(1387), np.int64(441)), (np.int64(1776), np.int64(441)), (np.int64(2166), np.int64(441))]
2025-10-23 02:22:52 [TRACE] 【坐标太近】视为重复
2025-10-23 02:22:52 [TRACE] 【没有通过的坐标】开始下一轮
2025-10-23 02:22:52 [TRACE] 【本轮的坐标】：(np.int64(1778), np.int64(442)) ------------
2025-10-23 02:22:52 [TRACE] 【已点击过的坐标】：[(-10, -10), (np.int64(997), np.int64(441)), (np.int64(1387), np.int64(441)), (np.int64(1776), np.int64(441)), (np.int64(2166), np.int64(441))]
2025-10-23 02:22:52 [TRACE] 【坐标太近】视为重复
2025-10-23 02:22:52 [TRACE] 【没有通过的坐标】开始下一轮
2025-10-23 02:22:52 [TRACE] 【本轮的坐标】：(np.int64(2165), np.int64(442)) ------------
2025-10-23 02:22:52 [TRACE] 【已点击过的坐标】：[(-10, -10), (np.int64(997), np.int64(441)), (np.int64(1387), np.int64(441)), (np.int64(1776), np.int64(441)), (np.int64(2166), np.int64(441))]
2025-10-23 02:22:52 [TRACE] 【坐标太近】视为重复
2025-10-23 02:22:52 [TRACE] 【没有通过的坐标】开始下一轮
2025-10-23 02:22:52 [TRACE] 【本轮的坐标】：(np.int64(2166), np.int64(442)) ------------
2025-10-23 02:22:52 [TRACE] 【已点击过的坐标】：[(-10, -10), (np.int64(997), np.int64(441)), (np.int64(1387), np.int64(441)), (np.int64(1776), np.int64(441)), (np.int64(2166), np.int64(441))]
2025-10-23 02:22:52 [TRACE] 【坐标太近】视为重复
2025-10-23 02:22:52 [TRACE] 【没有通过的坐标】开始下一轮
2025-10-23 02:22:52 [TRACE] 【本轮的坐标】：(np.int64(2167), np.int64(442)) ------------
2025-10-23 02:22:52 [TRACE] 【已点击过的坐标】：[(-10, -10), (np.int64(997), np.int64(441)), (np.int64(1387), np.int64(441)), (np.int64(1776), np.int64(441)), (np.int64(2166), np.int64(441))]
2025-10-23 02:22:52 [TRACE] 【坐标太近】视为重复
2025-10-23 02:22:52 [TRACE] 【没有通过的坐标】开始下一轮
2025-10-23 02:22:52 [TRACE] 【本轮的坐标】：(np.int64(997), np.int64(443)) ------------
2025-10-23 02:22:52 [TRACE] 【已点击过的坐标】：[(-10, -10), (np.int64(997), np.int64(441)), (np.int64(1387), np.int64(441)), (np.int64(1776), np.int64(441)), (np.int64(2166), np.int64(441))]
2025-10-23 02:22:52 [TRACE] 【坐标太近】视为重复
2025-10-23 02:22:52 [TRACE] 【没有通过的坐标】开始下一轮
2025-10-23 02:22:52 [TRACE] 【本轮的坐标】：(np.int64(1386), np.int64(443)) ------------
2025-10-23 02:22:52 [TRACE] 【已点击过的坐标】：[(-10, -10), (np.int64(997), np.int64(441)), (np.int64(1387), np.int64(441)), (np.int64(1776), np.int64(441)), (np.int64(2166), np.int64(441))]
2025-10-23 02:22:52 [TRACE] 【坐标太近】视为重复
2025-10-23 02:22:52 [TRACE] 【没有通过的坐标】开始下一轮
2025-10-23 02:22:52 [TRACE] 【本轮的坐标】：(np.int64(1387), np.int64(443)) ------------
2025-10-23 02:22:52 [TRACE] 【已点击过的坐标】：[(-10, -10), (np.int64(997), np.int64(441)), (np.int64(1387), np.int64(441)), (np.int64(1776), np.int64(441)), (np.int64(2166), np.int64(441))]
2025-10-23 02:22:52 [TRACE] 【坐标太近】视为重复
2025-10-23 02:22:52 [TRACE] 【没有通过的坐标】开始下一轮
2025-10-23 02:22:52 [TRACE] 【本轮的坐标】：(np.int64(1776), np.int64(443)) ------------
2025-10-23 02:22:52 [TRACE] 【已点击过的坐标】：[(-10, -10), (np.int64(997), np.int64(441)), (np.int64(1387), np.int64(441)), (np.int64(1776), np.int64(441)), (np.int64(2166), np.int64(441))]
2025-10-23 02:22:52 [TRACE] 【坐标太近】视为重复
2025-10-23 02:22:52 [TRACE] 【没有通过的坐标】开始下一轮
2025-10-23 02:22:52 [TRACE] 【本轮的坐标】：(np.int64(2166), np.int64(443)) ------------
2025-10-23 02:22:52 [TRACE] 【已点击过的坐标】：[(-10, -10), (np.int64(997), np.int64(441)), (np.int64(1387), np.int64(441)), (np.int64(1776), np.int64(441)), (np.int64(2166), np.int64(441))]
2025-10-23 02:22:52 [TRACE] 【坐标太近】视为重复
2025-10-23 02:22:52 [TRACE] 【没有通过的坐标】开始下一轮
2025-10-23 02:22:52 [TRACE] 【完成所有点击】有效次数：4
2025-10-23 02:22:53 [TRACE] 【目标检测】目标存在，但置信度不足
2025-10-23 02:22:54 [TRACE] 【目标检测】屏幕内没有目标
2025-10-23 02:22:55 [TRACE] 【目标检测】屏幕内没有目标
2025-10-23 02:22:56 [TRACE] 【目标检测】屏幕内没有目标
2025-10-23 02:22:57 [TRACE] 【目标检测】TRAPPED！ 类型：guide_point 置信度：0.8337746262550354
2025-10-23 02:23:01 [TRACE] 【目标检测】目标存在，但置信度不足
2025-10-23 02:23:04 [TRACE] 【空洞监听】无匹配已持续：0秒
2025-10-23 02:23:05 [TRACE] 【目标检测】TRAPPED！ 类型：guide_point 置信度：0.8471222519874573
2025-10-23 02:23:12 [TRACE] 【目标检测】TRAPPED！ 类型：guide_point 置信度：0.8638608455657959
2025-10-23 02:23:15 [TRACE] 【状态】搜索模式：C:\Users\gelon\Desktop\ZA-Lite\assets/images/hollow\meter.png 置信度：0.9758887887001038
2025-10-23 02:23:16 [TRACE] 【目标检测】TRAPPED！ 类型：guide_point 置信度：0.6816750764846802
2025-10-23 02:23:23 [TRACE] 【目标检测】TRAPPED！ 类型：guide_point 置信度：0.7638837695121765
2025-10-23 02:23:25 [TRACE] 【空洞监听】无匹配已持续：0秒
2025-10-23 02:23:28 [TRACE] 【目标检测】TRAPPED！ 类型：guide_point 置信度：0.846983790397644
2025-10-23 02:23:29 [TRACE] 【状态】搜索模式：C:\Users\gelon\Desktop\ZA-Lite\assets/images/hollow\meter.png 置信度：0.9200998544692993
2025-10-23 02:23:35 [TRACE] 【目标检测】屏幕内没有目标
2025-10-23 02:23:36 [TRACE] 【目标检测】屏幕内没有目标
2025-10-23 02:23:37 [TRACE] 【目标检测】屏幕内没有目标
2025-10-23 02:23:38 [TRACE] 【空洞监听】无匹配已持续：0秒
2025-10-23 02:23:38 [TRACE] 【目标检测】屏幕内没有目标
2025-10-23 02:23:40 [TRACE] 【目标检测】屏幕内没有目标
2025-10-23 02:23:41 [TRACE] 【状态】战斗模式：C:\Users\gelon\Desktop\ZA-Lite\assets/images/hollow\battle_3.png 置信度：0.9999995827674866
2025-10-23 02:23:42 [TRACE] 【目标检测】屏幕内没有目标
2025-10-23 02:23:51 [TRACE] 【空洞监听】无匹配已持续：0秒
2025-10-23 02:23:57 [TRACE] 【状态】战斗模式：正在受到攻击
2025-10-23 02:24:03 [TRACE] 【状态】战斗模式：正在受到攻击
2025-10-23 02:24:10 [TRACE] 【空洞监听】无匹配已持续：0秒
2025-10-23 02:24:16 [TRACE] 【空洞监听】无匹配已持续：6秒
2025-10-23 02:24:23 [TRACE] 【空洞监听】无匹配已持续：13秒
2025-10-23 02:24:29 [TRACE] 【空洞监听】无匹配已持续：19秒
2025-10-23 02:24:35 [TRACE] 【空洞监听】无匹配已持续：25秒
2025-10-23 02:24:41 [TRACE] 【空洞监听】无匹配已持续：31秒
2025-10-23 02:24:48 [TRACE] 【空洞监听】无匹配已持续：38秒
2025-10-23 02:24:52 [TRACE] 【状态】战斗模式：C:\Users\gelon\Desktop\ZA-Lite\assets/images/hollow\battle_5.png 置信度：0.97430819272995
2025-10-23 02:25:01 [TRACE] 【空洞监听】无匹配已持续：0秒
2025-10-23 02:25:07 [TRACE] 【状态】战斗模式：正在受到攻击
2025-10-23 02:25:13 [TRACE] 【空洞监听】无匹配已持续：0秒
2025-10-23 02:25:26 [TRACE] 【空洞监听】无匹配已持续：0秒
2025-10-23 02:25:33 [TRACE] 【空洞监听】无匹配已持续：6秒
2025-10-23 02:25:36 [TRACE] 【状态】搜索模式：C:\Users\gelon\Desktop\ZA-Lite\assets/images/hollow\meter.png 置信度：0.9826645255088806
2025-10-23 02:25:43 [TRACE] 【状态】搜索模式：C:\Users\gelon\Desktop\ZA-Lite\assets/images/hollow\meter.png 置信度：0.9615941643714905
2025-10-23 02:25:44 [TRACE] 【目标检测】微调超时，无法对齐！
2025-10-23 02:25:45 [TRACE] 【目标检测】目标存在，但置信度不足
2025-10-23 02:25:49 [TRACE] 【目标检测】TRAPPED！ 类型：guide_point 置信度：0.848456859588623
2025-10-23 02:25:49 [TRACE] 【状态】搜索模式：C:\Users\gelon\Desktop\ZA-Lite\assets/images/hollow\meter.png 置信度：0.9258714318275452
2025-10-23 02:25:56 [TRACE] 【目标检测】屏幕内没有目标
2025-10-23 02:25:57 [TRACE] 【目标检测】屏幕内没有目标
2025-10-23 02:25:58 [TRACE] 【空洞监听】无匹配已持续：0秒
2025-10-23 02:25:58 [TRACE] 【目标检测】屏幕内没有目标
2025-10-23 02:25:59 [TRACE] 【目标检测】屏幕内没有目标
2025-10-23 02:26:01 [TRACE] 【目标检测】屏幕内没有目标
2025-10-23 02:26:05 [TRACE] 【空洞监听】无匹配已持续：7秒
2025-10-23 02:26:06 [TRACE] 【目标检测】TRAPPED！ 类型：interact 置信度：0.9412859082221985
2025-10-23 02:26:11 [TRACE] 【空洞监听】无匹配已持续：13秒
2025-10-23 02:26:13 [TRACE] 【目标检测】屏幕内没有目标
2025-10-23 02:26:14 [TRACE] 【目标检测】屏幕内没有目标
2025-10-23 02:26:15 [TRACE] 【目标检测】屏幕内没有目标
2025-10-23 02:26:16 [TRACE] 【目标检测】屏幕内没有目标
2025-10-23 02:26:17 [TRACE] 【目标检测】屏幕内没有目标
2025-10-23 02:26:19 [TRACE] 【目标检测】屏幕内没有目标
2025-10-23 02:26:20 [TRACE] 【目标检测】屏幕内没有目标
2025-10-23 02:26:21 [TRACE] 【目标检测】屏幕内没有目标
2025-10-23 02:26:22 [TRACE] 【目标检测】屏幕内没有目标
2025-10-23 02:26:24 [TRACE] 【目标检测】屏幕内没有目标
2025-10-23 02:26:26 [TRACE] 【目标检测】屏幕内没有目标
2025-10-23 02:26:27 [TRACE] 【目标检测】屏幕内没有目标
2025-10-23 02:26:28 [TRACE] 【目标检测】屏幕内没有目标
2025-10-23 02:26:29 [TRACE] 【目标检测】屏幕内没有目标
2025-10-23 02:26:30 [TRACE] 【目标检测】屏幕内没有目标
2025-10-23 02:26:32 [TRACE] 【目标检测】屏幕内没有目标
2025-10-23 02:26:34 [TRACE] 【目标检测】屏幕内没有目标
2025-10-23 02:26:35 [TRACE] 【目标检测】屏幕内没有目标
2025-10-23 02:26:36 [TRACE] 【目标检测】屏幕内没有目标
2025-10-23 02:26:37 [TRACE] 【目标检测】屏幕内没有目标
2025-10-23 02:26:39 [TRACE] 【目标检测】屏幕内没有目标
2025-10-23 02:26:40 [TRACE] 【目标检测】屏幕内没有目标
2025-10-23 02:26:41 [TRACE] 【目标检测】屏幕内没有目标
2025-10-23 02:26:43 [TRACE] 【目标检测】屏幕内没有目标
2025-10-23 02:26:44 [TRACE] 【目标检测】屏幕内没有目标
2025-10-23 02:26:46 [TRACE] 【目标检测】屏幕内没有目标
2025-10-23 02:26:47 [TRACE] 【目标检测】屏幕内没有目标
2025-10-23 02:26:48 [TRACE] 【目标检测】屏幕内没有目标
2025-10-23 02:26:49 [TRACE] 【目标检测】屏幕内没有目标
2025-10-23 02:26:50 [TRACE] 【目标检测】屏幕内没有目标
2025-10-23 02:26:53 [TRACE] 【目标检测】屏幕内没有目标
2025-10-23 02:26:54 [TRACE] 【目标检测】屏幕内没有目标
2025-10-23 02:26:55 [TRACE] 【目标检测】屏幕内没有目标
2025-10-23 02:26:56 [TRACE] 【目标检测】屏幕内没有目标
2025-10-23 02:26:57 [TRACE] 【目标检测】屏幕内没有目标
2025-10-23 02:26:59 [TRACE] 【目标检测】屏幕内没有目标
2025-10-23 02:27:00 [TRACE] 【目标检测】屏幕内没有目标
2025-10-23 02:27:01 [TRACE] 【目标检测】屏幕内没有目标
2025-10-23 02:27:02 [TRACE] 【目标检测】屏幕内没有目标
2025-10-23 02:27:03 [TRACE] 【目标检测】屏幕内没有目标
2025-10-23 02:27:06 [TRACE] 【目标检测】屏幕内没有目标
2025-10-23 02:27:07 [TRACE] 【目标检测】屏幕内没有目标
2025-10-23 02:27:08 [TRACE] 【目标检测】屏幕内没有目标
2025-10-23 02:27:09 [TRACE] 【目标检测】屏幕内没有目标
2025-10-23 02:27:10 [TRACE] 【目标检测】屏幕内没有目标
2025-10-23 02:27:12 [TRACE] 【目标检测】屏幕内没有目标
2025-10-23 02:27:13 [TRACE] 【目标检测】屏幕内没有目标
2025-10-23 02:27:14 [TRACE] 【目标检测】屏幕内没有目标
2025-10-23 02:27:16 [TRACE] 【目标检测】屏幕内没有目标
2025-10-23 02:27:17 [TRACE] 【目标检测】屏幕内没有目标
2025-10-23 02:27:19 [TRACE] 【目标检测】屏幕内没有目标
2025-10-23 02:27:20 [TRACE] 【目标检测】屏幕内没有目标
2025-10-23 02:27:21 [TRACE] 【目标检测】屏幕内没有目标
2025-10-23 02:27:22 [TRACE] 【目标检测】屏幕内没有目标
2025-10-23 02:27:23 [TRACE] 【目标检测】屏幕内没有目标
2025-10-23 02:27:29 [TRACE] 【目标检测】TRAPPED！ 类型：interact 置信度：0.9235021471977234
2025-10-23 02:27:31 [TRACE] 【空洞监听】无匹配已持续：0秒
2025-10-23 02:27:36 [TRACE] 【目标检测】屏幕内没有目标
2025-10-23 02:27:37 [TRACE] 【目标检测】屏幕内没有目标
2025-10-23 02:27:38 [TRACE] 【空洞监听】无匹配已持续：6秒
2025-10-23 02:27:38 [TRACE] 【目标检测】屏幕内没有目标
2025-10-23 02:27:39 [TRACE] 【目标检测】屏幕内没有目标
2025-10-23 02:27:41 [TRACE] 【目标检测】屏幕内没有目标
2025-10-23 02:27:43 [TRACE] 【目标检测】屏幕内没有目标
2025-10-23 02:27:44 [TRACE] 【目标检测】屏幕内没有目标
2025-10-23 02:27:45 [TRACE] 【目标检测】屏幕内没有目标
2025-10-23 02:27:46 [TRACE] 【目标检测】屏幕内没有目标
2025-10-23 02:27:47 [TRACE] 【目标检测】屏幕内没有目标
2025-10-23 02:27:50 [TRACE] 【目标检测】屏幕内没有目标
2025-10-23 02:27:51 [TRACE] 【目标检测】屏幕内没有目标
2025-10-23 02:27:52 [TRACE] 【目标检测】屏幕内没有目标
2025-10-23 02:27:53 [TRACE] 【目标检测】屏幕内没有目标
2025-10-23 02:27:54 [TRACE] 【目标检测】屏幕内没有目标
2025-10-23 02:27:56 [TRACE] 【目标检测】屏幕内没有目标
2025-10-23 02:27:57 [TRACE] 【目标检测】屏幕内没有目标
2025-10-23 02:27:58 [TRACE] 【目标检测】屏幕内没有目标
2025-10-23 02:28:00 [TRACE] 【目标检测】屏幕内没有目标
2025-10-23 02:28:01 [TRACE] 【目标检测】屏幕内没有目标
2025-10-23 02:28:03 [TRACE] 【目标检测】屏幕内没有目标
2025-10-23 02:28:04 [TRACE] 【目标检测】屏幕内没有目标
2025-10-23 02:28:05 [TRACE] 【目标检测】屏幕内没有目标
2025-10-23 02:28:06 [TRACE] 【目标检测】屏幕内没有目标
2025-10-23 02:28:07 [TRACE] 【目标检测】屏幕内没有目标
2025-10-23 02:28:09 [TRACE] 【目标检测】屏幕内没有目标
2025-10-23 02:28:10 [TRACE] 【目标检测】屏幕内没有目标
2025-10-23 02:28:12 [TRACE] 【目标检测】屏幕内没有目标
2025-10-23 02:28:13 [TRACE] 【目标检测】屏幕内没有目标
2025-10-23 02:28:14 [TRACE] 【目标检测】屏幕内没有目标
2025-10-23 02:28:16 [TRACE] 【目标检测】屏幕内没有目标
2025-10-23 02:28:17 [TRACE] 【目标检测】屏幕内没有目标
2025-10-23 02:28:18 [TRACE] 【目标检测】屏幕内没有目标
2025-10-23 02:28:19 [TRACE] 【目标检测】屏幕内没有目标
2025-10-23 02:28:21 [TRACE] 【目标检测】屏幕内没有目标
2025-10-23 02:28:23 [TRACE] 【目标检测】屏幕内没有目标
2025-10-23 02:28:24 [TRACE] 【目标检测】屏幕内没有目标
2025-10-23 02:28:25 [TRACE] 【目标检测】屏幕内没有目标
2025-10-23 02:28:26 [TRACE] 【目标检测】屏幕内没有目标
2025-10-23 02:28:27 [TRACE] 【目标检测】屏幕内没有目标
2025-10-23 02:28:29 [TRACE] 【目标检测】屏幕内没有目标
2025-10-23 02:28:30 [TRACE] 【目标检测】屏幕内没有目标
2025-10-23 02:28:32 [TRACE] 【目标检测】屏幕内没有目标
2025-10-23 02:28:33 [TRACE] 【目标检测】屏幕内没有目标
2025-10-23 02:28:34 [TRACE] 【目标检测】屏幕内没有目标
2025-10-23 02:28:36 [TRACE] 【目标检测】屏幕内没有目标
2025-10-23 02:28:37 [TRACE] 【目标检测】屏幕内没有目标
2025-10-23 02:28:38 [TRACE] 【目标检测】屏幕内没有目标
2025-10-23 02:28:39 [TRACE] 【目标检测】屏幕内没有目标
2025-10-23 02:28:40 [TRACE] 【目标检测】屏幕内没有目标
2025-10-23 02:28:43 [TRACE] 【目标检测】屏幕内没有目标
2025-10-23 02:28:44 [TRACE] 【目标检测】屏幕内没有目标
2025-10-23 02:28:45 [TRACE] 【目标检测】屏幕内没有目标
2025-10-23 02:28:46 [TRACE] 【目标检测】屏幕内没有目标
2025-10-23 02:28:47 [TRACE] 【目标检测】屏幕内没有目标
2025-10-23 02:28:49 [TRACE] 【目标检测】屏幕内没有目标
2025-10-23 02:28:50 [TRACE] 【目标检测】屏幕内没有目标
2025-10-23 02:28:53 [TRACE] 【目标检测】TRAPPED！ 类型：interact 置信度：0.9294571280479431
2025-10-23 02:28:57 [TRACE] 【空洞监听】无匹配已持续：0秒
2025-10-23 02:29:03 [TRACE] 【目标检测】TRAPPED！ 类型：interact 置信度：0.8819144368171692
2025-10-23 02:29:03 [TRACE] 【空洞监听】无匹配已持续：6秒
2025-10-23 02:29:08 [TRACE] 【目标检测】TRAPPED！ 类型：interact 置信度：0.9526962041854858
2025-10-23 02:29:09 [TRACE] 【空洞监听】无匹配已持续：12秒
2025-10-23 02:29:16 [TRACE] 【空洞监听】无匹配已持续：19秒
2025-10-23 02:29:19 [TRACE] 【目标检测】TRAPPED！ 类型：interact 置信度：0.8259924054145813
2025-10-23 02:29:22 [TRACE] 【空洞监听】无匹配已持续：25秒
2025-10-23 02:29:25 [TRACE] 【目标检测】TRAPPED！ 类型：interact 置信度：0.9035480618476868
2025-10-23 02:29:28 [TRACE] 【空洞监听】无匹配已持续：31秒
2025-10-23 02:29:32 [TRACE] 【目标检测】屏幕内没有目标
2025-10-23 02:29:34 [TRACE] 【目标检测】屏幕内没有目标
2025-10-23 02:29:35 [TRACE] 【目标检测】屏幕内没有目标
2025-10-23 02:29:36 [TRACE] 【目标检测】屏幕内没有目标
2025-10-23 02:29:37 [TRACE] 【目标检测】屏幕内没有目标
2025-10-23 02:29:39 [TRACE] 【目标检测】屏幕内没有目标
2025-10-23 02:29:40 [TRACE] 【目标检测】屏幕内没有目标
2025-10-23 02:29:42 [TRACE] 【目标检测】屏幕内没有目标
2025-10-23 02:29:43 [TRACE] 【目标检测】屏幕内没有目标
2025-10-23 02:29:44 [TRACE] 【目标检测】屏幕内没有目标
2025-10-23 02:29:46 [TRACE] 【目标检测】屏幕内没有目标
2025-10-23 02:29:47 [TRACE] 【目标检测】屏幕内没有目标
2025-10-23 02:29:48 [TRACE] 【目标检测】屏幕内没有目标
2025-10-23 02:29:49 [TRACE] 【目标检测】屏幕内没有目标
2025-10-23 02:29:51 [TRACE] 【目标检测】屏幕内没有目标
2025-10-23 02:29:53 [TRACE] 【目标检测】屏幕内没有目标
2025-10-23 02:29:54 [TRACE] 【目标检测】屏幕内没有目标
2025-10-23 02:29:55 [TRACE] 【目标检测】屏幕内没有目标
2025-10-23 02:29:56 [TRACE] 【目标检测】屏幕内没有目标
2025-10-23 02:29:57 [TRACE] 【目标检测】屏幕内没有目标
2025-10-23 02:30:00 [TRACE] 【目标检测】屏幕内没有目标
2025-10-23 02:30:01 [TRACE] 【目标检测】屏幕内没有目标
2025-10-23 02:30:02 [TRACE] 【目标检测】屏幕内没有目标
2025-10-23 02:30:03 [TRACE] 【目标检测】屏幕内没有目标
2025-10-23 02:30:04 [TRACE] 【目标检测】屏幕内没有目标
2025-10-23 02:30:06 [TRACE] 【目标检测】屏幕内没有目标
2025-10-23 02:30:07 [TRACE] 【目标检测】屏幕内没有目标
2025-10-23 02:30:08 [TRACE] 【目标检测】屏幕内没有目标
2025-10-23 02:30:09 [TRACE] 【目标检测】屏幕内没有目标
2025-10-23 02:30:11 [TRACE] 【目标检测】屏幕内没有目标
2025-10-23 02:30:13 [TRACE] 【目标检测】屏幕内没有目标
2025-10-23 02:30:14 [TRACE] 【目标检测】屏幕内没有目标
2025-10-23 02:30:15 [TRACE] 【目标检测】屏幕内没有目标
2025-10-23 02:30:16 [TRACE] 【目标检测】屏幕内没有目标
2025-10-23 02:30:17 [TRACE] 【目标检测】屏幕内没有目标
2025-10-23 02:30:20 [TRACE] 【目标检测】屏幕内没有目标
2025-10-23 02:30:21 [TRACE] 【目标检测】屏幕内没有目标
2025-10-23 02:30:22 [TRACE] 【目标检测】屏幕内没有目标
2025-10-23 02:30:23 [TRACE] 【目标检测】屏幕内没有目标
2025-10-23 02:30:24 [TRACE] 【目标检测】屏幕内没有目标
2025-10-23 02:30:26 [TRACE] 【目标检测】屏幕内没有目标
2025-10-23 02:30:27 [TRACE] 【目标检测】屏幕内没有目标
2025-10-23 02:30:29 [TRACE] 【目标检测】屏幕内没有目标
2025-10-23 02:30:30 [TRACE] 【目标检测】屏幕内没有目标
2025-10-23 02:30:31 [TRACE] 【目标检测】屏幕内没有目标
2025-10-23 02:30:33 [TRACE] 【目标检测】屏幕内没有目标
2025-10-23 02:30:34 [TRACE] 【目标检测】屏幕内没有目标
2025-10-23 02:30:36 [TRACE] 【目标检测】屏幕内没有目标
2025-10-23 02:30:37 [TRACE] 【目标检测】屏幕内没有目标
2025-10-23 02:30:38 [TRACE] 【目标检测】屏幕内没有目标
2025-10-23 02:30:40 [TRACE] 【目标检测】屏幕内没有目标
2025-10-23 02:30:41 [TRACE] 【目标检测】屏幕内没有目标
2025-10-23 02:30:42 [TRACE] 【目标检测】TRAPPED！ 类型：interact 置信度：0.9142719507217407
2025-10-23 02:30:49 [TRACE] 【目标检测】屏幕内没有目标
2025-10-23 02:30:50 [TRACE] 【目标检测】屏幕内没有目标
2025-10-23 02:30:51 [TRACE] 【目标检测】屏幕内没有目标
2025-10-23 02:30:52 [TRACE] 【目标检测】屏幕内没有目标
2025-10-23 02:30:54 [TRACE] 【目标检测】屏幕内没有目标
2025-10-23 02:30:56 [TRACE] 【目标检测】屏幕内没有目标
2025-10-23 02:30:57 [TRACE] 【目标检测】屏幕内没有目标
2025-10-23 02:30:58 [TRACE] 【目标检测】屏幕内没有目标
2025-10-23 02:30:59 [TRACE] 【目标检测】屏幕内没有目标
2025-10-23 02:31:00 [TRACE] 【目标检测】屏幕内没有目标
2025-10-23 02:31:02 [TRACE] 【目标检测】屏幕内没有目标
2025-10-23 02:31:04 [TRACE] 【目标检测】屏幕内没有目标
2025-10-23 02:31:05 [TRACE] 【目标检测】屏幕内没有目标
2025-10-23 02:31:06 [TRACE] 【目标检测】屏幕内没有目标
2025-10-23 02:31:07 [TRACE] 【目标检测】屏幕内没有目标
2025-10-23 02:31:10 [TRACE] 【目标检测】屏幕内没有目标
2025-10-23 02:31:11 [TRACE] 【目标检测】屏幕内没有目标
2025-10-23 02:31:12 [TRACE] 【目标检测】屏幕内没有目标
2025-10-23 02:31:13 [TRACE] 【目标检测】屏幕内没有目标
2025-10-23 02:31:14 [TRACE] 【目标检测】屏幕内没有目标
2025-10-23 02:31:16 [TRACE] 【目标检测】屏幕内没有目标
2025-10-23 02:31:17 [TRACE] 【目标检测】屏幕内没有目标
2025-10-23 02:31:18 [TRACE] 【目标检测】屏幕内没有目标
2025-10-23 02:31:19 [TRACE] 【目标检测】屏幕内没有目标
2025-10-23 02:31:21 [TRACE] 【目标检测】屏幕内没有目标
2025-10-23 02:31:23 [TRACE] 【目标检测】屏幕内没有目标
2025-10-23 02:31:24 [TRACE] 【目标检测】屏幕内没有目标
2025-10-23 02:31:25 [TRACE] 【目标检测】屏幕内没有目标
2025-10-23 02:31:26 [TRACE] 【目标检测】屏幕内没有目标
2025-10-23 02:31:27 [TRACE] 【目标检测】屏幕内没有目标
2025-10-23 02:31:29 [TRACE] 【目标检测】屏幕内没有目标
2025-10-23 02:31:30 [TRACE] 【目标检测】屏幕内没有目标
2025-10-23 02:31:31 [TRACE] 【目标检测】屏幕内没有目标
2025-10-23 02:31:33 [TRACE] 【目标检测】屏幕内没有目标
2025-10-23 02:31:34 [TRACE] 【目标检测】屏幕内没有目标
2025-10-23 02:31:36 [TRACE] 【目标检测】屏幕内没有目标
2025-10-23 02:31:37 [TRACE] 【目标检测】屏幕内没有目标
2025-10-23 02:31:38 [TRACE] 【目标检测】屏幕内没有目标
2025-10-23 02:31:39 [TRACE] 【目标检测】屏幕内没有目标
2025-10-23 02:31:40 [TRACE] 【目标检测】屏幕内没有目标
2025-10-23 02:31:43 [TRACE] 【目标检测】屏幕内没有目标
2025-10-23 02:31:44 [TRACE] 【目标检测】屏幕内没有目标
2025-10-23 02:31:45 [TRACE] 【目标检测】屏幕内没有目标
2025-10-23 02:31:46 [TRACE] 【目标检测】屏幕内没有目标
2025-10-23 02:31:47 [TRACE] 【目标检测】屏幕内没有目标
2025-10-23 02:31:52 [TRACE] 【目标检测】TRAPPED！ 类型：interact 置信度：0.9141169190406799
2025-10-23 02:31:56 [TRACE] 【空洞监听】无匹配已持续：0秒
2025-10-23 02:31:59 [TRACE] 【目标检测】屏幕内没有目标
2025-10-23 02:32:00 [TRACE] 【目标检测】屏幕内没有目标
2025-10-23 02:32:01 [TRACE] 【目标检测】屏幕内没有目标
2025-10-23 02:32:02 [TRACE] 【目标检测】屏幕内没有目标
2025-10-23 02:32:03 [TRACE] 【目标检测】屏幕内没有目标
2025-10-23 02:32:05 [TRACE] 【目标检测】屏幕内没有目标
2025-10-23 02:32:07 [TRACE] 【目标检测】屏幕内没有目标
2025-10-23 02:32:08 [TRACE] 【目标检测】屏幕内没有目标
2025-10-23 02:32:09 [TRACE] 【目标检测】屏幕内没有目标
2025-10-23 02:32:10 [TRACE] 【目标检测】屏幕内没有目标
2025-10-23 02:32:12 [TRACE] 【目标检测】屏幕内没有目标
2025-10-23 02:32:13 [TRACE] 【目标检测】屏幕内没有目标
2025-10-23 02:32:15 [TRACE] 【目标检测】屏幕内没有目标
2025-10-23 02:32:16 [TRACE] 【目标检测】屏幕内没有目标
2025-10-23 02:32:17 [TRACE] 【目标检测】屏幕内没有目标
2025-10-23 02:32:19 [TRACE] 【目标检测】屏幕内没有目标
2025-10-23 02:32:20 [TRACE] 【目标检测】屏幕内没有目标
2025-10-23 02:32:22 [TRACE] 【目标检测】屏幕内没有目标
2025-10-23 02:32:23 [TRACE] 【目标检测】屏幕内没有目标
2025-10-23 02:32:24 [TRACE] 【目标检测】屏幕内没有目标
2025-10-23 02:32:26 [TRACE] 【目标检测】屏幕内没有目标
2025-10-23 02:32:27 [TRACE] 【目标检测】屏幕内没有目标
2025-10-23 02:32:28 [TRACE] 【目标检测】屏幕内没有目标
2025-10-23 02:32:30 [TRACE] 【目标检测】屏幕内没有目标
2025-10-23 02:32:31 [TRACE] 【目标检测】屏幕内没有目标
2025-10-23 02:32:33 [TRACE] 【目标检测】屏幕内没有目标
2025-10-23 02:32:34 [TRACE] 【目标检测】屏幕内没有目标
2025-10-23 02:32:35 [TRACE] 【目标检测】屏幕内没有目标
2025-10-23 02:32:36 [TRACE] 【目标检测】屏幕内没有目标
2025-10-23 02:32:37 [TRACE] 【目标检测】屏幕内没有目标
2025-10-23 02:32:39 [TRACE] 【目标检测】屏幕内没有目标
2025-10-23 02:32:40 [TRACE] 【目标检测】屏幕内没有目标
2025-10-23 02:32:41 [TRACE] 【目标检测】屏幕内没有目标
2025-10-23 02:32:43 [TRACE] 【目标检测】屏幕内没有目标
2025-10-23 02:32:44 [TRACE] 【目标检测】屏幕内没有目标
2025-10-23 02:32:46 [TRACE] 【目标检测】屏幕内没有目标
2025-10-23 02:32:47 [TRACE] 【目标检测】屏幕内没有目标
2025-10-23 02:32:48 [TRACE] 【目标检测】屏幕内没有目标
2025-10-23 02:32:50 [TRACE] 【目标检测】屏幕内没有目标
2025-10-23 02:32:50 [TRACE] 【目标检测】屏幕内没有目标
2025-10-23 02:32:53 [TRACE] 【目标检测】屏幕内没有目标
2025-10-23 02:32:54 [TRACE] 【目标检测】屏幕内没有目标
2025-10-23 02:32:55 [TRACE] 【目标检测】屏幕内没有目标
2025-10-23 02:32:56 [TRACE] 【目标检测】屏幕内没有目标
2025-10-23 02:32:57 [TRACE] 【目标检测】屏幕内没有目标
2025-10-23 02:32:59 [TRACE] 【目标检测】屏幕内没有目标
2025-10-23 02:33:00 [TRACE] 【目标检测】屏幕内没有目标
2025-10-23 02:33:01 [TRACE] 【目标检测】屏幕内没有目标
2025-10-23 02:33:03 [TRACE] 【目标检测】屏幕内没有目标
2025-10-23 02:33:04 [TRACE] 【目标检测】屏幕内没有目标
2025-10-23 02:33:06 [TRACE] 【目标检测】屏幕内没有目标
2025-10-23 02:33:07 [TRACE] 【目标检测】屏幕内没有目标
2025-10-23 02:33:08 [TRACE] 【目标检测】屏幕内没有目标
2025-10-23 02:33:09 [TRACE] 【目标检测】屏幕内没有目标
2025-10-23 02:33:10 [TRACE] 【目标检测】屏幕内没有目标
2025-10-23 02:33:12 [TRACE] 【目标检测】屏幕内没有目标
2025-10-23 02:33:13 [TRACE] 【目标检测】屏幕内没有目标
2025-10-23 02:33:14 [TRACE] 【目标检测】屏幕内没有目标
2025-10-23 02:33:15 [TRACE] 【目标检测】屏幕内没有目标
2025-10-23 02:33:17 [TRACE] 【目标检测】目标存在，但置信度不足
2025-10-23 02:33:18 [TRACE] 【目标检测】屏幕内没有目标
2025-10-23 02:33:20 [TRACE] 【目标检测】屏幕内没有目标
2025-10-23 02:33:21 [TRACE] 【目标检测】屏幕内没有目标
2025-10-23 02:33:22 [TRACE] 【空洞监听】无匹配已持续：0秒
2025-10-23 02:33:22 [TRACE] 【目标检测】屏幕内没有目标
2025-10-23 02:33:23 [TRACE] 【目标检测】屏幕内没有目标
2025-10-23 02:33:28 [TRACE] 【空洞监听】无匹配已持续：6秒
2025-10-23 02:33:29 [TRACE] 【目标检测】TRAPPED！ 类型：interact 置信度：0.9200501441955566
2025-10-23 02:33:35 [TRACE] 【空洞监听】无匹配已持续：12秒
2025-10-23 02:33:36 [TRACE] 【目标检测】屏幕内没有目标
2025-10-23 02:33:37 [TRACE] 【目标检测】屏幕内没有目标
2025-10-23 02:33:38 [TRACE] 【目标检测】屏幕内没有目标
2025-10-23 02:33:40 [TRACE] 【目标检测】屏幕内没有目标
2025-10-23 02:33:41 [TRACE] 【目标检测】屏幕内没有目标
2025-10-23 02:33:43 [TRACE] 【目标检测】屏幕内没有目标
2025-10-23 02:33:44 [TRACE] 【目标检测】屏幕内没有目标
2025-10-23 02:33:45 [TRACE] 【目标检测】屏幕内没有目标
2025-10-23 02:33:46 [TRACE] 【目标检测】屏幕内没有目标
2025-10-23 02:33:47 [TRACE] 【目标检测】屏幕内没有目标
2025-10-23 02:33:50 [TRACE] 【目标检测】屏幕内没有目标
2025-10-23 02:33:51 [TRACE] 【目标检测】屏幕内没有目标
2025-10-23 02:33:52 [TRACE] 【目标检测】屏幕内没有目标
2025-10-23 02:33:53 [TRACE] 【目标检测】屏幕内没有目标
2025-10-23 02:33:54 [TRACE] 【目标检测】屏幕内没有目标
2025-10-23 02:33:57 [TRACE] 【目标检测】屏幕内没有目标
2025-10-23 02:33:58 [TRACE] 【目标检测】屏幕内没有目标
2025-10-23 02:33:59 [TRACE] 【目标检测】屏幕内没有目标
2025-10-23 02:34:00 [TRACE] 【目标检测】屏幕内没有目标
2025-10-23 02:34:01 [TRACE] 【目标检测】屏幕内没有目标
2025-10-23 02:34:03 [TRACE] 【目标检测】屏幕内没有目标
2025-10-23 02:34:04 [TRACE] 【目标检测】屏幕内没有目标
2025-10-23 02:34:05 [TRACE] 【目标检测】屏幕内没有目标
2025-10-23 02:34:07 [TRACE] 【目标检测】屏幕内没有目标
2025-10-23 02:34:08 [TRACE] 【目标检测】屏幕内没有目标
2025-10-23 02:34:10 [TRACE] 【目标检测】屏幕内没有目标
2025-10-23 02:34:11 [TRACE] 【目标检测】屏幕内没有目标
2025-10-23 02:34:12 [TRACE] 【目标检测】屏幕内没有目标
2025-10-23 02:34:13 [TRACE] 【目标检测】屏幕内没有目标
2025-10-23 02:34:14 [TRACE] 【目标检测】屏幕内没有目标
2025-10-23 02:34:17 [TRACE] 【目标检测】屏幕内没有目标
2025-10-23 02:34:18 [TRACE] 【目标检测】屏幕内没有目标
2025-10-23 02:34:19 [TRACE] 【目标检测】屏幕内没有目标
2025-10-23 02:34:20 [TRACE] 【目标检测】屏幕内没有目标
2025-10-23 02:34:21 [TRACE] 【目标检测】屏幕内没有目标
2025-10-23 02:34:23 [TRACE] 【目标检测】屏幕内没有目标
2025-10-23 02:34:25 [TRACE] 【目标检测】屏幕内没有目标
2025-10-23 02:34:26 [TRACE] 【目标检测】屏幕内没有目标
2025-10-23 02:34:27 [TRACE] 【目标检测】屏幕内没有目标
2025-10-23 02:34:28 [TRACE] 【目标检测】屏幕内没有目标
2025-10-23 02:34:30 [TRACE] 【目标检测】屏幕内没有目标
2025-10-23 02:34:31 [TRACE] 【目标检测】屏幕内没有目标
2025-10-23 02:34:32 [TRACE] 【目标检测】屏幕内没有目标
2025-10-23 02:34:33 [TRACE] 【目标检测】屏幕内没有目标
2025-10-23 02:34:35 [TRACE] 【目标检测】屏幕内没有目标
2025-10-23 02:34:37 [TRACE] 【目标检测】屏幕内没有目标
2025-10-23 02:34:38 [TRACE] 【目标检测】屏幕内没有目标
2025-10-23 02:34:39 [TRACE] 【目标检测】屏幕内没有目标
2025-10-23 02:34:40 [TRACE] 【目标检测】目标存在，但置信度不足
2025-10-23 02:34:41 [TRACE] 【目标检测】屏幕内没有目标
2025-10-23 02:34:42 [TRACE] 【目标检测】屏幕内没有目标
2025-10-23 02:34:47 [TRACE] 【目标检测】TRAPPED！ 类型：interact 置信度：0.9192086458206177
2025-10-23 02:34:48 [TRACE] 【空洞监听】无匹配已持续：0秒
2025-10-23 02:34:54 [TRACE] 【目标检测】屏幕内没有目标
2025-10-23 02:34:55 [TRACE] 【目标检测】屏幕内没有目标
2025-10-23 02:34:56 [TRACE] 【目标检测】屏幕内没有目标
2025-10-23 02:34:57 [TRACE] 【目标检测】屏幕内没有目标
2025-10-23 02:34:58 [TRACE] 【目标检测】屏幕内没有目标
2025-10-23 02:35:00 [TRACE] 【目标检测】屏幕内没有目标
2025-10-23 02:35:02 [TRACE] 【目标检测】屏幕内没有目标
2025-10-23 02:35:03 [TRACE] 【目标检测】屏幕内没有目标
2025-10-23 02:35:04 [TRACE] 【目标检测】屏幕内没有目标
2025-10-23 02:35:05 [TRACE] 【目标检测】屏幕内没有目标
2025-10-23 02:35:07 [TRACE] 【目标检测】屏幕内没有目标
2025-10-23 02:35:08 [TRACE] 【目标检测】屏幕内没有目标
2025-10-23 02:35:09 [TRACE] 【目标检测】屏幕内没有目标
2025-10-23 02:35:10 [TRACE] 【目标检测】屏幕内没有目标
2025-10-23 02:35:11 [TRACE] 【目标检测】屏幕内没有目标
2025-10-23 02:35:14 [TRACE] 【目标检测】屏幕内没有目标
2025-10-23 02:35:15 [TRACE] 【目标检测】屏幕内没有目标
2025-10-23 02:35:16 [TRACE] 【目标检测】屏幕内没有目标
2025-10-23 02:35:17 [TRACE] 【目标检测】屏幕内没有目标
2025-10-23 02:35:18 [TRACE] 【目标检测】屏幕内没有目标
2025-10-23 02:35:20 [TRACE] 【目标检测】屏幕内没有目标
2025-10-23 02:35:21 [TRACE] 【目标检测】屏幕内没有目标
2025-10-23 02:35:22 [TRACE] 【目标检测】屏幕内没有目标
2025-10-23 02:35:23 [TRACE] 【目标检测】屏幕内没有目标
2025-10-23 02:35:24 [TRACE] 【目标检测】屏幕内没有目标
2025-10-23 02:35:27 [TRACE] 【目标检测】屏幕内没有目标
2025-10-23 02:35:28 [TRACE] 【目标检测】屏幕内没有目标
2025-10-23 02:35:29 [TRACE] 【目标检测】屏幕内没有目标
2025-10-23 02:35:30 [TRACE] 【目标检测】屏幕内没有目标
2025-10-23 02:35:31 [TRACE] 【目标检测】屏幕内没有目标
2025-10-23 02:35:33 [TRACE] 【目标检测】屏幕内没有目标
2025-10-23 02:35:34 [TRACE] 【目标检测】屏幕内没有目标
2025-10-23 02:35:35 [TRACE] 【目标检测】屏幕内没有目标
2025-10-23 02:35:36 [TRACE] 【目标检测】屏幕内没有目标
2025-10-23 02:35:38 [TRACE] 【目标检测】屏幕内没有目标
2025-10-23 02:35:40 [TRACE] 【目标检测】屏幕内没有目标
2025-10-23 02:35:41 [TRACE] 【目标检测】屏幕内没有目标
2025-10-23 02:35:42 [TRACE] 【目标检测】屏幕内没有目标
2025-10-23 02:35:43 [TRACE] 【目标检测】屏幕内没有目标
2025-10-23 02:35:44 [TRACE] 【目标检测】屏幕内没有目标
2025-10-23 02:35:46 [TRACE] 【目标检测】屏幕内没有目标
2025-10-23 02:35:47 [TRACE] 【目标检测】屏幕内没有目标
2025-10-23 02:35:48 [TRACE] 【目标检测】屏幕内没有目标
2025-10-23 02:35:49 [TRACE] 【目标检测】屏幕内没有目标
2025-10-23 02:35:51 [TRACE] 【目标检测】屏幕内没有目标
2025-10-23 02:35:53 [TRACE] 【目标检测】屏幕内没有目标
2025-10-23 02:35:54 [TRACE] 【目标检测】屏幕内没有目标
2025-10-23 02:35:55 [TRACE] 【目标检测】屏幕内没有目标
2025-10-23 02:35:56 [TRACE] 【目标检测】目标存在，但置信度不足
2025-10-23 02:35:57 [TRACE] 【目标检测】目标存在，但置信度不足
2025-10-23 02:35:58 [TRACE] 【目标检测】目标存在，但置信度不足
2025-10-23 02:36:01 [TRACE] 【目标检测】TRAPPED！ 类型：interact 置信度：0.9340497255325317
2025-10-23 02:36:06 [TRACE] 【空洞监听】无匹配已持续：0秒
2025-10-23 02:36:07 [TRACE] 【目标检测】屏幕内没有目标
2025-10-23 02:36:09 [TRACE] 【目标检测】屏幕内没有目标
2025-10-23 02:36:10 [TRACE] 【目标检测】屏幕内没有目标
2025-10-23 02:36:11 [TRACE] 【目标检测】屏幕内没有目标
2025-10-23 02:36:12 [TRACE] 【目标检测】屏幕内没有目标
2025-10-23 02:36:14 [TRACE] 【目标检测】屏幕内没有目标
2025-10-23 02:36:15 [TRACE] 【目标检测】屏幕内没有目标
2025-10-23 02:36:16 [TRACE] 【目标检测】屏幕内没有目标
2025-10-23 02:36:18 [TRACE] 【目标检测】屏幕内没有目标
2025-10-23 02:36:19 [TRACE] 【目标检测】屏幕内没有目标
2025-10-23 02:36:21 [TRACE] 【目标检测】屏幕内没有目标
2025-10-23 02:36:22 [TRACE] 【目标检测】屏幕内没有目标
2025-10-23 02:36:23 [TRACE] 【目标检测】屏幕内没有目标
2025-10-23 02:36:25 [TRACE] 【目标检测】屏幕内没有目标
2025-10-23 02:36:26 [TRACE] 【目标检测】目标存在，但置信度不足
2025-10-23 02:36:27 [TRACE] 【目标检测】屏幕内没有目标
2025-10-23 02:36:29 [TRACE] 【目标检测】屏幕内没有目标
2025-10-23 02:36:30 [TRACE] 【目标检测】屏幕内没有目标
2025-10-23 02:36:31 [TRACE] 【目标检测】屏幕内没有目标
2025-10-23 02:36:32 [TRACE] 【目标检测】屏幕内没有目标
2025-10-23 02:36:33 [TRACE] 【目标检测】屏幕内没有目标
2025-10-23 02:36:36 [TRACE] 【目标检测】屏幕内没有目标
2025-10-23 02:36:37 [TRACE] 【目标检测】屏幕内没有目标
2025-10-23 02:36:38 [TRACE] 【目标检测】屏幕内没有目标
2025-10-23 02:36:40 [TRACE] 【目标检测】屏幕内没有目标
2025-10-23 02:36:41 [TRACE] 【目标检测】屏幕内没有目标
2025-10-23 02:36:43 [TRACE] 【目标检测】屏幕内没有目标
2025-10-23 02:36:44 [TRACE] 【目标检测】屏幕内没有目标
2025-10-23 02:36:45 [TRACE] 【目标检测】屏幕内没有目标
2025-10-23 02:36:46 [TRACE] 【目标检测】屏幕内没有目标
2025-10-23 02:36:47 [TRACE] 【目标检测】屏幕内没有目标
2025-10-23 02:36:49 [TRACE] 【目标检测】屏幕内没有目标
2025-10-23 02:36:51 [TRACE] 【目标检测】屏幕内没有目标
2025-10-23 02:36:52 [TRACE] 【目标检测】屏幕内没有目标
2025-10-23 02:36:53 [TRACE] 【目标检测】屏幕内没有目标
2025-10-23 02:36:54 [TRACE] 【目标检测】屏幕内没有目标
2025-10-23 02:36:56 [TRACE] 【目标检测】屏幕内没有目标
2025-10-23 02:36:57 [TRACE] 【目标检测】屏幕内没有目标
2025-10-23 02:36:58 [TRACE] 【目标检测】屏幕内没有目标
2025-10-23 02:37:00 [TRACE] 【目标检测】屏幕内没有目标
2025-10-23 02:37:01 [TRACE] 【目标检测】屏幕内没有目标
2025-10-23 02:37:03 [TRACE] 【目标检测】屏幕内没有目标
2025-10-23 02:37:04 [TRACE] 【目标检测】屏幕内没有目标
2025-10-23 02:37:05 [TRACE] 【目标检测】屏幕内没有目标
2025-10-23 02:37:06 [TRACE] 【目标检测】屏幕内没有目标
2025-10-23 02:37:07 [TRACE] 【目标检测】屏幕内没有目标
2025-10-23 02:37:10 [TRACE] 【目标检测】屏幕内没有目标
2025-10-23 02:37:11 [TRACE] 【目标检测】屏幕内没有目标
2025-10-23 02:37:12 [TRACE] 【目标检测】屏幕内没有目标
2025-10-23 02:37:13 [TRACE] 【目标检测】屏幕内没有目标
2025-10-23 02:37:14 [TRACE] 【目标检测】屏幕内没有目标
2025-10-23 02:37:16 [TRACE] 【目标检测】屏幕内没有目标
2025-10-23 02:37:17 [TRACE] 【目标检测】屏幕内没有目标
2025-10-23 02:37:18 [TRACE] 【目标检测】屏幕内没有目标
2025-10-23 02:37:20 [TRACE] 【目标检测】屏幕内没有目标
2025-10-23 02:37:21 [TRACE] 【目标检测】屏幕内没有目标
2025-10-23 02:37:23 [TRACE] 【目标检测】屏幕内没有目标
2025-10-23 02:37:25 [TRACE] 【目标检测】屏幕内没有目标
2025-10-23 02:37:26 [TRACE] 【目标检测】屏幕内没有目标
2025-10-23 02:37:27 [TRACE] 【目标检测】屏幕内没有目标
2025-10-23 02:37:28 [TRACE] 【目标检测】屏幕内没有目标
2025-10-23 02:37:31 [TRACE] 【目标检测】屏幕内没有目标
2025-10-23 02:37:32 [TRACE] 【目标检测】屏幕内没有目标
2025-10-23 02:37:33 [TRACE] 【目标检测】屏幕内没有目标
2025-10-23 02:37:34 [TRACE] 【目标检测】屏幕内没有目标
2025-10-23 02:37:35 [TRACE] 【目标检测】屏幕内没有目标
2025-10-23 02:37:37 [TRACE] 【目标检测】屏幕内没有目标
2025-10-23 02:37:39 [TRACE] 【目标检测】目标存在，但置信度不足
2025-10-23 02:37:40 [TRACE] 【目标检测】目标存在，但置信度不足
2025-10-23 02:37:44 [TRACE] 【目标检测】TRAPPED！ 类型：interact 置信度：0.9130498170852661
2025-10-23 02:37:48 [TRACE] 【空洞监听】无匹配已持续：0秒
2025-10-23 02:37:50 [TRACE] 【目标检测】屏幕内没有目标
2025-10-23 02:37:51 [TRACE] 【目标检测】屏幕内没有目标
2025-10-23 02:37:53 [TRACE] 【目标检测】屏幕内没有目标
2025-10-23 02:37:54 [TRACE] 【目标检测】屏幕内没有目标
2025-10-23 02:37:55 [TRACE] 【目标检测】屏幕内没有目标
2025-10-23 02:37:57 [TRACE] 【目标检测】屏幕内没有目标
2025-10-23 02:37:58 [TRACE] 【目标检测】屏幕内没有目标
2025-10-23 02:37:59 [TRACE] 【目标检测】屏幕内没有目标
2025-10-23 02:38:00 [TRACE] 【目标检测】屏幕内没有目标
2025-10-23 02:38:02 [TRACE] 【目标检测】屏幕内没有目标
2025-10-23 02:38:04 [TRACE] 【目标检测】屏幕内没有目标
2025-10-23 02:38:05 [TRACE] 【目标检测】屏幕内没有目标
2025-10-23 02:38:06 [TRACE] 【目标检测】屏幕内没有目标
2025-10-23 02:38:07 [TRACE] 【目标检测】屏幕内没有目标
2025-10-23 02:38:08 [TRACE] 【目标检测】屏幕内没有目标
2025-10-23 02:38:10 [TRACE] 【目标检测】屏幕内没有目标
2025-10-23 02:38:11 [TRACE] 【目标检测】屏幕内没有目标
2025-10-23 02:38:12 [TRACE] 【目标检测】屏幕内没有目标
2025-10-23 02:38:13 [TRACE] 【目标检测】屏幕内没有目标
2025-10-23 02:38:15 [TRACE] 【目标检测】屏幕内没有目标
2025-10-23 02:38:17 [TRACE] 【目标检测】屏幕内没有目标
2025-10-23 02:38:18 [TRACE] 【目标检测】屏幕内没有目标
2025-10-23 02:38:19 [TRACE] 【目标检测】屏幕内没有目标
2025-10-23 02:38:20 [TRACE] 【目标检测】屏幕内没有目标
2025-10-23 02:38:21 [TRACE] 【目标检测】屏幕内没有目标
2025-10-23 02:38:23 [TRACE] 【目标检测】屏幕内没有目标
2025-10-23 02:38:24 [TRACE] 【目标检测】屏幕内没有目标
2025-10-23 02:38:25 [TRACE] 【目标检测】屏幕内没有目标
2025-10-23 02:38:27 [TRACE] 【目标检测】屏幕内没有目标
2025-10-23 02:38:28 [TRACE] 【目标检测】屏幕内没有目标
2025-10-23 02:38:30 [TRACE] 【目标检测】屏幕内没有目标
2025-10-23 02:38:31 [TRACE] 【目标检测】屏幕内没有目标
2025-10-23 02:38:32 [TRACE] 【目标检测】屏幕内没有目标
2025-10-23 02:38:33 [TRACE] 【目标检测】屏幕内没有目标
2025-10-23 02:38:34 [TRACE] 【目标检测】屏幕内没有目标
2025-10-23 02:38:37 [TRACE] 【目标检测】屏幕内没有目标
2025-10-23 02:38:38 [TRACE] 【目标检测】屏幕内没有目标
2025-10-23 02:38:39 [TRACE] 【目标检测】屏幕内没有目标
2025-10-23 02:38:40 [TRACE] 【目标检测】屏幕内没有目标
2025-10-23 02:38:41 [TRACE] 【目标检测】屏幕内没有目标
2025-10-23 02:38:43 [TRACE] 【目标检测】屏幕内没有目标
2025-10-23 02:38:44 [TRACE] 【目标检测】屏幕内没有目标
2025-10-23 02:38:46 [TRACE] 【目标检测】屏幕内没有目标
2025-10-23 02:38:46 [TRACE] 【目标检测】屏幕内没有目标
2025-10-23 02:38:48 [TRACE] 【目标检测】屏幕内没有目标
2025-10-23 02:38:50 [TRACE] 【目标检测】屏幕内没有目标
2025-10-23 02:38:51 [TRACE] 【目标检测】屏幕内没有目标
2025-10-23 02:38:52 [TRACE] 【目标检测】屏幕内没有目标
2025-10-23 02:38:53 [TRACE] 【目标检测】屏幕内没有目标
2025-10-23 02:38:54 [TRACE] 【目标检测】屏幕内没有目标
2025-10-23 02:38:56 [TRACE] 【目标检测】目标存在，但置信度不足
2025-10-23 02:38:57 [TRACE] 【目标检测】目标存在，但置信度不足
2025-10-23 02:38:58 [TRACE] 【目标检测】屏幕内没有目标
2025-10-23 02:39:00 [TRACE] 【目标检测】屏幕内没有目标
2025-10-23 02:39:01 [TRACE] 【目标检测】屏幕内没有目标
2025-10-23 02:39:02 [TRACE] 【目标检测】屏幕内没有目标
2025-10-23 02:39:03 [TRACE] 【目标检测】屏幕内没有目标
2025-10-23 02:39:05 [TRACE] 【目标检测】屏幕内没有目标
2025-10-23 02:39:05 [TRACE] 【空洞监听】无匹配已持续：0秒
2025-10-23 02:39:10 [TRACE] 【目标检测】TRAPPED！ 类型：interact 置信度：0.9430911540985107
2025-10-23 02:39:12 [TRACE] 【空洞监听】无匹配已持续：6秒
2025-10-23 02:39:17 [TRACE] 【目标检测】屏幕内没有目标
2025-10-23 02:39:18 [TRACE] 【目标检测】屏幕内没有目标
2025-10-23 02:39:19 [TRACE] 【目标检测】屏幕内没有目标
2025-10-23 02:39:20 [TRACE] 【目标检测】屏幕内没有目标
2025-10-23 02:39:21 [TRACE] 【目标检测】屏幕内没有目标
2025-10-23 02:39:23 [TRACE] 【目标检测】屏幕内没有目标
2025-10-23 02:39:24 [TRACE] 【目标检测】屏幕内没有目标
2025-10-23 02:39:25 [TRACE] 【目标检测】屏幕内没有目标
2025-10-23 02:39:27 [TRACE] 【目标检测】屏幕内没有目标
2025-10-23 02:39:28 [TRACE] 【目标检测】屏幕内没有目标
2025-10-23 02:39:30 [TRACE] 【目标检测】屏幕内没有目标
2025-10-23 02:39:31 [TRACE] 【目标检测】屏幕内没有目标
2025-10-23 02:39:32 [TRACE] 【目标检测】屏幕内没有目标
2025-10-23 02:39:33 [TRACE] 【目标检测】屏幕内没有目标
2025-10-23 02:39:34 [TRACE] 【目标检测】屏幕内没有目标
2025-10-23 02:39:37 [TRACE] 【目标检测】屏幕内没有目标
2025-10-23 02:39:38 [TRACE] 【目标检测】屏幕内没有目标
2025-10-23 02:39:39 [TRACE] 【目标检测】屏幕内没有目标
2025-10-23 02:39:40 [TRACE] 【目标检测】屏幕内没有目标
2025-10-23 02:39:41 [TRACE] 【目标检测】屏幕内没有目标
2025-10-23 02:39:43 [TRACE] 【目标检测】屏幕内没有目标
2025-10-23 02:39:44 [TRACE] 【目标检测】屏幕内没有目标
2025-10-23 02:39:45 [TRACE] 【目标检测】屏幕内没有目标
2025-10-23 02:39:46 [TRACE] 【目标检测】屏幕内没有目标
2025-10-23 02:39:47 [TRACE] 【目标检测】屏幕内没有目标
2025-10-23 02:39:50 [TRACE] 【目标检测】屏幕内没有目标
2025-10-23 02:39:51 [TRACE] 【目标检测】屏幕内没有目标
2025-10-23 02:39:52 [TRACE] 【目标检测】屏幕内没有目标
2025-10-23 02:39:53 [TRACE] 【目标检测】屏幕内没有目标
2025-10-23 02:39:54 [TRACE] 【目标检测】屏幕内没有目标
2025-10-23 02:39:56 [TRACE] 【目标检测】屏幕内没有目标
2025-10-23 02:39:57 [TRACE] 【目标检测】屏幕内没有目标
2025-10-23 02:39:59 [TRACE] 【目标检测】屏幕内没有目标
2025-10-23 02:40:00 [TRACE] 【目标检测】屏幕内没有目标
2025-10-23 02:40:01 [TRACE] 【目标检测】屏幕内没有目标
2025-10-23 02:40:03 [TRACE] 【目标检测】屏幕内没有目标
2025-10-23 02:40:04 [TRACE] 【目标检测】屏幕内没有目标
2025-10-23 02:40:05 [TRACE] 【目标检测】屏幕内没有目标
2025-10-23 02:40:06 [TRACE] 【目标检测】屏幕内没有目标
2025-10-23 02:40:07 [TRACE] 【目标检测】屏幕内没有目标
2025-10-23 02:40:10 [TRACE] 【目标检测】屏幕内没有目标
2025-10-23 02:40:10 [TRACE] 【目标检测】屏幕内没有目标
2025-10-23 02:40:12 [TRACE] 【目标检测】屏幕内没有目标
2025-10-23 02:40:13 [TRACE] 【目标检测】屏幕内没有目标
2025-10-23 02:40:14 [TRACE] 【目标检测】屏幕内没有目标
2025-10-23 02:40:16 [TRACE] 【目标检测】屏幕内没有目标
2025-10-23 02:40:17 [TRACE] 【目标检测】屏幕内没有目标
2025-10-23 02:40:18 [TRACE] 【目标检测】屏幕内没有目标
2025-10-23 02:40:19 [TRACE] 【目标检测】屏幕内没有目标
2025-10-23 02:40:21 [TRACE] 【目标检测】屏幕内没有目标
2025-10-23 02:40:23 [TRACE] 【目标检测】屏幕内没有目标
2025-10-23 02:40:24 [TRACE] 【目标检测】屏幕内没有目标
2025-10-23 02:40:25 [TRACE] 【目标检测】屏幕内没有目标
2025-10-23 02:40:26 [TRACE] 【目标检测】屏幕内没有目标
2025-10-23 02:40:27 [TRACE] 【目标检测】屏幕内没有目标
2025-10-23 02:40:29 [TRACE] 【目标检测】屏幕内没有目标
2025-10-23 02:40:30 [TRACE] 【目标检测】屏幕内没有目标
2025-10-23 02:40:32 [TRACE] 【目标检测】屏幕内没有目标
2025-10-23 02:40:33 [TRACE] 【目标检测】屏幕内没有目标
2025-10-23 02:40:34 [TRACE] 【目标检测】屏幕内没有目标
2025-10-23 02:40:36 [TRACE] 【目标检测】屏幕内没有目标
2025-10-23 02:40:37 [TRACE] 【目标检测】屏幕内没有目标
2025-10-23 02:40:38 [TRACE] 【目标检测】屏幕内没有目标
2025-10-23 02:40:39 [TRACE] 【目标检测】屏幕内没有目标
2025-10-23 02:40:41 [TRACE] 【目标检测】屏幕内没有目标
2025-10-23 02:40:43 [TRACE] 【目标检测】屏幕内没有目标
2025-10-23 02:40:44 [TRACE] 【目标检测】屏幕内没有目标
2025-10-23 02:40:45 [TRACE] 【目标检测】屏幕内没有目标
2025-10-23 02:40:46 [TRACE] 【目标检测】屏幕内没有目标
2025-10-23 02:40:47 [TRACE] 【目标检测】屏幕内没有目标
2025-10-23 02:40:49 [TRACE] 【目标检测】屏幕内没有目标
2025-10-23 02:40:50 [TRACE] 【目标检测】屏幕内没有目标
2025-10-23 02:40:51 [TRACE] 【目标检测】屏幕内没有目标
2025-10-23 02:40:53 [TRACE] 【目标检测】屏幕内没有目标
2025-10-23 02:40:54 [TRACE] 【目标检测】屏幕内没有目标
2025-10-23 02:40:55 [TRACE] 【空洞监听】无匹配已持续：0秒
2025-10-23 02:40:56 [TRACE] 【目标检测】屏幕内没有目标
2025-10-23 02:40:57 [TRACE] 【目标检测】屏幕内没有目标
2025-10-23 02:41:02 [TRACE] 【空洞监听】无匹配已持续：6秒
2025-10-23 02:41:02 [TRACE] 【目标检测】TRAPPED！ 类型：interact 置信度：0.9261239171028137
2025-10-23 02:41:08 [TRACE] 【空洞监听】无匹配已持续：12秒
2025-10-23 02:41:09 [TRACE] 【目标检测】屏幕内没有目标
2025-10-23 02:41:10 [TRACE] 【目标检测】屏幕内没有目标
2025-10-23 02:41:11 [TRACE] 【目标检测】屏幕内没有目标
2025-10-23 02:41:12 [TRACE] 【目标检测】屏幕内没有目标
2025-10-23 02:41:13 [TRACE] 【目标检测】屏幕内没有目标
2025-10-23 02:41:16 [TRACE] 【目标检测】屏幕内没有目标
2025-10-23 02:41:17 [TRACE] 【目标检测】屏幕内没有目标
2025-10-23 02:41:18 [TRACE] 【目标检测】屏幕内没有目标
2025-10-23 02:41:19 [TRACE] 【目标检测】屏幕内没有目标
2025-10-23 02:41:20 [TRACE] 【目标检测】屏幕内没有目标
2025-10-23 02:41:22 [TRACE] 【目标检测】屏幕内没有目标
2025-10-23 02:41:23 [TRACE] 【目标检测】屏幕内没有目标
2025-10-23 02:41:24 [TRACE] 【目标检测】屏幕内没有目标
2025-10-23 02:41:25 [TRACE] 【目标检测】屏幕内没有目标
2025-10-23 02:41:26 [TRACE] 【目标检测】屏幕内没有目标
2025-10-23 02:41:29 [TRACE] 【目标检测】屏幕内没有目标
2025-10-23 02:41:30 [TRACE] 【目标检测】屏幕内没有目标
2025-10-23 02:41:31 [TRACE] 【目标检测】屏幕内没有目标
2025-10-23 02:41:32 [TRACE] 【目标检测】屏幕内没有目标
2025-10-23 02:41:33 [TRACE] 【目标检测】屏幕内没有目标
2025-10-23 02:41:35 [TRACE] 【目标检测】屏幕内没有目标
2025-10-23 02:41:36 [TRACE] 【目标检测】屏幕内没有目标
2025-10-23 02:41:37 [TRACE] 【目标检测】屏幕内没有目标
2025-10-23 02:41:39 [TRACE] 【目标检测】屏幕内没有目标
2025-10-23 02:41:40 [TRACE] 【目标检测】屏幕内没有目标
2025-10-23 02:41:42 [TRACE] 【目标检测】屏幕内没有目标
2025-10-23 02:41:43 [TRACE] 【目标检测】屏幕内没有目标
2025-10-23 02:41:44 [TRACE] 【目标检测】屏幕内没有目标
2025-10-23 02:41:45 [TRACE] 【目标检测】屏幕内没有目标
2025-10-23 02:41:46 [TRACE] 【目标检测】屏幕内没有目标
2025-10-23 02:41:48 [TRACE] 【目标检测】屏幕内没有目标
2025-10-23 02:41:50 [TRACE] 【目标检测】屏幕内没有目标
2025-10-23 02:41:51 [TRACE] 【目标检测】屏幕内没有目标
2025-10-23 02:41:52 [TRACE] 【目标检测】屏幕内没有目标
2025-10-23 02:41:53 [TRACE] 【目标检测】屏幕内没有目标
2025-10-23 02:41:55 [TRACE] 【目标检测】屏幕内没有目标
2025-10-23 02:41:56 [TRACE] 【目标检测】屏幕内没有目标
2025-10-23 02:41:57 [TRACE] 【目标检测】屏幕内没有目标
2025-10-23 02:41:59 [TRACE] 【目标检测】屏幕内没有目标
2025-10-23 02:42:00 [TRACE] 【目标检测】屏幕内没有目标
2025-10-23 02:42:02 [TRACE] 【目标检测】屏幕内没有目标
2025-10-23 02:42:03 [TRACE] 【目标检测】屏幕内没有目标
2025-10-23 02:42:06 [TRACE] 【目标检测】屏幕内没有目标
2025-10-23 02:42:08 [TRACE] 【状态】搜索模式：C:\Users\gelon\Desktop\ZA-Lite\assets/images/hollow\next_area.png 置信度：0.999999463558197
2025-10-23 02:42:11 [TRACE] 【状态】搜索模式：C:\Users\gelon\Desktop\ZA-Lite\assets/images/hollow\meter.png 置信度：0.9169281721115112
2025-10-23 02:42:12 [TRACE] 【目标检测】微调超时，无法对齐！
2025-10-23 02:42:18 [TRACE] 【状态】搜索模式：C:\Users\gelon\Desktop\ZA-Lite\assets/images/hollow\meter.png 置信度：0.9219910502433777
2025-10-23 02:42:20 [TRACE] 【目标检测】微调超时，无法对齐！
2025-10-23 02:42:22 [TRACE] 【目标检测】目标存在，但置信度不足
2025-10-23 02:42:23 [TRACE] 【目标检测】目标存在，但置信度不足
2025-10-23 02:42:26 [TRACE] 【目标检测】目标存在，但置信度不足
2025-10-23 02:42:27 [TRACE] 【空洞监听】无匹配已持续：0秒
2025-10-23 02:42:30 [TRACE] 【目标检测】目标存在，但置信度不足
2025-10-23 02:42:31 [TRACE] 【状态】搜索模式：C:\Users\gelon\Desktop\ZA-Lite\assets/images/hollow\meter.png 置信度：0.9037421941757202
2025-10-23 02:42:33 [TRACE] 【目标检测】微调超时，无法对齐！
2025-10-23 02:42:36 [TRACE] 【目标检测】屏幕内没有目标
2025-10-23 02:42:38 [TRACE] 【状态】搜索模式：C:\Users\gelon\Desktop\ZA-Lite\assets/images/hollow\meter.png 置信度：0.9222386479377747
2025-10-23 02:42:43 [TRACE] 【目标检测】微调超时，无法对齐！
2025-10-23 02:42:44 [TRACE] 【状态】搜索模式：C:\Users\gelon\Desktop\ZA-Lite\assets/images/hollow\meter.png 置信度：0.9582032561302185
2025-10-23 02:42:45 [TRACE] 【目标检测】TRAPPED！ 类型：guide_point 置信度：0.9131456613540649
2025-10-23 02:42:52 [TRACE] 【目标检测】屏幕内没有目标
2025-10-23 02:42:53 [TRACE] 【目标检测】屏幕内没有目标
2025-10-23 02:42:53 [TRACE] 【空洞监听】无匹配已持续：0秒
2025-10-23 02:42:54 [TRACE] 【目标检测】屏幕内没有目标
2025-10-23 02:42:55 [TRACE] 【目标检测】屏幕内没有目标
2025-10-23 02:42:57 [TRACE] 【目标检测】屏幕内没有目标
2025-10-23 02:42:59 [TRACE] 【目标检测】屏幕内没有目标
2025-10-23 02:42:59 [TRACE] 【空洞监听】无匹配已持续：6秒
2025-10-23 02:43:00 [TRACE] 【目标检测】屏幕内没有目标
2025-10-23 02:43:01 [TRACE] 【目标检测】屏幕内没有目标
2025-10-23 02:43:02 [TRACE] 【目标检测】屏幕内没有目标
2025-10-23 02:43:03 [TRACE] 【目标检测】目标存在，但置信度不足
2025-10-23 02:43:04 [TRACE] 【目标检测】屏幕内没有目标
2025-10-23 02:43:06 [TRACE] 【空洞监听】无匹配已持续：12秒
2025-10-23 02:43:06 [TRACE] 【目标检测】屏幕内没有目标
2025-10-23 02:43:07 [TRACE] 【目标检测】屏幕内没有目标
2025-10-23 02:43:09 [TRACE] 【目标检测】屏幕内没有目标
2025-10-23 02:43:09 [TRACE] 【状态】战斗模式：C:\Users\gelon\Desktop\ZA-Lite\assets/images/hollow\battle_5.png 置信度：0.9834172129631042
2025-10-23 02:43:09 [TRACE] 【目标检测】屏幕内没有目标
2025-10-23 02:43:19 [TRACE] 【空洞监听】无匹配已持续：0秒
2025-10-23 02:43:25 [TRACE] 【空洞监听】无匹配已持续：6秒
2025-10-23 02:43:32 [TRACE] 【空洞监听】无匹配已持续：12秒
2025-10-23 02:43:38 [TRACE] 【状态】战斗模式：正在受到攻击
2025-10-23 02:43:44 [TRACE] 【空洞监听】无匹配已持续：0秒
2025-10-23 02:43:50 [TRACE] 【空洞监听】无匹配已持续：6秒
2025-10-23 02:43:57 [TRACE] 【空洞监听】无匹配已持续：12秒
2025-10-23 02:44:00 [TRACE] 【状态】战斗模式：C:\Users\gelon\Desktop\ZA-Lite\assets/images/hollow\battle_5.png 置信度：0.9764792323112488
2025-10-23 02:44:09 [TRACE] 【状态】战斗模式：正在受到攻击
2025-10-23 02:44:13 [TRACE] 【状态】战斗模式：C:\Users\gelon\Desktop\ZA-Lite\assets/images/hollow\battle_5.png 置信度：0.9782148599624634
2025-10-23 02:44:22 [TRACE] 【空洞监听】无匹配已持续：0秒
2025-10-23 02:44:28 [TRACE] 【空洞监听】无匹配已持续：6秒
2025-10-23 02:44:34 [TRACE] 【空洞监听】无匹配已持续：12秒
2025-10-23 02:44:38 [TRACE] 【状态】战斗模式：C:\Users\gelon\Desktop\ZA-Lite\assets/images/hollow\battle_5.png 置信度：0.9793595671653748
2025-10-23 02:44:44 [TRACE] 【状态】战斗模式：C:\Users\gelon\Desktop\ZA-Lite\assets/images/hollow\battle_5.png 置信度：0.9855138659477234
2025-10-23 02:44:51 [TRACE] 【状态】战斗模式：C:\Users\gelon\Desktop\ZA-Lite\assets/images/hollow\battle_5.png 置信度：0.9777979850769043
2025-10-23 02:44:58 [TRACE] 【状态】战斗模式：C:\Users\gelon\Desktop\ZA-Lite\assets/images/hollow\battle_5.png 置信度：0.9855199456214905
2025-10-23 02:45:07 [TRACE] 【空洞监听】无匹配已持续：0秒
2025-10-23 02:45:07 [TRACE] 【状态】搜索模式：C:\Users\gelon\Desktop\ZA-Lite\assets/images/hollow\gear.png 置信度：1.0
2025-10-23 02:45:08 [TRACE] 【目标检测】屏幕内没有目标
2025-10-23 02:45:10 [TRACE] 【目标检测】屏幕内没有目标
2025-10-23 02:45:11 [TRACE] 【目标检测】屏幕内没有目标
2025-10-23 02:45:13 [TRACE] 【状态】搜索模式：C:\Users\gelon\Desktop\ZA-Lite\assets/images/hollow\resonium.png 置信度：1.0
2025-10-23 02:45:14 [TRACE] 【目标检测】目标存在，但置信度不足
2025-10-23 02:45:14 [TRACE] 【目标出现】C:\Users\gelon\Desktop\ZA-Lite\assets/images/hollow\resonium.png 置信度：0.9999998807907104
2025-10-23 02:45:14 [TRACE] 【本轮的坐标】：(np.int64(1174), np.int64(461)) ------------
2025-10-23 02:45:14 [TRACE] 【已点击过的坐标】：[(-10, -10)]
2025-10-23 02:45:14 [TRACE] 【成功点击】
2025-10-23 02:45:15 [TRACE] 【本轮的坐标】：(np.int64(1581), np.int64(461)) ------------
2025-10-23 02:45:15 [TRACE] 【已点击过的坐标】：[(-10, -10), (np.int64(1174), np.int64(461))]
2025-10-23 02:45:15 [TRACE] 【成功点击】
2025-10-23 02:45:15 [TRACE] 【目标检测】目标存在，但置信度不足
2025-10-23 02:45:15 [TRACE] 【本轮的坐标】：(np.int64(1582), np.int64(461)) ------------
2025-10-23 02:45:15 [TRACE] 【已点击过的坐标】：[(-10, -10), (np.int64(1174), np.int64(461)), (np.int64(1581), np.int64(461))]
2025-10-23 02:45:15 [TRACE] 【坐标太近】视为重复
2025-10-23 02:45:15 [TRACE] 【没有通过的坐标】开始下一轮
2025-10-23 02:45:15 [TRACE] 【本轮的坐标】：(np.int64(1988), np.int64(461)) ------------
2025-10-23 02:45:15 [TRACE] 【已点击过的坐标】：[(-10, -10), (np.int64(1174), np.int64(461)), (np.int64(1581), np.int64(461))]
2025-10-23 02:45:15 [TRACE] 【成功点击】
2025-10-23 02:45:15 [TRACE] 【目标检测】屏幕内没有目标
2025-10-23 02:45:16 [TRACE] 【本轮的坐标】：(np.int64(1989), np.int64(461)) ------------
2025-10-23 02:45:16 [TRACE] 【已点击过的坐标】：[(-10, -10), (np.int64(1174), np.int64(461)), (np.int64(1581), np.int64(461)), (np.int64(1988), np.int64(461))]
2025-10-23 02:45:16 [TRACE] 【坐标太近】视为重复
2025-10-23 02:45:16 [TRACE] 【没有通过的坐标】开始下一轮
2025-10-23 02:45:16 [TRACE] 【本轮的坐标】：(np.int64(1173), np.int64(462)) ------------
2025-10-23 02:45:16 [TRACE] 【已点击过的坐标】：[(-10, -10), (np.int64(1174), np.int64(461)), (np.int64(1581), np.int64(461)), (np.int64(1988), np.int64(461))]
2025-10-23 02:45:16 [TRACE] 【坐标太近】视为重复
2025-10-23 02:45:16 [TRACE] 【没有通过的坐标】开始下一轮
2025-10-23 02:45:16 [TRACE] 【本轮的坐标】：(np.int64(1174), np.int64(462)) ------------
2025-10-23 02:45:16 [TRACE] 【已点击过的坐标】：[(-10, -10), (np.int64(1174), np.int64(461)), (np.int64(1581), np.int64(461)), (np.int64(1988), np.int64(461))]
2025-10-23 02:45:16 [TRACE] 【坐标太近】视为重复
2025-10-23 02:45:16 [TRACE] 【没有通过的坐标】开始下一轮
2025-10-23 02:45:16 [TRACE] 【本轮的坐标】：(np.int64(1175), np.int64(462)) ------------
2025-10-23 02:45:16 [TRACE] 【已点击过的坐标】：[(-10, -10), (np.int64(1174), np.int64(461)), (np.int64(1581), np.int64(461)), (np.int64(1988), np.int64(461))]
2025-10-23 02:45:16 [TRACE] 【坐标太近】视为重复
2025-10-23 02:45:16 [TRACE] 【没有通过的坐标】开始下一轮
2025-10-23 02:45:16 [TRACE] 【本轮的坐标】：(np.int64(1580), np.int64(462)) ------------
2025-10-23 02:45:16 [TRACE] 【已点击过的坐标】：[(-10, -10), (np.int64(1174), np.int64(461)), (np.int64(1581), np.int64(461)), (np.int64(1988), np.int64(461))]
2025-10-23 02:45:16 [TRACE] 【坐标太近】视为重复
2025-10-23 02:45:16 [TRACE] 【没有通过的坐标】开始下一轮
2025-10-23 02:45:16 [TRACE] 【本轮的坐标】：(np.int64(1581), np.int64(462)) ------------
2025-10-23 02:45:16 [TRACE] 【已点击过的坐标】：[(-10, -10), (np.int64(1174), np.int64(461)), (np.int64(1581), np.int64(461)), (np.int64(1988), np.int64(461))]
2025-10-23 02:45:16 [TRACE] 【坐标太近】视为重复
2025-10-23 02:45:16 [TRACE] 【没有通过的坐标】开始下一轮
2025-10-23 02:45:16 [TRACE] 【本轮的坐标】：(np.int64(1582), np.int64(462)) ------------
2025-10-23 02:45:16 [TRACE] 【已点击过的坐标】：[(-10, -10), (np.int64(1174), np.int64(461)), (np.int64(1581), np.int64(461)), (np.int64(1988), np.int64(461))]
2025-10-23 02:45:16 [TRACE] 【坐标太近】视为重复
2025-10-23 02:45:16 [TRACE] 【没有通过的坐标】开始下一轮
2025-10-23 02:45:16 [TRACE] 【本轮的坐标】：(np.int64(1987), np.int64(462)) ------------
2025-10-23 02:45:16 [TRACE] 【已点击过的坐标】：[(-10, -10), (np.int64(1174), np.int64(461)), (np.int64(1581), np.int64(461)), (np.int64(1988), np.int64(461))]
2025-10-23 02:45:16 [TRACE] 【坐标太近】视为重复
2025-10-23 02:45:16 [TRACE] 【没有通过的坐标】开始下一轮
2025-10-23 02:45:16 [TRACE] 【本轮的坐标】：(np.int64(1988), np.int64(462)) ------------
2025-10-23 02:45:16 [TRACE] 【已点击过的坐标】：[(-10, -10), (np.int64(1174), np.int64(461)), (np.int64(1581), np.int64(461)), (np.int64(1988), np.int64(461))]
2025-10-23 02:45:16 [TRACE] 【坐标太近】视为重复
2025-10-23 02:45:16 [TRACE] 【没有通过的坐标】开始下一轮
2025-10-23 02:45:16 [TRACE] 【本轮的坐标】：(np.int64(1989), np.int64(462)) ------------
2025-10-23 02:45:16 [TRACE] 【已点击过的坐标】：[(-10, -10), (np.int64(1174), np.int64(461)), (np.int64(1581), np.int64(461)), (np.int64(1988), np.int64(461))]
2025-10-23 02:45:16 [TRACE] 【坐标太近】视为重复
2025-10-23 02:45:16 [TRACE] 【没有通过的坐标】开始下一轮
2025-10-23 02:45:16 [TRACE] 【本轮的坐标】：(np.int64(1990), np.int64(462)) ------------
2025-10-23 02:45:16 [TRACE] 【已点击过的坐标】：[(-10, -10), (np.int64(1174), np.int64(461)), (np.int64(1581), np.int64(461)), (np.int64(1988), np.int64(461))]
2025-10-23 02:45:16 [TRACE] 【坐标太近】视为重复
2025-10-23 02:45:16 [TRACE] 【没有通过的坐标】开始下一轮
2025-10-23 02:45:16 [TRACE] 【本轮的坐标】：(np.int64(1174), np.int64(463)) ------------
2025-10-23 02:45:16 [TRACE] 【已点击过的坐标】：[(-10, -10), (np.int64(1174), np.int64(461)), (np.int64(1581), np.int64(461)), (np.int64(1988), np.int64(461))]
2025-10-23 02:45:16 [TRACE] 【坐标太近】视为重复
2025-10-23 02:45:16 [TRACE] 【没有通过的坐标】开始下一轮
2025-10-23 02:45:16 [TRACE] 【本轮的坐标】：(np.int64(1581), np.int64(463)) ------------
2025-10-23 02:45:16 [TRACE] 【已点击过的坐标】：[(-10, -10), (np.int64(1174), np.int64(461)), (np.int64(1581), np.int64(461)), (np.int64(1988), np.int64(461))]
2025-10-23 02:45:16 [TRACE] 【坐标太近】视为重复
2025-10-23 02:45:16 [TRACE] 【没有通过的坐标】开始下一轮
2025-10-23 02:45:16 [TRACE] 【本轮的坐标】：(np.int64(1988), np.int64(463)) ------------
2025-10-23 02:45:16 [TRACE] 【已点击过的坐标】：[(-10, -10), (np.int64(1174), np.int64(461)), (np.int64(1581), np.int64(461)), (np.int64(1988), np.int64(461))]
2025-10-23 02:45:16 [TRACE] 【坐标太近】视为重复
2025-10-23 02:45:16 [TRACE] 【没有通过的坐标】开始下一轮
2025-10-23 02:45:16 [TRACE] 【完成所有点击】有效次数：3
2025-10-23 02:45:16 [TRACE] 【目标检测】屏幕内没有目标
2025-10-23 02:45:17 [TRACE] 【目标检测】目标存在，但置信度不足
2025-10-23 02:45:18 [TRACE] 【目标检测】目标存在，但置信度不足
2025-10-23 02:45:20 [TRACE] 【目标检测】目标存在，但置信度不足
2025-10-23 02:45:21 [TRACE] 【目标检测】屏幕内没有目标
2025-10-23 02:45:24 [TRACE] 【状态】搜索模式：C:\Users\gelon\Desktop\ZA-Lite\assets/images/hollow\battle_end_boss.png 置信度：0.9988952279090881
2025-10-23 02:45:24 [TRACE] 【目标检测】屏幕内没有目标
2025-10-23 02:45:26 [TRACE] 【目标检测】屏幕内没有目标
2025-10-23 02:45:27 [TRACE] 【目标检测】屏幕内没有目标
2025-10-23 02:45:29 [TRACE] 【目标检测】屏幕内没有目标
2025-10-23 02:45:30 [TRACE] 【目标检测】屏幕内没有目标
2025-10-23 02:45:32 [TRACE] 【目标检测】屏幕内没有目标
2025-10-23 02:45:35 [TRACE] 【目标检测】TRAPPED！ 类型：interact 置信度：0.8978661298751831
2025-10-23 02:45:35 [TRACE] 【空洞监听】无匹配已持续：0秒
2025-10-23 02:45:41 [TRACE] 【目标检测】屏幕内没有目标
2025-10-23 02:45:43 [TRACE] 【目标检测】屏幕内没有目标
2025-10-23 02:45:43 [TRACE] 【目标检测】屏幕内没有目标
2025-10-23 02:45:47 [TRACE] 【目标检测】TRAPPED！ 类型：interact 置信度：0.9062574505805969
2025-10-23 02:45:53 [TRACE] 【目标检测】TRAPPED！ 类型：interact 置信度：0.9292877316474915
2025-10-23 02:45:54 [TRACE] 【空洞监听】无匹配已持续：0秒
2025-10-23 02:46:00 [TRACE] 【目标检测】屏幕内没有目标
2025-10-23 02:46:01 [TRACE] 【目标检测】屏幕内没有目标
2025-10-23 02:46:02 [TRACE] 【目标检测】屏幕内没有目标
2025-10-23 02:46:03 [TRACE] 【目标检测】屏幕内没有目标
2025-10-23 02:46:07 [TRACE] 【目标检测】TRAPPED！ 类型：interact 置信度：0.8973757028579712
2025-10-23 02:46:13 [TRACE] 【空洞监听】无匹配已持续：0秒
2025-10-23 02:46:13 [TRACE] 【目标检测】TRAPPED！ 类型：interact 置信度：0.9196376204490662
2025-10-23 02:46:19 [TRACE] 【空洞监听】无匹配已持续：5秒
2025-10-23 02:46:20 [TRACE] 【目标检测】TRAPPED！ 类型：interact 置信度：0.9268523454666138
2025-10-23 02:46:24 [TRACE] 【目标检测】TRAPPED！ 类型：interact 置信度：0.9306433796882629
2025-10-23 02:46:25 [TRACE] 【空洞监听】无匹配已持续：12秒
2025-10-23 02:46:31 [TRACE] 【目标检测】TRAPPED！ 类型：interact 置信度：0.9168941974639893
2025-10-23 02:46:31 [TRACE] 【空洞监听】无匹配已持续：18秒
2025-10-23 02:46:36 [TRACE] 【目标检测】TRAPPED！ 类型：interact 置信度：0.907448947429657
2025-10-23 02:46:38 [TRACE] 【空洞监听】无匹配已持续：24秒
2025-10-23 02:46:43 [TRACE] 【目标检测】屏幕内没有目标
2025-10-23 02:46:44 [TRACE] 【目标检测】屏幕内没有目标
2025-10-23 02:46:45 [TRACE] 【状态】搜索模式：C:\Users\gelon\Desktop\ZA-Lite\assets/images/hollow\gear.png 置信度：0.999715268611908
2025-10-23 02:46:45 [TRACE] 【目标检测】屏幕内没有目标
2025-10-23 02:46:46 [TRACE] 【目标检测】屏幕内没有目标
2025-10-23 02:46:47 [TRACE] 【目标检测】屏幕内没有目标
2025-10-23 02:46:50 [TRACE] 【目标检测】屏幕内没有目标
2025-10-23 02:46:51 [TRACE] 【目标检测】目标存在，但置信度不足
2025-10-23 02:46:52 [TRACE] 【状态】搜索模式：C:\Users\gelon\Desktop\ZA-Lite\assets/images/hollow\next_area.png 置信度：0.9999997019767761
2025-10-23 02:46:54 [TRACE] 【状态】搜索模式：C:\Users\gelon\Desktop\ZA-Lite\assets/images/hollow\meter.png 置信度：0.9775224924087524
2025-10-23 02:46:54 [TRACE] 【目标检测】TRAPPED！ 类型：blue_portal 置信度：0.9084701538085938
2025-10-23 02:47:00 [TRACE] 【目标检测】TRAPPED！ 类型：blue_portal 置信度：0.9644642472267151
2025-10-23 02:47:03 [TRACE] 【空洞监听】无匹配已持续：0秒
2025-10-23 02:47:07 [TRACE] 【目标检测】屏幕内没有目标
2025-10-23 02:47:08 [TRACE] 【目标检测】屏幕内没有目标
2025-10-23 02:47:09 [TRACE] 【目标检测】屏幕内没有目标
2025-10-23 02:47:10 [TRACE] 【目标检测】屏幕内没有目标
2025-10-23 02:47:11 [TRACE] 【目标检测】屏幕内没有目标
2025-10-23 02:47:12 [TRACE] 【状态】战斗模式：C:\Users\gelon\Desktop\ZA-Lite\assets/images/hollow\battle_3.png 置信度：0.9999997019767761
2025-10-23 02:47:21 [TRACE] 【空洞监听】无匹配已持续：0秒
2025-10-23 02:47:27 [TRACE] 【空洞监听】无匹配已持续：6秒
2025-10-23 02:47:28 [TRACE] 【状态】搜索模式：C:\Users\gelon\Desktop\ZA-Lite\assets/images/hollow\card.png 置信度：0.9516254663467407
2025-10-23 02:47:29 [TRACE] 【目标检测】屏幕内没有目标
2025-10-23 02:47:30 [TRACE] 【目标检测】屏幕内没有目标
2025-10-23 02:47:31 [TRACE] 【目标检测】屏幕内没有目标
2025-10-23 02:47:32 [TRACE] 【目标检测】屏幕内没有目标
2025-10-23 02:47:33 [TRACE] 【目标检测】屏幕内没有目标
2025-10-23 02:47:35 [TRACE] 【状态】搜索模式：C:\Users\gelon\Desktop\ZA-Lite\assets/images/hollow\next_area.png 置信度：0.9999995231628418
2025-10-23 02:47:35 [TRACE] 【目标检测】屏幕内没有目标
2025-10-23 02:47:37 [TRACE] 【目标检测】屏幕内没有目标
2025-10-23 02:47:38 [TRACE] 【目标检测】屏幕内没有目标
2025-10-23 02:47:39 [TRACE] 【目标检测】屏幕内没有目标
2025-10-23 02:47:41 [TRACE] 【目标检测】屏幕内没有目标
2025-10-23 02:47:43 [TRACE] 【目标检测】屏幕内没有目标
2025-10-23 02:47:46 [TRACE] 【目标检测】屏幕内没有目标
2025-10-23 02:47:47 [TRACE] 【空洞监听】无匹配已持续：0秒
2025-10-23 02:47:49 [TRACE] 【目标检测】TRAPPED！ 类型：blue_portal 置信度：0.9707830548286438
2025-10-23 02:47:53 [TRACE] 【空洞监听】无匹配已持续：5秒
2025-10-23 02:47:56 [TRACE] 【目标检测】屏幕内没有目标
2025-10-23 02:47:57 [TRACE] 【目标检测】屏幕内没有目标
2025-10-23 02:47:58 [TRACE] 【目标检测】屏幕内没有目标
2025-10-23 02:48:00 [TRACE] 【目标检测】目标存在，但置信度不足
2025-10-23 02:48:00 [TRACE] 【空洞监听】无匹配已持续：12秒
2025-10-23 02:48:01 [TRACE] 【目标检测】屏幕内没有目标
2025-10-23 02:48:02 [TRACE] 【目标检测】屏幕内没有目标
2025-10-23 02:48:03 [TRACE] 【状态】战斗模式：C:\Users\gelon\Desktop\ZA-Lite\assets/images/hollow\battle_3.png 置信度：0.9999998807907104
2025-10-23 02:48:12 [TRACE] 【空洞监听】无匹配已持续：0秒
2025-10-23 02:48:18 [TRACE] 【空洞监听】无匹配已持续：6秒
2025-10-23 02:48:25 [TRACE] 【空洞监听】无匹配已持续：12秒
2025-10-23 02:48:31 [TRACE] 【状态】战斗模式：正在受到攻击
2025-10-23 02:48:37 [TRACE] 【空洞监听】无匹配已持续：0秒
2025-10-23 02:48:43 [TRACE] 【状态】战斗模式：正在受到攻击
2025-10-23 02:48:49 [TRACE] 【空洞监听】无匹配已持续：0秒
2025-10-23 02:48:52 [TRACE] 【状态】战斗模式：C:\Users\gelon\Desktop\ZA-Lite\assets/images/hollow\battle_5.png 置信度：0.9765929579734802
2025-10-23 02:48:59 [TRACE] 【状态】战斗模式：C:\Users\gelon\Desktop\ZA-Lite\assets/images/hollow\battle_5.png 置信度：0.9704281091690063
2025-10-23 02:49:08 [TRACE] 【空洞监听】无匹配已持续：0秒
2025-10-23 02:49:14 [TRACE] 【状态】搜索模式：C:\Users\gelon\Desktop\ZA-Lite\assets/images/hollow\bangboo_bandit.png 置信度：0.9999999403953552
2025-10-23 02:49:15 [TRACE] 【目标检测】屏幕内没有目标
2025-10-23 02:49:16 [TRACE] 【目标检测】屏幕内没有目标
2025-10-23 02:49:17 [TRACE] 【目标检测】屏幕内没有目标
2025-10-23 02:49:21 [TRACE] 【目标检测】TRAPPED！ 类型：interact 置信度：0.9202206134796143
2025-10-23 02:49:21 [TRACE] 【空洞监听】无匹配已持续：0秒
2025-10-23 02:49:27 [TRACE] 【空洞监听】无匹配已持续：6秒
2025-10-23 02:49:28 [TRACE] 【目标检测】屏幕内没有目标
2025-10-23 02:49:29 [TRACE] 【目标检测】屏幕内没有目标
2025-10-23 02:49:30 [TRACE] 【目标检测】屏幕内没有目标
2025-10-23 02:49:31 [TRACE] 【目标检测】屏幕内没有目标
2025-10-23 02:49:32 [TRACE] 【目标检测】屏幕内没有目标
2025-10-23 02:49:34 [TRACE] 【目标检测】屏幕内没有目标
2025-10-23 02:49:35 [TRACE] 【目标检测】屏幕内没有目标
2025-10-23 02:49:36 [TRACE] 【目标检测】屏幕内没有目标
2025-10-23 02:49:42 [TRACE] 【状态】搜索模式：C:\Users\gelon\Desktop\ZA-Lite\assets/images/hollow\next_area.png 置信度：0.9999994039535522
2025-10-23 02:49:44 [TRACE] 【目标检测】微调超时，无法对齐！
2025-10-23 02:49:51 [TRACE] 【状态】搜索模式：C:\Users\gelon\Desktop\ZA-Lite\assets/images/hollow\meter.png 置信度：0.9584251046180725
2025-10-23 02:49:52 [TRACE] 【目标检测】微调超时，无法对齐！
2025-10-23 02:49:58 [TRACE] 【目标检测】TRAPPED！ 类型：guide_point 置信度：0.8011021614074707
2025-10-23 02:50:00 [TRACE] 【空洞监听】无匹配已持续：0秒
2025-10-23 02:50:04 [TRACE] 【目标检测】屏幕内没有目标
2025-10-23 02:50:05 [TRACE] 【目标检测】屏幕内没有目标
2025-10-23 02:50:06 [TRACE] 【空洞监听】无匹配已持续：6秒
2025-10-23 02:50:07 [TRACE] 【目标检测】屏幕内没有目标
2025-10-23 02:50:08 [TRACE] 【目标检测】屏幕内没有目标
2025-10-23 02:50:11 [TRACE] 【目标检测】TRAPPED！ 类型：blue_portal 置信度：0.9463486671447754
2025-10-23 02:50:12 [TRACE] 【空洞监听】无匹配已持续：12秒
2025-10-23 02:50:18 [TRACE] 【空洞监听】无匹配已持续：18秒
2025-10-23 02:50:18 [TRACE] 【目标检测】屏幕内没有目标
2025-10-23 02:50:19 [TRACE] 【目标检测】屏幕内没有目标
2025-10-23 02:50:21 [TRACE] 【目标检测】屏幕内没有目标
2025-10-23 02:50:22 [TRACE] 【目标检测】屏幕内没有目标
2025-10-23 02:50:23 [TRACE] 【目标检测】屏幕内没有目标
2025-10-23 02:50:25 [TRACE] 【空洞监听】无匹配已持续：24秒
2025-10-23 02:50:25 [TRACE] 【目标检测】屏幕内没有目标
2025-10-23 02:50:26 [TRACE] 【目标检测】屏幕内没有目标
2025-10-23 02:50:27 [TRACE] 【目标检测】屏幕内没有目标
2025-10-23 02:50:28 [TRACE] 【目标检测】屏幕内没有目标
2025-10-23 02:50:30 [TRACE] 【目标检测】屏幕内没有目标
2025-10-23 02:50:31 [TRACE] 【空洞监听】无匹配已持续：30秒
2025-10-23 02:50:32 [TRACE] 【目标检测】屏幕内没有目标
2025-10-23 02:50:33 [TRACE] 【目标检测】屏幕内没有目标
2025-10-23 02:50:34 [TRACE] 【目标检测】屏幕内没有目标
2025-10-23 02:50:34 [TRACE] 【状态】战斗模式：C:\Users\gelon\Desktop\ZA-Lite\assets/images/hollow\battle_5.png 置信度：0.9809679388999939
2025-10-23 02:50:35 [TRACE] 【目标检测】屏幕内没有目标
2025-10-23 02:50:43 [TRACE] 【空洞监听】无匹配已持续：0秒
2025-10-23 02:50:50 [TRACE] 【空洞监听】无匹配已持续：6秒
2025-10-23 02:50:56 [TRACE] 【空洞监听】无匹配已持续：12秒
2025-10-23 02:51:02 [TRACE] 【状态】战斗模式：正在受到攻击
2025-10-23 02:51:08 [TRACE] 【状态】战斗模式：正在受到攻击
2025-10-23 02:51:14 [TRACE] 【状态】战斗模式：正在受到攻击
2025-10-23 02:51:18 [TRACE] 【状态】战斗模式：C:\Users\gelon\Desktop\ZA-Lite\assets/images/hollow\battle_5.png 置信度：0.981217086315155
2025-10-23 02:51:21 [TRACE] 【状态】战斗模式：正在受到攻击
2025-10-23 02:51:27 [TRACE] 【空洞监听】无匹配已持续：0秒
2025-10-23 02:51:33 [TRACE] 【空洞监听】无匹配已持续：6秒
2025-10-23 02:51:36 [TRACE] 【状态】战斗模式：C:\Users\gelon\Desktop\ZA-Lite\assets/images/hollow\battle_5.png 置信度：0.9861842393875122
2025-10-23 02:51:42 [TRACE] 【状态】战斗模式：C:\Users\gelon\Desktop\ZA-Lite\assets/images/hollow\battle_5.png 置信度：0.9844191670417786
2025-10-23 02:51:45 [TRACE] 【状态】战斗模式：正在受到攻击
2025-10-23 02:51:52 [TRACE] 【状态】战斗模式：正在受到攻击
2025-10-23 02:51:55 [TRACE] 【状态】战斗模式：C:\Users\gelon\Desktop\ZA-Lite\assets/images/hollow\battle_5.png 置信度：0.9816884994506836
2025-10-23 02:52:02 [TRACE] 【状态】战斗模式：C:\Users\gelon\Desktop\ZA-Lite\assets/images/hollow\battle_5.png 置信度：0.9801056385040283
2025-10-23 02:52:08 [TRACE] 【状态】战斗模式：C:\Users\gelon\Desktop\ZA-Lite\assets/images/hollow\battle_5.png 置信度：0.9912833571434021
2025-10-23 02:52:17 [TRACE] 【空洞监听】无匹配已持续：0秒
2025-10-23 02:52:17 [TRACE] 【状态】搜索模式：C:\Users\gelon\Desktop\ZA-Lite\assets/images/hollow\resonium.png 置信度：0.9999998807907104
2025-10-23 02:52:18 [TRACE] 【目标出现】C:\Users\gelon\Desktop\ZA-Lite\assets/images/hollow\resonium.png 置信度：1.0
2025-10-23 02:52:18 [TRACE] 【本轮的坐标】：(np.int64(1174), np.int64(461)) ------------
2025-10-23 02:52:18 [TRACE] 【已点击过的坐标】：[(-10, -10)]
2025-10-23 02:52:18 [TRACE] 【成功点击】
2025-10-23 02:52:18 [TRACE] 【目标检测】目标存在，但置信度不足
2025-10-23 02:52:19 [TRACE] 【本轮的坐标】：(np.int64(1581), np.int64(461)) ------------
2025-10-23 02:52:19 [TRACE] 【已点击过的坐标】：[(-10, -10), (np.int64(1174), np.int64(461))]
2025-10-23 02:52:19 [TRACE] 【成功点击】
2025-10-23 02:52:19 [TRACE] 【目标检测】目标存在，但置信度不足
2025-10-23 02:52:19 [TRACE] 【本轮的坐标】：(np.int64(1582), np.int64(461)) ------------
2025-10-23 02:52:19 [TRACE] 【已点击过的坐标】：[(-10, -10), (np.int64(1174), np.int64(461)), (np.int64(1581), np.int64(461))]
2025-10-23 02:52:19 [TRACE] 【坐标太近】视为重复
2025-10-23 02:52:19 [TRACE] 【没有通过的坐标】开始下一轮
2025-10-23 02:52:19 [TRACE] 【本轮的坐标】：(np.int64(1988), np.int64(461)) ------------
2025-10-23 02:52:19 [TRACE] 【已点击过的坐标】：[(-10, -10), (np.int64(1174), np.int64(461)), (np.int64(1581), np.int64(461))]
2025-10-23 02:52:19 [TRACE] 【成功点击】
2025-10-23 02:52:20 [TRACE] 【目标检测】目标存在，但置信度不足
2025-10-23 02:52:20 [TRACE] 【本轮的坐标】：(np.int64(1989), np.int64(461)) ------------
2025-10-23 02:52:20 [TRACE] 【已点击过的坐标】：[(-10, -10), (np.int64(1174), np.int64(461)), (np.int64(1581), np.int64(461)), (np.int64(1988), np.int64(461))]
2025-10-23 02:52:20 [TRACE] 【坐标太近】视为重复
2025-10-23 02:52:20 [TRACE] 【没有通过的坐标】开始下一轮
2025-10-23 02:52:20 [TRACE] 【本轮的坐标】：(np.int64(1173), np.int64(462)) ------------
2025-10-23 02:52:20 [TRACE] 【已点击过的坐标】：[(-10, -10), (np.int64(1174), np.int64(461)), (np.int64(1581), np.int64(461)), (np.int64(1988), np.int64(461))]
2025-10-23 02:52:20 [TRACE] 【坐标太近】视为重复
2025-10-23 02:52:20 [TRACE] 【没有通过的坐标】开始下一轮
2025-10-23 02:52:20 [TRACE] 【本轮的坐标】：(np.int64(1174), np.int64(462)) ------------
2025-10-23 02:52:20 [TRACE] 【已点击过的坐标】：[(-10, -10), (np.int64(1174), np.int64(461)), (np.int64(1581), np.int64(461)), (np.int64(1988), np.int64(461))]
2025-10-23 02:52:20 [TRACE] 【坐标太近】视为重复
2025-10-23 02:52:20 [TRACE] 【没有通过的坐标】开始下一轮
2025-10-23 02:52:20 [TRACE] 【本轮的坐标】：(np.int64(1175), np.int64(462)) ------------
2025-10-23 02:52:20 [TRACE] 【已点击过的坐标】：[(-10, -10), (np.int64(1174), np.int64(461)), (np.int64(1581), np.int64(461)), (np.int64(1988), np.int64(461))]
2025-10-23 02:52:20 [TRACE] 【坐标太近】视为重复
2025-10-23 02:52:20 [TRACE] 【没有通过的坐标】开始下一轮
2025-10-23 02:52:20 [TRACE] 【本轮的坐标】：(np.int64(1580), np.int64(462)) ------------
2025-10-23 02:52:20 [TRACE] 【已点击过的坐标】：[(-10, -10), (np.int64(1174), np.int64(461)), (np.int64(1581), np.int64(461)), (np.int64(1988), np.int64(461))]
2025-10-23 02:52:20 [TRACE] 【坐标太近】视为重复
2025-10-23 02:52:20 [TRACE] 【没有通过的坐标】开始下一轮
2025-10-23 02:52:20 [TRACE] 【本轮的坐标】：(np.int64(1581), np.int64(462)) ------------
2025-10-23 02:52:20 [TRACE] 【已点击过的坐标】：[(-10, -10), (np.int64(1174), np.int64(461)), (np.int64(1581), np.int64(461)), (np.int64(1988), np.int64(461))]
2025-10-23 02:52:20 [TRACE] 【坐标太近】视为重复
2025-10-23 02:52:20 [TRACE] 【没有通过的坐标】开始下一轮
2025-10-23 02:52:20 [TRACE] 【本轮的坐标】：(np.int64(1582), np.int64(462)) ------------
2025-10-23 02:52:20 [TRACE] 【已点击过的坐标】：[(-10, -10), (np.int64(1174), np.int64(461)), (np.int64(1581), np.int64(461)), (np.int64(1988), np.int64(461))]
2025-10-23 02:52:20 [TRACE] 【坐标太近】视为重复
2025-10-23 02:52:20 [TRACE] 【没有通过的坐标】开始下一轮
2025-10-23 02:52:20 [TRACE] 【本轮的坐标】：(np.int64(1987), np.int64(462)) ------------
2025-10-23 02:52:20 [TRACE] 【已点击过的坐标】：[(-10, -10), (np.int64(1174), np.int64(461)), (np.int64(1581), np.int64(461)), (np.int64(1988), np.int64(461))]
2025-10-23 02:52:20 [TRACE] 【坐标太近】视为重复
2025-10-23 02:52:20 [TRACE] 【没有通过的坐标】开始下一轮
2025-10-23 02:52:20 [TRACE] 【本轮的坐标】：(np.int64(1988), np.int64(462)) ------------
2025-10-23 02:52:20 [TRACE] 【已点击过的坐标】：[(-10, -10), (np.int64(1174), np.int64(461)), (np.int64(1581), np.int64(461)), (np.int64(1988), np.int64(461))]
2025-10-23 02:52:20 [TRACE] 【坐标太近】视为重复
2025-10-23 02:52:20 [TRACE] 【没有通过的坐标】开始下一轮
2025-10-23 02:52:20 [TRACE] 【本轮的坐标】：(np.int64(1989), np.int64(462)) ------------
2025-10-23 02:52:20 [TRACE] 【已点击过的坐标】：[(-10, -10), (np.int64(1174), np.int64(461)), (np.int64(1581), np.int64(461)), (np.int64(1988), np.int64(461))]
2025-10-23 02:52:20 [TRACE] 【坐标太近】视为重复
2025-10-23 02:52:20 [TRACE] 【没有通过的坐标】开始下一轮
2025-10-23 02:52:20 [TRACE] 【本轮的坐标】：(np.int64(1990), np.int64(462)) ------------
2025-10-23 02:52:20 [TRACE] 【已点击过的坐标】：[(-10, -10), (np.int64(1174), np.int64(461)), (np.int64(1581), np.int64(461)), (np.int64(1988), np.int64(461))]
2025-10-23 02:52:20 [TRACE] 【坐标太近】视为重复
2025-10-23 02:52:20 [TRACE] 【没有通过的坐标】开始下一轮
2025-10-23 02:52:20 [TRACE] 【本轮的坐标】：(np.int64(1174), np.int64(463)) ------------
2025-10-23 02:52:20 [TRACE] 【已点击过的坐标】：[(-10, -10), (np.int64(1174), np.int64(461)), (np.int64(1581), np.int64(461)), (np.int64(1988), np.int64(461))]
2025-10-23 02:52:20 [TRACE] 【坐标太近】视为重复
2025-10-23 02:52:20 [TRACE] 【没有通过的坐标】开始下一轮
2025-10-23 02:52:20 [TRACE] 【本轮的坐标】：(np.int64(1581), np.int64(463)) ------------
2025-10-23 02:52:20 [TRACE] 【已点击过的坐标】：[(-10, -10), (np.int64(1174), np.int64(461)), (np.int64(1581), np.int64(461)), (np.int64(1988), np.int64(461))]
2025-10-23 02:52:20 [TRACE] 【坐标太近】视为重复
2025-10-23 02:52:20 [TRACE] 【没有通过的坐标】开始下一轮
2025-10-23 02:52:20 [TRACE] 【本轮的坐标】：(np.int64(1988), np.int64(463)) ------------
2025-10-23 02:52:20 [TRACE] 【已点击过的坐标】：[(-10, -10), (np.int64(1174), np.int64(461)), (np.int64(1581), np.int64(461)), (np.int64(1988), np.int64(461))]
2025-10-23 02:52:20 [TRACE] 【坐标太近】视为重复
2025-10-23 02:52:20 [TRACE] 【没有通过的坐标】开始下一轮
2025-10-23 02:52:20 [TRACE] 【完成所有点击】有效次数：3
2025-10-23 02:52:21 [TRACE] 【目标检测】目标存在，但置信度不足
2025-10-23 02:52:22 [TRACE] 【目标检测】屏幕内没有目标
2025-10-23 02:52:24 [TRACE] 【目标检测】屏幕内没有目标
2025-10-23 02:52:25 [TRACE] 【目标检测】屏幕内没有目标
2025-10-23 02:52:28 [TRACE] 【状态】搜索模式：C:\Users\gelon\Desktop\ZA-Lite\assets/images/hollow\next_area.png 置信度：0.9999995231628418
2025-10-23 02:52:33 [TRACE] 【目标检测】微调超时，无法对齐！
2025-10-23 02:52:37 [TRACE] 【目标检测】目标存在，但置信度不足
2025-10-23 02:52:40 [TRACE] 【空洞监听】无匹配已持续：0秒
2025-10-23 02:52:40 [TRACE] 【目标检测】屏幕内没有目标
2025-10-23 02:52:44 [TRACE] 【目标检测】目标存在，但置信度不足
2025-10-23 02:52:45 [TRACE] 【目标检测】微调超时，无法对齐！
2025-10-23 02:52:46 [TRACE] 【空洞监听】无匹配已持续：6秒
2025-10-23 02:52:47 [TRACE] 【目标检测】目标存在，但置信度不足
2025-10-23 02:52:53 [TRACE] 【空洞监听】无匹配已持续：12秒
2025-10-23 02:52:55 [TRACE] 【目标检测】微调超时，无法对齐！
2025-10-23 02:52:58 [TRACE] 【目标检测】目标存在，但置信度不足
2025-10-23 02:52:59 [TRACE] 【空洞监听】无匹配已持续：19秒
2025-10-23 02:53:02 [TRACE] 【目标检测】TRAPPED！ 类型：guide_point 置信度：0.8498998284339905
2025-10-23 02:53:03 [TRACE] 【状态】搜索模式：C:\Users\gelon\Desktop\ZA-Lite\assets/images/hollow\meter.png 置信度：0.9222529530525208
2025-10-23 02:53:09 [TRACE] 【目标检测】屏幕内没有目标
2025-10-23 02:53:10 [TRACE] 【目标检测】屏幕内没有目标
2025-10-23 02:53:12 [TRACE] 【目标检测】屏幕内没有目标
2025-10-23 02:53:12 [TRACE] 【空洞监听】无匹配已持续：0秒
2025-10-23 02:53:13 [TRACE] 【目标检测】屏幕内没有目标
2025-10-23 02:53:14 [TRACE] 【目标检测】屏幕内没有目标
2025-10-23 02:53:16 [TRACE] 【目标检测】屏幕内没有目标
2025-10-23 02:53:17 [TRACE] 【目标检测】屏幕内没有目标
2025-10-23 02:53:18 [TRACE] 【目标检测】屏幕内没有目标
2025-10-23 02:53:19 [TRACE] 【空洞监听】无匹配已持续：6秒
2025-10-23 02:53:19 [TRACE] 【目标检测】屏幕内没有目标
2025-10-23 02:53:24 [TRACE] 【目标检测】TRAPPED！ 类型：interact 置信度：0.9246824383735657
2025-10-23 02:53:25 [TRACE] 【空洞监听】无匹配已持续：12秒
2025-10-23 02:53:31 [TRACE] 【目标检测】屏幕内没有目标
2025-10-23 02:53:32 [TRACE] 【目标检测】屏幕内没有目标
2025-10-23 02:53:33 [TRACE] 【目标检测】屏幕内没有目标
2025-10-23 02:53:34 [TRACE] 【目标检测】屏幕内没有目标
2025-10-23 02:53:35 [TRACE] 【目标检测】屏幕内没有目标
2025-10-23 02:53:37 [TRACE] 【目标检测】屏幕内没有目标
2025-10-23 02:53:38 [TRACE] 【目标检测】屏幕内没有目标
2025-10-23 02:53:39 [TRACE] 【状态】搜索模式：C:\Users\gelon\Desktop\ZA-Lite\assets/images/hollow\resonium.png 置信度：1.0
2025-10-23 02:53:39 [TRACE] 【目标出现】C:\Users\gelon\Desktop\ZA-Lite\assets/images/hollow\resonium.png 置信度：0.9999998807907104
2025-10-23 02:53:39 [TRACE] 【本轮的坐标】：(np.int64(1378), np.int64(461)) ------------
2025-10-23 02:53:39 [TRACE] 【已点击过的坐标】：[(-10, -10)]
2025-10-23 02:53:39 [TRACE] 【成功点击】
2025-10-23 02:53:39 [TRACE] 【目标检测】屏幕内没有目标
2025-10-23 02:53:40 [TRACE] 【本轮的坐标】：(np.int64(1785), np.int64(461)) ------------
2025-10-23 02:53:40 [TRACE] 【已点击过的坐标】：[(-10, -10), (np.int64(1378), np.int64(461))]
2025-10-23 02:53:40 [TRACE] 【成功点击】
2025-10-23 02:53:40 [TRACE] 【目标检测】屏幕内没有目标
2025-10-23 02:53:40 [TRACE] 【本轮的坐标】：(np.int64(1786), np.int64(461)) ------------
2025-10-23 02:53:40 [TRACE] 【已点击过的坐标】：[(-10, -10), (np.int64(1378), np.int64(461)), (np.int64(1785), np.int64(461))]
2025-10-23 02:53:40 [TRACE] 【坐标太近】视为重复
2025-10-23 02:53:40 [TRACE] 【没有通过的坐标】开始下一轮
2025-10-23 02:53:40 [TRACE] 【本轮的坐标】：(np.int64(1377), np.int64(462)) ------------
2025-10-23 02:53:40 [TRACE] 【已点击过的坐标】：[(-10, -10), (np.int64(1378), np.int64(461)), (np.int64(1785), np.int64(461))]
2025-10-23 02:53:40 [TRACE] 【坐标太近】视为重复
2025-10-23 02:53:40 [TRACE] 【没有通过的坐标】开始下一轮
2025-10-23 02:53:40 [TRACE] 【本轮的坐标】：(np.int64(1378), np.int64(462)) ------------
2025-10-23 02:53:40 [TRACE] 【已点击过的坐标】：[(-10, -10), (np.int64(1378), np.int64(461)), (np.int64(1785), np.int64(461))]
2025-10-23 02:53:40 [TRACE] 【坐标太近】视为重复
2025-10-23 02:53:40 [TRACE] 【没有通过的坐标】开始下一轮
2025-10-23 02:53:40 [TRACE] 【本轮的坐标】：(np.int64(1379), np.int64(462)) ------------
2025-10-23 02:53:40 [TRACE] 【已点击过的坐标】：[(-10, -10), (np.int64(1378), np.int64(461)), (np.int64(1785), np.int64(461))]
2025-10-23 02:53:40 [TRACE] 【坐标太近】视为重复
2025-10-23 02:53:40 [TRACE] 【没有通过的坐标】开始下一轮
2025-10-23 02:53:40 [TRACE] 【本轮的坐标】：(np.int64(1784), np.int64(462)) ------------
2025-10-23 02:53:40 [TRACE] 【已点击过的坐标】：[(-10, -10), (np.int64(1378), np.int64(461)), (np.int64(1785), np.int64(461))]
2025-10-23 02:53:40 [TRACE] 【坐标太近】视为重复
2025-10-23 02:53:40 [TRACE] 【没有通过的坐标】开始下一轮
2025-10-23 02:53:40 [TRACE] 【本轮的坐标】：(np.int64(1785), np.int64(462)) ------------
2025-10-23 02:53:40 [TRACE] 【已点击过的坐标】：[(-10, -10), (np.int64(1378), np.int64(461)), (np.int64(1785), np.int64(461))]
2025-10-23 02:53:40 [TRACE] 【坐标太近】视为重复
2025-10-23 02:53:40 [TRACE] 【没有通过的坐标】开始下一轮
2025-10-23 02:53:40 [TRACE] 【本轮的坐标】：(np.int64(1786), np.int64(462)) ------------
2025-10-23 02:53:40 [TRACE] 【已点击过的坐标】：[(-10, -10), (np.int64(1378), np.int64(461)), (np.int64(1785), np.int64(461))]
2025-10-23 02:53:40 [TRACE] 【坐标太近】视为重复
2025-10-23 02:53:40 [TRACE] 【没有通过的坐标】开始下一轮
2025-10-23 02:53:40 [TRACE] 【本轮的坐标】：(np.int64(1378), np.int64(463)) ------------
2025-10-23 02:53:40 [TRACE] 【已点击过的坐标】：[(-10, -10), (np.int64(1378), np.int64(461)), (np.int64(1785), np.int64(461))]
2025-10-23 02:53:40 [TRACE] 【坐标太近】视为重复
2025-10-23 02:53:40 [TRACE] 【没有通过的坐标】开始下一轮
2025-10-23 02:53:40 [TRACE] 【本轮的坐标】：(np.int64(1785), np.int64(463)) ------------
2025-10-23 02:53:40 [TRACE] 【已点击过的坐标】：[(-10, -10), (np.int64(1378), np.int64(461)), (np.int64(1785), np.int64(461))]
2025-10-23 02:53:40 [TRACE] 【坐标太近】视为重复
2025-10-23 02:53:40 [TRACE] 【没有通过的坐标】开始下一轮
2025-10-23 02:53:40 [TRACE] 【完成所有点击】有效次数：2
2025-10-23 02:53:41 [TRACE] 【目标检测】屏幕内没有目标
2025-10-23 02:53:44 [TRACE] 【目标检测】屏幕内没有目标
2025-10-23 02:53:45 [TRACE] 【目标检测】屏幕内没有目标
2025-10-23 02:53:46 [TRACE] 【目标检测】屏幕内没有目标
2025-10-23 02:53:51 [TRACE] 【状态】搜索模式：C:\Users\gelon\Desktop\ZA-Lite\assets/images/hollow\meter.png 置信度：0.9580344557762146
2025-10-23 02:53:51 [TRACE] 【目标检测】TRAPPED！ 类型：blue_portal 置信度：0.8309904336929321
2025-10-23 02:53:58 [TRACE] 【目标检测】屏幕内没有目标
2025-10-23 02:53:59 [TRACE] 【目标检测】屏幕内没有目标
2025-10-23 02:54:00 [TRACE] 【空洞监听】无匹配已持续：0秒
2025-10-23 02:54:02 [TRACE] 【目标检测】TRAPPED！ 类型：interact 置信度：0.9211573600769043
2025-10-23 02:54:06 [TRACE] 【空洞监听】无匹配已持续：6秒
2025-10-23 02:54:09 [TRACE] 【目标检测】TRAPPED！ 类型：guide_point 置信度：0.8892228007316589
2025-10-23 02:54:11 [TRACE] 【状态】搜索模式：C:\Users\gelon\Desktop\ZA-Lite\assets/images/hollow\meter.png 置信度：0.9197598695755005
2025-10-23 02:54:14 [TRACE] 【目标检测】TRAPPED！ 类型：red_portal 置信度：0.9182977080345154
2025-10-23 02:54:19 [TRACE] 【空洞监听】无匹配已持续：0秒
2025-10-23 02:54:27 [TRACE] 【目标检测】微调超时，无法对齐！
2025-10-23 02:54:29 [TRACE] 【目标检测】TRAPPED！ 类型：red_portal 置信度：0.8953809142112732
2025-10-23 02:54:30 [TRACE] 【状态】搜索模式：C:\Users\gelon\Desktop\ZA-Lite\assets/images/hollow\meter.png 置信度：0.9245063662528992
2025-10-23 02:54:35 [TRACE] 【目标检测】TRAPPED！ 类型：red_portal 置信度：0.9011958837509155
2025-10-23 02:54:36 [TRACE] 【状态】搜索模式：C:\Users\gelon\Desktop\ZA-Lite\assets/images/hollow\meter.png 置信度：0.9113309383392334
2025-10-23 02:54:42 [TRACE] 【状态】搜索模式：C:\Users\gelon\Desktop\ZA-Lite\assets/images/hollow\meter.png 置信度：0.907440185546875
2025-10-23 02:54:43 [TRACE] 【目标检测】TRAPPED！ 类型：red_portal 置信度：0.9484983086585999
2025-10-23 02:54:48 [TRACE] 【目标检测】TRAPPED！ 类型：red_portal 置信度：0.832160472869873
2025-10-23 02:54:49 [TRACE] 【状态】搜索模式：C:\Users\gelon\Desktop\ZA-Lite\assets/images/hollow\meter.png 置信度：0.9736546277999878
2025-10-23 02:54:55 [TRACE] 【状态】搜索模式：C:\Users\gelon\Desktop\ZA-Lite\assets/images/hollow\meter.png 置信度：0.9220948219299316
2025-10-23 02:55:00 [TRACE] 【目标检测】TRAPPED！ 类型：red_portal 置信度：0.8434203267097473
2025-10-23 02:55:04 [TRACE] 【空洞监听】无匹配已持续：0秒
2025-10-23 02:55:07 [TRACE] 【目标检测】TRAPPED！ 类型：red_portal 置信度：0.8762048482894897
2025-10-23 02:55:08 [TRACE] 【状态】搜索模式：C:\Users\gelon\Desktop\ZA-Lite\assets/images/hollow\meter.png 置信度：0.9701977372169495
2025-10-23 02:55:17 [TRACE] 【空洞监听】无匹配已持续：0秒
2025-10-23 02:55:18 [TRACE] 【目标检测】TRAPPED！ 类型：red_portal 置信度：0.9634163975715637
2025-10-23 02:55:22 [TRACE] 【目标检测】屏幕内没有目标
2025-10-23 02:55:23 [TRACE] 【空洞监听】无匹配已持续：6秒
2025-10-23 02:55:26 [TRACE] 【目标检测】TRAPPED！ 类型：red_portal 置信度：0.9522950649261475
2025-10-23 02:55:29 [TRACE] 【空洞监听】无匹配已持续：12秒
2025-10-23 02:55:33 [TRACE] 【目标检测】屏幕内没有目标
2025-10-23 02:55:34 [TRACE] 【目标检测】屏幕内没有目标
2025-10-23 02:55:35 [TRACE] 【目标检测】屏幕内没有目标
2025-10-23 02:55:35 [TRACE] 【空洞监听】无匹配已持续：18秒
2025-10-23 02:55:36 [TRACE] 【目标检测】屏幕内没有目标
2025-10-23 02:55:37 [TRACE] 【目标检测】屏幕内没有目标
2025-10-23 02:55:39 [TRACE] 【目标检测】屏幕内没有目标
2025-10-23 02:55:40 [TRACE] 【目标检测】屏幕内没有目标
2025-10-23 02:55:41 [TRACE] 【空洞监听】无匹配已持续：23秒
2025-10-23 02:55:41 [TRACE] 【目标检测】屏幕内没有目标
2025-10-23 02:55:43 [TRACE] 【目标检测】屏幕内没有目标
2025-10-23 02:55:44 [TRACE] 【目标检测】屏幕内没有目标
2025-10-23 02:55:46 [TRACE] 【目标检测】屏幕内没有目标
2025-10-23 02:55:47 [TRACE] 【目标检测】屏幕内没有目标
2025-10-23 02:55:47 [TRACE] 【空洞监听】无匹配已持续：30秒
2025-10-23 02:55:48 [TRACE] 【目标检测】屏幕内没有目标
2025-10-23 02:55:49 [TRACE] 【目标检测】屏幕内没有目标
2025-10-23 02:55:50 [TRACE] 【目标检测】屏幕内没有目标
2025-10-23 02:55:52 [TRACE] 【目标检测】屏幕内没有目标
2025-10-23 02:55:53 [TRACE] 【空洞监听】无匹配已持续：36秒
2025-10-23 02:55:54 [TRACE] 【目标检测】屏幕内没有目标
2025-10-23 02:55:54 [TRACE] 【目标检测】屏幕内没有目标
2025-10-23 02:55:56 [TRACE] 【目标检测】屏幕内没有目标
2025-10-23 02:55:57 [TRACE] 【目标检测】目标存在，但置信度不足
2025-10-23 02:55:58 [TRACE] 【目标检测】屏幕内没有目标
2025-10-23 02:55:59 [TRACE] 【空洞监听】无匹配已持续：41秒
2025-10-23 02:56:00 [TRACE] 【目标检测】屏幕内没有目标
2025-10-23 02:56:01 [TRACE] 【目标检测】目标存在，但置信度不足
2025-10-23 02:56:02 [TRACE] 【目标检测】目标存在，但置信度不足
2025-10-23 02:56:03 [TRACE] 【目标检测】目标存在，但置信度不足
2025-10-23 02:56:04 [TRACE] 【目标检测】目标存在，但置信度不足
2025-10-23 02:56:05 [TRACE] 【状态】战斗模式：正在受到攻击
2025-10-23 02:56:05 [TRACE] 【目标检测】屏幕内没有目标
2025-10-23 02:56:10 [TRACE] 【空洞监听】无匹配已持续：0秒
2025-10-23 02:56:13 [TRACE] 【状态】战斗模式：C:\Users\gelon\Desktop\ZA-Lite\assets/images/hollow\battle_5.png 置信度：0.9777308106422424
2025-10-23 02:56:16 [TRACE] 【状态】战斗模式：正在受到攻击
2025-10-23 02:56:22 [TRACE] 【状态】战斗模式：正在受到攻击
2025-10-23 02:56:26 [TRACE] 【状态】战斗模式：C:\Users\gelon\Desktop\ZA-Lite\assets/images/hollow\battle_5.png 置信度：0.9838303327560425
2025-10-23 02:56:28 [TRACE] 【状态】战斗模式：正在受到攻击
2025-10-23 02:56:34 [TRACE] 【状态】战斗模式：正在受到攻击
2025-10-23 02:56:39 [TRACE] 【空洞监听】无匹配已持续：0秒
2025-10-23 02:56:43 [TRACE] 【状态】战斗模式：C:\Users\gelon\Desktop\ZA-Lite\assets/images/hollow\battle_5.png 置信度：0.9864491820335388
2025-10-23 02:56:45 [TRACE] 【状态】战斗模式：正在受到攻击
2025-10-23 02:56:49 [TRACE] 【状态】战斗模式：C:\Users\gelon\Desktop\ZA-Lite\assets/images/hollow\battle_5.png 置信度：0.9719147682189941
2025-10-23 02:56:55 [TRACE] 【状态】战斗模式：C:\Users\gelon\Desktop\ZA-Lite\assets/images/hollow\battle_5.png 置信度：0.9808415174484253
2025-10-23 02:57:03 [TRACE] 【空洞监听】无匹配已持续：0秒
2025-10-23 02:57:09 [TRACE] 【空洞监听】无匹配已持续：5秒
2025-10-23 02:57:13 [TRACE] 【状态】战斗模式：C:\Users\gelon\Desktop\ZA-Lite\assets/images/hollow\battle_5.png 置信度：0.9791401028633118
2025-10-23 02:57:18 [TRACE] 【状态】战斗模式：C:\Users\gelon\Desktop\ZA-Lite\assets/images/hollow\battle_5.png 置信度：0.985427975654602
2025-10-23 02:57:27 [TRACE] 【空洞监听】无匹配已持续：0秒
2025-10-23 02:57:31 [TRACE] 【状态】战斗模式：C:\Users\gelon\Desktop\ZA-Lite\assets/images/hollow\battle_5.png 置信度：0.979691743850708
2025-10-23 02:57:37 [TRACE] 【状态】战斗模式：C:\Users\gelon\Desktop\ZA-Lite\assets/images/hollow\battle_5.png 置信度：0.9792802333831787
2025-10-23 02:57:45 [TRACE] 【空洞监听】无匹配已持续：0秒
2025-10-23 02:57:51 [TRACE] 【空洞监听】无匹配已持续：5秒
2025-10-23 02:57:57 [TRACE] 【空洞监听】无匹配已持续：11秒
2025-10-23 02:58:00 [TRACE] 【状态】战斗模式：C:\Users\gelon\Desktop\ZA-Lite\assets/images/hollow\battle_5.png 置信度：0.9862160086631775
2025-10-23 02:58:06 [TRACE] 【状态】战斗模式：C:\Users\gelon\Desktop\ZA-Lite\assets/images/hollow\battle_5.png 置信度：0.9714823961257935
2025-10-23 02:58:12 [TRACE] 【状态】战斗模式：C:\Users\gelon\Desktop\ZA-Lite\assets/images/hollow\battle_5.png 置信度：0.9776381850242615
2025-10-23 02:58:15 [TRACE] 【状态】战斗模式：正在受到攻击
2025-10-23 02:58:18 [TRACE] 【状态】战斗模式：C:\Users\gelon\Desktop\ZA-Lite\assets/images/hollow\battle_5.png 置信度：0.9768085479736328
2025-10-23 02:58:24 [TRACE] 【状态】战斗模式：C:\Users\gelon\Desktop\ZA-Lite\assets/images/hollow\battle_5.png 置信度：0.9802730679512024
2025-10-23 02:58:32 [TRACE] 【状态】战斗模式：正在受到攻击
2025-10-23 02:58:38 [TRACE] 【空洞监听】无匹配已持续：0秒
2025-10-23 02:58:41 [TRACE] 【状态】战斗模式：C:\Users\gelon\Desktop\ZA-Lite\assets/images/hollow\battle_5.png 置信度：0.9735034704208374
2025-10-23 02:58:50 [TRACE] 【空洞监听】无匹配已持续：0秒
2025-10-23 02:58:56 [TRACE] 【状态】战斗模式：正在受到攻击
2025-10-23 02:59:02 [TRACE] 【空洞监听】无匹配已持续：0秒
2025-10-23 02:59:08 [TRACE] 【空洞监听】无匹配已持续：5秒
2025-10-23 02:59:13 [TRACE] 【空洞监听】无匹配已持续：11秒
2025-10-23 02:59:17 [TRACE] 【状态】战斗模式：C:\Users\gelon\Desktop\ZA-Lite\assets/images/hollow\battle_5.png 置信度：0.9762306809425354
2025-10-23 02:59:23 [TRACE] 【状态】战斗模式：C:\Users\gelon\Desktop\ZA-Lite\assets/images/hollow\battle_5.png 置信度：0.9839023947715759
2025-10-23 02:59:29 [TRACE] 【状态】战斗模式：C:\Users\gelon\Desktop\ZA-Lite\assets/images/hollow\battle_5.png 置信度：0.9854005575180054
2025-10-23 02:59:35 [TRACE] 【状态】战斗模式：C:\Users\gelon\Desktop\ZA-Lite\assets/images/hollow\battle_5.png 置信度：0.9768823981285095
2025-10-23 02:59:44 [TRACE] 【状态】战斗模式：正在受到攻击
2025-10-23 02:59:50 [TRACE] 【空洞监听】无匹配已持续：0秒
2025-10-23 02:59:53 [TRACE] 【状态】战斗模式：C:\Users\gelon\Desktop\ZA-Lite\assets/images/hollow\battle_5.png 置信度：0.9958295226097107
2025-10-23 02:59:59 [TRACE] 【状态】战斗模式：C:\Users\gelon\Desktop\ZA-Lite\assets/images/hollow\battle_5.png 置信度：0.968353271484375
2025-10-23 03:00:07 [TRACE] 【状态】战斗模式：正在受到攻击
2025-10-23 03:00:11 [TRACE] 【状态】战斗模式：C:\Users\gelon\Desktop\ZA-Lite\assets/images/hollow\battle_5.png 置信度：0.9591748118400574
2025-10-23 03:00:17 [TRACE] 【状态】战斗模式：C:\Users\gelon\Desktop\ZA-Lite\assets/images/hollow\battle_5.png 置信度：0.9656819105148315
2025-10-23 03:00:20 [TRACE] 【状态】战斗模式：正在受到攻击
2025-10-23 03:00:26 [TRACE] 【空洞监听】无匹配已持续：0秒
2025-10-23 03:00:29 [TRACE] 【状态】战斗模式：C:\Users\gelon\Desktop\ZA-Lite\assets/images/hollow\battle_5.png 置信度：0.9779486656188965
2025-10-23 03:00:32 [TRACE] 【状态】战斗模式：正在受到攻击
2025-10-23 03:00:35 [TRACE] 【状态】战斗模式：C:\Users\gelon\Desktop\ZA-Lite\assets/images/hollow\battle_5.png 置信度：0.9762876629829407
2025-10-23 03:00:41 [TRACE] 【状态】战斗模式：C:\Users\gelon\Desktop\ZA-Lite\assets/images/hollow\battle_5.png 置信度：0.9786926507949829
2025-10-23 03:00:50 [TRACE] 【空洞监听】无匹配已持续：0秒
2025-10-23 03:00:53 [TRACE] 【状态】战斗模式：C:\Users\gelon\Desktop\ZA-Lite\assets/images/hollow\battle_5.png 置信度：0.9781877994537354
2025-10-23 03:01:02 [TRACE] 【状态】战斗模式：正在受到攻击
2025-10-23 03:01:05 [TRACE] 【状态】战斗模式：C:\Users\gelon\Desktop\ZA-Lite\assets/images/hollow\battle_5.png 置信度：0.9804303050041199
2025-10-23 03:01:11 [TRACE] 【状态】战斗模式：C:\Users\gelon\Desktop\ZA-Lite\assets/images/hollow\battle_5.png 置信度：0.9189748764038086
2025-10-23 03:01:14 [TRACE] 【状态】战斗模式：正在受到攻击
2025-10-23 03:01:20 [TRACE] 【空洞监听】无匹配已持续：0秒
2025-10-23 03:01:26 [TRACE] 【状态】完成：C:\Users\gelon\Desktop\ZA-Lite\assets/images/hollow\mission_completed.png 置信度：1.0
2025-10-23 03:01:26 [SUCCESS] 成功通关空洞
2025-10-23 03:01:26 [INFO] 本轮耗时:56分钟
2025-10-23 03:01:26 [INFO] 当前已完成空洞 1 次 
2025-10-23 03:01:26 [DEBUG] 正在返回菜单
2025-10-23 03:01:26 [TRACE] 正在返回菜单,请保持游戏画面处于前台
2025-10-23 03:01:29 [TRACE] 正在返回菜单,请保持游戏画面处于前台
2025-10-23 03:01:31 [TRACE] 正在返回菜单,请保持游戏画面处于前台
2025-10-23 03:01:33 [TRACE] 正在返回菜单,请保持游戏画面处于前台
2025-10-23 03:01:35 [TRACE] 正在返回菜单,请保持游戏画面处于前台
2025-10-23 03:01:37 [TRACE] 正在返回菜单,请保持游戏画面处于前台
2025-10-23 03:01:39 [TRACE] 正在返回菜单,请保持游戏画面处于前台
2025-10-23 03:01:42 [TRACE] 现在处于大厅
2025-10-23 03:01:42 [INFO] 执行零号空洞任务中
2025-10-23 03:01:43 [TRACE] 【1】等待目标中 C:\Users\gelon\Desktop\ZA-Lite\assets/images/hollow\combat.png
2025-10-23 03:01:43 [TRACE] 【目标出现】C:\Users\gelon\Desktop\ZA-Lite\assets/images/hollow\combat.png 置信度：0.9762895703315735
2025-10-23 03:01:45 [TRACE] 【目标出现】C:\Users\gelon\Desktop\ZA-Lite\assets/images/hollow\zero_hollow.png 置信度：0.9999948143959045
2025-10-23 03:01:46 [TRACE] 【目标出现】C:\Users\gelon\Desktop\ZA-Lite\assets/images/hollow\go_hollow.png 置信度：0.9874649047851562
2025-10-23 03:01:48 [TRACE] 【1】等待目标中 C:\Users\gelon\Desktop\ZA-Lite\assets/images/hollow\confirm.png
2025-10-23 03:01:48 [TRACE] 【2】等待目标中 C:\Users\gelon\Desktop\ZA-Lite\assets/images/hollow\confirm.png
2025-10-23 03:01:49 [TRACE] 【3】等待目标中 C:\Users\gelon\Desktop\ZA-Lite\assets/images/hollow\confirm.png
2025-10-23 03:01:50 [TRACE] 【4】等待目标中 C:\Users\gelon\Desktop\ZA-Lite\assets/images/hollow\confirm.png
2025-10-23 03:01:50 [TRACE] 【5】等待目标中 C:\Users\gelon\Desktop\ZA-Lite\assets/images/hollow\confirm.png
2025-10-23 03:01:51 [TRACE] 【6】等待目标中 C:\Users\gelon\Desktop\ZA-Lite\assets/images/hollow\confirm.png
2025-10-23 03:01:52 [TRACE] 【7】等待目标中 C:\Users\gelon\Desktop\ZA-Lite\assets/images/hollow\confirm.png
2025-10-23 03:01:53 [TRACE] 【8】等待目标中 C:\Users\gelon\Desktop\ZA-Lite\assets/images/hollow\confirm.png
2025-10-23 03:01:53 [TRACE] 【9】等待目标中 C:\Users\gelon\Desktop\ZA-Lite\assets/images/hollow\confirm.png
2025-10-23 03:01:54 [TRACE] 【10】等待目标中 C:\Users\gelon\Desktop\ZA-Lite\assets/images/hollow\confirm.png
2025-10-23 03:01:55 [TRACE] 【11】等待目标中 C:\Users\gelon\Desktop\ZA-Lite\assets/images/hollow\confirm.png
2025-10-23 03:01:55 [TRACE] 【12】等待目标中 C:\Users\gelon\Desktop\ZA-Lite\assets/images/hollow\confirm.png
2025-10-23 03:01:56 [TRACE] 【13】等待目标中 C:\Users\gelon\Desktop\ZA-Lite\assets/images/hollow\confirm.png
2025-10-23 03:01:57 [TRACE] 【14】等待目标中 C:\Users\gelon\Desktop\ZA-Lite\assets/images/hollow\confirm.png
2025-10-23 03:01:58 [TRACE] 【15】等待目标中 C:\Users\gelon\Desktop\ZA-Lite\assets/images/hollow\confirm.png
2025-10-23 03:01:58 [TRACE] 【16】等待目标中 C:\Users\gelon\Desktop\ZA-Lite\assets/images/hollow\confirm.png
2025-10-23 03:01:59 [TRACE] 【17】等待目标中 C:\Users\gelon\Desktop\ZA-Lite\assets/images/hollow\confirm.png
2025-10-23 03:02:00 [TRACE] 【18】等待目标中 C:\Users\gelon\Desktop\ZA-Lite\assets/images/hollow\confirm.png
2025-10-23 03:02:01 [TRACE] 【19】等待目标中 C:\Users\gelon\Desktop\ZA-Lite\assets/images/hollow\confirm.png
2025-10-23 03:02:01 [TRACE] 【20】等待目标中 C:\Users\gelon\Desktop\ZA-Lite\assets/images/hollow\confirm.png
2025-10-23 03:02:02 [ERROR] 等待超时,开始重试
2025-10-23 03:02:03 [DEBUG] 正在返回菜单
2025-10-23 03:02:04 [TRACE] 正在返回菜单,请保持游戏画面处于前台
2025-10-23 03:02:06 [TRACE] 现在处于大厅
2025-10-23 03:02:07 [INFO] 执行零号空洞任务中
2025-10-23 03:02:07 [TRACE] 【目标出现】C:\Users\gelon\Desktop\ZA-Lite\assets/images/hollow\combat.png 置信度：0.9762898087501526
