2025-10-21 14:07:06 [TRACE] 【线程启动】全局监听
2025-10-21 14:07:06 [TRACE] 【线程启动】终止监听
2025-10-21 14:07:06 [INFO] 现在执行 10 次零号空洞
2025-10-21 14:07:08 [DEBUG] 初始化完毕..启动{零号空洞}模块
2025-10-21 14:07:11 [DEBUG] 发现已存在的游戏窗口
2025-10-21 14:07:15 [SUCCESS] 程序开始接管操作，请保持游戏画面处于前台，终止按下Alt键
2025-10-21 14:07:15 [TRACE] 【线程启动】空洞搜索
2025-10-21 14:07:15 [TRACE] 【线程启动】空洞监听
2025-10-21 14:07:15 [TRACE] 【线程启动】空洞战斗
2025-10-21 14:07:15 [DEBUG] 正在返回菜单
2025-10-21 14:07:16 [TRACE] 正在返回菜单,请保持游戏画面处于前台
2025-10-21 14:07:18 [TRACE] 正在返回菜单,请保持游戏画面处于前台
2025-10-21 14:07:20 [TRACE] 正在返回菜单,请保持游戏画面处于前台
2025-10-21 14:07:23 [TRACE] 现在处于大厅
2025-10-21 14:07:23 [INFO] 执行零号空洞任务中
2025-10-21 14:07:24 [TRACE] 【1】等待目标中 C:\Users\gelon\Desktop\ZA-Lite\assets/images/hollow\combat.png
2025-10-21 14:07:24 [TRACE] 【目标出现】C:\Users\gelon\Desktop\ZA-Lite\assets/images/hollow\combat.png 置信度：0.9762948155403137
2025-10-21 14:07:26 [TRACE] 【目标出现】C:\Users\gelon\Desktop\ZA-Lite\assets/images/hollow\zero_hollow.png 置信度：0.9999939203262329
2025-10-21 14:07:27 [TRACE] 【目标出现】C:\Users\gelon\Desktop\ZA-Lite\assets/images/hollow\go_hollow.png 置信度：0.9941138625144958
2025-10-21 14:07:29 [TRACE] 【目标出现】C:\Users\gelon\Desktop\ZA-Lite\assets/images/hollow\confirm.png 置信度：0.9839573502540588
2025-10-21 14:07:30 [TRACE] 【1】等待目标中 C:\Users\gelon\Desktop\ZA-Lite\assets/images/hollow\hollow_taskforce.png
2025-10-21 14:07:31 [TRACE] 【2】等待目标中 C:\Users\gelon\Desktop\ZA-Lite\assets/images/hollow\hollow_taskforce.png
2025-10-21 14:07:32 [TRACE] 【3】等待目标中 C:\Users\gelon\Desktop\ZA-Lite\assets/images/hollow\hollow_taskforce.png
2025-10-21 14:07:32 [TRACE] 【4】等待目标中 C:\Users\gelon\Desktop\ZA-Lite\assets/images/hollow\hollow_taskforce.png
2025-10-21 14:07:33 [TRACE] 【5】等待目标中 C:\Users\gelon\Desktop\ZA-Lite\assets/images/hollow\hollow_taskforce.png
2025-10-21 14:07:34 [TRACE] 【6】等待目标中 C:\Users\gelon\Desktop\ZA-Lite\assets/images/hollow\hollow_taskforce.png
2025-10-21 14:07:35 [TRACE] 【7】等待目标中 C:\Users\gelon\Desktop\ZA-Lite\assets/images/hollow\hollow_taskforce.png
2025-10-21 14:07:35 [TRACE] 【目标出现】C:\Users\gelon\Desktop\ZA-Lite\assets/images/hollow\hollow_taskforce.png 置信度：0.9999802708625793
2025-10-21 14:07:37 [TRACE] 【目标出现】C:\Users\gelon\Desktop\ZA-Lite\assets/images/hollow\strategy.png 置信度：0.995685338973999
2025-10-21 14:07:38 [TRACE] 【1】等待目标中 C:\Users\gelon\Desktop\ZA-Lite\assets/images/hollow\strategy_confirm.png
2025-10-21 14:07:39 [TRACE] 【目标出现】C:\Users\gelon\Desktop\ZA-Lite\assets/images/hollow\strategy_confirm.png 置信度：0.9999995231628418
2025-10-21 14:07:40 [TRACE] 【目标出现】C:\Users\gelon\Desktop\ZA-Lite\assets/images/hollow\next_step.png 置信度：0.982359766960144
2025-10-21 14:07:42 [TRACE] 【目标出现】C:\Users\gelon\Desktop\ZA-Lite\assets/images/daily\squad_preset.png 置信度：0.9862322807312012
2025-10-21 14:07:43 [TRACE] 【1】等待目标中 C:\Users\gelon\Desktop\ZA-Lite\assets/images/daily\squad_6.png
2025-10-21 14:07:44 [TRACE] 【目标出现】C:\Users\gelon\Desktop\ZA-Lite\assets/images/daily\squad_6.png 置信度：0.9995499849319458
2025-10-21 14:07:45 [TRACE] 【目标出现】C:\Users\gelon\Desktop\ZA-Lite\assets/images/daily\select_squad.png 置信度：0.9705902934074402
2025-10-21 14:07:46 [TRACE] 【目标出现】C:\Users\gelon\Desktop\ZA-Lite\assets/images/hollow\start_battle.png 置信度：0.9689484238624573
2025-10-21 14:07:47 [TRACE] 【空洞监听】无匹配已持续：0秒
2025-10-21 14:07:47 [TRACE] 【线程启动】攻击检测
2025-10-21 14:07:49 [TRACE] 【目标检测】屏幕内没有目标
2025-10-21 14:07:50 [TRACE] 【目标检测】屏幕内没有目标
2025-10-21 14:07:52 [TRACE] 【目标检测】屏幕内没有目标
2025-10-21 14:07:53 [TRACE] 【目标检测】屏幕内没有目标
2025-10-21 14:07:54 [TRACE] 【目标检测】屏幕内没有目标
2025-10-21 14:07:55 [TRACE] 【空洞监听】无匹配已持续：7秒
2025-10-21 14:07:57 [TRACE] 【目标检测】屏幕内没有目标
2025-10-21 14:07:58 [TRACE] 【目标检测】屏幕内没有目标
2025-10-21 14:08:00 [TRACE] 【目标检测】屏幕内没有目标
2025-10-21 14:08:01 [TRACE] 【目标检测】屏幕内没有目标
2025-10-21 14:08:01 [TRACE] 【空洞监听】无匹配已持续：13秒
2025-10-21 14:08:02 [TRACE] 【目标检测】屏幕内没有目标
2025-10-21 14:08:06 [TRACE] 【目标检测】屏幕内没有目标
2025-10-21 14:08:07 [TRACE] 【目标检测】屏幕内没有目标
2025-10-21 14:08:09 [TRACE] 【目标检测】屏幕内没有目标
2025-10-21 14:08:09 [TRACE] 【空洞监听】无匹配已持续：21秒
2025-10-21 14:08:10 [TRACE] 【目标检测】屏幕内没有目标
2025-10-21 14:08:12 [TRACE] 【目标检测】屏幕内没有目标
2025-10-21 14:08:15 [TRACE] 【目标检测】屏幕内没有目标
2025-10-21 14:08:16 [TRACE] 【空洞监听】无匹配已持续：28秒
2025-10-21 14:08:18 [TRACE] 【目标检测】TRAPPED！ 类型：interact 置信度：0.9316837787628174
2025-10-21 14:08:26 [TRACE] 【目标检测】屏幕内没有目标
2025-10-21 14:08:27 [TRACE] 【目标检测】屏幕内没有目标
2025-10-21 14:08:29 [TRACE] 【目标检测】屏幕内没有目标
2025-10-21 14:08:30 [TRACE] 【目标检测】屏幕内没有目标
2025-10-21 14:08:31 [TRACE] 【目标检测】屏幕内没有目标
2025-10-21 14:08:41 [TRACE] 【目标检测】TRAPPED！ 类型：interact 置信度：0.9322814345359802
2025-10-21 14:08:41 [TRACE] 【空洞监听】无匹配已持续：0秒
2025-10-21 14:08:48 [TRACE] 【目标检测】屏幕内没有目标
2025-10-21 14:08:50 [TRACE] 【目标检测】屏幕内没有目标
2025-10-21 14:08:51 [TRACE] 【目标检测】屏幕内没有目标
2025-10-21 14:08:53 [TRACE] 【目标检测】屏幕内没有目标
2025-10-21 14:08:54 [TRACE] 【目标检测】屏幕内没有目标
2025-10-21 14:08:56 [TRACE] 【空洞监听】无匹配已持续：0秒
2025-10-21 14:08:58 [TRACE] 【目标检测】屏幕内没有目标
2025-10-21 14:08:59 [TRACE] 【目标检测】屏幕内没有目标
2025-10-21 14:09:01 [TRACE] 【目标检测】屏幕内没有目标
2025-10-21 14:09:03 [TRACE] 【目标检测】屏幕内没有目标
2025-10-21 14:09:05 [TRACE] 【空洞监听】无匹配已持续：8秒
2025-10-21 14:09:05 [TRACE] 【目标检测】屏幕内没有目标
2025-10-21 14:09:12 [TRACE] 【空洞监听】无匹配已持续：15秒
2025-10-21 14:09:14 [TRACE] 【目标检测】TRAPPED！ 类型：interact 置信度：0.9089202880859375
2025-10-21 14:09:20 [TRACE] 【状态】搜索模式：C:\Users\gelon\Desktop\ZA-Lite\assets/images/hollow\card.png 置信度：0.9999998211860657
2025-10-21 14:09:21 [TRACE] 【目标检测】目标存在，但置信度不足
2025-10-21 14:09:24 [TRACE] 【目标检测】目标存在，但置信度不足
2025-10-21 14:09:26 [TRACE] 【目标检测】目标存在，但置信度不足
2025-10-21 14:09:32 [TRACE] 【状态】搜索模式：C:\Users\gelon\Desktop\ZA-Lite\assets/images/hollow\meter.png 置信度：0.9234530925750732
2025-10-21 14:09:33 [TRACE] 【目标检测】微调超时，无法对齐！
2025-10-21 14:09:39 [TRACE] 【目标检测】TRAPPED！ 类型：blue_portal 置信度：0.7769865393638611
2025-10-21 14:09:47 [TRACE] 【目标检测】TRAPPED！ 类型：blue_portal 置信度：0.8862616419792175
2025-10-21 14:09:48 [TRACE] 【状态】搜索模式：C:\Users\gelon\Desktop\ZA-Lite\assets/images/hollow\meter.png 置信度：0.9459702372550964
2025-10-21 14:09:54 [TRACE] 【目标检测】TRAPPED！ 类型：blue_portal 置信度：0.8725569248199463
2025-10-21 14:09:56 [TRACE] 【状态】搜索模式：C:\Users\gelon\Desktop\ZA-Lite\assets/images/hollow\meter.png 置信度：0.9401999115943909
2025-10-21 14:10:01 [TRACE] 【目标检测】TRAPPED！ 类型：blue_portal 置信度：0.628807544708252
2025-10-21 14:10:03 [TRACE] 【状态】搜索模式：C:\Users\gelon\Desktop\ZA-Lite\assets/images/hollow\meter.png 置信度：0.9735411405563354
2025-10-21 14:10:12 [TRACE] 【目标检测】TRAPPED！ 类型：blue_portal 置信度：0.7878400683403015
2025-10-21 14:10:14 [TRACE] 【空洞监听】无匹配已持续：0秒
2025-10-21 14:10:18 [TRACE] 【目标检测】TRAPPED！ 类型：blue_portal 置信度：0.8709008097648621
2025-10-21 14:10:22 [TRACE] 【空洞监听】无匹配已持续：7秒
2025-10-21 14:10:25 [TRACE] 【目标检测】屏幕内没有目标
2025-10-21 14:10:26 [TRACE] 【目标检测】屏幕内没有目标
2025-10-21 14:10:28 [TRACE] 【目标检测】屏幕内没有目标
2025-10-21 14:10:29 [TRACE] 【空洞监听】无匹配已持续：14秒
2025-10-21 14:10:30 [TRACE] 【目标检测】屏幕内没有目标
2025-10-21 14:10:31 [TRACE] 【目标检测】屏幕内没有目标
2025-10-21 14:10:32 [TRACE] 【状态】战斗模式：C:\Users\gelon\Desktop\ZA-Lite\assets/images/hollow\battle_2.png 置信度：0.9999997615814209
2025-10-21 14:10:33 [TRACE] 【状态】战斗模式：C:\Users\gelon\Desktop\ZA-Lite\assets/images/hollow\battle_3.png 置信度：0.9999997615814209
2025-10-21 14:10:44 [TRACE] 【状态】战斗模式：正在受到攻击
2025-10-21 14:10:51 [TRACE] 【状态】战斗模式：正在受到攻击
2025-10-21 14:10:58 [TRACE] 【空洞监听】无匹配已持续：0秒
2025-10-21 14:11:04 [TRACE] 【空洞监听】无匹配已持续：6秒
2025-10-21 14:11:06 [TRACE] 【状态】搜索模式：C:\Users\gelon\Desktop\ZA-Lite\assets/images/hollow\next_area.png 置信度：0.9999995231628418
2025-10-21 14:11:07 [TRACE] 【目标检测】屏幕内没有目标
2025-10-21 14:11:08 [TRACE] 【目标检测】屏幕内没有目标
2025-10-21 14:11:10 [TRACE] 【目标检测】屏幕内没有目标
2025-10-21 14:11:11 [TRACE] 【目标检测】屏幕内没有目标
2025-10-21 14:11:12 [TRACE] 【目标检测】屏幕内没有目标
2025-10-21 14:11:15 [TRACE] 【目标检测】屏幕内没有目标
2025-10-21 14:11:17 [TRACE] 【目标检测】屏幕内没有目标
2025-10-21 14:11:19 [TRACE] 【目标检测】屏幕内没有目标
2025-10-21 14:11:19 [TRACE] 【空洞监听】无匹配已持续：0秒
2025-10-21 14:11:21 [TRACE] 【目标检测】屏幕内没有目标
2025-10-21 14:11:23 [TRACE] 【目标检测】屏幕内没有目标
2025-10-21 14:11:26 [TRACE] 【目标检测】目标存在，但置信度不足
2025-10-21 14:11:26 [TRACE] 【空洞监听】无匹配已持续：7秒
2025-10-21 14:11:30 [TRACE] 【目标检测】目标存在，但置信度不足
2025-10-21 14:11:34 [TRACE] 【空洞监听】无匹配已持续：14秒
2025-10-21 14:11:36 [TRACE] 【目标检测】TRAPPED！ 类型：blue_portal 置信度：0.9207385778427124
2025-10-21 14:11:41 [TRACE] 【空洞监听】无匹配已持续：21秒
2025-10-21 14:11:43 [TRACE] 【目标检测】屏幕内没有目标
2025-10-21 14:11:44 [TRACE] 【目标检测】屏幕内没有目标
2025-10-21 14:11:46 [TRACE] 【目标检测】屏幕内没有目标
2025-10-21 14:11:48 [TRACE] 【空洞监听】无匹配已持续：29秒
2025-10-21 14:11:48 [TRACE] 【目标检测】屏幕内没有目标
2025-10-21 14:11:50 [TRACE] 【目标检测】屏幕内没有目标
2025-10-21 14:11:53 [TRACE] 【目标检测】屏幕内没有目标
2025-10-21 14:11:54 [TRACE] 【目标检测】屏幕内没有目标
2025-10-21 14:11:55 [TRACE] 【状态】战斗模式：正在受到攻击
2025-10-21 14:11:56 [TRACE] 【目标检测】屏幕内没有目标
2025-10-21 14:12:01 [TRACE] 【状态】战斗模式：正在受到攻击
2025-10-21 14:12:08 [TRACE] 【状态】战斗模式：正在受到攻击
2025-10-21 14:12:14 [TRACE] 【状态】战斗模式：正在受到攻击
2025-10-21 14:12:22 [TRACE] 【空洞监听】无匹配已持续：0秒
2025-10-21 14:12:29 [TRACE] 【状态】战斗模式：正在受到攻击
2025-10-21 14:12:36 [TRACE] 【状态】战斗模式：正在受到攻击
2025-10-21 14:12:40 [TRACE] 【状态】战斗模式：C:\Users\gelon\Desktop\ZA-Lite\assets/images/hollow\battle_5.png 置信度：0.9881545901298523
2025-10-21 14:12:49 [TRACE] 【空洞监听】无匹配已持续：0秒
2025-10-21 14:12:54 [TRACE] 【状态】战斗模式：C:\Users\gelon\Desktop\ZA-Lite\assets/images/hollow\battle_5.png 置信度：0.9792484045028687
2025-10-21 14:13:01 [TRACE] 【状态】战斗模式：C:\Users\gelon\Desktop\ZA-Lite\assets/images/hollow\battle_5.png 置信度：0.9968023896217346
2025-10-21 14:13:11 [TRACE] 【状态】搜索模式：C:\Users\gelon\Desktop\ZA-Lite\assets/images/hollow\bangboo_bandit.png 置信度：0.9999999403953552
2025-10-21 14:13:12 [TRACE] 【目标检测】屏幕内没有目标
2025-10-21 14:13:13 [TRACE] 【目标检测】屏幕内没有目标
2025-10-21 14:13:16 [TRACE] 【目标检测】屏幕内没有目标
2025-10-21 14:13:18 [TRACE] 【目标检测】屏幕内没有目标
2025-10-21 14:13:19 [TRACE] 【空洞监听】无匹配已持续：0秒
2025-10-21 14:13:24 [TRACE] 【目标检测】TRAPPED！ 类型：interact 置信度：0.9346427321434021
2025-10-21 14:13:26 [TRACE] 【空洞监听】无匹配已持续：7秒
2025-10-21 14:13:38 [TRACE] 【目标检测】微调超时，无法对齐！
2025-10-21 14:13:41 [TRACE] 【目标检测】目标存在，但置信度不足
2025-10-21 14:13:47 [TRACE] 【目标检测】目标存在，但置信度不足
2025-10-21 14:13:49 [TRACE] 【目标检测】目标存在，但置信度不足
2025-10-21 14:13:50 [TRACE] 【目标检测】目标存在，但置信度不足
2025-10-21 14:13:52 [TRACE] 【目标检测】目标存在，但置信度不足
2025-10-21 14:13:53 [TRACE] 【目标检测】目标存在，但置信度不足
2025-10-21 14:13:54 [TRACE] 【目标检测】目标存在，但置信度不足
2025-10-21 14:13:57 [TRACE] 【状态】搜索模式：C:\Users\gelon\Desktop\ZA-Lite\assets/images/hollow\next_area.png 置信度：0.9999997019767761
2025-10-21 14:13:58 [TRACE] 【目标检测】微调超时，无法对齐！
2025-10-21 14:14:05 [TRACE] 【目标检测】TRAPPED！ 类型：guide_point 置信度：0.9533286690711975
2025-10-21 14:14:08 [TRACE] 【状态】搜索模式：C:\Users\gelon\Desktop\ZA-Lite\assets/images/hollow\meter.png 置信度：0.9218736886978149
2025-10-21 14:14:16 [TRACE] 【状态】搜索模式：C:\Users\gelon\Desktop\ZA-Lite\assets/images/hollow\meter.png 置信度：0.9224132299423218
2025-10-21 14:14:20 [TRACE] 【目标检测】微调超时，无法对齐！
2025-10-21 14:14:23 [TRACE] 【目标检测】目标存在，但置信度不足
2025-10-21 14:14:24 [TRACE] 【目标检测】目标存在，但置信度不足
2025-10-21 14:14:26 [TRACE] 【目标检测】TRAPPED！ 类型：guide_point 置信度：0.8640132546424866
2025-10-21 14:14:33 [TRACE] 【空洞监听】无匹配已持续：0秒
2025-10-21 14:14:33 [TRACE] 【目标检测】屏幕内没有目标
2025-10-21 14:14:35 [TRACE] 【目标检测】屏幕内没有目标
2025-10-21 14:14:37 [TRACE] 【目标检测】屏幕内没有目标
2025-10-21 14:14:38 [TRACE] 【目标检测】屏幕内没有目标
2025-10-21 14:14:40 [TRACE] 【目标检测】屏幕内没有目标
2025-10-21 14:14:40 [TRACE] 【空洞监听】无匹配已持续：7秒
2025-10-21 14:14:43 [TRACE] 【目标检测】屏幕内没有目标
2025-10-21 14:14:45 [TRACE] 【目标检测】屏幕内没有目标
2025-10-21 14:14:46 [TRACE] 【目标检测】屏幕内没有目标
2025-10-21 14:14:47 [TRACE] 【空洞监听】无匹配已持续：14秒
2025-10-21 14:14:48 [TRACE] 【目标检测】屏幕内没有目标
2025-10-21 14:14:49 [TRACE] 【目标检测】目标存在，但置信度不足
2025-10-21 14:14:51 [TRACE] 【目标检测】屏幕内没有目标
2025-10-21 14:14:54 [TRACE] 【目标检测】屏幕内没有目标
2025-10-21 14:14:55 [TRACE] 【空洞监听】无匹配已持续：21秒
2025-10-21 14:14:59 [TRACE] 【目标检测】屏幕内没有目标
2025-10-21 14:15:02 [TRACE] 【空洞监听】无匹配已持续：28秒
2025-10-21 14:15:05 [TRACE] 【目标检测】TRAPPED！ 类型：blue_portal 置信度：0.9274743795394897
2025-10-21 14:15:09 [TRACE] 【空洞监听】无匹配已持续：36秒
2025-10-21 14:15:12 [TRACE] 【目标检测】屏幕内没有目标
2025-10-21 14:15:13 [TRACE] 【目标检测】屏幕内没有目标
2025-10-21 14:15:15 [TRACE] 【目标检测】屏幕内没有目标
2025-10-21 14:15:17 [TRACE] 【目标检测】目标存在，但置信度不足
2025-10-21 14:15:18 [TRACE] 【目标检测】屏幕内没有目标
2025-10-21 14:15:20 [TRACE] 【目标检测】屏幕内没有目标
2025-10-21 14:15:21 [TRACE] 【状态】战斗模式：C:\Users\gelon\Desktop\ZA-Lite\assets/images/hollow\battle_3.png 置信度：0.9999999403953552
2025-10-21 14:15:31 [TRACE] 【状态】战斗模式：正在受到攻击
2025-10-21 14:15:38 [TRACE] 【空洞监听】无匹配已持续：0秒
2025-10-21 14:15:44 [TRACE] 【空洞监听】无匹配已持续：6秒
2025-10-21 14:15:51 [TRACE] 【空洞监听】无匹配已持续：13秒
2025-10-21 14:15:59 [TRACE] 【空洞监听】无匹配已持续：20秒
2025-10-21 14:16:06 [TRACE] 【空洞监听】无匹配已持续：27秒
2025-10-21 14:16:12 [TRACE] 【空洞监听】无匹配已持续：34秒
2025-10-21 14:16:19 [TRACE] 【空洞监听】无匹配已持续：41秒
2025-10-21 14:16:26 [TRACE] 【空洞监听】无匹配已持续：47秒
2025-10-21 14:16:33 [TRACE] 【空洞监听】无匹配已持续：54秒
2025-10-21 14:16:40 [TRACE] 【空洞监听】无匹配已持续：61秒
2025-10-21 14:16:40 [TRACE] 【空洞监听】即将超时，重启搜索线程
2025-10-21 14:16:43 [TRACE] 【目标检测】TRAPPED！ 类型：blue_portal 置信度：0.938683807849884
2025-10-21 14:16:46 [TRACE] 【空洞监听】无匹配已持续：68秒
2025-10-21 14:16:46 [TRACE] 【空洞监听】即将超时，重启搜索线程
2025-10-21 14:16:50 [TRACE] 【目标检测】屏幕内没有目标
2025-10-21 14:16:52 [TRACE] 【目标检测】屏幕内没有目标
2025-10-21 14:16:54 [TRACE] 【目标检测】屏幕内没有目标
2025-10-21 14:16:54 [TRACE] 【空洞监听】无匹配已持续：76秒
2025-10-21 14:16:54 [TRACE] 【空洞监听】即将超时，重启搜索线程
2025-10-21 14:16:55 [TRACE] 【目标检测】屏幕内没有目标
2025-10-21 14:16:57 [TRACE] 【目标检测】屏幕内没有目标
2025-10-21 14:17:00 [TRACE] 【目标检测】屏幕内没有目标
2025-10-21 14:17:01 [TRACE] 【目标检测】屏幕内没有目标
2025-10-21 14:17:01 [TRACE] 【空洞监听】无匹配已持续：83秒
2025-10-21 14:17:01 [TRACE] 【空洞监听】即将超时，重启搜索线程
2025-10-21 14:17:05 [TRACE] 【目标检测】目标存在，但置信度不足
2025-10-21 14:17:07 [TRACE] 【目标检测】屏幕内没有目标
2025-10-21 14:17:08 [TRACE] 【目标检测】屏幕内没有目标
2025-10-21 14:17:08 [TRACE] 【空洞监听】无匹配已持续：90秒
2025-10-21 14:17:08 [TRACE] 【空洞监听】即将超时，重启搜索线程
2025-10-21 14:17:10 [TRACE] 【目标检测】屏幕内没有目标
2025-10-21 14:17:13 [TRACE] 【目标检测】屏幕内没有目标
2025-10-21 14:17:15 [TRACE] 【目标检测】屏幕内没有目标
2025-10-21 14:17:16 [TRACE] 【空洞监听】无匹配已持续：97秒
2025-10-21 14:17:16 [TRACE] 【空洞监听】即将超时，重启搜索线程
2025-10-21 14:17:16 [TRACE] 【目标检测】屏幕内没有目标
2025-10-21 14:17:17 [TRACE] 【目标检测】屏幕内没有目标
2025-10-21 14:17:19 [TRACE] 【目标检测】屏幕内没有目标
2025-10-21 14:17:22 [TRACE] 【目标检测】屏幕内没有目标
2025-10-21 14:17:23 [TRACE] 【目标检测】屏幕内没有目标
2025-10-21 14:17:24 [TRACE] 【空洞监听】无匹配已持续：105秒
2025-10-21 14:17:24 [TRACE] 【空洞监听】即将超时，重启搜索线程
2025-10-21 14:17:29 [TRACE] 【目标检测】微调超时，无法对齐！
2025-10-21 14:17:31 [TRACE] 【空洞监听】无匹配已持续：112秒
2025-10-21 14:17:31 [TRACE] 【空洞监听】即将超时，重启搜索线程
2025-10-21 14:17:36 [TRACE] 【目标检测】目标存在，但置信度不足
2025-10-21 14:17:38 [TRACE] 【空洞监听】无匹配已持续：119秒
2025-10-21 14:17:38 [TRACE] 【空洞监听】即将超时，重启搜索线程
2025-10-21 14:17:39 [TRACE] 【目标检测】微调超时，无法对齐！
2025-10-21 14:17:44 [TRACE] 【目标检测】TRAPPED！ 类型：interact 置信度：0.9483684301376343
2025-10-21 14:17:45 [TRACE] 【空洞监听】无匹配已持续：127秒
2025-10-21 14:17:45 [TRACE] 【空洞监听】即将超时，重启搜索线程
2025-10-21 14:17:51 [TRACE] 【目标检测】屏幕内没有目标
2025-10-21 14:17:52 [TRACE] 【空洞监听】无匹配已持续：134秒
2025-10-21 14:17:52 [TRACE] 【空洞监听】即将超时，重启搜索线程
2025-10-21 14:17:53 [TRACE] 【目标检测】屏幕内没有目标
2025-10-21 14:17:54 [TRACE] 【目标检测】屏幕内没有目标
2025-10-21 14:17:55 [TRACE] 【目标检测】屏幕内没有目标
2025-10-21 14:17:57 [TRACE] 【目标检测】屏幕内没有目标
2025-10-21 14:17:59 [TRACE] 【目标检测】屏幕内没有目标
2025-10-21 14:18:01 [TRACE] 【目标检测】屏幕内没有目标
2025-10-21 14:18:02 [TRACE] 【目标检测】屏幕内没有目标
2025-10-21 14:18:04 [TRACE] 【目标检测】屏幕内没有目标
2025-10-21 14:18:05 [TRACE] 【目标检测】屏幕内没有目标
2025-10-21 14:18:08 [TRACE] 【目标检测】屏幕内没有目标
2025-10-21 14:18:09 [TRACE] 【目标检测】屏幕内没有目标
2025-10-21 14:18:10 [TRACE] 【目标检测】屏幕内没有目标
2025-10-21 14:18:16 [TRACE] 【状态】搜索模式：C:\Users\gelon\Desktop\ZA-Lite\assets/images/hollow\next_area.png 置信度：0.9999997019767761
2025-10-21 14:18:18 [TRACE] 【目标检测】微调超时，无法对齐！
2025-10-21 14:18:19 [TRACE] 【状态】搜索模式：C:\Users\gelon\Desktop\ZA-Lite\assets/images/hollow\meter.png 置信度：0.9647536277770996
2025-10-21 14:18:26 [TRACE] 【状态】搜索模式：C:\Users\gelon\Desktop\ZA-Lite\assets/images/hollow\meter.png 置信度：0.9114385843276978
2025-10-21 14:18:27 [TRACE] 【目标检测】微调超时，无法对齐！
2025-10-21 14:18:29 [TRACE] 【目标检测】屏幕内没有目标
2025-10-21 14:18:31 [TRACE] 【目标检测】屏幕内没有目标
2025-10-21 14:18:37 [TRACE] 【目标检测】屏幕内没有目标
2025-10-21 14:18:37 [TRACE] 【空洞监听】无匹配已持续：0秒
2025-10-21 14:18:41 [TRACE] 【目标检测】TRAPPED！ 类型：blue_portal 置信度：0.9521653056144714
2025-10-21 14:18:44 [TRACE] 【空洞监听】无匹配已持续：7秒
2025-10-21 14:18:49 [TRACE] 【目标检测】屏幕内没有目标
2025-10-21 14:18:50 [TRACE] 【目标检测】屏幕内没有目标
2025-10-21 14:18:51 [TRACE] 【空洞监听】无匹配已持续：14秒
2025-10-21 14:18:52 [TRACE] 【目标检测】屏幕内没有目标
2025-10-21 14:18:54 [TRACE] 【目标检测】屏幕内没有目标
2025-10-21 14:18:56 [TRACE] 【目标检测】屏幕内没有目标
2025-10-21 14:18:59 [TRACE] 【目标检测】屏幕内没有目标
2025-10-21 14:18:59 [TRACE] 【空洞监听】无匹配已持续：22秒
2025-10-21 14:19:00 [TRACE] 【目标检测】屏幕内没有目标
2025-10-21 14:19:07 [TRACE] 【空洞监听】无匹配已持续：29秒
2025-10-21 14:19:07 [TRACE] 【目标检测】TRAPPED！ 类型：interact 置信度：0.9357081055641174
2025-10-21 14:19:13 [TRACE] 【空洞监听】无匹配已持续：36秒
2025-10-21 14:19:14 [TRACE] 【目标检测】屏幕内没有目标
2025-10-21 14:19:15 [TRACE] 【目标检测】屏幕内没有目标
2025-10-21 14:19:16 [TRACE] 【目标检测】屏幕内没有目标
2025-10-21 14:19:18 [TRACE] 【目标检测】屏幕内没有目标
2025-10-21 14:19:19 [TRACE] 【目标检测】屏幕内没有目标
2025-10-21 14:19:22 [TRACE] 【目标检测】屏幕内没有目标
2025-10-21 14:19:24 [TRACE] 【目标检测】屏幕内没有目标
2025-10-21 14:19:25 [TRACE] 【目标检测】屏幕内没有目标
2025-10-21 14:19:27 [TRACE] 【目标检测】屏幕内没有目标
2025-10-21 14:19:28 [TRACE] 【目标检测】屏幕内没有目标
2025-10-21 14:19:31 [TRACE] 【目标检测】屏幕内没有目标
2025-10-21 14:19:32 [TRACE] 【目标检测】屏幕内没有目标
2025-10-21 14:19:33 [TRACE] 【目标检测】屏幕内没有目标
2025-10-21 14:19:35 [TRACE] 【目标检测】屏幕内没有目标
2025-10-21 14:19:36 [TRACE] 【目标检测】屏幕内没有目标
2025-10-21 14:19:39 [TRACE] 【目标检测】屏幕内没有目标
2025-10-21 14:19:41 [TRACE] 【目标检测】屏幕内没有目标
2025-10-21 14:19:42 [TRACE] 【目标检测】屏幕内没有目标
2025-10-21 14:19:43 [TRACE] 【状态】搜索模式：C:\Users\gelon\Desktop\ZA-Lite\assets/images/hollow\resonium.png 置信度：1.0
2025-10-21 14:19:43 [TRACE] 【目标检测】屏幕内没有目标
2025-10-21 14:19:43 [TRACE] 【目标出现】C:\Users\gelon\Desktop\ZA-Lite\assets/images/hollow\resonium.png 置信度：0.9999998807907104
2025-10-21 14:19:43 [TRACE] 【本轮的坐标】：(np.int64(1174), np.int64(475)) ------------
2025-10-21 14:19:43 [TRACE] 【已点击过的坐标】：[(-10, -10)]
2025-10-21 14:19:43 [TRACE] 【成功点击】
2025-10-21 14:19:44 [TRACE] 【本轮的坐标】：(np.int64(1581), np.int64(475)) ------------
2025-10-21 14:19:44 [TRACE] 【已点击过的坐标】：[(-10, -10), (np.int64(1174), np.int64(475))]
2025-10-21 14:19:44 [TRACE] 【成功点击】
2025-10-21 14:19:44 [TRACE] 【目标检测】屏幕内没有目标
2025-10-21 14:19:45 [TRACE] 【本轮的坐标】：(np.int64(1582), np.int64(475)) ------------
2025-10-21 14:19:45 [TRACE] 【已点击过的坐标】：[(-10, -10), (np.int64(1174), np.int64(475)), (np.int64(1581), np.int64(475))]
2025-10-21 14:19:45 [TRACE] 【坐标太近】视为重复
2025-10-21 14:19:45 [TRACE] 【没有通过的坐标】开始下一轮
2025-10-21 14:19:45 [TRACE] 【本轮的坐标】：(np.int64(1988), np.int64(475)) ------------
2025-10-21 14:19:45 [TRACE] 【已点击过的坐标】：[(-10, -10), (np.int64(1174), np.int64(475)), (np.int64(1581), np.int64(475))]
2025-10-21 14:19:45 [TRACE] 【成功点击】
2025-10-21 14:19:46 [TRACE] 【本轮的坐标】：(np.int64(1989), np.int64(475)) ------------
2025-10-21 14:19:46 [TRACE] 【已点击过的坐标】：[(-10, -10), (np.int64(1174), np.int64(475)), (np.int64(1581), np.int64(475)), (np.int64(1988), np.int64(475))]
2025-10-21 14:19:46 [TRACE] 【坐标太近】视为重复
2025-10-21 14:19:46 [TRACE] 【没有通过的坐标】开始下一轮
2025-10-21 14:19:46 [TRACE] 【本轮的坐标】：(np.int64(1173), np.int64(476)) ------------
2025-10-21 14:19:46 [TRACE] 【已点击过的坐标】：[(-10, -10), (np.int64(1174), np.int64(475)), (np.int64(1581), np.int64(475)), (np.int64(1988), np.int64(475))]
2025-10-21 14:19:46 [TRACE] 【坐标太近】视为重复
2025-10-21 14:19:46 [TRACE] 【没有通过的坐标】开始下一轮
2025-10-21 14:19:46 [TRACE] 【本轮的坐标】：(np.int64(1174), np.int64(476)) ------------
2025-10-21 14:19:46 [TRACE] 【已点击过的坐标】：[(-10, -10), (np.int64(1174), np.int64(475)), (np.int64(1581), np.int64(475)), (np.int64(1988), np.int64(475))]
2025-10-21 14:19:46 [TRACE] 【坐标太近】视为重复
2025-10-21 14:19:46 [TRACE] 【没有通过的坐标】开始下一轮
2025-10-21 14:19:46 [TRACE] 【本轮的坐标】：(np.int64(1175), np.int64(476)) ------------
2025-10-21 14:19:46 [TRACE] 【已点击过的坐标】：[(-10, -10), (np.int64(1174), np.int64(475)), (np.int64(1581), np.int64(475)), (np.int64(1988), np.int64(475))]
2025-10-21 14:19:46 [TRACE] 【坐标太近】视为重复
2025-10-21 14:19:46 [TRACE] 【没有通过的坐标】开始下一轮
2025-10-21 14:19:46 [TRACE] 【本轮的坐标】：(np.int64(1580), np.int64(476)) ------------
2025-10-21 14:19:46 [TRACE] 【已点击过的坐标】：[(-10, -10), (np.int64(1174), np.int64(475)), (np.int64(1581), np.int64(475)), (np.int64(1988), np.int64(475))]
2025-10-21 14:19:46 [TRACE] 【坐标太近】视为重复
2025-10-21 14:19:46 [TRACE] 【没有通过的坐标】开始下一轮
2025-10-21 14:19:46 [TRACE] 【本轮的坐标】：(np.int64(1581), np.int64(476)) ------------
2025-10-21 14:19:46 [TRACE] 【已点击过的坐标】：[(-10, -10), (np.int64(1174), np.int64(475)), (np.int64(1581), np.int64(475)), (np.int64(1988), np.int64(475))]
2025-10-21 14:19:46 [TRACE] 【坐标太近】视为重复
2025-10-21 14:19:46 [TRACE] 【没有通过的坐标】开始下一轮
2025-10-21 14:19:46 [TRACE] 【本轮的坐标】：(np.int64(1582), np.int64(476)) ------------
2025-10-21 14:19:46 [TRACE] 【已点击过的坐标】：[(-10, -10), (np.int64(1174), np.int64(475)), (np.int64(1581), np.int64(475)), (np.int64(1988), np.int64(475))]
2025-10-21 14:19:46 [TRACE] 【坐标太近】视为重复
2025-10-21 14:19:46 [TRACE] 【没有通过的坐标】开始下一轮
2025-10-21 14:19:46 [TRACE] 【本轮的坐标】：(np.int64(1987), np.int64(476)) ------------
2025-10-21 14:19:46 [TRACE] 【已点击过的坐标】：[(-10, -10), (np.int64(1174), np.int64(475)), (np.int64(1581), np.int64(475)), (np.int64(1988), np.int64(475))]
2025-10-21 14:19:46 [TRACE] 【坐标太近】视为重复
2025-10-21 14:19:46 [TRACE] 【没有通过的坐标】开始下一轮
2025-10-21 14:19:46 [TRACE] 【本轮的坐标】：(np.int64(1988), np.int64(476)) ------------
2025-10-21 14:19:46 [TRACE] 【已点击过的坐标】：[(-10, -10), (np.int64(1174), np.int64(475)), (np.int64(1581), np.int64(475)), (np.int64(1988), np.int64(475))]
2025-10-21 14:19:46 [TRACE] 【坐标太近】视为重复
2025-10-21 14:19:46 [TRACE] 【没有通过的坐标】开始下一轮
2025-10-21 14:19:46 [TRACE] 【本轮的坐标】：(np.int64(1989), np.int64(476)) ------------
2025-10-21 14:19:46 [TRACE] 【已点击过的坐标】：[(-10, -10), (np.int64(1174), np.int64(475)), (np.int64(1581), np.int64(475)), (np.int64(1988), np.int64(475))]
2025-10-21 14:19:46 [TRACE] 【坐标太近】视为重复
2025-10-21 14:19:46 [TRACE] 【没有通过的坐标】开始下一轮
2025-10-21 14:19:46 [TRACE] 【本轮的坐标】：(np.int64(1990), np.int64(476)) ------------
2025-10-21 14:19:46 [TRACE] 【已点击过的坐标】：[(-10, -10), (np.int64(1174), np.int64(475)), (np.int64(1581), np.int64(475)), (np.int64(1988), np.int64(475))]
2025-10-21 14:19:46 [TRACE] 【坐标太近】视为重复
2025-10-21 14:19:46 [TRACE] 【没有通过的坐标】开始下一轮
2025-10-21 14:19:46 [TRACE] 【本轮的坐标】：(np.int64(1174), np.int64(477)) ------------
2025-10-21 14:19:46 [TRACE] 【已点击过的坐标】：[(-10, -10), (np.int64(1174), np.int64(475)), (np.int64(1581), np.int64(475)), (np.int64(1988), np.int64(475))]
2025-10-21 14:19:46 [TRACE] 【坐标太近】视为重复
2025-10-21 14:19:46 [TRACE] 【没有通过的坐标】开始下一轮
2025-10-21 14:19:46 [TRACE] 【本轮的坐标】：(np.int64(1581), np.int64(477)) ------------
2025-10-21 14:19:46 [TRACE] 【已点击过的坐标】：[(-10, -10), (np.int64(1174), np.int64(475)), (np.int64(1581), np.int64(475)), (np.int64(1988), np.int64(475))]
2025-10-21 14:19:46 [TRACE] 【坐标太近】视为重复
2025-10-21 14:19:46 [TRACE] 【没有通过的坐标】开始下一轮
2025-10-21 14:19:46 [TRACE] 【本轮的坐标】：(np.int64(1988), np.int64(477)) ------------
2025-10-21 14:19:46 [TRACE] 【已点击过的坐标】：[(-10, -10), (np.int64(1174), np.int64(475)), (np.int64(1581), np.int64(475)), (np.int64(1988), np.int64(475))]
2025-10-21 14:19:46 [TRACE] 【坐标太近】视为重复
2025-10-21 14:19:46 [TRACE] 【没有通过的坐标】开始下一轮
2025-10-21 14:19:46 [TRACE] 【完成所有点击】有效次数：3
2025-10-21 14:19:47 [TRACE] 【目标检测】屏幕内没有目标
2025-10-21 14:19:48 [TRACE] 【目标检测】屏幕内没有目标
2025-10-21 14:19:50 [TRACE] 【目标检测】屏幕内没有目标
2025-10-21 14:19:51 [TRACE] 【目标检测】屏幕内没有目标
2025-10-21 14:19:53 [TRACE] 【目标检测】屏幕内没有目标
2025-10-21 14:19:56 [TRACE] 【目标检测】目标存在，但置信度不足
2025-10-21 14:19:57 [TRACE] 【目标检测】屏幕内没有目标
2025-10-21 14:19:59 [TRACE] 【目标检测】目标存在，但置信度不足
2025-10-21 14:20:00 [TRACE] 【目标检测】屏幕内没有目标
2025-10-21 14:20:00 [TRACE] 【状态】战斗模式：正在受到攻击
2025-10-21 14:20:08 [TRACE] 【状态】战斗模式：正在受到攻击
2025-10-21 14:20:12 [TRACE] 【状态】战斗模式：C:\Users\gelon\Desktop\ZA-Lite\assets/images/hollow\battle_5.png 置信度：0.9666406512260437
2025-10-21 14:20:15 [TRACE] 【状态】战斗模式：正在受到攻击
2025-10-21 14:20:22 [TRACE] 【状态】战斗模式：正在受到攻击
2025-10-21 14:20:28 [TRACE] 【状态】战斗模式：正在受到攻击
2025-10-21 14:20:32 [TRACE] 【状态】战斗模式：C:\Users\gelon\Desktop\ZA-Lite\assets/images/hollow\battle_5.png 置信度：0.9853001832962036
2025-10-21 14:20:40 [TRACE] 【状态】战斗模式：C:\Users\gelon\Desktop\ZA-Lite\assets/images/hollow\battle_5.png 置信度：0.9761780500411987
2025-10-21 14:20:43 [TRACE] 【状态】战斗模式：正在受到攻击
2025-10-21 14:20:47 [TRACE] 【状态】战斗模式：C:\Users\gelon\Desktop\ZA-Lite\assets/images/hollow\battle_5.png 置信度：0.9858107566833496
2025-10-21 14:20:50 [TRACE] 【状态】战斗模式：正在受到攻击
2025-10-21 14:20:57 [TRACE] 【空洞监听】无匹配已持续：0秒
2025-10-21 14:21:02 [TRACE] 【状态】战斗模式：C:\Users\gelon\Desktop\ZA-Lite\assets/images/hollow\battle_5.png 置信度：0.9817826151847839
2025-10-21 14:21:09 [TRACE] 【状态】战斗模式：C:\Users\gelon\Desktop\ZA-Lite\assets/images/hollow\battle_5.png 置信度：0.9990692734718323
2025-10-21 14:21:16 [TRACE] 【状态】战斗模式：C:\Users\gelon\Desktop\ZA-Lite\assets/images/hollow\battle_5.png 置信度：0.9609547257423401
2025-10-21 14:21:19 [TRACE] 【状态】战斗模式：正在受到攻击
2025-10-21 14:21:26 [TRACE] 【空洞监听】无匹配已持续：0秒
2025-10-21 14:21:32 [TRACE] 【空洞监听】无匹配已持续：6秒
2025-10-21 14:21:41 [TRACE] 【状态】搜索模式：C:\Users\gelon\Desktop\ZA-Lite\assets/images/hollow\next_area.png 置信度：0.9999994039535522
2025-10-21 14:21:46 [TRACE] 【目标检测】目标存在，但置信度不足
2025-10-21 14:21:50 [TRACE] 【目标检测】微调超时，无法对齐！
2025-10-21 14:21:52 [TRACE] 【状态】搜索模式：C:\Users\gelon\Desktop\ZA-Lite\assets/images/hollow\meter.png 置信度：0.9882773160934448
2025-10-21 14:21:57 [TRACE] 【目标检测】TRAPPED！ 类型：guide_point 置信度：0.7313652038574219
2025-10-21 14:22:02 [TRACE] 【空洞监听】无匹配已持续：0秒
2025-10-21 14:22:04 [TRACE] 【目标检测】屏幕内没有目标
2025-10-21 14:22:06 [TRACE] 【目标检测】屏幕内没有目标
2025-10-21 14:22:08 [TRACE] 【目标检测】屏幕内没有目标
2025-10-21 14:22:09 [TRACE] 【目标检测】屏幕内没有目标
2025-10-21 14:22:09 [TRACE] 【空洞监听】无匹配已持续：7秒
2025-10-21 14:22:16 [TRACE] 【空洞监听】无匹配已持续：14秒
2025-10-21 14:22:18 [TRACE] 【目标检测】TRAPPED！ 类型：red_portal 置信度：0.9362565875053406
2025-10-21 14:22:23 [TRACE] 【空洞监听】无匹配已持续：21秒
2025-10-21 14:22:25 [TRACE] 【目标检测】屏幕内没有目标
2025-10-21 14:22:27 [TRACE] 【目标检测】屏幕内没有目标
2025-10-21 14:22:28 [TRACE] 【目标检测】屏幕内没有目标
2025-10-21 14:22:30 [TRACE] 【目标检测】屏幕内没有目标
2025-10-21 14:22:30 [TRACE] 【空洞监听】无匹配已持续：28秒
2025-10-21 14:22:31 [TRACE] 【目标检测】屏幕内没有目标
2025-10-21 14:22:34 [TRACE] 【目标检测】屏幕内没有目标
2025-10-21 14:22:35 [TRACE] 【目标检测】目标存在，但置信度不足
2025-10-21 14:22:37 [TRACE] 【目标检测】屏幕内没有目标
2025-10-21 14:22:38 [TRACE] 【状态】战斗模式：正在受到攻击
2025-10-21 14:22:45 [TRACE] 【状态】战斗模式：正在受到攻击
2025-10-21 14:22:52 [TRACE] 【状态】战斗模式：正在受到攻击
2025-10-21 14:22:58 [TRACE] 【状态】战斗模式：正在受到攻击
2025-10-21 14:23:02 [TRACE] 【状态】战斗模式：C:\Users\gelon\Desktop\ZA-Lite\assets/images/hollow\battle_5.png 置信度：0.9829376935958862
2025-10-21 14:23:05 [TRACE] 【状态】战斗模式：正在受到攻击
2025-10-21 14:23:10 [TRACE] 【状态】战斗模式：C:\Users\gelon\Desktop\ZA-Lite\assets/images/hollow\battle_5.png 置信度：0.9755395650863647
2025-10-21 14:23:19 [TRACE] 【状态】战斗模式：正在受到攻击
2025-10-21 14:23:26 [TRACE] 【空洞监听】无匹配已持续：0秒
2025-10-21 14:23:33 [TRACE] 【状态】战斗模式：正在受到攻击
2025-10-21 14:23:37 [TRACE] 【状态】战斗模式：C:\Users\gelon\Desktop\ZA-Lite\assets/images/hollow\battle_5.png 置信度：0.9725905656814575
2025-10-21 14:23:47 [TRACE] 【状态】战斗模式：正在受到攻击
2025-10-21 14:23:54 [TRACE] 【空洞监听】无匹配已持续：0秒
2025-10-21 14:24:00 [TRACE] 【状态】战斗模式：正在受到攻击
2025-10-21 14:24:07 [TRACE] 【空洞监听】无匹配已持续：0秒
2025-10-21 14:24:14 [WARNING] 代理人死亡，空洞任务失败
2025-10-21 14:24:14 [TRACE] 【1】等待目标中 C:\Users\gelon\Desktop\ZA-Lite\assets/images/hollow\mission_completed.png
2025-10-21 14:24:15 [TRACE] 【2】等待目标中 C:\Users\gelon\Desktop\ZA-Lite\assets/images/hollow\mission_completed.png
2025-10-21 14:24:15 [TRACE] 【3】等待目标中 C:\Users\gelon\Desktop\ZA-Lite\assets/images/hollow\mission_completed.png
2025-10-21 14:24:16 [TRACE] 【4】等待目标中 C:\Users\gelon\Desktop\ZA-Lite\assets/images/hollow\mission_completed.png
2025-10-21 14:24:17 [TRACE] 【目标出现】C:\Users\gelon\Desktop\ZA-Lite\assets/images/hollow\mission_completed.png 置信度：0.9999998211860657
2025-10-21 14:24:18 [INFO] 本轮耗时:16分钟
2025-10-21 14:24:18 [INFO] 当前已完成空洞 0 次 
2025-10-21 14:24:18 [DEBUG] 正在返回菜单
2025-10-21 14:24:19 [TRACE] 正在返回菜单,请保持游戏画面处于前台
2025-10-21 14:24:21 [TRACE] 正在返回菜单,请保持游戏画面处于前台
2025-10-21 14:24:23 [TRACE] 正在返回菜单,请保持游戏画面处于前台
2025-10-21 14:24:26 [TRACE] 正在返回菜单,请保持游戏画面处于前台
2025-10-21 14:24:28 [TRACE] 正在返回菜单,请保持游戏画面处于前台
2025-10-21 14:24:30 [TRACE] 正在返回菜单,请保持游戏画面处于前台
2025-10-21 14:24:32 [TRACE] 现在处于大厅
2025-10-21 14:24:33 [INFO] 执行零号空洞任务中
2025-10-21 14:24:33 [TRACE] 【1】等待目标中 C:\Users\gelon\Desktop\ZA-Lite\assets/images/hollow\combat.png
2025-10-21 14:24:34 [TRACE] 【目标出现】C:\Users\gelon\Desktop\ZA-Lite\assets/images/hollow\combat.png 置信度：0.9762964844703674
2025-10-21 14:24:36 [TRACE] 【目标出现】C:\Users\gelon\Desktop\ZA-Lite\assets/images/hollow\zero_hollow.png 置信度：0.9999942779541016
2025-10-21 14:24:37 [TRACE] 【目标出现】C:\Users\gelon\Desktop\ZA-Lite\assets/images/hollow\go_hollow.png 置信度：0.9942731857299805
2025-10-21 14:24:38 [TRACE] 【目标出现】C:\Users\gelon\Desktop\ZA-Lite\assets/images/hollow\confirm.png 置信度：0.9839572906494141
2025-10-21 14:24:40 [TRACE] 【1】等待目标中 C:\Users\gelon\Desktop\ZA-Lite\assets/images/hollow\hollow_taskforce.png
2025-10-21 14:24:41 [TRACE] 【2】等待目标中 C:\Users\gelon\Desktop\ZA-Lite\assets/images/hollow\hollow_taskforce.png
2025-10-21 14:24:41 [TRACE] 【3】等待目标中 C:\Users\gelon\Desktop\ZA-Lite\assets/images/hollow\hollow_taskforce.png
2025-10-21 14:24:42 [TRACE] 【目标出现】C:\Users\gelon\Desktop\ZA-Lite\assets/images/hollow\hollow_taskforce.png 置信度：0.9999802708625793
2025-10-21 14:24:44 [TRACE] 【目标出现】C:\Users\gelon\Desktop\ZA-Lite\assets/images/hollow\strategy.png 置信度：0.9999997019767761
2025-10-21 14:24:45 [TRACE] 【1】等待目标中 C:\Users\gelon\Desktop\ZA-Lite\assets/images/hollow\strategy_confirm.png
2025-10-21 14:24:45 [TRACE] 【目标出现】C:\Users\gelon\Desktop\ZA-Lite\assets/images/hollow\strategy_confirm.png 置信度：1.0
2025-10-21 14:24:47 [TRACE] 【目标出现】C:\Users\gelon\Desktop\ZA-Lite\assets/images/hollow\next_step.png 置信度：0.9814973473548889
2025-10-21 14:24:48 [TRACE] 【目标出现】C:\Users\gelon\Desktop\ZA-Lite\assets/images/daily\squad_preset.png 置信度：0.9862319827079773
2025-10-21 14:24:50 [TRACE] 【目标出现】C:\Users\gelon\Desktop\ZA-Lite\assets/images/daily\squad_6.png 置信度：0.9258862137794495
2025-10-21 14:24:51 [TRACE] 【目标出现】C:\Users\gelon\Desktop\ZA-Lite\assets/images/daily\select_squad.png 置信度：0.9690178632736206
2025-10-21 14:24:52 [TRACE] 【目标出现】C:\Users\gelon\Desktop\ZA-Lite\assets/images/hollow\start_battle.png 置信度：0.9829216599464417
2025-10-21 14:24:54 [TRACE] 【目标检测】屏幕内没有目标
2025-10-21 14:24:56 [TRACE] 【目标检测】屏幕内没有目标
2025-10-21 14:24:57 [TRACE] 【目标检测】屏幕内没有目标
2025-10-21 14:25:00 [TRACE] 【目标检测】屏幕内没有目标
2025-10-21 14:25:00 [TRACE] 【空洞监听】无匹配已持续：0秒
2025-10-21 14:25:01 [TRACE] 【目标检测】屏幕内没有目标
2025-10-21 14:25:02 [TRACE] 【目标检测】屏幕内没有目标
2025-10-21 14:25:04 [TRACE] 【目标检测】屏幕内没有目标
2025-10-21 14:25:05 [TRACE] 【目标检测】屏幕内没有目标
2025-10-21 14:25:06 [TRACE] 【空洞监听】无匹配已持续：5秒
2025-10-21 14:25:08 [TRACE] 【目标检测】屏幕内没有目标
2025-10-21 14:25:09 [TRACE] 【目标检测】屏幕内没有目标
2025-10-21 14:25:11 [TRACE] 【目标检测】屏幕内没有目标
2025-10-21 14:25:12 [TRACE] 【目标检测】屏幕内没有目标
2025-10-21 14:25:14 [TRACE] 【空洞监听】无匹配已持续：13秒
2025-10-21 14:25:14 [TRACE] 【目标检测】屏幕内没有目标
2025-10-21 14:25:17 [TRACE] 【目标检测】屏幕内没有目标
2025-10-21 14:25:18 [TRACE] 【目标检测】屏幕内没有目标
2025-10-21 14:25:21 [TRACE] 【空洞监听】无匹配已持续：21秒
2025-10-21 14:25:22 [TRACE] 【目标检测】TRAPPED！ 类型：interact 置信度：0.9315185546875
2025-10-21 14:25:29 [TRACE] 【目标检测】目标存在，但置信度不足
2025-10-21 14:25:30 [TRACE] 【状态】搜索模式：C:\Users\gelon\Desktop\ZA-Lite\assets/images/hollow\card.png 置信度：1.0
2025-10-21 14:25:37 [TRACE] 【目标检测】屏幕内没有目标
2025-10-21 14:25:39 [TRACE] 【目标检测】屏幕内没有目标
2025-10-21 14:25:41 [TRACE] 【目标检测】微调超时，无法对齐！
2025-10-21 14:25:44 [TRACE] 【空洞监听】无匹配已持续：0秒
2025-10-21 14:25:46 [TRACE] 【目标检测】TRAPPED！ 类型：interact 置信度：0.9310328960418701
2025-10-21 14:25:53 [TRACE] 【目标检测】目标存在，但置信度不足
2025-10-21 14:25:54 [TRACE] 【目标检测】目标存在，但置信度不足
2025-10-21 14:25:56 [TRACE] 【目标检测】屏幕内没有目标
2025-10-21 14:25:57 [TRACE] 【目标检测】目标存在，但置信度不足
2025-10-21 14:25:59 [TRACE] 【目标检测】屏幕内没有目标
2025-10-21 14:26:06 [TRACE] 【目标检测】TRAPPED！ 类型：interact 置信度：0.9447590112686157
2025-10-21 14:26:08 [TRACE] 【空洞监听】无匹配已持续：0秒
2025-10-21 14:26:15 [TRACE] 【空洞监听】无匹配已持续：7秒
2025-10-21 14:26:20 [TRACE] 【目标检测】微调超时，无法对齐！
2025-10-21 14:26:23 [TRACE] 【空洞监听】无匹配已持续：15秒
2025-10-21 14:26:26 [TRACE] 【目标检测】TRAPPED！ 类型：interact 置信度：0.9346933364868164
2025-10-21 14:26:30 [TRACE] 【目标检测】屏幕内没有目标
2025-10-21 14:26:30 [TRACE] 【空洞监听】无匹配已持续：22秒
2025-10-21 14:26:31 [TRACE] 【目标检测】屏幕内没有目标
2025-10-21 14:26:36 [TRACE] 【目标检测】TRAPPED！ 类型：interact 置信度：0.908109188079834
2025-10-21 14:26:38 [TRACE] 【空洞监听】无匹配已持续：29秒
2025-10-21 14:26:43 [TRACE] 【目标检测】屏幕内没有目标
2025-10-21 14:26:45 [TRACE] 【目标检测】TRAPPED！ 类型：interact 置信度：0.9095222353935242
2025-10-21 14:26:54 [TRACE] 【目标检测】TRAPPED！ 类型：interact 置信度：0.9595648646354675
2025-10-21 14:26:54 [TRACE] 【空洞监听】无匹配已持续：0秒
2025-10-21 14:27:09 [TRACE] 【目标检测】微调超时，无法对齐！
2025-10-21 14:27:09 [TRACE] 【空洞监听】无匹配已持续：0秒
2025-10-21 14:27:12 [TRACE] 【目标检测】TRAPPED！ 类型：guide_point 置信度：0.9405627250671387
2025-10-21 14:27:16 [TRACE] 【空洞监听】无匹配已持续：7秒
2025-10-21 14:27:18 [TRACE] 【目标检测】TRAPPED！ 类型：guide_point 置信度：0.8482294678688049
2025-10-21 14:27:24 [TRACE] 【空洞监听】无匹配已持续：14秒
2025-10-21 14:27:25 [TRACE] 【目标检测】TRAPPED！ 类型：guide_point 置信度：0.9434216618537903
2025-10-21 14:27:28 [TRACE] 【状态】搜索模式：C:\Users\gelon\Desktop\ZA-Lite\assets/images/hollow\meter.png 置信度：0.9468477964401245
2025-10-21 14:27:30 [TRACE] 【目标检测】TRAPPED！ 类型：guide_point 置信度：0.8997452855110168
2025-10-21 14:27:39 [TRACE] 【目标检测】TRAPPED！ 类型：guide_point 置信度：0.6262712478637695
2025-10-21 14:27:39 [TRACE] 【空洞监听】无匹配已持续：0秒
2025-10-21 14:27:43 [TRACE] 【状态】搜索模式：C:\Users\gelon\Desktop\ZA-Lite\assets/images/hollow\meter.png 置信度：0.9295766353607178
2025-10-21 14:27:46 [TRACE] 【目标检测】TRAPPED！ 类型：guide_point 置信度：0.934177041053772
2025-10-21 14:27:53 [TRACE] 【目标检测】屏幕内没有目标
2025-10-21 14:27:54 [TRACE] 【空洞监听】无匹配已持续：0秒
2025-10-21 14:28:01 [TRACE] 【目标检测】TRAPPED！ 类型：blue_portal 置信度：0.958265483379364
2025-10-21 14:28:01 [TRACE] 【空洞监听】无匹配已持续：7秒
2025-10-21 14:28:08 [TRACE] 【空洞监听】无匹配已持续：14秒
2025-10-21 14:28:12 [TRACE] 【目标检测】微调超时，无法对齐！
2025-10-21 14:28:15 [TRACE] 【空洞监听】无匹配已持续：21秒
2025-10-21 14:28:16 [TRACE] 【目标检测】TRAPPED！ 类型：blue_portal 置信度：0.7982836961746216
2025-10-21 14:28:21 [TRACE] 【空洞监听】无匹配已持续：27秒
2025-10-21 14:28:23 [TRACE] 【目标检测】屏幕内没有目标
2025-10-21 14:28:24 [TRACE] 【目标检测】屏幕内没有目标
2025-10-21 14:28:26 [TRACE] 【目标检测】屏幕内没有目标
2025-10-21 14:28:29 [TRACE] 【目标检测】屏幕内没有目标
2025-10-21 14:28:29 [TRACE] 【空洞监听】无匹配已持续：34秒
2025-10-21 14:28:32 [TRACE] 【目标检测】目标存在，但置信度不足
2025-10-21 14:28:35 [TRACE] 【目标检测】屏幕内没有目标
2025-10-21 14:28:36 [TRACE] 【空洞监听】无匹配已持续：42秒
2025-10-21 14:28:41 [TRACE] 【目标检测】微调超时，无法对齐！
2025-10-21 14:28:44 [TRACE] 【空洞监听】无匹配已持续：49秒
2025-10-21 14:28:44 [TRACE] 【目标检测】TRAPPED！ 类型：interact 置信度：0.9337722063064575
2025-10-21 14:28:50 [TRACE] 【空洞监听】无匹配已持续：56秒
2025-10-21 14:28:52 [TRACE] 【目标检测】屏幕内没有目标
2025-10-21 14:28:53 [TRACE] 【目标检测】屏幕内没有目标
2025-10-21 14:28:54 [TRACE] 【目标检测】屏幕内没有目标
2025-10-21 14:28:56 [TRACE] 【目标检测】屏幕内没有目标
2025-10-21 14:28:57 [TRACE] 【目标检测】屏幕内没有目标
2025-10-21 14:29:00 [TRACE] 【目标检测】屏幕内没有目标
2025-10-21 14:29:01 [TRACE] 【目标检测】屏幕内没有目标
2025-10-21 14:29:03 [TRACE] 【目标检测】屏幕内没有目标
2025-10-21 14:29:04 [TRACE] 【目标检测】屏幕内没有目标
2025-10-21 14:29:05 [TRACE] 【目标检测】屏幕内没有目标
2025-10-21 14:29:08 [TRACE] 【目标检测】屏幕内没有目标
2025-10-21 14:29:10 [TRACE] 【目标检测】屏幕内没有目标
2025-10-21 14:29:11 [TRACE] 【目标检测】屏幕内没有目标
2025-10-21 14:29:13 [TRACE] 【目标检测】屏幕内没有目标
2025-10-21 14:29:14 [TRACE] 【目标检测】屏幕内没有目标
2025-10-21 14:29:15 [TRACE] 【状态】搜索模式：C:\Users\gelon\Desktop\ZA-Lite\assets/images/hollow\card.png 置信度：1.0
2025-10-21 14:29:17 [TRACE] 【目标检测】屏幕内没有目标
2025-10-21 14:29:18 [TRACE] 【目标检测】屏幕内没有目标
2025-10-21 14:29:20 [TRACE] 【目标检测】屏幕内没有目标
2025-10-21 14:29:28 [TRACE] 【目标检测】微调超时，无法对齐！
2025-10-21 14:29:28 [TRACE] 【空洞监听】无匹配已持续：0秒
2025-10-21 14:29:30 [TRACE] 【目标检测】TRAPPED！ 类型：guide_point 置信度：0.9397763609886169
2025-10-21 14:29:35 [TRACE] 【空洞监听】无匹配已持续：6秒
2025-10-21 14:29:37 [TRACE] 【目标检测】屏幕内没有目标
2025-10-21 14:29:39 [TRACE] 【目标检测】屏幕内没有目标
2025-10-21 14:29:41 [TRACE] 【目标检测】屏幕内没有目标
2025-10-21 14:29:42 [TRACE] 【目标检测】屏幕内没有目标
2025-10-21 14:29:42 [TRACE] 【空洞监听】无匹配已持续：14秒
2025-10-21 14:29:44 [TRACE] 【目标检测】屏幕内没有目标
2025-10-21 14:29:50 [TRACE] 【空洞监听】无匹配已持续：21秒
2025-10-21 14:29:52 [TRACE] 【目标检测】TRAPPED！ 类型：blue_portal 置信度：0.9535094499588013
2025-10-21 14:29:57 [TRACE] 【空洞监听】无匹配已持续：28秒
2025-10-21 14:29:59 [TRACE] 【目标检测】屏幕内没有目标
2025-10-21 14:30:01 [TRACE] 【目标检测】屏幕内没有目标
2025-10-21 14:30:02 [TRACE] 【目标检测】屏幕内没有目标
2025-10-21 14:30:05 [TRACE] 【空洞监听】无匹配已持续：36秒
2025-10-21 14:30:05 [TRACE] 【目标检测】屏幕内没有目标
2025-10-21 14:30:07 [TRACE] 【目标检测】屏幕内没有目标
2025-10-21 14:30:10 [TRACE] 【目标检测】屏幕内没有目标
2025-10-21 14:30:12 [TRACE] 【目标检测】屏幕内没有目标
2025-10-21 14:30:13 [TRACE] 【空洞监听】无匹配已持续：44秒
2025-10-21 14:30:13 [TRACE] 【目标检测】屏幕内没有目标
2025-10-21 14:30:15 [TRACE] 【目标检测】屏幕内没有目标
2025-10-21 14:30:17 [TRACE] 【目标检测】屏幕内没有目标
2025-10-21 14:30:20 [TRACE] 【目标检测】屏幕内没有目标
2025-10-21 14:30:20 [TRACE] 【状态】战斗模式：正在受到攻击
2025-10-21 14:30:27 [TRACE] 【空洞监听】无匹配已持续：0秒
2025-10-21 14:30:34 [TRACE] 【空洞监听】无匹配已持续：6秒
2025-10-21 14:30:42 [TRACE] 【状态】搜索模式：C:\Users\gelon\Desktop\ZA-Lite\assets/images/hollow\resonium.png 置信度：0.9999998807907104
2025-10-21 14:30:42 [TRACE] 【目标出现】C:\Users\gelon\Desktop\ZA-Lite\assets/images/hollow\resonium.png 置信度：1.0
2025-10-21 14:30:42 [TRACE] 【本轮的坐标】：(np.int64(1174), np.int64(475)) ------------
2025-10-21 14:30:42 [TRACE] 【已点击过的坐标】：[(-10, -10)]
2025-10-21 14:30:42 [TRACE] 【成功点击】
2025-10-21 14:30:43 [TRACE] 【本轮的坐标】：(np.int64(1581), np.int64(475)) ------------
2025-10-21 14:30:43 [TRACE] 【已点击过的坐标】：[(-10, -10), (np.int64(1174), np.int64(475))]
2025-10-21 14:30:43 [TRACE] 【成功点击】
2025-10-21 14:30:43 [TRACE] 【目标检测】目标存在，但置信度不足
2025-10-21 14:30:44 [TRACE] 【本轮的坐标】：(np.int64(1582), np.int64(475)) ------------
2025-10-21 14:30:44 [TRACE] 【已点击过的坐标】：[(-10, -10), (np.int64(1174), np.int64(475)), (np.int64(1581), np.int64(475))]
2025-10-21 14:30:44 [TRACE] 【坐标太近】视为重复
2025-10-21 14:30:44 [TRACE] 【没有通过的坐标】开始下一轮
2025-10-21 14:30:44 [TRACE] 【本轮的坐标】：(np.int64(1988), np.int64(475)) ------------
2025-10-21 14:30:44 [TRACE] 【已点击过的坐标】：[(-10, -10), (np.int64(1174), np.int64(475)), (np.int64(1581), np.int64(475))]
2025-10-21 14:30:44 [TRACE] 【成功点击】
2025-10-21 14:30:44 [TRACE] 【目标检测】目标存在，但置信度不足
2025-10-21 14:30:44 [TRACE] 【本轮的坐标】：(np.int64(1989), np.int64(475)) ------------
2025-10-21 14:30:44 [TRACE] 【已点击过的坐标】：[(-10, -10), (np.int64(1174), np.int64(475)), (np.int64(1581), np.int64(475)), (np.int64(1988), np.int64(475))]
2025-10-21 14:30:44 [TRACE] 【坐标太近】视为重复
2025-10-21 14:30:44 [TRACE] 【没有通过的坐标】开始下一轮
2025-10-21 14:30:44 [TRACE] 【本轮的坐标】：(np.int64(1173), np.int64(476)) ------------
2025-10-21 14:30:44 [TRACE] 【已点击过的坐标】：[(-10, -10), (np.int64(1174), np.int64(475)), (np.int64(1581), np.int64(475)), (np.int64(1988), np.int64(475))]
2025-10-21 14:30:44 [TRACE] 【坐标太近】视为重复
2025-10-21 14:30:44 [TRACE] 【没有通过的坐标】开始下一轮
2025-10-21 14:30:44 [TRACE] 【本轮的坐标】：(np.int64(1174), np.int64(476)) ------------
2025-10-21 14:30:44 [TRACE] 【已点击过的坐标】：[(-10, -10), (np.int64(1174), np.int64(475)), (np.int64(1581), np.int64(475)), (np.int64(1988), np.int64(475))]
2025-10-21 14:30:44 [TRACE] 【坐标太近】视为重复
2025-10-21 14:30:44 [TRACE] 【没有通过的坐标】开始下一轮
2025-10-21 14:30:44 [TRACE] 【本轮的坐标】：(np.int64(1175), np.int64(476)) ------------
2025-10-21 14:30:44 [TRACE] 【已点击过的坐标】：[(-10, -10), (np.int64(1174), np.int64(475)), (np.int64(1581), np.int64(475)), (np.int64(1988), np.int64(475))]
2025-10-21 14:30:44 [TRACE] 【坐标太近】视为重复
2025-10-21 14:30:44 [TRACE] 【没有通过的坐标】开始下一轮
2025-10-21 14:30:44 [TRACE] 【本轮的坐标】：(np.int64(1580), np.int64(476)) ------------
2025-10-21 14:30:44 [TRACE] 【已点击过的坐标】：[(-10, -10), (np.int64(1174), np.int64(475)), (np.int64(1581), np.int64(475)), (np.int64(1988), np.int64(475))]
2025-10-21 14:30:44 [TRACE] 【坐标太近】视为重复
2025-10-21 14:30:44 [TRACE] 【没有通过的坐标】开始下一轮
2025-10-21 14:30:44 [TRACE] 【本轮的坐标】：(np.int64(1581), np.int64(476)) ------------
2025-10-21 14:30:44 [TRACE] 【已点击过的坐标】：[(-10, -10), (np.int64(1174), np.int64(475)), (np.int64(1581), np.int64(475)), (np.int64(1988), np.int64(475))]
2025-10-21 14:30:44 [TRACE] 【坐标太近】视为重复
2025-10-21 14:30:44 [TRACE] 【没有通过的坐标】开始下一轮
2025-10-21 14:30:44 [TRACE] 【本轮的坐标】：(np.int64(1582), np.int64(476)) ------------
2025-10-21 14:30:44 [TRACE] 【已点击过的坐标】：[(-10, -10), (np.int64(1174), np.int64(475)), (np.int64(1581), np.int64(475)), (np.int64(1988), np.int64(475))]
2025-10-21 14:30:44 [TRACE] 【坐标太近】视为重复
2025-10-21 14:30:44 [TRACE] 【没有通过的坐标】开始下一轮
2025-10-21 14:30:44 [TRACE] 【本轮的坐标】：(np.int64(1987), np.int64(476)) ------------
2025-10-21 14:30:44 [TRACE] 【已点击过的坐标】：[(-10, -10), (np.int64(1174), np.int64(475)), (np.int64(1581), np.int64(475)), (np.int64(1988), np.int64(475))]
2025-10-21 14:30:44 [TRACE] 【坐标太近】视为重复
2025-10-21 14:30:44 [TRACE] 【没有通过的坐标】开始下一轮
2025-10-21 14:30:44 [TRACE] 【本轮的坐标】：(np.int64(1988), np.int64(476)) ------------
2025-10-21 14:30:44 [TRACE] 【已点击过的坐标】：[(-10, -10), (np.int64(1174), np.int64(475)), (np.int64(1581), np.int64(475)), (np.int64(1988), np.int64(475))]
2025-10-21 14:30:44 [TRACE] 【坐标太近】视为重复
2025-10-21 14:30:44 [TRACE] 【没有通过的坐标】开始下一轮
2025-10-21 14:30:44 [TRACE] 【本轮的坐标】：(np.int64(1989), np.int64(476)) ------------
2025-10-21 14:30:44 [TRACE] 【已点击过的坐标】：[(-10, -10), (np.int64(1174), np.int64(475)), (np.int64(1581), np.int64(475)), (np.int64(1988), np.int64(475))]
2025-10-21 14:30:44 [TRACE] 【坐标太近】视为重复
2025-10-21 14:30:44 [TRACE] 【没有通过的坐标】开始下一轮
2025-10-21 14:30:44 [TRACE] 【本轮的坐标】：(np.int64(1990), np.int64(476)) ------------
2025-10-21 14:30:44 [TRACE] 【已点击过的坐标】：[(-10, -10), (np.int64(1174), np.int64(475)), (np.int64(1581), np.int64(475)), (np.int64(1988), np.int64(475))]
2025-10-21 14:30:44 [TRACE] 【坐标太近】视为重复
2025-10-21 14:30:44 [TRACE] 【没有通过的坐标】开始下一轮
2025-10-21 14:30:44 [TRACE] 【本轮的坐标】：(np.int64(1174), np.int64(477)) ------------
2025-10-21 14:30:44 [TRACE] 【已点击过的坐标】：[(-10, -10), (np.int64(1174), np.int64(475)), (np.int64(1581), np.int64(475)), (np.int64(1988), np.int64(475))]
2025-10-21 14:30:44 [TRACE] 【坐标太近】视为重复
2025-10-21 14:30:44 [TRACE] 【没有通过的坐标】开始下一轮
2025-10-21 14:30:44 [TRACE] 【本轮的坐标】：(np.int64(1581), np.int64(477)) ------------
2025-10-21 14:30:44 [TRACE] 【已点击过的坐标】：[(-10, -10), (np.int64(1174), np.int64(475)), (np.int64(1581), np.int64(475)), (np.int64(1988), np.int64(475))]
2025-10-21 14:30:44 [TRACE] 【坐标太近】视为重复
2025-10-21 14:30:44 [TRACE] 【没有通过的坐标】开始下一轮
2025-10-21 14:30:44 [TRACE] 【本轮的坐标】：(np.int64(1988), np.int64(477)) ------------
2025-10-21 14:30:44 [TRACE] 【已点击过的坐标】：[(-10, -10), (np.int64(1174), np.int64(475)), (np.int64(1581), np.int64(475)), (np.int64(1988), np.int64(475))]
2025-10-21 14:30:44 [TRACE] 【坐标太近】视为重复
2025-10-21 14:30:44 [TRACE] 【没有通过的坐标】开始下一轮
2025-10-21 14:30:44 [TRACE] 【完成所有点击】有效次数：3
2025-10-21 14:30:46 [TRACE] 【目标检测】目标存在，但置信度不足
2025-10-21 14:30:47 [TRACE] 【目标检测】目标存在，但置信度不足
2025-10-21 14:30:48 [TRACE] 【目标检测】目标存在，但置信度不足
2025-10-21 14:30:50 [TRACE] 【目标检测】目标存在，但置信度不足
2025-10-21 14:30:53 [TRACE] 【状态】搜索模式：C:\Users\gelon\Desktop\ZA-Lite\assets/images/hollow\next_area.png 置信度：0.9999998211860657
2025-10-21 14:30:53 [TRACE] 【目标检测】TRAPPED！ 类型：blue_portal 置信度：0.7682856321334839
2025-10-21 14:31:01 [TRACE] 【目标检测】屏幕内没有目标
2025-10-21 14:31:02 [TRACE] 【目标检测】屏幕内没有目标
2025-10-21 14:31:04 [TRACE] 【目标检测】屏幕内没有目标
2025-10-21 14:31:06 [TRACE] 【目标检测】屏幕内没有目标
2025-10-21 14:31:07 [TRACE] 【空洞监听】无匹配已持续：0秒
2025-10-21 14:31:08 [TRACE] 【目标检测】屏幕内没有目标
2025-10-21 14:31:11 [TRACE] 【目标检测】屏幕内没有目标
2025-10-21 14:31:11 [TRACE] 【状态】战斗模式：C:\Users\gelon\Desktop\ZA-Lite\assets/images/hollow\battle_3.png 置信度：0.9999999403953552
2025-10-21 14:31:22 [TRACE] 【空洞监听】无匹配已持续：0秒
2025-10-21 14:31:29 [TRACE] 【空洞监听】无匹配已持续：7秒
2025-10-21 14:31:31 [TRACE] 【状态】搜索模式：C:\Users\gelon\Desktop\ZA-Lite\assets/images/hollow\next_area.png 置信度：0.9999993443489075
2025-10-21 14:31:34 [TRACE] 【状态】搜索模式：C:\Users\gelon\Desktop\ZA-Lite\assets/images/hollow\meter.png 置信度：0.9358457326889038
2025-10-21 14:31:39 [TRACE] 【目标检测】微调超时，无法对齐！
2025-10-21 14:31:42 [TRACE] 【状态】搜索模式：C:\Users\gelon\Desktop\ZA-Lite\assets/images/hollow\meter.png 置信度：0.9908202886581421
2025-10-21 14:31:44 [TRACE] 【目标检测】TRAPPED！ 类型：guide_point 置信度：0.9206154346466064
2025-10-21 14:31:51 [TRACE] 【空洞监听】无匹配已持续：0秒
2025-10-21 14:31:51 [TRACE] 【目标检测】屏幕内没有目标
2025-10-21 14:31:53 [TRACE] 【目标检测】屏幕内没有目标
2025-10-21 14:31:55 [TRACE] 【目标检测】屏幕内没有目标
2025-10-21 14:31:58 [TRACE] 【目标检测】目标存在，但置信度不足
2025-10-21 14:31:59 [TRACE] 【空洞监听】无匹配已持续：8秒
2025-10-21 14:32:04 [TRACE] 【目标检测】TRAPPED！ 类型：interact 置信度：0.8104151487350464
2025-10-21 14:32:06 [TRACE] 【空洞监听】无匹配已持续：14秒
2025-10-21 14:32:11 [TRACE] 【目标检测】屏幕内没有目标
2025-10-21 14:32:13 [TRACE] 【状态】搜索模式：C:\Users\gelon\Desktop\ZA-Lite\assets/images/hollow\resonium.png 置信度：0.9999998807907104
2025-10-21 14:32:14 [TRACE] 【目标出现】C:\Users\gelon\Desktop\ZA-Lite\assets/images/hollow\resonium.png 置信度：0.9999998807907104
2025-10-21 14:32:14 [TRACE] 【本轮的坐标】：(np.int64(1309), np.int64(455)) ------------
2025-10-21 14:32:14 [TRACE] 【已点击过的坐标】：[(-10, -10)]
2025-10-21 14:32:14 [TRACE] 【成功点击】
2025-10-21 14:32:14 [TRACE] 【目标检测】目标存在，但置信度不足
2025-10-21 14:32:15 [TRACE] 【本轮的坐标】：(np.int64(1310), np.int64(455)) ------------
2025-10-21 14:32:15 [TRACE] 【已点击过的坐标】：[(-10, -10), (np.int64(1309), np.int64(455))]
2025-10-21 14:32:15 [TRACE] 【坐标太近】视为重复
2025-10-21 14:32:15 [TRACE] 【没有通过的坐标】开始下一轮
2025-10-21 14:32:15 [TRACE] 【本轮的坐标】：(np.int64(1699), np.int64(455)) ------------
2025-10-21 14:32:15 [TRACE] 【已点击过的坐标】：[(-10, -10), (np.int64(1309), np.int64(455))]
2025-10-21 14:32:15 [TRACE] 【成功点击】
2025-10-21 14:32:15 [TRACE] 【本轮的坐标】：(np.int64(2088), np.int64(455)) ------------
2025-10-21 14:32:15 [TRACE] 【已点击过的坐标】：[(-10, -10), (np.int64(1309), np.int64(455)), (np.int64(1699), np.int64(455))]
2025-10-21 14:32:15 [TRACE] 【成功点击】
2025-10-21 14:32:15 [TRACE] 【目标检测】目标存在，但置信度不足
2025-10-21 14:32:16 [TRACE] 【本轮的坐标】：(np.int64(2089), np.int64(455)) ------------
2025-10-21 14:32:16 [TRACE] 【已点击过的坐标】：[(-10, -10), (np.int64(1309), np.int64(455)), (np.int64(1699), np.int64(455)), (np.int64(2088), np.int64(455))]
2025-10-21 14:32:16 [TRACE] 【坐标太近】视为重复
2025-10-21 14:32:16 [TRACE] 【没有通过的坐标】开始下一轮
2025-10-21 14:32:16 [TRACE] 【本轮的坐标】：(np.int64(2478), np.int64(455)) ------------
2025-10-21 14:32:16 [TRACE] 【已点击过的坐标】：[(-10, -10), (np.int64(1309), np.int64(455)), (np.int64(1699), np.int64(455)), (np.int64(2088), np.int64(455))]
2025-10-21 14:32:16 [TRACE] 【成功点击】
2025-10-21 14:32:16 [TRACE] 【目标检测】目标存在，但置信度不足
2025-10-21 14:32:17 [TRACE] 【本轮的坐标】：(np.int64(1308), np.int64(456)) ------------
2025-10-21 14:32:17 [TRACE] 【已点击过的坐标】：[(-10, -10), (np.int64(1309), np.int64(455)), (np.int64(1699), np.int64(455)), (np.int64(2088), np.int64(455)), (np.int64(2478), np.int64(455))]
2025-10-21 14:32:17 [TRACE] 【坐标太近】视为重复
2025-10-21 14:32:17 [TRACE] 【没有通过的坐标】开始下一轮
2025-10-21 14:32:17 [TRACE] 【本轮的坐标】：(np.int64(1309), np.int64(456)) ------------
2025-10-21 14:32:17 [TRACE] 【已点击过的坐标】：[(-10, -10), (np.int64(1309), np.int64(455)), (np.int64(1699), np.int64(455)), (np.int64(2088), np.int64(455)), (np.int64(2478), np.int64(455))]
2025-10-21 14:32:17 [TRACE] 【坐标太近】视为重复
2025-10-21 14:32:17 [TRACE] 【没有通过的坐标】开始下一轮
2025-10-21 14:32:17 [TRACE] 【本轮的坐标】：(np.int64(1310), np.int64(456)) ------------
2025-10-21 14:32:17 [TRACE] 【已点击过的坐标】：[(-10, -10), (np.int64(1309), np.int64(455)), (np.int64(1699), np.int64(455)), (np.int64(2088), np.int64(455)), (np.int64(2478), np.int64(455))]
2025-10-21 14:32:17 [TRACE] 【坐标太近】视为重复
2025-10-21 14:32:17 [TRACE] 【没有通过的坐标】开始下一轮
2025-10-21 14:32:17 [TRACE] 【本轮的坐标】：(np.int64(1698), np.int64(456)) ------------
2025-10-21 14:32:17 [TRACE] 【已点击过的坐标】：[(-10, -10), (np.int64(1309), np.int64(455)), (np.int64(1699), np.int64(455)), (np.int64(2088), np.int64(455)), (np.int64(2478), np.int64(455))]
2025-10-21 14:32:17 [TRACE] 【坐标太近】视为重复
2025-10-21 14:32:17 [TRACE] 【没有通过的坐标】开始下一轮
2025-10-21 14:32:17 [TRACE] 【本轮的坐标】：(np.int64(1699), np.int64(456)) ------------
2025-10-21 14:32:17 [TRACE] 【已点击过的坐标】：[(-10, -10), (np.int64(1309), np.int64(455)), (np.int64(1699), np.int64(455)), (np.int64(2088), np.int64(455)), (np.int64(2478), np.int64(455))]
2025-10-21 14:32:17 [TRACE] 【坐标太近】视为重复
2025-10-21 14:32:17 [TRACE] 【没有通过的坐标】开始下一轮
2025-10-21 14:32:17 [TRACE] 【本轮的坐标】：(np.int64(1700), np.int64(456)) ------------
2025-10-21 14:32:17 [TRACE] 【已点击过的坐标】：[(-10, -10), (np.int64(1309), np.int64(455)), (np.int64(1699), np.int64(455)), (np.int64(2088), np.int64(455)), (np.int64(2478), np.int64(455))]
2025-10-21 14:32:17 [TRACE] 【坐标太近】视为重复
2025-10-21 14:32:17 [TRACE] 【没有通过的坐标】开始下一轮
2025-10-21 14:32:17 [TRACE] 【本轮的坐标】：(np.int64(2087), np.int64(456)) ------------
2025-10-21 14:32:17 [TRACE] 【已点击过的坐标】：[(-10, -10), (np.int64(1309), np.int64(455)), (np.int64(1699), np.int64(455)), (np.int64(2088), np.int64(455)), (np.int64(2478), np.int64(455))]
2025-10-21 14:32:17 [TRACE] 【坐标太近】视为重复
2025-10-21 14:32:17 [TRACE] 【没有通过的坐标】开始下一轮
2025-10-21 14:32:17 [TRACE] 【本轮的坐标】：(np.int64(2088), np.int64(456)) ------------
2025-10-21 14:32:17 [TRACE] 【已点击过的坐标】：[(-10, -10), (np.int64(1309), np.int64(455)), (np.int64(1699), np.int64(455)), (np.int64(2088), np.int64(455)), (np.int64(2478), np.int64(455))]
2025-10-21 14:32:17 [TRACE] 【坐标太近】视为重复
2025-10-21 14:32:17 [TRACE] 【没有通过的坐标】开始下一轮
2025-10-21 14:32:17 [TRACE] 【本轮的坐标】：(np.int64(2089), np.int64(456)) ------------
2025-10-21 14:32:17 [TRACE] 【已点击过的坐标】：[(-10, -10), (np.int64(1309), np.int64(455)), (np.int64(1699), np.int64(455)), (np.int64(2088), np.int64(455)), (np.int64(2478), np.int64(455))]
2025-10-21 14:32:17 [TRACE] 【坐标太近】视为重复
2025-10-21 14:32:17 [TRACE] 【没有通过的坐标】开始下一轮
2025-10-21 14:32:17 [TRACE] 【本轮的坐标】：(np.int64(2090), np.int64(456)) ------------
2025-10-21 14:32:17 [TRACE] 【已点击过的坐标】：[(-10, -10), (np.int64(1309), np.int64(455)), (np.int64(1699), np.int64(455)), (np.int64(2088), np.int64(455)), (np.int64(2478), np.int64(455))]
2025-10-21 14:32:17 [TRACE] 【坐标太近】视为重复
2025-10-21 14:32:17 [TRACE] 【没有通过的坐标】开始下一轮
2025-10-21 14:32:17 [TRACE] 【本轮的坐标】：(np.int64(2477), np.int64(456)) ------------
2025-10-21 14:32:17 [TRACE] 【已点击过的坐标】：[(-10, -10), (np.int64(1309), np.int64(455)), (np.int64(1699), np.int64(455)), (np.int64(2088), np.int64(455)), (np.int64(2478), np.int64(455))]
2025-10-21 14:32:17 [TRACE] 【坐标太近】视为重复
2025-10-21 14:32:17 [TRACE] 【没有通过的坐标】开始下一轮
2025-10-21 14:32:17 [TRACE] 【本轮的坐标】：(np.int64(2478), np.int64(456)) ------------
2025-10-21 14:32:17 [TRACE] 【已点击过的坐标】：[(-10, -10), (np.int64(1309), np.int64(455)), (np.int64(1699), np.int64(455)), (np.int64(2088), np.int64(455)), (np.int64(2478), np.int64(455))]
2025-10-21 14:32:17 [TRACE] 【坐标太近】视为重复
2025-10-21 14:32:17 [TRACE] 【没有通过的坐标】开始下一轮
2025-10-21 14:32:17 [TRACE] 【本轮的坐标】：(np.int64(2479), np.int64(456)) ------------
2025-10-21 14:32:17 [TRACE] 【已点击过的坐标】：[(-10, -10), (np.int64(1309), np.int64(455)), (np.int64(1699), np.int64(455)), (np.int64(2088), np.int64(455)), (np.int64(2478), np.int64(455))]
2025-10-21 14:32:17 [TRACE] 【坐标太近】视为重复
2025-10-21 14:32:17 [TRACE] 【没有通过的坐标】开始下一轮
2025-10-21 14:32:17 [TRACE] 【本轮的坐标】：(np.int64(1309), np.int64(457)) ------------
2025-10-21 14:32:17 [TRACE] 【已点击过的坐标】：[(-10, -10), (np.int64(1309), np.int64(455)), (np.int64(1699), np.int64(455)), (np.int64(2088), np.int64(455)), (np.int64(2478), np.int64(455))]
2025-10-21 14:32:17 [TRACE] 【坐标太近】视为重复
2025-10-21 14:32:17 [TRACE] 【没有通过的坐标】开始下一轮
2025-10-21 14:32:17 [TRACE] 【本轮的坐标】：(np.int64(1698), np.int64(457)) ------------
2025-10-21 14:32:17 [TRACE] 【已点击过的坐标】：[(-10, -10), (np.int64(1309), np.int64(455)), (np.int64(1699), np.int64(455)), (np.int64(2088), np.int64(455)), (np.int64(2478), np.int64(455))]
2025-10-21 14:32:17 [TRACE] 【坐标太近】视为重复
2025-10-21 14:32:17 [TRACE] 【没有通过的坐标】开始下一轮
2025-10-21 14:32:17 [TRACE] 【本轮的坐标】：(np.int64(1699), np.int64(457)) ------------
2025-10-21 14:32:17 [TRACE] 【已点击过的坐标】：[(-10, -10), (np.int64(1309), np.int64(455)), (np.int64(1699), np.int64(455)), (np.int64(2088), np.int64(455)), (np.int64(2478), np.int64(455))]
2025-10-21 14:32:17 [TRACE] 【坐标太近】视为重复
2025-10-21 14:32:17 [TRACE] 【没有通过的坐标】开始下一轮
2025-10-21 14:32:17 [TRACE] 【本轮的坐标】：(np.int64(2088), np.int64(457)) ------------
2025-10-21 14:32:17 [TRACE] 【已点击过的坐标】：[(-10, -10), (np.int64(1309), np.int64(455)), (np.int64(1699), np.int64(455)), (np.int64(2088), np.int64(455)), (np.int64(2478), np.int64(455))]
2025-10-21 14:32:17 [TRACE] 【坐标太近】视为重复
2025-10-21 14:32:17 [TRACE] 【没有通过的坐标】开始下一轮
2025-10-21 14:32:17 [TRACE] 【本轮的坐标】：(np.int64(2478), np.int64(457)) ------------
2025-10-21 14:32:17 [TRACE] 【已点击过的坐标】：[(-10, -10), (np.int64(1309), np.int64(455)), (np.int64(1699), np.int64(455)), (np.int64(2088), np.int64(455)), (np.int64(2478), np.int64(455))]
2025-10-21 14:32:17 [TRACE] 【坐标太近】视为重复
2025-10-21 14:32:17 [TRACE] 【没有通过的坐标】开始下一轮
2025-10-21 14:32:17 [TRACE] 【完成所有点击】有效次数：4
2025-10-21 14:32:19 [TRACE] 【目标检测】目标存在，但置信度不足
2025-10-21 14:32:20 [TRACE] 【目标检测】屏幕内没有目标
2025-10-21 14:32:22 [TRACE] 【目标检测】屏幕内没有目标
2025-10-21 14:32:24 [TRACE] 【状态】搜索模式：C:\Users\gelon\Desktop\ZA-Lite\assets/images/hollow\resonium.png 置信度：0.9999998807907104
2025-10-21 14:32:24 [TRACE] 【目标检测】目标存在，但置信度不足
2025-10-21 14:32:24 [TRACE] 【目标出现】C:\Users\gelon\Desktop\ZA-Lite\assets/images/hollow\resonium.png 置信度：1.0
2025-10-21 14:32:24 [TRACE] 【本轮的坐标】：(np.int64(1309), np.int64(455)) ------------
2025-10-21 14:32:24 [TRACE] 【已点击过的坐标】：[(-10, -10)]
2025-10-21 14:32:24 [TRACE] 【成功点击】
2025-10-21 14:32:25 [TRACE] 【本轮的坐标】：(np.int64(1310), np.int64(455)) ------------
2025-10-21 14:32:25 [TRACE] 【已点击过的坐标】：[(-10, -10), (np.int64(1309), np.int64(455))]
2025-10-21 14:32:25 [TRACE] 【坐标太近】视为重复
2025-10-21 14:32:25 [TRACE] 【没有通过的坐标】开始下一轮
2025-10-21 14:32:25 [TRACE] 【本轮的坐标】：(np.int64(1699), np.int64(455)) ------------
2025-10-21 14:32:25 [TRACE] 【已点击过的坐标】：[(-10, -10), (np.int64(1309), np.int64(455))]
2025-10-21 14:32:25 [TRACE] 【成功点击】
2025-10-21 14:32:26 [TRACE] 【本轮的坐标】：(np.int64(2088), np.int64(455)) ------------
2025-10-21 14:32:26 [TRACE] 【已点击过的坐标】：[(-10, -10), (np.int64(1309), np.int64(455)), (np.int64(1699), np.int64(455))]
2025-10-21 14:32:26 [TRACE] 【成功点击】
2025-10-21 14:32:26 [TRACE] 【目标检测】目标存在，但置信度不足
2025-10-21 14:32:27 [TRACE] 【本轮的坐标】：(np.int64(2089), np.int64(455)) ------------
2025-10-21 14:32:27 [TRACE] 【已点击过的坐标】：[(-10, -10), (np.int64(1309), np.int64(455)), (np.int64(1699), np.int64(455)), (np.int64(2088), np.int64(455))]
2025-10-21 14:32:27 [TRACE] 【坐标太近】视为重复
2025-10-21 14:32:27 [TRACE] 【没有通过的坐标】开始下一轮
2025-10-21 14:32:27 [TRACE] 【本轮的坐标】：(np.int64(2478), np.int64(455)) ------------
2025-10-21 14:32:27 [TRACE] 【已点击过的坐标】：[(-10, -10), (np.int64(1309), np.int64(455)), (np.int64(1699), np.int64(455)), (np.int64(2088), np.int64(455))]
2025-10-21 14:32:27 [TRACE] 【成功点击】
2025-10-21 14:32:27 [TRACE] 【本轮的坐标】：(np.int64(1308), np.int64(456)) ------------
2025-10-21 14:32:27 [TRACE] 【已点击过的坐标】：[(-10, -10), (np.int64(1309), np.int64(455)), (np.int64(1699), np.int64(455)), (np.int64(2088), np.int64(455)), (np.int64(2478), np.int64(455))]
2025-10-21 14:32:27 [TRACE] 【坐标太近】视为重复
2025-10-21 14:32:27 [TRACE] 【没有通过的坐标】开始下一轮
2025-10-21 14:32:27 [TRACE] 【本轮的坐标】：(np.int64(1309), np.int64(456)) ------------
2025-10-21 14:32:27 [TRACE] 【已点击过的坐标】：[(-10, -10), (np.int64(1309), np.int64(455)), (np.int64(1699), np.int64(455)), (np.int64(2088), np.int64(455)), (np.int64(2478), np.int64(455))]
2025-10-21 14:32:27 [TRACE] 【坐标太近】视为重复
2025-10-21 14:32:27 [TRACE] 【没有通过的坐标】开始下一轮
2025-10-21 14:32:27 [TRACE] 【本轮的坐标】：(np.int64(1310), np.int64(456)) ------------
2025-10-21 14:32:27 [TRACE] 【已点击过的坐标】：[(-10, -10), (np.int64(1309), np.int64(455)), (np.int64(1699), np.int64(455)), (np.int64(2088), np.int64(455)), (np.int64(2478), np.int64(455))]
2025-10-21 14:32:27 [TRACE] 【坐标太近】视为重复
2025-10-21 14:32:27 [TRACE] 【没有通过的坐标】开始下一轮
2025-10-21 14:32:27 [TRACE] 【本轮的坐标】：(np.int64(1698), np.int64(456)) ------------
2025-10-21 14:32:27 [TRACE] 【已点击过的坐标】：[(-10, -10), (np.int64(1309), np.int64(455)), (np.int64(1699), np.int64(455)), (np.int64(2088), np.int64(455)), (np.int64(2478), np.int64(455))]
2025-10-21 14:32:27 [TRACE] 【坐标太近】视为重复
2025-10-21 14:32:27 [TRACE] 【没有通过的坐标】开始下一轮
2025-10-21 14:32:27 [TRACE] 【本轮的坐标】：(np.int64(1699), np.int64(456)) ------------
2025-10-21 14:32:27 [TRACE] 【已点击过的坐标】：[(-10, -10), (np.int64(1309), np.int64(455)), (np.int64(1699), np.int64(455)), (np.int64(2088), np.int64(455)), (np.int64(2478), np.int64(455))]
2025-10-21 14:32:27 [TRACE] 【坐标太近】视为重复
2025-10-21 14:32:27 [TRACE] 【没有通过的坐标】开始下一轮
2025-10-21 14:32:27 [TRACE] 【本轮的坐标】：(np.int64(1700), np.int64(456)) ------------
2025-10-21 14:32:27 [TRACE] 【已点击过的坐标】：[(-10, -10), (np.int64(1309), np.int64(455)), (np.int64(1699), np.int64(455)), (np.int64(2088), np.int64(455)), (np.int64(2478), np.int64(455))]
2025-10-21 14:32:27 [TRACE] 【坐标太近】视为重复
2025-10-21 14:32:27 [TRACE] 【没有通过的坐标】开始下一轮
2025-10-21 14:32:27 [TRACE] 【本轮的坐标】：(np.int64(2087), np.int64(456)) ------------
2025-10-21 14:32:27 [TRACE] 【已点击过的坐标】：[(-10, -10), (np.int64(1309), np.int64(455)), (np.int64(1699), np.int64(455)), (np.int64(2088), np.int64(455)), (np.int64(2478), np.int64(455))]
2025-10-21 14:32:27 [TRACE] 【坐标太近】视为重复
2025-10-21 14:32:27 [TRACE] 【没有通过的坐标】开始下一轮
2025-10-21 14:32:27 [TRACE] 【本轮的坐标】：(np.int64(2088), np.int64(456)) ------------
2025-10-21 14:32:27 [TRACE] 【已点击过的坐标】：[(-10, -10), (np.int64(1309), np.int64(455)), (np.int64(1699), np.int64(455)), (np.int64(2088), np.int64(455)), (np.int64(2478), np.int64(455))]
2025-10-21 14:32:27 [TRACE] 【坐标太近】视为重复
2025-10-21 14:32:27 [TRACE] 【没有通过的坐标】开始下一轮
2025-10-21 14:32:27 [TRACE] 【本轮的坐标】：(np.int64(2089), np.int64(456)) ------------
2025-10-21 14:32:27 [TRACE] 【已点击过的坐标】：[(-10, -10), (np.int64(1309), np.int64(455)), (np.int64(1699), np.int64(455)), (np.int64(2088), np.int64(455)), (np.int64(2478), np.int64(455))]
2025-10-21 14:32:27 [TRACE] 【坐标太近】视为重复
2025-10-21 14:32:27 [TRACE] 【没有通过的坐标】开始下一轮
2025-10-21 14:32:27 [TRACE] 【本轮的坐标】：(np.int64(2090), np.int64(456)) ------------
2025-10-21 14:32:27 [TRACE] 【已点击过的坐标】：[(-10, -10), (np.int64(1309), np.int64(455)), (np.int64(1699), np.int64(455)), (np.int64(2088), np.int64(455)), (np.int64(2478), np.int64(455))]
2025-10-21 14:32:27 [TRACE] 【坐标太近】视为重复
2025-10-21 14:32:27 [TRACE] 【没有通过的坐标】开始下一轮
2025-10-21 14:32:27 [TRACE] 【本轮的坐标】：(np.int64(2477), np.int64(456)) ------------
2025-10-21 14:32:27 [TRACE] 【已点击过的坐标】：[(-10, -10), (np.int64(1309), np.int64(455)), (np.int64(1699), np.int64(455)), (np.int64(2088), np.int64(455)), (np.int64(2478), np.int64(455))]
2025-10-21 14:32:27 [TRACE] 【坐标太近】视为重复
2025-10-21 14:32:27 [TRACE] 【没有通过的坐标】开始下一轮
2025-10-21 14:32:27 [TRACE] 【本轮的坐标】：(np.int64(2478), np.int64(456)) ------------
2025-10-21 14:32:27 [TRACE] 【已点击过的坐标】：[(-10, -10), (np.int64(1309), np.int64(455)), (np.int64(1699), np.int64(455)), (np.int64(2088), np.int64(455)), (np.int64(2478), np.int64(455))]
2025-10-21 14:32:27 [TRACE] 【坐标太近】视为重复
2025-10-21 14:32:27 [TRACE] 【没有通过的坐标】开始下一轮
2025-10-21 14:32:27 [TRACE] 【本轮的坐标】：(np.int64(2479), np.int64(456)) ------------
2025-10-21 14:32:27 [TRACE] 【已点击过的坐标】：[(-10, -10), (np.int64(1309), np.int64(455)), (np.int64(1699), np.int64(455)), (np.int64(2088), np.int64(455)), (np.int64(2478), np.int64(455))]
2025-10-21 14:32:27 [TRACE] 【坐标太近】视为重复
2025-10-21 14:32:27 [TRACE] 【没有通过的坐标】开始下一轮
2025-10-21 14:32:27 [TRACE] 【本轮的坐标】：(np.int64(1309), np.int64(457)) ------------
2025-10-21 14:32:27 [TRACE] 【已点击过的坐标】：[(-10, -10), (np.int64(1309), np.int64(455)), (np.int64(1699), np.int64(455)), (np.int64(2088), np.int64(455)), (np.int64(2478), np.int64(455))]
2025-10-21 14:32:27 [TRACE] 【坐标太近】视为重复
2025-10-21 14:32:27 [TRACE] 【没有通过的坐标】开始下一轮
2025-10-21 14:32:27 [TRACE] 【本轮的坐标】：(np.int64(1698), np.int64(457)) ------------
2025-10-21 14:32:27 [TRACE] 【已点击过的坐标】：[(-10, -10), (np.int64(1309), np.int64(455)), (np.int64(1699), np.int64(455)), (np.int64(2088), np.int64(455)), (np.int64(2478), np.int64(455))]
2025-10-21 14:32:27 [TRACE] 【坐标太近】视为重复
2025-10-21 14:32:27 [TRACE] 【没有通过的坐标】开始下一轮
2025-10-21 14:32:27 [TRACE] 【本轮的坐标】：(np.int64(1699), np.int64(457)) ------------
2025-10-21 14:32:27 [TRACE] 【已点击过的坐标】：[(-10, -10), (np.int64(1309), np.int64(455)), (np.int64(1699), np.int64(455)), (np.int64(2088), np.int64(455)), (np.int64(2478), np.int64(455))]
2025-10-21 14:32:27 [TRACE] 【坐标太近】视为重复
2025-10-21 14:32:27 [TRACE] 【没有通过的坐标】开始下一轮
2025-10-21 14:32:27 [TRACE] 【本轮的坐标】：(np.int64(2088), np.int64(457)) ------------
2025-10-21 14:32:27 [TRACE] 【已点击过的坐标】：[(-10, -10), (np.int64(1309), np.int64(455)), (np.int64(1699), np.int64(455)), (np.int64(2088), np.int64(455)), (np.int64(2478), np.int64(455))]
2025-10-21 14:32:27 [TRACE] 【坐标太近】视为重复
2025-10-21 14:32:27 [TRACE] 【没有通过的坐标】开始下一轮
2025-10-21 14:32:27 [TRACE] 【本轮的坐标】：(np.int64(2478), np.int64(457)) ------------
2025-10-21 14:32:27 [TRACE] 【已点击过的坐标】：[(-10, -10), (np.int64(1309), np.int64(455)), (np.int64(1699), np.int64(455)), (np.int64(2088), np.int64(455)), (np.int64(2478), np.int64(455))]
2025-10-21 14:32:27 [TRACE] 【坐标太近】视为重复
2025-10-21 14:32:27 [TRACE] 【没有通过的坐标】开始下一轮
2025-10-21 14:32:27 [TRACE] 【完成所有点击】有效次数：4
2025-10-21 14:32:28 [TRACE] 【目标检测】微调超时，无法对齐！
2025-10-21 14:32:30 [TRACE] 【目标检测】目标存在，但置信度不足
2025-10-21 14:32:31 [TRACE] 【目标检测】屏幕内没有目标
2025-10-21 14:32:32 [TRACE] 【目标检测】屏幕内没有目标
2025-10-21 14:32:34 [TRACE] 【状态】搜索模式：C:\Users\gelon\Desktop\ZA-Lite\assets/images/hollow\resonium.png 置信度：1.0
2025-10-21 14:32:35 [TRACE] 【目标出现】C:\Users\gelon\Desktop\ZA-Lite\assets/images/hollow\resonium.png 置信度：1.0
2025-10-21 14:32:35 [TRACE] 【本轮的坐标】：(np.int64(1309), np.int64(455)) ------------
2025-10-21 14:32:35 [TRACE] 【已点击过的坐标】：[(-10, -10)]
2025-10-21 14:32:35 [TRACE] 【成功点击】
2025-10-21 14:32:35 [TRACE] 【目标检测】目标存在，但置信度不足
2025-10-21 14:32:35 [TRACE] 【本轮的坐标】：(np.int64(1310), np.int64(455)) ------------
2025-10-21 14:32:35 [TRACE] 【已点击过的坐标】：[(-10, -10), (np.int64(1309), np.int64(455))]
2025-10-21 14:32:35 [TRACE] 【坐标太近】视为重复
2025-10-21 14:32:35 [TRACE] 【没有通过的坐标】开始下一轮
2025-10-21 14:32:35 [TRACE] 【本轮的坐标】：(np.int64(1699), np.int64(455)) ------------
2025-10-21 14:32:35 [TRACE] 【已点击过的坐标】：[(-10, -10), (np.int64(1309), np.int64(455))]
2025-10-21 14:32:35 [TRACE] 【成功点击】
2025-10-21 14:32:36 [TRACE] 【本轮的坐标】：(np.int64(2088), np.int64(455)) ------------
2025-10-21 14:32:36 [TRACE] 【已点击过的坐标】：[(-10, -10), (np.int64(1309), np.int64(455)), (np.int64(1699), np.int64(455))]
2025-10-21 14:32:36 [TRACE] 【成功点击】
2025-10-21 14:32:36 [TRACE] 【目标检测】目标存在，但置信度不足
2025-10-21 14:32:37 [TRACE] 【本轮的坐标】：(np.int64(2089), np.int64(455)) ------------
2025-10-21 14:32:37 [TRACE] 【已点击过的坐标】：[(-10, -10), (np.int64(1309), np.int64(455)), (np.int64(1699), np.int64(455)), (np.int64(2088), np.int64(455))]
2025-10-21 14:32:37 [TRACE] 【坐标太近】视为重复
2025-10-21 14:32:37 [TRACE] 【没有通过的坐标】开始下一轮
2025-10-21 14:32:37 [TRACE] 【本轮的坐标】：(np.int64(2478), np.int64(455)) ------------
2025-10-21 14:32:37 [TRACE] 【已点击过的坐标】：[(-10, -10), (np.int64(1309), np.int64(455)), (np.int64(1699), np.int64(455)), (np.int64(2088), np.int64(455))]
2025-10-21 14:32:37 [TRACE] 【成功点击】
2025-10-21 14:32:38 [TRACE] 【本轮的坐标】：(np.int64(1308), np.int64(456)) ------------
2025-10-21 14:32:38 [TRACE] 【已点击过的坐标】：[(-10, -10), (np.int64(1309), np.int64(455)), (np.int64(1699), np.int64(455)), (np.int64(2088), np.int64(455)), (np.int64(2478), np.int64(455))]
2025-10-21 14:32:38 [TRACE] 【坐标太近】视为重复
2025-10-21 14:32:38 [TRACE] 【没有通过的坐标】开始下一轮
2025-10-21 14:32:38 [TRACE] 【本轮的坐标】：(np.int64(1309), np.int64(456)) ------------
2025-10-21 14:32:38 [TRACE] 【已点击过的坐标】：[(-10, -10), (np.int64(1309), np.int64(455)), (np.int64(1699), np.int64(455)), (np.int64(2088), np.int64(455)), (np.int64(2478), np.int64(455))]
2025-10-21 14:32:38 [TRACE] 【坐标太近】视为重复
2025-10-21 14:32:38 [TRACE] 【没有通过的坐标】开始下一轮
2025-10-21 14:32:38 [TRACE] 【本轮的坐标】：(np.int64(1310), np.int64(456)) ------------
2025-10-21 14:32:38 [TRACE] 【已点击过的坐标】：[(-10, -10), (np.int64(1309), np.int64(455)), (np.int64(1699), np.int64(455)), (np.int64(2088), np.int64(455)), (np.int64(2478), np.int64(455))]
2025-10-21 14:32:38 [TRACE] 【坐标太近】视为重复
2025-10-21 14:32:38 [TRACE] 【没有通过的坐标】开始下一轮
2025-10-21 14:32:38 [TRACE] 【本轮的坐标】：(np.int64(1698), np.int64(456)) ------------
2025-10-21 14:32:38 [TRACE] 【已点击过的坐标】：[(-10, -10), (np.int64(1309), np.int64(455)), (np.int64(1699), np.int64(455)), (np.int64(2088), np.int64(455)), (np.int64(2478), np.int64(455))]
2025-10-21 14:32:38 [TRACE] 【坐标太近】视为重复
2025-10-21 14:32:38 [TRACE] 【没有通过的坐标】开始下一轮
2025-10-21 14:32:38 [TRACE] 【本轮的坐标】：(np.int64(1699), np.int64(456)) ------------
2025-10-21 14:32:38 [TRACE] 【已点击过的坐标】：[(-10, -10), (np.int64(1309), np.int64(455)), (np.int64(1699), np.int64(455)), (np.int64(2088), np.int64(455)), (np.int64(2478), np.int64(455))]
2025-10-21 14:32:38 [TRACE] 【坐标太近】视为重复
2025-10-21 14:32:38 [TRACE] 【没有通过的坐标】开始下一轮
2025-10-21 14:32:38 [TRACE] 【本轮的坐标】：(np.int64(1700), np.int64(456)) ------------
2025-10-21 14:32:38 [TRACE] 【已点击过的坐标】：[(-10, -10), (np.int64(1309), np.int64(455)), (np.int64(1699), np.int64(455)), (np.int64(2088), np.int64(455)), (np.int64(2478), np.int64(455))]
2025-10-21 14:32:38 [TRACE] 【坐标太近】视为重复
2025-10-21 14:32:38 [TRACE] 【没有通过的坐标】开始下一轮
2025-10-21 14:32:38 [TRACE] 【本轮的坐标】：(np.int64(2087), np.int64(456)) ------------
2025-10-21 14:32:38 [TRACE] 【已点击过的坐标】：[(-10, -10), (np.int64(1309), np.int64(455)), (np.int64(1699), np.int64(455)), (np.int64(2088), np.int64(455)), (np.int64(2478), np.int64(455))]
2025-10-21 14:32:38 [TRACE] 【坐标太近】视为重复
2025-10-21 14:32:38 [TRACE] 【没有通过的坐标】开始下一轮
2025-10-21 14:32:38 [TRACE] 【本轮的坐标】：(np.int64(2088), np.int64(456)) ------------
2025-10-21 14:32:38 [TRACE] 【已点击过的坐标】：[(-10, -10), (np.int64(1309), np.int64(455)), (np.int64(1699), np.int64(455)), (np.int64(2088), np.int64(455)), (np.int64(2478), np.int64(455))]
2025-10-21 14:32:38 [TRACE] 【坐标太近】视为重复
2025-10-21 14:32:38 [TRACE] 【没有通过的坐标】开始下一轮
2025-10-21 14:32:38 [TRACE] 【本轮的坐标】：(np.int64(2089), np.int64(456)) ------------
2025-10-21 14:32:38 [TRACE] 【已点击过的坐标】：[(-10, -10), (np.int64(1309), np.int64(455)), (np.int64(1699), np.int64(455)), (np.int64(2088), np.int64(455)), (np.int64(2478), np.int64(455))]
2025-10-21 14:32:38 [TRACE] 【坐标太近】视为重复
2025-10-21 14:32:38 [TRACE] 【没有通过的坐标】开始下一轮
2025-10-21 14:32:38 [TRACE] 【本轮的坐标】：(np.int64(2090), np.int64(456)) ------------
2025-10-21 14:32:38 [TRACE] 【已点击过的坐标】：[(-10, -10), (np.int64(1309), np.int64(455)), (np.int64(1699), np.int64(455)), (np.int64(2088), np.int64(455)), (np.int64(2478), np.int64(455))]
2025-10-21 14:32:38 [TRACE] 【坐标太近】视为重复
2025-10-21 14:32:38 [TRACE] 【没有通过的坐标】开始下一轮
2025-10-21 14:32:38 [TRACE] 【本轮的坐标】：(np.int64(2477), np.int64(456)) ------------
2025-10-21 14:32:38 [TRACE] 【已点击过的坐标】：[(-10, -10), (np.int64(1309), np.int64(455)), (np.int64(1699), np.int64(455)), (np.int64(2088), np.int64(455)), (np.int64(2478), np.int64(455))]
2025-10-21 14:32:38 [TRACE] 【坐标太近】视为重复
2025-10-21 14:32:38 [TRACE] 【没有通过的坐标】开始下一轮
2025-10-21 14:32:38 [TRACE] 【本轮的坐标】：(np.int64(2478), np.int64(456)) ------------
2025-10-21 14:32:38 [TRACE] 【已点击过的坐标】：[(-10, -10), (np.int64(1309), np.int64(455)), (np.int64(1699), np.int64(455)), (np.int64(2088), np.int64(455)), (np.int64(2478), np.int64(455))]
2025-10-21 14:32:38 [TRACE] 【坐标太近】视为重复
2025-10-21 14:32:38 [TRACE] 【没有通过的坐标】开始下一轮
2025-10-21 14:32:38 [TRACE] 【本轮的坐标】：(np.int64(2479), np.int64(456)) ------------
2025-10-21 14:32:38 [TRACE] 【已点击过的坐标】：[(-10, -10), (np.int64(1309), np.int64(455)), (np.int64(1699), np.int64(455)), (np.int64(2088), np.int64(455)), (np.int64(2478), np.int64(455))]
2025-10-21 14:32:38 [TRACE] 【坐标太近】视为重复
2025-10-21 14:32:38 [TRACE] 【没有通过的坐标】开始下一轮
2025-10-21 14:32:38 [TRACE] 【本轮的坐标】：(np.int64(1309), np.int64(457)) ------------
2025-10-21 14:32:38 [TRACE] 【已点击过的坐标】：[(-10, -10), (np.int64(1309), np.int64(455)), (np.int64(1699), np.int64(455)), (np.int64(2088), np.int64(455)), (np.int64(2478), np.int64(455))]
2025-10-21 14:32:38 [TRACE] 【坐标太近】视为重复
2025-10-21 14:32:38 [TRACE] 【没有通过的坐标】开始下一轮
2025-10-21 14:32:38 [TRACE] 【本轮的坐标】：(np.int64(1698), np.int64(457)) ------------
2025-10-21 14:32:38 [TRACE] 【已点击过的坐标】：[(-10, -10), (np.int64(1309), np.int64(455)), (np.int64(1699), np.int64(455)), (np.int64(2088), np.int64(455)), (np.int64(2478), np.int64(455))]
2025-10-21 14:32:38 [TRACE] 【坐标太近】视为重复
2025-10-21 14:32:38 [TRACE] 【没有通过的坐标】开始下一轮
2025-10-21 14:32:38 [TRACE] 【本轮的坐标】：(np.int64(1699), np.int64(457)) ------------
2025-10-21 14:32:38 [TRACE] 【已点击过的坐标】：[(-10, -10), (np.int64(1309), np.int64(455)), (np.int64(1699), np.int64(455)), (np.int64(2088), np.int64(455)), (np.int64(2478), np.int64(455))]
2025-10-21 14:32:38 [TRACE] 【坐标太近】视为重复
2025-10-21 14:32:38 [TRACE] 【没有通过的坐标】开始下一轮
2025-10-21 14:32:38 [TRACE] 【本轮的坐标】：(np.int64(2088), np.int64(457)) ------------
2025-10-21 14:32:38 [TRACE] 【已点击过的坐标】：[(-10, -10), (np.int64(1309), np.int64(455)), (np.int64(1699), np.int64(455)), (np.int64(2088), np.int64(455)), (np.int64(2478), np.int64(455))]
2025-10-21 14:32:38 [TRACE] 【坐标太近】视为重复
2025-10-21 14:32:38 [TRACE] 【没有通过的坐标】开始下一轮
2025-10-21 14:32:38 [TRACE] 【本轮的坐标】：(np.int64(2478), np.int64(457)) ------------
2025-10-21 14:32:38 [TRACE] 【已点击过的坐标】：[(-10, -10), (np.int64(1309), np.int64(455)), (np.int64(1699), np.int64(455)), (np.int64(2088), np.int64(455)), (np.int64(2478), np.int64(455))]
2025-10-21 14:32:38 [TRACE] 【坐标太近】视为重复
2025-10-21 14:32:38 [TRACE] 【没有通过的坐标】开始下一轮
2025-10-21 14:32:38 [TRACE] 【完成所有点击】有效次数：4
2025-10-21 14:32:39 [TRACE] 【目标检测】目标存在，但置信度不足
2025-10-21 14:32:40 [TRACE] 【目标检测】目标存在，但置信度不足
2025-10-21 14:32:41 [TRACE] 【目标检测】目标存在，但置信度不足
2025-10-21 14:32:46 [TRACE] 【状态】搜索模式：C:\Users\gelon\Desktop\ZA-Lite\assets/images/hollow\next_area.png 置信度：0.9999999403953552
2025-10-21 14:32:48 [TRACE] 【目标检测】微调超时，无法对齐！
2025-10-21 14:32:50 [TRACE] 【目标检测】目标存在，但置信度不足
2025-10-21 14:32:56 [TRACE] 【状态】搜索模式：C:\Users\gelon\Desktop\ZA-Lite\assets/images/hollow\meter.png 置信度：0.9552283883094788
2025-10-21 14:32:56 [TRACE] 【目标检测】TRAPPED！ 类型：guide_point 置信度：0.9060353636741638
2025-10-21 14:33:03 [TRACE] 【目标检测】屏幕内没有目标
2025-10-21 14:33:05 [TRACE] 【目标检测】屏幕内没有目标
2025-10-21 14:33:05 [TRACE] 【空洞监听】无匹配已持续：0秒
2025-10-21 14:33:06 [TRACE] 【目标检测】屏幕内没有目标
2025-10-21 14:33:08 [TRACE] 【目标检测】屏幕内没有目标
2025-10-21 14:33:10 [TRACE] 【目标检测】屏幕内没有目标
2025-10-21 14:33:13 [TRACE] 【状态】战斗模式：正在受到攻击
2025-10-21 14:33:13 [TRACE] 【目标检测】屏幕内没有目标
2025-10-21 14:33:19 [TRACE] 【空洞监听】无匹配已持续：0秒
2025-10-21 14:33:26 [TRACE] 【状态】战斗模式：正在受到攻击
2025-10-21 14:33:33 [TRACE] 【空洞监听】无匹配已持续：0秒
2025-10-21 14:33:39 [TRACE] 【状态】战斗模式：正在受到攻击
2025-10-21 14:33:43 [TRACE] 【状态】战斗模式：C:\Users\gelon\Desktop\ZA-Lite\assets/images/hollow\battle_5.png 置信度：0.9839697480201721
2025-10-21 14:33:53 [TRACE] 【空洞监听】无匹配已持续：0秒
2025-10-21 14:34:00 [TRACE] 【空洞监听】无匹配已持续：6秒
2025-10-21 14:34:07 [TRACE] 【空洞监听】无匹配已持续：13秒
2025-10-21 14:34:11 [TRACE] 【状态】战斗模式：C:\Users\gelon\Desktop\ZA-Lite\assets/images/hollow\battle_5.png 置信度：0.9802324771881104
2025-10-21 14:34:21 [TRACE] 【空洞监听】无匹配已持续：0秒
2025-10-21 14:34:25 [TRACE] 【状态】战斗模式：C:\Users\gelon\Desktop\ZA-Lite\assets/images/hollow\battle_5.png 置信度：0.9750173091888428
2025-10-21 14:34:35 [TRACE] 【空洞监听】无匹配已持续：0秒
2025-10-21 14:34:39 [TRACE] 【状态】战斗模式：C:\Users\gelon\Desktop\ZA-Lite\assets/images/hollow\battle_5.png 置信度：0.9832349419593811
2025-10-21 14:34:46 [TRACE] 【状态】战斗模式：C:\Users\gelon\Desktop\ZA-Lite\assets/images/hollow\battle_5.png 置信度：0.9835828542709351
2025-10-21 14:34:53 [TRACE] 【状态】战斗模式：C:\Users\gelon\Desktop\ZA-Lite\assets/images/hollow\battle_5.png 置信度：0.9700887799263
2025-10-21 14:35:03 [TRACE] 【空洞监听】无匹配已持续：0秒
2025-10-21 14:35:11 [TRACE] 【状态】搜索模式：C:\Users\gelon\Desktop\ZA-Lite\assets/images/hollow\gear.png 置信度：1.0
2025-10-21 14:35:12 [TRACE] 【目标检测】屏幕内没有目标
2025-10-21 14:35:13 [TRACE] 【目标检测】屏幕内没有目标
2025-10-21 14:35:15 [TRACE] 【目标检测】屏幕内没有目标
2025-10-21 14:35:16 [TRACE] 【目标检测】屏幕内没有目标
2025-10-21 14:35:18 [TRACE] 【状态】搜索模式：C:\Users\gelon\Desktop\ZA-Lite\assets/images/hollow\resonium.png 置信度：0.9999998807907104
2025-10-21 14:35:18 [TRACE] 【目标出现】C:\Users\gelon\Desktop\ZA-Lite\assets/images/hollow\resonium.png 置信度：1.0
2025-10-21 14:35:18 [TRACE] 【本轮的坐标】：(np.int64(1174), np.int64(475)) ------------
2025-10-21 14:35:18 [TRACE] 【已点击过的坐标】：[(-10, -10)]
2025-10-21 14:35:18 [TRACE] 【成功点击】
2025-10-21 14:35:19 [TRACE] 【本轮的坐标】：(np.int64(1581), np.int64(475)) ------------
2025-10-21 14:35:19 [TRACE] 【已点击过的坐标】：[(-10, -10), (np.int64(1174), np.int64(475))]
2025-10-21 14:35:19 [TRACE] 【成功点击】
2025-10-21 14:35:19 [TRACE] 【目标检测】目标存在，但置信度不足
2025-10-21 14:35:19 [TRACE] 【本轮的坐标】：(np.int64(1582), np.int64(475)) ------------
2025-10-21 14:35:19 [TRACE] 【已点击过的坐标】：[(-10, -10), (np.int64(1174), np.int64(475)), (np.int64(1581), np.int64(475))]
2025-10-21 14:35:19 [TRACE] 【坐标太近】视为重复
2025-10-21 14:35:19 [TRACE] 【没有通过的坐标】开始下一轮
2025-10-21 14:35:19 [TRACE] 【本轮的坐标】：(np.int64(1988), np.int64(475)) ------------
2025-10-21 14:35:19 [TRACE] 【已点击过的坐标】：[(-10, -10), (np.int64(1174), np.int64(475)), (np.int64(1581), np.int64(475))]
2025-10-21 14:35:19 [TRACE] 【成功点击】
2025-10-21 14:35:20 [TRACE] 【本轮的坐标】：(np.int64(1989), np.int64(475)) ------------
2025-10-21 14:35:20 [TRACE] 【已点击过的坐标】：[(-10, -10), (np.int64(1174), np.int64(475)), (np.int64(1581), np.int64(475)), (np.int64(1988), np.int64(475))]
2025-10-21 14:35:20 [TRACE] 【坐标太近】视为重复
2025-10-21 14:35:20 [TRACE] 【没有通过的坐标】开始下一轮
2025-10-21 14:35:20 [TRACE] 【本轮的坐标】：(np.int64(1173), np.int64(476)) ------------
2025-10-21 14:35:20 [TRACE] 【已点击过的坐标】：[(-10, -10), (np.int64(1174), np.int64(475)), (np.int64(1581), np.int64(475)), (np.int64(1988), np.int64(475))]
2025-10-21 14:35:20 [TRACE] 【坐标太近】视为重复
2025-10-21 14:35:20 [TRACE] 【没有通过的坐标】开始下一轮
2025-10-21 14:35:20 [TRACE] 【本轮的坐标】：(np.int64(1174), np.int64(476)) ------------
2025-10-21 14:35:20 [TRACE] 【已点击过的坐标】：[(-10, -10), (np.int64(1174), np.int64(475)), (np.int64(1581), np.int64(475)), (np.int64(1988), np.int64(475))]
2025-10-21 14:35:20 [TRACE] 【坐标太近】视为重复
2025-10-21 14:35:20 [TRACE] 【没有通过的坐标】开始下一轮
2025-10-21 14:35:20 [TRACE] 【本轮的坐标】：(np.int64(1175), np.int64(476)) ------------
2025-10-21 14:35:20 [TRACE] 【已点击过的坐标】：[(-10, -10), (np.int64(1174), np.int64(475)), (np.int64(1581), np.int64(475)), (np.int64(1988), np.int64(475))]
2025-10-21 14:35:20 [TRACE] 【坐标太近】视为重复
2025-10-21 14:35:20 [TRACE] 【没有通过的坐标】开始下一轮
2025-10-21 14:35:20 [TRACE] 【本轮的坐标】：(np.int64(1580), np.int64(476)) ------------
2025-10-21 14:35:20 [TRACE] 【已点击过的坐标】：[(-10, -10), (np.int64(1174), np.int64(475)), (np.int64(1581), np.int64(475)), (np.int64(1988), np.int64(475))]
2025-10-21 14:35:20 [TRACE] 【坐标太近】视为重复
2025-10-21 14:35:20 [TRACE] 【没有通过的坐标】开始下一轮
2025-10-21 14:35:20 [TRACE] 【本轮的坐标】：(np.int64(1581), np.int64(476)) ------------
2025-10-21 14:35:20 [TRACE] 【已点击过的坐标】：[(-10, -10), (np.int64(1174), np.int64(475)), (np.int64(1581), np.int64(475)), (np.int64(1988), np.int64(475))]
2025-10-21 14:35:20 [TRACE] 【坐标太近】视为重复
2025-10-21 14:35:20 [TRACE] 【没有通过的坐标】开始下一轮
2025-10-21 14:35:20 [TRACE] 【本轮的坐标】：(np.int64(1582), np.int64(476)) ------------
2025-10-21 14:35:20 [TRACE] 【已点击过的坐标】：[(-10, -10), (np.int64(1174), np.int64(475)), (np.int64(1581), np.int64(475)), (np.int64(1988), np.int64(475))]
2025-10-21 14:35:20 [TRACE] 【坐标太近】视为重复
2025-10-21 14:35:20 [TRACE] 【没有通过的坐标】开始下一轮
2025-10-21 14:35:20 [TRACE] 【本轮的坐标】：(np.int64(1987), np.int64(476)) ------------
2025-10-21 14:35:20 [TRACE] 【已点击过的坐标】：[(-10, -10), (np.int64(1174), np.int64(475)), (np.int64(1581), np.int64(475)), (np.int64(1988), np.int64(475))]
2025-10-21 14:35:20 [TRACE] 【坐标太近】视为重复
2025-10-21 14:35:20 [TRACE] 【没有通过的坐标】开始下一轮
2025-10-21 14:35:20 [TRACE] 【本轮的坐标】：(np.int64(1988), np.int64(476)) ------------
2025-10-21 14:35:20 [TRACE] 【已点击过的坐标】：[(-10, -10), (np.int64(1174), np.int64(475)), (np.int64(1581), np.int64(475)), (np.int64(1988), np.int64(475))]
2025-10-21 14:35:20 [TRACE] 【坐标太近】视为重复
2025-10-21 14:35:20 [TRACE] 【没有通过的坐标】开始下一轮
2025-10-21 14:35:20 [TRACE] 【本轮的坐标】：(np.int64(1989), np.int64(476)) ------------
2025-10-21 14:35:20 [TRACE] 【已点击过的坐标】：[(-10, -10), (np.int64(1174), np.int64(475)), (np.int64(1581), np.int64(475)), (np.int64(1988), np.int64(475))]
2025-10-21 14:35:20 [TRACE] 【坐标太近】视为重复
2025-10-21 14:35:20 [TRACE] 【没有通过的坐标】开始下一轮
2025-10-21 14:35:20 [TRACE] 【本轮的坐标】：(np.int64(1990), np.int64(476)) ------------
2025-10-21 14:35:20 [TRACE] 【已点击过的坐标】：[(-10, -10), (np.int64(1174), np.int64(475)), (np.int64(1581), np.int64(475)), (np.int64(1988), np.int64(475))]
2025-10-21 14:35:20 [TRACE] 【坐标太近】视为重复
2025-10-21 14:35:20 [TRACE] 【没有通过的坐标】开始下一轮
2025-10-21 14:35:20 [TRACE] 【本轮的坐标】：(np.int64(1174), np.int64(477)) ------------
2025-10-21 14:35:20 [TRACE] 【已点击过的坐标】：[(-10, -10), (np.int64(1174), np.int64(475)), (np.int64(1581), np.int64(475)), (np.int64(1988), np.int64(475))]
2025-10-21 14:35:20 [TRACE] 【坐标太近】视为重复
2025-10-21 14:35:20 [TRACE] 【没有通过的坐标】开始下一轮
2025-10-21 14:35:20 [TRACE] 【本轮的坐标】：(np.int64(1581), np.int64(477)) ------------
2025-10-21 14:35:20 [TRACE] 【已点击过的坐标】：[(-10, -10), (np.int64(1174), np.int64(475)), (np.int64(1581), np.int64(475)), (np.int64(1988), np.int64(475))]
2025-10-21 14:35:20 [TRACE] 【坐标太近】视为重复
2025-10-21 14:35:20 [TRACE] 【没有通过的坐标】开始下一轮
2025-10-21 14:35:20 [TRACE] 【本轮的坐标】：(np.int64(1988), np.int64(477)) ------------
2025-10-21 14:35:20 [TRACE] 【已点击过的坐标】：[(-10, -10), (np.int64(1174), np.int64(475)), (np.int64(1581), np.int64(475)), (np.int64(1988), np.int64(475))]
2025-10-21 14:35:20 [TRACE] 【坐标太近】视为重复
2025-10-21 14:35:20 [TRACE] 【没有通过的坐标】开始下一轮
2025-10-21 14:35:20 [TRACE] 【完成所有点击】有效次数：3
2025-10-21 14:35:21 [TRACE] 【目标检测】目标存在，但置信度不足
2025-10-21 14:35:22 [TRACE] 【目标检测】屏幕内没有目标
2025-10-21 14:35:25 [TRACE] 【目标检测】目标存在，但置信度不足
2025-10-21 14:35:26 [TRACE] 【目标检测】目标存在，但置信度不足
2025-10-21 14:35:29 [TRACE] 【目标检测】目标存在，但置信度不足
2025-10-21 14:35:31 [TRACE] 【目标检测】目标存在，但置信度不足
2025-10-21 14:35:32 [TRACE] 【目标检测】屏幕内没有目标
2025-10-21 14:35:34 [TRACE] 【目标检测】屏幕内没有目标
2025-10-21 14:35:35 [TRACE] 【空洞监听】无匹配已持续：0秒
2025-10-21 14:35:35 [TRACE] 【目标检测】屏幕内没有目标
2025-10-21 14:35:36 [TRACE] 【状态】搜索模式：C:\Users\gelon\Desktop\ZA-Lite\assets/images/hollow\battle_end_boss.png 置信度：0.9999361634254456
2025-10-21 14:35:36 [TRACE] 【目标检测】目标存在，但置信度不足
2025-10-21 14:35:39 [TRACE] 【目标检测】屏幕内没有目标
2025-10-21 14:35:42 [TRACE] 【目标检测】屏幕内没有目标
2025-10-21 14:35:43 [TRACE] 【目标检测】屏幕内没有目标
2025-10-21 14:35:45 [TRACE] 【目标检测】屏幕内没有目标
2025-10-21 14:35:47 [TRACE] 【目标检测】屏幕内没有目标
2025-10-21 14:35:49 [TRACE] 【空洞监听】无匹配已持续：0秒
2025-10-21 14:35:50 [TRACE] 【目标检测】TRAPPED！ 类型：interact 置信度：0.9004514217376709
2025-10-21 14:35:57 [TRACE] 【目标检测】屏幕内没有目标
2025-10-21 14:35:57 [TRACE] 【空洞监听】无匹配已持续：7秒
2025-10-21 14:35:58 [TRACE] 【目标检测】屏幕内没有目标
2025-10-21 14:36:00 [TRACE] 【目标检测】屏幕内没有目标
2025-10-21 14:36:01 [TRACE] 【目标检测】屏幕内没有目标
2025-10-21 14:36:03 [TRACE] 【目标检测】屏幕内没有目标
2025-10-21 14:36:06 [TRACE] 【目标检测】屏幕内没有目标
2025-10-21 14:36:07 [TRACE] 【目标检测】屏幕内没有目标
2025-10-21 14:36:09 [TRACE] 【目标检测】TRAPPED！ 类型：interact 置信度：0.9467241168022156
2025-10-21 14:36:15 [TRACE] 【目标检测】TRAPPED！ 类型：interact 置信度：0.8847087025642395
2025-10-21 14:36:18 [TRACE] 【空洞监听】无匹配已持续：0秒
2025-10-21 14:36:21 [TRACE] 【目标检测】屏幕内没有目标
2025-10-21 14:36:23 [TRACE] 【目标检测】屏幕内没有目标
2025-10-21 14:36:24 [TRACE] 【目标检测】屏幕内没有目标
2025-10-21 14:36:26 [TRACE] 【目标检测】屏幕内没有目标
2025-10-21 14:36:27 [TRACE] 【目标检测】屏幕内没有目标
2025-10-21 14:36:30 [TRACE] 【目标检测】TRAPPED！ 类型：interact 置信度：0.9149153232574463
2025-10-21 14:36:36 [TRACE] 【目标检测】TRAPPED！ 类型：interact 置信度：0.9296106100082397
2025-10-21 14:36:40 [TRACE] 【空洞监听】无匹配已持续：0秒
2025-10-21 14:36:43 [TRACE] 【目标检测】屏幕内没有目标
2025-10-21 14:36:44 [TRACE] 【目标检测】屏幕内没有目标
2025-10-21 14:36:46 [TRACE] 【目标检测】屏幕内没有目标
2025-10-21 14:36:47 [TRACE] 【目标检测】屏幕内没有目标
2025-10-21 14:36:49 [TRACE] 【目标检测】屏幕内没有目标
2025-10-21 14:36:51 [TRACE] 【目标检测】TRAPPED！ 类型：interact 置信度：0.920842170715332
2025-10-21 14:36:57 [TRACE] 【目标检测】TRAPPED！ 类型：interact 置信度：0.8995879292488098
2025-10-21 14:37:01 [TRACE] 【空洞监听】无匹配已持续：0秒
2025-10-21 14:37:02 [TRACE] 【状态】搜索模式：C:\Users\gelon\Desktop\ZA-Lite\assets/images/hollow\gear.png 置信度：0.999715268611908
2025-10-21 14:37:04 [TRACE] 【目标检测】屏幕内没有目标
2025-10-21 14:37:05 [TRACE] 【目标检测】屏幕内没有目标
2025-10-21 14:37:07 [TRACE] 【目标检测】屏幕内没有目标
2025-10-21 14:37:09 [TRACE] 【目标检测】屏幕内没有目标
2025-10-21 14:37:10 [TRACE] 【状态】搜索模式：C:\Users\gelon\Desktop\ZA-Lite\assets/images/hollow\next_area.png 置信度：0.999999463558197
2025-10-21 14:37:12 [TRACE] 【目标检测】TRAPPED！ 类型：blue_portal 置信度：0.9118650555610657
2025-10-21 14:37:18 [TRACE] 【目标检测】TRAPPED！ 类型：blue_portal 置信度：0.9669399261474609
2025-10-21 14:37:23 [TRACE] 【空洞监听】无匹配已持续：0秒
2025-10-21 14:37:25 [TRACE] 【目标检测】TRAPPED！ 类型：blue_portal 置信度：0.9627774953842163
2025-10-21 14:37:30 [TRACE] 【空洞监听】无匹配已持续：7秒
2025-10-21 14:37:32 [TRACE] 【目标检测】TRAPPED！ 类型：blue_portal 置信度：0.9405554533004761
2025-10-21 14:37:36 [TRACE] 【空洞监听】无匹配已持续：13秒
2025-10-21 14:37:39 [TRACE] 【目标检测】屏幕内没有目标
2025-10-21 14:37:40 [TRACE] 【目标检测】屏幕内没有目标
2025-10-21 14:37:42 [TRACE] 【目标检测】屏幕内没有目标
2025-10-21 14:37:44 [TRACE] 【目标检测】屏幕内没有目标
2025-10-21 14:37:44 [TRACE] 【空洞监听】无匹配已持续：20秒
2025-10-21 14:37:46 [TRACE] 【目标检测】屏幕内没有目标
2025-10-21 14:37:49 [TRACE] 【状态】战斗模式：C:\Users\gelon\Desktop\ZA-Lite\assets/images/hollow\battle_5.png 置信度：0.9644947052001953
2025-10-21 14:37:49 [TRACE] 【目标检测】屏幕内没有目标
2025-10-21 14:37:59 [TRACE] 【状态】战斗模式：正在受到攻击
2025-10-21 14:38:06 [TRACE] 【空洞监听】无匹配已持续：0秒
2025-10-21 14:38:13 [TRACE] 【空洞监听】无匹配已持续：7秒
2025-10-21 14:38:17 [TRACE] 【状态】战斗模式：C:\Users\gelon\Desktop\ZA-Lite\assets/images/hollow\battle_5.png 置信度：0.9808748364448547
2025-10-21 14:38:30 [TRACE] 【状态】搜索模式：C:\Users\gelon\Desktop\ZA-Lite\assets/images/hollow\next_area.png 置信度：0.999999463558197
2025-10-21 14:38:38 [TRACE] 【目标检测】微调超时，无法对齐！
2025-10-21 14:38:42 [TRACE] 【目标检测】TRAPPED！ 类型：guide_point 置信度：0.898865282535553
2025-10-21 14:38:44 [TRACE] 【空洞监听】无匹配已持续：0秒
2025-10-21 14:38:49 [TRACE] 【目标检测】屏幕内没有目标
2025-10-21 14:38:50 [TRACE] 【目标检测】屏幕内没有目标
2025-10-21 14:38:50 [TRACE] 【空洞监听】无匹配已持续：6秒
2025-10-21 14:38:52 [TRACE] 【目标检测】屏幕内没有目标
2025-10-21 14:38:53 [TRACE] 【目标检测】屏幕内没有目标
2025-10-21 14:38:57 [TRACE] 【目标检测】TRAPPED！ 类型：interact 置信度：0.9138956665992737
2025-10-21 14:38:59 [TRACE] 【空洞监听】无匹配已持续：15秒
2025-10-21 14:39:04 [TRACE] 【目标检测】屏幕内没有目标
2025-10-21 14:39:05 [TRACE] 【目标检测】屏幕内没有目标
2025-10-21 14:39:07 [TRACE] 【目标检测】屏幕内没有目标
2025-10-21 14:39:08 [TRACE] 【目标检测】屏幕内没有目标
2025-10-21 14:39:10 [TRACE] 【目标检测】屏幕内没有目标
2025-10-21 14:39:12 [TRACE] 【目标检测】屏幕内没有目标
2025-10-21 14:39:14 [TRACE] 【目标检测】屏幕内没有目标
2025-10-21 14:39:15 [TRACE] 【目标检测】屏幕内没有目标
2025-10-21 14:39:17 [TRACE] 【目标检测】屏幕内没有目标
2025-10-21 14:39:18 [TRACE] 【目标检测】屏幕内没有目标
2025-10-21 14:39:21 [TRACE] 【目标检测】屏幕内没有目标
2025-10-21 14:39:22 [TRACE] 【目标检测】屏幕内没有目标
2025-10-21 14:39:24 [TRACE] 【目标检测】屏幕内没有目标
2025-10-21 14:39:25 [TRACE] 【目标检测】屏幕内没有目标
2025-10-21 14:39:27 [TRACE] 【目标检测】屏幕内没有目标
2025-10-21 14:39:29 [TRACE] 【目标检测】屏幕内没有目标
2025-10-21 14:39:31 [TRACE] 【目标检测】屏幕内没有目标
2025-10-21 14:39:32 [TRACE] 【目标检测】屏幕内没有目标
2025-10-21 14:39:34 [TRACE] 【目标检测】屏幕内没有目标
2025-10-21 14:39:35 [TRACE] 【目标检测】屏幕内没有目标
2025-10-21 14:39:38 [TRACE] 【目标检测】屏幕内没有目标
2025-10-21 14:39:44 [TRACE] 【目标检测】TRAPPED！ 类型：guide_point 置信度：0.7569519281387329
2025-10-21 14:39:49 [TRACE] 【空洞监听】无匹配已持续：0秒
2025-10-21 14:39:52 [TRACE] 【目标检测】屏幕内没有目标
2025-10-21 14:39:54 [TRACE] 【目标检测】屏幕内没有目标
2025-10-21 14:39:55 [TRACE] 【目标检测】屏幕内没有目标
2025-10-21 14:39:56 [TRACE] 【目标检测】屏幕内没有目标
2025-10-21 14:39:58 [TRACE] 【目标检测】屏幕内没有目标
2025-10-21 14:40:01 [TRACE] 【状态】战斗模式：C:\Users\gelon\Desktop\ZA-Lite\assets/images/hollow\battle_4.png 置信度：0.9999995827674866
2025-10-21 14:40:01 [TRACE] 【目标检测】屏幕内没有目标
2025-10-21 14:40:12 [TRACE] 【空洞监听】无匹配已持续：0秒
2025-10-21 14:40:19 [TRACE] 【空洞监听】无匹配已持续：7秒
2025-10-21 14:40:26 [TRACE] 【空洞监听】无匹配已持续：14秒
2025-10-21 14:40:30 [TRACE] 【状态】搜索模式：C:\Users\gelon\Desktop\ZA-Lite\assets/images/hollow\meter.png 置信度：0.9183353185653687
2025-10-21 14:40:31 [TRACE] 【目标检测】屏幕内没有目标
2025-10-21 14:40:34 [TRACE] 【目标检测】屏幕内没有目标
2025-10-21 14:40:37 [TRACE] 【目标检测】屏幕内没有目标
2025-10-21 14:40:39 [TRACE] 【目标检测】屏幕内没有目标
2025-10-21 14:40:41 [TRACE] 【状态】搜索模式：C:\Users\gelon\Desktop\ZA-Lite\assets/images/hollow\gear.png 置信度：0.9999998211860657
2025-10-21 14:40:42 [TRACE] 【目标检测】屏幕内没有目标
2025-10-21 14:40:43 [TRACE] 【目标检测】屏幕内没有目标
2025-10-21 14:40:45 [TRACE] 【目标检测】屏幕内没有目标
2025-10-21 14:40:46 [TRACE] 【目标检测】屏幕内没有目标
2025-10-21 14:40:47 [TRACE] 【目标检测】屏幕内没有目标
2025-10-21 14:40:49 [TRACE] 【状态】搜索模式：C:\Users\gelon\Desktop\ZA-Lite\assets/images/hollow\gear.png 置信度：0.9810004234313965
2025-10-21 14:40:50 [TRACE] 【目标检测】屏幕内没有目标
2025-10-21 14:40:52 [TRACE] 【目标检测】屏幕内没有目标
2025-10-21 14:40:53 [TRACE] 【目标检测】屏幕内没有目标
2025-10-21 14:40:55 [TRACE] 【目标检测】屏幕内没有目标
2025-10-21 14:40:56 [TRACE] 【目标检测】屏幕内没有目标
2025-10-21 14:40:57 [TRACE] 【状态】搜索模式：C:\Users\gelon\Desktop\ZA-Lite\assets/images/hollow\next_area.png 置信度：0.999999463558197
2025-10-21 14:41:03 [TRACE] 【目标检测】微调超时，无法对齐！
2025-10-21 14:41:05 [TRACE] 【目标检测】目标存在，但置信度不足
2025-10-21 14:41:07 [TRACE] 【目标检测】屏幕内没有目标
2025-10-21 14:41:09 [TRACE] 【目标检测】屏幕内没有目标
2025-10-21 14:41:11 [TRACE] 【空洞监听】无匹配已持续：0秒
2025-10-21 14:41:11 [TRACE] 【目标检测】屏幕内没有目标
2025-10-21 14:41:13 [TRACE] 【目标检测】屏幕内没有目标
2025-10-21 14:41:14 [TRACE] 【目标检测】屏幕内没有目标
2025-10-21 14:41:18 [TRACE] 【空洞监听】无匹配已持续：7秒
2025-10-21 14:41:24 [TRACE] 【目标检测】TRAPPED！ 类型：blue_portal 置信度：0.8600148558616638
2025-10-21 14:41:26 [TRACE] 【空洞监听】无匹配已持续：15秒
2025-10-21 14:41:31 [TRACE] 【目标检测】屏幕内没有目标
2025-10-21 14:41:32 [TRACE] 【目标检测】屏幕内没有目标
2025-10-21 14:41:33 [TRACE] 【空洞监听】无匹配已持续：22秒
2025-10-21 14:41:34 [TRACE] 【目标检测】屏幕内没有目标
2025-10-21 14:41:36 [TRACE] 【目标检测】屏幕内没有目标
2025-10-21 14:41:37 [TRACE] 【目标检测】屏幕内没有目标
2025-10-21 14:41:40 [TRACE] 【空洞监听】无匹配已持续：29秒
2025-10-21 14:41:46 [TRACE] 【目标检测】TRAPPED！ 类型：interact 置信度：0.8855270147323608
2025-10-21 14:41:47 [TRACE] 【空洞监听】无匹配已持续：36秒
2025-10-21 14:41:53 [TRACE] 【目标检测】屏幕内没有目标
2025-10-21 14:41:54 [TRACE] 【目标检测】目标存在，但置信度不足
2025-10-21 14:41:55 [TRACE] 【状态】搜索模式：C:\Users\gelon\Desktop\ZA-Lite\assets/images/hollow\resonium.png 置信度：1.0
2025-10-21 14:41:55 [TRACE] 【目标出现】C:\Users\gelon\Desktop\ZA-Lite\assets/images/hollow\resonium.png 置信度：0.9999996423721313
2025-10-21 14:41:55 [TRACE] 【本轮的坐标】：(np.int64(1387), np.int64(455)) ------------
2025-10-21 14:41:55 [TRACE] 【已点击过的坐标】：[(-10, -10)]
2025-10-21 14:41:55 [TRACE] 【成功点击】
2025-10-21 14:41:55 [TRACE] 【目标检测】目标存在，但置信度不足
2025-10-21 14:41:56 [TRACE] 【本轮的坐标】：(np.int64(1776), np.int64(455)) ------------
2025-10-21 14:41:56 [TRACE] 【已点击过的坐标】：[(-10, -10), (np.int64(1387), np.int64(455))]
2025-10-21 14:41:56 [TRACE] 【成功点击】
2025-10-21 14:41:56 [TRACE] 【目标检测】目标存在，但置信度不足
2025-10-21 14:41:57 [TRACE] 【本轮的坐标】：(np.int64(1777), np.int64(455)) ------------
2025-10-21 14:41:57 [TRACE] 【已点击过的坐标】：[(-10, -10), (np.int64(1387), np.int64(455)), (np.int64(1776), np.int64(455))]
2025-10-21 14:41:57 [TRACE] 【坐标太近】视为重复
2025-10-21 14:41:57 [TRACE] 【没有通过的坐标】开始下一轮
2025-10-21 14:41:57 [TRACE] 【本轮的坐标】：(np.int64(2166), np.int64(455)) ------------
2025-10-21 14:41:57 [TRACE] 【已点击过的坐标】：[(-10, -10), (np.int64(1387), np.int64(455)), (np.int64(1776), np.int64(455))]
2025-10-21 14:41:57 [TRACE] 【成功点击】
2025-10-21 14:41:57 [TRACE] 【本轮的坐标】：(np.int64(1386), np.int64(456)) ------------
2025-10-21 14:41:57 [TRACE] 【已点击过的坐标】：[(-10, -10), (np.int64(1387), np.int64(455)), (np.int64(1776), np.int64(455)), (np.int64(2166), np.int64(455))]
2025-10-21 14:41:57 [TRACE] 【坐标太近】视为重复
2025-10-21 14:41:57 [TRACE] 【没有通过的坐标】开始下一轮
2025-10-21 14:41:57 [TRACE] 【本轮的坐标】：(np.int64(1387), np.int64(456)) ------------
2025-10-21 14:41:57 [TRACE] 【已点击过的坐标】：[(-10, -10), (np.int64(1387), np.int64(455)), (np.int64(1776), np.int64(455)), (np.int64(2166), np.int64(455))]
2025-10-21 14:41:57 [TRACE] 【坐标太近】视为重复
2025-10-21 14:41:57 [TRACE] 【没有通过的坐标】开始下一轮
2025-10-21 14:41:57 [TRACE] 【本轮的坐标】：(np.int64(1388), np.int64(456)) ------------
2025-10-21 14:41:57 [TRACE] 【已点击过的坐标】：[(-10, -10), (np.int64(1387), np.int64(455)), (np.int64(1776), np.int64(455)), (np.int64(2166), np.int64(455))]
2025-10-21 14:41:57 [TRACE] 【坐标太近】视为重复
2025-10-21 14:41:57 [TRACE] 【没有通过的坐标】开始下一轮
2025-10-21 14:41:57 [TRACE] 【本轮的坐标】：(np.int64(1775), np.int64(456)) ------------
2025-10-21 14:41:57 [TRACE] 【已点击过的坐标】：[(-10, -10), (np.int64(1387), np.int64(455)), (np.int64(1776), np.int64(455)), (np.int64(2166), np.int64(455))]
2025-10-21 14:41:57 [TRACE] 【坐标太近】视为重复
2025-10-21 14:41:57 [TRACE] 【没有通过的坐标】开始下一轮
2025-10-21 14:41:57 [TRACE] 【本轮的坐标】：(np.int64(1776), np.int64(456)) ------------
2025-10-21 14:41:57 [TRACE] 【已点击过的坐标】：[(-10, -10), (np.int64(1387), np.int64(455)), (np.int64(1776), np.int64(455)), (np.int64(2166), np.int64(455))]
2025-10-21 14:41:57 [TRACE] 【坐标太近】视为重复
2025-10-21 14:41:57 [TRACE] 【没有通过的坐标】开始下一轮
2025-10-21 14:41:57 [TRACE] 【本轮的坐标】：(np.int64(1777), np.int64(456)) ------------
2025-10-21 14:41:57 [TRACE] 【已点击过的坐标】：[(-10, -10), (np.int64(1387), np.int64(455)), (np.int64(1776), np.int64(455)), (np.int64(2166), np.int64(455))]
2025-10-21 14:41:57 [TRACE] 【坐标太近】视为重复
2025-10-21 14:41:57 [TRACE] 【没有通过的坐标】开始下一轮
2025-10-21 14:41:57 [TRACE] 【本轮的坐标】：(np.int64(1778), np.int64(456)) ------------
2025-10-21 14:41:57 [TRACE] 【已点击过的坐标】：[(-10, -10), (np.int64(1387), np.int64(455)), (np.int64(1776), np.int64(455)), (np.int64(2166), np.int64(455))]
2025-10-21 14:41:57 [TRACE] 【坐标太近】视为重复
2025-10-21 14:41:57 [TRACE] 【没有通过的坐标】开始下一轮
2025-10-21 14:41:57 [TRACE] 【本轮的坐标】：(np.int64(2165), np.int64(456)) ------------
2025-10-21 14:41:57 [TRACE] 【已点击过的坐标】：[(-10, -10), (np.int64(1387), np.int64(455)), (np.int64(1776), np.int64(455)), (np.int64(2166), np.int64(455))]
2025-10-21 14:41:57 [TRACE] 【坐标太近】视为重复
2025-10-21 14:41:57 [TRACE] 【没有通过的坐标】开始下一轮
2025-10-21 14:41:57 [TRACE] 【本轮的坐标】：(np.int64(2166), np.int64(456)) ------------
2025-10-21 14:41:57 [TRACE] 【已点击过的坐标】：[(-10, -10), (np.int64(1387), np.int64(455)), (np.int64(1776), np.int64(455)), (np.int64(2166), np.int64(455))]
2025-10-21 14:41:57 [TRACE] 【坐标太近】视为重复
2025-10-21 14:41:57 [TRACE] 【没有通过的坐标】开始下一轮
2025-10-21 14:41:57 [TRACE] 【本轮的坐标】：(np.int64(2167), np.int64(456)) ------------
2025-10-21 14:41:57 [TRACE] 【已点击过的坐标】：[(-10, -10), (np.int64(1387), np.int64(455)), (np.int64(1776), np.int64(455)), (np.int64(2166), np.int64(455))]
2025-10-21 14:41:57 [TRACE] 【坐标太近】视为重复
2025-10-21 14:41:57 [TRACE] 【没有通过的坐标】开始下一轮
2025-10-21 14:41:57 [TRACE] 【本轮的坐标】：(np.int64(1386), np.int64(457)) ------------
2025-10-21 14:41:57 [TRACE] 【已点击过的坐标】：[(-10, -10), (np.int64(1387), np.int64(455)), (np.int64(1776), np.int64(455)), (np.int64(2166), np.int64(455))]
2025-10-21 14:41:57 [TRACE] 【坐标太近】视为重复
2025-10-21 14:41:57 [TRACE] 【没有通过的坐标】开始下一轮
2025-10-21 14:41:57 [TRACE] 【本轮的坐标】：(np.int64(1387), np.int64(457)) ------------
2025-10-21 14:41:57 [TRACE] 【已点击过的坐标】：[(-10, -10), (np.int64(1387), np.int64(455)), (np.int64(1776), np.int64(455)), (np.int64(2166), np.int64(455))]
2025-10-21 14:41:57 [TRACE] 【坐标太近】视为重复
2025-10-21 14:41:57 [TRACE] 【没有通过的坐标】开始下一轮
2025-10-21 14:41:57 [TRACE] 【本轮的坐标】：(np.int64(1776), np.int64(457)) ------------
2025-10-21 14:41:57 [TRACE] 【已点击过的坐标】：[(-10, -10), (np.int64(1387), np.int64(455)), (np.int64(1776), np.int64(455)), (np.int64(2166), np.int64(455))]
2025-10-21 14:41:57 [TRACE] 【坐标太近】视为重复
2025-10-21 14:41:57 [TRACE] 【没有通过的坐标】开始下一轮
2025-10-21 14:41:57 [TRACE] 【本轮的坐标】：(np.int64(2166), np.int64(457)) ------------
2025-10-21 14:41:57 [TRACE] 【已点击过的坐标】：[(-10, -10), (np.int64(1387), np.int64(455)), (np.int64(1776), np.int64(455)), (np.int64(2166), np.int64(455))]
2025-10-21 14:41:57 [TRACE] 【坐标太近】视为重复
2025-10-21 14:41:57 [TRACE] 【没有通过的坐标】开始下一轮
2025-10-21 14:41:57 [TRACE] 【完成所有点击】有效次数：3
2025-10-21 14:41:58 [TRACE] 【目标检测】目标存在，但置信度不足
2025-10-21 14:41:58 [TRACE] 【状态】搜索模式：C:\Users\gelon\Desktop\ZA-Lite\assets/images/hollow\card.png 置信度：0.986535906791687
2025-10-21 14:41:59 [TRACE] 【目标检测】目标存在，但置信度不足
2025-10-21 14:42:00 [TRACE] 【目标检测】目标存在，但置信度不足
2025-10-21 14:42:01 [TRACE] 【目标检测】屏幕内没有目标
2025-10-21 14:42:03 [TRACE] 【目标检测】屏幕内没有目标
2025-10-21 14:42:04 [TRACE] 【目标检测】目标存在，但置信度不足
2025-10-21 14:42:04 [TRACE] 【状态】搜索模式：C:\Users\gelon\Desktop\ZA-Lite\assets/images/hollow\resonium.png 置信度：0.9999998807907104
2025-10-21 14:42:05 [TRACE] 【目标出现】C:\Users\gelon\Desktop\ZA-Lite\assets/images/hollow\resonium.png 置信度：0.9999998807907104
2025-10-21 14:42:05 [TRACE] 【本轮的坐标】：(np.int64(1387), np.int64(455)) ------------
2025-10-21 14:42:05 [TRACE] 【已点击过的坐标】：[(-10, -10)]
2025-10-21 14:42:05 [TRACE] 【成功点击】
2025-10-21 14:42:05 [TRACE] 【目标检测】目标存在，但置信度不足
2025-10-21 14:42:05 [TRACE] 【本轮的坐标】：(np.int64(1776), np.int64(455)) ------------
2025-10-21 14:42:05 [TRACE] 【已点击过的坐标】：[(-10, -10), (np.int64(1387), np.int64(455))]
2025-10-21 14:42:05 [TRACE] 【成功点击】
2025-10-21 14:42:06 [TRACE] 【本轮的坐标】：(np.int64(1777), np.int64(455)) ------------
2025-10-21 14:42:06 [TRACE] 【已点击过的坐标】：[(-10, -10), (np.int64(1387), np.int64(455)), (np.int64(1776), np.int64(455))]
2025-10-21 14:42:06 [TRACE] 【坐标太近】视为重复
2025-10-21 14:42:06 [TRACE] 【没有通过的坐标】开始下一轮
2025-10-21 14:42:06 [TRACE] 【本轮的坐标】：(np.int64(2166), np.int64(455)) ------------
2025-10-21 14:42:06 [TRACE] 【已点击过的坐标】：[(-10, -10), (np.int64(1387), np.int64(455)), (np.int64(1776), np.int64(455))]
2025-10-21 14:42:06 [TRACE] 【成功点击】
2025-10-21 14:42:06 [TRACE] 【目标检测】目标存在，但置信度不足
2025-10-21 14:42:07 [TRACE] 【本轮的坐标】：(np.int64(1386), np.int64(456)) ------------
2025-10-21 14:42:07 [TRACE] 【已点击过的坐标】：[(-10, -10), (np.int64(1387), np.int64(455)), (np.int64(1776), np.int64(455)), (np.int64(2166), np.int64(455))]
2025-10-21 14:42:07 [TRACE] 【坐标太近】视为重复
2025-10-21 14:42:07 [TRACE] 【没有通过的坐标】开始下一轮
2025-10-21 14:42:07 [TRACE] 【本轮的坐标】：(np.int64(1387), np.int64(456)) ------------
2025-10-21 14:42:07 [TRACE] 【已点击过的坐标】：[(-10, -10), (np.int64(1387), np.int64(455)), (np.int64(1776), np.int64(455)), (np.int64(2166), np.int64(455))]
2025-10-21 14:42:07 [TRACE] 【坐标太近】视为重复
2025-10-21 14:42:07 [TRACE] 【没有通过的坐标】开始下一轮
2025-10-21 14:42:07 [TRACE] 【本轮的坐标】：(np.int64(1388), np.int64(456)) ------------
2025-10-21 14:42:07 [TRACE] 【已点击过的坐标】：[(-10, -10), (np.int64(1387), np.int64(455)), (np.int64(1776), np.int64(455)), (np.int64(2166), np.int64(455))]
2025-10-21 14:42:07 [TRACE] 【坐标太近】视为重复
2025-10-21 14:42:07 [TRACE] 【没有通过的坐标】开始下一轮
2025-10-21 14:42:07 [TRACE] 【本轮的坐标】：(np.int64(1775), np.int64(456)) ------------
2025-10-21 14:42:07 [TRACE] 【已点击过的坐标】：[(-10, -10), (np.int64(1387), np.int64(455)), (np.int64(1776), np.int64(455)), (np.int64(2166), np.int64(455))]
2025-10-21 14:42:07 [TRACE] 【坐标太近】视为重复
2025-10-21 14:42:07 [TRACE] 【没有通过的坐标】开始下一轮
2025-10-21 14:42:07 [TRACE] 【本轮的坐标】：(np.int64(1776), np.int64(456)) ------------
2025-10-21 14:42:07 [TRACE] 【已点击过的坐标】：[(-10, -10), (np.int64(1387), np.int64(455)), (np.int64(1776), np.int64(455)), (np.int64(2166), np.int64(455))]
2025-10-21 14:42:07 [TRACE] 【坐标太近】视为重复
2025-10-21 14:42:07 [TRACE] 【没有通过的坐标】开始下一轮
2025-10-21 14:42:07 [TRACE] 【本轮的坐标】：(np.int64(1777), np.int64(456)) ------------
2025-10-21 14:42:07 [TRACE] 【已点击过的坐标】：[(-10, -10), (np.int64(1387), np.int64(455)), (np.int64(1776), np.int64(455)), (np.int64(2166), np.int64(455))]
2025-10-21 14:42:07 [TRACE] 【坐标太近】视为重复
2025-10-21 14:42:07 [TRACE] 【没有通过的坐标】开始下一轮
2025-10-21 14:42:07 [TRACE] 【本轮的坐标】：(np.int64(1778), np.int64(456)) ------------
2025-10-21 14:42:07 [TRACE] 【已点击过的坐标】：[(-10, -10), (np.int64(1387), np.int64(455)), (np.int64(1776), np.int64(455)), (np.int64(2166), np.int64(455))]
2025-10-21 14:42:07 [TRACE] 【坐标太近】视为重复
2025-10-21 14:42:07 [TRACE] 【没有通过的坐标】开始下一轮
2025-10-21 14:42:07 [TRACE] 【本轮的坐标】：(np.int64(2165), np.int64(456)) ------------
2025-10-21 14:42:07 [TRACE] 【已点击过的坐标】：[(-10, -10), (np.int64(1387), np.int64(455)), (np.int64(1776), np.int64(455)), (np.int64(2166), np.int64(455))]
2025-10-21 14:42:07 [TRACE] 【坐标太近】视为重复
2025-10-21 14:42:07 [TRACE] 【没有通过的坐标】开始下一轮
2025-10-21 14:42:07 [TRACE] 【本轮的坐标】：(np.int64(2166), np.int64(456)) ------------
2025-10-21 14:42:07 [TRACE] 【已点击过的坐标】：[(-10, -10), (np.int64(1387), np.int64(455)), (np.int64(1776), np.int64(455)), (np.int64(2166), np.int64(455))]
2025-10-21 14:42:07 [TRACE] 【坐标太近】视为重复
2025-10-21 14:42:07 [TRACE] 【没有通过的坐标】开始下一轮
2025-10-21 14:42:07 [TRACE] 【本轮的坐标】：(np.int64(2167), np.int64(456)) ------------
2025-10-21 14:42:07 [TRACE] 【已点击过的坐标】：[(-10, -10), (np.int64(1387), np.int64(455)), (np.int64(1776), np.int64(455)), (np.int64(2166), np.int64(455))]
2025-10-21 14:42:07 [TRACE] 【坐标太近】视为重复
2025-10-21 14:42:07 [TRACE] 【没有通过的坐标】开始下一轮
2025-10-21 14:42:07 [TRACE] 【本轮的坐标】：(np.int64(1386), np.int64(457)) ------------
2025-10-21 14:42:07 [TRACE] 【已点击过的坐标】：[(-10, -10), (np.int64(1387), np.int64(455)), (np.int64(1776), np.int64(455)), (np.int64(2166), np.int64(455))]
2025-10-21 14:42:07 [TRACE] 【坐标太近】视为重复
2025-10-21 14:42:07 [TRACE] 【没有通过的坐标】开始下一轮
2025-10-21 14:42:07 [TRACE] 【本轮的坐标】：(np.int64(1387), np.int64(457)) ------------
2025-10-21 14:42:07 [TRACE] 【已点击过的坐标】：[(-10, -10), (np.int64(1387), np.int64(455)), (np.int64(1776), np.int64(455)), (np.int64(2166), np.int64(455))]
2025-10-21 14:42:07 [TRACE] 【坐标太近】视为重复
2025-10-21 14:42:07 [TRACE] 【没有通过的坐标】开始下一轮
2025-10-21 14:42:07 [TRACE] 【本轮的坐标】：(np.int64(1776), np.int64(457)) ------------
2025-10-21 14:42:07 [TRACE] 【已点击过的坐标】：[(-10, -10), (np.int64(1387), np.int64(455)), (np.int64(1776), np.int64(455)), (np.int64(2166), np.int64(455))]
2025-10-21 14:42:07 [TRACE] 【坐标太近】视为重复
2025-10-21 14:42:07 [TRACE] 【没有通过的坐标】开始下一轮
2025-10-21 14:42:07 [TRACE] 【本轮的坐标】：(np.int64(2166), np.int64(457)) ------------
2025-10-21 14:42:07 [TRACE] 【已点击过的坐标】：[(-10, -10), (np.int64(1387), np.int64(455)), (np.int64(1776), np.int64(455)), (np.int64(2166), np.int64(455))]
2025-10-21 14:42:07 [TRACE] 【坐标太近】视为重复
2025-10-21 14:42:07 [TRACE] 【没有通过的坐标】开始下一轮
2025-10-21 14:42:07 [TRACE] 【完成所有点击】有效次数：3
2025-10-21 14:42:07 [TRACE] 【状态】搜索模式：C:\Users\gelon\Desktop\ZA-Lite\assets/images/hollow\card.png 置信度：0.98653644323349
2025-10-21 14:42:08 [TRACE] 【目标检测】目标存在，但置信度不足
2025-10-21 14:42:09 [TRACE] 【目标检测】目标存在，但置信度不足
2025-10-21 14:42:11 [TRACE] 【目标检测】目标存在，但置信度不足
2025-10-21 14:42:15 [TRACE] 【状态】搜索模式：C:\Users\gelon\Desktop\ZA-Lite\assets/images/hollow\next_area.png 置信度：0.9999993443489075
2025-10-21 14:42:19 [TRACE] 【目标检测】微调超时，无法对齐！
2025-10-21 14:42:26 [TRACE] 【目标检测】TRAPPED！ 类型：guide_point 置信度：0.9289175868034363
2025-10-21 14:42:29 [TRACE] 【空洞监听】无匹配已持续：0秒
2025-10-21 14:42:33 [TRACE] 【目标检测】屏幕内没有目标
2025-10-21 14:42:35 [TRACE] 【目标检测】屏幕内没有目标
2025-10-21 14:42:36 [TRACE] 【空洞监听】无匹配已持续：6秒
2025-10-21 14:42:36 [TRACE] 【目标检测】目标存在，但置信度不足
2025-10-21 14:42:38 [TRACE] 【目标检测】目标存在，但置信度不足
2025-10-21 14:42:40 [TRACE] 【目标检测】目标存在，但置信度不足
2025-10-21 14:42:41 [TRACE] 【目标检测】目标存在，但置信度不足
2025-10-21 14:42:43 [TRACE] 【目标检测】屏幕内没有目标
2025-10-21 14:42:44 [TRACE] 【目标检测】目标存在，但置信度不足
2025-10-21 14:42:46 [TRACE] 【目标检测】屏幕内没有目标
2025-10-21 14:42:47 [TRACE] 【目标检测】屏幕内没有目标
2025-10-21 14:42:47 [TRACE] 【状态】战斗模式：C:\Users\gelon\Desktop\ZA-Lite\assets/images/hollow\battle_3.png 置信度：0.9999997615814209
2025-10-21 14:42:59 [TRACE] 【空洞监听】无匹配已持续：0秒
2025-10-21 14:43:07 [TRACE] 【状态】搜索模式：C:\Users\gelon\Desktop\ZA-Lite\assets/images/hollow\resonium.png 置信度：0.9999998807907104
2025-10-21 14:43:07 [TRACE] 【目标出现】C:\Users\gelon\Desktop\ZA-Lite\assets/images/hollow\resonium.png 置信度：0.9999998807907104
2025-10-21 14:43:07 [TRACE] 【本轮的坐标】：(np.int64(971), np.int64(475)) ------------
2025-10-21 14:43:07 [TRACE] 【已点击过的坐标】：[(-10, -10)]
2025-10-21 14:43:07 [TRACE] 【成功点击】
2025-10-21 14:43:07 [TRACE] 【目标检测】目标存在，但置信度不足
2025-10-21 14:43:08 [TRACE] 【本轮的坐标】：(np.int64(1378), np.int64(475)) ------------
2025-10-21 14:43:08 [TRACE] 【已点击过的坐标】：[(-10, -10), (np.int64(971), np.int64(475))]
2025-10-21 14:43:08 [TRACE] 【成功点击】
2025-10-21 14:43:09 [TRACE] 【本轮的坐标】：(np.int64(1785), np.int64(475)) ------------
2025-10-21 14:43:09 [TRACE] 【已点击过的坐标】：[(-10, -10), (np.int64(971), np.int64(475)), (np.int64(1378), np.int64(475))]
2025-10-21 14:43:09 [TRACE] 【成功点击】
2025-10-21 14:43:09 [TRACE] 【目标检测】目标存在，但置信度不足
2025-10-21 14:43:09 [TRACE] 【本轮的坐标】：(np.int64(1786), np.int64(475)) ------------
2025-10-21 14:43:09 [TRACE] 【已点击过的坐标】：[(-10, -10), (np.int64(971), np.int64(475)), (np.int64(1378), np.int64(475)), (np.int64(1785), np.int64(475))]
2025-10-21 14:43:09 [TRACE] 【坐标太近】视为重复
2025-10-21 14:43:09 [TRACE] 【没有通过的坐标】开始下一轮
2025-10-21 14:43:09 [TRACE] 【本轮的坐标】：(np.int64(2192), np.int64(475)) ------------
2025-10-21 14:43:09 [TRACE] 【已点击过的坐标】：[(-10, -10), (np.int64(971), np.int64(475)), (np.int64(1378), np.int64(475)), (np.int64(1785), np.int64(475))]
2025-10-21 14:43:09 [TRACE] 【成功点击】
2025-10-21 14:43:10 [TRACE] 【本轮的坐标】：(np.int64(2193), np.int64(475)) ------------
2025-10-21 14:43:10 [TRACE] 【已点击过的坐标】：[(-10, -10), (np.int64(971), np.int64(475)), (np.int64(1378), np.int64(475)), (np.int64(1785), np.int64(475)), (np.int64(2192), np.int64(475))]
2025-10-21 14:43:10 [TRACE] 【坐标太近】视为重复
2025-10-21 14:43:10 [TRACE] 【没有通过的坐标】开始下一轮
2025-10-21 14:43:10 [TRACE] 【本轮的坐标】：(np.int64(970), np.int64(476)) ------------
2025-10-21 14:43:10 [TRACE] 【已点击过的坐标】：[(-10, -10), (np.int64(971), np.int64(475)), (np.int64(1378), np.int64(475)), (np.int64(1785), np.int64(475)), (np.int64(2192), np.int64(475))]
2025-10-21 14:43:10 [TRACE] 【坐标太近】视为重复
2025-10-21 14:43:10 [TRACE] 【没有通过的坐标】开始下一轮
2025-10-21 14:43:10 [TRACE] 【本轮的坐标】：(np.int64(971), np.int64(476)) ------------
2025-10-21 14:43:10 [TRACE] 【已点击过的坐标】：[(-10, -10), (np.int64(971), np.int64(475)), (np.int64(1378), np.int64(475)), (np.int64(1785), np.int64(475)), (np.int64(2192), np.int64(475))]
2025-10-21 14:43:10 [TRACE] 【坐标太近】视为重复
2025-10-21 14:43:10 [TRACE] 【没有通过的坐标】开始下一轮
2025-10-21 14:43:10 [TRACE] 【本轮的坐标】：(np.int64(972), np.int64(476)) ------------
2025-10-21 14:43:10 [TRACE] 【已点击过的坐标】：[(-10, -10), (np.int64(971), np.int64(475)), (np.int64(1378), np.int64(475)), (np.int64(1785), np.int64(475)), (np.int64(2192), np.int64(475))]
2025-10-21 14:43:10 [TRACE] 【坐标太近】视为重复
2025-10-21 14:43:10 [TRACE] 【没有通过的坐标】开始下一轮
2025-10-21 14:43:10 [TRACE] 【本轮的坐标】：(np.int64(1377), np.int64(476)) ------------
2025-10-21 14:43:10 [TRACE] 【已点击过的坐标】：[(-10, -10), (np.int64(971), np.int64(475)), (np.int64(1378), np.int64(475)), (np.int64(1785), np.int64(475)), (np.int64(2192), np.int64(475))]
2025-10-21 14:43:10 [TRACE] 【坐标太近】视为重复
2025-10-21 14:43:10 [TRACE] 【没有通过的坐标】开始下一轮
2025-10-21 14:43:10 [TRACE] 【本轮的坐标】：(np.int64(1378), np.int64(476)) ------------
2025-10-21 14:43:10 [TRACE] 【已点击过的坐标】：[(-10, -10), (np.int64(971), np.int64(475)), (np.int64(1378), np.int64(475)), (np.int64(1785), np.int64(475)), (np.int64(2192), np.int64(475))]
2025-10-21 14:43:10 [TRACE] 【坐标太近】视为重复
2025-10-21 14:43:10 [TRACE] 【没有通过的坐标】开始下一轮
2025-10-21 14:43:10 [TRACE] 【本轮的坐标】：(np.int64(1379), np.int64(476)) ------------
2025-10-21 14:43:10 [TRACE] 【已点击过的坐标】：[(-10, -10), (np.int64(971), np.int64(475)), (np.int64(1378), np.int64(475)), (np.int64(1785), np.int64(475)), (np.int64(2192), np.int64(475))]
2025-10-21 14:43:10 [TRACE] 【坐标太近】视为重复
2025-10-21 14:43:10 [TRACE] 【没有通过的坐标】开始下一轮
2025-10-21 14:43:10 [TRACE] 【本轮的坐标】：(np.int64(1784), np.int64(476)) ------------
2025-10-21 14:43:10 [TRACE] 【已点击过的坐标】：[(-10, -10), (np.int64(971), np.int64(475)), (np.int64(1378), np.int64(475)), (np.int64(1785), np.int64(475)), (np.int64(2192), np.int64(475))]
2025-10-21 14:43:10 [TRACE] 【坐标太近】视为重复
2025-10-21 14:43:10 [TRACE] 【没有通过的坐标】开始下一轮
2025-10-21 14:43:10 [TRACE] 【本轮的坐标】：(np.int64(1785), np.int64(476)) ------------
2025-10-21 14:43:10 [TRACE] 【已点击过的坐标】：[(-10, -10), (np.int64(971), np.int64(475)), (np.int64(1378), np.int64(475)), (np.int64(1785), np.int64(475)), (np.int64(2192), np.int64(475))]
2025-10-21 14:43:10 [TRACE] 【坐标太近】视为重复
2025-10-21 14:43:10 [TRACE] 【没有通过的坐标】开始下一轮
2025-10-21 14:43:10 [TRACE] 【本轮的坐标】：(np.int64(1786), np.int64(476)) ------------
2025-10-21 14:43:10 [TRACE] 【已点击过的坐标】：[(-10, -10), (np.int64(971), np.int64(475)), (np.int64(1378), np.int64(475)), (np.int64(1785), np.int64(475)), (np.int64(2192), np.int64(475))]
2025-10-21 14:43:10 [TRACE] 【坐标太近】视为重复
2025-10-21 14:43:10 [TRACE] 【没有通过的坐标】开始下一轮
2025-10-21 14:43:10 [TRACE] 【本轮的坐标】：(np.int64(2191), np.int64(476)) ------------
2025-10-21 14:43:10 [TRACE] 【已点击过的坐标】：[(-10, -10), (np.int64(971), np.int64(475)), (np.int64(1378), np.int64(475)), (np.int64(1785), np.int64(475)), (np.int64(2192), np.int64(475))]
2025-10-21 14:43:10 [TRACE] 【坐标太近】视为重复
2025-10-21 14:43:10 [TRACE] 【没有通过的坐标】开始下一轮
2025-10-21 14:43:10 [TRACE] 【本轮的坐标】：(np.int64(2192), np.int64(476)) ------------
2025-10-21 14:43:10 [TRACE] 【已点击过的坐标】：[(-10, -10), (np.int64(971), np.int64(475)), (np.int64(1378), np.int64(475)), (np.int64(1785), np.int64(475)), (np.int64(2192), np.int64(475))]
2025-10-21 14:43:10 [TRACE] 【坐标太近】视为重复
2025-10-21 14:43:10 [TRACE] 【没有通过的坐标】开始下一轮
2025-10-21 14:43:10 [TRACE] 【本轮的坐标】：(np.int64(2193), np.int64(476)) ------------
2025-10-21 14:43:10 [TRACE] 【已点击过的坐标】：[(-10, -10), (np.int64(971), np.int64(475)), (np.int64(1378), np.int64(475)), (np.int64(1785), np.int64(475)), (np.int64(2192), np.int64(475))]
2025-10-21 14:43:10 [TRACE] 【坐标太近】视为重复
2025-10-21 14:43:10 [TRACE] 【没有通过的坐标】开始下一轮
2025-10-21 14:43:10 [TRACE] 【本轮的坐标】：(np.int64(2194), np.int64(476)) ------------
2025-10-21 14:43:10 [TRACE] 【已点击过的坐标】：[(-10, -10), (np.int64(971), np.int64(475)), (np.int64(1378), np.int64(475)), (np.int64(1785), np.int64(475)), (np.int64(2192), np.int64(475))]
2025-10-21 14:43:10 [TRACE] 【坐标太近】视为重复
2025-10-21 14:43:10 [TRACE] 【没有通过的坐标】开始下一轮
2025-10-21 14:43:10 [TRACE] 【本轮的坐标】：(np.int64(970), np.int64(477)) ------------
2025-10-21 14:43:10 [TRACE] 【已点击过的坐标】：[(-10, -10), (np.int64(971), np.int64(475)), (np.int64(1378), np.int64(475)), (np.int64(1785), np.int64(475)), (np.int64(2192), np.int64(475))]
2025-10-21 14:43:10 [TRACE] 【坐标太近】视为重复
2025-10-21 14:43:10 [TRACE] 【没有通过的坐标】开始下一轮
2025-10-21 14:43:10 [TRACE] 【本轮的坐标】：(np.int64(971), np.int64(477)) ------------
2025-10-21 14:43:10 [TRACE] 【已点击过的坐标】：[(-10, -10), (np.int64(971), np.int64(475)), (np.int64(1378), np.int64(475)), (np.int64(1785), np.int64(475)), (np.int64(2192), np.int64(475))]
2025-10-21 14:43:10 [TRACE] 【坐标太近】视为重复
2025-10-21 14:43:10 [TRACE] 【没有通过的坐标】开始下一轮
2025-10-21 14:43:10 [TRACE] 【本轮的坐标】：(np.int64(1378), np.int64(477)) ------------
2025-10-21 14:43:10 [TRACE] 【已点击过的坐标】：[(-10, -10), (np.int64(971), np.int64(475)), (np.int64(1378), np.int64(475)), (np.int64(1785), np.int64(475)), (np.int64(2192), np.int64(475))]
2025-10-21 14:43:10 [TRACE] 【坐标太近】视为重复
2025-10-21 14:43:10 [TRACE] 【没有通过的坐标】开始下一轮
2025-10-21 14:43:10 [TRACE] 【本轮的坐标】：(np.int64(1785), np.int64(477)) ------------
2025-10-21 14:43:10 [TRACE] 【已点击过的坐标】：[(-10, -10), (np.int64(971), np.int64(475)), (np.int64(1378), np.int64(475)), (np.int64(1785), np.int64(475)), (np.int64(2192), np.int64(475))]
2025-10-21 14:43:10 [TRACE] 【坐标太近】视为重复
2025-10-21 14:43:10 [TRACE] 【没有通过的坐标】开始下一轮
2025-10-21 14:43:10 [TRACE] 【本轮的坐标】：(np.int64(2192), np.int64(477)) ------------
2025-10-21 14:43:10 [TRACE] 【已点击过的坐标】：[(-10, -10), (np.int64(971), np.int64(475)), (np.int64(1378), np.int64(475)), (np.int64(1785), np.int64(475)), (np.int64(2192), np.int64(475))]
2025-10-21 14:43:10 [TRACE] 【坐标太近】视为重复
2025-10-21 14:43:10 [TRACE] 【没有通过的坐标】开始下一轮
2025-10-21 14:43:10 [TRACE] 【完成所有点击】有效次数：4
2025-10-21 14:43:10 [TRACE] 【目标检测】目标存在，但置信度不足
2025-10-21 14:43:12 [TRACE] 【目标检测】目标存在，但置信度不足
2025-10-21 14:43:13 [TRACE] 【目标检测】目标存在，但置信度不足
2025-10-21 14:43:14 [TRACE] 【目标检测】目标存在，但置信度不足
2025-10-21 14:43:16 [TRACE] 【目标检测】目标存在，但置信度不足
2025-10-21 14:43:17 [TRACE] 【目标检测】屏幕内没有目标
2025-10-21 14:43:18 [TRACE] 【状态】搜索模式：C:\Users\gelon\Desktop\ZA-Lite\assets/images/hollow\gear.png 置信度：0.9999998211860657
2025-10-21 14:43:19 [TRACE] 【目标检测】屏幕内没有目标
2025-10-21 14:43:20 [TRACE] 【目标检测】屏幕内没有目标
2025-10-21 14:43:22 [TRACE] 【目标检测】屏幕内没有目标
2025-10-21 14:43:23 [TRACE] 【目标检测】屏幕内没有目标
2025-10-21 14:43:26 [TRACE] 【目标检测】屏幕内没有目标
2025-10-21 14:43:26 [TRACE] 【状态】搜索模式：C:\Users\gelon\Desktop\ZA-Lite\assets/images/hollow\gear.png 置信度：0.9810004234313965
2025-10-21 14:43:27 [TRACE] 【目标检测】目标存在，但置信度不足
2025-10-21 14:43:29 [TRACE] 【目标检测】屏幕内没有目标
2025-10-21 14:43:30 [TRACE] 【目标检测】目标存在，但置信度不足
2025-10-21 14:43:32 [TRACE] 【目标检测】屏幕内没有目标
2025-10-21 14:43:34 [TRACE] 【状态】搜索模式：C:\Users\gelon\Desktop\ZA-Lite\assets/images/hollow\next_area.png 置信度：0.9999996423721313
2025-10-21 14:43:37 [TRACE] 【目标检测】TRAPPED！ 类型：guide_point 置信度：0.852774441242218
2025-10-21 14:43:38 [TRACE] 【状态】搜索模式：C:\Users\gelon\Desktop\ZA-Lite\assets/images/hollow\meter.png 置信度：0.9313312768936157
2025-10-21 14:43:44 [TRACE] 【目标检测】屏幕内没有目标
2025-10-21 14:43:45 [TRACE] 【目标检测】屏幕内没有目标
2025-10-21 14:43:47 [TRACE] 【目标检测】屏幕内没有目标
2025-10-21 14:43:48 [TRACE] 【空洞监听】无匹配已持续：0秒
2025-10-21 14:43:49 [TRACE] 【目标检测】屏幕内没有目标
2025-10-21 14:43:50 [TRACE] 【目标检测】屏幕内没有目标
2025-10-21 14:43:54 [TRACE] 【目标检测】屏幕内没有目标
2025-10-21 14:43:55 [TRACE] 【目标检测】屏幕内没有目标
2025-10-21 14:43:55 [TRACE] 【空洞监听】无匹配已持续：7秒
2025-10-21 14:43:57 [TRACE] 【目标检测】屏幕内没有目标
2025-10-21 14:43:58 [TRACE] 【目标检测】屏幕内没有目标
2025-10-21 14:43:59 [TRACE] 【状态】战斗模式：C:\Users\gelon\Desktop\ZA-Lite\assets/images/hollow\battle_5.png 置信度：0.9708452224731445
2025-10-21 14:44:00 [TRACE] 【目标检测】屏幕内没有目标
2025-10-21 14:44:11 [TRACE] 【空洞监听】无匹配已持续：0秒
2025-10-21 14:44:18 [TRACE] 【空洞监听】无匹配已持续：6秒
2025-10-21 14:44:22 [TRACE] 【状态】战斗模式：C:\Users\gelon\Desktop\ZA-Lite\assets/images/hollow\battle_5.png 置信度：0.9611128568649292
2025-10-21 14:44:32 [TRACE] 【空洞监听】无匹配已持续：0秒
2025-10-21 14:44:39 [TRACE] 【空洞监听】无匹配已持续：7秒
2025-10-21 14:44:46 [TRACE] 【空洞监听】无匹配已持续：14秒
2025-10-21 14:44:53 [TRACE] 【空洞监听】无匹配已持续：21秒
2025-10-21 14:45:00 [TRACE] 【空洞监听】无匹配已持续：27秒
2025-10-21 14:45:06 [TRACE] 【空洞监听】无匹配已持续：34秒
2025-10-21 14:45:14 [TRACE] 【空洞监听】无匹配已持续：42秒
2025-10-21 14:45:21 [TRACE] 【空洞监听】无匹配已持续：49秒
2025-10-21 14:45:28 [TRACE] 【空洞监听】无匹配已持续：56秒
2025-10-21 14:45:35 [TRACE] 【状态】战斗模式：正在受到攻击
2025-10-21 14:45:42 [TRACE] 【空洞监听】无匹配已持续：0秒
2025-10-21 14:45:46 [TRACE] 【状态】战斗模式：C:\Users\gelon\Desktop\ZA-Lite\assets/images/hollow\battle_5.png 置信度：0.9832008481025696
2025-10-21 14:45:52 [TRACE] 【状态】战斗模式：C:\Users\gelon\Desktop\ZA-Lite\assets/images/hollow\battle_5.png 置信度：0.9771323204040527
2025-10-21 14:45:59 [TRACE] 【状态】战斗模式：C:\Users\gelon\Desktop\ZA-Lite\assets/images/hollow\battle_5.png 置信度：0.9776099324226379
2025-10-21 14:46:09 [TRACE] 【空洞监听】无匹配已持续：0秒
2025-10-21 14:46:10 [TRACE] 【状态】搜索模式：C:\Users\gelon\Desktop\ZA-Lite\assets/images/hollow\gear.png 置信度：1.0
2025-10-21 14:46:11 [TRACE] 【目标检测】屏幕内没有目标
2025-10-21 14:46:13 [TRACE] 【目标检测】目标存在，但置信度不足
2025-10-21 14:46:14 [TRACE] 【目标检测】屏幕内没有目标
2025-10-21 14:46:16 [TRACE] 【目标检测】屏幕内没有目标
2025-10-21 14:46:17 [TRACE] 【目标检测】目标存在，但置信度不足
2025-10-21 14:46:17 [TRACE] 【状态】搜索模式：C:\Users\gelon\Desktop\ZA-Lite\assets/images/hollow\resonium.png 置信度：0.9999996423721313
2025-10-21 14:46:17 [TRACE] 【目标出现】C:\Users\gelon\Desktop\ZA-Lite\assets/images/hollow\resonium.png 置信度：0.9999998807907104
2025-10-21 14:46:17 [TRACE] 【本轮的坐标】：(np.int64(1174), np.int64(475)) ------------
2025-10-21 14:46:17 [TRACE] 【已点击过的坐标】：[(-10, -10)]
2025-10-21 14:46:17 [TRACE] 【成功点击】
2025-10-21 14:46:18 [TRACE] 【本轮的坐标】：(np.int64(1581), np.int64(475)) ------------
2025-10-21 14:46:18 [TRACE] 【已点击过的坐标】：[(-10, -10), (np.int64(1174), np.int64(475))]
2025-10-21 14:46:18 [TRACE] 【成功点击】
2025-10-21 14:46:18 [TRACE] 【目标检测】屏幕内没有目标
2025-10-21 14:46:19 [TRACE] 【本轮的坐标】：(np.int64(1582), np.int64(475)) ------------
2025-10-21 14:46:19 [TRACE] 【已点击过的坐标】：[(-10, -10), (np.int64(1174), np.int64(475)), (np.int64(1581), np.int64(475))]
2025-10-21 14:46:19 [TRACE] 【坐标太近】视为重复
2025-10-21 14:46:19 [TRACE] 【没有通过的坐标】开始下一轮
2025-10-21 14:46:19 [TRACE] 【本轮的坐标】：(np.int64(1988), np.int64(475)) ------------
2025-10-21 14:46:19 [TRACE] 【已点击过的坐标】：[(-10, -10), (np.int64(1174), np.int64(475)), (np.int64(1581), np.int64(475))]
2025-10-21 14:46:19 [TRACE] 【成功点击】
2025-10-21 14:46:20 [TRACE] 【目标检测】目标存在，但置信度不足
2025-10-21 14:46:20 [TRACE] 【本轮的坐标】：(np.int64(1989), np.int64(475)) ------------
2025-10-21 14:46:20 [TRACE] 【已点击过的坐标】：[(-10, -10), (np.int64(1174), np.int64(475)), (np.int64(1581), np.int64(475)), (np.int64(1988), np.int64(475))]
2025-10-21 14:46:20 [TRACE] 【坐标太近】视为重复
2025-10-21 14:46:20 [TRACE] 【没有通过的坐标】开始下一轮
2025-10-21 14:46:20 [TRACE] 【本轮的坐标】：(np.int64(1173), np.int64(476)) ------------
2025-10-21 14:46:20 [TRACE] 【已点击过的坐标】：[(-10, -10), (np.int64(1174), np.int64(475)), (np.int64(1581), np.int64(475)), (np.int64(1988), np.int64(475))]
2025-10-21 14:46:20 [TRACE] 【坐标太近】视为重复
2025-10-21 14:46:20 [TRACE] 【没有通过的坐标】开始下一轮
2025-10-21 14:46:20 [TRACE] 【本轮的坐标】：(np.int64(1174), np.int64(476)) ------------
2025-10-21 14:46:20 [TRACE] 【已点击过的坐标】：[(-10, -10), (np.int64(1174), np.int64(475)), (np.int64(1581), np.int64(475)), (np.int64(1988), np.int64(475))]
2025-10-21 14:46:20 [TRACE] 【坐标太近】视为重复
2025-10-21 14:46:20 [TRACE] 【没有通过的坐标】开始下一轮
2025-10-21 14:46:20 [TRACE] 【本轮的坐标】：(np.int64(1175), np.int64(476)) ------------
2025-10-21 14:46:20 [TRACE] 【已点击过的坐标】：[(-10, -10), (np.int64(1174), np.int64(475)), (np.int64(1581), np.int64(475)), (np.int64(1988), np.int64(475))]
2025-10-21 14:46:20 [TRACE] 【坐标太近】视为重复
2025-10-21 14:46:20 [TRACE] 【没有通过的坐标】开始下一轮
2025-10-21 14:46:20 [TRACE] 【本轮的坐标】：(np.int64(1580), np.int64(476)) ------------
2025-10-21 14:46:20 [TRACE] 【已点击过的坐标】：[(-10, -10), (np.int64(1174), np.int64(475)), (np.int64(1581), np.int64(475)), (np.int64(1988), np.int64(475))]
2025-10-21 14:46:20 [TRACE] 【坐标太近】视为重复
2025-10-21 14:46:20 [TRACE] 【没有通过的坐标】开始下一轮
2025-10-21 14:46:20 [TRACE] 【本轮的坐标】：(np.int64(1581), np.int64(476)) ------------
2025-10-21 14:46:20 [TRACE] 【已点击过的坐标】：[(-10, -10), (np.int64(1174), np.int64(475)), (np.int64(1581), np.int64(475)), (np.int64(1988), np.int64(475))]
2025-10-21 14:46:20 [TRACE] 【坐标太近】视为重复
2025-10-21 14:46:20 [TRACE] 【没有通过的坐标】开始下一轮
2025-10-21 14:46:20 [TRACE] 【本轮的坐标】：(np.int64(1582), np.int64(476)) ------------
2025-10-21 14:46:20 [TRACE] 【已点击过的坐标】：[(-10, -10), (np.int64(1174), np.int64(475)), (np.int64(1581), np.int64(475)), (np.int64(1988), np.int64(475))]
2025-10-21 14:46:20 [TRACE] 【坐标太近】视为重复
2025-10-21 14:46:20 [TRACE] 【没有通过的坐标】开始下一轮
2025-10-21 14:46:20 [TRACE] 【本轮的坐标】：(np.int64(1987), np.int64(476)) ------------
2025-10-21 14:46:20 [TRACE] 【已点击过的坐标】：[(-10, -10), (np.int64(1174), np.int64(475)), (np.int64(1581), np.int64(475)), (np.int64(1988), np.int64(475))]
2025-10-21 14:46:20 [TRACE] 【坐标太近】视为重复
2025-10-21 14:46:20 [TRACE] 【没有通过的坐标】开始下一轮
2025-10-21 14:46:20 [TRACE] 【本轮的坐标】：(np.int64(1988), np.int64(476)) ------------
2025-10-21 14:46:20 [TRACE] 【已点击过的坐标】：[(-10, -10), (np.int64(1174), np.int64(475)), (np.int64(1581), np.int64(475)), (np.int64(1988), np.int64(475))]
2025-10-21 14:46:20 [TRACE] 【坐标太近】视为重复
2025-10-21 14:46:20 [TRACE] 【没有通过的坐标】开始下一轮
2025-10-21 14:46:20 [TRACE] 【本轮的坐标】：(np.int64(1989), np.int64(476)) ------------
2025-10-21 14:46:20 [TRACE] 【已点击过的坐标】：[(-10, -10), (np.int64(1174), np.int64(475)), (np.int64(1581), np.int64(475)), (np.int64(1988), np.int64(475))]
2025-10-21 14:46:20 [TRACE] 【坐标太近】视为重复
2025-10-21 14:46:20 [TRACE] 【没有通过的坐标】开始下一轮
2025-10-21 14:46:20 [TRACE] 【本轮的坐标】：(np.int64(1990), np.int64(476)) ------------
2025-10-21 14:46:20 [TRACE] 【已点击过的坐标】：[(-10, -10), (np.int64(1174), np.int64(475)), (np.int64(1581), np.int64(475)), (np.int64(1988), np.int64(475))]
2025-10-21 14:46:20 [TRACE] 【坐标太近】视为重复
2025-10-21 14:46:20 [TRACE] 【没有通过的坐标】开始下一轮
2025-10-21 14:46:20 [TRACE] 【本轮的坐标】：(np.int64(1174), np.int64(477)) ------------
2025-10-21 14:46:20 [TRACE] 【已点击过的坐标】：[(-10, -10), (np.int64(1174), np.int64(475)), (np.int64(1581), np.int64(475)), (np.int64(1988), np.int64(475))]
2025-10-21 14:46:20 [TRACE] 【坐标太近】视为重复
2025-10-21 14:46:20 [TRACE] 【没有通过的坐标】开始下一轮
2025-10-21 14:46:20 [TRACE] 【本轮的坐标】：(np.int64(1581), np.int64(477)) ------------
2025-10-21 14:46:20 [TRACE] 【已点击过的坐标】：[(-10, -10), (np.int64(1174), np.int64(475)), (np.int64(1581), np.int64(475)), (np.int64(1988), np.int64(475))]
2025-10-21 14:46:20 [TRACE] 【坐标太近】视为重复
2025-10-21 14:46:20 [TRACE] 【没有通过的坐标】开始下一轮
2025-10-21 14:46:20 [TRACE] 【本轮的坐标】：(np.int64(1988), np.int64(477)) ------------
2025-10-21 14:46:20 [TRACE] 【已点击过的坐标】：[(-10, -10), (np.int64(1174), np.int64(475)), (np.int64(1581), np.int64(475)), (np.int64(1988), np.int64(475))]
2025-10-21 14:46:20 [TRACE] 【坐标太近】视为重复
2025-10-21 14:46:20 [TRACE] 【没有通过的坐标】开始下一轮
2025-10-21 14:46:20 [TRACE] 【完成所有点击】有效次数：3
2025-10-21 14:46:21 [TRACE] 【目标检测】目标存在，但置信度不足
2025-10-21 14:46:22 [TRACE] 【目标检测】目标存在，但置信度不足
2025-10-21 14:46:24 [TRACE] 【目标检测】屏幕内没有目标
2025-10-21 14:46:27 [TRACE] 【目标检测】目标存在，但置信度不足
2025-10-21 14:46:29 [TRACE] 【目标检测】屏幕内没有目标
2025-10-21 14:46:29 [TRACE] 【状态】搜索模式：C:\Users\gelon\Desktop\ZA-Lite\assets/images/hollow\battle_end_boss.png 置信度：0.9972803592681885
2025-10-21 14:46:30 [TRACE] 【目标检测】屏幕内没有目标
2025-10-21 14:46:33 [TRACE] 【目标检测】屏幕内没有目标
2025-10-21 14:46:34 [TRACE] 【目标检测】屏幕内没有目标
2025-10-21 14:46:35 [TRACE] 【目标检测】屏幕内没有目标
2025-10-21 14:46:38 [TRACE] 【目标检测】屏幕内没有目标
2025-10-21 14:46:41 [TRACE] 【目标检测】TRAPPED！ 类型：interact 置信度：0.9067248106002808
2025-10-21 14:46:43 [TRACE] 【空洞监听】无匹配已持续：0秒
2025-10-21 14:46:49 [TRACE] 【目标检测】屏幕内没有目标
2025-10-21 14:46:50 [TRACE] 【目标检测】屏幕内没有目标
2025-10-21 14:46:51 [TRACE] 【目标检测】屏幕内没有目标
2025-10-21 14:46:53 [TRACE] 【目标检测】TRAPPED！ 类型：interact 置信度：0.9233843684196472
2025-10-21 14:46:59 [TRACE] 【目标检测】TRAPPED！ 类型：interact 置信度：0.9307355880737305
2025-10-21 14:47:04 [TRACE] 【空洞监听】无匹配已持续：0秒
2025-10-21 14:47:06 [TRACE] 【目标检测】屏幕内没有目标
2025-10-21 14:47:07 [TRACE] 【目标检测】屏幕内没有目标
2025-10-21 14:47:09 [TRACE] 【目标检测】屏幕内没有目标
2025-10-21 14:47:10 [TRACE] 【目标检测】屏幕内没有目标
2025-10-21 14:47:11 [TRACE] 【目标检测】屏幕内没有目标
2025-10-21 14:47:14 [TRACE] 【目标检测】屏幕内没有目标
2025-10-21 14:47:16 [TRACE] 【目标检测】TRAPPED！ 类型：interact 置信度：0.9317626357078552
2025-10-21 14:47:21 [TRACE] 【目标检测】TRAPPED！ 类型：interact 置信度：0.9153587222099304
2025-10-21 14:47:25 [TRACE] 【空洞监听】无匹配已持续：0秒
2025-10-21 14:47:26 [TRACE] 【状态】搜索模式：C:\Users\gelon\Desktop\ZA-Lite\assets/images/hollow\gear.png 置信度：0.999715268611908
2025-10-21 14:47:28 [TRACE] 【目标检测】屏幕内没有目标
2025-10-21 14:47:29 [TRACE] 【目标检测】屏幕内没有目标
2025-10-21 14:47:31 [TRACE] 【目标检测】屏幕内没有目标
2025-10-21 14:47:32 [TRACE] 【目标检测】屏幕内没有目标
2025-10-21 14:47:33 [TRACE] 【状态】搜索模式：C:\Users\gelon\Desktop\ZA-Lite\assets/images/hollow\next_area.png 置信度：0.9999996423721313
2025-10-21 14:47:35 [TRACE] 【目标检测】TRAPPED！ 类型：blue_portal 置信度：0.9211981296539307
2025-10-21 14:47:41 [TRACE] 【目标检测】TRAPPED！ 类型：blue_portal 置信度：0.9418541789054871
2025-10-21 14:47:44 [TRACE] 【状态】搜索模式：C:\Users\gelon\Desktop\ZA-Lite\assets/images/hollow\meter.png 置信度：0.9755361676216125
2025-10-21 14:47:49 [TRACE] 【目标检测】TRAPPED！ 类型：blue_portal 置信度：0.9360169172286987
2025-10-21 14:47:50 [TRACE] 【状态】搜索模式：C:\Users\gelon\Desktop\ZA-Lite\assets/images/hollow\meter.png 置信度：0.9936549663543701
2025-10-21 14:47:54 [TRACE] 【目标检测】TRAPPED！ 类型：blue_portal 置信度：0.9770386815071106
2025-10-21 14:48:00 [TRACE] 【空洞监听】无匹配已持续：0秒
2025-10-21 14:48:01 [TRACE] 【目标检测】屏幕内没有目标
2025-10-21 14:48:03 [TRACE] 【目标检测】屏幕内没有目标
2025-10-21 14:48:05 [TRACE] 【目标检测】屏幕内没有目标
2025-10-21 14:48:06 [TRACE] 【目标检测】屏幕内没有目标
2025-10-21 14:48:08 [TRACE] 【空洞监听】无匹配已持续：7秒
2025-10-21 14:48:08 [TRACE] 【目标检测】屏幕内没有目标
2025-10-21 14:48:11 [TRACE] 【目标检测】屏幕内没有目标
2025-10-21 14:48:13 [TRACE] 【目标检测】屏幕内没有目标
2025-10-21 14:48:14 [TRACE] 【目标检测】屏幕内没有目标
2025-10-21 14:48:15 [TRACE] 【空洞监听】无匹配已持续：15秒
2025-10-21 14:48:16 [TRACE] 【目标检测】屏幕内没有目标
2025-10-21 14:48:17 [TRACE] 【目标检测】屏幕内没有目标
2025-10-21 14:48:20 [TRACE] 【目标检测】屏幕内没有目标
2025-10-21 14:48:22 [TRACE] 【目标检测】屏幕内没有目标
2025-10-21 14:48:22 [TRACE] 【空洞监听】无匹配已持续：22秒
2025-10-21 14:48:23 [TRACE] 【目标检测】目标存在，但置信度不足
2025-10-21 14:48:26 [TRACE] 【目标检测】屏幕内没有目标
2025-10-21 14:48:28 [TRACE] 【目标检测】屏幕内没有目标
2025-10-21 14:48:30 [TRACE] 【目标检测】屏幕内没有目标
2025-10-21 14:48:30 [TRACE] 【状态】战斗模式：正在受到攻击
2025-10-21 14:48:37 [TRACE] 【空洞监听】无匹配已持续：0秒
2025-10-21 14:48:45 [TRACE] 【空洞监听】无匹配已持续：7秒
2025-10-21 14:48:52 [TRACE] 【空洞监听】无匹配已持续：14秒
2025-10-21 14:48:59 [TRACE] 【空洞监听】无匹配已持续：22秒
2025-10-21 14:49:06 [TRACE] 【空洞监听】无匹配已持续：29秒
2025-10-21 14:49:13 [TRACE] 【空洞监听】无匹配已持续：36秒
2025-10-21 14:49:20 [TRACE] 【状态】战斗模式：正在受到攻击
2025-10-21 14:49:24 [TRACE] 【状态】战斗模式：C:\Users\gelon\Desktop\ZA-Lite\assets/images/hollow\battle_5.png 置信度：0.9776217341423035
2025-10-21 14:49:30 [TRACE] 【状态】战斗模式：C:\Users\gelon\Desktop\ZA-Lite\assets/images/hollow\battle_5.png 置信度：0.977674663066864
2025-10-21 14:49:34 [TRACE] 【状态】战斗模式：正在受到攻击
2025-10-21 14:49:41 [TRACE] 【空洞监听】无匹配已持续：0秒
2025-10-21 14:49:45 [TRACE] 【状态】战斗模式：C:\Users\gelon\Desktop\ZA-Lite\assets/images/hollow\battle_5.png 置信度：0.9550907611846924
2025-10-21 14:49:52 [TRACE] 【状态】战斗模式：C:\Users\gelon\Desktop\ZA-Lite\assets/images/hollow\battle_5.png 置信度：0.9546858072280884
2025-10-21 14:50:00 [TRACE] 【状态】战斗模式：C:\Users\gelon\Desktop\ZA-Lite\assets/images/hollow\battle_5.png 置信度：0.9814786911010742
2025-10-21 14:50:07 [TRACE] 【状态】战斗模式：C:\Users\gelon\Desktop\ZA-Lite\assets/images/hollow\battle_5.png 置信度：0.9950591921806335
2025-10-21 14:50:11 [TRACE] 【状态】战斗模式：正在受到攻击
2025-10-21 14:50:17 [TRACE] 【状态】战斗模式：正在受到攻击
2025-10-21 14:50:21 [TRACE] 【状态】战斗模式：C:\Users\gelon\Desktop\ZA-Lite\assets/images/hollow\battle_5.png 置信度：0.9717394709587097
2025-10-21 14:50:25 [TRACE] 【状态】战斗模式：正在受到攻击
2025-10-21 14:50:33 [TRACE] 【状态】搜索模式：C:\Users\gelon\Desktop\ZA-Lite\assets/images/hollow\gear.png 置信度：1.0
2025-10-21 14:50:34 [TRACE] 【目标检测】屏幕内没有目标
2025-10-21 14:50:35 [TRACE] 【目标检测】屏幕内没有目标
2025-10-21 14:50:37 [TRACE] 【目标检测】屏幕内没有目标
2025-10-21 14:50:38 [TRACE] 【目标检测】屏幕内没有目标
2025-10-21 14:50:40 [TRACE] 【目标检测】屏幕内没有目标
2025-10-21 14:50:41 [TRACE] 【状态】搜索模式：C:\Users\gelon\Desktop\ZA-Lite\assets/images/hollow\gear.png 置信度：0.9810004234313965
2025-10-21 14:50:43 [TRACE] 【目标检测】屏幕内没有目标
2025-10-21 14:50:44 [TRACE] 【目标检测】屏幕内没有目标
2025-10-21 14:50:46 [TRACE] 【目标检测】屏幕内没有目标
2025-10-21 14:50:47 [TRACE] 【目标检测】屏幕内没有目标
2025-10-21 14:50:49 [TRACE] 【状态】搜索模式：C:\Users\gelon\Desktop\ZA-Lite\assets/images/hollow\next_area.png 置信度：0.999999463558197
2025-10-21 14:50:52 [TRACE] 【目标检测】TRAPPED！ 类型：blue_portal 置信度：0.9326555132865906
2025-10-21 14:50:59 [TRACE] 【目标检测】屏幕内没有目标
2025-10-21 14:51:00 [TRACE] 【目标检测】屏幕内没有目标
2025-10-21 14:51:02 [TRACE] 【目标检测】屏幕内没有目标
2025-10-21 14:51:04 [TRACE] 【目标检测】屏幕内没有目标
2025-10-21 14:51:06 [TRACE] 【目标检测】屏幕内没有目标
2025-10-21 14:51:09 [TRACE] 【目标检测】屏幕内没有目标
2025-10-21 14:51:10 [TRACE] 【空洞监听】无匹配已持续：0秒
2025-10-21 14:51:11 [TRACE] 【目标检测】屏幕内没有目标
2025-10-21 14:51:13 [TRACE] 【目标检测】屏幕内没有目标
2025-10-21 14:51:14 [TRACE] 【目标检测】屏幕内没有目标
2025-10-21 14:51:16 [TRACE] 【目标检测】目标存在，但置信度不足
2025-10-21 14:51:18 [TRACE] 【目标检测】目标存在，但置信度不足
2025-10-21 14:51:18 [TRACE] 【状态】战斗模式：正在受到攻击
2025-10-21 14:51:26 [TRACE] 【空洞监听】无匹配已持续：0秒
2025-10-21 14:51:33 [TRACE] 【空洞监听】无匹配已持续：7秒
2025-10-21 14:51:40 [TRACE] 【状态】战斗模式：正在受到攻击
2025-10-21 14:51:44 [TRACE] 【状态】战斗模式：C:\Users\gelon\Desktop\ZA-Lite\assets/images/hollow\battle_5.png 置信度：0.9761781692504883
2025-10-21 14:51:55 [TRACE] 【状态】搜索模式：C:\Users\gelon\Desktop\ZA-Lite\assets/images/hollow\resonium.png 置信度：1.0
2025-10-21 14:51:56 [TRACE] 【目标出现】C:\Users\gelon\Desktop\ZA-Lite\assets/images/hollow\resonium.png 置信度：0.9999998807907104
2025-10-21 14:51:56 [TRACE] 【本轮的坐标】：(np.int64(971), np.int64(475)) ------------
2025-10-21 14:51:56 [TRACE] 【已点击过的坐标】：[(-10, -10)]
2025-10-21 14:51:56 [TRACE] 【成功点击】
2025-10-21 14:51:56 [TRACE] 【目标检测】屏幕内没有目标
2025-10-21 14:51:56 [TRACE] 【本轮的坐标】：(np.int64(1378), np.int64(475)) ------------
2025-10-21 14:51:56 [TRACE] 【已点击过的坐标】：[(-10, -10), (np.int64(971), np.int64(475))]
2025-10-21 14:51:56 [TRACE] 【成功点击】
2025-10-21 14:51:57 [TRACE] 【本轮的坐标】：(np.int64(1785), np.int64(475)) ------------
2025-10-21 14:51:57 [TRACE] 【已点击过的坐标】：[(-10, -10), (np.int64(971), np.int64(475)), (np.int64(1378), np.int64(475))]
2025-10-21 14:51:57 [TRACE] 【成功点击】
2025-10-21 14:51:58 [TRACE] 【本轮的坐标】：(np.int64(1786), np.int64(475)) ------------
2025-10-21 14:51:58 [TRACE] 【已点击过的坐标】：[(-10, -10), (np.int64(971), np.int64(475)), (np.int64(1378), np.int64(475)), (np.int64(1785), np.int64(475))]
2025-10-21 14:51:58 [TRACE] 【坐标太近】视为重复
2025-10-21 14:51:58 [TRACE] 【没有通过的坐标】开始下一轮
2025-10-21 14:51:58 [TRACE] 【本轮的坐标】：(np.int64(2192), np.int64(475)) ------------
2025-10-21 14:51:58 [TRACE] 【已点击过的坐标】：[(-10, -10), (np.int64(971), np.int64(475)), (np.int64(1378), np.int64(475)), (np.int64(1785), np.int64(475))]
2025-10-21 14:51:58 [TRACE] 【成功点击】
2025-10-21 14:51:58 [TRACE] 【目标检测】目标存在，但置信度不足
2025-10-21 14:51:59 [TRACE] 【本轮的坐标】：(np.int64(2193), np.int64(475)) ------------
2025-10-21 14:51:59 [TRACE] 【已点击过的坐标】：[(-10, -10), (np.int64(971), np.int64(475)), (np.int64(1378), np.int64(475)), (np.int64(1785), np.int64(475)), (np.int64(2192), np.int64(475))]
2025-10-21 14:51:59 [TRACE] 【坐标太近】视为重复
2025-10-21 14:51:59 [TRACE] 【没有通过的坐标】开始下一轮
2025-10-21 14:51:59 [TRACE] 【本轮的坐标】：(np.int64(970), np.int64(476)) ------------
2025-10-21 14:51:59 [TRACE] 【已点击过的坐标】：[(-10, -10), (np.int64(971), np.int64(475)), (np.int64(1378), np.int64(475)), (np.int64(1785), np.int64(475)), (np.int64(2192), np.int64(475))]
2025-10-21 14:51:59 [TRACE] 【坐标太近】视为重复
2025-10-21 14:51:59 [TRACE] 【没有通过的坐标】开始下一轮
2025-10-21 14:51:59 [TRACE] 【本轮的坐标】：(np.int64(971), np.int64(476)) ------------
2025-10-21 14:51:59 [TRACE] 【已点击过的坐标】：[(-10, -10), (np.int64(971), np.int64(475)), (np.int64(1378), np.int64(475)), (np.int64(1785), np.int64(475)), (np.int64(2192), np.int64(475))]
2025-10-21 14:51:59 [TRACE] 【坐标太近】视为重复
2025-10-21 14:51:59 [TRACE] 【没有通过的坐标】开始下一轮
2025-10-21 14:51:59 [TRACE] 【本轮的坐标】：(np.int64(972), np.int64(476)) ------------
2025-10-21 14:51:59 [TRACE] 【已点击过的坐标】：[(-10, -10), (np.int64(971), np.int64(475)), (np.int64(1378), np.int64(475)), (np.int64(1785), np.int64(475)), (np.int64(2192), np.int64(475))]
2025-10-21 14:51:59 [TRACE] 【坐标太近】视为重复
2025-10-21 14:51:59 [TRACE] 【没有通过的坐标】开始下一轮
2025-10-21 14:51:59 [TRACE] 【本轮的坐标】：(np.int64(1377), np.int64(476)) ------------
2025-10-21 14:51:59 [TRACE] 【已点击过的坐标】：[(-10, -10), (np.int64(971), np.int64(475)), (np.int64(1378), np.int64(475)), (np.int64(1785), np.int64(475)), (np.int64(2192), np.int64(475))]
2025-10-21 14:51:59 [TRACE] 【坐标太近】视为重复
2025-10-21 14:51:59 [TRACE] 【没有通过的坐标】开始下一轮
2025-10-21 14:51:59 [TRACE] 【本轮的坐标】：(np.int64(1378), np.int64(476)) ------------
2025-10-21 14:51:59 [TRACE] 【已点击过的坐标】：[(-10, -10), (np.int64(971), np.int64(475)), (np.int64(1378), np.int64(475)), (np.int64(1785), np.int64(475)), (np.int64(2192), np.int64(475))]
2025-10-21 14:51:59 [TRACE] 【坐标太近】视为重复
2025-10-21 14:51:59 [TRACE] 【没有通过的坐标】开始下一轮
2025-10-21 14:51:59 [TRACE] 【本轮的坐标】：(np.int64(1379), np.int64(476)) ------------
2025-10-21 14:51:59 [TRACE] 【已点击过的坐标】：[(-10, -10), (np.int64(971), np.int64(475)), (np.int64(1378), np.int64(475)), (np.int64(1785), np.int64(475)), (np.int64(2192), np.int64(475))]
2025-10-21 14:51:59 [TRACE] 【坐标太近】视为重复
2025-10-21 14:51:59 [TRACE] 【没有通过的坐标】开始下一轮
2025-10-21 14:51:59 [TRACE] 【本轮的坐标】：(np.int64(1784), np.int64(476)) ------------
2025-10-21 14:51:59 [TRACE] 【已点击过的坐标】：[(-10, -10), (np.int64(971), np.int64(475)), (np.int64(1378), np.int64(475)), (np.int64(1785), np.int64(475)), (np.int64(2192), np.int64(475))]
2025-10-21 14:51:59 [TRACE] 【坐标太近】视为重复
2025-10-21 14:51:59 [TRACE] 【没有通过的坐标】开始下一轮
2025-10-21 14:51:59 [TRACE] 【本轮的坐标】：(np.int64(1785), np.int64(476)) ------------
2025-10-21 14:51:59 [TRACE] 【已点击过的坐标】：[(-10, -10), (np.int64(971), np.int64(475)), (np.int64(1378), np.int64(475)), (np.int64(1785), np.int64(475)), (np.int64(2192), np.int64(475))]
2025-10-21 14:51:59 [TRACE] 【坐标太近】视为重复
2025-10-21 14:51:59 [TRACE] 【没有通过的坐标】开始下一轮
2025-10-21 14:51:59 [TRACE] 【本轮的坐标】：(np.int64(1786), np.int64(476)) ------------
2025-10-21 14:51:59 [TRACE] 【已点击过的坐标】：[(-10, -10), (np.int64(971), np.int64(475)), (np.int64(1378), np.int64(475)), (np.int64(1785), np.int64(475)), (np.int64(2192), np.int64(475))]
2025-10-21 14:51:59 [TRACE] 【坐标太近】视为重复
2025-10-21 14:51:59 [TRACE] 【没有通过的坐标】开始下一轮
2025-10-21 14:51:59 [TRACE] 【本轮的坐标】：(np.int64(2191), np.int64(476)) ------------
2025-10-21 14:51:59 [TRACE] 【已点击过的坐标】：[(-10, -10), (np.int64(971), np.int64(475)), (np.int64(1378), np.int64(475)), (np.int64(1785), np.int64(475)), (np.int64(2192), np.int64(475))]
2025-10-21 14:51:59 [TRACE] 【坐标太近】视为重复
2025-10-21 14:51:59 [TRACE] 【没有通过的坐标】开始下一轮
2025-10-21 14:51:59 [TRACE] 【本轮的坐标】：(np.int64(2192), np.int64(476)) ------------
2025-10-21 14:51:59 [TRACE] 【已点击过的坐标】：[(-10, -10), (np.int64(971), np.int64(475)), (np.int64(1378), np.int64(475)), (np.int64(1785), np.int64(475)), (np.int64(2192), np.int64(475))]
2025-10-21 14:51:59 [TRACE] 【坐标太近】视为重复
2025-10-21 14:51:59 [TRACE] 【没有通过的坐标】开始下一轮
2025-10-21 14:51:59 [TRACE] 【本轮的坐标】：(np.int64(2193), np.int64(476)) ------------
2025-10-21 14:51:59 [TRACE] 【已点击过的坐标】：[(-10, -10), (np.int64(971), np.int64(475)), (np.int64(1378), np.int64(475)), (np.int64(1785), np.int64(475)), (np.int64(2192), np.int64(475))]
2025-10-21 14:51:59 [TRACE] 【坐标太近】视为重复
2025-10-21 14:51:59 [TRACE] 【没有通过的坐标】开始下一轮
2025-10-21 14:51:59 [TRACE] 【本轮的坐标】：(np.int64(2194), np.int64(476)) ------------
2025-10-21 14:51:59 [TRACE] 【已点击过的坐标】：[(-10, -10), (np.int64(971), np.int64(475)), (np.int64(1378), np.int64(475)), (np.int64(1785), np.int64(475)), (np.int64(2192), np.int64(475))]
2025-10-21 14:51:59 [TRACE] 【坐标太近】视为重复
2025-10-21 14:51:59 [TRACE] 【没有通过的坐标】开始下一轮
2025-10-21 14:51:59 [TRACE] 【本轮的坐标】：(np.int64(970), np.int64(477)) ------------
2025-10-21 14:51:59 [TRACE] 【已点击过的坐标】：[(-10, -10), (np.int64(971), np.int64(475)), (np.int64(1378), np.int64(475)), (np.int64(1785), np.int64(475)), (np.int64(2192), np.int64(475))]
2025-10-21 14:51:59 [TRACE] 【坐标太近】视为重复
2025-10-21 14:51:59 [TRACE] 【没有通过的坐标】开始下一轮
2025-10-21 14:51:59 [TRACE] 【本轮的坐标】：(np.int64(971), np.int64(477)) ------------
2025-10-21 14:51:59 [TRACE] 【已点击过的坐标】：[(-10, -10), (np.int64(971), np.int64(475)), (np.int64(1378), np.int64(475)), (np.int64(1785), np.int64(475)), (np.int64(2192), np.int64(475))]
2025-10-21 14:51:59 [TRACE] 【坐标太近】视为重复
2025-10-21 14:51:59 [TRACE] 【没有通过的坐标】开始下一轮
2025-10-21 14:51:59 [TRACE] 【本轮的坐标】：(np.int64(1378), np.int64(477)) ------------
2025-10-21 14:51:59 [TRACE] 【已点击过的坐标】：[(-10, -10), (np.int64(971), np.int64(475)), (np.int64(1378), np.int64(475)), (np.int64(1785), np.int64(475)), (np.int64(2192), np.int64(475))]
2025-10-21 14:51:59 [TRACE] 【坐标太近】视为重复
2025-10-21 14:51:59 [TRACE] 【没有通过的坐标】开始下一轮
2025-10-21 14:51:59 [TRACE] 【本轮的坐标】：(np.int64(1785), np.int64(477)) ------------
2025-10-21 14:51:59 [TRACE] 【已点击过的坐标】：[(-10, -10), (np.int64(971), np.int64(475)), (np.int64(1378), np.int64(475)), (np.int64(1785), np.int64(475)), (np.int64(2192), np.int64(475))]
2025-10-21 14:51:59 [TRACE] 【坐标太近】视为重复
2025-10-21 14:51:59 [TRACE] 【没有通过的坐标】开始下一轮
2025-10-21 14:51:59 [TRACE] 【本轮的坐标】：(np.int64(2192), np.int64(477)) ------------
2025-10-21 14:51:59 [TRACE] 【已点击过的坐标】：[(-10, -10), (np.int64(971), np.int64(475)), (np.int64(1378), np.int64(475)), (np.int64(1785), np.int64(475)), (np.int64(2192), np.int64(475))]
2025-10-21 14:51:59 [TRACE] 【坐标太近】视为重复
2025-10-21 14:51:59 [TRACE] 【没有通过的坐标】开始下一轮
2025-10-21 14:51:59 [TRACE] 【完成所有点击】有效次数：4
2025-10-21 14:52:00 [TRACE] 【目标检测】屏幕内没有目标
2025-10-21 14:52:01 [TRACE] 【目标检测】屏幕内没有目标
2025-10-21 14:52:03 [TRACE] 【目标检测】屏幕内没有目标
2025-10-21 14:52:04 [TRACE] 【目标检测】屏幕内没有目标
2025-10-21 14:52:05 [TRACE] 【目标检测】屏幕内没有目标
2025-10-21 14:52:07 [TRACE] 【状态】搜索模式：C:\Users\gelon\Desktop\ZA-Lite\assets/images/hollow\next_area.png 置信度：0.9999996423721313
2025-10-21 14:52:11 [TRACE] 【状态】搜索模式：C:\Users\gelon\Desktop\ZA-Lite\assets/images/hollow\meter.png 置信度：0.9281600117683411
2025-10-21 14:52:14 [TRACE] 【目标检测】TRAPPED！ 类型：guide_point 置信度：0.9192721843719482
2025-10-21 14:52:20 [TRACE] 【空洞监听】无匹配已持续：0秒
2025-10-21 14:52:21 [TRACE] 【目标检测】屏幕内没有目标
2025-10-21 14:52:26 [TRACE] 【目标检测】TRAPPED！ 类型：interact 置信度：0.9275590777397156
2025-10-21 14:52:28 [TRACE] 【空洞监听】无匹配已持续：8秒
2025-10-21 14:52:32 [TRACE] 【目标检测】TRAPPED！ 类型：interact 置信度：0.925041139125824
2025-10-21 14:52:35 [TRACE] 【空洞监听】无匹配已持续：14秒
2025-10-21 14:52:36 [TRACE] 【状态】搜索模式：C:\Users\gelon\Desktop\ZA-Lite\assets/images/hollow\resonium.png 置信度：1.0
2025-10-21 14:52:36 [TRACE] 【目标出现】C:\Users\gelon\Desktop\ZA-Lite\assets/images/hollow\resonium.png 置信度：0.9999998807907104
2025-10-21 14:52:36 [TRACE] 【本轮的坐标】：(np.int64(997), np.int64(455)) ------------
2025-10-21 14:52:36 [TRACE] 【已点击过的坐标】：[(-10, -10)]
2025-10-21 14:52:36 [TRACE] 【成功点击】
2025-10-21 14:52:37 [TRACE] 【本轮的坐标】：(np.int64(998), np.int64(455)) ------------
2025-10-21 14:52:37 [TRACE] 【已点击过的坐标】：[(-10, -10), (np.int64(997), np.int64(455))]
2025-10-21 14:52:37 [TRACE] 【坐标太近】视为重复
2025-10-21 14:52:37 [TRACE] 【没有通过的坐标】开始下一轮
2025-10-21 14:52:37 [TRACE] 【本轮的坐标】：(np.int64(1387), np.int64(455)) ------------
2025-10-21 14:52:37 [TRACE] 【已点击过的坐标】：[(-10, -10), (np.int64(997), np.int64(455))]
2025-10-21 14:52:37 [TRACE] 【成功点击】
2025-10-21 14:52:37 [TRACE] 【本轮的坐标】：(np.int64(1776), np.int64(455)) ------------
2025-10-21 14:52:37 [TRACE] 【已点击过的坐标】：[(-10, -10), (np.int64(997), np.int64(455)), (np.int64(1387), np.int64(455))]
2025-10-21 14:52:37 [TRACE] 【成功点击】
2025-10-21 14:52:38 [TRACE] 【本轮的坐标】：(np.int64(1777), np.int64(455)) ------------
2025-10-21 14:52:38 [TRACE] 【已点击过的坐标】：[(-10, -10), (np.int64(997), np.int64(455)), (np.int64(1387), np.int64(455)), (np.int64(1776), np.int64(455))]
2025-10-21 14:52:38 [TRACE] 【坐标太近】视为重复
2025-10-21 14:52:38 [TRACE] 【没有通过的坐标】开始下一轮
2025-10-21 14:52:38 [TRACE] 【本轮的坐标】：(np.int64(2166), np.int64(455)) ------------
2025-10-21 14:52:38 [TRACE] 【已点击过的坐标】：[(-10, -10), (np.int64(997), np.int64(455)), (np.int64(1387), np.int64(455)), (np.int64(1776), np.int64(455))]
2025-10-21 14:52:38 [TRACE] 【成功点击】
2025-10-21 14:52:38 [TRACE] 【目标检测】目标存在，但置信度不足
2025-10-21 14:52:39 [TRACE] 【本轮的坐标】：(np.int64(996), np.int64(456)) ------------
2025-10-21 14:52:39 [TRACE] 【已点击过的坐标】：[(-10, -10), (np.int64(997), np.int64(455)), (np.int64(1387), np.int64(455)), (np.int64(1776), np.int64(455)), (np.int64(2166), np.int64(455))]
2025-10-21 14:52:39 [TRACE] 【坐标太近】视为重复
2025-10-21 14:52:39 [TRACE] 【没有通过的坐标】开始下一轮
2025-10-21 14:52:39 [TRACE] 【本轮的坐标】：(np.int64(997), np.int64(456)) ------------
2025-10-21 14:52:39 [TRACE] 【已点击过的坐标】：[(-10, -10), (np.int64(997), np.int64(455)), (np.int64(1387), np.int64(455)), (np.int64(1776), np.int64(455)), (np.int64(2166), np.int64(455))]
2025-10-21 14:52:39 [TRACE] 【坐标太近】视为重复
2025-10-21 14:52:39 [TRACE] 【没有通过的坐标】开始下一轮
2025-10-21 14:52:39 [TRACE] 【本轮的坐标】：(np.int64(998), np.int64(456)) ------------
2025-10-21 14:52:39 [TRACE] 【已点击过的坐标】：[(-10, -10), (np.int64(997), np.int64(455)), (np.int64(1387), np.int64(455)), (np.int64(1776), np.int64(455)), (np.int64(2166), np.int64(455))]
2025-10-21 14:52:39 [TRACE] 【坐标太近】视为重复
2025-10-21 14:52:39 [TRACE] 【没有通过的坐标】开始下一轮
2025-10-21 14:52:39 [TRACE] 【本轮的坐标】：(np.int64(1386), np.int64(456)) ------------
2025-10-21 14:52:39 [TRACE] 【已点击过的坐标】：[(-10, -10), (np.int64(997), np.int64(455)), (np.int64(1387), np.int64(455)), (np.int64(1776), np.int64(455)), (np.int64(2166), np.int64(455))]
2025-10-21 14:52:39 [TRACE] 【坐标太近】视为重复
2025-10-21 14:52:39 [TRACE] 【没有通过的坐标】开始下一轮
2025-10-21 14:52:39 [TRACE] 【本轮的坐标】：(np.int64(1387), np.int64(456)) ------------
2025-10-21 14:52:39 [TRACE] 【已点击过的坐标】：[(-10, -10), (np.int64(997), np.int64(455)), (np.int64(1387), np.int64(455)), (np.int64(1776), np.int64(455)), (np.int64(2166), np.int64(455))]
2025-10-21 14:52:39 [TRACE] 【坐标太近】视为重复
2025-10-21 14:52:39 [TRACE] 【没有通过的坐标】开始下一轮
2025-10-21 14:52:39 [TRACE] 【本轮的坐标】：(np.int64(1388), np.int64(456)) ------------
2025-10-21 14:52:39 [TRACE] 【已点击过的坐标】：[(-10, -10), (np.int64(997), np.int64(455)), (np.int64(1387), np.int64(455)), (np.int64(1776), np.int64(455)), (np.int64(2166), np.int64(455))]
2025-10-21 14:52:39 [TRACE] 【坐标太近】视为重复
2025-10-21 14:52:39 [TRACE] 【没有通过的坐标】开始下一轮
2025-10-21 14:52:39 [TRACE] 【本轮的坐标】：(np.int64(1775), np.int64(456)) ------------
2025-10-21 14:52:39 [TRACE] 【已点击过的坐标】：[(-10, -10), (np.int64(997), np.int64(455)), (np.int64(1387), np.int64(455)), (np.int64(1776), np.int64(455)), (np.int64(2166), np.int64(455))]
2025-10-21 14:52:39 [TRACE] 【坐标太近】视为重复
2025-10-21 14:52:39 [TRACE] 【没有通过的坐标】开始下一轮
2025-10-21 14:52:39 [TRACE] 【本轮的坐标】：(np.int64(1776), np.int64(456)) ------------
2025-10-21 14:52:39 [TRACE] 【已点击过的坐标】：[(-10, -10), (np.int64(997), np.int64(455)), (np.int64(1387), np.int64(455)), (np.int64(1776), np.int64(455)), (np.int64(2166), np.int64(455))]
2025-10-21 14:52:39 [TRACE] 【坐标太近】视为重复
2025-10-21 14:52:39 [TRACE] 【没有通过的坐标】开始下一轮
2025-10-21 14:52:39 [TRACE] 【本轮的坐标】：(np.int64(1777), np.int64(456)) ------------
2025-10-21 14:52:39 [TRACE] 【已点击过的坐标】：[(-10, -10), (np.int64(997), np.int64(455)), (np.int64(1387), np.int64(455)), (np.int64(1776), np.int64(455)), (np.int64(2166), np.int64(455))]
2025-10-21 14:52:39 [TRACE] 【坐标太近】视为重复
2025-10-21 14:52:39 [TRACE] 【没有通过的坐标】开始下一轮
2025-10-21 14:52:39 [TRACE] 【本轮的坐标】：(np.int64(1778), np.int64(456)) ------------
2025-10-21 14:52:39 [TRACE] 【已点击过的坐标】：[(-10, -10), (np.int64(997), np.int64(455)), (np.int64(1387), np.int64(455)), (np.int64(1776), np.int64(455)), (np.int64(2166), np.int64(455))]
2025-10-21 14:52:39 [TRACE] 【坐标太近】视为重复
2025-10-21 14:52:39 [TRACE] 【没有通过的坐标】开始下一轮
2025-10-21 14:52:39 [TRACE] 【本轮的坐标】：(np.int64(2165), np.int64(456)) ------------
2025-10-21 14:52:39 [TRACE] 【已点击过的坐标】：[(-10, -10), (np.int64(997), np.int64(455)), (np.int64(1387), np.int64(455)), (np.int64(1776), np.int64(455)), (np.int64(2166), np.int64(455))]
2025-10-21 14:52:39 [TRACE] 【坐标太近】视为重复
2025-10-21 14:52:39 [TRACE] 【没有通过的坐标】开始下一轮
2025-10-21 14:52:39 [TRACE] 【本轮的坐标】：(np.int64(2166), np.int64(456)) ------------
2025-10-21 14:52:39 [TRACE] 【已点击过的坐标】：[(-10, -10), (np.int64(997), np.int64(455)), (np.int64(1387), np.int64(455)), (np.int64(1776), np.int64(455)), (np.int64(2166), np.int64(455))]
2025-10-21 14:52:39 [TRACE] 【坐标太近】视为重复
2025-10-21 14:52:39 [TRACE] 【没有通过的坐标】开始下一轮
2025-10-21 14:52:39 [TRACE] 【本轮的坐标】：(np.int64(2167), np.int64(456)) ------------
2025-10-21 14:52:39 [TRACE] 【已点击过的坐标】：[(-10, -10), (np.int64(997), np.int64(455)), (np.int64(1387), np.int64(455)), (np.int64(1776), np.int64(455)), (np.int64(2166), np.int64(455))]
2025-10-21 14:52:39 [TRACE] 【坐标太近】视为重复
2025-10-21 14:52:39 [TRACE] 【没有通过的坐标】开始下一轮
2025-10-21 14:52:39 [TRACE] 【本轮的坐标】：(np.int64(997), np.int64(457)) ------------
2025-10-21 14:52:39 [TRACE] 【已点击过的坐标】：[(-10, -10), (np.int64(997), np.int64(455)), (np.int64(1387), np.int64(455)), (np.int64(1776), np.int64(455)), (np.int64(2166), np.int64(455))]
2025-10-21 14:52:39 [TRACE] 【坐标太近】视为重复
2025-10-21 14:52:39 [TRACE] 【没有通过的坐标】开始下一轮
2025-10-21 14:52:39 [TRACE] 【本轮的坐标】：(np.int64(1386), np.int64(457)) ------------
2025-10-21 14:52:39 [TRACE] 【已点击过的坐标】：[(-10, -10), (np.int64(997), np.int64(455)), (np.int64(1387), np.int64(455)), (np.int64(1776), np.int64(455)), (np.int64(2166), np.int64(455))]
2025-10-21 14:52:39 [TRACE] 【坐标太近】视为重复
2025-10-21 14:52:39 [TRACE] 【没有通过的坐标】开始下一轮
2025-10-21 14:52:39 [TRACE] 【本轮的坐标】：(np.int64(1387), np.int64(457)) ------------
2025-10-21 14:52:39 [TRACE] 【已点击过的坐标】：[(-10, -10), (np.int64(997), np.int64(455)), (np.int64(1387), np.int64(455)), (np.int64(1776), np.int64(455)), (np.int64(2166), np.int64(455))]
2025-10-21 14:52:39 [TRACE] 【坐标太近】视为重复
2025-10-21 14:52:39 [TRACE] 【没有通过的坐标】开始下一轮
2025-10-21 14:52:39 [TRACE] 【本轮的坐标】：(np.int64(1776), np.int64(457)) ------------
2025-10-21 14:52:39 [TRACE] 【已点击过的坐标】：[(-10, -10), (np.int64(997), np.int64(455)), (np.int64(1387), np.int64(455)), (np.int64(1776), np.int64(455)), (np.int64(2166), np.int64(455))]
2025-10-21 14:52:39 [TRACE] 【坐标太近】视为重复
2025-10-21 14:52:39 [TRACE] 【没有通过的坐标】开始下一轮
2025-10-21 14:52:39 [TRACE] 【本轮的坐标】：(np.int64(2166), np.int64(457)) ------------
2025-10-21 14:52:39 [TRACE] 【已点击过的坐标】：[(-10, -10), (np.int64(997), np.int64(455)), (np.int64(1387), np.int64(455)), (np.int64(1776), np.int64(455)), (np.int64(2166), np.int64(455))]
2025-10-21 14:52:39 [TRACE] 【坐标太近】视为重复
2025-10-21 14:52:39 [TRACE] 【没有通过的坐标】开始下一轮
2025-10-21 14:52:39 [TRACE] 【完成所有点击】有效次数：4
2025-10-21 14:52:40 [TRACE] 【目标检测】目标存在，但置信度不足
2025-10-21 14:52:41 [TRACE] 【目标检测】目标存在，但置信度不足
2025-10-21 14:52:43 [TRACE] 【目标检测】屏幕内没有目标
2025-10-21 14:52:44 [TRACE] 【目标检测】屏幕内没有目标
2025-10-21 14:52:45 [TRACE] 【目标检测】目标存在，但置信度不足
2025-10-21 14:52:46 [TRACE] 【状态】搜索模式：C:\Users\gelon\Desktop\ZA-Lite\assets/images/hollow\resonium.png 置信度：1.0
2025-10-21 14:52:46 [TRACE] 【目标检测】目标存在，但置信度不足
2025-10-21 14:52:46 [TRACE] 【目标出现】C:\Users\gelon\Desktop\ZA-Lite\assets/images/hollow\resonium.png 置信度：0.9999998807907104
2025-10-21 14:52:47 [TRACE] 【本轮的坐标】：(np.int64(997), np.int64(455)) ------------
2025-10-21 14:52:47 [TRACE] 【已点击过的坐标】：[(-10, -10)]
2025-10-21 14:52:47 [TRACE] 【成功点击】
2025-10-21 14:52:47 [TRACE] 【本轮的坐标】：(np.int64(998), np.int64(455)) ------------
2025-10-21 14:52:47 [TRACE] 【已点击过的坐标】：[(-10, -10), (np.int64(997), np.int64(455))]
2025-10-21 14:52:47 [TRACE] 【坐标太近】视为重复
2025-10-21 14:52:47 [TRACE] 【没有通过的坐标】开始下一轮
2025-10-21 14:52:47 [TRACE] 【本轮的坐标】：(np.int64(1387), np.int64(455)) ------------
2025-10-21 14:52:47 [TRACE] 【已点击过的坐标】：[(-10, -10), (np.int64(997), np.int64(455))]
2025-10-21 14:52:47 [TRACE] 【成功点击】
2025-10-21 14:52:47 [TRACE] 【目标检测】目标存在，但置信度不足
2025-10-21 14:52:48 [TRACE] 【本轮的坐标】：(np.int64(1776), np.int64(455)) ------------
2025-10-21 14:52:48 [TRACE] 【已点击过的坐标】：[(-10, -10), (np.int64(997), np.int64(455)), (np.int64(1387), np.int64(455))]
2025-10-21 14:52:48 [TRACE] 【成功点击】
2025-10-21 14:52:49 [TRACE] 【目标检测】目标存在，但置信度不足
2025-10-21 14:52:49 [TRACE] 【本轮的坐标】：(np.int64(1777), np.int64(455)) ------------
2025-10-21 14:52:49 [TRACE] 【已点击过的坐标】：[(-10, -10), (np.int64(997), np.int64(455)), (np.int64(1387), np.int64(455)), (np.int64(1776), np.int64(455))]
2025-10-21 14:52:49 [TRACE] 【坐标太近】视为重复
2025-10-21 14:52:49 [TRACE] 【没有通过的坐标】开始下一轮
2025-10-21 14:52:49 [TRACE] 【本轮的坐标】：(np.int64(2166), np.int64(455)) ------------
2025-10-21 14:52:49 [TRACE] 【已点击过的坐标】：[(-10, -10), (np.int64(997), np.int64(455)), (np.int64(1387), np.int64(455)), (np.int64(1776), np.int64(455))]
2025-10-21 14:52:49 [TRACE] 【成功点击】
2025-10-21 14:52:50 [TRACE] 【本轮的坐标】：(np.int64(996), np.int64(456)) ------------
2025-10-21 14:52:50 [TRACE] 【已点击过的坐标】：[(-10, -10), (np.int64(997), np.int64(455)), (np.int64(1387), np.int64(455)), (np.int64(1776), np.int64(455)), (np.int64(2166), np.int64(455))]
2025-10-21 14:52:50 [TRACE] 【坐标太近】视为重复
2025-10-21 14:52:50 [TRACE] 【没有通过的坐标】开始下一轮
2025-10-21 14:52:50 [TRACE] 【本轮的坐标】：(np.int64(997), np.int64(456)) ------------
2025-10-21 14:52:50 [TRACE] 【已点击过的坐标】：[(-10, -10), (np.int64(997), np.int64(455)), (np.int64(1387), np.int64(455)), (np.int64(1776), np.int64(455)), (np.int64(2166), np.int64(455))]
2025-10-21 14:52:50 [TRACE] 【坐标太近】视为重复
2025-10-21 14:52:50 [TRACE] 【没有通过的坐标】开始下一轮
2025-10-21 14:52:50 [TRACE] 【本轮的坐标】：(np.int64(998), np.int64(456)) ------------
2025-10-21 14:52:50 [TRACE] 【已点击过的坐标】：[(-10, -10), (np.int64(997), np.int64(455)), (np.int64(1387), np.int64(455)), (np.int64(1776), np.int64(455)), (np.int64(2166), np.int64(455))]
2025-10-21 14:52:50 [TRACE] 【坐标太近】视为重复
2025-10-21 14:52:50 [TRACE] 【没有通过的坐标】开始下一轮
2025-10-21 14:52:50 [TRACE] 【本轮的坐标】：(np.int64(1386), np.int64(456)) ------------
2025-10-21 14:52:50 [TRACE] 【已点击过的坐标】：[(-10, -10), (np.int64(997), np.int64(455)), (np.int64(1387), np.int64(455)), (np.int64(1776), np.int64(455)), (np.int64(2166), np.int64(455))]
2025-10-21 14:52:50 [TRACE] 【坐标太近】视为重复
2025-10-21 14:52:50 [TRACE] 【没有通过的坐标】开始下一轮
2025-10-21 14:52:50 [TRACE] 【本轮的坐标】：(np.int64(1387), np.int64(456)) ------------
2025-10-21 14:52:50 [TRACE] 【已点击过的坐标】：[(-10, -10), (np.int64(997), np.int64(455)), (np.int64(1387), np.int64(455)), (np.int64(1776), np.int64(455)), (np.int64(2166), np.int64(455))]
2025-10-21 14:52:50 [TRACE] 【坐标太近】视为重复
2025-10-21 14:52:50 [TRACE] 【没有通过的坐标】开始下一轮
2025-10-21 14:52:50 [TRACE] 【本轮的坐标】：(np.int64(1388), np.int64(456)) ------------
2025-10-21 14:52:50 [TRACE] 【已点击过的坐标】：[(-10, -10), (np.int64(997), np.int64(455)), (np.int64(1387), np.int64(455)), (np.int64(1776), np.int64(455)), (np.int64(2166), np.int64(455))]
2025-10-21 14:52:50 [TRACE] 【坐标太近】视为重复
2025-10-21 14:52:50 [TRACE] 【没有通过的坐标】开始下一轮
2025-10-21 14:52:50 [TRACE] 【本轮的坐标】：(np.int64(1775), np.int64(456)) ------------
2025-10-21 14:52:50 [TRACE] 【已点击过的坐标】：[(-10, -10), (np.int64(997), np.int64(455)), (np.int64(1387), np.int64(455)), (np.int64(1776), np.int64(455)), (np.int64(2166), np.int64(455))]
2025-10-21 14:52:50 [TRACE] 【坐标太近】视为重复
2025-10-21 14:52:50 [TRACE] 【没有通过的坐标】开始下一轮
2025-10-21 14:52:50 [TRACE] 【本轮的坐标】：(np.int64(1776), np.int64(456)) ------------
2025-10-21 14:52:50 [TRACE] 【已点击过的坐标】：[(-10, -10), (np.int64(997), np.int64(455)), (np.int64(1387), np.int64(455)), (np.int64(1776), np.int64(455)), (np.int64(2166), np.int64(455))]
2025-10-21 14:52:50 [TRACE] 【坐标太近】视为重复
2025-10-21 14:52:50 [TRACE] 【没有通过的坐标】开始下一轮
2025-10-21 14:52:50 [TRACE] 【本轮的坐标】：(np.int64(1777), np.int64(456)) ------------
2025-10-21 14:52:50 [TRACE] 【已点击过的坐标】：[(-10, -10), (np.int64(997), np.int64(455)), (np.int64(1387), np.int64(455)), (np.int64(1776), np.int64(455)), (np.int64(2166), np.int64(455))]
2025-10-21 14:52:50 [TRACE] 【坐标太近】视为重复
2025-10-21 14:52:50 [TRACE] 【没有通过的坐标】开始下一轮
2025-10-21 14:52:50 [TRACE] 【本轮的坐标】：(np.int64(1778), np.int64(456)) ------------
2025-10-21 14:52:50 [TRACE] 【已点击过的坐标】：[(-10, -10), (np.int64(997), np.int64(455)), (np.int64(1387), np.int64(455)), (np.int64(1776), np.int64(455)), (np.int64(2166), np.int64(455))]
2025-10-21 14:52:50 [TRACE] 【坐标太近】视为重复
2025-10-21 14:52:50 [TRACE] 【没有通过的坐标】开始下一轮
2025-10-21 14:52:50 [TRACE] 【本轮的坐标】：(np.int64(2165), np.int64(456)) ------------
2025-10-21 14:52:50 [TRACE] 【已点击过的坐标】：[(-10, -10), (np.int64(997), np.int64(455)), (np.int64(1387), np.int64(455)), (np.int64(1776), np.int64(455)), (np.int64(2166), np.int64(455))]
2025-10-21 14:52:50 [TRACE] 【坐标太近】视为重复
2025-10-21 14:52:50 [TRACE] 【没有通过的坐标】开始下一轮
2025-10-21 14:52:50 [TRACE] 【本轮的坐标】：(np.int64(2166), np.int64(456)) ------------
2025-10-21 14:52:50 [TRACE] 【已点击过的坐标】：[(-10, -10), (np.int64(997), np.int64(455)), (np.int64(1387), np.int64(455)), (np.int64(1776), np.int64(455)), (np.int64(2166), np.int64(455))]
2025-10-21 14:52:50 [TRACE] 【坐标太近】视为重复
2025-10-21 14:52:50 [TRACE] 【没有通过的坐标】开始下一轮
2025-10-21 14:52:50 [TRACE] 【本轮的坐标】：(np.int64(2167), np.int64(456)) ------------
2025-10-21 14:52:50 [TRACE] 【已点击过的坐标】：[(-10, -10), (np.int64(997), np.int64(455)), (np.int64(1387), np.int64(455)), (np.int64(1776), np.int64(455)), (np.int64(2166), np.int64(455))]
2025-10-21 14:52:50 [TRACE] 【坐标太近】视为重复
2025-10-21 14:52:50 [TRACE] 【没有通过的坐标】开始下一轮
2025-10-21 14:52:50 [TRACE] 【本轮的坐标】：(np.int64(997), np.int64(457)) ------------
2025-10-21 14:52:50 [TRACE] 【已点击过的坐标】：[(-10, -10), (np.int64(997), np.int64(455)), (np.int64(1387), np.int64(455)), (np.int64(1776), np.int64(455)), (np.int64(2166), np.int64(455))]
2025-10-21 14:52:50 [TRACE] 【坐标太近】视为重复
2025-10-21 14:52:50 [TRACE] 【没有通过的坐标】开始下一轮
2025-10-21 14:52:50 [TRACE] 【本轮的坐标】：(np.int64(1386), np.int64(457)) ------------
2025-10-21 14:52:50 [TRACE] 【已点击过的坐标】：[(-10, -10), (np.int64(997), np.int64(455)), (np.int64(1387), np.int64(455)), (np.int64(1776), np.int64(455)), (np.int64(2166), np.int64(455))]
2025-10-21 14:52:50 [TRACE] 【坐标太近】视为重复
2025-10-21 14:52:50 [TRACE] 【没有通过的坐标】开始下一轮
2025-10-21 14:52:50 [TRACE] 【本轮的坐标】：(np.int64(1387), np.int64(457)) ------------
2025-10-21 14:52:50 [TRACE] 【已点击过的坐标】：[(-10, -10), (np.int64(997), np.int64(455)), (np.int64(1387), np.int64(455)), (np.int64(1776), np.int64(455)), (np.int64(2166), np.int64(455))]
2025-10-21 14:52:50 [TRACE] 【坐标太近】视为重复
2025-10-21 14:52:50 [TRACE] 【没有通过的坐标】开始下一轮
2025-10-21 14:52:50 [TRACE] 【本轮的坐标】：(np.int64(1776), np.int64(457)) ------------
2025-10-21 14:52:50 [TRACE] 【已点击过的坐标】：[(-10, -10), (np.int64(997), np.int64(455)), (np.int64(1387), np.int64(455)), (np.int64(1776), np.int64(455)), (np.int64(2166), np.int64(455))]
2025-10-21 14:52:50 [TRACE] 【坐标太近】视为重复
2025-10-21 14:52:50 [TRACE] 【没有通过的坐标】开始下一轮
2025-10-21 14:52:50 [TRACE] 【本轮的坐标】：(np.int64(2166), np.int64(457)) ------------
2025-10-21 14:52:50 [TRACE] 【已点击过的坐标】：[(-10, -10), (np.int64(997), np.int64(455)), (np.int64(1387), np.int64(455)), (np.int64(1776), np.int64(455)), (np.int64(2166), np.int64(455))]
2025-10-21 14:52:50 [TRACE] 【坐标太近】视为重复
2025-10-21 14:52:50 [TRACE] 【没有通过的坐标】开始下一轮
2025-10-21 14:52:50 [TRACE] 【完成所有点击】有效次数：4
2025-10-21 14:52:50 [TRACE] 【目标检测】目标存在，但置信度不足
2025-10-21 14:52:51 [TRACE] 【目标检测】目标存在，但置信度不足
2025-10-21 14:52:52 [TRACE] 【目标检测】目标存在，但置信度不足
2025-10-21 14:52:54 [TRACE] 【目标检测】屏幕内没有目标
2025-10-21 14:52:55 [TRACE] 【目标检测】目标存在，但置信度不足
2025-10-21 14:52:57 [TRACE] 【目标检测】目标存在，但置信度不足
2025-10-21 14:52:57 [TRACE] 【状态】搜索模式：C:\Users\gelon\Desktop\ZA-Lite\assets/images/hollow\resonium.png 置信度：1.0
2025-10-21 14:52:57 [TRACE] 【目标出现】C:\Users\gelon\Desktop\ZA-Lite\assets/images/hollow\resonium.png 置信度：1.0
2025-10-21 14:52:57 [TRACE] 【本轮的坐标】：(np.int64(997), np.int64(455)) ------------
2025-10-21 14:52:57 [TRACE] 【已点击过的坐标】：[(-10, -10)]
2025-10-21 14:52:57 [TRACE] 【成功点击】
2025-10-21 14:52:58 [TRACE] 【目标检测】目标存在，但置信度不足
2025-10-21 14:52:58 [TRACE] 【本轮的坐标】：(np.int64(998), np.int64(455)) ------------
2025-10-21 14:52:58 [TRACE] 【已点击过的坐标】：[(-10, -10), (np.int64(997), np.int64(455))]
2025-10-21 14:52:58 [TRACE] 【坐标太近】视为重复
2025-10-21 14:52:58 [TRACE] 【没有通过的坐标】开始下一轮
2025-10-21 14:52:58 [TRACE] 【本轮的坐标】：(np.int64(1387), np.int64(455)) ------------
2025-10-21 14:52:58 [TRACE] 【已点击过的坐标】：[(-10, -10), (np.int64(997), np.int64(455))]
2025-10-21 14:52:58 [TRACE] 【成功点击】
2025-10-21 14:52:59 [TRACE] 【本轮的坐标】：(np.int64(1776), np.int64(455)) ------------
2025-10-21 14:52:59 [TRACE] 【已点击过的坐标】：[(-10, -10), (np.int64(997), np.int64(455)), (np.int64(1387), np.int64(455))]
2025-10-21 14:52:59 [TRACE] 【成功点击】
2025-10-21 14:52:59 [TRACE] 【目标检测】目标存在，但置信度不足
2025-10-21 14:53:00 [TRACE] 【本轮的坐标】：(np.int64(1777), np.int64(455)) ------------
2025-10-21 14:53:00 [TRACE] 【已点击过的坐标】：[(-10, -10), (np.int64(997), np.int64(455)), (np.int64(1387), np.int64(455)), (np.int64(1776), np.int64(455))]
2025-10-21 14:53:00 [TRACE] 【坐标太近】视为重复
2025-10-21 14:53:00 [TRACE] 【没有通过的坐标】开始下一轮
2025-10-21 14:53:00 [TRACE] 【本轮的坐标】：(np.int64(2166), np.int64(455)) ------------
2025-10-21 14:53:00 [TRACE] 【已点击过的坐标】：[(-10, -10), (np.int64(997), np.int64(455)), (np.int64(1387), np.int64(455)), (np.int64(1776), np.int64(455))]
2025-10-21 14:53:00 [TRACE] 【成功点击】
2025-10-21 14:53:00 [TRACE] 【目标检测】目标存在，但置信度不足
2025-10-21 14:53:00 [TRACE] 【本轮的坐标】：(np.int64(996), np.int64(456)) ------------
2025-10-21 14:53:00 [TRACE] 【已点击过的坐标】：[(-10, -10), (np.int64(997), np.int64(455)), (np.int64(1387), np.int64(455)), (np.int64(1776), np.int64(455)), (np.int64(2166), np.int64(455))]
2025-10-21 14:53:00 [TRACE] 【坐标太近】视为重复
2025-10-21 14:53:00 [TRACE] 【没有通过的坐标】开始下一轮
2025-10-21 14:53:00 [TRACE] 【本轮的坐标】：(np.int64(997), np.int64(456)) ------------
2025-10-21 14:53:00 [TRACE] 【已点击过的坐标】：[(-10, -10), (np.int64(997), np.int64(455)), (np.int64(1387), np.int64(455)), (np.int64(1776), np.int64(455)), (np.int64(2166), np.int64(455))]
2025-10-21 14:53:00 [TRACE] 【坐标太近】视为重复
2025-10-21 14:53:00 [TRACE] 【没有通过的坐标】开始下一轮
2025-10-21 14:53:00 [TRACE] 【本轮的坐标】：(np.int64(998), np.int64(456)) ------------
2025-10-21 14:53:00 [TRACE] 【已点击过的坐标】：[(-10, -10), (np.int64(997), np.int64(455)), (np.int64(1387), np.int64(455)), (np.int64(1776), np.int64(455)), (np.int64(2166), np.int64(455))]
2025-10-21 14:53:00 [TRACE] 【坐标太近】视为重复
2025-10-21 14:53:00 [TRACE] 【没有通过的坐标】开始下一轮
2025-10-21 14:53:00 [TRACE] 【本轮的坐标】：(np.int64(1386), np.int64(456)) ------------
2025-10-21 14:53:00 [TRACE] 【已点击过的坐标】：[(-10, -10), (np.int64(997), np.int64(455)), (np.int64(1387), np.int64(455)), (np.int64(1776), np.int64(455)), (np.int64(2166), np.int64(455))]
2025-10-21 14:53:00 [TRACE] 【坐标太近】视为重复
2025-10-21 14:53:00 [TRACE] 【没有通过的坐标】开始下一轮
2025-10-21 14:53:00 [TRACE] 【本轮的坐标】：(np.int64(1387), np.int64(456)) ------------
2025-10-21 14:53:00 [TRACE] 【已点击过的坐标】：[(-10, -10), (np.int64(997), np.int64(455)), (np.int64(1387), np.int64(455)), (np.int64(1776), np.int64(455)), (np.int64(2166), np.int64(455))]
2025-10-21 14:53:00 [TRACE] 【坐标太近】视为重复
2025-10-21 14:53:00 [TRACE] 【没有通过的坐标】开始下一轮
2025-10-21 14:53:00 [TRACE] 【本轮的坐标】：(np.int64(1388), np.int64(456)) ------------
2025-10-21 14:53:00 [TRACE] 【已点击过的坐标】：[(-10, -10), (np.int64(997), np.int64(455)), (np.int64(1387), np.int64(455)), (np.int64(1776), np.int64(455)), (np.int64(2166), np.int64(455))]
2025-10-21 14:53:00 [TRACE] 【坐标太近】视为重复
2025-10-21 14:53:00 [TRACE] 【没有通过的坐标】开始下一轮
2025-10-21 14:53:00 [TRACE] 【本轮的坐标】：(np.int64(1775), np.int64(456)) ------------
2025-10-21 14:53:00 [TRACE] 【已点击过的坐标】：[(-10, -10), (np.int64(997), np.int64(455)), (np.int64(1387), np.int64(455)), (np.int64(1776), np.int64(455)), (np.int64(2166), np.int64(455))]
2025-10-21 14:53:00 [TRACE] 【坐标太近】视为重复
2025-10-21 14:53:00 [TRACE] 【没有通过的坐标】开始下一轮
2025-10-21 14:53:00 [TRACE] 【本轮的坐标】：(np.int64(1776), np.int64(456)) ------------
2025-10-21 14:53:00 [TRACE] 【已点击过的坐标】：[(-10, -10), (np.int64(997), np.int64(455)), (np.int64(1387), np.int64(455)), (np.int64(1776), np.int64(455)), (np.int64(2166), np.int64(455))]
2025-10-21 14:53:00 [TRACE] 【坐标太近】视为重复
2025-10-21 14:53:00 [TRACE] 【没有通过的坐标】开始下一轮
2025-10-21 14:53:00 [TRACE] 【本轮的坐标】：(np.int64(1777), np.int64(456)) ------------
2025-10-21 14:53:00 [TRACE] 【已点击过的坐标】：[(-10, -10), (np.int64(997), np.int64(455)), (np.int64(1387), np.int64(455)), (np.int64(1776), np.int64(455)), (np.int64(2166), np.int64(455))]
2025-10-21 14:53:00 [TRACE] 【坐标太近】视为重复
2025-10-21 14:53:00 [TRACE] 【没有通过的坐标】开始下一轮
2025-10-21 14:53:00 [TRACE] 【本轮的坐标】：(np.int64(1778), np.int64(456)) ------------
2025-10-21 14:53:00 [TRACE] 【已点击过的坐标】：[(-10, -10), (np.int64(997), np.int64(455)), (np.int64(1387), np.int64(455)), (np.int64(1776), np.int64(455)), (np.int64(2166), np.int64(455))]
2025-10-21 14:53:00 [TRACE] 【坐标太近】视为重复
2025-10-21 14:53:00 [TRACE] 【没有通过的坐标】开始下一轮
2025-10-21 14:53:00 [TRACE] 【本轮的坐标】：(np.int64(2165), np.int64(456)) ------------
2025-10-21 14:53:00 [TRACE] 【已点击过的坐标】：[(-10, -10), (np.int64(997), np.int64(455)), (np.int64(1387), np.int64(455)), (np.int64(1776), np.int64(455)), (np.int64(2166), np.int64(455))]
2025-10-21 14:53:00 [TRACE] 【坐标太近】视为重复
2025-10-21 14:53:00 [TRACE] 【没有通过的坐标】开始下一轮
2025-10-21 14:53:00 [TRACE] 【本轮的坐标】：(np.int64(2166), np.int64(456)) ------------
2025-10-21 14:53:00 [TRACE] 【已点击过的坐标】：[(-10, -10), (np.int64(997), np.int64(455)), (np.int64(1387), np.int64(455)), (np.int64(1776), np.int64(455)), (np.int64(2166), np.int64(455))]
2025-10-21 14:53:00 [TRACE] 【坐标太近】视为重复
2025-10-21 14:53:00 [TRACE] 【没有通过的坐标】开始下一轮
2025-10-21 14:53:00 [TRACE] 【本轮的坐标】：(np.int64(2167), np.int64(456)) ------------
2025-10-21 14:53:00 [TRACE] 【已点击过的坐标】：[(-10, -10), (np.int64(997), np.int64(455)), (np.int64(1387), np.int64(455)), (np.int64(1776), np.int64(455)), (np.int64(2166), np.int64(455))]
2025-10-21 14:53:00 [TRACE] 【坐标太近】视为重复
2025-10-21 14:53:00 [TRACE] 【没有通过的坐标】开始下一轮
2025-10-21 14:53:00 [TRACE] 【本轮的坐标】：(np.int64(997), np.int64(457)) ------------
2025-10-21 14:53:00 [TRACE] 【已点击过的坐标】：[(-10, -10), (np.int64(997), np.int64(455)), (np.int64(1387), np.int64(455)), (np.int64(1776), np.int64(455)), (np.int64(2166), np.int64(455))]
2025-10-21 14:53:00 [TRACE] 【坐标太近】视为重复
2025-10-21 14:53:00 [TRACE] 【没有通过的坐标】开始下一轮
2025-10-21 14:53:01 [TRACE] 【本轮的坐标】：(np.int64(1386), np.int64(457)) ------------
2025-10-21 14:53:01 [TRACE] 【已点击过的坐标】：[(-10, -10), (np.int64(997), np.int64(455)), (np.int64(1387), np.int64(455)), (np.int64(1776), np.int64(455)), (np.int64(2166), np.int64(455))]
2025-10-21 14:53:01 [TRACE] 【坐标太近】视为重复
2025-10-21 14:53:01 [TRACE] 【没有通过的坐标】开始下一轮
2025-10-21 14:53:01 [TRACE] 【本轮的坐标】：(np.int64(1387), np.int64(457)) ------------
2025-10-21 14:53:01 [TRACE] 【已点击过的坐标】：[(-10, -10), (np.int64(997), np.int64(455)), (np.int64(1387), np.int64(455)), (np.int64(1776), np.int64(455)), (np.int64(2166), np.int64(455))]
2025-10-21 14:53:01 [TRACE] 【坐标太近】视为重复
2025-10-21 14:53:01 [TRACE] 【没有通过的坐标】开始下一轮
2025-10-21 14:53:01 [TRACE] 【本轮的坐标】：(np.int64(1776), np.int64(457)) ------------
2025-10-21 14:53:01 [TRACE] 【已点击过的坐标】：[(-10, -10), (np.int64(997), np.int64(455)), (np.int64(1387), np.int64(455)), (np.int64(1776), np.int64(455)), (np.int64(2166), np.int64(455))]
2025-10-21 14:53:01 [TRACE] 【坐标太近】视为重复
2025-10-21 14:53:01 [TRACE] 【没有通过的坐标】开始下一轮
2025-10-21 14:53:01 [TRACE] 【本轮的坐标】：(np.int64(2166), np.int64(457)) ------------
2025-10-21 14:53:01 [TRACE] 【已点击过的坐标】：[(-10, -10), (np.int64(997), np.int64(455)), (np.int64(1387), np.int64(455)), (np.int64(1776), np.int64(455)), (np.int64(2166), np.int64(455))]
2025-10-21 14:53:01 [TRACE] 【坐标太近】视为重复
2025-10-21 14:53:01 [TRACE] 【没有通过的坐标】开始下一轮
2025-10-21 14:53:01 [TRACE] 【完成所有点击】有效次数：4
2025-10-21 14:53:02 [TRACE] 【目标检测】目标存在，但置信度不足
2025-10-21 14:53:03 [TRACE] 【目标检测】目标存在，但置信度不足
2025-10-21 14:53:04 [TRACE] 【目标检测】屏幕内没有目标
2025-10-21 14:53:05 [TRACE] 【目标检测】屏幕内没有目标
2025-10-21 14:53:07 [TRACE] 【状态】搜索模式：C:\Users\gelon\Desktop\ZA-Lite\assets/images/hollow\resonium.png 置信度：1.0
2025-10-21 14:53:07 [TRACE] 【目标出现】C:\Users\gelon\Desktop\ZA-Lite\assets/images/hollow\resonium.png 置信度：1.0
2025-10-21 14:53:08 [TRACE] 【本轮的坐标】：(np.int64(997), np.int64(455)) ------------
2025-10-21 14:53:08 [TRACE] 【已点击过的坐标】：[(-10, -10)]
2025-10-21 14:53:08 [TRACE] 【成功点击】
2025-10-21 14:53:08 [TRACE] 【目标检测】目标存在，但置信度不足
2025-10-21 14:53:08 [TRACE] 【本轮的坐标】：(np.int64(998), np.int64(455)) ------------
2025-10-21 14:53:08 [TRACE] 【已点击过的坐标】：[(-10, -10), (np.int64(997), np.int64(455))]
2025-10-21 14:53:08 [TRACE] 【坐标太近】视为重复
2025-10-21 14:53:08 [TRACE] 【没有通过的坐标】开始下一轮
2025-10-21 14:53:08 [TRACE] 【本轮的坐标】：(np.int64(1387), np.int64(455)) ------------
2025-10-21 14:53:08 [TRACE] 【已点击过的坐标】：[(-10, -10), (np.int64(997), np.int64(455))]
2025-10-21 14:53:08 [TRACE] 【成功点击】
2025-10-21 14:53:09 [TRACE] 【本轮的坐标】：(np.int64(1776), np.int64(455)) ------------
2025-10-21 14:53:09 [TRACE] 【已点击过的坐标】：[(-10, -10), (np.int64(997), np.int64(455)), (np.int64(1387), np.int64(455))]
2025-10-21 14:53:09 [TRACE] 【成功点击】
2025-10-21 14:53:09 [TRACE] 【目标检测】目标存在，但置信度不足
2025-10-21 14:53:10 [TRACE] 【本轮的坐标】：(np.int64(1777), np.int64(455)) ------------
2025-10-21 14:53:10 [TRACE] 【已点击过的坐标】：[(-10, -10), (np.int64(997), np.int64(455)), (np.int64(1387), np.int64(455)), (np.int64(1776), np.int64(455))]
2025-10-21 14:53:10 [TRACE] 【坐标太近】视为重复
2025-10-21 14:53:10 [TRACE] 【没有通过的坐标】开始下一轮
2025-10-21 14:53:10 [TRACE] 【本轮的坐标】：(np.int64(2166), np.int64(455)) ------------
2025-10-21 14:53:10 [TRACE] 【已点击过的坐标】：[(-10, -10), (np.int64(997), np.int64(455)), (np.int64(1387), np.int64(455)), (np.int64(1776), np.int64(455))]
2025-10-21 14:53:10 [TRACE] 【成功点击】
2025-10-21 14:53:10 [TRACE] 【目标检测】目标存在，但置信度不足
2025-10-21 14:53:10 [TRACE] 【本轮的坐标】：(np.int64(996), np.int64(456)) ------------
2025-10-21 14:53:10 [TRACE] 【已点击过的坐标】：[(-10, -10), (np.int64(997), np.int64(455)), (np.int64(1387), np.int64(455)), (np.int64(1776), np.int64(455)), (np.int64(2166), np.int64(455))]
2025-10-21 14:53:10 [TRACE] 【坐标太近】视为重复
2025-10-21 14:53:10 [TRACE] 【没有通过的坐标】开始下一轮
2025-10-21 14:53:10 [TRACE] 【本轮的坐标】：(np.int64(997), np.int64(456)) ------------
2025-10-21 14:53:10 [TRACE] 【已点击过的坐标】：[(-10, -10), (np.int64(997), np.int64(455)), (np.int64(1387), np.int64(455)), (np.int64(1776), np.int64(455)), (np.int64(2166), np.int64(455))]
2025-10-21 14:53:10 [TRACE] 【坐标太近】视为重复
2025-10-21 14:53:10 [TRACE] 【没有通过的坐标】开始下一轮
2025-10-21 14:53:10 [TRACE] 【本轮的坐标】：(np.int64(998), np.int64(456)) ------------
2025-10-21 14:53:10 [TRACE] 【已点击过的坐标】：[(-10, -10), (np.int64(997), np.int64(455)), (np.int64(1387), np.int64(455)), (np.int64(1776), np.int64(455)), (np.int64(2166), np.int64(455))]
2025-10-21 14:53:10 [TRACE] 【坐标太近】视为重复
2025-10-21 14:53:10 [TRACE] 【没有通过的坐标】开始下一轮
2025-10-21 14:53:10 [TRACE] 【本轮的坐标】：(np.int64(1386), np.int64(456)) ------------
2025-10-21 14:53:10 [TRACE] 【已点击过的坐标】：[(-10, -10), (np.int64(997), np.int64(455)), (np.int64(1387), np.int64(455)), (np.int64(1776), np.int64(455)), (np.int64(2166), np.int64(455))]
2025-10-21 14:53:10 [TRACE] 【坐标太近】视为重复
2025-10-21 14:53:10 [TRACE] 【没有通过的坐标】开始下一轮
2025-10-21 14:53:10 [TRACE] 【本轮的坐标】：(np.int64(1387), np.int64(456)) ------------
2025-10-21 14:53:10 [TRACE] 【已点击过的坐标】：[(-10, -10), (np.int64(997), np.int64(455)), (np.int64(1387), np.int64(455)), (np.int64(1776), np.int64(455)), (np.int64(2166), np.int64(455))]
2025-10-21 14:53:10 [TRACE] 【坐标太近】视为重复
2025-10-21 14:53:10 [TRACE] 【没有通过的坐标】开始下一轮
2025-10-21 14:53:10 [TRACE] 【本轮的坐标】：(np.int64(1388), np.int64(456)) ------------
2025-10-21 14:53:10 [TRACE] 【已点击过的坐标】：[(-10, -10), (np.int64(997), np.int64(455)), (np.int64(1387), np.int64(455)), (np.int64(1776), np.int64(455)), (np.int64(2166), np.int64(455))]
2025-10-21 14:53:10 [TRACE] 【坐标太近】视为重复
2025-10-21 14:53:10 [TRACE] 【没有通过的坐标】开始下一轮
2025-10-21 14:53:10 [TRACE] 【本轮的坐标】：(np.int64(1775), np.int64(456)) ------------
2025-10-21 14:53:10 [TRACE] 【已点击过的坐标】：[(-10, -10), (np.int64(997), np.int64(455)), (np.int64(1387), np.int64(455)), (np.int64(1776), np.int64(455)), (np.int64(2166), np.int64(455))]
2025-10-21 14:53:10 [TRACE] 【坐标太近】视为重复
2025-10-21 14:53:10 [TRACE] 【没有通过的坐标】开始下一轮
2025-10-21 14:53:10 [TRACE] 【本轮的坐标】：(np.int64(1776), np.int64(456)) ------------
2025-10-21 14:53:10 [TRACE] 【已点击过的坐标】：[(-10, -10), (np.int64(997), np.int64(455)), (np.int64(1387), np.int64(455)), (np.int64(1776), np.int64(455)), (np.int64(2166), np.int64(455))]
2025-10-21 14:53:10 [TRACE] 【坐标太近】视为重复
2025-10-21 14:53:10 [TRACE] 【没有通过的坐标】开始下一轮
2025-10-21 14:53:10 [TRACE] 【本轮的坐标】：(np.int64(1777), np.int64(456)) ------------
2025-10-21 14:53:10 [TRACE] 【已点击过的坐标】：[(-10, -10), (np.int64(997), np.int64(455)), (np.int64(1387), np.int64(455)), (np.int64(1776), np.int64(455)), (np.int64(2166), np.int64(455))]
2025-10-21 14:53:10 [TRACE] 【坐标太近】视为重复
2025-10-21 14:53:10 [TRACE] 【没有通过的坐标】开始下一轮
2025-10-21 14:53:10 [TRACE] 【本轮的坐标】：(np.int64(1778), np.int64(456)) ------------
2025-10-21 14:53:10 [TRACE] 【已点击过的坐标】：[(-10, -10), (np.int64(997), np.int64(455)), (np.int64(1387), np.int64(455)), (np.int64(1776), np.int64(455)), (np.int64(2166), np.int64(455))]
2025-10-21 14:53:10 [TRACE] 【坐标太近】视为重复
2025-10-21 14:53:10 [TRACE] 【没有通过的坐标】开始下一轮
2025-10-21 14:53:10 [TRACE] 【本轮的坐标】：(np.int64(2165), np.int64(456)) ------------
2025-10-21 14:53:10 [TRACE] 【已点击过的坐标】：[(-10, -10), (np.int64(997), np.int64(455)), (np.int64(1387), np.int64(455)), (np.int64(1776), np.int64(455)), (np.int64(2166), np.int64(455))]
2025-10-21 14:53:10 [TRACE] 【坐标太近】视为重复
2025-10-21 14:53:10 [TRACE] 【没有通过的坐标】开始下一轮
2025-10-21 14:53:10 [TRACE] 【本轮的坐标】：(np.int64(2166), np.int64(456)) ------------
2025-10-21 14:53:10 [TRACE] 【已点击过的坐标】：[(-10, -10), (np.int64(997), np.int64(455)), (np.int64(1387), np.int64(455)), (np.int64(1776), np.int64(455)), (np.int64(2166), np.int64(455))]
2025-10-21 14:53:10 [TRACE] 【坐标太近】视为重复
2025-10-21 14:53:10 [TRACE] 【没有通过的坐标】开始下一轮
2025-10-21 14:53:10 [TRACE] 【本轮的坐标】：(np.int64(2167), np.int64(456)) ------------
2025-10-21 14:53:10 [TRACE] 【已点击过的坐标】：[(-10, -10), (np.int64(997), np.int64(455)), (np.int64(1387), np.int64(455)), (np.int64(1776), np.int64(455)), (np.int64(2166), np.int64(455))]
2025-10-21 14:53:10 [TRACE] 【坐标太近】视为重复
2025-10-21 14:53:10 [TRACE] 【没有通过的坐标】开始下一轮
2025-10-21 14:53:10 [TRACE] 【本轮的坐标】：(np.int64(997), np.int64(457)) ------------
2025-10-21 14:53:10 [TRACE] 【已点击过的坐标】：[(-10, -10), (np.int64(997), np.int64(455)), (np.int64(1387), np.int64(455)), (np.int64(1776), np.int64(455)), (np.int64(2166), np.int64(455))]
2025-10-21 14:53:10 [TRACE] 【坐标太近】视为重复
2025-10-21 14:53:10 [TRACE] 【没有通过的坐标】开始下一轮
2025-10-21 14:53:10 [TRACE] 【本轮的坐标】：(np.int64(1386), np.int64(457)) ------------
2025-10-21 14:53:10 [TRACE] 【已点击过的坐标】：[(-10, -10), (np.int64(997), np.int64(455)), (np.int64(1387), np.int64(455)), (np.int64(1776), np.int64(455)), (np.int64(2166), np.int64(455))]
2025-10-21 14:53:10 [TRACE] 【坐标太近】视为重复
2025-10-21 14:53:10 [TRACE] 【没有通过的坐标】开始下一轮
2025-10-21 14:53:10 [TRACE] 【本轮的坐标】：(np.int64(1387), np.int64(457)) ------------
2025-10-21 14:53:10 [TRACE] 【已点击过的坐标】：[(-10, -10), (np.int64(997), np.int64(455)), (np.int64(1387), np.int64(455)), (np.int64(1776), np.int64(455)), (np.int64(2166), np.int64(455))]
2025-10-21 14:53:10 [TRACE] 【坐标太近】视为重复
2025-10-21 14:53:10 [TRACE] 【没有通过的坐标】开始下一轮
2025-10-21 14:53:10 [TRACE] 【本轮的坐标】：(np.int64(1776), np.int64(457)) ------------
2025-10-21 14:53:10 [TRACE] 【已点击过的坐标】：[(-10, -10), (np.int64(997), np.int64(455)), (np.int64(1387), np.int64(455)), (np.int64(1776), np.int64(455)), (np.int64(2166), np.int64(455))]
2025-10-21 14:53:10 [TRACE] 【坐标太近】视为重复
2025-10-21 14:53:10 [TRACE] 【没有通过的坐标】开始下一轮
2025-10-21 14:53:10 [TRACE] 【本轮的坐标】：(np.int64(2166), np.int64(457)) ------------
2025-10-21 14:53:10 [TRACE] 【已点击过的坐标】：[(-10, -10), (np.int64(997), np.int64(455)), (np.int64(1387), np.int64(455)), (np.int64(1776), np.int64(455)), (np.int64(2166), np.int64(455))]
2025-10-21 14:53:10 [TRACE] 【坐标太近】视为重复
2025-10-21 14:53:10 [TRACE] 【没有通过的坐标】开始下一轮
2025-10-21 14:53:10 [TRACE] 【完成所有点击】有效次数：4
2025-10-21 14:53:13 [TRACE] 【目标检测】目标存在，但置信度不足
2025-10-21 14:53:14 [TRACE] 【目标检测】屏幕内没有目标
2025-10-21 14:53:15 [TRACE] 【目标检测】屏幕内没有目标
2025-10-21 14:53:17 [TRACE] 【目标检测】目标存在，但置信度不足
2025-10-21 14:53:17 [TRACE] 【状态】搜索模式：C:\Users\gelon\Desktop\ZA-Lite\assets/images/hollow\resonium.png 置信度：1.0
2025-10-21 14:53:17 [TRACE] 【目标出现】C:\Users\gelon\Desktop\ZA-Lite\assets/images/hollow\resonium.png 置信度：1.0
2025-10-21 14:53:18 [TRACE] 【本轮的坐标】：(np.int64(997), np.int64(455)) ------------
2025-10-21 14:53:18 [TRACE] 【已点击过的坐标】：[(-10, -10)]
2025-10-21 14:53:18 [TRACE] 【成功点击】
2025-10-21 14:53:18 [TRACE] 【目标检测】目标存在，但置信度不足
2025-10-21 14:53:18 [TRACE] 【本轮的坐标】：(np.int64(998), np.int64(455)) ------------
2025-10-21 14:53:18 [TRACE] 【已点击过的坐标】：[(-10, -10), (np.int64(997), np.int64(455))]
2025-10-21 14:53:18 [TRACE] 【坐标太近】视为重复
2025-10-21 14:53:18 [TRACE] 【没有通过的坐标】开始下一轮
2025-10-21 14:53:18 [TRACE] 【本轮的坐标】：(np.int64(1387), np.int64(455)) ------------
2025-10-21 14:53:18 [TRACE] 【已点击过的坐标】：[(-10, -10), (np.int64(997), np.int64(455))]
2025-10-21 14:53:18 [TRACE] 【成功点击】
2025-10-21 14:53:19 [TRACE] 【目标检测】目标存在，但置信度不足
2025-10-21 14:53:19 [TRACE] 【本轮的坐标】：(np.int64(1776), np.int64(455)) ------------
2025-10-21 14:53:19 [TRACE] 【已点击过的坐标】：[(-10, -10), (np.int64(997), np.int64(455)), (np.int64(1387), np.int64(455))]
2025-10-21 14:53:19 [TRACE] 【成功点击】
2025-10-21 14:53:20 [TRACE] 【本轮的坐标】：(np.int64(1777), np.int64(455)) ------------
2025-10-21 14:53:20 [TRACE] 【已点击过的坐标】：[(-10, -10), (np.int64(997), np.int64(455)), (np.int64(1387), np.int64(455)), (np.int64(1776), np.int64(455))]
2025-10-21 14:53:20 [TRACE] 【坐标太近】视为重复
2025-10-21 14:53:20 [TRACE] 【没有通过的坐标】开始下一轮
2025-10-21 14:53:20 [TRACE] 【本轮的坐标】：(np.int64(2166), np.int64(455)) ------------
2025-10-21 14:53:20 [TRACE] 【已点击过的坐标】：[(-10, -10), (np.int64(997), np.int64(455)), (np.int64(1387), np.int64(455)), (np.int64(1776), np.int64(455))]
2025-10-21 14:53:20 [TRACE] 【成功点击】
2025-10-21 14:53:20 [TRACE] 【目标检测】目标存在，但置信度不足
2025-10-21 14:53:21 [TRACE] 【本轮的坐标】：(np.int64(996), np.int64(456)) ------------
2025-10-21 14:53:21 [TRACE] 【已点击过的坐标】：[(-10, -10), (np.int64(997), np.int64(455)), (np.int64(1387), np.int64(455)), (np.int64(1776), np.int64(455)), (np.int64(2166), np.int64(455))]
2025-10-21 14:53:21 [TRACE] 【坐标太近】视为重复
2025-10-21 14:53:21 [TRACE] 【没有通过的坐标】开始下一轮
2025-10-21 14:53:21 [TRACE] 【本轮的坐标】：(np.int64(997), np.int64(456)) ------------
2025-10-21 14:53:21 [TRACE] 【已点击过的坐标】：[(-10, -10), (np.int64(997), np.int64(455)), (np.int64(1387), np.int64(455)), (np.int64(1776), np.int64(455)), (np.int64(2166), np.int64(455))]
2025-10-21 14:53:21 [TRACE] 【坐标太近】视为重复
2025-10-21 14:53:21 [TRACE] 【没有通过的坐标】开始下一轮
2025-10-21 14:53:21 [TRACE] 【本轮的坐标】：(np.int64(998), np.int64(456)) ------------
2025-10-21 14:53:21 [TRACE] 【已点击过的坐标】：[(-10, -10), (np.int64(997), np.int64(455)), (np.int64(1387), np.int64(455)), (np.int64(1776), np.int64(455)), (np.int64(2166), np.int64(455))]
2025-10-21 14:53:21 [TRACE] 【坐标太近】视为重复
2025-10-21 14:53:21 [TRACE] 【没有通过的坐标】开始下一轮
2025-10-21 14:53:21 [TRACE] 【本轮的坐标】：(np.int64(1386), np.int64(456)) ------------
2025-10-21 14:53:21 [TRACE] 【已点击过的坐标】：[(-10, -10), (np.int64(997), np.int64(455)), (np.int64(1387), np.int64(455)), (np.int64(1776), np.int64(455)), (np.int64(2166), np.int64(455))]
2025-10-21 14:53:21 [TRACE] 【坐标太近】视为重复
2025-10-21 14:53:21 [TRACE] 【没有通过的坐标】开始下一轮
2025-10-21 14:53:21 [TRACE] 【本轮的坐标】：(np.int64(1387), np.int64(456)) ------------
2025-10-21 14:53:21 [TRACE] 【已点击过的坐标】：[(-10, -10), (np.int64(997), np.int64(455)), (np.int64(1387), np.int64(455)), (np.int64(1776), np.int64(455)), (np.int64(2166), np.int64(455))]
2025-10-21 14:53:21 [TRACE] 【坐标太近】视为重复
2025-10-21 14:53:21 [TRACE] 【没有通过的坐标】开始下一轮
2025-10-21 14:53:21 [TRACE] 【本轮的坐标】：(np.int64(1388), np.int64(456)) ------------
2025-10-21 14:53:21 [TRACE] 【已点击过的坐标】：[(-10, -10), (np.int64(997), np.int64(455)), (np.int64(1387), np.int64(455)), (np.int64(1776), np.int64(455)), (np.int64(2166), np.int64(455))]
2025-10-21 14:53:21 [TRACE] 【坐标太近】视为重复
2025-10-21 14:53:21 [TRACE] 【没有通过的坐标】开始下一轮
2025-10-21 14:53:21 [TRACE] 【本轮的坐标】：(np.int64(1775), np.int64(456)) ------------
2025-10-21 14:53:21 [TRACE] 【已点击过的坐标】：[(-10, -10), (np.int64(997), np.int64(455)), (np.int64(1387), np.int64(455)), (np.int64(1776), np.int64(455)), (np.int64(2166), np.int64(455))]
2025-10-21 14:53:21 [TRACE] 【坐标太近】视为重复
2025-10-21 14:53:21 [TRACE] 【没有通过的坐标】开始下一轮
2025-10-21 14:53:21 [TRACE] 【本轮的坐标】：(np.int64(1776), np.int64(456)) ------------
2025-10-21 14:53:21 [TRACE] 【已点击过的坐标】：[(-10, -10), (np.int64(997), np.int64(455)), (np.int64(1387), np.int64(455)), (np.int64(1776), np.int64(455)), (np.int64(2166), np.int64(455))]
2025-10-21 14:53:21 [TRACE] 【坐标太近】视为重复
2025-10-21 14:53:21 [TRACE] 【没有通过的坐标】开始下一轮
2025-10-21 14:53:21 [TRACE] 【本轮的坐标】：(np.int64(1777), np.int64(456)) ------------
2025-10-21 14:53:21 [TRACE] 【已点击过的坐标】：[(-10, -10), (np.int64(997), np.int64(455)), (np.int64(1387), np.int64(455)), (np.int64(1776), np.int64(455)), (np.int64(2166), np.int64(455))]
2025-10-21 14:53:21 [TRACE] 【坐标太近】视为重复
2025-10-21 14:53:21 [TRACE] 【没有通过的坐标】开始下一轮
2025-10-21 14:53:21 [TRACE] 【本轮的坐标】：(np.int64(1778), np.int64(456)) ------------
2025-10-21 14:53:21 [TRACE] 【已点击过的坐标】：[(-10, -10), (np.int64(997), np.int64(455)), (np.int64(1387), np.int64(455)), (np.int64(1776), np.int64(455)), (np.int64(2166), np.int64(455))]
2025-10-21 14:53:21 [TRACE] 【坐标太近】视为重复
2025-10-21 14:53:21 [TRACE] 【没有通过的坐标】开始下一轮
2025-10-21 14:53:21 [TRACE] 【本轮的坐标】：(np.int64(2165), np.int64(456)) ------------
2025-10-21 14:53:21 [TRACE] 【已点击过的坐标】：[(-10, -10), (np.int64(997), np.int64(455)), (np.int64(1387), np.int64(455)), (np.int64(1776), np.int64(455)), (np.int64(2166), np.int64(455))]
2025-10-21 14:53:21 [TRACE] 【坐标太近】视为重复
2025-10-21 14:53:21 [TRACE] 【没有通过的坐标】开始下一轮
2025-10-21 14:53:21 [TRACE] 【本轮的坐标】：(np.int64(2166), np.int64(456)) ------------
2025-10-21 14:53:21 [TRACE] 【已点击过的坐标】：[(-10, -10), (np.int64(997), np.int64(455)), (np.int64(1387), np.int64(455)), (np.int64(1776), np.int64(455)), (np.int64(2166), np.int64(455))]
2025-10-21 14:53:21 [TRACE] 【坐标太近】视为重复
2025-10-21 14:53:21 [TRACE] 【没有通过的坐标】开始下一轮
2025-10-21 14:53:21 [TRACE] 【本轮的坐标】：(np.int64(2167), np.int64(456)) ------------
2025-10-21 14:53:21 [TRACE] 【已点击过的坐标】：[(-10, -10), (np.int64(997), np.int64(455)), (np.int64(1387), np.int64(455)), (np.int64(1776), np.int64(455)), (np.int64(2166), np.int64(455))]
2025-10-21 14:53:21 [TRACE] 【坐标太近】视为重复
2025-10-21 14:53:21 [TRACE] 【没有通过的坐标】开始下一轮
2025-10-21 14:53:21 [TRACE] 【本轮的坐标】：(np.int64(997), np.int64(457)) ------------
2025-10-21 14:53:21 [TRACE] 【已点击过的坐标】：[(-10, -10), (np.int64(997), np.int64(455)), (np.int64(1387), np.int64(455)), (np.int64(1776), np.int64(455)), (np.int64(2166), np.int64(455))]
2025-10-21 14:53:21 [TRACE] 【坐标太近】视为重复
2025-10-21 14:53:21 [TRACE] 【没有通过的坐标】开始下一轮
2025-10-21 14:53:21 [TRACE] 【本轮的坐标】：(np.int64(1386), np.int64(457)) ------------
2025-10-21 14:53:21 [TRACE] 【已点击过的坐标】：[(-10, -10), (np.int64(997), np.int64(455)), (np.int64(1387), np.int64(455)), (np.int64(1776), np.int64(455)), (np.int64(2166), np.int64(455))]
2025-10-21 14:53:21 [TRACE] 【坐标太近】视为重复
2025-10-21 14:53:21 [TRACE] 【没有通过的坐标】开始下一轮
2025-10-21 14:53:21 [TRACE] 【本轮的坐标】：(np.int64(1387), np.int64(457)) ------------
2025-10-21 14:53:21 [TRACE] 【已点击过的坐标】：[(-10, -10), (np.int64(997), np.int64(455)), (np.int64(1387), np.int64(455)), (np.int64(1776), np.int64(455)), (np.int64(2166), np.int64(455))]
2025-10-21 14:53:21 [TRACE] 【坐标太近】视为重复
2025-10-21 14:53:21 [TRACE] 【没有通过的坐标】开始下一轮
2025-10-21 14:53:21 [TRACE] 【本轮的坐标】：(np.int64(1776), np.int64(457)) ------------
2025-10-21 14:53:21 [TRACE] 【已点击过的坐标】：[(-10, -10), (np.int64(997), np.int64(455)), (np.int64(1387), np.int64(455)), (np.int64(1776), np.int64(455)), (np.int64(2166), np.int64(455))]
2025-10-21 14:53:21 [TRACE] 【坐标太近】视为重复
2025-10-21 14:53:21 [TRACE] 【没有通过的坐标】开始下一轮
2025-10-21 14:53:21 [TRACE] 【本轮的坐标】：(np.int64(2166), np.int64(457)) ------------
2025-10-21 14:53:21 [TRACE] 【已点击过的坐标】：[(-10, -10), (np.int64(997), np.int64(455)), (np.int64(1387), np.int64(455)), (np.int64(1776), np.int64(455)), (np.int64(2166), np.int64(455))]
2025-10-21 14:53:21 [TRACE] 【坐标太近】视为重复
2025-10-21 14:53:21 [TRACE] 【没有通过的坐标】开始下一轮
2025-10-21 14:53:21 [TRACE] 【完成所有点击】有效次数：4
2025-10-21 14:53:21 [TRACE] 【目标检测】目标存在，但置信度不足
2025-10-21 14:53:23 [TRACE] 【目标检测】目标存在，但置信度不足
2025-10-21 14:53:24 [TRACE] 【目标检测】目标存在，但置信度不足
2025-10-21 14:53:25 [TRACE] 【目标检测】目标存在，但置信度不足
2025-10-21 14:53:29 [TRACE] 【状态】搜索模式：C:\Users\gelon\Desktop\ZA-Lite\assets/images/hollow\next_area.png 置信度：0.9999996423721313
2025-10-21 14:53:33 [TRACE] 【目标检测】微调超时，无法对齐！
2025-10-21 14:53:35 [TRACE] 【目标检测】目标存在，但置信度不足
2025-10-21 14:53:40 [TRACE] 【状态】搜索模式：C:\Users\gelon\Desktop\ZA-Lite\assets/images/hollow\meter.png 置信度：0.9920766949653625
2025-10-21 14:53:42 [TRACE] 【目标检测】目标存在，但置信度不足
2025-10-21 14:53:46 [TRACE] 【目标检测】微调超时，无法对齐！
2025-10-21 14:53:48 [TRACE] 【状态】搜索模式：C:\Users\gelon\Desktop\ZA-Lite\assets/images/hollow\meter.png 置信度：0.936484158039093
2025-10-21 14:53:48 [TRACE] 【目标检测】TRAPPED！ 类型：guide_point 置信度：0.8825640678405762
2025-10-21 14:53:51 [TRACE] 【状态】搜索模式：C:\Users\gelon\Desktop\ZA-Lite\assets/images/hollow\resonium.png 置信度：1.0
2025-10-21 14:53:51 [TRACE] 【目标出现】C:\Users\gelon\Desktop\ZA-Lite\assets/images/hollow\resonium.png 置信度：0.9999998807907104
2025-10-21 14:53:51 [TRACE] 【本轮的坐标】：(np.int64(997), np.int64(455)) ------------
2025-10-21 14:53:51 [TRACE] 【已点击过的坐标】：[(-10, -10)]
2025-10-21 14:53:51 [TRACE] 【成功点击】
2025-10-21 14:53:52 [TRACE] 【本轮的坐标】：(np.int64(998), np.int64(455)) ------------
2025-10-21 14:53:52 [TRACE] 【已点击过的坐标】：[(-10, -10), (np.int64(997), np.int64(455))]
2025-10-21 14:53:52 [TRACE] 【坐标太近】视为重复
2025-10-21 14:53:52 [TRACE] 【没有通过的坐标】开始下一轮
2025-10-21 14:53:52 [TRACE] 【本轮的坐标】：(np.int64(1387), np.int64(455)) ------------
2025-10-21 14:53:52 [TRACE] 【已点击过的坐标】：[(-10, -10), (np.int64(997), np.int64(455))]
2025-10-21 14:53:52 [TRACE] 【成功点击】
2025-10-21 14:53:52 [TRACE] 【本轮的坐标】：(np.int64(1776), np.int64(455)) ------------
2025-10-21 14:53:52 [TRACE] 【已点击过的坐标】：[(-10, -10), (np.int64(997), np.int64(455)), (np.int64(1387), np.int64(455))]
2025-10-21 14:53:52 [TRACE] 【成功点击】
2025-10-21 14:53:53 [TRACE] 【本轮的坐标】：(np.int64(1777), np.int64(455)) ------------
2025-10-21 14:53:53 [TRACE] 【已点击过的坐标】：[(-10, -10), (np.int64(997), np.int64(455)), (np.int64(1387), np.int64(455)), (np.int64(1776), np.int64(455))]
2025-10-21 14:53:53 [TRACE] 【坐标太近】视为重复
2025-10-21 14:53:53 [TRACE] 【没有通过的坐标】开始下一轮
2025-10-21 14:53:53 [TRACE] 【本轮的坐标】：(np.int64(2166), np.int64(455)) ------------
2025-10-21 14:53:53 [TRACE] 【已点击过的坐标】：[(-10, -10), (np.int64(997), np.int64(455)), (np.int64(1387), np.int64(455)), (np.int64(1776), np.int64(455))]
2025-10-21 14:53:53 [TRACE] 【成功点击】
2025-10-21 14:53:54 [TRACE] 【本轮的坐标】：(np.int64(996), np.int64(456)) ------------
2025-10-21 14:53:54 [TRACE] 【已点击过的坐标】：[(-10, -10), (np.int64(997), np.int64(455)), (np.int64(1387), np.int64(455)), (np.int64(1776), np.int64(455)), (np.int64(2166), np.int64(455))]
2025-10-21 14:53:54 [TRACE] 【坐标太近】视为重复
2025-10-21 14:53:54 [TRACE] 【没有通过的坐标】开始下一轮
2025-10-21 14:53:54 [TRACE] 【本轮的坐标】：(np.int64(997), np.int64(456)) ------------
2025-10-21 14:53:54 [TRACE] 【已点击过的坐标】：[(-10, -10), (np.int64(997), np.int64(455)), (np.int64(1387), np.int64(455)), (np.int64(1776), np.int64(455)), (np.int64(2166), np.int64(455))]
2025-10-21 14:53:54 [TRACE] 【坐标太近】视为重复
2025-10-21 14:53:54 [TRACE] 【没有通过的坐标】开始下一轮
2025-10-21 14:53:54 [TRACE] 【本轮的坐标】：(np.int64(998), np.int64(456)) ------------
2025-10-21 14:53:54 [TRACE] 【已点击过的坐标】：[(-10, -10), (np.int64(997), np.int64(455)), (np.int64(1387), np.int64(455)), (np.int64(1776), np.int64(455)), (np.int64(2166), np.int64(455))]
2025-10-21 14:53:54 [TRACE] 【坐标太近】视为重复
2025-10-21 14:53:54 [TRACE] 【没有通过的坐标】开始下一轮
2025-10-21 14:53:54 [TRACE] 【本轮的坐标】：(np.int64(1386), np.int64(456)) ------------
2025-10-21 14:53:54 [TRACE] 【已点击过的坐标】：[(-10, -10), (np.int64(997), np.int64(455)), (np.int64(1387), np.int64(455)), (np.int64(1776), np.int64(455)), (np.int64(2166), np.int64(455))]
2025-10-21 14:53:54 [TRACE] 【坐标太近】视为重复
2025-10-21 14:53:54 [TRACE] 【没有通过的坐标】开始下一轮
2025-10-21 14:53:54 [TRACE] 【本轮的坐标】：(np.int64(1387), np.int64(456)) ------------
2025-10-21 14:53:54 [TRACE] 【已点击过的坐标】：[(-10, -10), (np.int64(997), np.int64(455)), (np.int64(1387), np.int64(455)), (np.int64(1776), np.int64(455)), (np.int64(2166), np.int64(455))]
2025-10-21 14:53:54 [TRACE] 【坐标太近】视为重复
2025-10-21 14:53:54 [TRACE] 【没有通过的坐标】开始下一轮
2025-10-21 14:53:54 [TRACE] 【本轮的坐标】：(np.int64(1388), np.int64(456)) ------------
2025-10-21 14:53:54 [TRACE] 【已点击过的坐标】：[(-10, -10), (np.int64(997), np.int64(455)), (np.int64(1387), np.int64(455)), (np.int64(1776), np.int64(455)), (np.int64(2166), np.int64(455))]
2025-10-21 14:53:54 [TRACE] 【坐标太近】视为重复
2025-10-21 14:53:54 [TRACE] 【没有通过的坐标】开始下一轮
2025-10-21 14:53:54 [TRACE] 【本轮的坐标】：(np.int64(1775), np.int64(456)) ------------
2025-10-21 14:53:54 [TRACE] 【已点击过的坐标】：[(-10, -10), (np.int64(997), np.int64(455)), (np.int64(1387), np.int64(455)), (np.int64(1776), np.int64(455)), (np.int64(2166), np.int64(455))]
2025-10-21 14:53:54 [TRACE] 【坐标太近】视为重复
2025-10-21 14:53:54 [TRACE] 【没有通过的坐标】开始下一轮
2025-10-21 14:53:54 [TRACE] 【本轮的坐标】：(np.int64(1776), np.int64(456)) ------------
2025-10-21 14:53:54 [TRACE] 【已点击过的坐标】：[(-10, -10), (np.int64(997), np.int64(455)), (np.int64(1387), np.int64(455)), (np.int64(1776), np.int64(455)), (np.int64(2166), np.int64(455))]
2025-10-21 14:53:54 [TRACE] 【坐标太近】视为重复
2025-10-21 14:53:54 [TRACE] 【没有通过的坐标】开始下一轮
2025-10-21 14:53:54 [TRACE] 【本轮的坐标】：(np.int64(1777), np.int64(456)) ------------
2025-10-21 14:53:54 [TRACE] 【已点击过的坐标】：[(-10, -10), (np.int64(997), np.int64(455)), (np.int64(1387), np.int64(455)), (np.int64(1776), np.int64(455)), (np.int64(2166), np.int64(455))]
2025-10-21 14:53:54 [TRACE] 【坐标太近】视为重复
2025-10-21 14:53:54 [TRACE] 【没有通过的坐标】开始下一轮
2025-10-21 14:53:54 [TRACE] 【本轮的坐标】：(np.int64(1778), np.int64(456)) ------------
2025-10-21 14:53:54 [TRACE] 【已点击过的坐标】：[(-10, -10), (np.int64(997), np.int64(455)), (np.int64(1387), np.int64(455)), (np.int64(1776), np.int64(455)), (np.int64(2166), np.int64(455))]
2025-10-21 14:53:54 [TRACE] 【坐标太近】视为重复
2025-10-21 14:53:54 [TRACE] 【没有通过的坐标】开始下一轮
2025-10-21 14:53:54 [TRACE] 【本轮的坐标】：(np.int64(2165), np.int64(456)) ------------
2025-10-21 14:53:54 [TRACE] 【已点击过的坐标】：[(-10, -10), (np.int64(997), np.int64(455)), (np.int64(1387), np.int64(455)), (np.int64(1776), np.int64(455)), (np.int64(2166), np.int64(455))]
2025-10-21 14:53:54 [TRACE] 【坐标太近】视为重复
2025-10-21 14:53:54 [TRACE] 【没有通过的坐标】开始下一轮
2025-10-21 14:53:54 [TRACE] 【本轮的坐标】：(np.int64(2166), np.int64(456)) ------------
2025-10-21 14:53:54 [TRACE] 【已点击过的坐标】：[(-10, -10), (np.int64(997), np.int64(455)), (np.int64(1387), np.int64(455)), (np.int64(1776), np.int64(455)), (np.int64(2166), np.int64(455))]
2025-10-21 14:53:54 [TRACE] 【坐标太近】视为重复
2025-10-21 14:53:54 [TRACE] 【没有通过的坐标】开始下一轮
2025-10-21 14:53:54 [TRACE] 【本轮的坐标】：(np.int64(2167), np.int64(456)) ------------
2025-10-21 14:53:54 [TRACE] 【已点击过的坐标】：[(-10, -10), (np.int64(997), np.int64(455)), (np.int64(1387), np.int64(455)), (np.int64(1776), np.int64(455)), (np.int64(2166), np.int64(455))]
2025-10-21 14:53:54 [TRACE] 【坐标太近】视为重复
2025-10-21 14:53:54 [TRACE] 【没有通过的坐标】开始下一轮
2025-10-21 14:53:54 [TRACE] 【本轮的坐标】：(np.int64(997), np.int64(457)) ------------
2025-10-21 14:53:54 [TRACE] 【已点击过的坐标】：[(-10, -10), (np.int64(997), np.int64(455)), (np.int64(1387), np.int64(455)), (np.int64(1776), np.int64(455)), (np.int64(2166), np.int64(455))]
2025-10-21 14:53:54 [TRACE] 【坐标太近】视为重复
2025-10-21 14:53:54 [TRACE] 【没有通过的坐标】开始下一轮
2025-10-21 14:53:54 [TRACE] 【本轮的坐标】：(np.int64(1386), np.int64(457)) ------------
2025-10-21 14:53:54 [TRACE] 【已点击过的坐标】：[(-10, -10), (np.int64(997), np.int64(455)), (np.int64(1387), np.int64(455)), (np.int64(1776), np.int64(455)), (np.int64(2166), np.int64(455))]
2025-10-21 14:53:54 [TRACE] 【坐标太近】视为重复
2025-10-21 14:53:54 [TRACE] 【没有通过的坐标】开始下一轮
2025-10-21 14:53:54 [TRACE] 【本轮的坐标】：(np.int64(1387), np.int64(457)) ------------
2025-10-21 14:53:54 [TRACE] 【已点击过的坐标】：[(-10, -10), (np.int64(997), np.int64(455)), (np.int64(1387), np.int64(455)), (np.int64(1776), np.int64(455)), (np.int64(2166), np.int64(455))]
2025-10-21 14:53:54 [TRACE] 【坐标太近】视为重复
2025-10-21 14:53:54 [TRACE] 【没有通过的坐标】开始下一轮
2025-10-21 14:53:54 [TRACE] 【本轮的坐标】：(np.int64(1776), np.int64(457)) ------------
2025-10-21 14:53:54 [TRACE] 【已点击过的坐标】：[(-10, -10), (np.int64(997), np.int64(455)), (np.int64(1387), np.int64(455)), (np.int64(1776), np.int64(455)), (np.int64(2166), np.int64(455))]
2025-10-21 14:53:54 [TRACE] 【坐标太近】视为重复
2025-10-21 14:53:54 [TRACE] 【没有通过的坐标】开始下一轮
2025-10-21 14:53:54 [TRACE] 【本轮的坐标】：(np.int64(2166), np.int64(457)) ------------
2025-10-21 14:53:54 [TRACE] 【已点击过的坐标】：[(-10, -10), (np.int64(997), np.int64(455)), (np.int64(1387), np.int64(455)), (np.int64(1776), np.int64(455)), (np.int64(2166), np.int64(455))]
2025-10-21 14:53:54 [TRACE] 【坐标太近】视为重复
2025-10-21 14:53:54 [TRACE] 【没有通过的坐标】开始下一轮
2025-10-21 14:53:54 [TRACE] 【完成所有点击】有效次数：4
2025-10-21 14:53:55 [TRACE] 【目标检测】目标存在，但置信度不足
2025-10-21 14:53:56 [TRACE] 【目标检测】目标存在，但置信度不足
2025-10-21 14:53:58 [TRACE] 【目标检测】目标存在，但置信度不足
2025-10-21 14:53:59 [TRACE] 【目标检测】目标存在，但置信度不足
2025-10-21 14:54:01 [TRACE] 【目标检测】屏幕内没有目标
2025-10-21 14:54:02 [TRACE] 【目标检测】TRAPPED！ 类型：guide_point 置信度：0.9375777244567871
2025-10-21 14:54:08 [TRACE] 【空洞监听】无匹配已持续：0秒
2025-10-21 14:54:10 [TRACE] 【目标检测】屏幕内没有目标
2025-10-21 14:54:11 [TRACE] 【目标检测】屏幕内没有目标
2025-10-21 14:54:13 [TRACE] 【目标检测】屏幕内没有目标
2025-10-21 14:54:14 [TRACE] 【目标检测】屏幕内没有目标
2025-10-21 14:54:17 [TRACE] 【目标检测】屏幕内没有目标
2025-10-21 14:54:19 [TRACE] 【状态】战斗模式：C:\Users\gelon\Desktop\ZA-Lite\assets/images/hollow\battle_4.png 置信度：0.9999997615814209
2025-10-21 14:54:23 [TRACE] 【状态】战斗模式：正在受到攻击
2025-10-21 14:54:27 [TRACE] 【状态】战斗模式：C:\Users\gelon\Desktop\ZA-Lite\assets/images/hollow\battle_4.png 置信度：0.9999994039535522
2025-10-21 14:54:37 [TRACE] 【状态】战斗模式：正在受到攻击
2025-10-21 14:54:44 [TRACE] 【状态】战斗模式：正在受到攻击
2025-10-21 14:54:50 [TRACE] 【空洞监听】无匹配已持续：0秒
2025-10-21 14:54:53 [TRACE] 【状态】战斗模式：C:\Users\gelon\Desktop\ZA-Lite\assets/images/hollow\battle_1.png 置信度：0.9999998807907104
2025-10-21 14:55:05 [TRACE] 【空洞监听】无匹配已持续：0秒
2025-10-21 14:55:05 [TRACE] 【状态】搜索模式：C:\Users\gelon\Desktop\ZA-Lite\assets/images/hollow\resonium.png 置信度：0.9920591711997986
2025-10-21 14:55:05 [TRACE] 【目标出现】C:\Users\gelon\Desktop\ZA-Lite\assets/images/hollow\resonium.png 置信度：0.9920591711997986
2025-10-21 14:55:05 [TRACE] 【本轮的坐标】：(np.int64(1581), np.int64(475)) ------------
2025-10-21 14:55:05 [TRACE] 【已点击过的坐标】：[(-10, -10)]
2025-10-21 14:55:05 [TRACE] 【成功点击】
2025-10-21 14:55:06 [TRACE] 【目标检测】目标存在，但置信度不足
2025-10-21 14:55:06 [TRACE] 【本轮的坐标】：(np.int64(1582), np.int64(475)) ------------
2025-10-21 14:55:06 [TRACE] 【已点击过的坐标】：[(-10, -10), (np.int64(1581), np.int64(475))]
2025-10-21 14:55:06 [TRACE] 【坐标太近】视为重复
2025-10-21 14:55:06 [TRACE] 【没有通过的坐标】开始下一轮
2025-10-21 14:55:06 [TRACE] 【本轮的坐标】：(np.int64(1580), np.int64(476)) ------------
2025-10-21 14:55:06 [TRACE] 【已点击过的坐标】：[(-10, -10), (np.int64(1581), np.int64(475))]
2025-10-21 14:55:06 [TRACE] 【坐标太近】视为重复
2025-10-21 14:55:06 [TRACE] 【没有通过的坐标】开始下一轮
2025-10-21 14:55:06 [TRACE] 【本轮的坐标】：(np.int64(1581), np.int64(476)) ------------
2025-10-21 14:55:06 [TRACE] 【已点击过的坐标】：[(-10, -10), (np.int64(1581), np.int64(475))]
2025-10-21 14:55:06 [TRACE] 【坐标太近】视为重复
2025-10-21 14:55:06 [TRACE] 【没有通过的坐标】开始下一轮
2025-10-21 14:55:06 [TRACE] 【本轮的坐标】：(np.int64(1582), np.int64(476)) ------------
2025-10-21 14:55:06 [TRACE] 【已点击过的坐标】：[(-10, -10), (np.int64(1581), np.int64(475))]
2025-10-21 14:55:06 [TRACE] 【坐标太近】视为重复
2025-10-21 14:55:06 [TRACE] 【没有通过的坐标】开始下一轮
2025-10-21 14:55:06 [TRACE] 【本轮的坐标】：(np.int64(1581), np.int64(477)) ------------
2025-10-21 14:55:06 [TRACE] 【已点击过的坐标】：[(-10, -10), (np.int64(1581), np.int64(475))]
2025-10-21 14:55:06 [TRACE] 【坐标太近】视为重复
2025-10-21 14:55:06 [TRACE] 【没有通过的坐标】开始下一轮
2025-10-21 14:55:06 [TRACE] 【完成所有点击】有效次数：1
2025-10-21 14:55:07 [TRACE] 【目标检测】屏幕内没有目标
2025-10-21 14:55:09 [TRACE] 【目标检测】屏幕内没有目标
2025-10-21 14:55:10 [TRACE] 【目标检测】屏幕内没有目标
2025-10-21 14:55:12 [TRACE] 【目标检测】屏幕内没有目标
2025-10-21 14:55:13 [TRACE] 【目标检测】屏幕内没有目标
2025-10-21 14:55:16 [TRACE] 【状态】搜索模式：C:\Users\gelon\Desktop\ZA-Lite\assets/images/hollow\next_area.png 置信度：0.9999993443489075
2025-10-21 14:55:19 [TRACE] 【状态】搜索模式：C:\Users\gelon\Desktop\ZA-Lite\assets/images/hollow\meter.png 置信度：0.9123064279556274
2025-10-21 14:55:21 [TRACE] 【目标检测】微调超时，无法对齐！
2025-10-21 14:55:25 [TRACE] 【目标检测】TRAPPED！ 类型：blue_portal 置信度：0.8912802934646606
2025-10-21 14:55:27 [TRACE] 【状态】搜索模式：C:\Users\gelon\Desktop\ZA-Lite\assets/images/hollow\meter.png 置信度：0.9016171097755432
2025-10-21 14:55:32 [TRACE] 【目标检测】屏幕内没有目标
2025-10-21 14:55:34 [TRACE] 【目标检测】屏幕内没有目标
2025-10-21 14:55:35 [TRACE] 【目标检测】屏幕内没有目标
2025-10-21 14:55:36 [TRACE] 【空洞监听】无匹配已持续：0秒
2025-10-21 14:55:38 [TRACE] 【状态】搜索模式：C:\Users\gelon\Desktop\ZA-Lite\assets/images/hollow\next_area.png 置信度：0.9999995231628418
2025-10-21 14:55:40 [TRACE] 【目标检测】TRAPPED！ 类型：red_portal 置信度：0.8288947343826294
2025-10-21 14:55:49 [TRACE] 【状态】搜索模式：C:\Users\gelon\Desktop\ZA-Lite\assets/images/hollow\meter.png 置信度：0.9526228904724121
2025-10-21 14:55:51 [TRACE] 【目标检测】TRAPPED！ 类型：red_portal 置信度：0.8883002996444702
2025-10-21 14:55:57 [TRACE] 【目标检测】TRAPPED！ 类型：red_portal 置信度：0.9509031772613525
2025-10-21 14:55:59 [TRACE] 【空洞监听】无匹配已持续：0秒
2025-10-21 14:56:04 [TRACE] 【状态】搜索模式：C:\Users\gelon\Desktop\ZA-Lite\assets/images/hollow\meter.png 置信度：0.9571048021316528
2025-10-21 14:56:06 [TRACE] 【目标检测】TRAPPED！ 类型：red_portal 置信度：0.8962783813476562
2025-10-21 14:56:12 [TRACE] 【状态】搜索模式：C:\Users\gelon\Desktop\ZA-Lite\assets/images/hollow\meter.png 置信度：0.9769442677497864
2025-10-21 14:56:12 [TRACE] 【目标检测】TRAPPED！ 类型：red_portal 置信度：0.9001070261001587
2025-10-21 14:56:20 [TRACE] 【目标检测】屏幕内没有目标
2025-10-21 14:56:21 [TRACE] 【空洞监听】无匹配已持续：0秒
2025-10-21 14:56:21 [TRACE] 【目标检测】屏幕内没有目标
2025-10-21 14:56:23 [TRACE] 【目标检测】屏幕内没有目标
2025-10-21 14:56:25 [TRACE] 【目标检测】屏幕内没有目标
2025-10-21 14:56:27 [TRACE] 【目标检测】屏幕内没有目标
2025-10-21 14:56:29 [TRACE] 【空洞监听】无匹配已持续：7秒
2025-10-21 14:56:30 [TRACE] 【目标检测】屏幕内没有目标
2025-10-21 14:56:31 [TRACE] 【目标检测】屏幕内没有目标
2025-10-21 14:56:33 [TRACE] 【目标检测】屏幕内没有目标
2025-10-21 14:56:35 [TRACE] 【目标检测】屏幕内没有目标
2025-10-21 14:56:36 [TRACE] 【目标检测】屏幕内没有目标
2025-10-21 14:56:36 [TRACE] 【空洞监听】无匹配已持续：15秒
2025-10-21 14:56:39 [TRACE] 【目标检测】屏幕内没有目标
2025-10-21 14:56:41 [TRACE] 【目标检测】目标存在，但置信度不足
2025-10-21 14:56:43 [TRACE] 【目标检测】屏幕内没有目标
2025-10-21 14:56:44 [TRACE] 【状态】战斗模式：正在受到攻击
2025-10-21 14:56:45 [TRACE] 【目标检测】屏幕内没有目标
2025-10-21 14:56:51 [TRACE] 【空洞监听】无匹配已持续：0秒
2025-10-21 14:56:55 [TRACE] 【状态】战斗模式：C:\Users\gelon\Desktop\ZA-Lite\assets/images/hollow\battle_5.png 置信度：0.9549735188484192
2025-10-21 14:57:04 [TRACE] 【空洞监听】无匹配已持续：0秒
2025-10-21 14:57:11 [TRACE] 【状态】战斗模式：正在受到攻击
2025-10-21 14:57:18 [TRACE] 【空洞监听】无匹配已持续：0秒
2025-10-21 14:57:25 [TRACE] 【空洞监听】无匹配已持续：7秒
2025-10-21 14:57:32 [TRACE] 【状态】战斗模式：正在受到攻击
2025-10-21 14:57:38 [TRACE] 【空洞监听】无匹配已持续：0秒
2025-10-21 14:57:45 [TRACE] 【状态】战斗模式：正在受到攻击
2025-10-21 14:57:51 [TRACE] 【状态】战斗模式：正在受到攻击
2025-10-21 14:57:55 [TRACE] 【状态】战斗模式：C:\Users\gelon\Desktop\ZA-Lite\assets/images/hollow\battle_5.png 置信度：0.9728950262069702
2025-10-21 14:58:04 [TRACE] 【空洞监听】无匹配已持续：0秒
2025-10-21 14:58:11 [TRACE] 【空洞监听】无匹配已持续：7秒
2025-10-21 14:58:18 [TRACE] 【状态】战斗模式：正在受到攻击
2025-10-21 14:58:25 [TRACE] 【空洞监听】无匹配已持续：0秒
2025-10-21 14:58:32 [TRACE] 【空洞监听】无匹配已持续：6秒
2025-10-21 14:58:39 [TRACE] 【空洞监听】无匹配已持续：13秒
2025-10-21 14:58:46 [TRACE] 【空洞监听】无匹配已持续：20秒
2025-10-21 14:58:49 [TRACE] 【状态】战斗模式：C:\Users\gelon\Desktop\ZA-Lite\assets/images/hollow\battle_5.png 置信度：0.9750523567199707
2025-10-21 14:59:00 [TRACE] 【状态】战斗模式：正在受到攻击
2025-10-21 14:59:06 [TRACE] 【状态】战斗模式：正在受到攻击
2025-10-21 14:59:13 [TRACE] 【空洞监听】无匹配已持续：0秒
2025-10-21 14:59:19 [TRACE] 【状态】战斗模式：正在受到攻击
2025-10-21 14:59:26 [TRACE] 【空洞监听】无匹配已持续：0秒
2025-10-21 14:59:33 [TRACE] 【空洞监听】无匹配已持续：7秒
2025-10-21 14:59:40 [TRACE] 【状态】战斗模式：正在受到攻击
2025-10-21 14:59:46 [TRACE] 【空洞监听】无匹配已持续：0秒
2025-10-21 14:59:52 [TRACE] 【状态】战斗模式：正在受到攻击
2025-10-21 14:59:56 [TRACE] 【状态】战斗模式：C:\Users\gelon\Desktop\ZA-Lite\assets/images/hollow\battle_5.png 置信度：0.976606547832489
2025-10-21 14:59:59 [TRACE] 【状态】战斗模式：正在受到攻击
2025-10-21 15:00:06 [TRACE] 【空洞监听】无匹配已持续：0秒
2025-10-21 15:00:13 [TRACE] 【空洞监听】无匹配已持续：7秒
2025-10-21 15:00:20 [TRACE] 【空洞监听】无匹配已持续：13秒
2025-10-21 15:00:27 [TRACE] 【空洞监听】无匹配已持续：20秒
2025-10-21 15:00:33 [TRACE] 【空洞监听】无匹配已持续：27秒
2025-10-21 15:00:41 [TRACE] 【空洞监听】无匹配已持续：34秒
2025-10-21 15:00:48 [TRACE] 【空洞监听】无匹配已持续：41秒
2025-10-21 15:00:54 [TRACE] 【状态】战斗模式：正在受到攻击
2025-10-21 15:01:01 [TRACE] 【状态】战斗模式：正在受到攻击
2025-10-21 15:01:08 [TRACE] 【空洞监听】无匹配已持续：0秒
2025-10-21 15:01:15 [TRACE] 【空洞监听】无匹配已持续：6秒
2025-10-21 15:01:21 [TRACE] 【空洞监听】无匹配已持续：13秒
2025-10-21 15:01:28 [TRACE] 【状态】战斗模式：正在受到攻击
2025-10-21 15:01:34 [TRACE] 【空洞监听】无匹配已持续：0秒
2025-10-21 15:01:41 [TRACE] 【空洞监听】无匹配已持续：6秒
2025-10-21 15:01:48 [TRACE] 【空洞监听】无匹配已持续：13秒
2025-10-21 15:01:55 [TRACE] 【空洞监听】无匹配已持续：20秒
2025-10-21 15:02:01 [TRACE] 【状态】战斗模式：正在受到攻击
2025-10-21 15:02:07 [TRACE] 【空洞监听】无匹配已持续：0秒
2025-10-21 15:02:15 [TRACE] 【空洞监听】无匹配已持续：7秒
2025-10-21 15:02:21 [WARNING] 代理人死亡，空洞任务失败
2025-10-21 15:02:22 [TRACE] 【1】等待目标中 C:\Users\gelon\Desktop\ZA-Lite\assets/images/hollow\mission_completed.png
2025-10-21 15:02:22 [TRACE] 【2】等待目标中 C:\Users\gelon\Desktop\ZA-Lite\assets/images/hollow\mission_completed.png
2025-10-21 15:02:23 [TRACE] 【3】等待目标中 C:\Users\gelon\Desktop\ZA-Lite\assets/images/hollow\mission_completed.png
2025-10-21 15:02:24 [TRACE] 【4】等待目标中 C:\Users\gelon\Desktop\ZA-Lite\assets/images/hollow\mission_completed.png
2025-10-21 15:02:25 [TRACE] 【目标出现】C:\Users\gelon\Desktop\ZA-Lite\assets/images/hollow\mission_completed.png 置信度：1.0
2025-10-21 15:02:26 [INFO] 本轮耗时:37分钟
2025-10-21 15:02:26 [INFO] 当前已完成空洞 0 次 
2025-10-21 15:02:26 [DEBUG] 正在返回菜单
2025-10-21 15:02:27 [TRACE] 正在返回菜单,请保持游戏画面处于前台
2025-10-21 15:02:29 [TRACE] 正在返回菜单,请保持游戏画面处于前台
2025-10-21 15:02:31 [TRACE] 正在返回菜单,请保持游戏画面处于前台
2025-10-21 15:02:33 [TRACE] 正在返回菜单,请保持游戏画面处于前台
2025-10-21 15:02:36 [TRACE] 正在返回菜单,请保持游戏画面处于前台
2025-10-21 15:02:38 [TRACE] 正在返回菜单,请保持游戏画面处于前台
2025-10-21 15:02:40 [TRACE] 现在处于大厅
2025-10-21 15:02:41 [INFO] 执行零号空洞任务中
2025-10-21 15:02:41 [TRACE] 【1】等待目标中 C:\Users\gelon\Desktop\ZA-Lite\assets/images/hollow\combat.png
2025-10-21 15:02:42 [TRACE] 【目标出现】C:\Users\gelon\Desktop\ZA-Lite\assets/images/hollow\combat.png 置信度：0.9762986302375793
2025-10-21 15:02:44 [TRACE] 【目标出现】C:\Users\gelon\Desktop\ZA-Lite\assets/images/hollow\zero_hollow.png 置信度：0.9999948143959045
2025-10-21 15:02:45 [TRACE] 【目标出现】C:\Users\gelon\Desktop\ZA-Lite\assets/images/hollow\go_hollow.png 置信度：0.9945157766342163
2025-10-21 15:02:46 [TRACE] 【目标出现】C:\Users\gelon\Desktop\ZA-Lite\assets/images/hollow\confirm.png 置信度：0.9839480519294739
2025-10-21 15:02:48 [TRACE] 【1】等待目标中 C:\Users\gelon\Desktop\ZA-Lite\assets/images/hollow\hollow_taskforce.png
2025-10-21 15:02:49 [TRACE] 【2】等待目标中 C:\Users\gelon\Desktop\ZA-Lite\assets/images/hollow\hollow_taskforce.png
2025-10-21 15:02:49 [TRACE] 【3】等待目标中 C:\Users\gelon\Desktop\ZA-Lite\assets/images/hollow\hollow_taskforce.png
2025-10-21 15:02:50 [TRACE] 【目标出现】C:\Users\gelon\Desktop\ZA-Lite\assets/images/hollow\hollow_taskforce.png 置信度：0.9999828338623047
2025-10-21 15:02:51 [TRACE] 【目标出现】C:\Users\gelon\Desktop\ZA-Lite\assets/images/hollow\strategy.png 置信度：0.9507295489311218
2025-10-21 15:02:52 [TRACE] 【1】等待目标中 C:\Users\gelon\Desktop\ZA-Lite\assets/images/hollow\strategy_confirm.png
2025-10-21 15:02:53 [TRACE] 【目标出现】C:\Users\gelon\Desktop\ZA-Lite\assets/images/hollow\strategy_confirm.png 置信度：0.9999998211860657
2025-10-21 15:02:55 [TRACE] 【目标出现】C:\Users\gelon\Desktop\ZA-Lite\assets/images/hollow\next_step.png 置信度：0.9816352128982544
2025-10-21 15:02:56 [TRACE] 【目标出现】C:\Users\gelon\Desktop\ZA-Lite\assets/images/daily\squad_preset.png 置信度：0.9862319827079773
2025-10-21 15:02:58 [TRACE] 【目标出现】C:\Users\gelon\Desktop\ZA-Lite\assets/images/daily\squad_6.png 置信度：0.9519327878952026
2025-10-21 15:02:59 [TRACE] 【目标出现】C:\Users\gelon\Desktop\ZA-Lite\assets/images/daily\select_squad.png 置信度：0.9692501425743103
2025-10-21 15:03:00 [TRACE] 【目标出现】C:\Users\gelon\Desktop\ZA-Lite\assets/images/hollow\start_battle.png 置信度：0.9815567135810852
2025-10-21 15:03:01 [TRACE] 【状态】战斗模式：正在受到攻击
2025-10-21 15:03:02 [TRACE] 【目标检测】屏幕内没有目标
2025-10-21 15:03:08 [TRACE] 【空洞监听】无匹配已持续：0秒
2025-10-21 15:03:14 [TRACE] 【空洞监听】无匹配已持续：6秒
2025-10-21 15:03:21 [TRACE] 【空洞监听】无匹配已持续：12秒
2025-10-21 15:03:29 [TRACE] 【空洞监听】无匹配已持续：20秒
2025-10-21 15:03:36 [TRACE] 【空洞监听】无匹配已持续：27秒
2025-10-21 15:03:43 [TRACE] 【空洞监听】无匹配已持续：35秒
2025-10-21 15:03:50 [TRACE] 【空洞监听】无匹配已持续：42秒
2025-10-21 15:03:58 [TRACE] 【空洞监听】无匹配已持续：49秒
2025-10-21 15:04:05 [TRACE] 【空洞监听】无匹配已持续：57秒
2025-10-21 15:04:13 [TRACE] 【空洞监听】无匹配已持续：64秒
2025-10-21 15:04:13 [TRACE] 【空洞监听】即将超时，重启搜索线程
2025-10-21 15:04:14 [TRACE] 【目标检测】屏幕内没有目标
2025-10-21 15:04:20 [TRACE] 【空洞监听】无匹配已持续：72秒
2025-10-21 15:04:20 [TRACE] 【空洞监听】即将超时，重启搜索线程
2025-10-21 15:04:21 [TRACE] 【目标检测】TRAPPED！ 类型：interact 置信度：0.9351788759231567
2025-10-21 15:04:28 [TRACE] 【目标检测】屏幕内没有目标
2025-10-21 15:04:30 [TRACE] 【目标检测】屏幕内没有目标
2025-10-21 15:04:31 [TRACE] 【目标检测】屏幕内没有目标
2025-10-21 15:04:33 [TRACE] 【目标检测】屏幕内没有目标
2025-10-21 15:04:34 [TRACE] 【目标检测】屏幕内没有目标
2025-10-21 15:04:44 [TRACE] 【空洞监听】无匹配已持续：0秒
2025-10-21 15:04:45 [TRACE] 【目标检测】TRAPPED！ 类型：interact 置信度：0.9293146133422852
2025-10-21 15:04:52 [TRACE] 【目标检测】屏幕内没有目标
2025-10-21 15:04:53 [TRACE] 【目标检测】屏幕内没有目标
2025-10-21 15:04:55 [TRACE] 【目标检测】屏幕内没有目标
2025-10-21 15:04:57 [TRACE] 【目标检测】屏幕内没有目标
2025-10-21 15:04:58 [TRACE] 【目标检测】屏幕内没有目标
2025-10-21 15:05:07 [TRACE] 【目标检测】TRAPPED！ 类型：interact 置信度：0.8967369198799133
2025-10-21 15:05:07 [TRACE] 【空洞监听】无匹配已持续：0秒
2025-10-21 15:05:15 [TRACE] 【目标检测】目标存在，但置信度不足
2025-10-21 15:05:16 [TRACE] 【状态】搜索模式：C:\Users\gelon\Desktop\ZA-Lite\assets/images/hollow\card.png 置信度：0.9999992847442627
2025-10-21 15:05:18 [TRACE] 【目标检测】目标存在，但置信度不足
2025-10-21 15:05:20 [TRACE] 【目标检测】目标存在，但置信度不足
2025-10-21 15:05:26 [TRACE] 【目标检测】微调超时，无法对齐！
2025-10-21 15:05:27 [TRACE] 【状态】搜索模式：C:\Users\gelon\Desktop\ZA-Lite\assets/images/hollow\meter.png 置信度：0.9697802662849426
2025-10-21 15:05:28 [TRACE] 【目标检测】TRAPPED！ 类型：guide_point 置信度：0.8103678822517395
2025-10-21 15:05:35 [TRACE] 【目标检测】屏幕内没有目标
2025-10-21 15:05:37 [TRACE] 【目标检测】屏幕内没有目标
2025-10-21 15:05:39 [TRACE] 【目标检测】TRAPPED！ 类型：guide_point 置信度：0.8609645366668701
2025-10-21 15:05:44 [TRACE] 【状态】搜索模式：C:\Users\gelon\Desktop\ZA-Lite\assets/images/hollow\meter.png 置信度：0.9447029829025269
2025-10-21 15:05:46 [TRACE] 【目标检测】TRAPPED！ 类型：guide_point 置信度：0.642829179763794
2025-10-21 15:05:53 [TRACE] 【状态】搜索模式：C:\Users\gelon\Desktop\ZA-Lite\assets/images/hollow\meter.png 置信度：0.9084656238555908
2025-10-21 15:05:54 [TRACE] 【目标检测】TRAPPED！ 类型：guide_point 置信度：0.8705293536186218
2025-10-21 15:05:59 [TRACE] 【目标检测】TRAPPED！ 类型：guide_point 置信度：0.871659517288208
2025-10-21 15:06:04 [TRACE] 【空洞监听】无匹配已持续：0秒
2025-10-21 15:06:07 [TRACE] 【目标检测】TRAPPED！ 类型：guide_point 置信度：0.9072447419166565
2025-10-21 15:06:08 [TRACE] 【状态】搜索模式：C:\Users\gelon\Desktop\ZA-Lite\assets/images/hollow\meter.png 置信度：0.9773107171058655
2025-10-21 15:06:13 [TRACE] 【目标检测】TRAPPED！ 类型：blue_portal 置信度：0.8870599865913391
2025-10-21 15:06:19 [TRACE] 【空洞监听】无匹配已持续：0秒
2025-10-21 15:06:20 [TRACE] 【目标检测】屏幕内没有目标
2025-10-21 15:06:22 [TRACE] 【目标检测】屏幕内没有目标
2025-10-21 15:06:23 [TRACE] 【目标检测】屏幕内没有目标
2025-10-21 15:06:25 [TRACE] 【目标检测】屏幕内没有目标
2025-10-21 15:06:27 [TRACE] 【空洞监听】无匹配已持续：7秒
2025-10-21 15:06:27 [TRACE] 【目标检测】屏幕内没有目标
2025-10-21 15:06:30 [TRACE] 【目标检测】屏幕内没有目标
2025-10-21 15:06:32 [TRACE] 【目标检测】屏幕内没有目标
2025-10-21 15:06:33 [TRACE] 【目标检测】屏幕内没有目标
2025-10-21 15:06:34 [TRACE] 【空洞监听】无匹配已持续：14秒
2025-10-21 15:06:35 [TRACE] 【目标检测】屏幕内没有目标
2025-10-21 15:06:36 [TRACE] 【目标检测】屏幕内没有目标
2025-10-21 15:06:39 [TRACE] 【目标检测】屏幕内没有目标
2025-10-21 15:06:41 [TRACE] 【目标检测】屏幕内没有目标
2025-10-21 15:06:41 [TRACE] 【状态】战斗模式：正在受到攻击
2025-10-21 15:06:48 [TRACE] 【空洞监听】无匹配已持续：0秒
2025-10-21 15:06:54 [TRACE] 【状态】战斗模式：正在受到攻击
2025-10-21 15:07:02 [TRACE] 【空洞监听】无匹配已持续：0秒
2025-10-21 15:07:05 [TRACE] 【状态】战斗模式：C:\Users\gelon\Desktop\ZA-Lite\assets/images/hollow\battle_3.png 置信度：1.0
2025-10-21 15:07:16 [TRACE] 【空洞监听】无匹配已持续：0秒
2025-10-21 15:07:24 [TRACE] 【状态】搜索模式：C:\Users\gelon\Desktop\ZA-Lite\assets/images/hollow\next_area.png 置信度：0.9999997019767761
2025-10-21 15:07:27 [TRACE] 【目标检测】屏幕内没有目标
2025-10-21 15:07:31 [TRACE] 【目标检测】TRAPPED！ 类型：blue_portal 置信度：0.9186444282531738
2025-10-21 15:07:37 [TRACE] 【空洞监听】无匹配已持续：0秒
2025-10-21 15:07:38 [TRACE] 【目标检测】屏幕内没有目标
2025-10-21 15:07:40 [TRACE] 【目标检测】屏幕内没有目标
2025-10-21 15:07:40 [TRACE] 【状态】战斗模式：C:\Users\gelon\Desktop\ZA-Lite\assets/images/hollow\battle_2.png 置信度：0.9999999403953552
2025-10-21 15:07:41 [TRACE] 【状态】战斗模式：C:\Users\gelon\Desktop\ZA-Lite\assets/images/hollow\battle_3.png 置信度：1.0
2025-10-21 15:07:52 [TRACE] 【状态】搜索模式：C:\Users\gelon\Desktop\ZA-Lite\assets/images/hollow\resonium.png 置信度：1.0
2025-10-21 15:07:52 [TRACE] 【目标出现】C:\Users\gelon\Desktop\ZA-Lite\assets/images/hollow\resonium.png 置信度：1.0
2025-10-21 15:07:52 [TRACE] 【本轮的坐标】：(np.int64(1174), np.int64(475)) ------------
2025-10-21 15:07:52 [TRACE] 【已点击过的坐标】：[(-10, -10)]
2025-10-21 15:07:52 [TRACE] 【成功点击】
2025-10-21 15:07:53 [TRACE] 【本轮的坐标】：(np.int64(1581), np.int64(475)) ------------
2025-10-21 15:07:53 [TRACE] 【已点击过的坐标】：[(-10, -10), (np.int64(1174), np.int64(475))]
2025-10-21 15:07:53 [TRACE] 【成功点击】
2025-10-21 15:07:54 [TRACE] 【本轮的坐标】：(np.int64(1582), np.int64(475)) ------------
2025-10-21 15:07:54 [TRACE] 【已点击过的坐标】：[(-10, -10), (np.int64(1174), np.int64(475)), (np.int64(1581), np.int64(475))]
2025-10-21 15:07:54 [TRACE] 【坐标太近】视为重复
2025-10-21 15:07:54 [TRACE] 【没有通过的坐标】开始下一轮
2025-10-21 15:07:54 [TRACE] 【本轮的坐标】：(np.int64(1988), np.int64(475)) ------------
2025-10-21 15:07:54 [TRACE] 【已点击过的坐标】：[(-10, -10), (np.int64(1174), np.int64(475)), (np.int64(1581), np.int64(475))]
2025-10-21 15:07:54 [TRACE] 【成功点击】
2025-10-21 15:07:54 [TRACE] 【目标检测】屏幕内没有目标
2025-10-21 15:07:55 [TRACE] 【本轮的坐标】：(np.int64(1989), np.int64(475)) ------------
2025-10-21 15:07:55 [TRACE] 【已点击过的坐标】：[(-10, -10), (np.int64(1174), np.int64(475)), (np.int64(1581), np.int64(475)), (np.int64(1988), np.int64(475))]
2025-10-21 15:07:55 [TRACE] 【坐标太近】视为重复
2025-10-21 15:07:55 [TRACE] 【没有通过的坐标】开始下一轮
2025-10-21 15:07:55 [TRACE] 【本轮的坐标】：(np.int64(1173), np.int64(476)) ------------
2025-10-21 15:07:55 [TRACE] 【已点击过的坐标】：[(-10, -10), (np.int64(1174), np.int64(475)), (np.int64(1581), np.int64(475)), (np.int64(1988), np.int64(475))]
2025-10-21 15:07:55 [TRACE] 【坐标太近】视为重复
2025-10-21 15:07:55 [TRACE] 【没有通过的坐标】开始下一轮
2025-10-21 15:07:55 [TRACE] 【本轮的坐标】：(np.int64(1174), np.int64(476)) ------------
2025-10-21 15:07:55 [TRACE] 【已点击过的坐标】：[(-10, -10), (np.int64(1174), np.int64(475)), (np.int64(1581), np.int64(475)), (np.int64(1988), np.int64(475))]
2025-10-21 15:07:55 [TRACE] 【坐标太近】视为重复
2025-10-21 15:07:55 [TRACE] 【没有通过的坐标】开始下一轮
2025-10-21 15:07:55 [TRACE] 【本轮的坐标】：(np.int64(1175), np.int64(476)) ------------
2025-10-21 15:07:55 [TRACE] 【已点击过的坐标】：[(-10, -10), (np.int64(1174), np.int64(475)), (np.int64(1581), np.int64(475)), (np.int64(1988), np.int64(475))]
2025-10-21 15:07:55 [TRACE] 【坐标太近】视为重复
2025-10-21 15:07:55 [TRACE] 【没有通过的坐标】开始下一轮
2025-10-21 15:07:55 [TRACE] 【本轮的坐标】：(np.int64(1580), np.int64(476)) ------------
2025-10-21 15:07:55 [TRACE] 【已点击过的坐标】：[(-10, -10), (np.int64(1174), np.int64(475)), (np.int64(1581), np.int64(475)), (np.int64(1988), np.int64(475))]
2025-10-21 15:07:55 [TRACE] 【坐标太近】视为重复
2025-10-21 15:07:55 [TRACE] 【没有通过的坐标】开始下一轮
2025-10-21 15:07:55 [TRACE] 【本轮的坐标】：(np.int64(1581), np.int64(476)) ------------
2025-10-21 15:07:55 [TRACE] 【已点击过的坐标】：[(-10, -10), (np.int64(1174), np.int64(475)), (np.int64(1581), np.int64(475)), (np.int64(1988), np.int64(475))]
2025-10-21 15:07:55 [TRACE] 【坐标太近】视为重复
2025-10-21 15:07:55 [TRACE] 【没有通过的坐标】开始下一轮
2025-10-21 15:07:55 [TRACE] 【本轮的坐标】：(np.int64(1582), np.int64(476)) ------------
2025-10-21 15:07:55 [TRACE] 【已点击过的坐标】：[(-10, -10), (np.int64(1174), np.int64(475)), (np.int64(1581), np.int64(475)), (np.int64(1988), np.int64(475))]
2025-10-21 15:07:55 [TRACE] 【坐标太近】视为重复
2025-10-21 15:07:55 [TRACE] 【没有通过的坐标】开始下一轮
2025-10-21 15:07:55 [TRACE] 【本轮的坐标】：(np.int64(1987), np.int64(476)) ------------
2025-10-21 15:07:55 [TRACE] 【已点击过的坐标】：[(-10, -10), (np.int64(1174), np.int64(475)), (np.int64(1581), np.int64(475)), (np.int64(1988), np.int64(475))]
2025-10-21 15:07:55 [TRACE] 【坐标太近】视为重复
2025-10-21 15:07:55 [TRACE] 【没有通过的坐标】开始下一轮
2025-10-21 15:07:55 [TRACE] 【本轮的坐标】：(np.int64(1988), np.int64(476)) ------------
2025-10-21 15:07:55 [TRACE] 【已点击过的坐标】：[(-10, -10), (np.int64(1174), np.int64(475)), (np.int64(1581), np.int64(475)), (np.int64(1988), np.int64(475))]
2025-10-21 15:07:55 [TRACE] 【坐标太近】视为重复
2025-10-21 15:07:55 [TRACE] 【没有通过的坐标】开始下一轮
2025-10-21 15:07:55 [TRACE] 【本轮的坐标】：(np.int64(1989), np.int64(476)) ------------
2025-10-21 15:07:55 [TRACE] 【已点击过的坐标】：[(-10, -10), (np.int64(1174), np.int64(475)), (np.int64(1581), np.int64(475)), (np.int64(1988), np.int64(475))]
2025-10-21 15:07:55 [TRACE] 【坐标太近】视为重复
2025-10-21 15:07:55 [TRACE] 【没有通过的坐标】开始下一轮
2025-10-21 15:07:55 [TRACE] 【本轮的坐标】：(np.int64(1990), np.int64(476)) ------------
2025-10-21 15:07:55 [TRACE] 【已点击过的坐标】：[(-10, -10), (np.int64(1174), np.int64(475)), (np.int64(1581), np.int64(475)), (np.int64(1988), np.int64(475))]
2025-10-21 15:07:55 [TRACE] 【坐标太近】视为重复
2025-10-21 15:07:55 [TRACE] 【没有通过的坐标】开始下一轮
2025-10-21 15:07:55 [TRACE] 【本轮的坐标】：(np.int64(1174), np.int64(477)) ------------
2025-10-21 15:07:55 [TRACE] 【已点击过的坐标】：[(-10, -10), (np.int64(1174), np.int64(475)), (np.int64(1581), np.int64(475)), (np.int64(1988), np.int64(475))]
2025-10-21 15:07:55 [TRACE] 【坐标太近】视为重复
2025-10-21 15:07:55 [TRACE] 【没有通过的坐标】开始下一轮
2025-10-21 15:07:55 [TRACE] 【本轮的坐标】：(np.int64(1581), np.int64(477)) ------------
2025-10-21 15:07:55 [TRACE] 【已点击过的坐标】：[(-10, -10), (np.int64(1174), np.int64(475)), (np.int64(1581), np.int64(475)), (np.int64(1988), np.int64(475))]
2025-10-21 15:07:55 [TRACE] 【坐标太近】视为重复
2025-10-21 15:07:55 [TRACE] 【没有通过的坐标】开始下一轮
2025-10-21 15:07:55 [TRACE] 【本轮的坐标】：(np.int64(1988), np.int64(477)) ------------
2025-10-21 15:07:55 [TRACE] 【已点击过的坐标】：[(-10, -10), (np.int64(1174), np.int64(475)), (np.int64(1581), np.int64(475)), (np.int64(1988), np.int64(475))]
2025-10-21 15:07:55 [TRACE] 【坐标太近】视为重复
2025-10-21 15:07:55 [TRACE] 【没有通过的坐标】开始下一轮
2025-10-21 15:07:55 [TRACE] 【完成所有点击】有效次数：3
2025-10-21 15:07:55 [TRACE] 【目标检测】屏幕内没有目标
2025-10-21 15:07:57 [TRACE] 【目标检测】目标存在，但置信度不足
2025-10-21 15:08:00 [TRACE] 【目标检测】屏幕内没有目标
2025-10-21 15:08:03 [TRACE] 【状态】搜索模式：C:\Users\gelon\Desktop\ZA-Lite\assets/images/hollow\next_area.png 置信度：0.9999997019767761
2025-10-21 15:08:07 [TRACE] 【目标检测】微调超时，无法对齐！
2025-10-21 15:08:14 [TRACE] 【状态】搜索模式：C:\Users\gelon\Desktop\ZA-Lite\assets/images/hollow\meter.png 置信度：0.92400062084198
2025-10-21 15:08:16 [TRACE] 【目标检测】微调超时，无法对齐！
2025-10-21 15:08:21 [TRACE] 【目标检测】目标存在，但置信度不足
2025-10-21 15:08:22 [TRACE] 【状态】搜索模式：C:\Users\gelon\Desktop\ZA-Lite\assets/images/hollow\meter.png 置信度：0.909595251083374
2025-10-21 15:08:27 [TRACE] 【目标检测】TRAPPED！ 类型：guide_point 置信度：0.8743868470191956
2025-10-21 15:08:30 [TRACE] 【状态】搜索模式：C:\Users\gelon\Desktop\ZA-Lite\assets/images/hollow\meter.png 置信度：0.9081363081932068
2025-10-21 15:08:34 [TRACE] 【目标检测】屏幕内没有目标
2025-10-21 15:08:36 [TRACE] 【目标检测】屏幕内没有目标
2025-10-21 15:08:38 [TRACE] 【目标检测】屏幕内没有目标
2025-10-21 15:08:39 [TRACE] 【目标检测】目标存在，但置信度不足
2025-10-21 15:08:41 [TRACE] 【空洞监听】无匹配已持续：0秒
2025-10-21 15:08:41 [TRACE] 【目标检测】屏幕内没有目标
2025-10-21 15:08:43 [TRACE] 【目标检测】屏幕内没有目标
2025-10-21 15:08:46 [TRACE] 【目标检测】屏幕内没有目标
2025-10-21 15:08:48 [TRACE] 【目标检测】屏幕内没有目标
2025-10-21 15:08:48 [TRACE] 【空洞监听】无匹配已持续：7秒
2025-10-21 15:08:49 [TRACE] 【目标检测】屏幕内没有目标
2025-10-21 15:08:51 [TRACE] 【目标检测】屏幕内没有目标
2025-10-21 15:08:52 [TRACE] 【目标检测】屏幕内没有目标
2025-10-21 15:08:55 [TRACE] 【空洞监听】无匹配已持续：14秒
2025-10-21 15:08:56 [TRACE] 【目标检测】屏幕内没有目标
2025-10-21 15:08:58 [TRACE] 【目标检测】屏幕内没有目标
2025-10-21 15:08:59 [TRACE] 【目标检测】屏幕内没有目标
2025-10-21 15:09:01 [TRACE] 【目标检测】屏幕内没有目标
2025-10-21 15:09:03 [TRACE] 【目标检测】屏幕内没有目标
2025-10-21 15:09:03 [TRACE] 【空洞监听】无匹配已持续：22秒
2025-10-21 15:09:06 [TRACE] 【目标检测】屏幕内没有目标
2025-10-21 15:09:08 [TRACE] 【目标检测】屏幕内没有目标
2025-10-21 15:09:09 [TRACE] 【目标检测】屏幕内没有目标
2025-10-21 15:09:11 [TRACE] 【目标检测】屏幕内没有目标
2025-10-21 15:09:11 [TRACE] 【空洞监听】无匹配已持续：30秒
2025-10-21 15:09:12 [TRACE] 【目标检测】屏幕内没有目标
2025-10-21 15:09:15 [TRACE] 【目标检测】屏幕内没有目标
2025-10-21 15:09:17 [TRACE] 【目标检测】屏幕内没有目标
2025-10-21 15:09:18 [TRACE] 【状态】战斗模式：正在受到攻击
2025-10-21 15:09:18 [TRACE] 【目标检测】屏幕内没有目标
2025-10-21 15:09:25 [TRACE] 【空洞监听】无匹配已持续：0秒
2025-10-21 15:09:32 [TRACE] 【空洞监听】无匹配已持续：7秒
2025-10-21 15:09:39 [TRACE] 【空洞监听】无匹配已持续：14秒
2025-10-21 15:09:46 [TRACE] 【空洞监听】无匹配已持续：21秒
2025-10-21 15:09:54 [TRACE] 【状态】搜索模式：C:\Users\gelon\Desktop\ZA-Lite\assets/images/hollow\next_area.png 置信度：0.9999995231628418
2025-10-21 15:10:03 [TRACE] 【目标检测】微调超时，无法对齐！
2025-10-21 15:10:05 [TRACE] 【状态】搜索模式：C:\Users\gelon\Desktop\ZA-Lite\assets/images/hollow\meter.png 置信度：0.9543535113334656
2025-10-21 15:10:12 [TRACE] 【目标检测】TRAPPED！ 类型：guide_point 置信度：0.6705296635627747
2025-10-21 15:10:13 [TRACE] 【状态】搜索模式：C:\Users\gelon\Desktop\ZA-Lite\assets/images/hollow\meter.png 置信度：0.9154869318008423
2025-10-21 15:10:21 [TRACE] 【目标检测】屏幕内没有目标
2025-10-21 15:10:22 [TRACE] 【目标检测】屏幕内没有目标
2025-10-21 15:10:22 [TRACE] 【空洞监听】无匹配已持续：0秒
2025-10-21 15:10:24 [TRACE] 【目标检测】屏幕内没有目标
2025-10-21 15:10:26 [TRACE] 【目标检测】屏幕内没有目标
2025-10-21 15:10:28 [TRACE] 【目标检测】屏幕内没有目标
2025-10-21 15:10:30 [TRACE] 【空洞监听】无匹配已持续：8秒
2025-10-21 15:10:31 [TRACE] 【目标检测】屏幕内没有目标
2025-10-21 15:10:32 [TRACE] 【目标检测】屏幕内没有目标
2025-10-21 15:10:34 [TRACE] 【目标检测】屏幕内没有目标
2025-10-21 15:10:37 [TRACE] 【空洞监听】无匹配已持续：14秒
2025-10-21 15:10:41 [TRACE] 【目标检测】微调超时，无法对齐！
2025-10-21 15:10:45 [TRACE] 【空洞监听】无匹配已持续：22秒
2025-10-21 15:10:47 [TRACE] 【目标检测】TRAPPED！ 类型：interact 置信度：0.8916347026824951
2025-10-21 15:10:52 [TRACE] 【状态】搜索模式：C:\Users\gelon\Desktop\ZA-Lite\assets/images/hollow\resonium.png 置信度：0.9999998807907104
2025-10-21 15:10:52 [TRACE] 【目标出现】C:\Users\gelon\Desktop\ZA-Lite\assets/images/hollow\resonium.png 置信度：0.9999998807907104
2025-10-21 15:10:52 [TRACE] 【本轮的坐标】：(np.int64(2088), np.int64(455)) ------------
2025-10-21 15:10:52 [TRACE] 【已点击过的坐标】：[(-10, -10)]
2025-10-21 15:10:52 [TRACE] 【成功点击】
2025-10-21 15:10:53 [TRACE] 【本轮的坐标】：(np.int64(2089), np.int64(455)) ------------
2025-10-21 15:10:53 [TRACE] 【已点击过的坐标】：[(-10, -10), (np.int64(2088), np.int64(455))]
2025-10-21 15:10:53 [TRACE] 【坐标太近】视为重复
2025-10-21 15:10:53 [TRACE] 【没有通过的坐标】开始下一轮
2025-10-21 15:10:53 [TRACE] 【本轮的坐标】：(np.int64(2478), np.int64(455)) ------------
2025-10-21 15:10:53 [TRACE] 【已点击过的坐标】：[(-10, -10), (np.int64(2088), np.int64(455))]
2025-10-21 15:10:53 [TRACE] 【成功点击】
2025-10-21 15:10:53 [TRACE] 【目标检测】屏幕内没有目标
2025-10-21 15:10:53 [TRACE] 【本轮的坐标】：(np.int64(2087), np.int64(456)) ------------
2025-10-21 15:10:53 [TRACE] 【已点击过的坐标】：[(-10, -10), (np.int64(2088), np.int64(455)), (np.int64(2478), np.int64(455))]
2025-10-21 15:10:53 [TRACE] 【坐标太近】视为重复
2025-10-21 15:10:53 [TRACE] 【没有通过的坐标】开始下一轮
2025-10-21 15:10:53 [TRACE] 【本轮的坐标】：(np.int64(2088), np.int64(456)) ------------
2025-10-21 15:10:53 [TRACE] 【已点击过的坐标】：[(-10, -10), (np.int64(2088), np.int64(455)), (np.int64(2478), np.int64(455))]
2025-10-21 15:10:53 [TRACE] 【坐标太近】视为重复
2025-10-21 15:10:53 [TRACE] 【没有通过的坐标】开始下一轮
2025-10-21 15:10:53 [TRACE] 【本轮的坐标】：(np.int64(2089), np.int64(456)) ------------
2025-10-21 15:10:53 [TRACE] 【已点击过的坐标】：[(-10, -10), (np.int64(2088), np.int64(455)), (np.int64(2478), np.int64(455))]
2025-10-21 15:10:53 [TRACE] 【坐标太近】视为重复
2025-10-21 15:10:53 [TRACE] 【没有通过的坐标】开始下一轮
2025-10-21 15:10:53 [TRACE] 【本轮的坐标】：(np.int64(2090), np.int64(456)) ------------
2025-10-21 15:10:53 [TRACE] 【已点击过的坐标】：[(-10, -10), (np.int64(2088), np.int64(455)), (np.int64(2478), np.int64(455))]
2025-10-21 15:10:53 [TRACE] 【坐标太近】视为重复
2025-10-21 15:10:53 [TRACE] 【没有通过的坐标】开始下一轮
2025-10-21 15:10:53 [TRACE] 【本轮的坐标】：(np.int64(2477), np.int64(456)) ------------
2025-10-21 15:10:53 [TRACE] 【已点击过的坐标】：[(-10, -10), (np.int64(2088), np.int64(455)), (np.int64(2478), np.int64(455))]
2025-10-21 15:10:53 [TRACE] 【坐标太近】视为重复
2025-10-21 15:10:53 [TRACE] 【没有通过的坐标】开始下一轮
2025-10-21 15:10:53 [TRACE] 【本轮的坐标】：(np.int64(2478), np.int64(456)) ------------
2025-10-21 15:10:53 [TRACE] 【已点击过的坐标】：[(-10, -10), (np.int64(2088), np.int64(455)), (np.int64(2478), np.int64(455))]
2025-10-21 15:10:53 [TRACE] 【坐标太近】视为重复
2025-10-21 15:10:53 [TRACE] 【没有通过的坐标】开始下一轮
2025-10-21 15:10:53 [TRACE] 【本轮的坐标】：(np.int64(2479), np.int64(456)) ------------
2025-10-21 15:10:53 [TRACE] 【已点击过的坐标】：[(-10, -10), (np.int64(2088), np.int64(455)), (np.int64(2478), np.int64(455))]
2025-10-21 15:10:53 [TRACE] 【坐标太近】视为重复
2025-10-21 15:10:53 [TRACE] 【没有通过的坐标】开始下一轮
2025-10-21 15:10:53 [TRACE] 【本轮的坐标】：(np.int64(2088), np.int64(457)) ------------
2025-10-21 15:10:53 [TRACE] 【已点击过的坐标】：[(-10, -10), (np.int64(2088), np.int64(455)), (np.int64(2478), np.int64(455))]
2025-10-21 15:10:53 [TRACE] 【坐标太近】视为重复
2025-10-21 15:10:53 [TRACE] 【没有通过的坐标】开始下一轮
2025-10-21 15:10:53 [TRACE] 【本轮的坐标】：(np.int64(2478), np.int64(457)) ------------
2025-10-21 15:10:53 [TRACE] 【已点击过的坐标】：[(-10, -10), (np.int64(2088), np.int64(455)), (np.int64(2478), np.int64(455))]
2025-10-21 15:10:53 [TRACE] 【坐标太近】视为重复
2025-10-21 15:10:53 [TRACE] 【没有通过的坐标】开始下一轮
2025-10-21 15:10:53 [TRACE] 【完成所有点击】有效次数：2
2025-10-21 15:10:54 [TRACE] 【状态】搜索模式：C:\Users\gelon\Desktop\ZA-Lite\assets/images/hollow\card.png 置信度：0.986535906791687
2025-10-21 15:10:54 [TRACE] 【目标检测】目标存在，但置信度不足
2025-10-21 15:10:56 [TRACE] 【目标检测】目标存在，但置信度不足
2025-10-21 15:10:57 [TRACE] 【目标检测】目标存在，但置信度不足
2025-10-21 15:10:58 [TRACE] 【目标检测】屏幕内没有目标
2025-10-21 15:11:00 [TRACE] 【目标检测】屏幕内没有目标
2025-10-21 15:11:01 [TRACE] 【目标检测】目标存在，但置信度不足
2025-10-21 15:11:01 [TRACE] 【状态】搜索模式：C:\Users\gelon\Desktop\ZA-Lite\assets/images/hollow\resonium.png 置信度：0.9999998807907104
2025-10-21 15:11:01 [TRACE] 【目标出现】C:\Users\gelon\Desktop\ZA-Lite\assets/images/hollow\resonium.png 置信度：0.9999996423721313
2025-10-21 15:11:01 [TRACE] 【本轮的坐标】：(np.int64(2088), np.int64(455)) ------------
2025-10-21 15:11:01 [TRACE] 【已点击过的坐标】：[(-10, -10)]
2025-10-21 15:11:01 [TRACE] 【成功点击】
2025-10-21 15:11:02 [TRACE] 【本轮的坐标】：(np.int64(2089), np.int64(455)) ------------
2025-10-21 15:11:02 [TRACE] 【已点击过的坐标】：[(-10, -10), (np.int64(2088), np.int64(455))]
2025-10-21 15:11:02 [TRACE] 【坐标太近】视为重复
2025-10-21 15:11:02 [TRACE] 【没有通过的坐标】开始下一轮
2025-10-21 15:11:02 [TRACE] 【本轮的坐标】：(np.int64(2478), np.int64(455)) ------------
2025-10-21 15:11:02 [TRACE] 【已点击过的坐标】：[(-10, -10), (np.int64(2088), np.int64(455))]
2025-10-21 15:11:02 [TRACE] 【成功点击】
2025-10-21 15:11:02 [TRACE] 【目标检测】目标存在，但置信度不足
2025-10-21 15:11:03 [TRACE] 【本轮的坐标】：(np.int64(2087), np.int64(456)) ------------
2025-10-21 15:11:03 [TRACE] 【已点击过的坐标】：[(-10, -10), (np.int64(2088), np.int64(455)), (np.int64(2478), np.int64(455))]
2025-10-21 15:11:03 [TRACE] 【坐标太近】视为重复
2025-10-21 15:11:03 [TRACE] 【没有通过的坐标】开始下一轮
2025-10-21 15:11:03 [TRACE] 【本轮的坐标】：(np.int64(2088), np.int64(456)) ------------
2025-10-21 15:11:03 [TRACE] 【已点击过的坐标】：[(-10, -10), (np.int64(2088), np.int64(455)), (np.int64(2478), np.int64(455))]
2025-10-21 15:11:03 [TRACE] 【坐标太近】视为重复
2025-10-21 15:11:03 [TRACE] 【没有通过的坐标】开始下一轮
2025-10-21 15:11:03 [TRACE] 【本轮的坐标】：(np.int64(2089), np.int64(456)) ------------
2025-10-21 15:11:03 [TRACE] 【已点击过的坐标】：[(-10, -10), (np.int64(2088), np.int64(455)), (np.int64(2478), np.int64(455))]
2025-10-21 15:11:03 [TRACE] 【坐标太近】视为重复
2025-10-21 15:11:03 [TRACE] 【没有通过的坐标】开始下一轮
2025-10-21 15:11:03 [TRACE] 【本轮的坐标】：(np.int64(2090), np.int64(456)) ------------
2025-10-21 15:11:03 [TRACE] 【已点击过的坐标】：[(-10, -10), (np.int64(2088), np.int64(455)), (np.int64(2478), np.int64(455))]
2025-10-21 15:11:03 [TRACE] 【坐标太近】视为重复
2025-10-21 15:11:03 [TRACE] 【没有通过的坐标】开始下一轮
2025-10-21 15:11:03 [TRACE] 【本轮的坐标】：(np.int64(2477), np.int64(456)) ------------
2025-10-21 15:11:03 [TRACE] 【已点击过的坐标】：[(-10, -10), (np.int64(2088), np.int64(455)), (np.int64(2478), np.int64(455))]
2025-10-21 15:11:03 [TRACE] 【坐标太近】视为重复
2025-10-21 15:11:03 [TRACE] 【没有通过的坐标】开始下一轮
2025-10-21 15:11:03 [TRACE] 【本轮的坐标】：(np.int64(2478), np.int64(456)) ------------
2025-10-21 15:11:03 [TRACE] 【已点击过的坐标】：[(-10, -10), (np.int64(2088), np.int64(455)), (np.int64(2478), np.int64(455))]
2025-10-21 15:11:03 [TRACE] 【坐标太近】视为重复
2025-10-21 15:11:03 [TRACE] 【没有通过的坐标】开始下一轮
2025-10-21 15:11:03 [TRACE] 【本轮的坐标】：(np.int64(2479), np.int64(456)) ------------
2025-10-21 15:11:03 [TRACE] 【已点击过的坐标】：[(-10, -10), (np.int64(2088), np.int64(455)), (np.int64(2478), np.int64(455))]
2025-10-21 15:11:03 [TRACE] 【坐标太近】视为重复
2025-10-21 15:11:03 [TRACE] 【没有通过的坐标】开始下一轮
2025-10-21 15:11:03 [TRACE] 【本轮的坐标】：(np.int64(2088), np.int64(457)) ------------
2025-10-21 15:11:03 [TRACE] 【已点击过的坐标】：[(-10, -10), (np.int64(2088), np.int64(455)), (np.int64(2478), np.int64(455))]
2025-10-21 15:11:03 [TRACE] 【坐标太近】视为重复
2025-10-21 15:11:03 [TRACE] 【没有通过的坐标】开始下一轮
2025-10-21 15:11:03 [TRACE] 【本轮的坐标】：(np.int64(2478), np.int64(457)) ------------
2025-10-21 15:11:03 [TRACE] 【已点击过的坐标】：[(-10, -10), (np.int64(2088), np.int64(455)), (np.int64(2478), np.int64(455))]
2025-10-21 15:11:03 [TRACE] 【坐标太近】视为重复
2025-10-21 15:11:03 [TRACE] 【没有通过的坐标】开始下一轮
2025-10-21 15:11:03 [TRACE] 【完成所有点击】有效次数：2
2025-10-21 15:11:03 [TRACE] 【状态】搜索模式：C:\Users\gelon\Desktop\ZA-Lite\assets/images/hollow\card.png 置信度：0.986535370349884
2025-10-21 15:11:04 [TRACE] 【目标检测】目标存在，但置信度不足
2025-10-21 15:11:05 [TRACE] 【目标检测】屏幕内没有目标
2025-10-21 15:11:06 [TRACE] 【目标检测】目标存在，但置信度不足
2025-10-21 15:11:07 [TRACE] 【目标检测】目标存在，但置信度不足
2025-10-21 15:11:09 [TRACE] 【目标检测】屏幕内没有目标
2025-10-21 15:11:12 [TRACE] 【目标检测】屏幕内没有目标
2025-10-21 15:11:13 [TRACE] 【目标检测】屏幕内没有目标
2025-10-21 15:11:16 [TRACE] 【目标检测】屏幕内没有目标
2025-10-21 15:11:17 [TRACE] 【空洞监听】无匹配已持续：0秒
2025-10-21 15:11:22 [TRACE] 【目标检测】TRAPPED！ 类型：red_portal 置信度：0.9616693258285522
2025-10-21 15:11:24 [TRACE] 【空洞监听】无匹配已持续：6秒
2025-10-21 15:11:30 [TRACE] 【目标检测】屏幕内没有目标
2025-10-21 15:11:31 [TRACE] 【目标检测】屏幕内没有目标
2025-10-21 15:11:31 [TRACE] 【空洞监听】无匹配已持续：14秒
2025-10-21 15:11:33 [TRACE] 【目标检测】屏幕内没有目标
2025-10-21 15:11:34 [TRACE] 【目标检测】屏幕内没有目标
2025-10-21 15:11:36 [TRACE] 【目标检测】屏幕内没有目标
2025-10-21 15:11:38 [TRACE] 【空洞监听】无匹配已持续：20秒
2025-10-21 15:11:39 [TRACE] 【目标检测】屏幕内没有目标
2025-10-21 15:11:41 [TRACE] 【目标检测】屏幕内没有目标
2025-10-21 15:11:43 [TRACE] 【目标检测】屏幕内没有目标
2025-10-21 15:11:44 [TRACE] 【目标检测】屏幕内没有目标
2025-10-21 15:11:46 [TRACE] 【空洞监听】无匹配已持续：28秒
2025-10-21 15:11:46 [TRACE] 【目标检测】屏幕内没有目标
2025-10-21 15:11:49 [TRACE] 【目标检测】屏幕内没有目标
2025-10-21 15:11:51 [TRACE] 【目标检测】屏幕内没有目标
2025-10-21 15:11:52 [TRACE] 【目标检测】屏幕内没有目标
2025-10-21 15:11:53 [TRACE] 【空洞监听】无匹配已持续：35秒
2025-10-21 15:11:54 [TRACE] 【目标检测】屏幕内没有目标
2025-10-21 15:11:56 [TRACE] 【目标检测】屏幕内没有目标
2025-10-21 15:11:59 [TRACE] 【目标检测】屏幕内没有目标
2025-10-21 15:12:01 [TRACE] 【目标检测】屏幕内没有目标
2025-10-21 15:12:01 [TRACE] 【空洞监听】无匹配已持续：43秒
2025-10-21 15:12:02 [TRACE] 【目标检测】屏幕内没有目标
2025-10-21 15:12:04 [TRACE] 【目标检测】屏幕内没有目标
2025-10-21 15:12:05 [TRACE] 【目标检测】屏幕内没有目标
2025-10-21 15:12:08 [TRACE] 【空洞监听】无匹配已持续：50秒
2025-10-21 15:12:08 [TRACE] 【目标检测】屏幕内没有目标
2025-10-21 15:12:10 [TRACE] 【目标检测】屏幕内没有目标
2025-10-21 15:12:12 [TRACE] 【目标检测】屏幕内没有目标
2025-10-21 15:12:13 [TRACE] 【目标检测】屏幕内没有目标
2025-10-21 15:12:15 [TRACE] 【目标检测】屏幕内没有目标
2025-10-21 15:12:15 [TRACE] 【空洞监听】无匹配已持续：57秒
2025-10-21 15:12:18 [TRACE] 【目标检测】屏幕内没有目标
2025-10-21 15:12:19 [TRACE] 【目标检测】屏幕内没有目标
2025-10-21 15:12:21 [TRACE] 【目标检测】屏幕内没有目标
2025-10-21 15:12:22 [TRACE] 【空洞监听】无匹配已持续：64秒
2025-10-21 15:12:22 [TRACE] 【空洞监听】即将超时，重启搜索线程
2025-10-21 15:12:22 [TRACE] 【目标检测】屏幕内没有目标
2025-10-21 15:12:24 [TRACE] 【目标检测】屏幕内没有目标
2025-10-21 15:12:27 [TRACE] 【目标检测】屏幕内没有目标
2025-10-21 15:12:28 [TRACE] 【目标检测】屏幕内没有目标
2025-10-21 15:12:29 [TRACE] 【空洞监听】无匹配已持续：71秒
2025-10-21 15:12:29 [TRACE] 【空洞监听】即将超时，重启搜索线程
2025-10-21 15:12:30 [TRACE] 【目标检测】屏幕内没有目标
2025-10-21 15:12:32 [TRACE] 【目标检测】屏幕内没有目标
2025-10-21 15:12:33 [TRACE] 【目标检测】屏幕内没有目标
2025-10-21 15:12:36 [TRACE] 【目标检测】屏幕内没有目标
2025-10-21 15:12:37 [TRACE] 【空洞监听】无匹配已持续：79秒
2025-10-21 15:12:37 [TRACE] 【空洞监听】即将超时，重启搜索线程
2025-10-21 15:12:38 [TRACE] 【目标检测】屏幕内没有目标
2025-10-21 15:12:39 [TRACE] 【目标检测】屏幕内没有目标
2025-10-21 15:12:41 [TRACE] 【目标检测】屏幕内没有目标
2025-10-21 15:12:42 [TRACE] 【目标检测】屏幕内没有目标
2025-10-21 15:12:44 [TRACE] 【空洞监听】无匹配已持续：86秒
2025-10-21 15:12:44 [TRACE] 【空洞监听】即将超时，重启搜索线程
2025-10-21 15:12:48 [TRACE] 【目标检测】屏幕内没有目标
2025-10-21 15:12:49 [TRACE] 【目标检测】屏幕内没有目标
2025-10-21 15:12:51 [TRACE] 【目标检测】屏幕内没有目标
2025-10-21 15:12:51 [TRACE] 【空洞监听】无匹配已持续：93秒
2025-10-21 15:12:51 [TRACE] 【空洞监听】即将超时，重启搜索线程
2025-10-21 15:12:52 [TRACE] 【目标检测】屏幕内没有目标
2025-10-21 15:12:53 [TRACE] 【目标检测】屏幕内没有目标
2025-10-21 15:12:57 [TRACE] 【目标检测】屏幕内没有目标
2025-10-21 15:12:58 [TRACE] 【状态】战斗模式：正在受到攻击
2025-10-21 15:12:58 [TRACE] 【目标检测】屏幕内没有目标
2025-10-21 15:13:02 [TRACE] 【状态】战斗模式：C:\Users\gelon\Desktop\ZA-Lite\assets/images/hollow\battle_5.png 置信度：0.9757388830184937
2025-10-21 15:13:08 [TRACE] 【状态】战斗模式：C:\Users\gelon\Desktop\ZA-Lite\assets/images/hollow\battle_5.png 置信度：0.9784911274909973
2025-10-21 15:13:11 [TRACE] 【状态】战斗模式：正在受到攻击
2025-10-21 15:13:18 [TRACE] 【状态】战斗模式：正在受到攻击
2025-10-21 15:13:24 [TRACE] 【状态】战斗模式：正在受到攻击
2025-10-21 15:13:30 [TRACE] 【空洞监听】无匹配已持续：0秒
2025-10-21 15:13:37 [TRACE] 【状态】战斗模式：正在受到攻击
2025-10-21 15:13:43 [TRACE] 【空洞监听】无匹配已持续：0秒
2025-10-21 15:13:50 [TRACE] 【状态】战斗模式：正在受到攻击
2025-10-21 15:13:57 [WARNING] 代理人死亡，空洞任务失败
2025-10-21 15:13:57 [TRACE] 【1】等待目标中 C:\Users\gelon\Desktop\ZA-Lite\assets/images/hollow\mission_completed.png
2025-10-21 15:13:58 [TRACE] 【2】等待目标中 C:\Users\gelon\Desktop\ZA-Lite\assets/images/hollow\mission_completed.png
2025-10-21 15:13:59 [TRACE] 【3】等待目标中 C:\Users\gelon\Desktop\ZA-Lite\assets/images/hollow\mission_completed.png
2025-10-21 15:14:00 [TRACE] 【4】等待目标中 C:\Users\gelon\Desktop\ZA-Lite\assets/images/hollow\mission_completed.png
2025-10-21 15:14:00 [TRACE] 【目标出现】C:\Users\gelon\Desktop\ZA-Lite\assets/images/hollow\mission_completed.png 置信度：1.0
2025-10-21 15:14:02 [INFO] 本轮耗时:11分钟
2025-10-21 15:14:02 [INFO] 当前已完成空洞 0 次 
2025-10-21 15:14:02 [DEBUG] 正在返回菜单
2025-10-21 15:14:02 [TRACE] 正在返回菜单,请保持游戏画面处于前台
2025-10-21 15:14:04 [TRACE] 正在返回菜单,请保持游戏画面处于前台
2025-10-21 15:14:07 [TRACE] 正在返回菜单,请保持游戏画面处于前台
2025-10-21 15:14:09 [TRACE] 正在返回菜单,请保持游戏画面处于前台
2025-10-21 15:14:11 [TRACE] 正在返回菜单,请保持游戏画面处于前台
2025-10-21 15:14:14 [TRACE] 正在返回菜单,请保持游戏画面处于前台
2025-10-21 15:14:16 [TRACE] 现在处于大厅
2025-10-21 15:14:16 [INFO] 执行零号空洞任务中
2025-10-21 15:14:17 [TRACE] 【1】等待目标中 C:\Users\gelon\Desktop\ZA-Lite\assets/images/hollow\combat.png
2025-10-21 15:14:18 [TRACE] 【目标出现】C:\Users\gelon\Desktop\ZA-Lite\assets/images/hollow\combat.png 置信度：0.97629314661026
2025-10-21 15:14:19 [TRACE] 【目标出现】C:\Users\gelon\Desktop\ZA-Lite\assets/images/hollow\zero_hollow.png 置信度：0.9999932646751404
2025-10-21 15:14:21 [TRACE] 【目标出现】C:\Users\gelon\Desktop\ZA-Lite\assets/images/hollow\go_hollow.png 置信度：0.9942731857299805
2025-10-21 15:14:22 [TRACE] 【目标出现】C:\Users\gelon\Desktop\ZA-Lite\assets/images/hollow\confirm.png 置信度：0.9839509725570679
2025-10-21 15:14:24 [TRACE] 【1】等待目标中 C:\Users\gelon\Desktop\ZA-Lite\assets/images/hollow\hollow_taskforce.png
2025-10-21 15:14:24 [TRACE] 【2】等待目标中 C:\Users\gelon\Desktop\ZA-Lite\assets/images/hollow\hollow_taskforce.png
2025-10-21 15:14:25 [TRACE] 【3】等待目标中 C:\Users\gelon\Desktop\ZA-Lite\assets/images/hollow\hollow_taskforce.png
2025-10-21 15:14:26 [TRACE] 【目标出现】C:\Users\gelon\Desktop\ZA-Lite\assets/images/hollow\hollow_taskforce.png 置信度：0.9999829530715942
2025-10-21 15:14:27 [TRACE] 【目标出现】C:\Users\gelon\Desktop\ZA-Lite\assets/images/hollow\strategy.png 置信度：0.9999997019767761
2025-10-21 15:14:29 [TRACE] 【1】等待目标中 C:\Users\gelon\Desktop\ZA-Lite\assets/images/hollow\strategy_confirm.png
2025-10-21 15:14:29 [TRACE] 【目标出现】C:\Users\gelon\Desktop\ZA-Lite\assets/images/hollow\strategy_confirm.png 置信度：0.9999998807907104
2025-10-21 15:14:31 [TRACE] 【目标出现】C:\Users\gelon\Desktop\ZA-Lite\assets/images/hollow\next_step.png 置信度：0.9794935584068298
2025-10-21 15:14:32 [TRACE] 【目标出现】C:\Users\gelon\Desktop\ZA-Lite\assets/images/daily\squad_preset.png 置信度：0.9862328767776489
2025-10-21 15:14:34 [TRACE] 【目标出现】C:\Users\gelon\Desktop\ZA-Lite\assets/images/daily\squad_6.png 置信度：0.9543688297271729
2025-10-21 15:14:35 [TRACE] 【目标出现】C:\Users\gelon\Desktop\ZA-Lite\assets/images/daily\select_squad.png 置信度：0.9684880971908569
2025-10-21 15:14:36 [TRACE] 【目标出现】C:\Users\gelon\Desktop\ZA-Lite\assets/images/hollow\start_battle.png 置信度：0.9789774417877197
2025-10-21 15:14:38 [TRACE] 【目标检测】屏幕内没有目标
2025-10-21 15:14:40 [TRACE] 【目标检测】屏幕内没有目标
2025-10-21 15:14:41 [TRACE] 【目标检测】屏幕内没有目标
2025-10-21 15:14:44 [TRACE] 【目标检测】屏幕内没有目标
2025-10-21 15:14:44 [TRACE] 【空洞监听】无匹配已持续：0秒
2025-10-21 15:14:45 [TRACE] 【目标检测】屏幕内没有目标
2025-10-21 15:14:47 [TRACE] 【目标检测】屏幕内没有目标
2025-10-21 15:14:48 [TRACE] 【目标检测】屏幕内没有目标
2025-10-21 15:14:49 [TRACE] 【目标检测】屏幕内没有目标
2025-10-21 15:14:51 [TRACE] 【空洞监听】无匹配已持续：6秒
2025-10-21 15:14:52 [TRACE] 【目标检测】屏幕内没有目标
2025-10-21 15:14:54 [TRACE] 【目标检测】屏幕内没有目标
2025-10-21 15:14:56 [TRACE] 【目标检测】屏幕内没有目标
2025-10-21 15:14:57 [TRACE] 【目标检测】屏幕内没有目标
2025-10-21 15:14:59 [TRACE] 【目标检测】屏幕内没有目标
2025-10-21 15:14:59 [TRACE] 【空洞监听】无匹配已持续：14秒
2025-10-21 15:15:02 [TRACE] 【目标检测】屏幕内没有目标
2025-10-21 15:15:06 [TRACE] 【空洞监听】无匹配已持续：21秒
2025-10-21 15:15:06 [TRACE] 【目标检测】TRAPPED！ 类型：interact 置信度：0.9232257008552551
2025-10-21 15:15:14 [TRACE] 【目标检测】目标存在，但置信度不足
2025-10-21 15:15:15 [TRACE] 【状态】搜索模式：C:\Users\gelon\Desktop\ZA-Lite\assets/images/hollow\card.png 置信度：1.0
2025-10-21 15:15:15 [TRACE] 【目标检测】目标存在，但置信度不足
2025-10-21 15:15:18 [TRACE] 【目标检测】目标存在，但置信度不足
2025-10-21 15:15:21 [TRACE] 【目标检测】目标存在，但置信度不足
2025-10-21 15:15:27 [TRACE] 【目标检测】TRAPPED！ 类型：interact 置信度：0.9192422032356262
2025-10-21 15:15:29 [TRACE] 【空洞监听】无匹配已持续：0秒
2025-10-21 15:15:34 [TRACE] 【目标检测】屏幕内没有目标
2025-10-21 15:15:35 [TRACE] 【目标检测】屏幕内没有目标
2025-10-21 15:15:40 [TRACE] 【目标检测】TRAPPED！ 类型：interact 置信度：0.9416816234588623
2025-10-21 15:15:47 [TRACE] 【目标检测】屏幕内没有目标
2025-10-21 15:15:49 [TRACE] 【目标检测】屏幕内没有目标
2025-10-21 15:15:51 [TRACE] 【目标检测】屏幕内没有目标
2025-10-21 15:15:58 [TRACE] 【目标检测】目标存在，但置信度不足
2025-10-21 15:15:58 [TRACE] 【状态】搜索模式：C:\Users\gelon\Desktop\ZA-Lite\assets/images/hollow\meter.png 置信度：0.9443547129631042
2025-10-21 15:16:01 [TRACE] 【目标检测】微调超时，无法对齐！
2025-10-21 15:16:03 [TRACE] 【目标检测】屏幕内没有目标
2025-10-21 15:16:09 [TRACE] 【空洞监听】无匹配已持续：0秒
2025-10-21 15:16:11 [TRACE] 【目标检测】TRAPPED！ 类型：guide_point 置信度：0.8793258666992188
2025-10-21 15:16:16 [TRACE] 【空洞监听】无匹配已持续：7秒
2025-10-21 15:16:18 [TRACE] 【目标检测】屏幕内没有目标
2025-10-21 15:16:20 [TRACE] 【目标检测】屏幕内没有目标
2025-10-21 15:16:24 [TRACE] 【空洞监听】无匹配已持续：14秒
2025-10-21 15:16:24 [TRACE] 【目标检测】TRAPPED！ 类型：blue_portal 置信度：0.9650571942329407
2025-10-21 15:16:31 [TRACE] 【空洞监听】无匹配已持续：21秒
2025-10-21 15:16:31 [TRACE] 【目标检测】屏幕内没有目标
2025-10-21 15:16:33 [TRACE] 【目标检测】屏幕内没有目标
2025-10-21 15:16:34 [TRACE] 【状态】战斗模式：C:\Users\gelon\Desktop\ZA-Lite\assets/images/hollow\battle_3.png 置信度：1.0
2025-10-21 15:16:35 [TRACE] 【目标检测】目标存在，但置信度不足
2025-10-21 15:16:45 [TRACE] 【空洞监听】无匹配已持续：0秒
2025-10-21 15:16:52 [TRACE] 【空洞监听】无匹配已持续：6秒
2025-10-21 15:16:59 [TRACE] 【空洞监听】无匹配已持续：14秒
2025-10-21 15:17:06 [TRACE] 【空洞监听】无匹配已持续：21秒
2025-10-21 15:17:14 [TRACE] 【空洞监听】无匹配已持续：28秒
2025-10-21 15:17:20 [TRACE] 【空洞监听】无匹配已持续：35秒
2025-10-21 15:17:27 [TRACE] 【空洞监听】无匹配已持续：42秒
2025-10-21 15:17:34 [TRACE] 【空洞监听】无匹配已持续：49秒
2025-10-21 15:17:41 [TRACE] 【空洞监听】无匹配已持续：56秒
2025-10-21 15:17:48 [TRACE] 【空洞监听】无匹配已持续：63秒
2025-10-21 15:17:48 [TRACE] 【空洞监听】即将超时，重启搜索线程
2025-10-21 15:17:50 [TRACE] 【目标检测】屏幕内没有目标
2025-10-21 15:17:51 [TRACE] 【目标检测】屏幕内没有目标
2025-10-21 15:17:53 [TRACE] 【目标检测】屏幕内没有目标
2025-10-21 15:17:56 [TRACE] 【目标检测】屏幕内没有目标
2025-10-21 15:17:56 [TRACE] 【空洞监听】无匹配已持续：71秒
2025-10-21 15:17:56 [TRACE] 【空洞监听】即将超时，重启搜索线程
2025-10-21 15:17:58 [TRACE] 【目标检测】屏幕内没有目标
2025-10-21 15:18:01 [TRACE] 【目标检测】屏幕内没有目标
2025-10-21 15:18:03 [TRACE] 【空洞监听】无匹配已持续：78秒
2025-10-21 15:18:03 [TRACE] 【空洞监听】即将超时，重启搜索线程
2025-10-21 15:18:06 [TRACE] 【目标检测】TRAPPED！ 类型：blue_portal 置信度：0.9309226274490356
2025-10-21 15:18:11 [TRACE] 【空洞监听】无匹配已持续：85秒
2025-10-21 15:18:11 [TRACE] 【空洞监听】即将超时，重启搜索线程
2025-10-21 15:18:13 [TRACE] 【目标检测】屏幕内没有目标
2025-10-21 15:18:15 [TRACE] 【目标检测】屏幕内没有目标
2025-10-21 15:18:17 [TRACE] 【目标检测】屏幕内没有目标
2025-10-21 15:18:19 [TRACE] 【目标检测】屏幕内没有目标
2025-10-21 15:18:19 [TRACE] 【空洞监听】无匹配已持续：94秒
2025-10-21 15:18:19 [TRACE] 【空洞监听】即将超时，重启搜索线程
2025-10-21 15:18:21 [TRACE] 【目标检测】屏幕内没有目标
2025-10-21 15:18:24 [TRACE] 【目标检测】屏幕内没有目标
2025-10-21 15:18:26 [TRACE] 【目标检测】目标存在，但置信度不足
2025-10-21 15:18:26 [TRACE] 【空洞监听】无匹配已持续：101秒
2025-10-21 15:18:26 [TRACE] 【空洞监听】即将超时，重启搜索线程
2025-10-21 15:18:28 [TRACE] 【目标检测】屏幕内没有目标
2025-10-21 15:18:29 [TRACE] 【目标检测】屏幕内没有目标
2025-10-21 15:18:31 [TRACE] 【目标检测】屏幕内没有目标
2025-10-21 15:18:33 [TRACE] 【目标检测】屏幕内没有目标
2025-10-21 15:18:35 [TRACE] 【空洞监听】无匹配已持续：109秒
2025-10-21 15:18:35 [TRACE] 【空洞监听】即将超时，重启搜索线程
2025-10-21 15:18:36 [TRACE] 【目标检测】屏幕内没有目标
2025-10-21 15:18:37 [TRACE] 【目标检测】屏幕内没有目标
2025-10-21 15:18:38 [TRACE] 【目标检测】屏幕内没有目标
2025-10-21 15:18:40 [TRACE] 【目标检测】屏幕内没有目标
2025-10-21 15:18:42 [TRACE] 【目标检测】屏幕内没有目标
2025-10-21 15:18:42 [TRACE] 【状态】战斗模式：正在受到攻击
2025-10-21 15:18:49 [TRACE] 【空洞监听】无匹配已持续：0秒
2025-10-21 15:18:56 [TRACE] 【空洞监听】无匹配已持续：7秒
2025-10-21 15:19:03 [TRACE] 【空洞监听】无匹配已持续：14秒
2025-10-21 15:19:04 [TRACE] 【状态】搜索模式：C:\Users\gelon\Desktop\ZA-Lite\assets/images/hollow\resonium.png 置信度：0.9971562623977661
2025-10-21 15:19:04 [TRACE] 【目标出现】C:\Users\gelon\Desktop\ZA-Lite\assets/images/hollow\resonium.png 置信度：1.0
2025-10-21 15:19:04 [TRACE] 【本轮的坐标】：(np.int64(1174), np.int64(475)) ------------
2025-10-21 15:19:04 [TRACE] 【已点击过的坐标】：[(-10, -10)]
2025-10-21 15:19:04 [TRACE] 【成功点击】
2025-10-21 15:19:04 [TRACE] 【目标检测】屏幕内没有目标
2025-10-21 15:19:05 [TRACE] 【本轮的坐标】：(np.int64(1581), np.int64(475)) ------------
2025-10-21 15:19:05 [TRACE] 【已点击过的坐标】：[(-10, -10), (np.int64(1174), np.int64(475))]
2025-10-21 15:19:05 [TRACE] 【成功点击】
2025-10-21 15:19:06 [TRACE] 【本轮的坐标】：(np.int64(1582), np.int64(475)) ------------
2025-10-21 15:19:06 [TRACE] 【已点击过的坐标】：[(-10, -10), (np.int64(1174), np.int64(475)), (np.int64(1581), np.int64(475))]
2025-10-21 15:19:06 [TRACE] 【坐标太近】视为重复
2025-10-21 15:19:06 [TRACE] 【没有通过的坐标】开始下一轮
2025-10-21 15:19:06 [TRACE] 【本轮的坐标】：(np.int64(1988), np.int64(475)) ------------
2025-10-21 15:19:06 [TRACE] 【已点击过的坐标】：[(-10, -10), (np.int64(1174), np.int64(475)), (np.int64(1581), np.int64(475))]
2025-10-21 15:19:06 [TRACE] 【成功点击】
2025-10-21 15:19:06 [TRACE] 【目标检测】屏幕内没有目标
2025-10-21 15:19:06 [TRACE] 【本轮的坐标】：(np.int64(1989), np.int64(475)) ------------
2025-10-21 15:19:06 [TRACE] 【已点击过的坐标】：[(-10, -10), (np.int64(1174), np.int64(475)), (np.int64(1581), np.int64(475)), (np.int64(1988), np.int64(475))]
2025-10-21 15:19:06 [TRACE] 【坐标太近】视为重复
2025-10-21 15:19:06 [TRACE] 【没有通过的坐标】开始下一轮
2025-10-21 15:19:06 [TRACE] 【本轮的坐标】：(np.int64(1173), np.int64(476)) ------------
2025-10-21 15:19:06 [TRACE] 【已点击过的坐标】：[(-10, -10), (np.int64(1174), np.int64(475)), (np.int64(1581), np.int64(475)), (np.int64(1988), np.int64(475))]
2025-10-21 15:19:06 [TRACE] 【坐标太近】视为重复
2025-10-21 15:19:06 [TRACE] 【没有通过的坐标】开始下一轮
2025-10-21 15:19:06 [TRACE] 【本轮的坐标】：(np.int64(1174), np.int64(476)) ------------
2025-10-21 15:19:06 [TRACE] 【已点击过的坐标】：[(-10, -10), (np.int64(1174), np.int64(475)), (np.int64(1581), np.int64(475)), (np.int64(1988), np.int64(475))]
2025-10-21 15:19:06 [TRACE] 【坐标太近】视为重复
2025-10-21 15:19:06 [TRACE] 【没有通过的坐标】开始下一轮
2025-10-21 15:19:06 [TRACE] 【本轮的坐标】：(np.int64(1175), np.int64(476)) ------------
2025-10-21 15:19:06 [TRACE] 【已点击过的坐标】：[(-10, -10), (np.int64(1174), np.int64(475)), (np.int64(1581), np.int64(475)), (np.int64(1988), np.int64(475))]
2025-10-21 15:19:06 [TRACE] 【坐标太近】视为重复
2025-10-21 15:19:06 [TRACE] 【没有通过的坐标】开始下一轮
2025-10-21 15:19:06 [TRACE] 【本轮的坐标】：(np.int64(1580), np.int64(476)) ------------
2025-10-21 15:19:06 [TRACE] 【已点击过的坐标】：[(-10, -10), (np.int64(1174), np.int64(475)), (np.int64(1581), np.int64(475)), (np.int64(1988), np.int64(475))]
2025-10-21 15:19:06 [TRACE] 【坐标太近】视为重复
2025-10-21 15:19:06 [TRACE] 【没有通过的坐标】开始下一轮
2025-10-21 15:19:06 [TRACE] 【本轮的坐标】：(np.int64(1581), np.int64(476)) ------------
2025-10-21 15:19:06 [TRACE] 【已点击过的坐标】：[(-10, -10), (np.int64(1174), np.int64(475)), (np.int64(1581), np.int64(475)), (np.int64(1988), np.int64(475))]
2025-10-21 15:19:06 [TRACE] 【坐标太近】视为重复
2025-10-21 15:19:06 [TRACE] 【没有通过的坐标】开始下一轮
2025-10-21 15:19:06 [TRACE] 【本轮的坐标】：(np.int64(1582), np.int64(476)) ------------
2025-10-21 15:19:06 [TRACE] 【已点击过的坐标】：[(-10, -10), (np.int64(1174), np.int64(475)), (np.int64(1581), np.int64(475)), (np.int64(1988), np.int64(475))]
2025-10-21 15:19:06 [TRACE] 【坐标太近】视为重复
2025-10-21 15:19:06 [TRACE] 【没有通过的坐标】开始下一轮
2025-10-21 15:19:06 [TRACE] 【本轮的坐标】：(np.int64(1987), np.int64(476)) ------------
2025-10-21 15:19:06 [TRACE] 【已点击过的坐标】：[(-10, -10), (np.int64(1174), np.int64(475)), (np.int64(1581), np.int64(475)), (np.int64(1988), np.int64(475))]
2025-10-21 15:19:06 [TRACE] 【坐标太近】视为重复
2025-10-21 15:19:06 [TRACE] 【没有通过的坐标】开始下一轮
2025-10-21 15:19:06 [TRACE] 【本轮的坐标】：(np.int64(1988), np.int64(476)) ------------
2025-10-21 15:19:06 [TRACE] 【已点击过的坐标】：[(-10, -10), (np.int64(1174), np.int64(475)), (np.int64(1581), np.int64(475)), (np.int64(1988), np.int64(475))]
2025-10-21 15:19:06 [TRACE] 【坐标太近】视为重复
2025-10-21 15:19:06 [TRACE] 【没有通过的坐标】开始下一轮
2025-10-21 15:19:06 [TRACE] 【本轮的坐标】：(np.int64(1989), np.int64(476)) ------------
2025-10-21 15:19:06 [TRACE] 【已点击过的坐标】：[(-10, -10), (np.int64(1174), np.int64(475)), (np.int64(1581), np.int64(475)), (np.int64(1988), np.int64(475))]
2025-10-21 15:19:06 [TRACE] 【坐标太近】视为重复
2025-10-21 15:19:06 [TRACE] 【没有通过的坐标】开始下一轮
2025-10-21 15:19:06 [TRACE] 【本轮的坐标】：(np.int64(1990), np.int64(476)) ------------
2025-10-21 15:19:06 [TRACE] 【已点击过的坐标】：[(-10, -10), (np.int64(1174), np.int64(475)), (np.int64(1581), np.int64(475)), (np.int64(1988), np.int64(475))]
2025-10-21 15:19:06 [TRACE] 【坐标太近】视为重复
2025-10-21 15:19:06 [TRACE] 【没有通过的坐标】开始下一轮
2025-10-21 15:19:06 [TRACE] 【本轮的坐标】：(np.int64(1174), np.int64(477)) ------------
2025-10-21 15:19:06 [TRACE] 【已点击过的坐标】：[(-10, -10), (np.int64(1174), np.int64(475)), (np.int64(1581), np.int64(475)), (np.int64(1988), np.int64(475))]
2025-10-21 15:19:06 [TRACE] 【坐标太近】视为重复
2025-10-21 15:19:06 [TRACE] 【没有通过的坐标】开始下一轮
2025-10-21 15:19:06 [TRACE] 【本轮的坐标】：(np.int64(1581), np.int64(477)) ------------
2025-10-21 15:19:06 [TRACE] 【已点击过的坐标】：[(-10, -10), (np.int64(1174), np.int64(475)), (np.int64(1581), np.int64(475)), (np.int64(1988), np.int64(475))]
2025-10-21 15:19:06 [TRACE] 【坐标太近】视为重复
2025-10-21 15:19:06 [TRACE] 【没有通过的坐标】开始下一轮
2025-10-21 15:19:06 [TRACE] 【本轮的坐标】：(np.int64(1988), np.int64(477)) ------------
2025-10-21 15:19:06 [TRACE] 【已点击过的坐标】：[(-10, -10), (np.int64(1174), np.int64(475)), (np.int64(1581), np.int64(475)), (np.int64(1988), np.int64(475))]
2025-10-21 15:19:06 [TRACE] 【坐标太近】视为重复
2025-10-21 15:19:06 [TRACE] 【没有通过的坐标】开始下一轮
2025-10-21 15:19:06 [TRACE] 【完成所有点击】有效次数：3
2025-10-21 15:19:07 [TRACE] 【目标检测】目标存在，但置信度不足
2025-10-21 15:19:08 [TRACE] 【目标检测】屏幕内没有目标
2025-10-21 15:19:10 [TRACE] 【目标检测】屏幕内没有目标
2025-10-21 15:19:11 [TRACE] 【目标检测】屏幕内没有目标
2025-10-21 15:19:15 [TRACE] 【状态】搜索模式：C:\Users\gelon\Desktop\ZA-Lite\assets/images/hollow\next_area.png 置信度：0.9999994039535522
2025-10-21 15:19:18 [TRACE] 【状态】搜索模式：C:\Users\gelon\Desktop\ZA-Lite\assets/images/hollow\meter.png 置信度：0.9326227903366089
2025-10-21 15:19:20 [TRACE] 【目标检测】TRAPPED！ 类型：blue_portal 置信度：0.7101955413818359
2025-10-21 15:19:28 [TRACE] 【目标检测】屏幕内没有目标
2025-10-21 15:19:28 [TRACE] 【空洞监听】无匹配已持续：0秒
2025-10-21 15:19:29 [TRACE] 【目标检测】屏幕内没有目标
2025-10-21 15:19:30 [TRACE] 【目标检测】屏幕内没有目标
2025-10-21 15:19:32 [TRACE] 【目标检测】屏幕内没有目标
2025-10-21 15:19:34 [TRACE] 【目标检测】屏幕内没有目标
2025-10-21 15:19:36 [TRACE] 【空洞监听】无匹配已持续：7秒
2025-10-21 15:19:37 [TRACE] 【目标检测】屏幕内没有目标
2025-10-21 15:19:39 [TRACE] 【目标检测】屏幕内没有目标
2025-10-21 15:19:40 [TRACE] 【目标检测】屏幕内没有目标
2025-10-21 15:19:42 [TRACE] 【目标检测】屏幕内没有目标
2025-10-21 15:19:44 [TRACE] 【空洞监听】无匹配已持续：15秒
2025-10-21 15:19:44 [TRACE] 【目标检测】屏幕内没有目标
2025-10-21 15:19:47 [TRACE] 【目标检测】屏幕内没有目标
2025-10-21 15:19:48 [TRACE] 【目标检测】屏幕内没有目标
2025-10-21 15:19:50 [TRACE] 【目标检测】目标存在，但置信度不足
2025-10-21 15:19:51 [TRACE] 【状态】战斗模式：正在受到攻击
2025-10-21 15:19:51 [TRACE] 【目标检测】屏幕内没有目标
2025-10-21 15:19:58 [TRACE] 【状态】战斗模式：正在受到攻击
2025-10-21 15:20:04 [TRACE] 【状态】战斗模式：正在受到攻击
2025-10-21 15:20:12 [TRACE] 【空洞监听】无匹配已持续：0秒
2025-10-21 15:20:16 [TRACE] 【状态】战斗模式：C:\Users\gelon\Desktop\ZA-Lite\assets/images/hollow\battle_5.png 置信度：0.9847626090049744
2025-10-21 15:20:23 [TRACE] 【状态】战斗模式：C:\Users\gelon\Desktop\ZA-Lite\assets/images/hollow\battle_5.png 置信度：0.9778261184692383
2025-10-21 15:20:30 [TRACE] 【状态】战斗模式：C:\Users\gelon\Desktop\ZA-Lite\assets/images/hollow\battle_5.png 置信度：0.9845985770225525
2025-10-21 15:20:41 [TRACE] 【状态】战斗模式：正在受到攻击
2025-10-21 15:20:49 [TRACE] 【状态】搜索模式：C:\Users\gelon\Desktop\ZA-Lite\assets/images/hollow\next_area.png 置信度：0.9999998807907104
2025-10-21 15:20:53 [TRACE] 【状态】搜索模式：C:\Users\gelon\Desktop\ZA-Lite\assets/images/hollow\meter.png 置信度：0.9981728196144104
2025-10-21 15:20:58 [TRACE] 【目标检测】微调超时，无法对齐！
2025-10-21 15:21:00 [TRACE] 【状态】搜索模式：C:\Users\gelon\Desktop\ZA-Lite\assets/images/hollow\meter.png 置信度：0.9691628217697144
2025-10-21 15:21:04 [TRACE] 【目标检测】TRAPPED！ 类型：guide_point 置信度：0.8361510038375854
2025-10-21 15:21:10 [TRACE] 【空洞监听】无匹配已持续：0秒
2025-10-21 15:21:11 [TRACE] 【目标检测】屏幕内没有目标
2025-10-21 15:21:13 [TRACE] 【目标检测】屏幕内没有目标
2025-10-21 15:21:15 [TRACE] 【目标检测】屏幕内没有目标
2025-10-21 15:21:16 [TRACE] 【目标检测】屏幕内没有目标
2025-10-21 15:21:18 [TRACE] 【目标检测】屏幕内没有目标
2025-10-21 15:21:18 [TRACE] 【空洞监听】无匹配已持续：7秒
2025-10-21 15:21:23 [TRACE] 【目标检测】目标存在，但置信度不足
2025-10-21 15:21:25 [TRACE] 【目标检测】屏幕内没有目标
2025-10-21 15:21:26 [TRACE] 【空洞监听】无匹配已持续：15秒
2025-10-21 15:21:26 [TRACE] 【目标检测】屏幕内没有目标
2025-10-21 15:21:28 [TRACE] 【目标检测】屏幕内没有目标
2025-10-21 15:21:30 [TRACE] 【目标检测】屏幕内没有目标
2025-10-21 15:21:31 [TRACE] 【目标检测】屏幕内没有目标
2025-10-21 15:21:34 [TRACE] 【空洞监听】无匹配已持续：23秒
2025-10-21 15:21:34 [TRACE] 【目标检测】屏幕内没有目标
2025-10-21 15:21:36 [TRACE] 【目标检测】屏幕内没有目标
2025-10-21 15:21:39 [TRACE] 【目标检测】屏幕内没有目标
2025-10-21 15:21:41 [TRACE] 【空洞监听】无匹配已持续：30秒
2025-10-21 15:21:45 [TRACE] 【目标检测】TRAPPED！ 类型：blue_portal 置信度：0.9363316297531128
2025-10-21 15:21:48 [TRACE] 【空洞监听】无匹配已持续：37秒
2025-10-21 15:21:52 [TRACE] 【目标检测】屏幕内没有目标
2025-10-21 15:21:56 [TRACE] 【空洞监听】无匹配已持续：45秒
2025-10-21 15:21:56 [TRACE] 【目标检测】TRAPPED！ 类型：interact 置信度：0.9286885857582092
2025-10-21 15:22:03 [TRACE] 【空洞监听】无匹配已持续：52秒
2025-10-21 15:22:04 [TRACE] 【目标检测】TRAPPED！ 类型：interact 置信度：0.9216874837875366
2025-10-21 15:22:10 [TRACE] 【空洞监听】无匹配已持续：59秒
2025-10-21 15:22:11 [TRACE] 【目标检测】屏幕内没有目标
2025-10-21 15:22:13 [TRACE] 【目标检测】屏幕内没有目标
2025-10-21 15:22:15 [TRACE] 【目标检测】屏幕内没有目标
2025-10-21 15:22:16 [TRACE] 【目标检测】屏幕内没有目标
2025-10-21 15:22:18 [TRACE] 【目标检测】屏幕内没有目标
2025-10-21 15:22:20 [TRACE] 【目标检测】屏幕内没有目标
2025-10-21 15:22:22 [TRACE] 【目标检测】屏幕内没有目标
2025-10-21 15:22:23 [TRACE] 【目标检测】屏幕内没有目标
2025-10-21 15:22:24 [TRACE] 【目标检测】屏幕内没有目标
2025-10-21 15:22:26 [TRACE] 【目标检测】屏幕内没有目标
2025-10-21 15:22:29 [TRACE] 【目标检测】屏幕内没有目标
2025-10-21 15:22:30 [TRACE] 【目标检测】屏幕内没有目标
2025-10-21 15:22:32 [TRACE] 【目标检测】屏幕内没有目标
2025-10-21 15:22:33 [TRACE] 【目标检测】屏幕内没有目标
2025-10-21 15:22:35 [TRACE] 【目标检测】屏幕内没有目标
2025-10-21 15:22:37 [TRACE] 【目标检测】屏幕内没有目标
2025-10-21 15:22:39 [TRACE] 【目标检测】屏幕内没有目标
2025-10-21 15:22:40 [TRACE] 【目标检测】屏幕内没有目标
2025-10-21 15:22:42 [TRACE] 【目标检测】屏幕内没有目标
2025-10-21 15:22:43 [TRACE] 【目标检测】屏幕内没有目标
2025-10-21 15:22:46 [TRACE] 【目标检测】屏幕内没有目标
2025-10-21 15:22:48 [TRACE] 【目标检测】屏幕内没有目标
2025-10-21 15:22:49 [TRACE] 【目标检测】屏幕内没有目标
2025-10-21 15:22:50 [TRACE] 【目标检测】屏幕内没有目标
2025-10-21 15:22:52 [TRACE] 【目标检测】屏幕内没有目标
2025-10-21 15:22:55 [TRACE] 【目标检测】屏幕内没有目标
2025-10-21 15:22:56 [TRACE] 【目标检测】屏幕内没有目标
2025-10-21 15:22:58 [TRACE] 【目标检测】屏幕内没有目标
2025-10-21 15:22:59 [TRACE] 【目标检测】屏幕内没有目标
2025-10-21 15:23:01 [TRACE] 【目标检测】屏幕内没有目标
2025-10-21 15:23:04 [TRACE] 【目标检测】屏幕内没有目标
2025-10-21 15:23:05 [TRACE] 【目标检测】屏幕内没有目标
2025-10-21 15:23:07 [TRACE] 【目标检测】屏幕内没有目标
2025-10-21 15:23:08 [TRACE] 【目标检测】屏幕内没有目标
2025-10-21 15:23:10 [TRACE] 【目标检测】屏幕内没有目标
2025-10-21 15:23:13 [TRACE] 【目标检测】屏幕内没有目标
2025-10-21 15:23:13 [TRACE] 【状态】搜索模式：C:\Users\gelon\Desktop\ZA-Lite\assets/images/hollow\resonium.png 置信度：0.9920591711997986
2025-10-21 15:23:13 [TRACE] 【目标出现】C:\Users\gelon\Desktop\ZA-Lite\assets/images/hollow\resonium.png 置信度：0.9920591711997986
2025-10-21 15:23:13 [TRACE] 【本轮的坐标】：(np.int64(1581), np.int64(475)) ------------
2025-10-21 15:23:13 [TRACE] 【已点击过的坐标】：[(-10, -10)]
2025-10-21 15:23:13 [TRACE] 【成功点击】
2025-10-21 15:23:14 [TRACE] 【目标检测】屏幕内没有目标
2025-10-21 15:23:14 [TRACE] 【本轮的坐标】：(np.int64(1582), np.int64(475)) ------------
2025-10-21 15:23:14 [TRACE] 【已点击过的坐标】：[(-10, -10), (np.int64(1581), np.int64(475))]
2025-10-21 15:23:14 [TRACE] 【坐标太近】视为重复
2025-10-21 15:23:14 [TRACE] 【没有通过的坐标】开始下一轮
2025-10-21 15:23:14 [TRACE] 【本轮的坐标】：(np.int64(1580), np.int64(476)) ------------
2025-10-21 15:23:14 [TRACE] 【已点击过的坐标】：[(-10, -10), (np.int64(1581), np.int64(475))]
2025-10-21 15:23:14 [TRACE] 【坐标太近】视为重复
2025-10-21 15:23:14 [TRACE] 【没有通过的坐标】开始下一轮
2025-10-21 15:23:14 [TRACE] 【本轮的坐标】：(np.int64(1581), np.int64(476)) ------------
2025-10-21 15:23:14 [TRACE] 【已点击过的坐标】：[(-10, -10), (np.int64(1581), np.int64(475))]
2025-10-21 15:23:14 [TRACE] 【坐标太近】视为重复
2025-10-21 15:23:14 [TRACE] 【没有通过的坐标】开始下一轮
2025-10-21 15:23:14 [TRACE] 【本轮的坐标】：(np.int64(1582), np.int64(476)) ------------
2025-10-21 15:23:14 [TRACE] 【已点击过的坐标】：[(-10, -10), (np.int64(1581), np.int64(475))]
2025-10-21 15:23:14 [TRACE] 【坐标太近】视为重复
2025-10-21 15:23:14 [TRACE] 【没有通过的坐标】开始下一轮
2025-10-21 15:23:14 [TRACE] 【本轮的坐标】：(np.int64(1581), np.int64(477)) ------------
2025-10-21 15:23:14 [TRACE] 【已点击过的坐标】：[(-10, -10), (np.int64(1581), np.int64(475))]
2025-10-21 15:23:14 [TRACE] 【坐标太近】视为重复
2025-10-21 15:23:14 [TRACE] 【没有通过的坐标】开始下一轮
2025-10-21 15:23:14 [TRACE] 【完成所有点击】有效次数：1
2025-10-21 15:23:15 [TRACE] 【目标检测】屏幕内没有目标
2025-10-21 15:23:17 [TRACE] 【目标检测】屏幕内没有目标
2025-10-21 15:23:18 [TRACE] 【目标检测】屏幕内没有目标
2025-10-21 15:23:21 [TRACE] 【目标检测】屏幕内没有目标
2025-10-21 15:23:25 [TRACE] 【状态】搜索模式：C:\Users\gelon\Desktop\ZA-Lite\assets/images/hollow\meter.png 置信度：0.9589982628822327
2025-10-21 15:23:30 [TRACE] 【目标检测】微调超时，无法对齐！
2025-10-21 15:23:33 [TRACE] 【状态】搜索模式：C:\Users\gelon\Desktop\ZA-Lite\assets/images/hollow\meter.png 置信度：0.9365401268005371
2025-10-21 15:23:39 [TRACE] 【目标检测】微调超时，无法对齐！
2025-10-21 15:23:43 [TRACE] 【目标检测】目标存在，但置信度不足
2025-10-21 15:23:44 [TRACE] 【空洞监听】无匹配已持续：0秒
2025-10-21 15:23:48 [TRACE] 【状态】搜索模式：C:\Users\gelon\Desktop\ZA-Lite\assets/images/hollow\meter.png 置信度：0.9532651901245117
2025-10-21 15:23:50 [TRACE] 【目标检测】目标存在，但置信度不足
2025-10-21 15:23:51 [TRACE] 【目标检测】微调超时，无法对齐！
2025-10-21 15:23:55 [TRACE] 【状态】搜索模式：C:\Users\gelon\Desktop\ZA-Lite\assets/images/hollow\meter.png 置信度：0.9573979377746582
2025-10-21 15:23:58 [TRACE] 【目标检测】TRAPPED！ 类型：guide_point 置信度：0.9294570088386536
2025-10-21 15:24:05 [TRACE] 【目标检测】屏幕内没有目标
2025-10-21 15:24:05 [TRACE] 【空洞监听】无匹配已持续：0秒
2025-10-21 15:24:07 [TRACE] 【目标检测】屏幕内没有目标
2025-10-21 15:24:08 [TRACE] 【目标检测】屏幕内没有目标
2025-10-21 15:24:10 [TRACE] 【目标检测】屏幕内没有目标
2025-10-21 15:24:11 [TRACE] 【目标检测】屏幕内没有目标
2025-10-21 15:24:13 [TRACE] 【空洞监听】无匹配已持续：7秒
2025-10-21 15:24:14 [TRACE] 【目标检测】屏幕内没有目标
2025-10-21 15:24:16 [TRACE] 【目标检测】屏幕内没有目标
2025-10-21 15:24:17 [TRACE] 【状态】战斗模式：C:\Users\gelon\Desktop\ZA-Lite\assets/images/hollow\battle_5.png 置信度：0.9659518599510193
2025-10-21 15:24:17 [TRACE] 【目标检测】屏幕内没有目标
2025-10-21 15:24:20 [TRACE] 【状态】战斗模式：正在受到攻击
2025-10-21 15:24:27 [TRACE] 【状态】战斗模式：正在受到攻击
2025-10-21 15:24:33 [TRACE] 【空洞监听】无匹配已持续：0秒
2025-10-21 15:24:40 [TRACE] 【状态】战斗模式：正在受到攻击
2025-10-21 15:24:47 [TRACE] 【空洞监听】无匹配已持续：0秒
2025-10-21 15:24:54 [TRACE] 【状态】战斗模式：正在受到攻击
2025-10-21 15:25:01 [TRACE] 【空洞监听】无匹配已持续：0秒
2025-10-21 15:25:07 [TRACE] 【空洞监听】无匹配已持续：6秒
2025-10-21 15:25:11 [TRACE] 【状态】战斗模式：C:\Users\gelon\Desktop\ZA-Lite\assets/images/hollow\battle_5.png 置信度：0.9947975277900696
2025-10-21 15:25:21 [TRACE] 【空洞监听】无匹配已持续：0秒
2025-10-21 15:25:28 [TRACE] 【状态】战斗模式：正在受到攻击
2025-10-21 15:25:34 [TRACE] 【空洞监听】无匹配已持续：0秒
2025-10-21 15:25:38 [TRACE] 【状态】战斗模式：C:\Users\gelon\Desktop\ZA-Lite\assets/images/hollow\battle_5.png 置信度：0.9824424982070923
2025-10-21 15:25:45 [TRACE] 【状态】战斗模式：C:\Users\gelon\Desktop\ZA-Lite\assets/images/hollow\battle_5.png 置信度：0.9852316379547119
2025-10-21 15:25:48 [TRACE] 【状态】战斗模式：正在受到攻击
2025-10-21 15:25:55 [TRACE] 【状态】战斗模式：正在受到攻击
2025-10-21 15:25:59 [TRACE] 【状态】战斗模式：C:\Users\gelon\Desktop\ZA-Lite\assets/images/hollow\battle_5.png 置信度：0.9873648881912231
2025-10-21 15:26:06 [TRACE] 【状态】战斗模式：C:\Users\gelon\Desktop\ZA-Lite\assets/images/hollow\battle_5.png 置信度：0.9850074052810669
2025-10-21 15:26:09 [TRACE] 【状态】战斗模式：正在受到攻击
2025-10-21 15:26:13 [TRACE] 【状态】战斗模式：C:\Users\gelon\Desktop\ZA-Lite\assets/images/hollow\battle_5.png 置信度：0.97853684425354
2025-10-21 15:26:16 [TRACE] 【状态】战斗模式：正在受到攻击
2025-10-21 15:26:22 [TRACE] 【状态】战斗模式：正在受到攻击
2025-10-21 15:26:29 [TRACE] 【空洞监听】无匹配已持续：0秒
2025-10-21 15:26:33 [TRACE] 【状态】战斗模式：C:\Users\gelon\Desktop\ZA-Lite\assets/images/hollow\battle_5.png 置信度：0.9769474267959595
2025-10-21 15:26:43 [TRACE] 【空洞监听】无匹配已持续：0秒
2025-10-21 15:26:44 [TRACE] 【状态】搜索模式：C:\Users\gelon\Desktop\ZA-Lite\assets/images/hollow\gear.png 置信度：1.0
2025-10-21 15:26:45 [TRACE] 【目标检测】屏幕内没有目标
2025-10-21 15:26:46 [TRACE] 【目标检测】屏幕内没有目标
2025-10-21 15:26:49 [TRACE] 【目标检测】屏幕内没有目标
2025-10-21 15:26:50 [TRACE] 【状态】搜索模式：C:\Users\gelon\Desktop\ZA-Lite\assets/images/hollow\resonium.png 置信度：0.9999998807907104
2025-10-21 15:26:50 [TRACE] 【目标检测】目标存在，但置信度不足
2025-10-21 15:26:51 [TRACE] 【目标出现】C:\Users\gelon\Desktop\ZA-Lite\assets/images/hollow\resonium.png 置信度：0.9999998807907104
2025-10-21 15:26:51 [TRACE] 【本轮的坐标】：(np.int64(1174), np.int64(475)) ------------
2025-10-21 15:26:51 [TRACE] 【已点击过的坐标】：[(-10, -10)]
2025-10-21 15:26:51 [TRACE] 【成功点击】
2025-10-21 15:26:51 [TRACE] 【本轮的坐标】：(np.int64(1581), np.int64(475)) ------------
2025-10-21 15:26:51 [TRACE] 【已点击过的坐标】：[(-10, -10), (np.int64(1174), np.int64(475))]
2025-10-21 15:26:51 [TRACE] 【成功点击】
2025-10-21 15:26:52 [TRACE] 【目标检测】目标存在，但置信度不足
2025-10-21 15:26:52 [TRACE] 【本轮的坐标】：(np.int64(1582), np.int64(475)) ------------
2025-10-21 15:26:52 [TRACE] 【已点击过的坐标】：[(-10, -10), (np.int64(1174), np.int64(475)), (np.int64(1581), np.int64(475))]
2025-10-21 15:26:52 [TRACE] 【坐标太近】视为重复
2025-10-21 15:26:52 [TRACE] 【没有通过的坐标】开始下一轮
2025-10-21 15:26:52 [TRACE] 【本轮的坐标】：(np.int64(1988), np.int64(475)) ------------
2025-10-21 15:26:52 [TRACE] 【已点击过的坐标】：[(-10, -10), (np.int64(1174), np.int64(475)), (np.int64(1581), np.int64(475))]
2025-10-21 15:26:52 [TRACE] 【成功点击】
2025-10-21 15:26:53 [TRACE] 【目标检测】目标存在，但置信度不足
2025-10-21 15:26:53 [TRACE] 【本轮的坐标】：(np.int64(1989), np.int64(475)) ------------
2025-10-21 15:26:53 [TRACE] 【已点击过的坐标】：[(-10, -10), (np.int64(1174), np.int64(475)), (np.int64(1581), np.int64(475)), (np.int64(1988), np.int64(475))]
2025-10-21 15:26:53 [TRACE] 【坐标太近】视为重复
2025-10-21 15:26:53 [TRACE] 【没有通过的坐标】开始下一轮
2025-10-21 15:26:53 [TRACE] 【本轮的坐标】：(np.int64(1173), np.int64(476)) ------------
2025-10-21 15:26:53 [TRACE] 【已点击过的坐标】：[(-10, -10), (np.int64(1174), np.int64(475)), (np.int64(1581), np.int64(475)), (np.int64(1988), np.int64(475))]
2025-10-21 15:26:53 [TRACE] 【坐标太近】视为重复
2025-10-21 15:26:53 [TRACE] 【没有通过的坐标】开始下一轮
2025-10-21 15:26:53 [TRACE] 【本轮的坐标】：(np.int64(1174), np.int64(476)) ------------
2025-10-21 15:26:53 [TRACE] 【已点击过的坐标】：[(-10, -10), (np.int64(1174), np.int64(475)), (np.int64(1581), np.int64(475)), (np.int64(1988), np.int64(475))]
2025-10-21 15:26:53 [TRACE] 【坐标太近】视为重复
2025-10-21 15:26:53 [TRACE] 【没有通过的坐标】开始下一轮
2025-10-21 15:26:53 [TRACE] 【本轮的坐标】：(np.int64(1175), np.int64(476)) ------------
2025-10-21 15:26:53 [TRACE] 【已点击过的坐标】：[(-10, -10), (np.int64(1174), np.int64(475)), (np.int64(1581), np.int64(475)), (np.int64(1988), np.int64(475))]
2025-10-21 15:26:53 [TRACE] 【坐标太近】视为重复
2025-10-21 15:26:53 [TRACE] 【没有通过的坐标】开始下一轮
2025-10-21 15:26:53 [TRACE] 【本轮的坐标】：(np.int64(1580), np.int64(476)) ------------
2025-10-21 15:26:53 [TRACE] 【已点击过的坐标】：[(-10, -10), (np.int64(1174), np.int64(475)), (np.int64(1581), np.int64(475)), (np.int64(1988), np.int64(475))]
2025-10-21 15:26:53 [TRACE] 【坐标太近】视为重复
2025-10-21 15:26:53 [TRACE] 【没有通过的坐标】开始下一轮
2025-10-21 15:26:53 [TRACE] 【本轮的坐标】：(np.int64(1581), np.int64(476)) ------------
2025-10-21 15:26:53 [TRACE] 【已点击过的坐标】：[(-10, -10), (np.int64(1174), np.int64(475)), (np.int64(1581), np.int64(475)), (np.int64(1988), np.int64(475))]
2025-10-21 15:26:53 [TRACE] 【坐标太近】视为重复
2025-10-21 15:26:53 [TRACE] 【没有通过的坐标】开始下一轮
2025-10-21 15:26:53 [TRACE] 【本轮的坐标】：(np.int64(1582), np.int64(476)) ------------
2025-10-21 15:26:53 [TRACE] 【已点击过的坐标】：[(-10, -10), (np.int64(1174), np.int64(475)), (np.int64(1581), np.int64(475)), (np.int64(1988), np.int64(475))]
2025-10-21 15:26:53 [TRACE] 【坐标太近】视为重复
2025-10-21 15:26:53 [TRACE] 【没有通过的坐标】开始下一轮
2025-10-21 15:26:53 [TRACE] 【本轮的坐标】：(np.int64(1987), np.int64(476)) ------------
2025-10-21 15:26:53 [TRACE] 【已点击过的坐标】：[(-10, -10), (np.int64(1174), np.int64(475)), (np.int64(1581), np.int64(475)), (np.int64(1988), np.int64(475))]
2025-10-21 15:26:53 [TRACE] 【坐标太近】视为重复
2025-10-21 15:26:53 [TRACE] 【没有通过的坐标】开始下一轮
2025-10-21 15:26:53 [TRACE] 【本轮的坐标】：(np.int64(1988), np.int64(476)) ------------
2025-10-21 15:26:53 [TRACE] 【已点击过的坐标】：[(-10, -10), (np.int64(1174), np.int64(475)), (np.int64(1581), np.int64(475)), (np.int64(1988), np.int64(475))]
2025-10-21 15:26:53 [TRACE] 【坐标太近】视为重复
2025-10-21 15:26:53 [TRACE] 【没有通过的坐标】开始下一轮
2025-10-21 15:26:53 [TRACE] 【本轮的坐标】：(np.int64(1989), np.int64(476)) ------------
2025-10-21 15:26:53 [TRACE] 【已点击过的坐标】：[(-10, -10), (np.int64(1174), np.int64(475)), (np.int64(1581), np.int64(475)), (np.int64(1988), np.int64(475))]
2025-10-21 15:26:53 [TRACE] 【坐标太近】视为重复
2025-10-21 15:26:53 [TRACE] 【没有通过的坐标】开始下一轮
2025-10-21 15:26:53 [TRACE] 【本轮的坐标】：(np.int64(1990), np.int64(476)) ------------
2025-10-21 15:26:53 [TRACE] 【已点击过的坐标】：[(-10, -10), (np.int64(1174), np.int64(475)), (np.int64(1581), np.int64(475)), (np.int64(1988), np.int64(475))]
2025-10-21 15:26:53 [TRACE] 【坐标太近】视为重复
2025-10-21 15:26:53 [TRACE] 【没有通过的坐标】开始下一轮
2025-10-21 15:26:53 [TRACE] 【本轮的坐标】：(np.int64(1174), np.int64(477)) ------------
2025-10-21 15:26:53 [TRACE] 【已点击过的坐标】：[(-10, -10), (np.int64(1174), np.int64(475)), (np.int64(1581), np.int64(475)), (np.int64(1988), np.int64(475))]
2025-10-21 15:26:53 [TRACE] 【坐标太近】视为重复
2025-10-21 15:26:53 [TRACE] 【没有通过的坐标】开始下一轮
2025-10-21 15:26:53 [TRACE] 【本轮的坐标】：(np.int64(1581), np.int64(477)) ------------
2025-10-21 15:26:53 [TRACE] 【已点击过的坐标】：[(-10, -10), (np.int64(1174), np.int64(475)), (np.int64(1581), np.int64(475)), (np.int64(1988), np.int64(475))]
2025-10-21 15:26:53 [TRACE] 【坐标太近】视为重复
2025-10-21 15:26:53 [TRACE] 【没有通过的坐标】开始下一轮
2025-10-21 15:26:53 [TRACE] 【本轮的坐标】：(np.int64(1988), np.int64(477)) ------------
2025-10-21 15:26:53 [TRACE] 【已点击过的坐标】：[(-10, -10), (np.int64(1174), np.int64(475)), (np.int64(1581), np.int64(475)), (np.int64(1988), np.int64(475))]
2025-10-21 15:26:53 [TRACE] 【坐标太近】视为重复
2025-10-21 15:26:53 [TRACE] 【没有通过的坐标】开始下一轮
2025-10-21 15:26:53 [TRACE] 【完成所有点击】有效次数：3
2025-10-21 15:26:54 [TRACE] 【目标检测】目标存在，但置信度不足
2025-10-21 15:26:56 [TRACE] 【目标检测】目标存在，但置信度不足
2025-10-21 15:26:57 [TRACE] 【目标检测】目标存在，但置信度不足
2025-10-21 15:26:59 [TRACE] 【目标检测】目标存在，但置信度不足
2025-10-21 15:27:03 [TRACE] 【目标检测】屏幕内没有目标
2025-10-21 15:27:04 [TRACE] 【目标检测】目标存在，但置信度不足
2025-10-21 15:27:06 [TRACE] 【目标检测】目标存在，但置信度不足
2025-10-21 15:27:07 [TRACE] 【目标检测】目标存在，但置信度不足
2025-10-21 15:27:08 [TRACE] 【空洞监听】无匹配已持续：0秒
2025-10-21 15:27:09 [TRACE] 【目标检测】屏幕内没有目标
2025-10-21 15:27:09 [TRACE] 【状态】搜索模式：C:\Users\gelon\Desktop\ZA-Lite\assets/images/hollow\battle_end_boss.png 置信度：0.9999361634254456
2025-10-21 15:27:10 [TRACE] 【目标检测】目标存在，但置信度不足
2025-10-21 15:27:13 [TRACE] 【目标检测】屏幕内没有目标
2025-10-21 15:27:14 [TRACE] 【目标检测】屏幕内没有目标
2025-10-21 15:27:17 [TRACE] 【目标检测】屏幕内没有目标
2025-10-21 15:27:19 [TRACE] 【目标检测】屏幕内没有目标
2025-10-21 15:27:21 [TRACE] 【目标检测】TRAPPED！ 类型：interact 置信度：0.9076989889144897
2025-10-21 15:27:23 [TRACE] 【空洞监听】无匹配已持续：0秒
2025-10-21 15:27:28 [TRACE] 【目标检测】屏幕内没有目标
2025-10-21 15:27:29 [TRACE] 【目标检测】屏幕内没有目标
2025-10-21 15:27:31 [TRACE] 【目标检测】屏幕内没有目标
2025-10-21 15:27:32 [TRACE] 【目标检测】屏幕内没有目标
2025-10-21 15:27:34 [TRACE] 【目标检测】TRAPPED！ 类型：interact 置信度：0.9143428206443787
2025-10-21 15:27:38 [TRACE] 【目标检测】TRAPPED！ 类型：interact 置信度：0.9193200469017029
2025-10-21 15:27:44 [TRACE] 【空洞监听】无匹配已持续：0秒
2025-10-21 15:27:45 [TRACE] 【目标检测】屏幕内没有目标
2025-10-21 15:27:47 [TRACE] 【目标检测】屏幕内没有目标
2025-10-21 15:27:48 [TRACE] 【目标检测】屏幕内没有目标
2025-10-21 15:27:50 [TRACE] 【目标检测】屏幕内没有目标
2025-10-21 15:27:51 [TRACE] 【目标检测】屏幕内没有目标
2025-10-21 15:27:53 [TRACE] 【目标检测】屏幕内没有目标
2025-10-21 15:27:55 [TRACE] 【目标检测】屏幕内没有目标
2025-10-21 15:27:57 [TRACE] 【目标检测】屏幕内没有目标
2025-10-21 15:27:58 [TRACE] 【目标检测】屏幕内没有目标
2025-10-21 15:28:00 [TRACE] 【目标检测】屏幕内没有目标
2025-10-21 15:28:03 [TRACE] 【目标检测】屏幕内没有目标
2025-10-21 15:28:04 [TRACE] 【目标检测】屏幕内没有目标
2025-10-21 15:28:05 [TRACE] 【目标检测】屏幕内没有目标
2025-10-21 15:28:09 [TRACE] 【目标检测】TRAPPED！ 类型：interact 置信度：0.9393996596336365
2025-10-21 15:28:14 [TRACE] 【空洞监听】无匹配已持续：0秒
2025-10-21 15:28:16 [TRACE] 【目标检测】屏幕内没有目标
2025-10-21 15:28:17 [TRACE] 【目标检测】屏幕内没有目标
2025-10-21 15:28:19 [TRACE] 【目标检测】屏幕内没有目标
2025-10-21 15:28:20 [TRACE] 【目标检测】屏幕内没有目标
2025-10-21 15:28:21 [TRACE] 【目标检测】屏幕内没有目标
2025-10-21 15:28:24 [TRACE] 【目标检测】屏幕内没有目标
2025-10-21 15:28:25 [TRACE] 【目标检测】屏幕内没有目标
2025-10-21 15:28:27 [TRACE] 【目标检测】屏幕内没有目标
2025-10-21 15:28:28 [TRACE] 【目标检测】屏幕内没有目标
2025-10-21 15:28:30 [TRACE] 【目标检测】屏幕内没有目标
2025-10-21 15:28:32 [TRACE] 【目标检测】屏幕内没有目标
2025-10-21 15:28:36 [TRACE] 【目标检测】屏幕内没有目标
2025-10-21 15:28:38 [TRACE] 【目标检测】屏幕内没有目标
2025-10-21 15:28:39 [TRACE] 【目标检测】屏幕内没有目标
2025-10-21 15:28:41 [TRACE] 【目标检测】屏幕内没有目标
2025-10-21 15:28:44 [TRACE] 【目标检测】屏幕内没有目标
2025-10-21 15:28:44 [TRACE] 【空洞监听】无匹配已持续：0秒
2025-10-21 15:28:45 [TRACE] 【目标检测】屏幕内没有目标
2025-10-21 15:28:47 [TRACE] 【目标检测】屏幕内没有目标
2025-10-21 15:28:48 [TRACE] 【目标检测】屏幕内没有目标
2025-10-21 15:28:49 [TRACE] 【目标检测】屏幕内没有目标
2025-10-21 15:28:51 [TRACE] 【空洞监听】无匹配已持续：7秒
2025-10-21 15:28:52 [TRACE] 【目标检测】屏幕内没有目标
2025-10-21 15:28:54 [TRACE] 【目标检测】屏幕内没有目标
2025-10-21 15:28:55 [TRACE] 【目标检测】屏幕内没有目标
2025-10-21 15:28:56 [TRACE] 【目标检测】屏幕内没有目标
2025-10-21 15:28:58 [TRACE] 【目标检测】屏幕内没有目标
2025-10-21 15:28:58 [TRACE] 【空洞监听】无匹配已持续：14秒
2025-10-21 15:29:01 [TRACE] 【目标检测】屏幕内没有目标
2025-10-21 15:29:02 [TRACE] 【目标检测】屏幕内没有目标
2025-10-21 15:29:04 [TRACE] 【目标检测】屏幕内没有目标
2025-10-21 15:29:05 [TRACE] 【目标检测】屏幕内没有目标
2025-10-21 15:29:06 [TRACE] 【空洞监听】无匹配已持续：21秒
2025-10-21 15:29:07 [TRACE] 【目标检测】屏幕内没有目标
2025-10-21 15:29:09 [TRACE] 【目标检测】屏幕内没有目标
2025-10-21 15:29:11 [TRACE] 【目标检测】目标存在，但置信度不足
2025-10-21 15:29:12 [TRACE] 【目标检测】屏幕内没有目标
2025-10-21 15:29:13 [TRACE] 【空洞监听】无匹配已持续：29秒
2025-10-21 15:29:14 [TRACE] 【目标检测】屏幕内没有目标
2025-10-21 15:29:15 [TRACE] 【目标检测】屏幕内没有目标
2025-10-21 15:29:17 [TRACE] 【目标检测】屏幕内没有目标
2025-10-21 15:29:19 [TRACE] 【目标检测】屏幕内没有目标
2025-10-21 15:29:20 [TRACE] 【空洞监听】无匹配已持续：36秒
2025-10-21 15:29:20 [TRACE] 【目标检测】目标存在，但置信度不足
2025-10-21 15:29:22 [TRACE] 【目标检测】屏幕内没有目标
2025-10-21 15:29:23 [TRACE] 【目标检测】屏幕内没有目标
2025-10-21 15:29:25 [TRACE] 【目标检测】屏幕内没有目标
2025-10-21 15:29:26 [TRACE] 【目标检测】屏幕内没有目标
2025-10-21 15:29:27 [TRACE] 【空洞监听】无匹配已持续：42秒
2025-10-21 15:29:29 [TRACE] 【目标检测】屏幕内没有目标
2025-10-21 15:29:31 [TRACE] 【目标检测】屏幕内没有目标
2025-10-21 15:29:32 [TRACE] 【目标检测】屏幕内没有目标
2025-10-21 15:29:34 [TRACE] 【目标检测】屏幕内没有目标
2025-10-21 15:29:34 [TRACE] 【空洞监听】无匹配已持续：50秒
2025-10-21 15:29:35 [TRACE] 【目标检测】屏幕内没有目标
2025-10-21 15:29:38 [TRACE] 【目标检测】屏幕内没有目标
2025-10-21 15:29:39 [TRACE] 【目标检测】屏幕内没有目标
2025-10-21 15:29:41 [TRACE] 【目标检测】屏幕内没有目标
2025-10-21 15:29:41 [TRACE] 【空洞监听】无匹配已持续：57秒
2025-10-21 15:29:42 [TRACE] 【目标检测】屏幕内没有目标
2025-10-21 15:29:44 [TRACE] 【目标检测】屏幕内没有目标
2025-10-21 15:29:47 [TRACE] 【目标检测】屏幕内没有目标
2025-10-21 15:29:48 [TRACE] 【目标检测】屏幕内没有目标
2025-10-21 15:29:49 [TRACE] 【空洞监听】无匹配已持续：64秒
2025-10-21 15:29:49 [TRACE] 【空洞监听】即将超时，重启搜索线程
2025-10-21 15:29:50 [TRACE] 【目标检测】屏幕内没有目标
2025-10-21 15:29:51 [TRACE] 【目标检测】屏幕内没有目标
2025-10-21 15:29:52 [TRACE] 【目标检测】屏幕内没有目标
2025-10-21 15:29:55 [TRACE] 【目标检测】屏幕内没有目标
2025-10-21 15:29:56 [TRACE] 【空洞监听】无匹配已持续：71秒
2025-10-21 15:29:56 [TRACE] 【空洞监听】即将超时，重启搜索线程
2025-10-21 15:29:56 [TRACE] 【目标检测】屏幕内没有目标
2025-10-21 15:29:58 [TRACE] 【目标检测】屏幕内没有目标
2025-10-21 15:30:00 [TRACE] 【目标检测】屏幕内没有目标
2025-10-21 15:30:01 [TRACE] 【目标检测】屏幕内没有目标
2025-10-21 15:30:03 [TRACE] 【空洞监听】无匹配已持续：79秒
2025-10-21 15:30:03 [TRACE] 【空洞监听】即将超时，重启搜索线程
2025-10-21 15:30:04 [TRACE] 【目标检测】屏幕内没有目标
2025-10-21 15:30:05 [TRACE] 【目标检测】屏幕内没有目标
2025-10-21 15:30:07 [TRACE] 【目标检测】屏幕内没有目标
2025-10-21 15:30:08 [TRACE] 【目标检测】屏幕内没有目标
2025-10-21 15:30:09 [TRACE] 【目标检测】屏幕内没有目标
2025-10-21 15:30:11 [TRACE] 【空洞监听】无匹配已持续：86秒
2025-10-21 15:30:11 [TRACE] 【空洞监听】即将超时，重启搜索线程
2025-10-21 15:30:12 [TRACE] 【目标检测】屏幕内没有目标
2025-10-21 15:30:14 [TRACE] 【目标检测】屏幕内没有目标
2025-10-21 15:30:15 [TRACE] 【目标检测】屏幕内没有目标
2025-10-21 15:30:17 [TRACE] 【目标检测】屏幕内没有目标
2025-10-21 15:30:18 [TRACE] 【目标检测】屏幕内没有目标
2025-10-21 15:30:19 [TRACE] 【空洞监听】无匹配已持续：94秒
2025-10-21 15:30:19 [TRACE] 【空洞监听】即将超时，重启搜索线程
2025-10-21 15:30:21 [TRACE] 【目标检测】屏幕内没有目标
2025-10-21 15:30:22 [TRACE] 【目标检测】屏幕内没有目标
2025-10-21 15:30:24 [TRACE] 【目标检测】屏幕内没有目标
2025-10-21 15:30:25 [TRACE] 【目标检测】屏幕内没有目标
2025-10-21 15:30:26 [TRACE] 【空洞监听】无匹配已持续：102秒
2025-10-21 15:30:26 [TRACE] 【空洞监听】即将超时，重启搜索线程
2025-10-21 15:30:27 [TRACE] 【目标检测】屏幕内没有目标
2025-10-21 15:30:30 [TRACE] 【目标检测】屏幕内没有目标
2025-10-21 15:30:31 [TRACE] 【目标检测】屏幕内没有目标
2025-10-21 15:30:32 [TRACE] 【目标检测】屏幕内没有目标
2025-10-21 15:30:34 [TRACE] 【目标检测】屏幕内没有目标
2025-10-21 15:30:34 [TRACE] 【空洞监听】无匹配已持续：109秒
2025-10-21 15:30:34 [TRACE] 【空洞监听】即将超时，重启搜索线程
2025-10-21 15:30:35 [TRACE] 【目标检测】屏幕内没有目标
2025-10-21 15:30:38 [TRACE] 【目标检测】屏幕内没有目标
2025-10-21 15:30:39 [TRACE] 【目标检测】屏幕内没有目标
2025-10-21 15:30:41 [TRACE] 【目标检测】屏幕内没有目标
2025-10-21 15:30:42 [TRACE] 【空洞监听】无匹配已持续：117秒
2025-10-21 15:30:42 [TRACE] 【空洞监听】即将超时，重启搜索线程
2025-10-21 15:30:42 [TRACE] 【目标检测】屏幕内没有目标
2025-10-21 15:30:44 [TRACE] 【目标检测】屏幕内没有目标
2025-10-21 15:30:47 [TRACE] 【目标检测】屏幕内没有目标
2025-10-21 15:30:48 [TRACE] 【目标检测】屏幕内没有目标
2025-10-21 15:30:50 [TRACE] 【目标检测】屏幕内没有目标
2025-10-21 15:30:50 [TRACE] 【空洞监听】无匹配已持续：125秒
2025-10-21 15:30:50 [TRACE] 【空洞监听】即将超时，重启搜索线程
2025-10-21 15:30:51 [TRACE] 【目标检测】屏幕内没有目标
2025-10-21 15:30:53 [TRACE] 【目标检测】屏幕内没有目标
2025-10-21 15:30:55 [TRACE] 【目标检测】屏幕内没有目标
2025-10-21 15:30:57 [TRACE] 【目标检测】屏幕内没有目标
2025-10-21 15:30:57 [TRACE] 【空洞监听】无匹配已持续：133秒
2025-10-21 15:30:57 [TRACE] 【空洞监听】即将超时，重启搜索线程
2025-10-21 15:30:58 [TRACE] 【目标检测】屏幕内没有目标
2025-10-21 15:31:00 [TRACE] 【目标检测】屏幕内没有目标
2025-10-21 15:31:02 [TRACE] 【目标检测】屏幕内没有目标
2025-10-21 15:31:04 [TRACE] 【目标检测】屏幕内没有目标
2025-10-21 15:31:05 [TRACE] 【空洞监听】无匹配已持续：141秒
2025-10-21 15:31:05 [TRACE] 【空洞监听】即将超时，重启搜索线程
2025-10-21 15:31:06 [TRACE] 【目标检测】屏幕内没有目标
2025-10-21 15:31:07 [TRACE] 【目标检测】屏幕内没有目标
2025-10-21 15:31:08 [TRACE] 【目标检测】屏幕内没有目标
2025-10-21 15:31:10 [TRACE] 【目标检测】屏幕内没有目标
2025-10-21 15:31:13 [TRACE] 【空洞监听】无匹配已持续：148秒
2025-10-21 15:31:13 [TRACE] 【空洞监听】即将超时，重启搜索线程
2025-10-21 15:31:13 [TRACE] 【目标检测】屏幕内没有目标
2025-10-21 15:31:14 [TRACE] 【目标检测】屏幕内没有目标
2025-10-21 15:31:16 [TRACE] 【目标检测】屏幕内没有目标
2025-10-21 15:31:17 [TRACE] 【目标检测】屏幕内没有目标
2025-10-21 15:31:19 [TRACE] 【目标检测】屏幕内没有目标
2025-10-21 15:31:20 [TRACE] 【空洞监听】无匹配已持续：156秒
2025-10-21 15:31:20 [TRACE] 【空洞监听】即将超时，重启搜索线程
2025-10-21 15:31:21 [TRACE] 【目标检测】屏幕内没有目标
2025-10-21 15:31:23 [TRACE] 【目标检测】屏幕内没有目标
2025-10-21 15:31:24 [TRACE] 【目标检测】屏幕内没有目标
2025-10-21 15:31:26 [TRACE] 【目标检测】屏幕内没有目标
2025-10-21 15:31:27 [TRACE] 【目标检测】屏幕内没有目标
2025-10-21 15:31:28 [TRACE] 【空洞监听】无匹配已持续：163秒
2025-10-21 15:31:28 [TRACE] 【空洞监听】即将超时，重启搜索线程
2025-10-21 15:31:30 [TRACE] 【目标检测】屏幕内没有目标
2025-10-21 15:31:32 [TRACE] 【目标检测】屏幕内没有目标
2025-10-21 15:31:33 [TRACE] 【目标检测】屏幕内没有目标
2025-10-21 15:31:35 [TRACE] 【目标检测】屏幕内没有目标
2025-10-21 15:31:35 [TRACE] 【空洞监听】无匹配已持续：171秒
2025-10-21 15:31:35 [TRACE] 【空洞监听】即将超时，重启搜索线程
2025-10-21 15:31:36 [TRACE] 【目标检测】屏幕内没有目标
2025-10-21 15:31:38 [TRACE] 【目标检测】屏幕内没有目标
2025-10-21 15:31:40 [TRACE] 【目标检测】屏幕内没有目标
2025-10-21 15:31:41 [TRACE] 【目标检测】屏幕内没有目标
2025-10-21 15:31:42 [TRACE] 【空洞监听】无匹配已持续：178秒
2025-10-21 15:31:42 [TRACE] 【空洞监听】即将超时，重启搜索线程
2025-10-21 15:31:43 [TRACE] 【目标检测】屏幕内没有目标
2025-10-21 15:31:44 [TRACE] 【目标检测】屏幕内没有目标
2025-10-21 15:31:47 [TRACE] 【目标检测】屏幕内没有目标
2025-10-21 15:31:49 [TRACE] 【目标检测】屏幕内没有目标
2025-10-21 15:31:50 [TRACE] 【空洞监听】无匹配已持续：185秒
2025-10-21 15:31:50 [TRACE] 【空洞监听】即将超时，重启搜索线程
2025-10-21 15:31:50 [TRACE] 【目标检测】屏幕内没有目标
2025-10-21 15:31:50 [WARNING] 空洞任务异常，跳过本轮
2025-10-21 15:31:50 [INFO] 本轮耗时:17分钟
2025-10-21 15:31:50 [INFO] 当前已完成空洞 0 次 
2025-10-21 15:31:50 [DEBUG] 正在返回菜单
2025-10-21 15:31:51 [TRACE] 正在返回菜单,请保持游戏画面处于前台
2025-10-21 15:31:53 [TRACE] 退出战斗返回菜单
2025-10-21 15:31:53 [TRACE] 【目标出现】C:\Users\gelon\Desktop\ZA-Lite\assets/images/daily\quit_battle.png 置信度：0.99386066198349
2025-10-21 15:31:55 [TRACE] 【目标出现】C:\Users\gelon\Desktop\ZA-Lite\assets/images/daily\confirm.png 置信度：0.9839509725570679
2025-10-21 15:31:56 [TRACE] 【1】等待目标中 C:\Users\gelon\Desktop\ZA-Lite\assets/images/daily\quit.png
2025-10-21 15:31:57 [TRACE] 【2】等待目标中 C:\Users\gelon\Desktop\ZA-Lite\assets/images/daily\quit.png
2025-10-21 15:31:58 [TRACE] 【3】等待目标中 C:\Users\gelon\Desktop\ZA-Lite\assets/images/daily\quit.png
2025-10-21 15:31:59 [TRACE] 【4】等待目标中 C:\Users\gelon\Desktop\ZA-Lite\assets/images/daily\quit.png
2025-10-21 15:31:59 [TRACE] 【5】等待目标中 C:\Users\gelon\Desktop\ZA-Lite\assets/images/daily\quit.png
2025-10-21 15:32:00 [TRACE] 【6】等待目标中 C:\Users\gelon\Desktop\ZA-Lite\assets/images/daily\quit.png
2025-10-21 15:32:01 [TRACE] 【7】等待目标中 C:\Users\gelon\Desktop\ZA-Lite\assets/images/daily\quit.png
2025-10-21 15:32:02 [TRACE] 【8】等待目标中 C:\Users\gelon\Desktop\ZA-Lite\assets/images/daily\quit.png
2025-10-21 15:32:02 [TRACE] 【跳过】C:\Users\gelon\Desktop\ZA-Lite\assets/images/daily\quit.png
2025-10-21 15:32:03 [TRACE] 【目标出现】C:\Users\gelon\Desktop\ZA-Lite\assets/images/hollow/mission_completed.png 置信度：0.9999996423721313
2025-10-21 15:32:04 [TRACE] 正在返回菜单,请保持游戏画面处于前台
2025-10-21 15:32:06 [TRACE] 正在返回菜单,请保持游戏画面处于前台
2025-10-21 15:32:08 [TRACE] 正在返回菜单,请保持游戏画面处于前台
2025-10-21 15:32:11 [TRACE] 正在返回菜单,请保持游戏画面处于前台
2025-10-21 15:32:13 [TRACE] 正在返回菜单,请保持游戏画面处于前台
2025-10-21 15:32:16 [TRACE] 正在返回菜单,请保持游戏画面处于前台
2025-10-21 15:32:18 [TRACE] 现在处于大厅
2025-10-21 15:32:18 [INFO] 执行零号空洞任务中
2025-10-21 15:32:19 [TRACE] 【1】等待目标中 C:\Users\gelon\Desktop\ZA-Lite\assets/images/hollow\combat.png
2025-10-21 15:32:20 [TRACE] 【目标出现】C:\Users\gelon\Desktop\ZA-Lite\assets/images/hollow\combat.png 置信度：0.976293683052063
2025-10-21 15:32:21 [TRACE] 【目标出现】C:\Users\gelon\Desktop\ZA-Lite\assets/images/hollow\zero_hollow.png 置信度：0.9999943375587463
2025-10-21 15:32:23 [TRACE] 【目标出现】C:\Users\gelon\Desktop\ZA-Lite\assets/images/hollow\go_hollow.png 置信度：0.994537889957428
2025-10-21 15:32:24 [TRACE] 【目标出现】C:\Users\gelon\Desktop\ZA-Lite\assets/images/hollow\confirm.png 置信度：0.9839433431625366
2025-10-21 15:32:25 [TRACE] 【1】等待目标中 C:\Users\gelon\Desktop\ZA-Lite\assets/images/hollow\hollow_taskforce.png
2025-10-21 15:32:26 [TRACE] 【2】等待目标中 C:\Users\gelon\Desktop\ZA-Lite\assets/images/hollow\hollow_taskforce.png
2025-10-21 15:32:27 [TRACE] 【3】等待目标中 C:\Users\gelon\Desktop\ZA-Lite\assets/images/hollow\hollow_taskforce.png
2025-10-21 15:32:28 [TRACE] 【目标出现】C:\Users\gelon\Desktop\ZA-Lite\assets/images/hollow\hollow_taskforce.png 置信度：0.999981164932251
2025-10-21 15:32:29 [TRACE] 【目标出现】C:\Users\gelon\Desktop\ZA-Lite\assets/images/hollow\strategy.png 置信度：0.9999997019767761
2025-10-21 15:32:30 [TRACE] 【1】等待目标中 C:\Users\gelon\Desktop\ZA-Lite\assets/images/hollow\strategy_confirm.png
2025-10-21 15:32:31 [TRACE] 【目标出现】C:\Users\gelon\Desktop\ZA-Lite\assets/images/hollow\strategy_confirm.png 置信度：1.0
2025-10-21 15:32:33 [TRACE] 【目标出现】C:\Users\gelon\Desktop\ZA-Lite\assets/images/hollow\next_step.png 置信度：0.9763979315757751
2025-10-21 15:32:34 [TRACE] 【目标出现】C:\Users\gelon\Desktop\ZA-Lite\assets/images/daily\squad_preset.png 置信度：0.9862329959869385
2025-10-21 15:32:36 [TRACE] 【目标出现】C:\Users\gelon\Desktop\ZA-Lite\assets/images/daily\squad_6.png 置信度：0.9315226078033447
2025-10-21 15:32:37 [TRACE] 【目标出现】C:\Users\gelon\Desktop\ZA-Lite\assets/images/daily\select_squad.png 置信度：0.9686174392700195
2025-10-21 15:32:38 [TRACE] 【目标出现】C:\Users\gelon\Desktop\ZA-Lite\assets/images/hollow\start_battle.png 置信度：0.978816032409668
2025-10-21 15:32:40 [TRACE] 【目标检测】屏幕内没有目标
2025-10-21 15:32:42 [TRACE] 【目标检测】屏幕内没有目标
2025-10-21 15:32:44 [TRACE] 【目标检测】屏幕内没有目标
2025-10-21 15:32:46 [TRACE] 【目标检测】屏幕内没有目标
2025-10-21 15:32:46 [TRACE] 【空洞监听】无匹配已持续：0秒
2025-10-21 15:32:47 [TRACE] 【目标检测】屏幕内没有目标
2025-10-21 15:32:48 [TRACE] 【目标检测】屏幕内没有目标
2025-10-21 15:32:50 [TRACE] 【目标检测】屏幕内没有目标
2025-10-21 15:32:52 [TRACE] 【空洞监听】无匹配已持续：6秒
2025-10-21 15:32:52 [TRACE] 【目标检测】屏幕内没有目标
2025-10-21 15:32:54 [TRACE] 【目标检测】屏幕内没有目标
2025-10-21 15:32:55 [TRACE] 【目标检测】屏幕内没有目标
2025-10-21 15:32:57 [TRACE] 【目标检测】屏幕内没有目标
2025-10-21 15:32:58 [TRACE] 【目标检测】屏幕内没有目标
2025-10-21 15:33:00 [TRACE] 【空洞监听】无匹配已持续：13秒
2025-10-21 15:33:01 [TRACE] 【目标检测】屏幕内没有目标
2025-10-21 15:33:03 [TRACE] 【目标检测】屏幕内没有目标
2025-10-21 15:33:04 [TRACE] 【目标检测】屏幕内没有目标
2025-10-21 15:33:07 [TRACE] 【空洞监听】无匹配已持续：21秒
2025-10-21 15:33:09 [TRACE] 【目标检测】TRAPPED！ 类型：interact 置信度：0.9367133378982544
2025-10-21 15:33:17 [TRACE] 【目标检测】屏幕内没有目标
2025-10-21 15:33:18 [TRACE] 【目标检测】屏幕内没有目标
2025-10-21 15:33:20 [TRACE] 【目标检测】屏幕内没有目标
2025-10-21 15:33:21 [TRACE] 【目标检测】屏幕内没有目标
2025-10-21 15:33:27 [TRACE] 【目标检测】TRAPPED！ 类型：interact 置信度：0.918810248374939
2025-10-21 15:33:30 [TRACE] 【空洞监听】无匹配已持续：0秒
2025-10-21 15:33:37 [TRACE] 【目标检测】微调超时，无法对齐！
2025-10-21 15:33:38 [TRACE] 【空洞监听】无匹配已持续：7秒
2025-10-21 15:33:41 [TRACE] 【目标检测】TRAPPED！ 类型：interact 置信度：0.9384487867355347
2025-10-21 15:33:46 [TRACE] 【空洞监听】无匹配已持续：15秒
2025-10-21 15:33:53 [TRACE] 【空洞监听】无匹配已持续：22秒
2025-10-21 15:33:55 [TRACE] 【目标检测】微调超时，无法对齐！
2025-10-21 15:34:01 [TRACE] 【空洞监听】无匹配已持续：30秒
2025-10-21 15:34:05 [TRACE] 【目标检测】TRAPPED！ 类型：interact 置信度：0.9325262308120728
2025-10-21 15:34:08 [TRACE] 【空洞监听】无匹配已持续：37秒
2025-10-21 15:34:12 [TRACE] 【目标检测】屏幕内没有目标
2025-10-21 15:34:14 [TRACE] 【目标检测】屏幕内没有目标
2025-10-21 15:34:16 [TRACE] 【目标检测】屏幕内没有目标
2025-10-21 15:34:17 [TRACE] 【目标检测】屏幕内没有目标
2025-10-21 15:34:19 [TRACE] 【目标检测】屏幕内没有目标
2025-10-21 15:34:24 [TRACE] 【空洞监听】无匹配已持续：0秒
2025-10-21 15:34:28 [TRACE] 【目标检测】TRAPPED！ 类型：interact 置信度：0.9346317648887634
2025-10-21 15:34:35 [TRACE] 【目标检测】屏幕内没有目标
2025-10-21 15:34:36 [TRACE] 【目标检测】屏幕内没有目标
2025-10-21 15:34:38 [TRACE] 【目标检测】屏幕内没有目标
2025-10-21 15:34:39 [TRACE] 【目标检测】屏幕内没有目标
2025-10-21 15:34:41 [TRACE] 【目标检测】屏幕内没有目标
2025-10-21 15:34:44 [TRACE] 【目标检测】屏幕内没有目标
2025-10-21 15:34:46 [TRACE] 【目标检测】屏幕内没有目标
2025-10-21 15:34:47 [TRACE] 【空洞监听】无匹配已持续：0秒
2025-10-21 15:34:48 [TRACE] 【目标检测】屏幕内没有目标
2025-10-21 15:34:55 [TRACE] 【空洞监听】无匹配已持续：7秒
2025-10-21 15:34:56 [TRACE] 【目标检测】TRAPPED！ 类型：interact 置信度：0.917765200138092
2025-10-21 15:35:02 [TRACE] 【空洞监听】无匹配已持续：14秒
2025-10-21 15:35:09 [TRACE] 【空洞监听】无匹配已持续：21秒
2025-10-21 15:35:10 [TRACE] 【目标检测】微调超时，无法对齐！
2025-10-21 15:35:16 [TRACE] 【空洞监听】无匹配已持续：29秒
2025-10-21 15:35:20 [TRACE] 【目标检测】微调超时，无法对齐！
2025-10-21 15:35:24 [TRACE] 【空洞监听】无匹配已持续：36秒
2025-10-21 15:35:27 [TRACE] 【目标检测】TRAPPED！ 类型：interact 置信度：0.9520995020866394
2025-10-21 15:35:34 [TRACE] 【目标检测】屏幕内没有目标
2025-10-21 15:35:35 [TRACE] 【目标检测】屏幕内没有目标
2025-10-21 15:35:37 [TRACE] 【目标检测】屏幕内没有目标
2025-10-21 15:35:38 [TRACE] 【目标检测】屏幕内没有目标
2025-10-21 15:35:40 [TRACE] 【目标检测】屏幕内没有目标
2025-10-21 15:35:43 [TRACE] 【目标检测】屏幕内没有目标
2025-10-21 15:35:45 [TRACE] 【目标检测】目标存在，但置信度不足
2025-10-21 15:35:46 [TRACE] 【目标检测】屏幕内没有目标
2025-10-21 15:35:47 [TRACE] 【空洞监听】无匹配已持续：0秒
2025-10-21 15:35:48 [TRACE] 【目标检测】屏幕内没有目标
2025-10-21 15:35:54 [TRACE] 【空洞监听】无匹配已持续：6秒
2025-10-21 15:35:55 [TRACE] 【目标检测】TRAPPED！ 类型：interact 置信度：0.9290280938148499
2025-10-21 15:36:03 [TRACE] 【目标检测】目标存在，但置信度不足
2025-10-21 15:36:03 [TRACE] 【状态】搜索模式：C:\Users\gelon\Desktop\ZA-Lite\assets/images/hollow\card.png 置信度：1.0
2025-10-21 15:36:06 [TRACE] 【目标检测】目标存在，但置信度不足
2025-10-21 15:36:09 [TRACE] 【目标检测】目标存在，但置信度不足
2025-10-21 15:36:12 [TRACE] 【目标检测】TRAPPED！ 类型：blue_portal 置信度：0.8432416319847107
2025-10-21 15:36:17 [TRACE] 【空洞监听】无匹配已持续：0秒
2025-10-21 15:36:19 [TRACE] 【目标检测】屏幕内没有目标
2025-10-21 15:36:20 [TRACE] 【目标检测】屏幕内没有目标
2025-10-21 15:36:21 [TRACE] 【目标检测】屏幕内没有目标
2025-10-21 15:36:23 [TRACE] 【目标检测】屏幕内没有目标
2025-10-21 15:36:24 [TRACE] 【空洞监听】无匹配已持续：6秒
2025-10-21 15:36:24 [TRACE] 【目标检测】屏幕内没有目标
2025-10-21 15:36:27 [TRACE] 【目标检测】屏幕内没有目标
2025-10-21 15:36:29 [TRACE] 【目标检测】屏幕内没有目标
2025-10-21 15:36:30 [TRACE] 【目标检测】屏幕内没有目标
2025-10-21 15:36:31 [TRACE] 【空洞监听】无匹配已持续：14秒
2025-10-21 15:36:32 [TRACE] 【目标检测】屏幕内没有目标
2025-10-21 15:36:38 [TRACE] 【空洞监听】无匹配已持续：21秒
2025-10-21 15:36:40 [TRACE] 【目标检测】TRAPPED！ 类型：interact 置信度：0.9415960907936096
2025-10-21 15:36:45 [TRACE] 【空洞监听】无匹配已持续：28秒
2025-10-21 15:36:46 [TRACE] 【目标检测】屏幕内没有目标
2025-10-21 15:36:48 [TRACE] 【目标检测】屏幕内没有目标
2025-10-21 15:36:49 [TRACE] 【目标检测】屏幕内没有目标
2025-10-21 15:36:51 [TRACE] 【目标检测】屏幕内没有目标
2025-10-21 15:36:52 [TRACE] 【目标检测】屏幕内没有目标
2025-10-21 15:36:55 [TRACE] 【目标检测】屏幕内没有目标
2025-10-21 15:36:56 [TRACE] 【目标检测】屏幕内没有目标
2025-10-21 15:36:58 [TRACE] 【目标检测】屏幕内没有目标
2025-10-21 15:37:00 [TRACE] 【目标检测】屏幕内没有目标
2025-10-21 15:37:01 [TRACE] 【目标检测】屏幕内没有目标
2025-10-21 15:37:04 [TRACE] 【目标检测】屏幕内没有目标
2025-10-21 15:37:05 [TRACE] 【目标检测】屏幕内没有目标
2025-10-21 15:37:06 [TRACE] 【目标检测】屏幕内没有目标
2025-10-21 15:37:08 [TRACE] 【状态】搜索模式：C:\Users\gelon\Desktop\ZA-Lite\assets/images/hollow\next_area.png 置信度：0.9999995231628418
2025-10-21 15:37:15 [TRACE] 【目标检测】微调超时，无法对齐！
2025-10-21 15:37:19 [TRACE] 【目标检测】TRAPPED！ 类型：guide_point 置信度：0.8678709268569946
2025-10-21 15:37:21 [TRACE] 【空洞监听】无匹配已持续：0秒
2025-10-21 15:37:26 [TRACE] 【目标检测】屏幕内没有目标
2025-10-21 15:37:27 [TRACE] 【目标检测】屏幕内没有目标
2025-10-21 15:37:28 [TRACE] 【空洞监听】无匹配已持续：6秒
2025-10-21 15:37:29 [TRACE] 【目标检测】屏幕内没有目标
2025-10-21 15:37:31 [TRACE] 【目标检测】屏幕内没有目标
2025-10-21 15:37:32 [TRACE] 【状态】战斗模式：C:\Users\gelon\Desktop\ZA-Lite\assets/images/hollow\battle_2.png 置信度：1.0
2025-10-21 15:37:33 [TRACE] 【状态】战斗模式：C:\Users\gelon\Desktop\ZA-Lite\assets/images/hollow\battle_3.png 置信度：0.9999996423721313
2025-10-21 15:37:33 [TRACE] 【目标检测】屏幕内没有目标
2025-10-21 15:37:44 [TRACE] 【空洞监听】无匹配已持续：0秒
2025-10-21 15:37:52 [TRACE] 【状态】搜索模式：C:\Users\gelon\Desktop\ZA-Lite\assets/images/hollow\next_area.png 置信度：0.9999997019767761
2025-10-21 15:37:55 [TRACE] 【状态】搜索模式：C:\Users\gelon\Desktop\ZA-Lite\assets/images/hollow\meter.png 置信度：0.9575839638710022
2025-10-21 15:37:56 [TRACE] 【目标检测】目标存在，但置信度不足
2025-10-21 15:38:02 [TRACE] 【目标检测】微调超时，无法对齐！
2025-10-21 15:38:03 [TRACE] 【状态】搜索模式：C:\Users\gelon\Desktop\ZA-Lite\assets/images/hollow\meter.png 置信度：0.9615160226821899
2025-10-21 15:38:04 [TRACE] 【目标检测】TRAPPED！ 类型：guide_point 置信度：0.9407398104667664
2025-10-21 15:38:11 [TRACE] 【目标检测】屏幕内没有目标
2025-10-21 15:38:13 [TRACE] 【目标检测】屏幕内没有目标
2025-10-21 15:38:13 [TRACE] 【空洞监听】无匹配已持续：0秒
2025-10-21 15:38:16 [TRACE] 【目标检测】TRAPPED！ 类型：interact 置信度：0.9145532250404358
2025-10-21 15:38:20 [TRACE] 【空洞监听】无匹配已持续：7秒
2025-10-21 15:38:20 [TRACE] 【状态】搜索模式：C:\Users\gelon\Desktop\ZA-Lite\assets/images/hollow\resonium.png 置信度：1.0
2025-10-21 15:38:21 [TRACE] 【目标出现】C:\Users\gelon\Desktop\ZA-Lite\assets/images/hollow\resonium.png 置信度：1.0
2025-10-21 15:38:21 [TRACE] 【本轮的坐标】：(np.int64(1699), np.int64(455)) ------------
2025-10-21 15:38:21 [TRACE] 【已点击过的坐标】：[(-10, -10)]
2025-10-21 15:38:21 [TRACE] 【成功点击】
2025-10-21 15:38:21 [TRACE] 【本轮的坐标】：(np.int64(2088), np.int64(455)) ------------
2025-10-21 15:38:21 [TRACE] 【已点击过的坐标】：[(-10, -10), (np.int64(1699), np.int64(455))]
2025-10-21 15:38:21 [TRACE] 【成功点击】
2025-10-21 15:38:22 [TRACE] 【本轮的坐标】：(np.int64(2089), np.int64(455)) ------------
2025-10-21 15:38:22 [TRACE] 【已点击过的坐标】：[(-10, -10), (np.int64(1699), np.int64(455)), (np.int64(2088), np.int64(455))]
2025-10-21 15:38:22 [TRACE] 【坐标太近】视为重复
2025-10-21 15:38:22 [TRACE] 【没有通过的坐标】开始下一轮
2025-10-21 15:38:22 [TRACE] 【本轮的坐标】：(np.int64(2478), np.int64(455)) ------------
2025-10-21 15:38:22 [TRACE] 【已点击过的坐标】：[(-10, -10), (np.int64(1699), np.int64(455)), (np.int64(2088), np.int64(455))]
2025-10-21 15:38:22 [TRACE] 【成功点击】
2025-10-21 15:38:23 [TRACE] 【目标检测】目标存在，但置信度不足
2025-10-21 15:38:23 [TRACE] 【本轮的坐标】：(np.int64(1698), np.int64(456)) ------------
2025-10-21 15:38:23 [TRACE] 【已点击过的坐标】：[(-10, -10), (np.int64(1699), np.int64(455)), (np.int64(2088), np.int64(455)), (np.int64(2478), np.int64(455))]
2025-10-21 15:38:23 [TRACE] 【坐标太近】视为重复
2025-10-21 15:38:23 [TRACE] 【没有通过的坐标】开始下一轮
2025-10-21 15:38:23 [TRACE] 【本轮的坐标】：(np.int64(1699), np.int64(456)) ------------
2025-10-21 15:38:23 [TRACE] 【已点击过的坐标】：[(-10, -10), (np.int64(1699), np.int64(455)), (np.int64(2088), np.int64(455)), (np.int64(2478), np.int64(455))]
2025-10-21 15:38:23 [TRACE] 【坐标太近】视为重复
2025-10-21 15:38:23 [TRACE] 【没有通过的坐标】开始下一轮
2025-10-21 15:38:23 [TRACE] 【本轮的坐标】：(np.int64(1700), np.int64(456)) ------------
2025-10-21 15:38:23 [TRACE] 【已点击过的坐标】：[(-10, -10), (np.int64(1699), np.int64(455)), (np.int64(2088), np.int64(455)), (np.int64(2478), np.int64(455))]
2025-10-21 15:38:23 [TRACE] 【坐标太近】视为重复
2025-10-21 15:38:23 [TRACE] 【没有通过的坐标】开始下一轮
2025-10-21 15:38:23 [TRACE] 【本轮的坐标】：(np.int64(2087), np.int64(456)) ------------
2025-10-21 15:38:23 [TRACE] 【已点击过的坐标】：[(-10, -10), (np.int64(1699), np.int64(455)), (np.int64(2088), np.int64(455)), (np.int64(2478), np.int64(455))]
2025-10-21 15:38:23 [TRACE] 【坐标太近】视为重复
2025-10-21 15:38:23 [TRACE] 【没有通过的坐标】开始下一轮
2025-10-21 15:38:23 [TRACE] 【本轮的坐标】：(np.int64(2088), np.int64(456)) ------------
2025-10-21 15:38:23 [TRACE] 【已点击过的坐标】：[(-10, -10), (np.int64(1699), np.int64(455)), (np.int64(2088), np.int64(455)), (np.int64(2478), np.int64(455))]
2025-10-21 15:38:23 [TRACE] 【坐标太近】视为重复
2025-10-21 15:38:23 [TRACE] 【没有通过的坐标】开始下一轮
2025-10-21 15:38:23 [TRACE] 【本轮的坐标】：(np.int64(2089), np.int64(456)) ------------
2025-10-21 15:38:23 [TRACE] 【已点击过的坐标】：[(-10, -10), (np.int64(1699), np.int64(455)), (np.int64(2088), np.int64(455)), (np.int64(2478), np.int64(455))]
2025-10-21 15:38:23 [TRACE] 【坐标太近】视为重复
2025-10-21 15:38:23 [TRACE] 【没有通过的坐标】开始下一轮
2025-10-21 15:38:23 [TRACE] 【本轮的坐标】：(np.int64(2090), np.int64(456)) ------------
2025-10-21 15:38:23 [TRACE] 【已点击过的坐标】：[(-10, -10), (np.int64(1699), np.int64(455)), (np.int64(2088), np.int64(455)), (np.int64(2478), np.int64(455))]
2025-10-21 15:38:23 [TRACE] 【坐标太近】视为重复
2025-10-21 15:38:23 [TRACE] 【没有通过的坐标】开始下一轮
2025-10-21 15:38:23 [TRACE] 【本轮的坐标】：(np.int64(2477), np.int64(456)) ------------
2025-10-21 15:38:23 [TRACE] 【已点击过的坐标】：[(-10, -10), (np.int64(1699), np.int64(455)), (np.int64(2088), np.int64(455)), (np.int64(2478), np.int64(455))]
2025-10-21 15:38:23 [TRACE] 【坐标太近】视为重复
2025-10-21 15:38:23 [TRACE] 【没有通过的坐标】开始下一轮
2025-10-21 15:38:23 [TRACE] 【本轮的坐标】：(np.int64(2478), np.int64(456)) ------------
2025-10-21 15:38:23 [TRACE] 【已点击过的坐标】：[(-10, -10), (np.int64(1699), np.int64(455)), (np.int64(2088), np.int64(455)), (np.int64(2478), np.int64(455))]
2025-10-21 15:38:23 [TRACE] 【坐标太近】视为重复
2025-10-21 15:38:23 [TRACE] 【没有通过的坐标】开始下一轮
2025-10-21 15:38:23 [TRACE] 【本轮的坐标】：(np.int64(2479), np.int64(456)) ------------
2025-10-21 15:38:23 [TRACE] 【已点击过的坐标】：[(-10, -10), (np.int64(1699), np.int64(455)), (np.int64(2088), np.int64(455)), (np.int64(2478), np.int64(455))]
2025-10-21 15:38:23 [TRACE] 【坐标太近】视为重复
2025-10-21 15:38:23 [TRACE] 【没有通过的坐标】开始下一轮
2025-10-21 15:38:23 [TRACE] 【本轮的坐标】：(np.int64(1698), np.int64(457)) ------------
2025-10-21 15:38:23 [TRACE] 【已点击过的坐标】：[(-10, -10), (np.int64(1699), np.int64(455)), (np.int64(2088), np.int64(455)), (np.int64(2478), np.int64(455))]
2025-10-21 15:38:23 [TRACE] 【坐标太近】视为重复
2025-10-21 15:38:23 [TRACE] 【没有通过的坐标】开始下一轮
2025-10-21 15:38:23 [TRACE] 【本轮的坐标】：(np.int64(1699), np.int64(457)) ------------
2025-10-21 15:38:23 [TRACE] 【已点击过的坐标】：[(-10, -10), (np.int64(1699), np.int64(455)), (np.int64(2088), np.int64(455)), (np.int64(2478), np.int64(455))]
2025-10-21 15:38:23 [TRACE] 【坐标太近】视为重复
2025-10-21 15:38:23 [TRACE] 【没有通过的坐标】开始下一轮
2025-10-21 15:38:23 [TRACE] 【本轮的坐标】：(np.int64(2088), np.int64(457)) ------------
2025-10-21 15:38:23 [TRACE] 【已点击过的坐标】：[(-10, -10), (np.int64(1699), np.int64(455)), (np.int64(2088), np.int64(455)), (np.int64(2478), np.int64(455))]
2025-10-21 15:38:23 [TRACE] 【坐标太近】视为重复
2025-10-21 15:38:23 [TRACE] 【没有通过的坐标】开始下一轮
2025-10-21 15:38:23 [TRACE] 【本轮的坐标】：(np.int64(2478), np.int64(457)) ------------
2025-10-21 15:38:23 [TRACE] 【已点击过的坐标】：[(-10, -10), (np.int64(1699), np.int64(455)), (np.int64(2088), np.int64(455)), (np.int64(2478), np.int64(455))]
2025-10-21 15:38:23 [TRACE] 【坐标太近】视为重复
2025-10-21 15:38:23 [TRACE] 【没有通过的坐标】开始下一轮
2025-10-21 15:38:23 [TRACE] 【完成所有点击】有效次数：3
2025-10-21 15:38:23 [TRACE] 【状态】搜索模式：C:\Users\gelon\Desktop\ZA-Lite\assets/images/hollow\card.png 置信度：0.986535906791687
2025-10-21 15:38:24 [TRACE] 【目标检测】目标存在，但置信度不足
2025-10-21 15:38:25 [TRACE] 【目标检测】屏幕内没有目标
2025-10-21 15:38:27 [TRACE] 【目标检测】屏幕内没有目标
2025-10-21 15:38:28 [TRACE] 【目标检测】屏幕内没有目标
2025-10-21 15:38:30 [TRACE] 【目标检测】目标存在，但置信度不足
2025-10-21 15:38:30 [TRACE] 【状态】搜索模式：C:\Users\gelon\Desktop\ZA-Lite\assets/images/hollow\resonium.png 置信度：0.9999998807907104
2025-10-21 15:38:31 [TRACE] 【目标出现】C:\Users\gelon\Desktop\ZA-Lite\assets/images/hollow\resonium.png 置信度：1.0
2025-10-21 15:38:31 [TRACE] 【本轮的坐标】：(np.int64(1699), np.int64(455)) ------------
2025-10-21 15:38:31 [TRACE] 【已点击过的坐标】：[(-10, -10)]
2025-10-21 15:38:31 [TRACE] 【成功点击】
2025-10-21 15:38:31 [TRACE] 【目标检测】屏幕内没有目标
2025-10-21 15:38:31 [TRACE] 【本轮的坐标】：(np.int64(2088), np.int64(455)) ------------
2025-10-21 15:38:31 [TRACE] 【已点击过的坐标】：[(-10, -10), (np.int64(1699), np.int64(455))]
2025-10-21 15:38:31 [TRACE] 【成功点击】
2025-10-21 15:38:32 [TRACE] 【目标检测】目标存在，但置信度不足
2025-10-21 15:38:32 [TRACE] 【本轮的坐标】：(np.int64(2089), np.int64(455)) ------------
2025-10-21 15:38:32 [TRACE] 【已点击过的坐标】：[(-10, -10), (np.int64(1699), np.int64(455)), (np.int64(2088), np.int64(455))]
2025-10-21 15:38:32 [TRACE] 【坐标太近】视为重复
2025-10-21 15:38:32 [TRACE] 【没有通过的坐标】开始下一轮
2025-10-21 15:38:32 [TRACE] 【本轮的坐标】：(np.int64(2478), np.int64(455)) ------------
2025-10-21 15:38:32 [TRACE] 【已点击过的坐标】：[(-10, -10), (np.int64(1699), np.int64(455)), (np.int64(2088), np.int64(455))]
2025-10-21 15:38:32 [TRACE] 【成功点击】
2025-10-21 15:38:33 [TRACE] 【本轮的坐标】：(np.int64(1698), np.int64(456)) ------------
2025-10-21 15:38:33 [TRACE] 【已点击过的坐标】：[(-10, -10), (np.int64(1699), np.int64(455)), (np.int64(2088), np.int64(455)), (np.int64(2478), np.int64(455))]
2025-10-21 15:38:33 [TRACE] 【坐标太近】视为重复
2025-10-21 15:38:33 [TRACE] 【没有通过的坐标】开始下一轮
2025-10-21 15:38:33 [TRACE] 【本轮的坐标】：(np.int64(1699), np.int64(456)) ------------
2025-10-21 15:38:33 [TRACE] 【已点击过的坐标】：[(-10, -10), (np.int64(1699), np.int64(455)), (np.int64(2088), np.int64(455)), (np.int64(2478), np.int64(455))]
2025-10-21 15:38:33 [TRACE] 【坐标太近】视为重复
2025-10-21 15:38:33 [TRACE] 【没有通过的坐标】开始下一轮
2025-10-21 15:38:33 [TRACE] 【本轮的坐标】：(np.int64(1700), np.int64(456)) ------------
2025-10-21 15:38:33 [TRACE] 【已点击过的坐标】：[(-10, -10), (np.int64(1699), np.int64(455)), (np.int64(2088), np.int64(455)), (np.int64(2478), np.int64(455))]
2025-10-21 15:38:33 [TRACE] 【坐标太近】视为重复
2025-10-21 15:38:33 [TRACE] 【没有通过的坐标】开始下一轮
2025-10-21 15:38:33 [TRACE] 【本轮的坐标】：(np.int64(2087), np.int64(456)) ------------
2025-10-21 15:38:33 [TRACE] 【已点击过的坐标】：[(-10, -10), (np.int64(1699), np.int64(455)), (np.int64(2088), np.int64(455)), (np.int64(2478), np.int64(455))]
2025-10-21 15:38:33 [TRACE] 【坐标太近】视为重复
2025-10-21 15:38:33 [TRACE] 【没有通过的坐标】开始下一轮
2025-10-21 15:38:33 [TRACE] 【本轮的坐标】：(np.int64(2088), np.int64(456)) ------------
2025-10-21 15:38:33 [TRACE] 【已点击过的坐标】：[(-10, -10), (np.int64(1699), np.int64(455)), (np.int64(2088), np.int64(455)), (np.int64(2478), np.int64(455))]
2025-10-21 15:38:33 [TRACE] 【坐标太近】视为重复
2025-10-21 15:38:33 [TRACE] 【没有通过的坐标】开始下一轮
2025-10-21 15:38:33 [TRACE] 【本轮的坐标】：(np.int64(2089), np.int64(456)) ------------
2025-10-21 15:38:33 [TRACE] 【已点击过的坐标】：[(-10, -10), (np.int64(1699), np.int64(455)), (np.int64(2088), np.int64(455)), (np.int64(2478), np.int64(455))]
2025-10-21 15:38:33 [TRACE] 【坐标太近】视为重复
2025-10-21 15:38:33 [TRACE] 【没有通过的坐标】开始下一轮
2025-10-21 15:38:33 [TRACE] 【本轮的坐标】：(np.int64(2090), np.int64(456)) ------------
2025-10-21 15:38:33 [TRACE] 【已点击过的坐标】：[(-10, -10), (np.int64(1699), np.int64(455)), (np.int64(2088), np.int64(455)), (np.int64(2478), np.int64(455))]
2025-10-21 15:38:33 [TRACE] 【坐标太近】视为重复
2025-10-21 15:38:33 [TRACE] 【没有通过的坐标】开始下一轮
2025-10-21 15:38:33 [TRACE] 【本轮的坐标】：(np.int64(2477), np.int64(456)) ------------
2025-10-21 15:38:33 [TRACE] 【已点击过的坐标】：[(-10, -10), (np.int64(1699), np.int64(455)), (np.int64(2088), np.int64(455)), (np.int64(2478), np.int64(455))]
2025-10-21 15:38:33 [TRACE] 【坐标太近】视为重复
2025-10-21 15:38:33 [TRACE] 【没有通过的坐标】开始下一轮
2025-10-21 15:38:33 [TRACE] 【本轮的坐标】：(np.int64(2478), np.int64(456)) ------------
2025-10-21 15:38:33 [TRACE] 【已点击过的坐标】：[(-10, -10), (np.int64(1699), np.int64(455)), (np.int64(2088), np.int64(455)), (np.int64(2478), np.int64(455))]
2025-10-21 15:38:33 [TRACE] 【坐标太近】视为重复
2025-10-21 15:38:33 [TRACE] 【没有通过的坐标】开始下一轮
2025-10-21 15:38:33 [TRACE] 【本轮的坐标】：(np.int64(2479), np.int64(456)) ------------
2025-10-21 15:38:33 [TRACE] 【已点击过的坐标】：[(-10, -10), (np.int64(1699), np.int64(455)), (np.int64(2088), np.int64(455)), (np.int64(2478), np.int64(455))]
2025-10-21 15:38:33 [TRACE] 【坐标太近】视为重复
2025-10-21 15:38:33 [TRACE] 【没有通过的坐标】开始下一轮
2025-10-21 15:38:33 [TRACE] 【本轮的坐标】：(np.int64(1698), np.int64(457)) ------------
2025-10-21 15:38:33 [TRACE] 【已点击过的坐标】：[(-10, -10), (np.int64(1699), np.int64(455)), (np.int64(2088), np.int64(455)), (np.int64(2478), np.int64(455))]
2025-10-21 15:38:33 [TRACE] 【坐标太近】视为重复
2025-10-21 15:38:33 [TRACE] 【没有通过的坐标】开始下一轮
2025-10-21 15:38:33 [TRACE] 【本轮的坐标】：(np.int64(1699), np.int64(457)) ------------
2025-10-21 15:38:33 [TRACE] 【已点击过的坐标】：[(-10, -10), (np.int64(1699), np.int64(455)), (np.int64(2088), np.int64(455)), (np.int64(2478), np.int64(455))]
2025-10-21 15:38:33 [TRACE] 【坐标太近】视为重复
2025-10-21 15:38:33 [TRACE] 【没有通过的坐标】开始下一轮
2025-10-21 15:38:33 [TRACE] 【本轮的坐标】：(np.int64(2088), np.int64(457)) ------------
2025-10-21 15:38:33 [TRACE] 【已点击过的坐标】：[(-10, -10), (np.int64(1699), np.int64(455)), (np.int64(2088), np.int64(455)), (np.int64(2478), np.int64(455))]
2025-10-21 15:38:33 [TRACE] 【坐标太近】视为重复
2025-10-21 15:38:33 [TRACE] 【没有通过的坐标】开始下一轮
2025-10-21 15:38:33 [TRACE] 【本轮的坐标】：(np.int64(2478), np.int64(457)) ------------
2025-10-21 15:38:33 [TRACE] 【已点击过的坐标】：[(-10, -10), (np.int64(1699), np.int64(455)), (np.int64(2088), np.int64(455)), (np.int64(2478), np.int64(455))]
2025-10-21 15:38:33 [TRACE] 【坐标太近】视为重复
2025-10-21 15:38:33 [TRACE] 【没有通过的坐标】开始下一轮
2025-10-21 15:38:33 [TRACE] 【完成所有点击】有效次数：3
2025-10-21 15:38:33 [TRACE] 【目标检测】目标存在，但置信度不足
2025-10-21 15:38:33 [TRACE] 【状态】搜索模式：C:\Users\gelon\Desktop\ZA-Lite\assets/images/hollow\card.png 置信度：0.986535906791687
2025-10-21 15:38:34 [TRACE] 【目标检测】目标存在，但置信度不足
2025-10-21 15:38:36 [TRACE] 【目标检测】目标存在，但置信度不足
2025-10-21 15:38:37 [TRACE] 【目标检测】目标存在，但置信度不足
2025-10-21 15:38:38 [TRACE] 【目标检测】目标存在，但置信度不足
2025-10-21 15:38:42 [TRACE] 【状态】搜索模式：C:\Users\gelon\Desktop\ZA-Lite\assets/images/hollow\next_area.png 置信度：0.9999997019767761
2025-10-21 15:38:46 [TRACE] 【状态】搜索模式：C:\Users\gelon\Desktop\ZA-Lite\assets/images/hollow\meter.png 置信度：0.9503697752952576
2025-10-21 15:38:47 [TRACE] 【目标检测】微调超时，无法对齐！
2025-10-21 15:38:51 [TRACE] 【目标检测】TRAPPED！ 类型：guide_point 置信度：0.8213666081428528
2025-10-21 15:38:56 [TRACE] 【空洞监听】无匹配已持续：0秒
2025-10-21 15:38:58 [TRACE] 【目标检测】屏幕内没有目标
2025-10-21 15:39:00 [TRACE] 【目标检测】屏幕内没有目标
2025-10-21 15:39:04 [TRACE] 【目标检测】TRAPPED！ 类型：interact 置信度：0.9267380833625793
2025-10-21 15:39:04 [TRACE] 【空洞监听】无匹配已持续：7秒
2025-10-21 15:39:10 [TRACE] 【目标检测】屏幕内没有目标
2025-10-21 15:39:12 [TRACE] 【目标检测】屏幕内没有目标
2025-10-21 15:39:13 [TRACE] 【目标检测】屏幕内没有目标
2025-10-21 15:39:16 [TRACE] 【目标检测】目标存在，但置信度不足
2025-10-21 15:39:18 [TRACE] 【目标检测】目标存在，但置信度不足
2025-10-21 15:39:18 [TRACE] 【状态】搜索模式：C:\Users\gelon\Desktop\ZA-Lite\assets/images/hollow\resonium.png 置信度：1.0
2025-10-21 15:39:19 [TRACE] 【目标出现】C:\Users\gelon\Desktop\ZA-Lite\assets/images/hollow\resonium.png 置信度：1.0
2025-10-21 15:39:19 [TRACE] 【本轮的坐标】：(np.int64(1378), np.int64(475)) ------------
2025-10-21 15:39:19 [TRACE] 【已点击过的坐标】：[(-10, -10)]
2025-10-21 15:39:19 [TRACE] 【成功点击】
2025-10-21 15:39:19 [TRACE] 【目标检测】目标存在，但置信度不足
2025-10-21 15:39:20 [TRACE] 【本轮的坐标】：(np.int64(1785), np.int64(475)) ------------
2025-10-21 15:39:20 [TRACE] 【已点击过的坐标】：[(-10, -10), (np.int64(1378), np.int64(475))]
2025-10-21 15:39:20 [TRACE] 【成功点击】
2025-10-21 15:39:20 [TRACE] 【本轮的坐标】：(np.int64(1786), np.int64(475)) ------------
2025-10-21 15:39:20 [TRACE] 【已点击过的坐标】：[(-10, -10), (np.int64(1378), np.int64(475)), (np.int64(1785), np.int64(475))]
2025-10-21 15:39:20 [TRACE] 【坐标太近】视为重复
2025-10-21 15:39:20 [TRACE] 【没有通过的坐标】开始下一轮
2025-10-21 15:39:20 [TRACE] 【本轮的坐标】：(np.int64(1377), np.int64(476)) ------------
2025-10-21 15:39:20 [TRACE] 【已点击过的坐标】：[(-10, -10), (np.int64(1378), np.int64(475)), (np.int64(1785), np.int64(475))]
2025-10-21 15:39:20 [TRACE] 【坐标太近】视为重复
2025-10-21 15:39:20 [TRACE] 【没有通过的坐标】开始下一轮
2025-10-21 15:39:20 [TRACE] 【本轮的坐标】：(np.int64(1378), np.int64(476)) ------------
2025-10-21 15:39:20 [TRACE] 【已点击过的坐标】：[(-10, -10), (np.int64(1378), np.int64(475)), (np.int64(1785), np.int64(475))]
2025-10-21 15:39:20 [TRACE] 【坐标太近】视为重复
2025-10-21 15:39:20 [TRACE] 【没有通过的坐标】开始下一轮
2025-10-21 15:39:20 [TRACE] 【本轮的坐标】：(np.int64(1379), np.int64(476)) ------------
2025-10-21 15:39:20 [TRACE] 【已点击过的坐标】：[(-10, -10), (np.int64(1378), np.int64(475)), (np.int64(1785), np.int64(475))]
2025-10-21 15:39:20 [TRACE] 【坐标太近】视为重复
2025-10-21 15:39:20 [TRACE] 【没有通过的坐标】开始下一轮
2025-10-21 15:39:20 [TRACE] 【本轮的坐标】：(np.int64(1784), np.int64(476)) ------------
2025-10-21 15:39:20 [TRACE] 【已点击过的坐标】：[(-10, -10), (np.int64(1378), np.int64(475)), (np.int64(1785), np.int64(475))]
2025-10-21 15:39:20 [TRACE] 【坐标太近】视为重复
2025-10-21 15:39:20 [TRACE] 【没有通过的坐标】开始下一轮
2025-10-21 15:39:20 [TRACE] 【本轮的坐标】：(np.int64(1785), np.int64(476)) ------------
2025-10-21 15:39:20 [TRACE] 【已点击过的坐标】：[(-10, -10), (np.int64(1378), np.int64(475)), (np.int64(1785), np.int64(475))]
2025-10-21 15:39:20 [TRACE] 【坐标太近】视为重复
2025-10-21 15:39:20 [TRACE] 【没有通过的坐标】开始下一轮
2025-10-21 15:39:20 [TRACE] 【本轮的坐标】：(np.int64(1786), np.int64(476)) ------------
2025-10-21 15:39:20 [TRACE] 【已点击过的坐标】：[(-10, -10), (np.int64(1378), np.int64(475)), (np.int64(1785), np.int64(475))]
2025-10-21 15:39:20 [TRACE] 【坐标太近】视为重复
2025-10-21 15:39:20 [TRACE] 【没有通过的坐标】开始下一轮
2025-10-21 15:39:20 [TRACE] 【本轮的坐标】：(np.int64(1378), np.int64(477)) ------------
2025-10-21 15:39:20 [TRACE] 【已点击过的坐标】：[(-10, -10), (np.int64(1378), np.int64(475)), (np.int64(1785), np.int64(475))]
2025-10-21 15:39:20 [TRACE] 【坐标太近】视为重复
2025-10-21 15:39:20 [TRACE] 【没有通过的坐标】开始下一轮
2025-10-21 15:39:20 [TRACE] 【本轮的坐标】：(np.int64(1785), np.int64(477)) ------------
2025-10-21 15:39:20 [TRACE] 【已点击过的坐标】：[(-10, -10), (np.int64(1378), np.int64(475)), (np.int64(1785), np.int64(475))]
2025-10-21 15:39:20 [TRACE] 【坐标太近】视为重复
2025-10-21 15:39:20 [TRACE] 【没有通过的坐标】开始下一轮
2025-10-21 15:39:20 [TRACE] 【完成所有点击】有效次数：2
2025-10-21 15:39:21 [TRACE] 【目标检测】目标存在，但置信度不足
2025-10-21 15:39:23 [TRACE] 【目标检测】目标存在，但置信度不足
2025-10-21 15:39:28 [TRACE] 【目标检测】微调超时，无法对齐！
2025-10-21 15:39:30 [TRACE] 【目标检测】屏幕内没有目标
2025-10-21 15:39:31 [TRACE] 【状态】搜索模式：C:\Users\gelon\Desktop\ZA-Lite\assets/images/hollow\meter.png 置信度：0.9282535314559937
2025-10-21 15:39:39 [TRACE] 【状态】搜索模式：C:\Users\gelon\Desktop\ZA-Lite\assets/images/hollow\meter.png 置信度：0.9531816840171814
2025-10-21 15:39:39 [TRACE] 【目标检测】TRAPPED！ 类型：guide_point 置信度：0.8490784168243408
2025-10-21 15:39:46 [TRACE] 【目标检测】屏幕内没有目标
2025-10-21 15:39:48 [TRACE] 【目标检测】目标存在，但置信度不足
2025-10-21 15:39:48 [TRACE] 【空洞监听】无匹配已持续：0秒
2025-10-21 15:39:49 [TRACE] 【目标检测】屏幕内没有目标
2025-10-21 15:39:51 [TRACE] 【目标检测】屏幕内没有目标
2025-10-21 15:39:54 [TRACE] 【目标检测】屏幕内没有目标
2025-10-21 15:39:55 [TRACE] 【目标检测】屏幕内没有目标
2025-10-21 15:39:55 [TRACE] 【空洞监听】无匹配已持续：7秒
2025-10-21 15:39:59 [TRACE] 【目标检测】屏幕内没有目标
2025-10-21 15:40:00 [TRACE] 【目标检测】屏幕内没有目标
2025-10-21 15:40:02 [TRACE] 【目标检测】屏幕内没有目标
2025-10-21 15:40:03 [TRACE] 【状态】战斗模式：正在受到攻击
2025-10-21 15:40:03 [TRACE] 【目标检测】屏幕内没有目标
2025-10-21 15:40:10 [TRACE] 【空洞监听】无匹配已持续：0秒
2025-10-21 15:40:16 [TRACE] 【状态】战斗模式：正在受到攻击
2025-10-21 15:40:20 [TRACE] 【状态】战斗模式：C:\Users\gelon\Desktop\ZA-Lite\assets/images/hollow\battle_5.png 置信度：0.9736369848251343
2025-10-21 15:40:27 [TRACE] 【状态】战斗模式：C:\Users\gelon\Desktop\ZA-Lite\assets/images/hollow\battle_5.png 置信度：0.9818118810653687
2025-10-21 15:40:37 [TRACE] 【空洞监听】无匹配已持续：0秒
2025-10-21 15:40:41 [TRACE] 【状态】战斗模式：C:\Users\gelon\Desktop\ZA-Lite\assets/images/hollow\battle_5.png 置信度：0.9737489223480225
2025-10-21 15:40:52 [TRACE] 【状态】搜索模式：C:\Users\gelon\Desktop\ZA-Lite\assets/images/hollow\gear.png 置信度：1.0
2025-10-21 15:40:54 [TRACE] 【目标检测】屏幕内没有目标
2025-10-21 15:40:56 [TRACE] 【目标检测】屏幕内没有目标
2025-10-21 15:40:58 [TRACE] 【目标检测】屏幕内没有目标
2025-10-21 15:40:59 [TRACE] 【状态】搜索模式：C:\Users\gelon\Desktop\ZA-Lite\assets/images/hollow\resonium.png 置信度：0.9999998807907104
2025-10-21 15:40:59 [TRACE] 【目标检测】屏幕内没有目标
2025-10-21 15:41:00 [TRACE] 【目标出现】C:\Users\gelon\Desktop\ZA-Lite\assets/images/hollow\resonium.png 置信度：0.9999998807907104
2025-10-21 15:41:00 [TRACE] 【本轮的坐标】：(np.int64(1174), np.int64(475)) ------------
2025-10-21 15:41:00 [TRACE] 【已点击过的坐标】：[(-10, -10)]
2025-10-21 15:41:00 [TRACE] 【成功点击】
2025-10-21 15:41:00 [TRACE] 【本轮的坐标】：(np.int64(1581), np.int64(475)) ------------
2025-10-21 15:41:00 [TRACE] 【已点击过的坐标】：[(-10, -10), (np.int64(1174), np.int64(475))]
2025-10-21 15:41:00 [TRACE] 【成功点击】
2025-10-21 15:41:00 [TRACE] 【目标检测】屏幕内没有目标
2025-10-21 15:41:01 [TRACE] 【本轮的坐标】：(np.int64(1582), np.int64(475)) ------------
2025-10-21 15:41:01 [TRACE] 【已点击过的坐标】：[(-10, -10), (np.int64(1174), np.int64(475)), (np.int64(1581), np.int64(475))]
2025-10-21 15:41:01 [TRACE] 【坐标太近】视为重复
2025-10-21 15:41:01 [TRACE] 【没有通过的坐标】开始下一轮
2025-10-21 15:41:01 [TRACE] 【本轮的坐标】：(np.int64(1988), np.int64(475)) ------------
2025-10-21 15:41:01 [TRACE] 【已点击过的坐标】：[(-10, -10), (np.int64(1174), np.int64(475)), (np.int64(1581), np.int64(475))]
2025-10-21 15:41:01 [TRACE] 【成功点击】
2025-10-21 15:41:02 [TRACE] 【目标检测】屏幕内没有目标
2025-10-21 15:41:02 [TRACE] 【本轮的坐标】：(np.int64(1989), np.int64(475)) ------------
2025-10-21 15:41:02 [TRACE] 【已点击过的坐标】：[(-10, -10), (np.int64(1174), np.int64(475)), (np.int64(1581), np.int64(475)), (np.int64(1988), np.int64(475))]
2025-10-21 15:41:02 [TRACE] 【坐标太近】视为重复
2025-10-21 15:41:02 [TRACE] 【没有通过的坐标】开始下一轮
2025-10-21 15:41:02 [TRACE] 【本轮的坐标】：(np.int64(1173), np.int64(476)) ------------
2025-10-21 15:41:02 [TRACE] 【已点击过的坐标】：[(-10, -10), (np.int64(1174), np.int64(475)), (np.int64(1581), np.int64(475)), (np.int64(1988), np.int64(475))]
2025-10-21 15:41:02 [TRACE] 【坐标太近】视为重复
2025-10-21 15:41:02 [TRACE] 【没有通过的坐标】开始下一轮
2025-10-21 15:41:02 [TRACE] 【本轮的坐标】：(np.int64(1174), np.int64(476)) ------------
2025-10-21 15:41:02 [TRACE] 【已点击过的坐标】：[(-10, -10), (np.int64(1174), np.int64(475)), (np.int64(1581), np.int64(475)), (np.int64(1988), np.int64(475))]
2025-10-21 15:41:02 [TRACE] 【坐标太近】视为重复
2025-10-21 15:41:02 [TRACE] 【没有通过的坐标】开始下一轮
2025-10-21 15:41:02 [TRACE] 【本轮的坐标】：(np.int64(1175), np.int64(476)) ------------
2025-10-21 15:41:02 [TRACE] 【已点击过的坐标】：[(-10, -10), (np.int64(1174), np.int64(475)), (np.int64(1581), np.int64(475)), (np.int64(1988), np.int64(475))]
2025-10-21 15:41:02 [TRACE] 【坐标太近】视为重复
2025-10-21 15:41:02 [TRACE] 【没有通过的坐标】开始下一轮
2025-10-21 15:41:02 [TRACE] 【本轮的坐标】：(np.int64(1580), np.int64(476)) ------------
2025-10-21 15:41:02 [TRACE] 【已点击过的坐标】：[(-10, -10), (np.int64(1174), np.int64(475)), (np.int64(1581), np.int64(475)), (np.int64(1988), np.int64(475))]
2025-10-21 15:41:02 [TRACE] 【坐标太近】视为重复
2025-10-21 15:41:02 [TRACE] 【没有通过的坐标】开始下一轮
2025-10-21 15:41:02 [TRACE] 【本轮的坐标】：(np.int64(1581), np.int64(476)) ------------
2025-10-21 15:41:02 [TRACE] 【已点击过的坐标】：[(-10, -10), (np.int64(1174), np.int64(475)), (np.int64(1581), np.int64(475)), (np.int64(1988), np.int64(475))]
2025-10-21 15:41:02 [TRACE] 【坐标太近】视为重复
2025-10-21 15:41:02 [TRACE] 【没有通过的坐标】开始下一轮
2025-10-21 15:41:02 [TRACE] 【本轮的坐标】：(np.int64(1582), np.int64(476)) ------------
2025-10-21 15:41:02 [TRACE] 【已点击过的坐标】：[(-10, -10), (np.int64(1174), np.int64(475)), (np.int64(1581), np.int64(475)), (np.int64(1988), np.int64(475))]
2025-10-21 15:41:02 [TRACE] 【坐标太近】视为重复
2025-10-21 15:41:02 [TRACE] 【没有通过的坐标】开始下一轮
2025-10-21 15:41:02 [TRACE] 【本轮的坐标】：(np.int64(1987), np.int64(476)) ------------
2025-10-21 15:41:02 [TRACE] 【已点击过的坐标】：[(-10, -10), (np.int64(1174), np.int64(475)), (np.int64(1581), np.int64(475)), (np.int64(1988), np.int64(475))]
2025-10-21 15:41:02 [TRACE] 【坐标太近】视为重复
2025-10-21 15:41:02 [TRACE] 【没有通过的坐标】开始下一轮
2025-10-21 15:41:02 [TRACE] 【本轮的坐标】：(np.int64(1988), np.int64(476)) ------------
2025-10-21 15:41:02 [TRACE] 【已点击过的坐标】：[(-10, -10), (np.int64(1174), np.int64(475)), (np.int64(1581), np.int64(475)), (np.int64(1988), np.int64(475))]
2025-10-21 15:41:02 [TRACE] 【坐标太近】视为重复
2025-10-21 15:41:02 [TRACE] 【没有通过的坐标】开始下一轮
2025-10-21 15:41:02 [TRACE] 【本轮的坐标】：(np.int64(1989), np.int64(476)) ------------
2025-10-21 15:41:02 [TRACE] 【已点击过的坐标】：[(-10, -10), (np.int64(1174), np.int64(475)), (np.int64(1581), np.int64(475)), (np.int64(1988), np.int64(475))]
2025-10-21 15:41:02 [TRACE] 【坐标太近】视为重复
2025-10-21 15:41:02 [TRACE] 【没有通过的坐标】开始下一轮
2025-10-21 15:41:02 [TRACE] 【本轮的坐标】：(np.int64(1990), np.int64(476)) ------------
2025-10-21 15:41:02 [TRACE] 【已点击过的坐标】：[(-10, -10), (np.int64(1174), np.int64(475)), (np.int64(1581), np.int64(475)), (np.int64(1988), np.int64(475))]
2025-10-21 15:41:02 [TRACE] 【坐标太近】视为重复
2025-10-21 15:41:02 [TRACE] 【没有通过的坐标】开始下一轮
2025-10-21 15:41:02 [TRACE] 【本轮的坐标】：(np.int64(1174), np.int64(477)) ------------
2025-10-21 15:41:02 [TRACE] 【已点击过的坐标】：[(-10, -10), (np.int64(1174), np.int64(475)), (np.int64(1581), np.int64(475)), (np.int64(1988), np.int64(475))]
2025-10-21 15:41:02 [TRACE] 【坐标太近】视为重复
2025-10-21 15:41:02 [TRACE] 【没有通过的坐标】开始下一轮
2025-10-21 15:41:02 [TRACE] 【本轮的坐标】：(np.int64(1581), np.int64(477)) ------------
2025-10-21 15:41:02 [TRACE] 【已点击过的坐标】：[(-10, -10), (np.int64(1174), np.int64(475)), (np.int64(1581), np.int64(475)), (np.int64(1988), np.int64(475))]
2025-10-21 15:41:02 [TRACE] 【坐标太近】视为重复
2025-10-21 15:41:02 [TRACE] 【没有通过的坐标】开始下一轮
2025-10-21 15:41:02 [TRACE] 【本轮的坐标】：(np.int64(1988), np.int64(477)) ------------
2025-10-21 15:41:02 [TRACE] 【已点击过的坐标】：[(-10, -10), (np.int64(1174), np.int64(475)), (np.int64(1581), np.int64(475)), (np.int64(1988), np.int64(475))]
2025-10-21 15:41:02 [TRACE] 【坐标太近】视为重复
2025-10-21 15:41:02 [TRACE] 【没有通过的坐标】开始下一轮
2025-10-21 15:41:02 [TRACE] 【完成所有点击】有效次数：3
2025-10-21 15:41:04 [TRACE] 【目标检测】屏幕内没有目标
2025-10-21 15:41:06 [TRACE] 【目标检测】屏幕内没有目标
2025-10-21 15:41:07 [TRACE] 【目标检测】屏幕内没有目标
2025-10-21 15:41:10 [TRACE] 【状态】搜索模式：C:\Users\gelon\Desktop\ZA-Lite\assets/images/hollow\battle_end_boss.png 置信度：0.9999359846115112
2025-10-21 15:41:11 [TRACE] 【目标检测】屏幕内没有目标
2025-10-21 15:41:13 [TRACE] 【目标检测】屏幕内没有目标
2025-10-21 15:41:17 [TRACE] 【目标检测】屏幕内没有目标
2025-10-21 15:41:18 [TRACE] 【目标检测】屏幕内没有目标
2025-10-21 15:41:19 [TRACE] 【目标检测】屏幕内没有目标
2025-10-21 15:41:23 [TRACE] 【目标检测】TRAPPED！ 类型：interact 置信度：0.9538017511367798
2025-10-21 15:41:24 [TRACE] 【空洞监听】无匹配已持续：0秒
2025-10-21 15:41:30 [TRACE] 【目标检测】屏幕内没有目标
2025-10-21 15:41:31 [TRACE] 【目标检测】屏幕内没有目标
2025-10-21 15:41:33 [TRACE] 【目标检测】屏幕内没有目标
2025-10-21 15:41:34 [TRACE] 【目标检测】屏幕内没有目标
2025-10-21 15:41:36 [TRACE] 【目标检测】TRAPPED！ 类型：interact 置信度：0.9300931692123413
2025-10-21 15:41:41 [TRACE] 【目标检测】TRAPPED！ 类型：interact 置信度：0.8678303956985474
2025-10-21 15:41:45 [TRACE] 【空洞监听】无匹配已持续：0秒
2025-10-21 15:41:49 [TRACE] 【目标检测】屏幕内没有目标
2025-10-21 15:41:50 [TRACE] 【目标检测】屏幕内没有目标
2025-10-21 15:41:52 [TRACE] 【目标检测】屏幕内没有目标
2025-10-21 15:41:53 [TRACE] 【目标检测】屏幕内没有目标
2025-10-21 15:41:53 [TRACE] 【状态】搜索模式：C:\Users\gelon\Desktop\ZA-Lite\assets/images/hollow\gear.png 置信度：0.9997150897979736
2025-10-21 15:41:54 [TRACE] 【目标检测】屏幕内没有目标
2025-10-21 15:41:57 [TRACE] 【目标检测】屏幕内没有目标
2025-10-21 15:41:59 [TRACE] 【目标检测】屏幕内没有目标
2025-10-21 15:42:00 [TRACE] 【目标检测】屏幕内没有目标
2025-10-21 15:42:01 [TRACE] 【目标检测】屏幕内没有目标
2025-10-21 15:42:03 [TRACE] 【目标检测】屏幕内没有目标
2025-10-21 15:42:07 [TRACE] 【空洞监听】无匹配已持续：0秒
2025-10-21 15:42:10 [TRACE] 【目标检测】TRAPPED！ 类型：interact 置信度：0.9341886639595032
2025-10-21 15:42:14 [TRACE] 【空洞监听】无匹配已持续：6秒
2025-10-21 15:42:17 [TRACE] 【目标检测】屏幕内没有目标
2025-10-21 15:42:19 [TRACE] 【目标检测】屏幕内没有目标
2025-10-21 15:42:20 [TRACE] 【目标检测】屏幕内没有目标
2025-10-21 15:42:22 [TRACE] 【目标检测】屏幕内没有目标
2025-10-21 15:42:23 [TRACE] 【目标检测】屏幕内没有目标
2025-10-21 15:42:26 [TRACE] 【目标检测】屏幕内没有目标
2025-10-21 15:42:27 [TRACE] 【目标检测】屏幕内没有目标
2025-10-21 15:42:29 [TRACE] 【目标检测】屏幕内没有目标
2025-10-21 15:42:31 [TRACE] 【目标检测】屏幕内没有目标
2025-10-21 15:42:38 [TRACE] 【目标检测】微调超时，无法对齐！
2025-10-21 15:42:42 [TRACE] 【目标检测】屏幕内没有目标
2025-10-21 15:42:45 [TRACE] 【目标检测】屏幕内没有目标
2025-10-21 15:42:46 [TRACE] 【目标检测】屏幕内没有目标
2025-10-21 15:42:48 [TRACE] 【目标检测】目标存在，但置信度不足
2025-10-21 15:42:49 [TRACE] 【目标检测】屏幕内没有目标
2025-10-21 15:42:49 [TRACE] 【空洞监听】无匹配已持续：0秒
2025-10-21 15:42:51 [TRACE] 【目标检测】屏幕内没有目标
2025-10-21 15:42:52 [TRACE] 【目标检测】屏幕内没有目标
2025-10-21 15:42:55 [TRACE] 【目标检测】屏幕内没有目标
2025-10-21 15:42:56 [TRACE] 【空洞监听】无匹配已持续：6秒
2025-10-21 15:42:56 [TRACE] 【目标检测】屏幕内没有目标
2025-10-21 15:42:58 [TRACE] 【目标检测】屏幕内没有目标
2025-10-21 15:43:00 [TRACE] 【目标检测】屏幕内没有目标
2025-10-21 15:43:01 [TRACE] 【目标检测】屏幕内没有目标
2025-10-21 15:43:04 [TRACE] 【目标检测】屏幕内没有目标
2025-10-21 15:43:04 [TRACE] 【空洞监听】无匹配已持续：14秒
2025-10-21 15:43:05 [TRACE] 【目标检测】屏幕内没有目标
2025-10-21 15:43:07 [TRACE] 【目标检测】屏幕内没有目标
2025-10-21 15:43:08 [TRACE] 【目标检测】屏幕内没有目标
2025-10-21 15:43:09 [TRACE] 【目标检测】屏幕内没有目标
2025-10-21 15:43:11 [TRACE] 【空洞监听】无匹配已持续：21秒
2025-10-21 15:43:12 [TRACE] 【目标检测】目标存在，但置信度不足
2025-10-21 15:43:14 [TRACE] 【目标检测】屏幕内没有目标
2025-10-21 15:43:15 [TRACE] 【目标检测】目标存在，但置信度不足
2025-10-21 15:43:17 [TRACE] 【目标检测】屏幕内没有目标
2025-10-21 15:43:18 [TRACE] 【目标检测】屏幕内没有目标
2025-10-21 15:43:19 [TRACE] 【空洞监听】无匹配已持续：29秒
2025-10-21 15:43:20 [TRACE] 【目标检测】屏幕内没有目标
2025-10-21 15:43:21 [TRACE] 【目标检测】屏幕内没有目标
2025-10-21 15:43:24 [TRACE] 【目标检测】屏幕内没有目标
2025-10-21 15:43:25 [TRACE] 【目标检测】屏幕内没有目标
2025-10-21 15:43:26 [TRACE] 【空洞监听】无匹配已持续：36秒
2025-10-21 15:43:27 [TRACE] 【目标检测】屏幕内没有目标
2025-10-21 15:43:28 [TRACE] 【目标检测】屏幕内没有目标
2025-10-21 15:43:30 [TRACE] 【目标检测】屏幕内没有目标
2025-10-21 15:43:33 [TRACE] 【目标检测】屏幕内没有目标
2025-10-21 15:43:33 [TRACE] 【空洞监听】无匹配已持续：43秒
2025-10-21 15:43:34 [TRACE] 【目标检测】屏幕内没有目标
2025-10-21 15:43:36 [TRACE] 【目标检测】目标存在，但置信度不足
2025-10-21 15:43:37 [TRACE] 【目标检测】屏幕内没有目标
2025-10-21 15:43:39 [TRACE] 【目标检测】屏幕内没有目标
2025-10-21 15:43:41 [TRACE] 【目标检测】屏幕内没有目标
2025-10-21 15:43:41 [TRACE] 【空洞监听】无匹配已持续：51秒
2025-10-21 15:43:43 [TRACE] 【目标检测】屏幕内没有目标
2025-10-21 15:43:45 [TRACE] 【目标检测】屏幕内没有目标
2025-10-21 15:43:46 [TRACE] 【目标检测】屏幕内没有目标
2025-10-21 15:43:48 [TRACE] 【目标检测】屏幕内没有目标
2025-10-21 15:43:48 [TRACE] 【空洞监听】无匹配已持续：59秒
2025-10-21 15:43:49 [TRACE] 【目标检测】屏幕内没有目标
2025-10-21 15:43:52 [TRACE] 【目标检测】屏幕内没有目标
2025-10-21 15:43:54 [TRACE] 【目标检测】屏幕内没有目标
2025-10-21 15:43:55 [TRACE] 【空洞监听】无匹配已持续：65秒
2025-10-21 15:43:55 [TRACE] 【空洞监听】即将超时，重启搜索线程
2025-10-21 15:43:55 [TRACE] 【目标检测】屏幕内没有目标
2025-10-21 15:43:57 [TRACE] 【目标检测】屏幕内没有目标
2025-10-21 15:43:58 [TRACE] 【目标检测】屏幕内没有目标
2025-10-21 15:44:01 [TRACE] 【目标检测】屏幕内没有目标
2025-10-21 15:44:02 [TRACE] 【目标检测】屏幕内没有目标
2025-10-21 15:44:03 [TRACE] 【空洞监听】无匹配已持续：73秒
2025-10-21 15:44:03 [TRACE] 【空洞监听】即将超时，重启搜索线程
2025-10-21 15:44:04 [TRACE] 【目标检测】屏幕内没有目标
2025-10-21 15:44:05 [TRACE] 【目标检测】屏幕内没有目标
2025-10-21 15:44:07 [TRACE] 【目标检测】屏幕内没有目标
2025-10-21 15:44:10 [TRACE] 【目标检测】屏幕内没有目标
2025-10-21 15:44:11 [TRACE] 【空洞监听】无匹配已持续：81秒
2025-10-21 15:44:11 [TRACE] 【空洞监听】即将超时，重启搜索线程
2025-10-21 15:44:11 [TRACE] 【目标检测】屏幕内没有目标
2025-10-21 15:44:12 [TRACE] 【目标检测】屏幕内没有目标
2025-10-21 15:44:14 [TRACE] 【目标检测】屏幕内没有目标
2025-10-21 15:44:16 [TRACE] 【目标检测】屏幕内没有目标
2025-10-21 15:44:19 [TRACE] 【空洞监听】无匹配已持续：89秒
2025-10-21 15:44:19 [TRACE] 【空洞监听】即将超时，重启搜索线程
2025-10-21 15:44:19 [TRACE] 【目标检测】屏幕内没有目标
2025-10-21 15:44:20 [TRACE] 【目标检测】屏幕内没有目标
2025-10-21 15:44:22 [TRACE] 【目标检测】屏幕内没有目标
2025-10-21 15:44:23 [TRACE] 【目标检测】屏幕内没有目标
2025-10-21 15:44:24 [TRACE] 【目标检测】屏幕内没有目标
2025-10-21 15:44:26 [TRACE] 【空洞监听】无匹配已持续：96秒
2025-10-21 15:44:26 [TRACE] 【空洞监听】即将超时，重启搜索线程
2025-10-21 15:44:27 [TRACE] 【目标检测】屏幕内没有目标
2025-10-21 15:44:29 [TRACE] 【目标检测】屏幕内没有目标
2025-10-21 15:44:30 [TRACE] 【目标检测】屏幕内没有目标
2025-10-21 15:44:32 [TRACE] 【目标检测】屏幕内没有目标
2025-10-21 15:44:33 [TRACE] 【目标检测】屏幕内没有目标
2025-10-21 15:44:34 [TRACE] 【空洞监听】无匹配已持续：104秒
2025-10-21 15:44:34 [TRACE] 【空洞监听】即将超时，重启搜索线程
2025-10-21 15:44:36 [TRACE] 【目标检测】屏幕内没有目标
2025-10-21 15:44:37 [TRACE] 【目标检测】屏幕内没有目标
2025-10-21 15:44:39 [TRACE] 【目标检测】屏幕内没有目标
2025-10-21 15:44:40 [TRACE] 【目标检测】屏幕内没有目标
2025-10-21 15:44:41 [TRACE] 【空洞监听】无匹配已持续：111秒
2025-10-21 15:44:41 [TRACE] 【空洞监听】即将超时，重启搜索线程
2025-10-21 15:44:42 [TRACE] 【目标检测】屏幕内没有目标
2025-10-21 15:44:45 [TRACE] 【目标检测】屏幕内没有目标
2025-10-21 15:44:47 [TRACE] 【目标检测】屏幕内没有目标
2025-10-21 15:44:48 [TRACE] 【目标检测】屏幕内没有目标
2025-10-21 15:44:49 [TRACE] 【空洞监听】无匹配已持续：119秒
2025-10-21 15:44:49 [TRACE] 【空洞监听】即将超时，重启搜索线程
2025-10-21 15:44:50 [TRACE] 【目标检测】屏幕内没有目标
2025-10-21 15:44:51 [TRACE] 【目标检测】屏幕内没有目标
2025-10-21 15:44:54 [TRACE] 【目标检测】屏幕内没有目标
2025-10-21 15:44:55 [TRACE] 【目标检测】屏幕内没有目标
2025-10-21 15:44:57 [TRACE] 【目标检测】屏幕内没有目标
2025-10-21 15:44:57 [TRACE] 【空洞监听】无匹配已持续：127秒
2025-10-21 15:44:57 [TRACE] 【空洞监听】即将超时，重启搜索线程
2025-10-21 15:44:58 [TRACE] 【目标检测】屏幕内没有目标
2025-10-21 15:45:00 [TRACE] 【目标检测】屏幕内没有目标
2025-10-21 15:45:03 [TRACE] 【目标检测】屏幕内没有目标
2025-10-21 15:45:04 [TRACE] 【目标检测】屏幕内没有目标
2025-10-21 15:45:05 [TRACE] 【空洞监听】无匹配已持续：135秒
2025-10-21 15:45:05 [TRACE] 【空洞监听】即将超时，重启搜索线程
2025-10-21 15:45:05 [TRACE] 【目标检测】屏幕内没有目标
2025-10-21 15:45:07 [TRACE] 【目标检测】屏幕内没有目标
2025-10-21 15:45:08 [TRACE] 【目标检测】屏幕内没有目标
2025-10-21 15:45:11 [TRACE] 【目标检测】屏幕内没有目标
2025-10-21 15:45:12 [TRACE] 【空洞监听】无匹配已持续：143秒
2025-10-21 15:45:12 [TRACE] 【空洞监听】即将超时，重启搜索线程
2025-10-21 15:45:12 [TRACE] 【目标检测】屏幕内没有目标
2025-10-21 15:45:14 [TRACE] 【目标检测】屏幕内没有目标
2025-10-21 15:45:16 [TRACE] 【目标检测】屏幕内没有目标
2025-10-21 15:45:17 [TRACE] 【目标检测】屏幕内没有目标
2025-10-21 15:45:20 [TRACE] 【目标检测】屏幕内没有目标
2025-10-21 15:45:20 [TRACE] 【空洞监听】无匹配已持续：151秒
2025-10-21 15:45:20 [TRACE] 【空洞监听】即将超时，重启搜索线程
2025-10-21 15:45:21 [TRACE] 【目标检测】屏幕内没有目标
2025-10-21 15:45:23 [TRACE] 【目标检测】屏幕内没有目标
2025-10-21 15:45:24 [TRACE] 【目标检测】屏幕内没有目标
2025-10-21 15:45:26 [TRACE] 【目标检测】屏幕内没有目标
2025-10-21 15:45:28 [TRACE] 【空洞监听】无匹配已持续：158秒
2025-10-21 15:45:28 [TRACE] 【空洞监听】即将超时，重启搜索线程
2025-10-21 15:45:28 [TRACE] 【目标检测】屏幕内没有目标
2025-10-21 15:45:30 [TRACE] 【目标检测】屏幕内没有目标
2025-10-21 15:45:31 [TRACE] 【目标检测】目标存在，但置信度不足
2025-10-21 15:45:33 [TRACE] 【目标检测】屏幕内没有目标
2025-10-21 15:45:34 [TRACE] 【目标检测】屏幕内没有目标
2025-10-21 15:45:36 [TRACE] 【空洞监听】无匹配已持续：166秒
2025-10-21 15:45:36 [TRACE] 【空洞监听】即将超时，重启搜索线程
2025-10-21 15:45:36 [TRACE] 【目标检测】屏幕内没有目标
2025-10-21 15:45:39 [TRACE] 【目标检测】屏幕内没有目标
2025-10-21 15:45:40 [TRACE] 【目标检测】屏幕内没有目标
2025-10-21 15:45:42 [TRACE] 【目标检测】屏幕内没有目标
2025-10-21 15:45:43 [TRACE] 【目标检测】屏幕内没有目标
2025-10-21 15:45:43 [TRACE] 【空洞监听】无匹配已持续：173秒
2025-10-21 15:45:43 [TRACE] 【空洞监听】即将超时，重启搜索线程
2025-10-21 15:45:45 [TRACE] 【目标检测】屏幕内没有目标
2025-10-21 15:45:47 [TRACE] 【目标检测】屏幕内没有目标
2025-10-21 15:45:50 [TRACE] 【目标检测】屏幕内没有目标
2025-10-21 15:45:51 [TRACE] 【空洞监听】无匹配已持续：181秒
2025-10-21 15:45:51 [TRACE] 【空洞监听】即将超时，重启搜索线程
2025-10-21 15:45:51 [WARNING] 空洞任务异常，跳过本轮
2025-10-21 15:45:51 [INFO] 本轮耗时:13分钟
2025-10-21 15:45:51 [INFO] 当前已完成空洞 0 次 
2025-10-21 15:45:51 [DEBUG] 正在返回菜单
2025-10-21 15:45:51 [TRACE] 【目标检测】目标存在，但置信度不足
2025-10-21 15:45:52 [TRACE] 正在返回菜单,请保持游戏画面处于前台
2025-10-21 15:45:54 [TRACE] 退出战斗返回菜单
2025-10-21 15:45:54 [TRACE] 【目标出现】C:\Users\gelon\Desktop\ZA-Lite\assets/images/daily\quit_battle.png 置信度：0.993861734867096
2025-10-21 15:45:56 [TRACE] 【目标出现】C:\Users\gelon\Desktop\ZA-Lite\assets/images/daily\confirm.png 置信度：0.9839377999305725
2025-10-21 15:45:57 [TRACE] 【1】等待目标中 C:\Users\gelon\Desktop\ZA-Lite\assets/images/daily\quit.png
2025-10-21 15:45:58 [TRACE] 【2】等待目标中 C:\Users\gelon\Desktop\ZA-Lite\assets/images/daily\quit.png
2025-10-21 15:45:58 [TRACE] 【3】等待目标中 C:\Users\gelon\Desktop\ZA-Lite\assets/images/daily\quit.png
2025-10-21 15:45:59 [TRACE] 【4】等待目标中 C:\Users\gelon\Desktop\ZA-Lite\assets/images/daily\quit.png
2025-10-21 15:46:00 [TRACE] 【5】等待目标中 C:\Users\gelon\Desktop\ZA-Lite\assets/images/daily\quit.png
2025-10-21 15:46:01 [TRACE] 【6】等待目标中 C:\Users\gelon\Desktop\ZA-Lite\assets/images/daily\quit.png
2025-10-21 15:46:01 [TRACE] 【7】等待目标中 C:\Users\gelon\Desktop\ZA-Lite\assets/images/daily\quit.png
2025-10-21 15:46:02 [TRACE] 【8】等待目标中 C:\Users\gelon\Desktop\ZA-Lite\assets/images/daily\quit.png
2025-10-21 15:46:03 [TRACE] 【跳过】C:\Users\gelon\Desktop\ZA-Lite\assets/images/daily\quit.png
2025-10-21 15:46:03 [TRACE] 【目标出现】C:\Users\gelon\Desktop\ZA-Lite\assets/images/hollow/mission_completed.png 置信度：1.0
2025-10-21 15:46:04 [TRACE] 正在返回菜单,请保持游戏画面处于前台
2025-10-21 15:46:07 [TRACE] 正在返回菜单,请保持游戏画面处于前台
2025-10-21 15:46:09 [TRACE] 正在返回菜单,请保持游戏画面处于前台
2025-10-21 15:46:11 [TRACE] 正在返回菜单,请保持游戏画面处于前台
2025-10-21 15:46:13 [TRACE] 正在返回菜单,请保持游戏画面处于前台
2025-10-21 15:46:16 [TRACE] 正在返回菜单,请保持游戏画面处于前台
2025-10-21 15:46:18 [TRACE] 现在处于大厅
2025-10-21 15:46:19 [INFO] 执行零号空洞任务中
2025-10-21 15:46:19 [TRACE] 【1】等待目标中 C:\Users\gelon\Desktop\ZA-Lite\assets/images/hollow\combat.png
2025-10-21 15:46:20 [TRACE] 【目标出现】C:\Users\gelon\Desktop\ZA-Lite\assets/images/hollow\combat.png 置信度：0.9762870073318481
2025-10-21 15:46:21 [TRACE] 【目标出现】C:\Users\gelon\Desktop\ZA-Lite\assets/images/hollow\zero_hollow.png 置信度：0.9999933242797852
2025-10-21 15:46:23 [TRACE] 【目标出现】C:\Users\gelon\Desktop\ZA-Lite\assets/images/hollow\go_hollow.png 置信度：0.9943662285804749
2025-10-21 15:46:24 [TRACE] 【目标出现】C:\Users\gelon\Desktop\ZA-Lite\assets/images/hollow\confirm.png 置信度：0.9839404225349426
2025-10-21 15:46:26 [TRACE] 【1】等待目标中 C:\Users\gelon\Desktop\ZA-Lite\assets/images/hollow\hollow_taskforce.png
2025-10-21 15:46:26 [TRACE] 【2】等待目标中 C:\Users\gelon\Desktop\ZA-Lite\assets/images/hollow\hollow_taskforce.png
2025-10-21 15:46:27 [TRACE] 【3】等待目标中 C:\Users\gelon\Desktop\ZA-Lite\assets/images/hollow\hollow_taskforce.png
2025-10-21 15:46:28 [TRACE] 【目标出现】C:\Users\gelon\Desktop\ZA-Lite\assets/images/hollow\hollow_taskforce.png 置信度：0.9999889731407166
2025-10-21 15:46:29 [TRACE] 【目标出现】C:\Users\gelon\Desktop\ZA-Lite\assets/images/hollow\strategy.png 置信度：0.9996580481529236
2025-10-21 15:46:30 [TRACE] 【1】等待目标中 C:\Users\gelon\Desktop\ZA-Lite\assets/images/hollow\strategy_confirm.png
2025-10-21 15:46:31 [TRACE] 【目标出现】C:\Users\gelon\Desktop\ZA-Lite\assets/images/hollow\strategy_confirm.png 置信度：0.9999998807907104
2025-10-21 15:46:33 [TRACE] 【目标出现】C:\Users\gelon\Desktop\ZA-Lite\assets/images/hollow\next_step.png 置信度：0.9813215136528015
2025-10-21 15:46:34 [TRACE] 【目标出现】C:\Users\gelon\Desktop\ZA-Lite\assets/images/daily\squad_preset.png 置信度：0.9862321615219116
2025-10-21 15:46:35 [TRACE] 【目标出现】C:\Users\gelon\Desktop\ZA-Lite\assets/images/daily\squad_6.png 置信度：0.946426272392273
2025-10-21 15:46:37 [TRACE] 【目标出现】C:\Users\gelon\Desktop\ZA-Lite\assets/images/daily\select_squad.png 置信度：0.968696653842926
2025-10-21 15:46:38 [TRACE] 【目标出现】C:\Users\gelon\Desktop\ZA-Lite\assets/images/hollow\start_battle.png 置信度：0.976984441280365
2025-10-21 15:46:40 [TRACE] 【目标检测】屏幕内没有目标
2025-10-21 15:46:42 [TRACE] 【目标检测】屏幕内没有目标
2025-10-21 15:46:43 [TRACE] 【目标检测】屏幕内没有目标
2025-10-21 15:46:46 [TRACE] 【目标检测】屏幕内没有目标
2025-10-21 15:46:46 [TRACE] 【空洞监听】无匹配已持续：0秒
2025-10-21 15:46:47 [TRACE] 【目标检测】屏幕内没有目标
2025-10-21 15:46:48 [TRACE] 【目标检测】屏幕内没有目标
2025-10-21 15:46:49 [TRACE] 【目标检测】屏幕内没有目标
2025-10-21 15:46:51 [TRACE] 【目标检测】屏幕内没有目标
2025-10-21 15:46:52 [TRACE] 【空洞监听】无匹配已持续：6秒
2025-10-21 15:46:54 [TRACE] 【目标检测】屏幕内没有目标
2025-10-21 15:46:55 [TRACE] 【目标检测】屏幕内没有目标
2025-10-21 15:46:57 [TRACE] 【目标检测】屏幕内没有目标
2025-10-21 15:46:58 [TRACE] 【目标检测】屏幕内没有目标
2025-10-21 15:47:00 [TRACE] 【目标检测】屏幕内没有目标
2025-10-21 15:47:00 [TRACE] 【空洞监听】无匹配已持续：14秒
2025-10-21 15:47:03 [TRACE] 【目标检测】屏幕内没有目标
2025-10-21 15:47:04 [TRACE] 【目标检测】屏幕内没有目标
2025-10-21 15:47:08 [TRACE] 【空洞监听】无匹配已持续：21秒
2025-10-21 15:47:09 [TRACE] 【目标检测】TRAPPED！ 类型：interact 置信度：0.9453524947166443
2025-10-21 15:47:16 [TRACE] 【目标检测】屏幕内没有目标
2025-10-21 15:47:18 [TRACE] 【目标检测】屏幕内没有目标
2025-10-21 15:47:19 [TRACE] 【目标检测】屏幕内没有目标
2025-10-21 15:47:21 [TRACE] 【目标检测】屏幕内没有目标
