2025-10-19 21:29:40 [TRACE] 【线程启动】全局监听
2025-10-19 21:29:40 [TRACE] 【线程启动】终止监听
2025-10-19 21:29:40 [INFO] 现在执行 1 次零号空洞
2025-10-19 21:29:42 [DEBUG] 初始化完毕..启动{零号空洞}模块
2025-10-19 21:29:45 [DEBUG] 启动游戏：D:/Game Files/ZenlessZoneZero Game/ZenlessZoneZero.exe
2025-10-19 21:29:50 [SUCCESS] 程序开始接管操作，请保持游戏画面处于前台，终止按下Alt键
2025-10-19 21:29:50 [TRACE] 【线程启动】空洞搜索
2025-10-19 21:29:50 [TRACE] 【线程启动】空洞监听
2025-10-19 21:29:50 [TRACE] 【线程启动】空洞战斗
2025-10-19 21:29:50 [DEBUG] 正在返回菜单
2025-10-19 21:29:50 [TRACE] 正在返回菜单,请保持游戏画面处于前台
2025-10-19 21:29:53 [TRACE] 正在返回菜单,请保持游戏画面处于前台
2025-10-19 21:29:55 [TRACE] 正在返回菜单,请保持游戏画面处于前台
2025-10-19 21:29:57 [TRACE] 正在返回菜单,请保持游戏画面处于前台
2025-10-19 21:29:59 [TRACE] 正在返回菜单,请保持游戏画面处于前台
2025-10-19 21:30:02 [TRACE] 正在返回菜单,请保持游戏画面处于前台
2025-10-19 21:30:04 [TRACE] 正在返回菜单,请保持游戏画面处于前台
2025-10-19 21:30:06 [TRACE] 正在返回菜单,请保持游戏画面处于前台
2025-10-19 21:30:08 [TRACE] 正在返回菜单,请保持游戏画面处于前台
2025-10-19 21:30:11 [TRACE] 正在返回菜单,请保持游戏画面处于前台
2025-10-19 21:30:13 [TRACE] 正在返回菜单,请保持游戏画面处于前台
2025-10-19 21:30:15 [TRACE] 正在返回菜单,请保持游戏画面处于前台
2025-10-19 21:30:17 [TRACE] 正在返回菜单,请保持游戏画面处于前台
2025-10-19 21:30:19 [TRACE] 正在返回菜单,请保持游戏画面处于前台
2025-10-19 21:30:22 [TRACE] 正在返回菜单,请保持游戏画面处于前台
2025-10-19 21:30:24 [TRACE] 正在返回菜单,请保持游戏画面处于前台
2025-10-19 21:30:26 [TRACE] 正在返回菜单,请保持游戏画面处于前台
2025-10-19 21:30:28 [TRACE] 正在返回菜单,请保持游戏画面处于前台
2025-10-19 21:30:31 [TRACE] 正在返回菜单,请保持游戏画面处于前台
2025-10-19 21:30:33 [TRACE] 正在返回菜单,请保持游戏画面处于前台
2025-10-19 21:30:35 [TRACE] 现在处于大厅
2025-10-19 21:30:36 [INFO] 执行零号空洞任务中
2025-10-19 21:30:36 [TRACE] 【1】等待目标中 C:\Users\gelon\Desktop\ZA-Lite\assets/images/hollow\combat.png
2025-10-19 21:30:37 [TRACE] 【目标出现】C:\Users\gelon\Desktop\ZA-Lite\assets/images/hollow\combat.png 置信度：0.9763108491897583
2025-10-19 21:30:38 [TRACE] 【目标出现】C:\Users\gelon\Desktop\ZA-Lite\assets/images/hollow\zero_hollow.png 置信度：0.999994158744812
2025-10-19 21:30:40 [TRACE] 【目标出现】C:\Users\gelon\Desktop\ZA-Lite\assets/images/hollow\go_hollow.png 置信度：0.9946010708808899
2025-10-19 21:30:41 [TRACE] 【目标出现】C:\Users\gelon\Desktop\ZA-Lite\assets/images/hollow\confirm.png 置信度：0.9839572310447693
2025-10-19 21:30:43 [TRACE] 【1】等待目标中 C:\Users\gelon\Desktop\ZA-Lite\assets/images/hollow\hollow_taskforce.png
2025-10-19 21:30:44 [TRACE] 【2】等待目标中 C:\Users\gelon\Desktop\ZA-Lite\assets/images/hollow\hollow_taskforce.png
2025-10-19 21:30:44 [TRACE] 【3】等待目标中 C:\Users\gelon\Desktop\ZA-Lite\assets/images/hollow\hollow_taskforce.png
2025-10-19 21:30:45 [TRACE] 【目标出现】C:\Users\gelon\Desktop\ZA-Lite\assets/images/hollow\hollow_taskforce.png 置信度：0.9999827146530151
2025-10-19 21:30:47 [TRACE] 【目标出现】C:\Users\gelon\Desktop\ZA-Lite\assets/images/hollow\strategy.png 置信度：1.0
2025-10-19 21:30:48 [TRACE] 【1】等待目标中 C:\Users\gelon\Desktop\ZA-Lite\assets/images/hollow\strategy_confirm.png
2025-10-19 21:30:49 [TRACE] 【目标出现】C:\Users\gelon\Desktop\ZA-Lite\assets/images/hollow\strategy_confirm.png 置信度：1.0
2025-10-19 21:30:50 [TRACE] 【目标出现】C:\Users\gelon\Desktop\ZA-Lite\assets/images/hollow\next_step.png 置信度：0.9769971370697021
2025-10-19 21:30:51 [TRACE] 【目标出现】C:\Users\gelon\Desktop\ZA-Lite\assets/images/hollow\start_battle.png 置信度：0.9758898615837097
2025-10-19 21:30:52 [TRACE] 【空洞监听】无匹配已持续：0秒
2025-10-19 21:30:53 [TRACE] 【目标检测】屏幕内没有目标
2025-10-19 21:30:54 [TRACE] 【目标检测】屏幕内没有目标
2025-10-19 21:30:55 [TRACE] 【目标检测】屏幕内没有目标
2025-10-19 21:30:56 [TRACE] 【目标检测】屏幕内没有目标
2025-10-19 21:30:57 [TRACE] 【目标检测】屏幕内没有目标
2025-10-19 21:30:58 [TRACE] 【空洞监听】无匹配已持续：5秒
2025-10-19 21:30:59 [TRACE] 【目标检测】屏幕内没有目标
2025-10-19 21:31:00 [TRACE] 【目标检测】屏幕内没有目标
2025-10-19 21:31:01 [TRACE] 【目标检测】屏幕内没有目标
2025-10-19 21:31:02 [TRACE] 【目标检测】屏幕内没有目标
2025-10-19 21:31:03 [TRACE] 【目标检测】屏幕内没有目标
2025-10-19 21:31:03 [TRACE] 【空洞监听】无匹配已持续：10秒
2025-10-19 21:31:05 [TRACE] 【目标检测】屏幕内没有目标
2025-10-19 21:31:06 [TRACE] 【目标检测】屏幕内没有目标
2025-10-19 21:31:07 [TRACE] 【目标检测】屏幕内没有目标
2025-10-19 21:31:08 [TRACE] 【目标检测】屏幕内没有目标
2025-10-19 21:31:09 [TRACE] 【目标检测】目标存在，但置信度不足
2025-10-19 21:31:10 [TRACE] 【目标检测】屏幕内没有目标
2025-10-19 21:31:10 [TRACE] 【空洞监听】无匹配已持续：17秒
2025-10-19 21:31:12 [TRACE] 【目标检测】屏幕内没有目标
2025-10-19 21:31:13 [TRACE] 【目标检测】屏幕内没有目标
2025-10-19 21:31:16 [TRACE] 【空洞监听】无匹配已持续：23秒
2025-10-19 21:31:16 [TRACE] 【目标检测】TRAPPED！ 类型：interact 置信度：0.9268893599510193
2025-10-19 21:31:22 [TRACE] 【目标检测】屏幕内没有目标
2025-10-19 21:31:23 [TRACE] 【目标检测】屏幕内没有目标
2025-10-19 21:31:24 [TRACE] 【目标检测】屏幕内没有目标
2025-10-19 21:31:25 [TRACE] 【目标检测】屏幕内没有目标
2025-10-19 21:31:26 [TRACE] 【目标检测】屏幕内没有目标
2025-10-19 21:31:30 [TRACE] 【目标检测】屏幕内没有目标
2025-10-19 21:31:33 [TRACE] 【目标检测】微调超时，无法对齐！
2025-10-19 21:31:34 [TRACE] 【空洞监听】无匹配已持续：0秒
2025-10-19 21:31:37 [TRACE] 【目标检测】TRAPPED！ 类型：blue_portal 置信度：0.8630789518356323
2025-10-19 21:31:39 [TRACE] 【空洞监听】无匹配已持续：5秒
2025-10-19 21:31:45 [TRACE] 【目标检测】TRAPPED！ 类型：blue_portal 置信度：0.8809958100318909
2025-10-19 21:31:50 [TRACE] 【空洞监听】无匹配已持续：0秒
2025-10-19 21:31:53 [TRACE] 【目标检测】TRAPPED！ 类型：blue_portal 置信度：0.9645718932151794
2025-10-19 21:31:56 [TRACE] 【空洞监听】无匹配已持续：5秒
2025-10-19 21:32:00 [TRACE] 【目标检测】TRAPPED！ 类型：blue_portal 置信度：0.979098916053772
2025-10-19 21:32:01 [TRACE] 【空洞监听】无匹配已持续：11秒
2025-10-19 21:32:06 [TRACE] 【目标检测】屏幕内没有目标
2025-10-19 21:32:07 [TRACE] 【空洞监听】无匹配已持续：16秒
2025-10-19 21:32:09 [TRACE] 【目标检测】屏幕内没有目标
2025-10-19 21:32:09 [TRACE] 【线程启动】攻击检测
2025-10-19 21:32:09 [TRACE] 【状态】战斗模式：C:\Users\gelon\Desktop\ZA-Lite\assets/images/hollow\battle_2.png 置信度：0.9999997615814209
2025-10-19 21:32:10 [TRACE] 【状态】战斗模式：C:\Users\gelon\Desktop\ZA-Lite\assets/images/hollow\battle_3.png 置信度：1.0
2025-10-19 21:32:20 [TRACE] 【空洞监听】无匹配已持续：0秒
2025-10-19 21:32:27 [TRACE] 【空洞监听】无匹配已持续：6秒
2025-10-19 21:32:27 [TRACE] 【状态】搜索模式：C:\Users\gelon\Desktop\ZA-Lite\assets/images/hollow\resonium.png 置信度：0.9999998807907104
2025-10-19 21:32:27 [TRACE] 【目标出现】C:\Users\gelon\Desktop\ZA-Lite\assets/images/hollow\resonium.png 置信度：0.9999998807907104
2025-10-19 21:32:27 [TRACE] 【本轮的坐标】：(np.int64(1174), np.int64(461)) ------------
2025-10-19 21:32:27 [TRACE] 【已点击过的坐标】：[(-10, -10)]
2025-10-19 21:32:27 [TRACE] 【成功点击】
2025-10-19 21:32:28 [TRACE] 【目标检测】目标存在，但置信度不足
2025-10-19 21:32:28 [TRACE] 【本轮的坐标】：(np.int64(1581), np.int64(461)) ------------
2025-10-19 21:32:28 [TRACE] 【已点击过的坐标】：[(-10, -10), (np.int64(1174), np.int64(461))]
2025-10-19 21:32:28 [TRACE] 【成功点击】
2025-10-19 21:32:29 [TRACE] 【目标检测】屏幕内没有目标
2025-10-19 21:32:29 [TRACE] 【本轮的坐标】：(np.int64(1582), np.int64(461)) ------------
2025-10-19 21:32:29 [TRACE] 【已点击过的坐标】：[(-10, -10), (np.int64(1174), np.int64(461)), (np.int64(1581), np.int64(461))]
2025-10-19 21:32:29 [TRACE] 【坐标太近】视为重复
2025-10-19 21:32:29 [TRACE] 【没有通过的坐标】开始下一轮
2025-10-19 21:32:29 [TRACE] 【本轮的坐标】：(np.int64(1988), np.int64(461)) ------------
2025-10-19 21:32:29 [TRACE] 【已点击过的坐标】：[(-10, -10), (np.int64(1174), np.int64(461)), (np.int64(1581), np.int64(461))]
2025-10-19 21:32:29 [TRACE] 【成功点击】
2025-10-19 21:32:29 [TRACE] 【目标检测】屏幕内没有目标
2025-10-19 21:32:30 [TRACE] 【本轮的坐标】：(np.int64(1989), np.int64(461)) ------------
2025-10-19 21:32:30 [TRACE] 【已点击过的坐标】：[(-10, -10), (np.int64(1174), np.int64(461)), (np.int64(1581), np.int64(461)), (np.int64(1988), np.int64(461))]
2025-10-19 21:32:30 [TRACE] 【坐标太近】视为重复
2025-10-19 21:32:30 [TRACE] 【没有通过的坐标】开始下一轮
2025-10-19 21:32:30 [TRACE] 【本轮的坐标】：(np.int64(1173), np.int64(462)) ------------
2025-10-19 21:32:30 [TRACE] 【已点击过的坐标】：[(-10, -10), (np.int64(1174), np.int64(461)), (np.int64(1581), np.int64(461)), (np.int64(1988), np.int64(461))]
2025-10-19 21:32:30 [TRACE] 【坐标太近】视为重复
2025-10-19 21:32:30 [TRACE] 【没有通过的坐标】开始下一轮
2025-10-19 21:32:30 [TRACE] 【本轮的坐标】：(np.int64(1174), np.int64(462)) ------------
2025-10-19 21:32:30 [TRACE] 【已点击过的坐标】：[(-10, -10), (np.int64(1174), np.int64(461)), (np.int64(1581), np.int64(461)), (np.int64(1988), np.int64(461))]
2025-10-19 21:32:30 [TRACE] 【坐标太近】视为重复
2025-10-19 21:32:30 [TRACE] 【没有通过的坐标】开始下一轮
2025-10-19 21:32:30 [TRACE] 【本轮的坐标】：(np.int64(1175), np.int64(462)) ------------
2025-10-19 21:32:30 [TRACE] 【已点击过的坐标】：[(-10, -10), (np.int64(1174), np.int64(461)), (np.int64(1581), np.int64(461)), (np.int64(1988), np.int64(461))]
2025-10-19 21:32:30 [TRACE] 【坐标太近】视为重复
2025-10-19 21:32:30 [TRACE] 【没有通过的坐标】开始下一轮
2025-10-19 21:32:30 [TRACE] 【本轮的坐标】：(np.int64(1580), np.int64(462)) ------------
2025-10-19 21:32:30 [TRACE] 【已点击过的坐标】：[(-10, -10), (np.int64(1174), np.int64(461)), (np.int64(1581), np.int64(461)), (np.int64(1988), np.int64(461))]
2025-10-19 21:32:30 [TRACE] 【坐标太近】视为重复
2025-10-19 21:32:30 [TRACE] 【没有通过的坐标】开始下一轮
2025-10-19 21:32:30 [TRACE] 【本轮的坐标】：(np.int64(1581), np.int64(462)) ------------
2025-10-19 21:32:30 [TRACE] 【已点击过的坐标】：[(-10, -10), (np.int64(1174), np.int64(461)), (np.int64(1581), np.int64(461)), (np.int64(1988), np.int64(461))]
2025-10-19 21:32:30 [TRACE] 【坐标太近】视为重复
2025-10-19 21:32:30 [TRACE] 【没有通过的坐标】开始下一轮
2025-10-19 21:32:30 [TRACE] 【本轮的坐标】：(np.int64(1582), np.int64(462)) ------------
2025-10-19 21:32:30 [TRACE] 【已点击过的坐标】：[(-10, -10), (np.int64(1174), np.int64(461)), (np.int64(1581), np.int64(461)), (np.int64(1988), np.int64(461))]
2025-10-19 21:32:30 [TRACE] 【坐标太近】视为重复
2025-10-19 21:32:30 [TRACE] 【没有通过的坐标】开始下一轮
2025-10-19 21:32:30 [TRACE] 【本轮的坐标】：(np.int64(1987), np.int64(462)) ------------
2025-10-19 21:32:30 [TRACE] 【已点击过的坐标】：[(-10, -10), (np.int64(1174), np.int64(461)), (np.int64(1581), np.int64(461)), (np.int64(1988), np.int64(461))]
2025-10-19 21:32:30 [TRACE] 【坐标太近】视为重复
2025-10-19 21:32:30 [TRACE] 【没有通过的坐标】开始下一轮
2025-10-19 21:32:30 [TRACE] 【本轮的坐标】：(np.int64(1988), np.int64(462)) ------------
2025-10-19 21:32:30 [TRACE] 【已点击过的坐标】：[(-10, -10), (np.int64(1174), np.int64(461)), (np.int64(1581), np.int64(461)), (np.int64(1988), np.int64(461))]
2025-10-19 21:32:30 [TRACE] 【坐标太近】视为重复
2025-10-19 21:32:30 [TRACE] 【没有通过的坐标】开始下一轮
2025-10-19 21:32:30 [TRACE] 【本轮的坐标】：(np.int64(1989), np.int64(462)) ------------
2025-10-19 21:32:30 [TRACE] 【已点击过的坐标】：[(-10, -10), (np.int64(1174), np.int64(461)), (np.int64(1581), np.int64(461)), (np.int64(1988), np.int64(461))]
2025-10-19 21:32:30 [TRACE] 【坐标太近】视为重复
2025-10-19 21:32:30 [TRACE] 【没有通过的坐标】开始下一轮
2025-10-19 21:32:30 [TRACE] 【本轮的坐标】：(np.int64(1990), np.int64(462)) ------------
2025-10-19 21:32:30 [TRACE] 【已点击过的坐标】：[(-10, -10), (np.int64(1174), np.int64(461)), (np.int64(1581), np.int64(461)), (np.int64(1988), np.int64(461))]
2025-10-19 21:32:30 [TRACE] 【坐标太近】视为重复
2025-10-19 21:32:30 [TRACE] 【没有通过的坐标】开始下一轮
2025-10-19 21:32:30 [TRACE] 【本轮的坐标】：(np.int64(1174), np.int64(463)) ------------
2025-10-19 21:32:30 [TRACE] 【已点击过的坐标】：[(-10, -10), (np.int64(1174), np.int64(461)), (np.int64(1581), np.int64(461)), (np.int64(1988), np.int64(461))]
2025-10-19 21:32:30 [TRACE] 【坐标太近】视为重复
2025-10-19 21:32:30 [TRACE] 【没有通过的坐标】开始下一轮
2025-10-19 21:32:30 [TRACE] 【本轮的坐标】：(np.int64(1581), np.int64(463)) ------------
2025-10-19 21:32:30 [TRACE] 【已点击过的坐标】：[(-10, -10), (np.int64(1174), np.int64(461)), (np.int64(1581), np.int64(461)), (np.int64(1988), np.int64(461))]
2025-10-19 21:32:30 [TRACE] 【坐标太近】视为重复
2025-10-19 21:32:30 [TRACE] 【没有通过的坐标】开始下一轮
2025-10-19 21:32:30 [TRACE] 【本轮的坐标】：(np.int64(1988), np.int64(463)) ------------
2025-10-19 21:32:30 [TRACE] 【已点击过的坐标】：[(-10, -10), (np.int64(1174), np.int64(461)), (np.int64(1581), np.int64(461)), (np.int64(1988), np.int64(461))]
2025-10-19 21:32:30 [TRACE] 【坐标太近】视为重复
2025-10-19 21:32:30 [TRACE] 【没有通过的坐标】开始下一轮
2025-10-19 21:32:30 [TRACE] 【完成所有点击】有效次数：3
2025-10-19 21:32:30 [TRACE] 【目标检测】屏幕内没有目标
2025-10-19 21:32:32 [TRACE] 【目标检测】目标存在，但置信度不足
2025-10-19 21:32:34 [TRACE] 【目标检测】目标存在，但置信度不足
2025-10-19 21:32:34 [TRACE] 【目标检测】屏幕内没有目标
2025-10-19 21:32:35 [TRACE] 【目标检测】屏幕内没有目标
2025-10-19 21:32:37 [TRACE] 【状态】搜索模式：C:\Users\gelon\Desktop\ZA-Lite\assets/images/hollow\next_area.png 置信度：0.9999995231628418
2025-10-19 21:32:39 [TRACE] 【目标检测】微调超时，无法对齐！
2025-10-19 21:32:39 [TRACE] 【状态】搜索模式：C:\Users\gelon\Desktop\ZA-Lite\assets/images/hollow\meter.png 置信度：0.925987720489502
2025-10-19 21:32:44 [TRACE] 【目标检测】TRAPPED！ 类型：blue_portal 置信度：0.8635128140449524
2025-10-19 21:32:47 [TRACE] 【空洞监听】无匹配已持续：0秒
2025-10-19 21:32:50 [TRACE] 【目标检测】屏幕内没有目标
2025-10-19 21:32:51 [TRACE] 【目标检测】屏幕内没有目标
2025-10-19 21:32:52 [TRACE] 【目标检测】屏幕内没有目标
2025-10-19 21:32:53 [TRACE] 【目标检测】屏幕内没有目标
2025-10-19 21:32:53 [TRACE] 【空洞监听】无匹配已持续：5秒
2025-10-19 21:32:54 [TRACE] 【目标检测】屏幕内没有目标
2025-10-19 21:32:55 [TRACE] 【状态】战斗模式：C:\Users\gelon\Desktop\ZA-Lite\assets/images/hollow\battle_2.png 置信度：0.9999999403953552
2025-10-19 21:33:02 [TRACE] 【状态】战斗模式：C:\Users\gelon\Desktop\ZA-Lite\assets/images/hollow\battle_3.png 置信度：1.0
2025-10-19 21:33:06 [TRACE] 【状态】搜索模式：C:\Users\gelon\Desktop\ZA-Lite\assets/images/hollow\resonium.png 置信度：0.9811938405036926
2025-10-19 21:33:06 [TRACE] 【目标出现】C:\Users\gelon\Desktop\ZA-Lite\assets/images/hollow\resonium.png 置信度：1.0
2025-10-19 21:33:06 [TRACE] 【本轮的坐标】：(np.int64(1174), np.int64(461)) ------------
2025-10-19 21:33:06 [TRACE] 【已点击过的坐标】：[(-10, -10)]
2025-10-19 21:33:06 [TRACE] 【成功点击】
2025-10-19 21:33:07 [TRACE] 【目标检测】屏幕内没有目标
2025-10-19 21:33:07 [TRACE] 【本轮的坐标】：(np.int64(1581), np.int64(461)) ------------
2025-10-19 21:33:07 [TRACE] 【已点击过的坐标】：[(-10, -10), (np.int64(1174), np.int64(461))]
2025-10-19 21:33:07 [TRACE] 【成功点击】
2025-10-19 21:33:07 [TRACE] 【目标检测】屏幕内没有目标
2025-10-19 21:33:08 [TRACE] 【本轮的坐标】：(np.int64(1582), np.int64(461)) ------------
2025-10-19 21:33:08 [TRACE] 【已点击过的坐标】：[(-10, -10), (np.int64(1174), np.int64(461)), (np.int64(1581), np.int64(461))]
2025-10-19 21:33:08 [TRACE] 【坐标太近】视为重复
2025-10-19 21:33:08 [TRACE] 【没有通过的坐标】开始下一轮
2025-10-19 21:33:08 [TRACE] 【本轮的坐标】：(np.int64(1988), np.int64(461)) ------------
2025-10-19 21:33:08 [TRACE] 【已点击过的坐标】：[(-10, -10), (np.int64(1174), np.int64(461)), (np.int64(1581), np.int64(461))]
2025-10-19 21:33:08 [TRACE] 【成功点击】
2025-10-19 21:33:08 [TRACE] 【目标检测】目标存在，但置信度不足
2025-10-19 21:33:09 [TRACE] 【本轮的坐标】：(np.int64(1989), np.int64(461)) ------------
2025-10-19 21:33:09 [TRACE] 【已点击过的坐标】：[(-10, -10), (np.int64(1174), np.int64(461)), (np.int64(1581), np.int64(461)), (np.int64(1988), np.int64(461))]
2025-10-19 21:33:09 [TRACE] 【坐标太近】视为重复
2025-10-19 21:33:09 [TRACE] 【没有通过的坐标】开始下一轮
2025-10-19 21:33:09 [TRACE] 【本轮的坐标】：(np.int64(1173), np.int64(462)) ------------
2025-10-19 21:33:09 [TRACE] 【已点击过的坐标】：[(-10, -10), (np.int64(1174), np.int64(461)), (np.int64(1581), np.int64(461)), (np.int64(1988), np.int64(461))]
2025-10-19 21:33:09 [TRACE] 【坐标太近】视为重复
2025-10-19 21:33:09 [TRACE] 【没有通过的坐标】开始下一轮
2025-10-19 21:33:09 [TRACE] 【本轮的坐标】：(np.int64(1174), np.int64(462)) ------------
2025-10-19 21:33:09 [TRACE] 【已点击过的坐标】：[(-10, -10), (np.int64(1174), np.int64(461)), (np.int64(1581), np.int64(461)), (np.int64(1988), np.int64(461))]
2025-10-19 21:33:09 [TRACE] 【坐标太近】视为重复
2025-10-19 21:33:09 [TRACE] 【没有通过的坐标】开始下一轮
2025-10-19 21:33:09 [TRACE] 【本轮的坐标】：(np.int64(1175), np.int64(462)) ------------
2025-10-19 21:33:09 [TRACE] 【已点击过的坐标】：[(-10, -10), (np.int64(1174), np.int64(461)), (np.int64(1581), np.int64(461)), (np.int64(1988), np.int64(461))]
2025-10-19 21:33:09 [TRACE] 【坐标太近】视为重复
2025-10-19 21:33:09 [TRACE] 【没有通过的坐标】开始下一轮
2025-10-19 21:33:09 [TRACE] 【本轮的坐标】：(np.int64(1580), np.int64(462)) ------------
2025-10-19 21:33:09 [TRACE] 【已点击过的坐标】：[(-10, -10), (np.int64(1174), np.int64(461)), (np.int64(1581), np.int64(461)), (np.int64(1988), np.int64(461))]
2025-10-19 21:33:09 [TRACE] 【坐标太近】视为重复
2025-10-19 21:33:09 [TRACE] 【没有通过的坐标】开始下一轮
2025-10-19 21:33:09 [TRACE] 【本轮的坐标】：(np.int64(1581), np.int64(462)) ------------
2025-10-19 21:33:09 [TRACE] 【已点击过的坐标】：[(-10, -10), (np.int64(1174), np.int64(461)), (np.int64(1581), np.int64(461)), (np.int64(1988), np.int64(461))]
2025-10-19 21:33:09 [TRACE] 【坐标太近】视为重复
2025-10-19 21:33:09 [TRACE] 【没有通过的坐标】开始下一轮
2025-10-19 21:33:09 [TRACE] 【本轮的坐标】：(np.int64(1582), np.int64(462)) ------------
2025-10-19 21:33:09 [TRACE] 【已点击过的坐标】：[(-10, -10), (np.int64(1174), np.int64(461)), (np.int64(1581), np.int64(461)), (np.int64(1988), np.int64(461))]
2025-10-19 21:33:09 [TRACE] 【坐标太近】视为重复
2025-10-19 21:33:09 [TRACE] 【没有通过的坐标】开始下一轮
2025-10-19 21:33:09 [TRACE] 【本轮的坐标】：(np.int64(1987), np.int64(462)) ------------
2025-10-19 21:33:09 [TRACE] 【已点击过的坐标】：[(-10, -10), (np.int64(1174), np.int64(461)), (np.int64(1581), np.int64(461)), (np.int64(1988), np.int64(461))]
2025-10-19 21:33:09 [TRACE] 【坐标太近】视为重复
2025-10-19 21:33:09 [TRACE] 【没有通过的坐标】开始下一轮
2025-10-19 21:33:09 [TRACE] 【本轮的坐标】：(np.int64(1988), np.int64(462)) ------------
2025-10-19 21:33:09 [TRACE] 【已点击过的坐标】：[(-10, -10), (np.int64(1174), np.int64(461)), (np.int64(1581), np.int64(461)), (np.int64(1988), np.int64(461))]
2025-10-19 21:33:09 [TRACE] 【坐标太近】视为重复
2025-10-19 21:33:09 [TRACE] 【没有通过的坐标】开始下一轮
2025-10-19 21:33:09 [TRACE] 【本轮的坐标】：(np.int64(1989), np.int64(462)) ------------
2025-10-19 21:33:09 [TRACE] 【已点击过的坐标】：[(-10, -10), (np.int64(1174), np.int64(461)), (np.int64(1581), np.int64(461)), (np.int64(1988), np.int64(461))]
2025-10-19 21:33:09 [TRACE] 【坐标太近】视为重复
2025-10-19 21:33:09 [TRACE] 【没有通过的坐标】开始下一轮
2025-10-19 21:33:09 [TRACE] 【本轮的坐标】：(np.int64(1990), np.int64(462)) ------------
2025-10-19 21:33:09 [TRACE] 【已点击过的坐标】：[(-10, -10), (np.int64(1174), np.int64(461)), (np.int64(1581), np.int64(461)), (np.int64(1988), np.int64(461))]
2025-10-19 21:33:09 [TRACE] 【坐标太近】视为重复
2025-10-19 21:33:09 [TRACE] 【没有通过的坐标】开始下一轮
2025-10-19 21:33:09 [TRACE] 【本轮的坐标】：(np.int64(1174), np.int64(463)) ------------
2025-10-19 21:33:09 [TRACE] 【已点击过的坐标】：[(-10, -10), (np.int64(1174), np.int64(461)), (np.int64(1581), np.int64(461)), (np.int64(1988), np.int64(461))]
2025-10-19 21:33:09 [TRACE] 【坐标太近】视为重复
2025-10-19 21:33:09 [TRACE] 【没有通过的坐标】开始下一轮
2025-10-19 21:33:09 [TRACE] 【本轮的坐标】：(np.int64(1581), np.int64(463)) ------------
2025-10-19 21:33:09 [TRACE] 【已点击过的坐标】：[(-10, -10), (np.int64(1174), np.int64(461)), (np.int64(1581), np.int64(461)), (np.int64(1988), np.int64(461))]
2025-10-19 21:33:09 [TRACE] 【坐标太近】视为重复
2025-10-19 21:33:09 [TRACE] 【没有通过的坐标】开始下一轮
2025-10-19 21:33:09 [TRACE] 【本轮的坐标】：(np.int64(1988), np.int64(463)) ------------
2025-10-19 21:33:09 [TRACE] 【已点击过的坐标】：[(-10, -10), (np.int64(1174), np.int64(461)), (np.int64(1581), np.int64(461)), (np.int64(1988), np.int64(461))]
2025-10-19 21:33:09 [TRACE] 【坐标太近】视为重复
2025-10-19 21:33:09 [TRACE] 【没有通过的坐标】开始下一轮
2025-10-19 21:33:09 [TRACE] 【完成所有点击】有效次数：3
2025-10-19 21:33:09 [TRACE] 【目标检测】屏幕内没有目标
2025-10-19 21:33:10 [TRACE] 【目标检测】屏幕内没有目标
2025-10-19 21:33:10 [TRACE] 【目标检测】屏幕内没有目标
2025-10-19 21:33:12 [TRACE] 【目标检测】目标存在，但置信度不足
2025-10-19 21:33:14 [TRACE] 【目标检测】屏幕内没有目标
2025-10-19 21:33:14 [TRACE] 【目标检测】屏幕内没有目标
2025-10-19 21:33:15 [TRACE] 【状态】搜索模式：C:\Users\gelon\Desktop\ZA-Lite\assets/images/hollow\next_area.png 置信度：0.9999995231628418
2025-10-19 21:33:15 [TRACE] 【目标检测】屏幕内没有目标
2025-10-19 21:33:16 [TRACE] 【目标检测】屏幕内没有目标
2025-10-19 21:33:17 [TRACE] 【目标检测】屏幕内没有目标
2025-10-19 21:33:20 [TRACE] 【目标检测】屏幕内没有目标
2025-10-19 21:33:21 [TRACE] 【目标检测】屏幕内没有目标
2025-10-19 21:33:25 [TRACE] 【空洞监听】无匹配已持续：0秒
2025-10-19 21:33:26 [TRACE] 【目标检测】TRAPPED！ 类型：blue_portal 置信度：0.8928375840187073
2025-10-19 21:33:30 [TRACE] 【空洞监听】无匹配已持续：4秒
2025-10-19 21:33:32 [TRACE] 【目标检测】屏幕内没有目标
2025-10-19 21:33:33 [TRACE] 【目标检测】屏幕内没有目标
2025-10-19 21:33:34 [TRACE] 【目标检测】屏幕内没有目标
2025-10-19 21:33:35 [TRACE] 【目标检测】屏幕内没有目标
2025-10-19 21:33:36 [TRACE] 【空洞监听】无匹配已持续：10秒
2025-10-19 21:33:37 [TRACE] 【目标检测】屏幕内没有目标
2025-10-19 21:33:38 [TRACE] 【状态】战斗模式：C:\Users\gelon\Desktop\ZA-Lite\assets/images/hollow\battle_2.png 置信度：0.9999999403953552
2025-10-19 21:33:39 [TRACE] 【状态】战斗模式：C:\Users\gelon\Desktop\ZA-Lite\assets/images/hollow\battle_3.png 置信度：0.9999999403953552
2025-10-19 21:33:49 [TRACE] 【空洞监听】无匹配已持续：0秒
2025-10-19 21:33:52 [TRACE] 【状态】战斗模式：C:\Users\gelon\Desktop\ZA-Lite\assets/images/hollow\battle_5.png 置信度：0.9909719824790955
2025-10-19 21:34:02 [TRACE] 【空洞监听】无匹配已持续：0秒
2025-10-19 21:34:08 [TRACE] 【状态】战斗模式：正在受到攻击
2025-10-19 21:34:14 [TRACE] 【状态】战斗模式：正在受到攻击
2025-10-19 21:34:21 [TRACE] 【空洞监听】无匹配已持续：0秒
2025-10-19 21:34:27 [TRACE] 【空洞监听】无匹配已持续：6秒
2025-10-19 21:34:27 [TRACE] 【状态】搜索模式：C:\Users\gelon\Desktop\ZA-Lite\assets/images/hollow\resonium.png 置信度：0.9824787378311157
2025-10-19 21:34:28 [TRACE] 【目标出现】C:\Users\gelon\Desktop\ZA-Lite\assets/images/hollow\resonium.png 置信度：1.0
2025-10-19 21:34:28 [TRACE] 【本轮的坐标】：(np.int64(1174), np.int64(461)) ------------
2025-10-19 21:34:28 [TRACE] 【已点击过的坐标】：[(-10, -10)]
2025-10-19 21:34:28 [TRACE] 【成功点击】
2025-10-19 21:34:28 [TRACE] 【目标检测】屏幕内没有目标
2025-10-19 21:34:28 [TRACE] 【本轮的坐标】：(np.int64(1581), np.int64(461)) ------------
2025-10-19 21:34:28 [TRACE] 【已点击过的坐标】：[(-10, -10), (np.int64(1174), np.int64(461))]
2025-10-19 21:34:28 [TRACE] 【成功点击】
2025-10-19 21:34:29 [TRACE] 【目标检测】屏幕内没有目标
2025-10-19 21:34:29 [TRACE] 【本轮的坐标】：(np.int64(1582), np.int64(461)) ------------
2025-10-19 21:34:29 [TRACE] 【已点击过的坐标】：[(-10, -10), (np.int64(1174), np.int64(461)), (np.int64(1581), np.int64(461))]
2025-10-19 21:34:29 [TRACE] 【坐标太近】视为重复
2025-10-19 21:34:29 [TRACE] 【没有通过的坐标】开始下一轮
2025-10-19 21:34:29 [TRACE] 【本轮的坐标】：(np.int64(1988), np.int64(461)) ------------
2025-10-19 21:34:29 [TRACE] 【已点击过的坐标】：[(-10, -10), (np.int64(1174), np.int64(461)), (np.int64(1581), np.int64(461))]
2025-10-19 21:34:29 [TRACE] 【成功点击】
2025-10-19 21:34:29 [TRACE] 【目标检测】屏幕内没有目标
2025-10-19 21:34:30 [TRACE] 【本轮的坐标】：(np.int64(1989), np.int64(461)) ------------
2025-10-19 21:34:30 [TRACE] 【已点击过的坐标】：[(-10, -10), (np.int64(1174), np.int64(461)), (np.int64(1581), np.int64(461)), (np.int64(1988), np.int64(461))]
2025-10-19 21:34:30 [TRACE] 【坐标太近】视为重复
2025-10-19 21:34:30 [TRACE] 【没有通过的坐标】开始下一轮
2025-10-19 21:34:30 [TRACE] 【本轮的坐标】：(np.int64(1173), np.int64(462)) ------------
2025-10-19 21:34:30 [TRACE] 【已点击过的坐标】：[(-10, -10), (np.int64(1174), np.int64(461)), (np.int64(1581), np.int64(461)), (np.int64(1988), np.int64(461))]
2025-10-19 21:34:30 [TRACE] 【坐标太近】视为重复
2025-10-19 21:34:30 [TRACE] 【没有通过的坐标】开始下一轮
2025-10-19 21:34:30 [TRACE] 【本轮的坐标】：(np.int64(1174), np.int64(462)) ------------
2025-10-19 21:34:30 [TRACE] 【已点击过的坐标】：[(-10, -10), (np.int64(1174), np.int64(461)), (np.int64(1581), np.int64(461)), (np.int64(1988), np.int64(461))]
2025-10-19 21:34:30 [TRACE] 【坐标太近】视为重复
2025-10-19 21:34:30 [TRACE] 【没有通过的坐标】开始下一轮
2025-10-19 21:34:30 [TRACE] 【本轮的坐标】：(np.int64(1175), np.int64(462)) ------------
2025-10-19 21:34:30 [TRACE] 【已点击过的坐标】：[(-10, -10), (np.int64(1174), np.int64(461)), (np.int64(1581), np.int64(461)), (np.int64(1988), np.int64(461))]
2025-10-19 21:34:30 [TRACE] 【坐标太近】视为重复
2025-10-19 21:34:30 [TRACE] 【没有通过的坐标】开始下一轮
2025-10-19 21:34:30 [TRACE] 【本轮的坐标】：(np.int64(1580), np.int64(462)) ------------
2025-10-19 21:34:30 [TRACE] 【已点击过的坐标】：[(-10, -10), (np.int64(1174), np.int64(461)), (np.int64(1581), np.int64(461)), (np.int64(1988), np.int64(461))]
2025-10-19 21:34:30 [TRACE] 【坐标太近】视为重复
2025-10-19 21:34:30 [TRACE] 【没有通过的坐标】开始下一轮
2025-10-19 21:34:30 [TRACE] 【本轮的坐标】：(np.int64(1581), np.int64(462)) ------------
2025-10-19 21:34:30 [TRACE] 【已点击过的坐标】：[(-10, -10), (np.int64(1174), np.int64(461)), (np.int64(1581), np.int64(461)), (np.int64(1988), np.int64(461))]
2025-10-19 21:34:30 [TRACE] 【坐标太近】视为重复
2025-10-19 21:34:30 [TRACE] 【没有通过的坐标】开始下一轮
2025-10-19 21:34:30 [TRACE] 【本轮的坐标】：(np.int64(1582), np.int64(462)) ------------
2025-10-19 21:34:30 [TRACE] 【已点击过的坐标】：[(-10, -10), (np.int64(1174), np.int64(461)), (np.int64(1581), np.int64(461)), (np.int64(1988), np.int64(461))]
2025-10-19 21:34:30 [TRACE] 【坐标太近】视为重复
2025-10-19 21:34:30 [TRACE] 【没有通过的坐标】开始下一轮
2025-10-19 21:34:30 [TRACE] 【本轮的坐标】：(np.int64(1987), np.int64(462)) ------------
2025-10-19 21:34:30 [TRACE] 【已点击过的坐标】：[(-10, -10), (np.int64(1174), np.int64(461)), (np.int64(1581), np.int64(461)), (np.int64(1988), np.int64(461))]
2025-10-19 21:34:30 [TRACE] 【坐标太近】视为重复
2025-10-19 21:34:30 [TRACE] 【没有通过的坐标】开始下一轮
2025-10-19 21:34:30 [TRACE] 【本轮的坐标】：(np.int64(1988), np.int64(462)) ------------
2025-10-19 21:34:30 [TRACE] 【已点击过的坐标】：[(-10, -10), (np.int64(1174), np.int64(461)), (np.int64(1581), np.int64(461)), (np.int64(1988), np.int64(461))]
2025-10-19 21:34:30 [TRACE] 【坐标太近】视为重复
2025-10-19 21:34:30 [TRACE] 【没有通过的坐标】开始下一轮
2025-10-19 21:34:30 [TRACE] 【本轮的坐标】：(np.int64(1989), np.int64(462)) ------------
2025-10-19 21:34:30 [TRACE] 【已点击过的坐标】：[(-10, -10), (np.int64(1174), np.int64(461)), (np.int64(1581), np.int64(461)), (np.int64(1988), np.int64(461))]
2025-10-19 21:34:30 [TRACE] 【坐标太近】视为重复
2025-10-19 21:34:30 [TRACE] 【没有通过的坐标】开始下一轮
2025-10-19 21:34:30 [TRACE] 【本轮的坐标】：(np.int64(1990), np.int64(462)) ------------
2025-10-19 21:34:30 [TRACE] 【已点击过的坐标】：[(-10, -10), (np.int64(1174), np.int64(461)), (np.int64(1581), np.int64(461)), (np.int64(1988), np.int64(461))]
2025-10-19 21:34:30 [TRACE] 【坐标太近】视为重复
2025-10-19 21:34:30 [TRACE] 【没有通过的坐标】开始下一轮
2025-10-19 21:34:30 [TRACE] 【本轮的坐标】：(np.int64(1174), np.int64(463)) ------------
2025-10-19 21:34:30 [TRACE] 【已点击过的坐标】：[(-10, -10), (np.int64(1174), np.int64(461)), (np.int64(1581), np.int64(461)), (np.int64(1988), np.int64(461))]
2025-10-19 21:34:30 [TRACE] 【坐标太近】视为重复
2025-10-19 21:34:30 [TRACE] 【没有通过的坐标】开始下一轮
2025-10-19 21:34:30 [TRACE] 【本轮的坐标】：(np.int64(1581), np.int64(463)) ------------
2025-10-19 21:34:30 [TRACE] 【已点击过的坐标】：[(-10, -10), (np.int64(1174), np.int64(461)), (np.int64(1581), np.int64(461)), (np.int64(1988), np.int64(461))]
2025-10-19 21:34:30 [TRACE] 【坐标太近】视为重复
2025-10-19 21:34:30 [TRACE] 【没有通过的坐标】开始下一轮
2025-10-19 21:34:30 [TRACE] 【本轮的坐标】：(np.int64(1988), np.int64(463)) ------------
2025-10-19 21:34:30 [TRACE] 【已点击过的坐标】：[(-10, -10), (np.int64(1174), np.int64(461)), (np.int64(1581), np.int64(461)), (np.int64(1988), np.int64(461))]
2025-10-19 21:34:30 [TRACE] 【坐标太近】视为重复
2025-10-19 21:34:30 [TRACE] 【没有通过的坐标】开始下一轮
2025-10-19 21:34:30 [TRACE] 【完成所有点击】有效次数：3
2025-10-19 21:34:30 [TRACE] 【目标检测】屏幕内没有目标
2025-10-19 21:34:31 [TRACE] 【目标检测】屏幕内没有目标
2025-10-19 21:34:33 [TRACE] 【目标检测】屏幕内没有目标
2025-10-19 21:34:34 [TRACE] 【目标检测】屏幕内没有目标
2025-10-19 21:34:36 [TRACE] 【目标检测】屏幕内没有目标
2025-10-19 21:34:36 [TRACE] 【状态】搜索模式：C:\Users\gelon\Desktop\ZA-Lite\assets/images/hollow\next_area.png 置信度：0.9999997019767761
2025-10-19 21:34:39 [TRACE] 【目标检测】TRAPPED！ 类型：blue_portal 置信度：0.9642417430877686
2025-10-19 21:34:45 [TRACE] 【目标检测】屏幕内没有目标
2025-10-19 21:34:46 [TRACE] 【目标检测】屏幕内没有目标
2025-10-19 21:34:47 [TRACE] 【空洞监听】无匹配已持续：0秒
2025-10-19 21:34:48 [TRACE] 【目标检测】屏幕内没有目标
2025-10-19 21:34:49 [TRACE] 【目标检测】屏幕内没有目标
2025-10-19 21:34:50 [TRACE] 【状态】战斗模式：C:\Users\gelon\Desktop\ZA-Lite\assets/images/hollow\battle_1.png 置信度：0.9648671746253967
2025-10-19 21:34:50 [TRACE] 【状态】战斗模式：C:\Users\gelon\Desktop\ZA-Lite\assets/images/hollow\battle_2.png 置信度：0.9999997615814209
2025-10-19 21:34:51 [TRACE] 【目标检测】屏幕内没有目标
2025-10-19 21:34:52 [TRACE] 【状态】战斗模式：C:\Users\gelon\Desktop\ZA-Lite\assets/images/hollow\battle_5.png 置信度：0.9985174536705017
2025-10-19 21:35:01 [TRACE] 【状态】战斗模式：正在受到攻击
2025-10-19 21:35:08 [TRACE] 【空洞监听】无匹配已持续：0秒
2025-10-19 21:35:11 [TRACE] 【状态】战斗模式：C:\Users\gelon\Desktop\ZA-Lite\assets/images/hollow\battle_3.png 置信度：1.0
2025-10-19 21:35:22 [TRACE] 【空洞监听】无匹配已持续：0秒
2025-10-19 21:35:29 [TRACE] 【空洞监听】无匹配已持续：6秒
2025-10-19 21:35:29 [TRACE] 【状态】搜索模式：C:\Users\gelon\Desktop\ZA-Lite\assets/images/hollow\resonium.png 置信度：0.9959990978240967
2025-10-19 21:35:29 [TRACE] 【目标出现】C:\Users\gelon\Desktop\ZA-Lite\assets/images/hollow\resonium.png 置信度：0.9999998807907104
2025-10-19 21:35:29 [TRACE] 【本轮的坐标】：(np.int64(1174), np.int64(461)) ------------
2025-10-19 21:35:29 [TRACE] 【已点击过的坐标】：[(-10, -10)]
2025-10-19 21:35:29 [TRACE] 【成功点击】
2025-10-19 21:35:29 [TRACE] 【目标检测】目标存在，但置信度不足
2025-10-19 21:35:30 [TRACE] 【本轮的坐标】：(np.int64(1581), np.int64(461)) ------------
2025-10-19 21:35:30 [TRACE] 【已点击过的坐标】：[(-10, -10), (np.int64(1174), np.int64(461))]
2025-10-19 21:35:30 [TRACE] 【成功点击】
2025-10-19 21:35:30 [TRACE] 【目标检测】目标存在，但置信度不足
2025-10-19 21:35:30 [TRACE] 【本轮的坐标】：(np.int64(1582), np.int64(461)) ------------
2025-10-19 21:35:30 [TRACE] 【已点击过的坐标】：[(-10, -10), (np.int64(1174), np.int64(461)), (np.int64(1581), np.int64(461))]
2025-10-19 21:35:30 [TRACE] 【坐标太近】视为重复
2025-10-19 21:35:30 [TRACE] 【没有通过的坐标】开始下一轮
2025-10-19 21:35:30 [TRACE] 【本轮的坐标】：(np.int64(1988), np.int64(461)) ------------
2025-10-19 21:35:30 [TRACE] 【已点击过的坐标】：[(-10, -10), (np.int64(1174), np.int64(461)), (np.int64(1581), np.int64(461))]
2025-10-19 21:35:31 [TRACE] 【成功点击】
2025-10-19 21:35:31 [TRACE] 【目标检测】目标存在，但置信度不足
2025-10-19 21:35:31 [TRACE] 【本轮的坐标】：(np.int64(1989), np.int64(461)) ------------
2025-10-19 21:35:31 [TRACE] 【已点击过的坐标】：[(-10, -10), (np.int64(1174), np.int64(461)), (np.int64(1581), np.int64(461)), (np.int64(1988), np.int64(461))]
2025-10-19 21:35:31 [TRACE] 【坐标太近】视为重复
2025-10-19 21:35:31 [TRACE] 【没有通过的坐标】开始下一轮
2025-10-19 21:35:31 [TRACE] 【本轮的坐标】：(np.int64(1173), np.int64(462)) ------------
2025-10-19 21:35:31 [TRACE] 【已点击过的坐标】：[(-10, -10), (np.int64(1174), np.int64(461)), (np.int64(1581), np.int64(461)), (np.int64(1988), np.int64(461))]
2025-10-19 21:35:31 [TRACE] 【坐标太近】视为重复
2025-10-19 21:35:31 [TRACE] 【没有通过的坐标】开始下一轮
2025-10-19 21:35:31 [TRACE] 【本轮的坐标】：(np.int64(1174), np.int64(462)) ------------
2025-10-19 21:35:31 [TRACE] 【已点击过的坐标】：[(-10, -10), (np.int64(1174), np.int64(461)), (np.int64(1581), np.int64(461)), (np.int64(1988), np.int64(461))]
2025-10-19 21:35:31 [TRACE] 【坐标太近】视为重复
2025-10-19 21:35:31 [TRACE] 【没有通过的坐标】开始下一轮
2025-10-19 21:35:31 [TRACE] 【本轮的坐标】：(np.int64(1175), np.int64(462)) ------------
2025-10-19 21:35:31 [TRACE] 【已点击过的坐标】：[(-10, -10), (np.int64(1174), np.int64(461)), (np.int64(1581), np.int64(461)), (np.int64(1988), np.int64(461))]
2025-10-19 21:35:31 [TRACE] 【坐标太近】视为重复
2025-10-19 21:35:31 [TRACE] 【没有通过的坐标】开始下一轮
2025-10-19 21:35:31 [TRACE] 【本轮的坐标】：(np.int64(1580), np.int64(462)) ------------
2025-10-19 21:35:31 [TRACE] 【已点击过的坐标】：[(-10, -10), (np.int64(1174), np.int64(461)), (np.int64(1581), np.int64(461)), (np.int64(1988), np.int64(461))]
2025-10-19 21:35:31 [TRACE] 【坐标太近】视为重复
2025-10-19 21:35:31 [TRACE] 【没有通过的坐标】开始下一轮
2025-10-19 21:35:31 [TRACE] 【本轮的坐标】：(np.int64(1581), np.int64(462)) ------------
2025-10-19 21:35:31 [TRACE] 【已点击过的坐标】：[(-10, -10), (np.int64(1174), np.int64(461)), (np.int64(1581), np.int64(461)), (np.int64(1988), np.int64(461))]
2025-10-19 21:35:31 [TRACE] 【坐标太近】视为重复
2025-10-19 21:35:31 [TRACE] 【没有通过的坐标】开始下一轮
2025-10-19 21:35:31 [TRACE] 【本轮的坐标】：(np.int64(1582), np.int64(462)) ------------
2025-10-19 21:35:31 [TRACE] 【已点击过的坐标】：[(-10, -10), (np.int64(1174), np.int64(461)), (np.int64(1581), np.int64(461)), (np.int64(1988), np.int64(461))]
2025-10-19 21:35:31 [TRACE] 【坐标太近】视为重复
2025-10-19 21:35:31 [TRACE] 【没有通过的坐标】开始下一轮
2025-10-19 21:35:31 [TRACE] 【本轮的坐标】：(np.int64(1987), np.int64(462)) ------------
2025-10-19 21:35:31 [TRACE] 【已点击过的坐标】：[(-10, -10), (np.int64(1174), np.int64(461)), (np.int64(1581), np.int64(461)), (np.int64(1988), np.int64(461))]
2025-10-19 21:35:31 [TRACE] 【坐标太近】视为重复
2025-10-19 21:35:31 [TRACE] 【没有通过的坐标】开始下一轮
2025-10-19 21:35:31 [TRACE] 【本轮的坐标】：(np.int64(1988), np.int64(462)) ------------
2025-10-19 21:35:31 [TRACE] 【已点击过的坐标】：[(-10, -10), (np.int64(1174), np.int64(461)), (np.int64(1581), np.int64(461)), (np.int64(1988), np.int64(461))]
2025-10-19 21:35:31 [TRACE] 【坐标太近】视为重复
2025-10-19 21:35:31 [TRACE] 【没有通过的坐标】开始下一轮
2025-10-19 21:35:31 [TRACE] 【本轮的坐标】：(np.int64(1989), np.int64(462)) ------------
2025-10-19 21:35:31 [TRACE] 【已点击过的坐标】：[(-10, -10), (np.int64(1174), np.int64(461)), (np.int64(1581), np.int64(461)), (np.int64(1988), np.int64(461))]
2025-10-19 21:35:31 [TRACE] 【坐标太近】视为重复
2025-10-19 21:35:31 [TRACE] 【没有通过的坐标】开始下一轮
2025-10-19 21:35:31 [TRACE] 【本轮的坐标】：(np.int64(1990), np.int64(462)) ------------
2025-10-19 21:35:31 [TRACE] 【已点击过的坐标】：[(-10, -10), (np.int64(1174), np.int64(461)), (np.int64(1581), np.int64(461)), (np.int64(1988), np.int64(461))]
2025-10-19 21:35:31 [TRACE] 【坐标太近】视为重复
2025-10-19 21:35:31 [TRACE] 【没有通过的坐标】开始下一轮
2025-10-19 21:35:31 [TRACE] 【本轮的坐标】：(np.int64(1174), np.int64(463)) ------------
2025-10-19 21:35:31 [TRACE] 【已点击过的坐标】：[(-10, -10), (np.int64(1174), np.int64(461)), (np.int64(1581), np.int64(461)), (np.int64(1988), np.int64(461))]
2025-10-19 21:35:31 [TRACE] 【坐标太近】视为重复
2025-10-19 21:35:31 [TRACE] 【没有通过的坐标】开始下一轮
2025-10-19 21:35:31 [TRACE] 【本轮的坐标】：(np.int64(1581), np.int64(463)) ------------
2025-10-19 21:35:31 [TRACE] 【已点击过的坐标】：[(-10, -10), (np.int64(1174), np.int64(461)), (np.int64(1581), np.int64(461)), (np.int64(1988), np.int64(461))]
2025-10-19 21:35:31 [TRACE] 【坐标太近】视为重复
2025-10-19 21:35:31 [TRACE] 【没有通过的坐标】开始下一轮
2025-10-19 21:35:31 [TRACE] 【本轮的坐标】：(np.int64(1988), np.int64(463)) ------------
2025-10-19 21:35:31 [TRACE] 【已点击过的坐标】：[(-10, -10), (np.int64(1174), np.int64(461)), (np.int64(1581), np.int64(461)), (np.int64(1988), np.int64(461))]
2025-10-19 21:35:31 [TRACE] 【坐标太近】视为重复
2025-10-19 21:35:31 [TRACE] 【没有通过的坐标】开始下一轮
2025-10-19 21:35:31 [TRACE] 【完成所有点击】有效次数：3
2025-10-19 21:35:32 [TRACE] 【目标检测】目标存在，但置信度不足
2025-10-19 21:35:33 [TRACE] 【目标检测】目标存在，但置信度不足
2025-10-19 21:35:34 [TRACE] 【目标检测】目标存在，但置信度不足
2025-10-19 21:35:35 [TRACE] 【目标检测】屏幕内没有目标
2025-10-19 21:35:35 [TRACE] 【目标检测】屏幕内没有目标
2025-10-19 21:35:36 [TRACE] 【目标检测】目标存在，但置信度不足
2025-10-19 21:35:38 [TRACE] 【状态】搜索模式：C:\Users\gelon\Desktop\ZA-Lite\assets/images/hollow\next_area.png 置信度：0.9999993443489075
2025-10-19 21:35:41 [TRACE] 【状态】搜索模式：C:\Users\gelon\Desktop\ZA-Lite\assets/images/hollow\meter.png 置信度：0.9723986983299255
2025-10-19 21:35:42 [TRACE] 【目标检测】微调超时，无法对齐！
2025-10-19 21:35:47 [TRACE] 【状态】搜索模式：C:\Users\gelon\Desktop\ZA-Lite\assets/images/hollow\meter.png 置信度：0.9528282284736633
2025-10-19 21:35:48 [TRACE] 【目标检测】微调超时，无法对齐！
2025-10-19 21:35:50 [TRACE] 【目标检测】TRAPPED！ 类型：guide_point 置信度：0.9023802280426025
2025-10-19 21:35:54 [TRACE] 【空洞监听】无匹配已持续：0秒
2025-10-19 21:35:56 [TRACE] 【目标检测】屏幕内没有目标
2025-10-19 21:35:57 [TRACE] 【目标检测】屏幕内没有目标
2025-10-19 21:35:58 [TRACE] 【目标检测】TRAPPED！ 类型：guide_point 置信度：0.6219576001167297
2025-10-19 21:35:59 [TRACE] 【空洞监听】无匹配已持续：5秒
2025-10-19 21:36:01 [TRACE] 【目标检测】屏幕内没有目标
2025-10-19 21:36:02 [TRACE] 【目标检测】屏幕内没有目标
2025-10-19 21:36:02 [TRACE] 【状态】战斗模式：C:\Users\gelon\Desktop\ZA-Lite\assets/images/hollow\battle_5.png 置信度：0.9845025539398193
2025-10-19 21:36:11 [TRACE] 【空洞监听】无匹配已持续：0秒
2025-10-19 21:36:18 [TRACE] 【状态】战斗模式：正在受到攻击
2025-10-19 21:36:24 [TRACE] 【空洞监听】无匹配已持续：0秒
2025-10-19 21:36:30 [TRACE] 【状态】战斗模式：正在受到攻击
2025-10-19 21:36:36 [TRACE] 【状态】战斗模式：正在受到攻击
2025-10-19 21:36:43 [TRACE] 【空洞监听】无匹配已持续：0秒
2025-10-19 21:36:49 [TRACE] 【空洞监听】无匹配已持续：6秒
2025-10-19 21:36:55 [TRACE] 【空洞监听】无匹配已持续：12秒
2025-10-19 21:37:02 [TRACE] 【空洞监听】无匹配已持续：18秒
2025-10-19 21:37:08 [TRACE] 【空洞监听】无匹配已持续：25秒
2025-10-19 21:37:12 [TRACE] 【状态】战斗模式：C:\Users\gelon\Desktop\ZA-Lite\assets/images/hollow\battle_5.png 置信度：0.9776736497879028
2025-10-19 21:37:21 [TRACE] 【状态】战斗模式：正在受到攻击
2025-10-19 21:37:25 [TRACE] 【状态】战斗模式：C:\Users\gelon\Desktop\ZA-Lite\assets/images/hollow\battle_5.png 置信度：0.9851585626602173
2025-10-19 21:37:34 [TRACE] 【空洞监听】无匹配已持续：0秒
2025-10-19 21:37:40 [TRACE] 【空洞监听】无匹配已持续：6秒
2025-10-19 21:37:46 [TRACE] 【空洞监听】无匹配已持续：12秒
2025-10-19 21:37:53 [TRACE] 【状态】战斗模式：正在受到攻击
2025-10-19 21:37:59 [TRACE] 【空洞监听】无匹配已持续：0秒
2025-10-19 21:38:03 [TRACE] 【状态】战斗模式：C:\Users\gelon\Desktop\ZA-Lite\assets/images/hollow\battle_5.png 置信度：0.9955533742904663
2025-10-19 21:38:12 [TRACE] 【空洞监听】无匹配已持续：0秒
2025-10-19 21:38:18 [TRACE] 【空洞监听】无匹配已持续：6秒
2025-10-19 21:38:24 [TRACE] 【状态】战斗模式：正在受到攻击
2025-10-19 21:38:30 [TRACE] 【状态】战斗模式：正在受到攻击
2025-10-19 21:38:37 [TRACE] 【状态】战斗模式：正在受到攻击
2025-10-19 21:38:43 [TRACE] 【状态】战斗模式：正在受到攻击
2025-10-19 21:38:44 [TRACE] 【状态】搜索模式：C:\Users\gelon\Desktop\ZA-Lite\assets/images/hollow\resonium.png 置信度：1.0
2025-10-19 21:38:44 [TRACE] 【目标出现】C:\Users\gelon\Desktop\ZA-Lite\assets/images/hollow\resonium.png 置信度：0.9999996423721313
2025-10-19 21:38:44 [TRACE] 【本轮的坐标】：(np.int64(1174), np.int64(461)) ------------
2025-10-19 21:38:44 [TRACE] 【已点击过的坐标】：[(-10, -10)]
2025-10-19 21:38:44 [TRACE] 【成功点击】
2025-10-19 21:38:44 [TRACE] 【目标检测】屏幕内没有目标
2025-10-19 21:38:45 [TRACE] 【本轮的坐标】：(np.int64(1581), np.int64(461)) ------------
2025-10-19 21:38:45 [TRACE] 【已点击过的坐标】：[(-10, -10), (np.int64(1174), np.int64(461))]
2025-10-19 21:38:45 [TRACE] 【成功点击】
2025-10-19 21:38:45 [TRACE] 【目标检测】屏幕内没有目标
2025-10-19 21:38:45 [TRACE] 【本轮的坐标】：(np.int64(1582), np.int64(461)) ------------
2025-10-19 21:38:45 [TRACE] 【已点击过的坐标】：[(-10, -10), (np.int64(1174), np.int64(461)), (np.int64(1581), np.int64(461))]
2025-10-19 21:38:45 [TRACE] 【坐标太近】视为重复
2025-10-19 21:38:45 [TRACE] 【没有通过的坐标】开始下一轮
2025-10-19 21:38:45 [TRACE] 【本轮的坐标】：(np.int64(1988), np.int64(461)) ------------
2025-10-19 21:38:45 [TRACE] 【已点击过的坐标】：[(-10, -10), (np.int64(1174), np.int64(461)), (np.int64(1581), np.int64(461))]
2025-10-19 21:38:45 [TRACE] 【成功点击】
2025-10-19 21:38:46 [TRACE] 【目标检测】屏幕内没有目标
2025-10-19 21:38:46 [TRACE] 【本轮的坐标】：(np.int64(1989), np.int64(461)) ------------
2025-10-19 21:38:46 [TRACE] 【已点击过的坐标】：[(-10, -10), (np.int64(1174), np.int64(461)), (np.int64(1581), np.int64(461)), (np.int64(1988), np.int64(461))]
2025-10-19 21:38:46 [TRACE] 【坐标太近】视为重复
2025-10-19 21:38:46 [TRACE] 【没有通过的坐标】开始下一轮
2025-10-19 21:38:46 [TRACE] 【本轮的坐标】：(np.int64(1173), np.int64(462)) ------------
2025-10-19 21:38:46 [TRACE] 【已点击过的坐标】：[(-10, -10), (np.int64(1174), np.int64(461)), (np.int64(1581), np.int64(461)), (np.int64(1988), np.int64(461))]
2025-10-19 21:38:46 [TRACE] 【坐标太近】视为重复
2025-10-19 21:38:46 [TRACE] 【没有通过的坐标】开始下一轮
2025-10-19 21:38:46 [TRACE] 【本轮的坐标】：(np.int64(1174), np.int64(462)) ------------
2025-10-19 21:38:46 [TRACE] 【已点击过的坐标】：[(-10, -10), (np.int64(1174), np.int64(461)), (np.int64(1581), np.int64(461)), (np.int64(1988), np.int64(461))]
2025-10-19 21:38:46 [TRACE] 【坐标太近】视为重复
2025-10-19 21:38:46 [TRACE] 【没有通过的坐标】开始下一轮
2025-10-19 21:38:46 [TRACE] 【本轮的坐标】：(np.int64(1175), np.int64(462)) ------------
2025-10-19 21:38:46 [TRACE] 【已点击过的坐标】：[(-10, -10), (np.int64(1174), np.int64(461)), (np.int64(1581), np.int64(461)), (np.int64(1988), np.int64(461))]
2025-10-19 21:38:46 [TRACE] 【坐标太近】视为重复
2025-10-19 21:38:46 [TRACE] 【没有通过的坐标】开始下一轮
2025-10-19 21:38:46 [TRACE] 【本轮的坐标】：(np.int64(1580), np.int64(462)) ------------
2025-10-19 21:38:46 [TRACE] 【已点击过的坐标】：[(-10, -10), (np.int64(1174), np.int64(461)), (np.int64(1581), np.int64(461)), (np.int64(1988), np.int64(461))]
2025-10-19 21:38:46 [TRACE] 【坐标太近】视为重复
2025-10-19 21:38:46 [TRACE] 【没有通过的坐标】开始下一轮
2025-10-19 21:38:46 [TRACE] 【本轮的坐标】：(np.int64(1581), np.int64(462)) ------------
2025-10-19 21:38:46 [TRACE] 【已点击过的坐标】：[(-10, -10), (np.int64(1174), np.int64(461)), (np.int64(1581), np.int64(461)), (np.int64(1988), np.int64(461))]
2025-10-19 21:38:46 [TRACE] 【坐标太近】视为重复
2025-10-19 21:38:46 [TRACE] 【没有通过的坐标】开始下一轮
2025-10-19 21:38:46 [TRACE] 【本轮的坐标】：(np.int64(1582), np.int64(462)) ------------
2025-10-19 21:38:46 [TRACE] 【已点击过的坐标】：[(-10, -10), (np.int64(1174), np.int64(461)), (np.int64(1581), np.int64(461)), (np.int64(1988), np.int64(461))]
2025-10-19 21:38:46 [TRACE] 【坐标太近】视为重复
2025-10-19 21:38:46 [TRACE] 【没有通过的坐标】开始下一轮
2025-10-19 21:38:46 [TRACE] 【本轮的坐标】：(np.int64(1987), np.int64(462)) ------------
2025-10-19 21:38:46 [TRACE] 【已点击过的坐标】：[(-10, -10), (np.int64(1174), np.int64(461)), (np.int64(1581), np.int64(461)), (np.int64(1988), np.int64(461))]
2025-10-19 21:38:46 [TRACE] 【坐标太近】视为重复
2025-10-19 21:38:46 [TRACE] 【没有通过的坐标】开始下一轮
2025-10-19 21:38:46 [TRACE] 【本轮的坐标】：(np.int64(1988), np.int64(462)) ------------
2025-10-19 21:38:46 [TRACE] 【已点击过的坐标】：[(-10, -10), (np.int64(1174), np.int64(461)), (np.int64(1581), np.int64(461)), (np.int64(1988), np.int64(461))]
2025-10-19 21:38:46 [TRACE] 【坐标太近】视为重复
2025-10-19 21:38:46 [TRACE] 【没有通过的坐标】开始下一轮
2025-10-19 21:38:46 [TRACE] 【本轮的坐标】：(np.int64(1989), np.int64(462)) ------------
2025-10-19 21:38:46 [TRACE] 【已点击过的坐标】：[(-10, -10), (np.int64(1174), np.int64(461)), (np.int64(1581), np.int64(461)), (np.int64(1988), np.int64(461))]
2025-10-19 21:38:46 [TRACE] 【坐标太近】视为重复
2025-10-19 21:38:46 [TRACE] 【没有通过的坐标】开始下一轮
2025-10-19 21:38:46 [TRACE] 【本轮的坐标】：(np.int64(1990), np.int64(462)) ------------
2025-10-19 21:38:46 [TRACE] 【已点击过的坐标】：[(-10, -10), (np.int64(1174), np.int64(461)), (np.int64(1581), np.int64(461)), (np.int64(1988), np.int64(461))]
2025-10-19 21:38:46 [TRACE] 【坐标太近】视为重复
2025-10-19 21:38:46 [TRACE] 【没有通过的坐标】开始下一轮
2025-10-19 21:38:46 [TRACE] 【本轮的坐标】：(np.int64(1174), np.int64(463)) ------------
2025-10-19 21:38:46 [TRACE] 【已点击过的坐标】：[(-10, -10), (np.int64(1174), np.int64(461)), (np.int64(1581), np.int64(461)), (np.int64(1988), np.int64(461))]
2025-10-19 21:38:46 [TRACE] 【坐标太近】视为重复
2025-10-19 21:38:46 [TRACE] 【没有通过的坐标】开始下一轮
2025-10-19 21:38:46 [TRACE] 【本轮的坐标】：(np.int64(1581), np.int64(463)) ------------
2025-10-19 21:38:46 [TRACE] 【已点击过的坐标】：[(-10, -10), (np.int64(1174), np.int64(461)), (np.int64(1581), np.int64(461)), (np.int64(1988), np.int64(461))]
2025-10-19 21:38:46 [TRACE] 【坐标太近】视为重复
2025-10-19 21:38:46 [TRACE] 【没有通过的坐标】开始下一轮
2025-10-19 21:38:46 [TRACE] 【本轮的坐标】：(np.int64(1988), np.int64(463)) ------------
2025-10-19 21:38:46 [TRACE] 【已点击过的坐标】：[(-10, -10), (np.int64(1174), np.int64(461)), (np.int64(1581), np.int64(461)), (np.int64(1988), np.int64(461))]
2025-10-19 21:38:46 [TRACE] 【坐标太近】视为重复
2025-10-19 21:38:46 [TRACE] 【没有通过的坐标】开始下一轮
2025-10-19 21:38:46 [TRACE] 【完成所有点击】有效次数：3
2025-10-19 21:38:48 [TRACE] 【目标检测】目标存在，但置信度不足
2025-10-19 21:38:49 [TRACE] 【目标检测】目标存在，但置信度不足
2025-10-19 21:38:50 [TRACE] 【目标检测】屏幕内没有目标
2025-10-19 21:38:50 [TRACE] 【目标检测】屏幕内没有目标
2025-10-19 21:38:52 [TRACE] 【目标检测】TRAPPED！ 类型：blue_portal 置信度：0.9084504842758179
2025-10-19 21:38:56 [TRACE] 【空洞监听】无匹配已持续：0秒
2025-10-19 21:38:57 [TRACE] 【状态】搜索模式：C:\Users\gelon\Desktop\ZA-Lite\assets/images/hollow\battle_end_boss.png 置信度：0.9999359846115112
2025-10-19 21:38:58 [TRACE] 【目标检测】目标存在，但置信度不足
2025-10-19 21:38:59 [TRACE] 【目标检测】屏幕内没有目标
2025-10-19 21:39:00 [TRACE] 【目标检测】屏幕内没有目标
2025-10-19 21:39:01 [TRACE] 【目标检测】屏幕内没有目标
2025-10-19 21:39:02 [TRACE] 【目标检测】屏幕内没有目标
2025-10-19 21:39:03 [TRACE] 【目标检测】屏幕内没有目标
2025-10-19 21:39:05 [TRACE] 【目标检测】屏幕内没有目标
2025-10-19 21:39:06 [TRACE] 【目标检测】屏幕内没有目标
2025-10-19 21:39:08 [TRACE] 【空洞监听】无匹配已持续：0秒
2025-10-19 21:39:08 [TRACE] 【目标检测】TRAPPED！ 类型：interact 置信度：0.9173015356063843
2025-10-19 21:39:09 [TRACE] 【状态】搜索模式：C:\Users\gelon\Desktop\ZA-Lite\assets/images/hollow\next_area.png 置信度：0.9999995231628418
2025-10-19 21:39:14 [TRACE] 【目标检测】TRAPPED！ 类型：blue_portal 置信度：0.6620545387268066
2025-10-19 21:39:18 [TRACE] 【状态】搜索模式：C:\Users\gelon\Desktop\ZA-Lite\assets/images/hollow\meter.png 置信度：0.9593243598937988
2025-10-19 21:39:24 [TRACE] 【状态】搜索模式：C:\Users\gelon\Desktop\ZA-Lite\assets/images/hollow\meter.png 置信度：0.9309855699539185
2025-10-19 21:39:24 [TRACE] 【目标检测】TRAPPED！ 类型：blue_portal 置信度：0.8507440686225891
2025-10-19 21:39:29 [TRACE] 【状态】搜索模式：C:\Users\gelon\Desktop\ZA-Lite\assets/images/hollow\meter.png 置信度：0.9451033473014832
2025-10-19 21:39:29 [TRACE] 【目标检测】TRAPPED！ 类型：blue_portal 置信度：0.9008067846298218
2025-10-19 21:39:37 [TRACE] 【空洞监听】无匹配已持续：0秒
2025-10-19 21:39:38 [TRACE] 【目标检测】TRAPPED！ 类型：blue_portal 置信度：0.9661206007003784
2025-10-19 21:39:41 [TRACE] 【目标检测】屏幕内没有目标
2025-10-19 21:39:42 [TRACE] 【目标检测】屏幕内没有目标
2025-10-19 21:39:42 [TRACE] 【空洞监听】无匹配已持续：4秒
2025-10-19 21:39:43 [TRACE] 【目标检测】屏幕内没有目标
2025-10-19 21:39:44 [TRACE] 【目标检测】屏幕内没有目标
2025-10-19 21:39:44 [TRACE] 【目标检测】屏幕内没有目标
2025-10-19 21:39:47 [TRACE] 【空洞监听】无匹配已持续：10秒
2025-10-19 21:39:48 [TRACE] 【目标检测】TRAPPED！ 类型：blue_portal 置信度：0.9649569392204285
2025-10-19 21:39:52 [TRACE] 【空洞监听】无匹配已持续：15秒
2025-10-19 21:39:55 [TRACE] 【目标检测】屏幕内没有目标
2025-10-19 21:39:56 [TRACE] 【目标检测】屏幕内没有目标
2025-10-19 21:39:57 [TRACE] 【目标检测】屏幕内没有目标
2025-10-19 21:39:58 [TRACE] 【空洞监听】无匹配已持续：20秒
2025-10-19 21:39:58 [TRACE] 【目标检测】屏幕内没有目标
2025-10-19 21:39:59 [TRACE] 【目标检测】屏幕内没有目标
2025-10-19 21:40:01 [TRACE] 【目标检测】屏幕内没有目标
2025-10-19 21:40:02 [TRACE] 【目标检测】屏幕内没有目标
2025-10-19 21:40:03 [TRACE] 【空洞监听】无匹配已持续：26秒
2025-10-19 21:40:03 [TRACE] 【目标检测】屏幕内没有目标
2025-10-19 21:40:04 [TRACE] 【目标检测】屏幕内没有目标
2025-10-19 21:40:05 [TRACE] 【目标检测】屏幕内没有目标
2025-10-19 21:40:08 [TRACE] 【空洞监听】无匹配已持续：31秒
2025-10-19 21:40:12 [TRACE] 【目标检测】TRAPPED！ 类型：interact 置信度：0.942865252494812
2025-10-19 21:40:13 [TRACE] 【空洞监听】无匹配已持续：36秒
2025-10-19 21:40:18 [TRACE] 【目标检测】屏幕内没有目标
2025-10-19 21:40:19 [TRACE] 【目标检测】屏幕内没有目标
2025-10-19 21:40:20 [TRACE] 【目标检测】屏幕内没有目标
2025-10-19 21:40:21 [TRACE] 【目标检测】屏幕内没有目标
2025-10-19 21:40:22 [TRACE] 【目标检测】屏幕内没有目标
2025-10-19 21:40:24 [TRACE] 【目标检测】屏幕内没有目标
2025-10-19 21:40:25 [TRACE] 【目标检测】屏幕内没有目标
2025-10-19 21:40:25 [TRACE] 【目标检测】屏幕内没有目标
2025-10-19 21:40:26 [TRACE] 【目标检测】屏幕内没有目标
2025-10-19 21:40:27 [TRACE] 【目标检测】屏幕内没有目标
2025-10-19 21:40:29 [TRACE] 【目标检测】屏幕内没有目标
2025-10-19 21:40:30 [TRACE] 【目标检测】屏幕内没有目标
2025-10-19 21:40:31 [TRACE] 【目标检测】屏幕内没有目标
2025-10-19 21:40:32 [TRACE] 【目标检测】屏幕内没有目标
2025-10-19 21:40:33 [TRACE] 【目标检测】屏幕内没有目标
2025-10-19 21:40:35 [TRACE] 【目标检测】屏幕内没有目标
2025-10-19 21:40:36 [TRACE] 【目标检测】屏幕内没有目标
2025-10-19 21:40:37 [TRACE] 【目标检测】屏幕内没有目标
2025-10-19 21:40:38 [TRACE] 【目标检测】屏幕内没有目标
2025-10-19 21:40:39 [TRACE] 【目标检测】屏幕内没有目标
2025-10-19 21:40:41 [TRACE] 【目标检测】屏幕内没有目标
2025-10-19 21:40:41 [TRACE] 【目标检测】目标存在，但置信度不足
2025-10-19 21:40:42 [TRACE] 【目标检测】屏幕内没有目标
2025-10-19 21:40:43 [TRACE] 【目标检测】屏幕内没有目标
2025-10-19 21:40:43 [TRACE] 【状态】搜索模式：C:\Users\gelon\Desktop\ZA-Lite\assets/images/hollow\card.png 置信度：1.0
2025-10-19 21:40:44 [TRACE] 【目标检测】屏幕内没有目标
2025-10-19 21:40:45 [TRACE] 【目标检测】屏幕内没有目标
2025-10-19 21:40:47 [TRACE] 【目标检测】屏幕内没有目标
2025-10-19 21:40:48 [TRACE] 【目标检测】屏幕内没有目标
2025-10-19 21:40:52 [TRACE] 【状态】搜索模式：C:\Users\gelon\Desktop\ZA-Lite\assets/images/hollow\meter.png 置信度：0.9490814805030823
2025-10-19 21:40:52 [TRACE] 【目标检测】TRAPPED！ 类型：guide_point 置信度：0.7780515551567078
2025-10-19 21:40:59 [TRACE] 【目标检测】屏幕内没有目标
2025-10-19 21:41:00 [TRACE] 【空洞监听】无匹配已持续：0秒
2025-10-19 21:41:00 [TRACE] 【目标检测】屏幕内没有目标
2025-10-19 21:41:04 [TRACE] 【目标检测】TRAPPED！ 类型：blue_portal 置信度：0.941954493522644
2025-10-19 21:41:05 [TRACE] 【空洞监听】无匹配已持续：5秒
2025-10-19 21:41:08 [TRACE] 【目标检测】TRAPPED！ 类型：blue_portal 置信度：0.9741767644882202
2025-10-19 21:41:10 [TRACE] 【空洞监听】无匹配已持续：10秒
2025-10-19 21:41:14 [TRACE] 【目标检测】屏幕内没有目标
2025-10-19 21:41:15 [TRACE] 【空洞监听】无匹配已持续：15秒
2025-10-19 21:41:15 [TRACE] 【目标检测】屏幕内没有目标
2025-10-19 21:41:17 [TRACE] 【目标检测】目标存在，但置信度不足
2025-10-19 21:41:18 [TRACE] 【目标检测】目标存在，但置信度不足
2025-10-19 21:41:19 [TRACE] 【目标检测】目标存在，但置信度不足
2025-10-19 21:41:20 [TRACE] 【目标检测】屏幕内没有目标
2025-10-19 21:41:21 [TRACE] 【目标检测】目标存在，但置信度不足
2025-10-19 21:41:23 [TRACE] 【目标检测】屏幕内没有目标
2025-10-19 21:41:24 [TRACE] 【目标检测】屏幕内没有目标
2025-10-19 21:41:24 [TRACE] 【状态】战斗模式：C:\Users\gelon\Desktop\ZA-Lite\assets/images/hollow\battle_3.png 置信度：0.9999999403953552
2025-10-19 21:41:34 [TRACE] 【空洞监听】无匹配已持续：0秒
2025-10-19 21:41:40 [TRACE] 【空洞监听】无匹配已持续：6秒
2025-10-19 21:41:46 [TRACE] 【空洞监听】无匹配已持续：12秒
2025-10-19 21:41:53 [TRACE] 【空洞监听】无匹配已持续：18秒
2025-10-19 21:41:59 [TRACE] 【空洞监听】无匹配已持续：25秒
2025-10-19 21:42:06 [TRACE] 【空洞监听】无匹配已持续：31秒
2025-10-19 21:42:13 [TRACE] 【空洞监听】无匹配已持续：38秒
2025-10-19 21:42:19 [TRACE] 【空洞监听】无匹配已持续：45秒
2025-10-19 21:42:25 [TRACE] 【空洞监听】无匹配已持续：51秒
2025-10-19 21:42:31 [TRACE] 【空洞监听】无匹配已持续：57秒
2025-10-19 21:42:38 [TRACE] 【空洞监听】无匹配已持续：64秒
2025-10-19 21:42:38 [TRACE] 【空洞监听】即将超时，重启搜索线程
2025-10-19 21:42:39 [TRACE] 【目标检测】屏幕内没有目标
2025-10-19 21:42:40 [TRACE] 【目标检测】屏幕内没有目标
2025-10-19 21:42:44 [TRACE] 【目标检测】TRAPPED！ 类型：blue_portal 置信度：0.9776520133018494
2025-10-19 21:42:44 [TRACE] 【空洞监听】无匹配已持续：70秒
2025-10-19 21:42:44 [TRACE] 【空洞监听】即将超时，重启搜索线程
2025-10-19 21:42:50 [TRACE] 【空洞监听】无匹配已持续：75秒
2025-10-19 21:42:50 [TRACE] 【空洞监听】即将超时，重启搜索线程
2025-10-19 21:42:52 [TRACE] 【目标检测】TRAPPED！ 类型：interact 置信度：0.9056680202484131
2025-10-19 21:42:55 [TRACE] 【空洞监听】无匹配已持续：81秒
2025-10-19 21:42:55 [TRACE] 【空洞监听】即将超时，重启搜索线程
2025-10-19 21:42:58 [TRACE] 【目标检测】屏幕内没有目标
2025-10-19 21:42:59 [TRACE] 【目标检测】屏幕内没有目标
2025-10-19 21:43:00 [TRACE] 【目标检测】屏幕内没有目标
2025-10-19 21:43:01 [TRACE] 【目标检测】屏幕内没有目标
2025-10-19 21:43:02 [TRACE] 【目标检测】屏幕内没有目标
2025-10-19 21:43:04 [TRACE] 【目标检测】目标存在，但置信度不足
2025-10-19 21:43:05 [TRACE] 【目标检测】目标存在，但置信度不足
2025-10-19 21:43:06 [TRACE] 【目标检测】屏幕内没有目标
2025-10-19 21:43:07 [TRACE] 【目标检测】目标存在，但置信度不足
2025-10-19 21:43:08 [TRACE] 【状态】搜索模式：C:\Users\gelon\Desktop\ZA-Lite\assets/images/hollow\card.png 置信度：1.0
2025-10-19 21:43:09 [TRACE] 【目标检测】目标存在，但置信度不足
2025-10-19 21:43:10 [TRACE] 【目标检测】目标存在，但置信度不足
2025-10-19 21:43:11 [TRACE] 【目标检测】屏幕内没有目标
2025-10-19 21:43:11 [TRACE] 【目标检测】屏幕内没有目标
2025-10-19 21:43:12 [TRACE] 【目标检测】屏幕内没有目标
2025-10-19 21:43:16 [TRACE] 【目标检测】微调超时，无法对齐！
2025-10-19 21:43:16 [TRACE] 【状态】搜索模式：C:\Users\gelon\Desktop\ZA-Lite\assets/images/hollow\meter.png 置信度：0.9253677129745483
2025-10-19 21:43:18 [TRACE] 【目标检测】TRAPPED！ 类型：guide_point 置信度：0.8718109130859375
2025-10-19 21:43:23 [TRACE] 【空洞监听】无匹配已持续：0秒
2025-10-19 21:43:24 [TRACE] 【目标检测】屏幕内没有目标
2025-10-19 21:43:25 [TRACE] 【目标检测】屏幕内没有目标
2025-10-19 21:43:26 [TRACE] 【目标检测】屏幕内没有目标
2025-10-19 21:43:27 [TRACE] 【目标检测】屏幕内没有目标
2025-10-19 21:43:28 [TRACE] 【目标检测】屏幕内没有目标
2025-10-19 21:43:29 [TRACE] 【空洞监听】无匹配已持续：5秒
2025-10-19 21:43:30 [TRACE] 【目标检测】屏幕内没有目标
2025-10-19 21:43:31 [TRACE] 【目标检测】屏幕内没有目标
2025-10-19 21:43:32 [TRACE] 【状态】战斗模式：C:\Users\gelon\Desktop\ZA-Lite\assets/images/hollow\battle_2.png 置信度：0.9999997615814209
2025-10-19 21:43:32 [TRACE] 【状态】战斗模式：C:\Users\gelon\Desktop\ZA-Lite\assets/images/hollow\battle_3.png 置信度：0.9999999403953552
2025-10-19 21:43:33 [TRACE] 【目标检测】目标存在，但置信度不足
2025-10-19 21:43:42 [TRACE] 【空洞监听】无匹配已持续：0秒
2025-10-19 21:43:49 [TRACE] 【空洞监听】无匹配已持续：6秒
2025-10-19 21:43:52 [TRACE] 【状态】战斗模式：C:\Users\gelon\Desktop\ZA-Lite\assets/images/hollow\battle_5.png 置信度：0.9597315192222595
2025-10-19 21:44:02 [TRACE] 【空洞监听】无匹配已持续：0秒
2025-10-19 21:44:08 [TRACE] 【空洞监听】无匹配已持续：6秒
2025-10-19 21:44:15 [TRACE] 【空洞监听】无匹配已持续：13秒
2025-10-19 21:44:21 [TRACE] 【空洞监听】无匹配已持续：19秒
2025-10-19 21:44:27 [TRACE] 【状态】战斗模式：正在受到攻击
2025-10-19 21:44:34 [TRACE] 【空洞监听】无匹配已持续：0秒
2025-10-19 21:44:41 [TRACE] 【状态】搜索模式：C:\Users\gelon\Desktop\ZA-Lite\assets/images/hollow\resonium.png 置信度：0.9999998807907104
2025-10-19 21:44:42 [TRACE] 【目标出现】C:\Users\gelon\Desktop\ZA-Lite\assets/images/hollow\resonium.png 置信度：0.9999996423721313
2025-10-19 21:44:42 [TRACE] 【本轮的坐标】：(np.int64(1174), np.int64(461)) ------------
2025-10-19 21:44:42 [TRACE] 【已点击过的坐标】：[(-10, -10)]
2025-10-19 21:44:42 [TRACE] 【成功点击】
2025-10-19 21:44:42 [TRACE] 【目标检测】屏幕内没有目标
2025-10-19 21:44:42 [TRACE] 【本轮的坐标】：(np.int64(1581), np.int64(461)) ------------
2025-10-19 21:44:42 [TRACE] 【已点击过的坐标】：[(-10, -10), (np.int64(1174), np.int64(461))]
2025-10-19 21:44:42 [TRACE] 【成功点击】
2025-10-19 21:44:42 [TRACE] 【目标检测】屏幕内没有目标
2025-10-19 21:44:43 [TRACE] 【本轮的坐标】：(np.int64(1582), np.int64(461)) ------------
2025-10-19 21:44:43 [TRACE] 【已点击过的坐标】：[(-10, -10), (np.int64(1174), np.int64(461)), (np.int64(1581), np.int64(461))]
2025-10-19 21:44:43 [TRACE] 【坐标太近】视为重复
2025-10-19 21:44:43 [TRACE] 【没有通过的坐标】开始下一轮
2025-10-19 21:44:43 [TRACE] 【本轮的坐标】：(np.int64(1988), np.int64(461)) ------------
2025-10-19 21:44:43 [TRACE] 【已点击过的坐标】：[(-10, -10), (np.int64(1174), np.int64(461)), (np.int64(1581), np.int64(461))]
2025-10-19 21:44:43 [TRACE] 【成功点击】
2025-10-19 21:44:43 [TRACE] 【目标检测】屏幕内没有目标
2025-10-19 21:44:44 [TRACE] 【本轮的坐标】：(np.int64(1989), np.int64(461)) ------------
2025-10-19 21:44:44 [TRACE] 【已点击过的坐标】：[(-10, -10), (np.int64(1174), np.int64(461)), (np.int64(1581), np.int64(461)), (np.int64(1988), np.int64(461))]
2025-10-19 21:44:44 [TRACE] 【坐标太近】视为重复
2025-10-19 21:44:44 [TRACE] 【没有通过的坐标】开始下一轮
2025-10-19 21:44:44 [TRACE] 【本轮的坐标】：(np.int64(1173), np.int64(462)) ------------
2025-10-19 21:44:44 [TRACE] 【已点击过的坐标】：[(-10, -10), (np.int64(1174), np.int64(461)), (np.int64(1581), np.int64(461)), (np.int64(1988), np.int64(461))]
2025-10-19 21:44:44 [TRACE] 【坐标太近】视为重复
2025-10-19 21:44:44 [TRACE] 【没有通过的坐标】开始下一轮
2025-10-19 21:44:44 [TRACE] 【本轮的坐标】：(np.int64(1174), np.int64(462)) ------------
2025-10-19 21:44:44 [TRACE] 【已点击过的坐标】：[(-10, -10), (np.int64(1174), np.int64(461)), (np.int64(1581), np.int64(461)), (np.int64(1988), np.int64(461))]
2025-10-19 21:44:44 [TRACE] 【坐标太近】视为重复
2025-10-19 21:44:44 [TRACE] 【没有通过的坐标】开始下一轮
2025-10-19 21:44:44 [TRACE] 【本轮的坐标】：(np.int64(1175), np.int64(462)) ------------
2025-10-19 21:44:44 [TRACE] 【已点击过的坐标】：[(-10, -10), (np.int64(1174), np.int64(461)), (np.int64(1581), np.int64(461)), (np.int64(1988), np.int64(461))]
2025-10-19 21:44:44 [TRACE] 【坐标太近】视为重复
2025-10-19 21:44:44 [TRACE] 【没有通过的坐标】开始下一轮
2025-10-19 21:44:44 [TRACE] 【本轮的坐标】：(np.int64(1580), np.int64(462)) ------------
2025-10-19 21:44:44 [TRACE] 【已点击过的坐标】：[(-10, -10), (np.int64(1174), np.int64(461)), (np.int64(1581), np.int64(461)), (np.int64(1988), np.int64(461))]
2025-10-19 21:44:44 [TRACE] 【坐标太近】视为重复
2025-10-19 21:44:44 [TRACE] 【没有通过的坐标】开始下一轮
2025-10-19 21:44:44 [TRACE] 【本轮的坐标】：(np.int64(1581), np.int64(462)) ------------
2025-10-19 21:44:44 [TRACE] 【已点击过的坐标】：[(-10, -10), (np.int64(1174), np.int64(461)), (np.int64(1581), np.int64(461)), (np.int64(1988), np.int64(461))]
2025-10-19 21:44:44 [TRACE] 【坐标太近】视为重复
2025-10-19 21:44:44 [TRACE] 【没有通过的坐标】开始下一轮
2025-10-19 21:44:44 [TRACE] 【本轮的坐标】：(np.int64(1582), np.int64(462)) ------------
2025-10-19 21:44:44 [TRACE] 【已点击过的坐标】：[(-10, -10), (np.int64(1174), np.int64(461)), (np.int64(1581), np.int64(461)), (np.int64(1988), np.int64(461))]
2025-10-19 21:44:44 [TRACE] 【坐标太近】视为重复
2025-10-19 21:44:44 [TRACE] 【没有通过的坐标】开始下一轮
2025-10-19 21:44:44 [TRACE] 【本轮的坐标】：(np.int64(1987), np.int64(462)) ------------
2025-10-19 21:44:44 [TRACE] 【已点击过的坐标】：[(-10, -10), (np.int64(1174), np.int64(461)), (np.int64(1581), np.int64(461)), (np.int64(1988), np.int64(461))]
2025-10-19 21:44:44 [TRACE] 【坐标太近】视为重复
2025-10-19 21:44:44 [TRACE] 【没有通过的坐标】开始下一轮
2025-10-19 21:44:44 [TRACE] 【本轮的坐标】：(np.int64(1988), np.int64(462)) ------------
2025-10-19 21:44:44 [TRACE] 【已点击过的坐标】：[(-10, -10), (np.int64(1174), np.int64(461)), (np.int64(1581), np.int64(461)), (np.int64(1988), np.int64(461))]
2025-10-19 21:44:44 [TRACE] 【坐标太近】视为重复
2025-10-19 21:44:44 [TRACE] 【没有通过的坐标】开始下一轮
2025-10-19 21:44:44 [TRACE] 【本轮的坐标】：(np.int64(1989), np.int64(462)) ------------
2025-10-19 21:44:44 [TRACE] 【已点击过的坐标】：[(-10, -10), (np.int64(1174), np.int64(461)), (np.int64(1581), np.int64(461)), (np.int64(1988), np.int64(461))]
2025-10-19 21:44:44 [TRACE] 【坐标太近】视为重复
2025-10-19 21:44:44 [TRACE] 【没有通过的坐标】开始下一轮
2025-10-19 21:44:44 [TRACE] 【本轮的坐标】：(np.int64(1990), np.int64(462)) ------------
2025-10-19 21:44:44 [TRACE] 【已点击过的坐标】：[(-10, -10), (np.int64(1174), np.int64(461)), (np.int64(1581), np.int64(461)), (np.int64(1988), np.int64(461))]
2025-10-19 21:44:44 [TRACE] 【坐标太近】视为重复
2025-10-19 21:44:44 [TRACE] 【没有通过的坐标】开始下一轮
2025-10-19 21:44:44 [TRACE] 【本轮的坐标】：(np.int64(1174), np.int64(463)) ------------
2025-10-19 21:44:44 [TRACE] 【已点击过的坐标】：[(-10, -10), (np.int64(1174), np.int64(461)), (np.int64(1581), np.int64(461)), (np.int64(1988), np.int64(461))]
2025-10-19 21:44:44 [TRACE] 【坐标太近】视为重复
2025-10-19 21:44:44 [TRACE] 【没有通过的坐标】开始下一轮
2025-10-19 21:44:44 [TRACE] 【本轮的坐标】：(np.int64(1581), np.int64(463)) ------------
2025-10-19 21:44:44 [TRACE] 【已点击过的坐标】：[(-10, -10), (np.int64(1174), np.int64(461)), (np.int64(1581), np.int64(461)), (np.int64(1988), np.int64(461))]
2025-10-19 21:44:44 [TRACE] 【坐标太近】视为重复
2025-10-19 21:44:44 [TRACE] 【没有通过的坐标】开始下一轮
2025-10-19 21:44:44 [TRACE] 【本轮的坐标】：(np.int64(1988), np.int64(463)) ------------
2025-10-19 21:44:44 [TRACE] 【已点击过的坐标】：[(-10, -10), (np.int64(1174), np.int64(461)), (np.int64(1581), np.int64(461)), (np.int64(1988), np.int64(461))]
2025-10-19 21:44:44 [TRACE] 【坐标太近】视为重复
2025-10-19 21:44:44 [TRACE] 【没有通过的坐标】开始下一轮
2025-10-19 21:44:44 [TRACE] 【完成所有点击】有效次数：3
2025-10-19 21:44:45 [TRACE] 【目标检测】屏幕内没有目标
2025-10-19 21:44:46 [TRACE] 【目标检测】屏幕内没有目标
2025-10-19 21:44:47 [TRACE] 【目标检测】屏幕内没有目标
2025-10-19 21:44:48 [TRACE] 【目标检测】屏幕内没有目标
2025-10-19 21:44:49 [TRACE] 【目标检测】屏幕内没有目标
2025-10-19 21:44:51 [TRACE] 【状态】搜索模式：C:\Users\gelon\Desktop\ZA-Lite\assets/images/hollow\next_area.png 置信度：0.9999993443489075
2025-10-19 21:44:53 [TRACE] 【状态】搜索模式：C:\Users\gelon\Desktop\ZA-Lite\assets/images/hollow\meter.png 置信度：0.933056652545929
2025-10-19 21:44:56 [TRACE] 【目标检测】TRAPPED！ 类型：blue_portal 置信度：0.84035325050354
2025-10-19 21:44:59 [TRACE] 【状态】搜索模式：C:\Users\gelon\Desktop\ZA-Lite\assets/images/hollow\meter.png 置信度：0.9131202101707458
2025-10-19 21:45:02 [TRACE] 【目标检测】屏幕内没有目标
2025-10-19 21:45:03 [TRACE] 【目标检测】屏幕内没有目标
2025-10-19 21:45:04 [TRACE] 【目标检测】屏幕内没有目标
2025-10-19 21:45:05 [TRACE] 【目标检测】屏幕内没有目标
2025-10-19 21:45:07 [TRACE] 【空洞监听】无匹配已持续：0秒
2025-10-19 21:45:07 [TRACE] 【目标检测】TRAPPED！ 类型：interact 置信度：0.9240953922271729
2025-10-19 21:45:12 [TRACE] 【空洞监听】无匹配已持续：5秒
2025-10-19 21:45:12 [TRACE] 【目标检测】TRAPPED！ 类型：interact 置信度：0.9343897104263306
2025-10-19 21:45:17 [TRACE] 【空洞监听】无匹配已持续：10秒
2025-10-19 21:45:19 [TRACE] 【目标检测】TRAPPED！ 类型：interact 置信度：0.9191828370094299
2025-10-19 21:45:23 [TRACE] 【空洞监听】无匹配已持续：16秒
2025-10-19 21:45:24 [TRACE] 【目标检测】TRAPPED！ 类型：interact 置信度：0.9097391366958618
2025-10-19 21:45:28 [TRACE] 【空洞监听】无匹配已持续：21秒
2025-10-19 21:45:28 [TRACE] 【状态】搜索模式：C:\Users\gelon\Desktop\ZA-Lite\assets/images/hollow\resonium.png 置信度：1.0
2025-10-19 21:45:28 [TRACE] 【目标出现】C:\Users\gelon\Desktop\ZA-Lite\assets/images/hollow\resonium.png 置信度：1.0
2025-10-19 21:45:28 [TRACE] 【本轮的坐标】：(np.int64(1309), np.int64(441)) ------------
2025-10-19 21:45:28 [TRACE] 【已点击过的坐标】：[(-10, -10)]
2025-10-19 21:45:28 [TRACE] 【成功点击】
2025-10-19 21:45:29 [TRACE] 【本轮的坐标】：(np.int64(1310), np.int64(441)) ------------
2025-10-19 21:45:29 [TRACE] 【已点击过的坐标】：[(-10, -10), (np.int64(1309), np.int64(441))]
2025-10-19 21:45:29 [TRACE] 【坐标太近】视为重复
2025-10-19 21:45:29 [TRACE] 【没有通过的坐标】开始下一轮
2025-10-19 21:45:29 [TRACE] 【本轮的坐标】：(np.int64(1699), np.int64(441)) ------------
2025-10-19 21:45:29 [TRACE] 【已点击过的坐标】：[(-10, -10), (np.int64(1309), np.int64(441))]
2025-10-19 21:45:29 [TRACE] 【成功点击】
2025-10-19 21:45:30 [TRACE] 【本轮的坐标】：(np.int64(2088), np.int64(441)) ------------
2025-10-19 21:45:30 [TRACE] 【已点击过的坐标】：[(-10, -10), (np.int64(1309), np.int64(441)), (np.int64(1699), np.int64(441))]
2025-10-19 21:45:30 [TRACE] 【成功点击】
2025-10-19 21:45:30 [TRACE] 【目标检测】屏幕内没有目标
2025-10-19 21:45:31 [TRACE] 【本轮的坐标】：(np.int64(2089), np.int64(441)) ------------
2025-10-19 21:45:31 [TRACE] 【已点击过的坐标】：[(-10, -10), (np.int64(1309), np.int64(441)), (np.int64(1699), np.int64(441)), (np.int64(2088), np.int64(441))]
2025-10-19 21:45:31 [TRACE] 【坐标太近】视为重复
2025-10-19 21:45:31 [TRACE] 【没有通过的坐标】开始下一轮
2025-10-19 21:45:31 [TRACE] 【本轮的坐标】：(np.int64(2478), np.int64(441)) ------------
2025-10-19 21:45:31 [TRACE] 【已点击过的坐标】：[(-10, -10), (np.int64(1309), np.int64(441)), (np.int64(1699), np.int64(441)), (np.int64(2088), np.int64(441))]
2025-10-19 21:45:31 [TRACE] 【成功点击】
2025-10-19 21:45:31 [TRACE] 【目标检测】屏幕内没有目标
2025-10-19 21:45:31 [TRACE] 【本轮的坐标】：(np.int64(1308), np.int64(442)) ------------
2025-10-19 21:45:31 [TRACE] 【已点击过的坐标】：[(-10, -10), (np.int64(1309), np.int64(441)), (np.int64(1699), np.int64(441)), (np.int64(2088), np.int64(441)), (np.int64(2478), np.int64(441))]
2025-10-19 21:45:31 [TRACE] 【坐标太近】视为重复
2025-10-19 21:45:31 [TRACE] 【没有通过的坐标】开始下一轮
2025-10-19 21:45:31 [TRACE] 【本轮的坐标】：(np.int64(1309), np.int64(442)) ------------
2025-10-19 21:45:31 [TRACE] 【已点击过的坐标】：[(-10, -10), (np.int64(1309), np.int64(441)), (np.int64(1699), np.int64(441)), (np.int64(2088), np.int64(441)), (np.int64(2478), np.int64(441))]
2025-10-19 21:45:31 [TRACE] 【坐标太近】视为重复
2025-10-19 21:45:31 [TRACE] 【没有通过的坐标】开始下一轮
2025-10-19 21:45:31 [TRACE] 【本轮的坐标】：(np.int64(1310), np.int64(442)) ------------
2025-10-19 21:45:31 [TRACE] 【已点击过的坐标】：[(-10, -10), (np.int64(1309), np.int64(441)), (np.int64(1699), np.int64(441)), (np.int64(2088), np.int64(441)), (np.int64(2478), np.int64(441))]
2025-10-19 21:45:31 [TRACE] 【坐标太近】视为重复
2025-10-19 21:45:31 [TRACE] 【没有通过的坐标】开始下一轮
2025-10-19 21:45:31 [TRACE] 【本轮的坐标】：(np.int64(1698), np.int64(442)) ------------
2025-10-19 21:45:31 [TRACE] 【已点击过的坐标】：[(-10, -10), (np.int64(1309), np.int64(441)), (np.int64(1699), np.int64(441)), (np.int64(2088), np.int64(441)), (np.int64(2478), np.int64(441))]
2025-10-19 21:45:31 [TRACE] 【坐标太近】视为重复
2025-10-19 21:45:31 [TRACE] 【没有通过的坐标】开始下一轮
2025-10-19 21:45:31 [TRACE] 【本轮的坐标】：(np.int64(1699), np.int64(442)) ------------
2025-10-19 21:45:31 [TRACE] 【已点击过的坐标】：[(-10, -10), (np.int64(1309), np.int64(441)), (np.int64(1699), np.int64(441)), (np.int64(2088), np.int64(441)), (np.int64(2478), np.int64(441))]
2025-10-19 21:45:31 [TRACE] 【坐标太近】视为重复
2025-10-19 21:45:31 [TRACE] 【没有通过的坐标】开始下一轮
2025-10-19 21:45:31 [TRACE] 【本轮的坐标】：(np.int64(1700), np.int64(442)) ------------
2025-10-19 21:45:31 [TRACE] 【已点击过的坐标】：[(-10, -10), (np.int64(1309), np.int64(441)), (np.int64(1699), np.int64(441)), (np.int64(2088), np.int64(441)), (np.int64(2478), np.int64(441))]
2025-10-19 21:45:31 [TRACE] 【坐标太近】视为重复
2025-10-19 21:45:31 [TRACE] 【没有通过的坐标】开始下一轮
2025-10-19 21:45:31 [TRACE] 【本轮的坐标】：(np.int64(2087), np.int64(442)) ------------
2025-10-19 21:45:31 [TRACE] 【已点击过的坐标】：[(-10, -10), (np.int64(1309), np.int64(441)), (np.int64(1699), np.int64(441)), (np.int64(2088), np.int64(441)), (np.int64(2478), np.int64(441))]
2025-10-19 21:45:31 [TRACE] 【坐标太近】视为重复
2025-10-19 21:45:31 [TRACE] 【没有通过的坐标】开始下一轮
2025-10-19 21:45:31 [TRACE] 【本轮的坐标】：(np.int64(2088), np.int64(442)) ------------
2025-10-19 21:45:31 [TRACE] 【已点击过的坐标】：[(-10, -10), (np.int64(1309), np.int64(441)), (np.int64(1699), np.int64(441)), (np.int64(2088), np.int64(441)), (np.int64(2478), np.int64(441))]
2025-10-19 21:45:31 [TRACE] 【坐标太近】视为重复
2025-10-19 21:45:31 [TRACE] 【没有通过的坐标】开始下一轮
2025-10-19 21:45:31 [TRACE] 【本轮的坐标】：(np.int64(2089), np.int64(442)) ------------
2025-10-19 21:45:31 [TRACE] 【已点击过的坐标】：[(-10, -10), (np.int64(1309), np.int64(441)), (np.int64(1699), np.int64(441)), (np.int64(2088), np.int64(441)), (np.int64(2478), np.int64(441))]
2025-10-19 21:45:31 [TRACE] 【坐标太近】视为重复
2025-10-19 21:45:31 [TRACE] 【没有通过的坐标】开始下一轮
2025-10-19 21:45:31 [TRACE] 【本轮的坐标】：(np.int64(2090), np.int64(442)) ------------
2025-10-19 21:45:31 [TRACE] 【已点击过的坐标】：[(-10, -10), (np.int64(1309), np.int64(441)), (np.int64(1699), np.int64(441)), (np.int64(2088), np.int64(441)), (np.int64(2478), np.int64(441))]
2025-10-19 21:45:31 [TRACE] 【坐标太近】视为重复
2025-10-19 21:45:31 [TRACE] 【没有通过的坐标】开始下一轮
2025-10-19 21:45:31 [TRACE] 【本轮的坐标】：(np.int64(2477), np.int64(442)) ------------
2025-10-19 21:45:31 [TRACE] 【已点击过的坐标】：[(-10, -10), (np.int64(1309), np.int64(441)), (np.int64(1699), np.int64(441)), (np.int64(2088), np.int64(441)), (np.int64(2478), np.int64(441))]
2025-10-19 21:45:31 [TRACE] 【坐标太近】视为重复
2025-10-19 21:45:31 [TRACE] 【没有通过的坐标】开始下一轮
2025-10-19 21:45:31 [TRACE] 【本轮的坐标】：(np.int64(2478), np.int64(442)) ------------
2025-10-19 21:45:31 [TRACE] 【已点击过的坐标】：[(-10, -10), (np.int64(1309), np.int64(441)), (np.int64(1699), np.int64(441)), (np.int64(2088), np.int64(441)), (np.int64(2478), np.int64(441))]
2025-10-19 21:45:31 [TRACE] 【坐标太近】视为重复
2025-10-19 21:45:31 [TRACE] 【没有通过的坐标】开始下一轮
2025-10-19 21:45:31 [TRACE] 【本轮的坐标】：(np.int64(2479), np.int64(442)) ------------
2025-10-19 21:45:31 [TRACE] 【已点击过的坐标】：[(-10, -10), (np.int64(1309), np.int64(441)), (np.int64(1699), np.int64(441)), (np.int64(2088), np.int64(441)), (np.int64(2478), np.int64(441))]
2025-10-19 21:45:31 [TRACE] 【坐标太近】视为重复
2025-10-19 21:45:31 [TRACE] 【没有通过的坐标】开始下一轮
2025-10-19 21:45:31 [TRACE] 【本轮的坐标】：(np.int64(1309), np.int64(443)) ------------
2025-10-19 21:45:31 [TRACE] 【已点击过的坐标】：[(-10, -10), (np.int64(1309), np.int64(441)), (np.int64(1699), np.int64(441)), (np.int64(2088), np.int64(441)), (np.int64(2478), np.int64(441))]
2025-10-19 21:45:31 [TRACE] 【坐标太近】视为重复
2025-10-19 21:45:31 [TRACE] 【没有通过的坐标】开始下一轮
2025-10-19 21:45:31 [TRACE] 【本轮的坐标】：(np.int64(1698), np.int64(443)) ------------
2025-10-19 21:45:31 [TRACE] 【已点击过的坐标】：[(-10, -10), (np.int64(1309), np.int64(441)), (np.int64(1699), np.int64(441)), (np.int64(2088), np.int64(441)), (np.int64(2478), np.int64(441))]
2025-10-19 21:45:31 [TRACE] 【坐标太近】视为重复
2025-10-19 21:45:31 [TRACE] 【没有通过的坐标】开始下一轮
2025-10-19 21:45:31 [TRACE] 【本轮的坐标】：(np.int64(1699), np.int64(443)) ------------
2025-10-19 21:45:31 [TRACE] 【已点击过的坐标】：[(-10, -10), (np.int64(1309), np.int64(441)), (np.int64(1699), np.int64(441)), (np.int64(2088), np.int64(441)), (np.int64(2478), np.int64(441))]
2025-10-19 21:45:31 [TRACE] 【坐标太近】视为重复
2025-10-19 21:45:31 [TRACE] 【没有通过的坐标】开始下一轮
2025-10-19 21:45:31 [TRACE] 【本轮的坐标】：(np.int64(2088), np.int64(443)) ------------
2025-10-19 21:45:31 [TRACE] 【已点击过的坐标】：[(-10, -10), (np.int64(1309), np.int64(441)), (np.int64(1699), np.int64(441)), (np.int64(2088), np.int64(441)), (np.int64(2478), np.int64(441))]
2025-10-19 21:45:31 [TRACE] 【坐标太近】视为重复
2025-10-19 21:45:31 [TRACE] 【没有通过的坐标】开始下一轮
2025-10-19 21:45:31 [TRACE] 【本轮的坐标】：(np.int64(2478), np.int64(443)) ------------
2025-10-19 21:45:31 [TRACE] 【已点击过的坐标】：[(-10, -10), (np.int64(1309), np.int64(441)), (np.int64(1699), np.int64(441)), (np.int64(2088), np.int64(441)), (np.int64(2478), np.int64(441))]
2025-10-19 21:45:31 [TRACE] 【坐标太近】视为重复
2025-10-19 21:45:31 [TRACE] 【没有通过的坐标】开始下一轮
2025-10-19 21:45:31 [TRACE] 【完成所有点击】有效次数：4
2025-10-19 21:45:32 [TRACE] 【目标检测】屏幕内没有目标
2025-10-19 21:45:33 [TRACE] 【目标检测】屏幕内没有目标
2025-10-19 21:45:34 [TRACE] 【目标检测】屏幕内没有目标
2025-10-19 21:45:36 [TRACE] 【目标检测】屏幕内没有目标
2025-10-19 21:45:37 [TRACE] 【目标检测】屏幕内没有目标
2025-10-19 21:45:37 [TRACE] 【状态】搜索模式：C:\Users\gelon\Desktop\ZA-Lite\assets/images/hollow\resonium.png 置信度：0.9999998807907104
2025-10-19 21:45:37 [TRACE] 【目标检测】屏幕内没有目标
2025-10-19 21:45:38 [TRACE] 【目标出现】C:\Users\gelon\Desktop\ZA-Lite\assets/images/hollow\resonium.png 置信度：1.0
2025-10-19 21:45:38 [TRACE] 【本轮的坐标】：(np.int64(1309), np.int64(441)) ------------
2025-10-19 21:45:38 [TRACE] 【已点击过的坐标】：[(-10, -10)]
2025-10-19 21:45:38 [TRACE] 【成功点击】
2025-10-19 21:45:38 [TRACE] 【目标检测】屏幕内没有目标
2025-10-19 21:45:38 [TRACE] 【本轮的坐标】：(np.int64(1310), np.int64(441)) ------------
2025-10-19 21:45:38 [TRACE] 【已点击过的坐标】：[(-10, -10), (np.int64(1309), np.int64(441))]
2025-10-19 21:45:38 [TRACE] 【坐标太近】视为重复
2025-10-19 21:45:38 [TRACE] 【没有通过的坐标】开始下一轮
2025-10-19 21:45:38 [TRACE] 【本轮的坐标】：(np.int64(1699), np.int64(441)) ------------
2025-10-19 21:45:38 [TRACE] 【已点击过的坐标】：[(-10, -10), (np.int64(1309), np.int64(441))]
2025-10-19 21:45:38 [TRACE] 【成功点击】
2025-10-19 21:45:39 [TRACE] 【目标检测】屏幕内没有目标
2025-10-19 21:45:39 [TRACE] 【本轮的坐标】：(np.int64(2088), np.int64(441)) ------------
2025-10-19 21:45:39 [TRACE] 【已点击过的坐标】：[(-10, -10), (np.int64(1309), np.int64(441)), (np.int64(1699), np.int64(441))]
2025-10-19 21:45:39 [TRACE] 【成功点击】
2025-10-19 21:45:40 [TRACE] 【本轮的坐标】：(np.int64(2089), np.int64(441)) ------------
2025-10-19 21:45:40 [TRACE] 【已点击过的坐标】：[(-10, -10), (np.int64(1309), np.int64(441)), (np.int64(1699), np.int64(441)), (np.int64(2088), np.int64(441))]
2025-10-19 21:45:40 [TRACE] 【坐标太近】视为重复
2025-10-19 21:45:40 [TRACE] 【没有通过的坐标】开始下一轮
2025-10-19 21:45:40 [TRACE] 【本轮的坐标】：(np.int64(2478), np.int64(441)) ------------
2025-10-19 21:45:40 [TRACE] 【已点击过的坐标】：[(-10, -10), (np.int64(1309), np.int64(441)), (np.int64(1699), np.int64(441)), (np.int64(2088), np.int64(441))]
2025-10-19 21:45:40 [TRACE] 【成功点击】
2025-10-19 21:45:40 [TRACE] 【本轮的坐标】：(np.int64(1308), np.int64(442)) ------------
2025-10-19 21:45:40 [TRACE] 【已点击过的坐标】：[(-10, -10), (np.int64(1309), np.int64(441)), (np.int64(1699), np.int64(441)), (np.int64(2088), np.int64(441)), (np.int64(2478), np.int64(441))]
2025-10-19 21:45:40 [TRACE] 【坐标太近】视为重复
2025-10-19 21:45:40 [TRACE] 【没有通过的坐标】开始下一轮
2025-10-19 21:45:40 [TRACE] 【本轮的坐标】：(np.int64(1309), np.int64(442)) ------------
2025-10-19 21:45:40 [TRACE] 【已点击过的坐标】：[(-10, -10), (np.int64(1309), np.int64(441)), (np.int64(1699), np.int64(441)), (np.int64(2088), np.int64(441)), (np.int64(2478), np.int64(441))]
2025-10-19 21:45:40 [TRACE] 【坐标太近】视为重复
2025-10-19 21:45:40 [TRACE] 【没有通过的坐标】开始下一轮
2025-10-19 21:45:40 [TRACE] 【本轮的坐标】：(np.int64(1310), np.int64(442)) ------------
2025-10-19 21:45:40 [TRACE] 【已点击过的坐标】：[(-10, -10), (np.int64(1309), np.int64(441)), (np.int64(1699), np.int64(441)), (np.int64(2088), np.int64(441)), (np.int64(2478), np.int64(441))]
2025-10-19 21:45:40 [TRACE] 【坐标太近】视为重复
2025-10-19 21:45:40 [TRACE] 【没有通过的坐标】开始下一轮
2025-10-19 21:45:40 [TRACE] 【本轮的坐标】：(np.int64(1698), np.int64(442)) ------------
2025-10-19 21:45:40 [TRACE] 【已点击过的坐标】：[(-10, -10), (np.int64(1309), np.int64(441)), (np.int64(1699), np.int64(441)), (np.int64(2088), np.int64(441)), (np.int64(2478), np.int64(441))]
2025-10-19 21:45:40 [TRACE] 【坐标太近】视为重复
2025-10-19 21:45:40 [TRACE] 【没有通过的坐标】开始下一轮
2025-10-19 21:45:40 [TRACE] 【本轮的坐标】：(np.int64(1699), np.int64(442)) ------------
2025-10-19 21:45:40 [TRACE] 【已点击过的坐标】：[(-10, -10), (np.int64(1309), np.int64(441)), (np.int64(1699), np.int64(441)), (np.int64(2088), np.int64(441)), (np.int64(2478), np.int64(441))]
2025-10-19 21:45:40 [TRACE] 【坐标太近】视为重复
2025-10-19 21:45:40 [TRACE] 【没有通过的坐标】开始下一轮
2025-10-19 21:45:40 [TRACE] 【本轮的坐标】：(np.int64(1700), np.int64(442)) ------------
2025-10-19 21:45:40 [TRACE] 【已点击过的坐标】：[(-10, -10), (np.int64(1309), np.int64(441)), (np.int64(1699), np.int64(441)), (np.int64(2088), np.int64(441)), (np.int64(2478), np.int64(441))]
2025-10-19 21:45:40 [TRACE] 【坐标太近】视为重复
2025-10-19 21:45:40 [TRACE] 【没有通过的坐标】开始下一轮
2025-10-19 21:45:40 [TRACE] 【本轮的坐标】：(np.int64(2087), np.int64(442)) ------------
2025-10-19 21:45:40 [TRACE] 【已点击过的坐标】：[(-10, -10), (np.int64(1309), np.int64(441)), (np.int64(1699), np.int64(441)), (np.int64(2088), np.int64(441)), (np.int64(2478), np.int64(441))]
2025-10-19 21:45:40 [TRACE] 【坐标太近】视为重复
2025-10-19 21:45:40 [TRACE] 【没有通过的坐标】开始下一轮
2025-10-19 21:45:40 [TRACE] 【本轮的坐标】：(np.int64(2088), np.int64(442)) ------------
2025-10-19 21:45:40 [TRACE] 【已点击过的坐标】：[(-10, -10), (np.int64(1309), np.int64(441)), (np.int64(1699), np.int64(441)), (np.int64(2088), np.int64(441)), (np.int64(2478), np.int64(441))]
2025-10-19 21:45:40 [TRACE] 【坐标太近】视为重复
2025-10-19 21:45:40 [TRACE] 【没有通过的坐标】开始下一轮
2025-10-19 21:45:40 [TRACE] 【本轮的坐标】：(np.int64(2089), np.int64(442)) ------------
2025-10-19 21:45:40 [TRACE] 【已点击过的坐标】：[(-10, -10), (np.int64(1309), np.int64(441)), (np.int64(1699), np.int64(441)), (np.int64(2088), np.int64(441)), (np.int64(2478), np.int64(441))]
2025-10-19 21:45:40 [TRACE] 【坐标太近】视为重复
2025-10-19 21:45:40 [TRACE] 【没有通过的坐标】开始下一轮
2025-10-19 21:45:40 [TRACE] 【本轮的坐标】：(np.int64(2090), np.int64(442)) ------------
2025-10-19 21:45:40 [TRACE] 【已点击过的坐标】：[(-10, -10), (np.int64(1309), np.int64(441)), (np.int64(1699), np.int64(441)), (np.int64(2088), np.int64(441)), (np.int64(2478), np.int64(441))]
2025-10-19 21:45:40 [TRACE] 【坐标太近】视为重复
2025-10-19 21:45:40 [TRACE] 【没有通过的坐标】开始下一轮
2025-10-19 21:45:40 [TRACE] 【本轮的坐标】：(np.int64(2477), np.int64(442)) ------------
2025-10-19 21:45:40 [TRACE] 【已点击过的坐标】：[(-10, -10), (np.int64(1309), np.int64(441)), (np.int64(1699), np.int64(441)), (np.int64(2088), np.int64(441)), (np.int64(2478), np.int64(441))]
2025-10-19 21:45:40 [TRACE] 【坐标太近】视为重复
2025-10-19 21:45:40 [TRACE] 【没有通过的坐标】开始下一轮
2025-10-19 21:45:40 [TRACE] 【本轮的坐标】：(np.int64(2478), np.int64(442)) ------------
2025-10-19 21:45:40 [TRACE] 【已点击过的坐标】：[(-10, -10), (np.int64(1309), np.int64(441)), (np.int64(1699), np.int64(441)), (np.int64(2088), np.int64(441)), (np.int64(2478), np.int64(441))]
2025-10-19 21:45:40 [TRACE] 【坐标太近】视为重复
2025-10-19 21:45:40 [TRACE] 【没有通过的坐标】开始下一轮
2025-10-19 21:45:40 [TRACE] 【本轮的坐标】：(np.int64(2479), np.int64(442)) ------------
2025-10-19 21:45:40 [TRACE] 【已点击过的坐标】：[(-10, -10), (np.int64(1309), np.int64(441)), (np.int64(1699), np.int64(441)), (np.int64(2088), np.int64(441)), (np.int64(2478), np.int64(441))]
2025-10-19 21:45:40 [TRACE] 【坐标太近】视为重复
2025-10-19 21:45:40 [TRACE] 【没有通过的坐标】开始下一轮
2025-10-19 21:45:40 [TRACE] 【本轮的坐标】：(np.int64(1309), np.int64(443)) ------------
2025-10-19 21:45:40 [TRACE] 【已点击过的坐标】：[(-10, -10), (np.int64(1309), np.int64(441)), (np.int64(1699), np.int64(441)), (np.int64(2088), np.int64(441)), (np.int64(2478), np.int64(441))]
2025-10-19 21:45:40 [TRACE] 【坐标太近】视为重复
2025-10-19 21:45:40 [TRACE] 【没有通过的坐标】开始下一轮
2025-10-19 21:45:40 [TRACE] 【本轮的坐标】：(np.int64(1698), np.int64(443)) ------------
2025-10-19 21:45:40 [TRACE] 【已点击过的坐标】：[(-10, -10), (np.int64(1309), np.int64(441)), (np.int64(1699), np.int64(441)), (np.int64(2088), np.int64(441)), (np.int64(2478), np.int64(441))]
2025-10-19 21:45:40 [TRACE] 【坐标太近】视为重复
2025-10-19 21:45:40 [TRACE] 【没有通过的坐标】开始下一轮
2025-10-19 21:45:40 [TRACE] 【本轮的坐标】：(np.int64(1699), np.int64(443)) ------------
2025-10-19 21:45:40 [TRACE] 【已点击过的坐标】：[(-10, -10), (np.int64(1309), np.int64(441)), (np.int64(1699), np.int64(441)), (np.int64(2088), np.int64(441)), (np.int64(2478), np.int64(441))]
2025-10-19 21:45:40 [TRACE] 【坐标太近】视为重复
2025-10-19 21:45:40 [TRACE] 【没有通过的坐标】开始下一轮
2025-10-19 21:45:40 [TRACE] 【本轮的坐标】：(np.int64(2088), np.int64(443)) ------------
2025-10-19 21:45:40 [TRACE] 【已点击过的坐标】：[(-10, -10), (np.int64(1309), np.int64(441)), (np.int64(1699), np.int64(441)), (np.int64(2088), np.int64(441)), (np.int64(2478), np.int64(441))]
2025-10-19 21:45:40 [TRACE] 【坐标太近】视为重复
2025-10-19 21:45:40 [TRACE] 【没有通过的坐标】开始下一轮
2025-10-19 21:45:40 [TRACE] 【本轮的坐标】：(np.int64(2478), np.int64(443)) ------------
2025-10-19 21:45:40 [TRACE] 【已点击过的坐标】：[(-10, -10), (np.int64(1309), np.int64(441)), (np.int64(1699), np.int64(441)), (np.int64(2088), np.int64(441)), (np.int64(2478), np.int64(441))]
2025-10-19 21:45:40 [TRACE] 【坐标太近】视为重复
2025-10-19 21:45:40 [TRACE] 【没有通过的坐标】开始下一轮
2025-10-19 21:45:40 [TRACE] 【完成所有点击】有效次数：4
2025-10-19 21:45:41 [TRACE] 【目标检测】屏幕内没有目标
2025-10-19 21:45:42 [TRACE] 【目标检测】屏幕内没有目标
2025-10-19 21:45:42 [TRACE] 【目标检测】屏幕内没有目标
2025-10-19 21:45:43 [TRACE] 【目标检测】目标存在，但置信度不足
2025-10-19 21:45:44 [TRACE] 【目标检测】目标存在，但置信度不足
2025-10-19 21:45:45 [TRACE] 【目标检测】屏幕内没有目标
2025-10-19 21:45:46 [TRACE] 【目标检测】屏幕内没有目标
2025-10-19 21:45:46 [TRACE] 【状态】搜索模式：C:\Users\gelon\Desktop\ZA-Lite\assets/images/hollow\resonium.png 置信度：0.9999998807907104
2025-10-19 21:45:46 [TRACE] 【目标出现】C:\Users\gelon\Desktop\ZA-Lite\assets/images/hollow\resonium.png 置信度：1.0
2025-10-19 21:45:46 [TRACE] 【本轮的坐标】：(np.int64(1309), np.int64(441)) ------------
2025-10-19 21:45:46 [TRACE] 【已点击过的坐标】：[(-10, -10)]
2025-10-19 21:45:46 [TRACE] 【成功点击】
2025-10-19 21:45:47 [TRACE] 【本轮的坐标】：(np.int64(1310), np.int64(441)) ------------
2025-10-19 21:45:47 [TRACE] 【已点击过的坐标】：[(-10, -10), (np.int64(1309), np.int64(441))]
2025-10-19 21:45:47 [TRACE] 【坐标太近】视为重复
2025-10-19 21:45:47 [TRACE] 【没有通过的坐标】开始下一轮
2025-10-19 21:45:47 [TRACE] 【本轮的坐标】：(np.int64(1699), np.int64(441)) ------------
2025-10-19 21:45:47 [TRACE] 【已点击过的坐标】：[(-10, -10), (np.int64(1309), np.int64(441))]
2025-10-19 21:45:47 [TRACE] 【成功点击】
2025-10-19 21:45:48 [TRACE] 【目标检测】屏幕内没有目标
2025-10-19 21:45:48 [TRACE] 【本轮的坐标】：(np.int64(2088), np.int64(441)) ------------
2025-10-19 21:45:48 [TRACE] 【已点击过的坐标】：[(-10, -10), (np.int64(1309), np.int64(441)), (np.int64(1699), np.int64(441))]
2025-10-19 21:45:48 [TRACE] 【成功点击】
2025-10-19 21:45:48 [TRACE] 【目标检测】屏幕内没有目标
2025-10-19 21:45:49 [TRACE] 【本轮的坐标】：(np.int64(2089), np.int64(441)) ------------
2025-10-19 21:45:49 [TRACE] 【已点击过的坐标】：[(-10, -10), (np.int64(1309), np.int64(441)), (np.int64(1699), np.int64(441)), (np.int64(2088), np.int64(441))]
2025-10-19 21:45:49 [TRACE] 【坐标太近】视为重复
2025-10-19 21:45:49 [TRACE] 【没有通过的坐标】开始下一轮
2025-10-19 21:45:49 [TRACE] 【本轮的坐标】：(np.int64(2478), np.int64(441)) ------------
2025-10-19 21:45:49 [TRACE] 【已点击过的坐标】：[(-10, -10), (np.int64(1309), np.int64(441)), (np.int64(1699), np.int64(441)), (np.int64(2088), np.int64(441))]
2025-10-19 21:45:49 [TRACE] 【成功点击】
2025-10-19 21:45:49 [TRACE] 【目标检测】屏幕内没有目标
2025-10-19 21:45:49 [TRACE] 【本轮的坐标】：(np.int64(1308), np.int64(442)) ------------
2025-10-19 21:45:49 [TRACE] 【已点击过的坐标】：[(-10, -10), (np.int64(1309), np.int64(441)), (np.int64(1699), np.int64(441)), (np.int64(2088), np.int64(441)), (np.int64(2478), np.int64(441))]
2025-10-19 21:45:49 [TRACE] 【坐标太近】视为重复
2025-10-19 21:45:49 [TRACE] 【没有通过的坐标】开始下一轮
2025-10-19 21:45:49 [TRACE] 【本轮的坐标】：(np.int64(1309), np.int64(442)) ------------
2025-10-19 21:45:49 [TRACE] 【已点击过的坐标】：[(-10, -10), (np.int64(1309), np.int64(441)), (np.int64(1699), np.int64(441)), (np.int64(2088), np.int64(441)), (np.int64(2478), np.int64(441))]
2025-10-19 21:45:49 [TRACE] 【坐标太近】视为重复
2025-10-19 21:45:49 [TRACE] 【没有通过的坐标】开始下一轮
2025-10-19 21:45:49 [TRACE] 【本轮的坐标】：(np.int64(1310), np.int64(442)) ------------
2025-10-19 21:45:49 [TRACE] 【已点击过的坐标】：[(-10, -10), (np.int64(1309), np.int64(441)), (np.int64(1699), np.int64(441)), (np.int64(2088), np.int64(441)), (np.int64(2478), np.int64(441))]
2025-10-19 21:45:49 [TRACE] 【坐标太近】视为重复
2025-10-19 21:45:49 [TRACE] 【没有通过的坐标】开始下一轮
2025-10-19 21:45:49 [TRACE] 【本轮的坐标】：(np.int64(1698), np.int64(442)) ------------
2025-10-19 21:45:49 [TRACE] 【已点击过的坐标】：[(-10, -10), (np.int64(1309), np.int64(441)), (np.int64(1699), np.int64(441)), (np.int64(2088), np.int64(441)), (np.int64(2478), np.int64(441))]
2025-10-19 21:45:49 [TRACE] 【坐标太近】视为重复
2025-10-19 21:45:49 [TRACE] 【没有通过的坐标】开始下一轮
2025-10-19 21:45:49 [TRACE] 【本轮的坐标】：(np.int64(1699), np.int64(442)) ------------
2025-10-19 21:45:49 [TRACE] 【已点击过的坐标】：[(-10, -10), (np.int64(1309), np.int64(441)), (np.int64(1699), np.int64(441)), (np.int64(2088), np.int64(441)), (np.int64(2478), np.int64(441))]
2025-10-19 21:45:49 [TRACE] 【坐标太近】视为重复
2025-10-19 21:45:49 [TRACE] 【没有通过的坐标】开始下一轮
2025-10-19 21:45:49 [TRACE] 【本轮的坐标】：(np.int64(1700), np.int64(442)) ------------
2025-10-19 21:45:49 [TRACE] 【已点击过的坐标】：[(-10, -10), (np.int64(1309), np.int64(441)), (np.int64(1699), np.int64(441)), (np.int64(2088), np.int64(441)), (np.int64(2478), np.int64(441))]
2025-10-19 21:45:49 [TRACE] 【坐标太近】视为重复
2025-10-19 21:45:49 [TRACE] 【没有通过的坐标】开始下一轮
2025-10-19 21:45:49 [TRACE] 【本轮的坐标】：(np.int64(2087), np.int64(442)) ------------
2025-10-19 21:45:49 [TRACE] 【已点击过的坐标】：[(-10, -10), (np.int64(1309), np.int64(441)), (np.int64(1699), np.int64(441)), (np.int64(2088), np.int64(441)), (np.int64(2478), np.int64(441))]
2025-10-19 21:45:49 [TRACE] 【坐标太近】视为重复
2025-10-19 21:45:49 [TRACE] 【没有通过的坐标】开始下一轮
2025-10-19 21:45:49 [TRACE] 【本轮的坐标】：(np.int64(2088), np.int64(442)) ------------
2025-10-19 21:45:49 [TRACE] 【已点击过的坐标】：[(-10, -10), (np.int64(1309), np.int64(441)), (np.int64(1699), np.int64(441)), (np.int64(2088), np.int64(441)), (np.int64(2478), np.int64(441))]
2025-10-19 21:45:49 [TRACE] 【坐标太近】视为重复
2025-10-19 21:45:49 [TRACE] 【没有通过的坐标】开始下一轮
2025-10-19 21:45:49 [TRACE] 【本轮的坐标】：(np.int64(2089), np.int64(442)) ------------
2025-10-19 21:45:49 [TRACE] 【已点击过的坐标】：[(-10, -10), (np.int64(1309), np.int64(441)), (np.int64(1699), np.int64(441)), (np.int64(2088), np.int64(441)), (np.int64(2478), np.int64(441))]
2025-10-19 21:45:49 [TRACE] 【坐标太近】视为重复
2025-10-19 21:45:49 [TRACE] 【没有通过的坐标】开始下一轮
2025-10-19 21:45:49 [TRACE] 【本轮的坐标】：(np.int64(2090), np.int64(442)) ------------
2025-10-19 21:45:49 [TRACE] 【已点击过的坐标】：[(-10, -10), (np.int64(1309), np.int64(441)), (np.int64(1699), np.int64(441)), (np.int64(2088), np.int64(441)), (np.int64(2478), np.int64(441))]
2025-10-19 21:45:49 [TRACE] 【坐标太近】视为重复
2025-10-19 21:45:49 [TRACE] 【没有通过的坐标】开始下一轮
2025-10-19 21:45:49 [TRACE] 【本轮的坐标】：(np.int64(2477), np.int64(442)) ------------
2025-10-19 21:45:49 [TRACE] 【已点击过的坐标】：[(-10, -10), (np.int64(1309), np.int64(441)), (np.int64(1699), np.int64(441)), (np.int64(2088), np.int64(441)), (np.int64(2478), np.int64(441))]
2025-10-19 21:45:49 [TRACE] 【坐标太近】视为重复
2025-10-19 21:45:49 [TRACE] 【没有通过的坐标】开始下一轮
2025-10-19 21:45:49 [TRACE] 【本轮的坐标】：(np.int64(2478), np.int64(442)) ------------
2025-10-19 21:45:49 [TRACE] 【已点击过的坐标】：[(-10, -10), (np.int64(1309), np.int64(441)), (np.int64(1699), np.int64(441)), (np.int64(2088), np.int64(441)), (np.int64(2478), np.int64(441))]
2025-10-19 21:45:49 [TRACE] 【坐标太近】视为重复
2025-10-19 21:45:49 [TRACE] 【没有通过的坐标】开始下一轮
2025-10-19 21:45:49 [TRACE] 【本轮的坐标】：(np.int64(2479), np.int64(442)) ------------
2025-10-19 21:45:49 [TRACE] 【已点击过的坐标】：[(-10, -10), (np.int64(1309), np.int64(441)), (np.int64(1699), np.int64(441)), (np.int64(2088), np.int64(441)), (np.int64(2478), np.int64(441))]
2025-10-19 21:45:49 [TRACE] 【坐标太近】视为重复
2025-10-19 21:45:49 [TRACE] 【没有通过的坐标】开始下一轮
2025-10-19 21:45:49 [TRACE] 【本轮的坐标】：(np.int64(1309), np.int64(443)) ------------
2025-10-19 21:45:49 [TRACE] 【已点击过的坐标】：[(-10, -10), (np.int64(1309), np.int64(441)), (np.int64(1699), np.int64(441)), (np.int64(2088), np.int64(441)), (np.int64(2478), np.int64(441))]
2025-10-19 21:45:49 [TRACE] 【坐标太近】视为重复
2025-10-19 21:45:49 [TRACE] 【没有通过的坐标】开始下一轮
2025-10-19 21:45:49 [TRACE] 【本轮的坐标】：(np.int64(1698), np.int64(443)) ------------
2025-10-19 21:45:49 [TRACE] 【已点击过的坐标】：[(-10, -10), (np.int64(1309), np.int64(441)), (np.int64(1699), np.int64(441)), (np.int64(2088), np.int64(441)), (np.int64(2478), np.int64(441))]
2025-10-19 21:45:49 [TRACE] 【坐标太近】视为重复
2025-10-19 21:45:49 [TRACE] 【没有通过的坐标】开始下一轮
2025-10-19 21:45:49 [TRACE] 【本轮的坐标】：(np.int64(1699), np.int64(443)) ------------
2025-10-19 21:45:49 [TRACE] 【已点击过的坐标】：[(-10, -10), (np.int64(1309), np.int64(441)), (np.int64(1699), np.int64(441)), (np.int64(2088), np.int64(441)), (np.int64(2478), np.int64(441))]
2025-10-19 21:45:49 [TRACE] 【坐标太近】视为重复
2025-10-19 21:45:49 [TRACE] 【没有通过的坐标】开始下一轮
2025-10-19 21:45:49 [TRACE] 【本轮的坐标】：(np.int64(2088), np.int64(443)) ------------
2025-10-19 21:45:49 [TRACE] 【已点击过的坐标】：[(-10, -10), (np.int64(1309), np.int64(441)), (np.int64(1699), np.int64(441)), (np.int64(2088), np.int64(441)), (np.int64(2478), np.int64(441))]
2025-10-19 21:45:49 [TRACE] 【坐标太近】视为重复
2025-10-19 21:45:49 [TRACE] 【没有通过的坐标】开始下一轮
2025-10-19 21:45:49 [TRACE] 【本轮的坐标】：(np.int64(2478), np.int64(443)) ------------
2025-10-19 21:45:49 [TRACE] 【已点击过的坐标】：[(-10, -10), (np.int64(1309), np.int64(441)), (np.int64(1699), np.int64(441)), (np.int64(2088), np.int64(441)), (np.int64(2478), np.int64(441))]
2025-10-19 21:45:49 [TRACE] 【坐标太近】视为重复
2025-10-19 21:45:49 [TRACE] 【没有通过的坐标】开始下一轮
2025-10-19 21:45:49 [TRACE] 【完成所有点击】有效次数：4
2025-10-19 21:45:50 [TRACE] 【目标检测】屏幕内没有目标
2025-10-19 21:45:51 [TRACE] 【目标检测】屏幕内没有目标
2025-10-19 21:45:53 [TRACE] 【目标检测】目标存在，但置信度不足
2025-10-19 21:45:54 [TRACE] 【目标检测】屏幕内没有目标
2025-10-19 21:45:55 [TRACE] 【目标检测】屏幕内没有目标
2025-10-19 21:45:55 [TRACE] 【目标检测】屏幕内没有目标
2025-10-19 21:45:56 [TRACE] 【目标检测】屏幕内没有目标
2025-10-19 21:45:57 [TRACE] 【目标检测】屏幕内没有目标
2025-10-19 21:45:59 [TRACE] 【目标检测】屏幕内没有目标
2025-10-19 21:46:00 [TRACE] 【目标检测】屏幕内没有目标
2025-10-19 21:46:01 [TRACE] 【目标检测】屏幕内没有目标
2025-10-19 21:46:01 [TRACE] 【状态】搜索模式：C:\Users\gelon\Desktop\ZA-Lite\assets/images/hollow\resonium.png 置信度：1.0
2025-10-19 21:46:01 [TRACE] 【目标出现】C:\Users\gelon\Desktop\ZA-Lite\assets/images/hollow\resonium.png 置信度：0.9999996423721313
2025-10-19 21:46:01 [TRACE] 【本轮的坐标】：(np.int64(1309), np.int64(441)) ------------
2025-10-19 21:46:01 [TRACE] 【已点击过的坐标】：[(-10, -10)]
2025-10-19 21:46:01 [TRACE] 【成功点击】
2025-10-19 21:46:01 [TRACE] 【目标检测】屏幕内没有目标
2025-10-19 21:46:02 [TRACE] 【本轮的坐标】：(np.int64(1310), np.int64(441)) ------------
2025-10-19 21:46:02 [TRACE] 【已点击过的坐标】：[(-10, -10), (np.int64(1309), np.int64(441))]
2025-10-19 21:46:02 [TRACE] 【坐标太近】视为重复
2025-10-19 21:46:02 [TRACE] 【没有通过的坐标】开始下一轮
2025-10-19 21:46:02 [TRACE] 【本轮的坐标】：(np.int64(1699), np.int64(441)) ------------
2025-10-19 21:46:02 [TRACE] 【已点击过的坐标】：[(-10, -10), (np.int64(1309), np.int64(441))]
2025-10-19 21:46:02 [TRACE] 【成功点击】
2025-10-19 21:46:02 [TRACE] 【目标检测】屏幕内没有目标
2025-10-19 21:46:02 [TRACE] 【本轮的坐标】：(np.int64(2088), np.int64(441)) ------------
2025-10-19 21:46:02 [TRACE] 【已点击过的坐标】：[(-10, -10), (np.int64(1309), np.int64(441)), (np.int64(1699), np.int64(441))]
2025-10-19 21:46:02 [TRACE] 【成功点击】
2025-10-19 21:46:03 [TRACE] 【本轮的坐标】：(np.int64(2089), np.int64(441)) ------------
2025-10-19 21:46:03 [TRACE] 【已点击过的坐标】：[(-10, -10), (np.int64(1309), np.int64(441)), (np.int64(1699), np.int64(441)), (np.int64(2088), np.int64(441))]
2025-10-19 21:46:03 [TRACE] 【坐标太近】视为重复
2025-10-19 21:46:03 [TRACE] 【没有通过的坐标】开始下一轮
2025-10-19 21:46:03 [TRACE] 【本轮的坐标】：(np.int64(2478), np.int64(441)) ------------
2025-10-19 21:46:03 [TRACE] 【已点击过的坐标】：[(-10, -10), (np.int64(1309), np.int64(441)), (np.int64(1699), np.int64(441)), (np.int64(2088), np.int64(441))]
2025-10-19 21:46:03 [TRACE] 【成功点击】
2025-10-19 21:46:04 [TRACE] 【目标检测】屏幕内没有目标
2025-10-19 21:46:04 [TRACE] 【本轮的坐标】：(np.int64(1308), np.int64(442)) ------------
2025-10-19 21:46:04 [TRACE] 【已点击过的坐标】：[(-10, -10), (np.int64(1309), np.int64(441)), (np.int64(1699), np.int64(441)), (np.int64(2088), np.int64(441)), (np.int64(2478), np.int64(441))]
2025-10-19 21:46:04 [TRACE] 【坐标太近】视为重复
2025-10-19 21:46:04 [TRACE] 【没有通过的坐标】开始下一轮
2025-10-19 21:46:04 [TRACE] 【本轮的坐标】：(np.int64(1309), np.int64(442)) ------------
2025-10-19 21:46:04 [TRACE] 【已点击过的坐标】：[(-10, -10), (np.int64(1309), np.int64(441)), (np.int64(1699), np.int64(441)), (np.int64(2088), np.int64(441)), (np.int64(2478), np.int64(441))]
2025-10-19 21:46:04 [TRACE] 【坐标太近】视为重复
2025-10-19 21:46:04 [TRACE] 【没有通过的坐标】开始下一轮
2025-10-19 21:46:04 [TRACE] 【本轮的坐标】：(np.int64(1310), np.int64(442)) ------------
2025-10-19 21:46:04 [TRACE] 【已点击过的坐标】：[(-10, -10), (np.int64(1309), np.int64(441)), (np.int64(1699), np.int64(441)), (np.int64(2088), np.int64(441)), (np.int64(2478), np.int64(441))]
2025-10-19 21:46:04 [TRACE] 【坐标太近】视为重复
2025-10-19 21:46:04 [TRACE] 【没有通过的坐标】开始下一轮
2025-10-19 21:46:04 [TRACE] 【本轮的坐标】：(np.int64(1698), np.int64(442)) ------------
2025-10-19 21:46:04 [TRACE] 【已点击过的坐标】：[(-10, -10), (np.int64(1309), np.int64(441)), (np.int64(1699), np.int64(441)), (np.int64(2088), np.int64(441)), (np.int64(2478), np.int64(441))]
2025-10-19 21:46:04 [TRACE] 【坐标太近】视为重复
2025-10-19 21:46:04 [TRACE] 【没有通过的坐标】开始下一轮
2025-10-19 21:46:04 [TRACE] 【本轮的坐标】：(np.int64(1699), np.int64(442)) ------------
2025-10-19 21:46:04 [TRACE] 【已点击过的坐标】：[(-10, -10), (np.int64(1309), np.int64(441)), (np.int64(1699), np.int64(441)), (np.int64(2088), np.int64(441)), (np.int64(2478), np.int64(441))]
2025-10-19 21:46:04 [TRACE] 【坐标太近】视为重复
2025-10-19 21:46:04 [TRACE] 【没有通过的坐标】开始下一轮
2025-10-19 21:46:04 [TRACE] 【本轮的坐标】：(np.int64(1700), np.int64(442)) ------------
2025-10-19 21:46:04 [TRACE] 【已点击过的坐标】：[(-10, -10), (np.int64(1309), np.int64(441)), (np.int64(1699), np.int64(441)), (np.int64(2088), np.int64(441)), (np.int64(2478), np.int64(441))]
2025-10-19 21:46:04 [TRACE] 【坐标太近】视为重复
2025-10-19 21:46:04 [TRACE] 【没有通过的坐标】开始下一轮
2025-10-19 21:46:04 [TRACE] 【本轮的坐标】：(np.int64(2087), np.int64(442)) ------------
2025-10-19 21:46:04 [TRACE] 【已点击过的坐标】：[(-10, -10), (np.int64(1309), np.int64(441)), (np.int64(1699), np.int64(441)), (np.int64(2088), np.int64(441)), (np.int64(2478), np.int64(441))]
2025-10-19 21:46:04 [TRACE] 【坐标太近】视为重复
2025-10-19 21:46:04 [TRACE] 【没有通过的坐标】开始下一轮
2025-10-19 21:46:04 [TRACE] 【本轮的坐标】：(np.int64(2088), np.int64(442)) ------------
2025-10-19 21:46:04 [TRACE] 【已点击过的坐标】：[(-10, -10), (np.int64(1309), np.int64(441)), (np.int64(1699), np.int64(441)), (np.int64(2088), np.int64(441)), (np.int64(2478), np.int64(441))]
2025-10-19 21:46:04 [TRACE] 【坐标太近】视为重复
2025-10-19 21:46:04 [TRACE] 【没有通过的坐标】开始下一轮
2025-10-19 21:46:04 [TRACE] 【本轮的坐标】：(np.int64(2089), np.int64(442)) ------------
2025-10-19 21:46:04 [TRACE] 【已点击过的坐标】：[(-10, -10), (np.int64(1309), np.int64(441)), (np.int64(1699), np.int64(441)), (np.int64(2088), np.int64(441)), (np.int64(2478), np.int64(441))]
2025-10-19 21:46:04 [TRACE] 【坐标太近】视为重复
2025-10-19 21:46:04 [TRACE] 【没有通过的坐标】开始下一轮
2025-10-19 21:46:04 [TRACE] 【本轮的坐标】：(np.int64(2090), np.int64(442)) ------------
2025-10-19 21:46:04 [TRACE] 【已点击过的坐标】：[(-10, -10), (np.int64(1309), np.int64(441)), (np.int64(1699), np.int64(441)), (np.int64(2088), np.int64(441)), (np.int64(2478), np.int64(441))]
2025-10-19 21:46:04 [TRACE] 【坐标太近】视为重复
2025-10-19 21:46:04 [TRACE] 【没有通过的坐标】开始下一轮
2025-10-19 21:46:04 [TRACE] 【本轮的坐标】：(np.int64(2477), np.int64(442)) ------------
2025-10-19 21:46:04 [TRACE] 【已点击过的坐标】：[(-10, -10), (np.int64(1309), np.int64(441)), (np.int64(1699), np.int64(441)), (np.int64(2088), np.int64(441)), (np.int64(2478), np.int64(441))]
2025-10-19 21:46:04 [TRACE] 【坐标太近】视为重复
2025-10-19 21:46:04 [TRACE] 【没有通过的坐标】开始下一轮
2025-10-19 21:46:04 [TRACE] 【本轮的坐标】：(np.int64(2478), np.int64(442)) ------------
2025-10-19 21:46:04 [TRACE] 【已点击过的坐标】：[(-10, -10), (np.int64(1309), np.int64(441)), (np.int64(1699), np.int64(441)), (np.int64(2088), np.int64(441)), (np.int64(2478), np.int64(441))]
2025-10-19 21:46:04 [TRACE] 【坐标太近】视为重复
2025-10-19 21:46:04 [TRACE] 【没有通过的坐标】开始下一轮
2025-10-19 21:46:04 [TRACE] 【本轮的坐标】：(np.int64(2479), np.int64(442)) ------------
2025-10-19 21:46:04 [TRACE] 【已点击过的坐标】：[(-10, -10), (np.int64(1309), np.int64(441)), (np.int64(1699), np.int64(441)), (np.int64(2088), np.int64(441)), (np.int64(2478), np.int64(441))]
2025-10-19 21:46:04 [TRACE] 【坐标太近】视为重复
2025-10-19 21:46:04 [TRACE] 【没有通过的坐标】开始下一轮
2025-10-19 21:46:04 [TRACE] 【本轮的坐标】：(np.int64(1309), np.int64(443)) ------------
2025-10-19 21:46:04 [TRACE] 【已点击过的坐标】：[(-10, -10), (np.int64(1309), np.int64(441)), (np.int64(1699), np.int64(441)), (np.int64(2088), np.int64(441)), (np.int64(2478), np.int64(441))]
2025-10-19 21:46:04 [TRACE] 【坐标太近】视为重复
2025-10-19 21:46:04 [TRACE] 【没有通过的坐标】开始下一轮
2025-10-19 21:46:04 [TRACE] 【本轮的坐标】：(np.int64(1698), np.int64(443)) ------------
2025-10-19 21:46:04 [TRACE] 【已点击过的坐标】：[(-10, -10), (np.int64(1309), np.int64(441)), (np.int64(1699), np.int64(441)), (np.int64(2088), np.int64(441)), (np.int64(2478), np.int64(441))]
2025-10-19 21:46:04 [TRACE] 【坐标太近】视为重复
2025-10-19 21:46:04 [TRACE] 【没有通过的坐标】开始下一轮
2025-10-19 21:46:04 [TRACE] 【本轮的坐标】：(np.int64(1699), np.int64(443)) ------------
2025-10-19 21:46:04 [TRACE] 【已点击过的坐标】：[(-10, -10), (np.int64(1309), np.int64(441)), (np.int64(1699), np.int64(441)), (np.int64(2088), np.int64(441)), (np.int64(2478), np.int64(441))]
2025-10-19 21:46:04 [TRACE] 【坐标太近】视为重复
2025-10-19 21:46:04 [TRACE] 【没有通过的坐标】开始下一轮
2025-10-19 21:46:04 [TRACE] 【本轮的坐标】：(np.int64(2088), np.int64(443)) ------------
2025-10-19 21:46:04 [TRACE] 【已点击过的坐标】：[(-10, -10), (np.int64(1309), np.int64(441)), (np.int64(1699), np.int64(441)), (np.int64(2088), np.int64(441)), (np.int64(2478), np.int64(441))]
2025-10-19 21:46:04 [TRACE] 【坐标太近】视为重复
2025-10-19 21:46:04 [TRACE] 【没有通过的坐标】开始下一轮
2025-10-19 21:46:04 [TRACE] 【本轮的坐标】：(np.int64(2478), np.int64(443)) ------------
2025-10-19 21:46:04 [TRACE] 【已点击过的坐标】：[(-10, -10), (np.int64(1309), np.int64(441)), (np.int64(1699), np.int64(441)), (np.int64(2088), np.int64(441)), (np.int64(2478), np.int64(441))]
2025-10-19 21:46:04 [TRACE] 【坐标太近】视为重复
2025-10-19 21:46:04 [TRACE] 【没有通过的坐标】开始下一轮
2025-10-19 21:46:04 [TRACE] 【完成所有点击】有效次数：4
2025-10-19 21:46:05 [TRACE] 【目标检测】屏幕内没有目标
2025-10-19 21:46:06 [TRACE] 【目标检测】屏幕内没有目标
2025-10-19 21:46:06 [TRACE] 【目标检测】屏幕内没有目标
2025-10-19 21:46:07 [TRACE] 【目标检测】屏幕内没有目标
2025-10-19 21:46:11 [TRACE] 【状态】搜索模式：C:\Users\gelon\Desktop\ZA-Lite\assets/images/hollow\next_area.png 置信度：0.9999993443489075
2025-10-19 21:46:14 [TRACE] 【目标检测】微调超时，无法对齐！
2025-10-19 21:46:15 [TRACE] 【目标检测】TRAPPED！ 类型：guide_point 置信度：0.7459024786949158
2025-10-19 21:46:21 [TRACE] 【空洞监听】无匹配已持续：0秒
2025-10-19 21:46:22 [TRACE] 【目标检测】屏幕内没有目标
2025-10-19 21:46:23 [TRACE] 【目标检测】屏幕内没有目标
2025-10-19 21:46:24 [TRACE] 【目标检测】屏幕内没有目标
2025-10-19 21:46:25 [TRACE] 【目标检测】屏幕内没有目标
2025-10-19 21:46:26 [TRACE] 【目标检测】屏幕内没有目标
2025-10-19 21:46:26 [TRACE] 【空洞监听】无匹配已持续：5秒
2025-10-19 21:46:28 [TRACE] 【目标检测】屏幕内没有目标
2025-10-19 21:46:29 [TRACE] 【目标检测】屏幕内没有目标
2025-10-19 21:46:30 [TRACE] 【目标检测】屏幕内没有目标
2025-10-19 21:46:31 [TRACE] 【目标检测】屏幕内没有目标
2025-10-19 21:46:32 [TRACE] 【空洞监听】无匹配已持续：11秒
2025-10-19 21:46:32 [TRACE] 【目标检测】屏幕内没有目标
2025-10-19 21:46:34 [TRACE] 【目标检测】屏幕内没有目标
2025-10-19 21:46:35 [TRACE] 【状态】战斗模式：C:\Users\gelon\Desktop\ZA-Lite\assets/images/hollow\battle_5.png 置信度：0.9717034101486206
2025-10-19 21:46:35 [TRACE] 【目标检测】屏幕内没有目标
2025-10-19 21:46:45 [TRACE] 【空洞监听】无匹配已持续：0秒
2025-10-19 21:46:51 [TRACE] 【空洞监听】无匹配已持续：6秒
2025-10-19 21:46:58 [TRACE] 【空洞监听】无匹配已持续：13秒
2025-10-19 21:47:04 [WARNING] 代理人死亡，空洞任务失败
2025-10-19 21:47:04 [TRACE] 【1】等待目标中 C:\Users\gelon\Desktop\ZA-Lite\assets/images/hollow\mission_completed.png
2025-10-19 21:47:05 [TRACE] 【2】等待目标中 C:\Users\gelon\Desktop\ZA-Lite\assets/images/hollow\mission_completed.png
2025-10-19 21:47:06 [TRACE] 【3】等待目标中 C:\Users\gelon\Desktop\ZA-Lite\assets/images/hollow\mission_completed.png
2025-10-19 21:47:07 [TRACE] 【4】等待目标中 C:\Users\gelon\Desktop\ZA-Lite\assets/images/hollow\mission_completed.png
2025-10-19 21:47:08 [TRACE] 【目标出现】C:\Users\gelon\Desktop\ZA-Lite\assets/images/hollow\mission_completed.png 置信度：1.0
2025-10-19 21:47:09 [INFO] 本轮耗时:16分钟
2025-10-19 21:47:09 [INFO] 当前已完成空洞 0 次 
2025-10-19 21:47:09 [DEBUG] 正在返回菜单
2025-10-19 21:47:09 [TRACE] 正在返回菜单,请保持游戏画面处于前台
2025-10-19 21:47:11 [TRACE] 正在返回菜单,请保持游戏画面处于前台
2025-10-19 21:47:14 [TRACE] 正在返回菜单,请保持游戏画面处于前台
2025-10-19 21:47:16 [TRACE] 正在返回菜单,请保持游戏画面处于前台
2025-10-19 21:47:18 [TRACE] 正在返回菜单,请保持游戏画面处于前台
2025-10-19 21:47:20 [TRACE] 正在返回菜单,请保持游戏画面处于前台
2025-10-19 21:47:22 [TRACE] 现在处于大厅
2025-10-19 21:47:23 [INFO] 执行零号空洞任务中
2025-10-19 21:47:23 [TRACE] 【1】等待目标中 C:\Users\gelon\Desktop\ZA-Lite\assets/images/hollow\combat.png
2025-10-19 21:47:24 [TRACE] 【目标出现】C:\Users\gelon\Desktop\ZA-Lite\assets/images/hollow\combat.png 置信度：0.9762868285179138
2025-10-19 21:47:26 [TRACE] 【目标出现】C:\Users\gelon\Desktop\ZA-Lite\assets/images/hollow\zero_hollow.png 置信度：0.9999942779541016
2025-10-19 21:47:27 [TRACE] 【目标出现】C:\Users\gelon\Desktop\ZA-Lite\assets/images/hollow\go_hollow.png 置信度：0.994304358959198
2025-10-19 21:47:28 [TRACE] 【目标出现】C:\Users\gelon\Desktop\ZA-Lite\assets/images/hollow\confirm.png 置信度：0.983942985534668
2025-10-19 21:47:30 [TRACE] 【1】等待目标中 C:\Users\gelon\Desktop\ZA-Lite\assets/images/hollow\hollow_taskforce.png
2025-10-19 21:47:31 [TRACE] 【2】等待目标中 C:\Users\gelon\Desktop\ZA-Lite\assets/images/hollow\hollow_taskforce.png
2025-10-19 21:47:31 [TRACE] 【3】等待目标中 C:\Users\gelon\Desktop\ZA-Lite\assets/images/hollow\hollow_taskforce.png
2025-10-19 21:47:32 [TRACE] 【目标出现】C:\Users\gelon\Desktop\ZA-Lite\assets/images/hollow\hollow_taskforce.png 置信度：0.9999802708625793
2025-10-19 21:47:33 [TRACE] 【目标出现】C:\Users\gelon\Desktop\ZA-Lite\assets/images/hollow\strategy.png 置信度：0.9999997019767761
2025-10-19 21:47:35 [TRACE] 【1】等待目标中 C:\Users\gelon\Desktop\ZA-Lite\assets/images/hollow\strategy_confirm.png
2025-10-19 21:47:35 [TRACE] 【目标出现】C:\Users\gelon\Desktop\ZA-Lite\assets/images/hollow\strategy_confirm.png 置信度：1.0
2025-10-19 21:47:37 [TRACE] 【目标出现】C:\Users\gelon\Desktop\ZA-Lite\assets/images/hollow\next_step.png 置信度：0.9783759117126465
2025-10-19 21:47:38 [TRACE] 【目标出现】C:\Users\gelon\Desktop\ZA-Lite\assets/images/hollow\start_battle.png 置信度：0.9763904213905334
2025-10-19 21:47:40 [TRACE] 【目标检测】屏幕内没有目标
2025-10-19 21:47:41 [TRACE] 【目标检测】屏幕内没有目标
2025-10-19 21:47:42 [TRACE] 【目标检测】屏幕内没有目标
2025-10-19 21:47:44 [TRACE] 【目标检测】屏幕内没有目标
2025-10-19 21:47:45 [TRACE] 【空洞监听】无匹配已持续：0秒
2025-10-19 21:47:45 [TRACE] 【目标检测】屏幕内没有目标
2025-10-19 21:47:46 [TRACE] 【目标检测】屏幕内没有目标
2025-10-19 21:47:47 [TRACE] 【目标检测】屏幕内没有目标
2025-10-19 21:47:47 [TRACE] 【目标检测】屏幕内没有目标
2025-10-19 21:47:49 [TRACE] 【目标检测】屏幕内没有目标
2025-10-19 21:47:50 [TRACE] 【空洞监听】无匹配已持续：5秒
2025-10-19 21:47:50 [TRACE] 【目标检测】屏幕内没有目标
2025-10-19 21:47:51 [TRACE] 【目标检测】屏幕内没有目标
2025-10-19 21:47:52 [TRACE] 【目标检测】屏幕内没有目标
2025-10-19 21:47:53 [TRACE] 【目标检测】屏幕内没有目标
2025-10-19 21:47:55 [TRACE] 【目标检测】屏幕内没有目标
2025-10-19 21:47:56 [TRACE] 【空洞监听】无匹配已持续：11秒
2025-10-19 21:47:56 [TRACE] 【目标检测】屏幕内没有目标
2025-10-19 21:47:57 [TRACE] 【目标检测】屏幕内没有目标
2025-10-19 21:47:58 [TRACE] 【目标检测】屏幕内没有目标
2025-10-19 21:47:59 [TRACE] 【目标检测】屏幕内没有目标
2025-10-19 21:48:02 [TRACE] 【空洞监听】无匹配已持续：17秒
2025-10-19 21:48:05 [TRACE] 【目标检测】TRAPPED！ 类型：interact 置信度：0.9233891367912292
2025-10-19 21:48:07 [TRACE] 【空洞监听】无匹配已持续：22秒
2025-10-19 21:48:11 [TRACE] 【目标检测】屏幕内没有目标
2025-10-19 21:48:12 [TRACE] 【目标检测】屏幕内没有目标
2025-10-19 21:48:15 [TRACE] 【目标检测】TRAPPED！ 类型：blue_portal 置信度：0.8276419639587402
2025-10-19 21:48:17 [TRACE] 【状态】搜索模式：C:\Users\gelon\Desktop\ZA-Lite\assets/images/hollow\meter.png 置信度：0.9315443634986877
2025-10-19 21:48:20 [TRACE] 【目标检测】TRAPPED！ 类型：blue_portal 置信度：0.8661566972732544
2025-10-19 21:48:25 [TRACE] 【空洞监听】无匹配已持续：0秒
2025-10-19 21:48:27 [TRACE] 【目标检测】TRAPPED！ 类型：blue_portal 置信度：0.8446092009544373
2025-10-19 21:48:28 [TRACE] 【状态】搜索模式：C:\Users\gelon\Desktop\ZA-Lite\assets/images/hollow\meter.png 置信度：0.921896755695343
2025-10-19 21:48:31 [TRACE] 【目标检测】TRAPPED！ 类型：blue_portal 置信度：0.8248357772827148
2025-10-19 21:48:36 [TRACE] 【空洞监听】无匹配已持续：0秒
2025-10-19 21:48:37 [TRACE] 【目标检测】屏幕内没有目标
2025-10-19 21:48:38 [TRACE] 【目标检测】屏幕内没有目标
2025-10-19 21:48:39 [TRACE] 【目标检测】屏幕内没有目标
2025-10-19 21:48:40 [TRACE] 【目标检测】屏幕内没有目标
2025-10-19 21:48:41 [TRACE] 【目标检测】屏幕内没有目标
2025-10-19 21:48:41 [TRACE] 【空洞监听】无匹配已持续：5秒
2025-10-19 21:48:43 [TRACE] 【目标检测】屏幕内没有目标
2025-10-19 21:48:44 [TRACE] 【状态】战斗模式：C:\Users\gelon\Desktop\ZA-Lite\assets/images/hollow\battle_2.png 置信度：0.9999999403953552
2025-10-19 21:48:44 [TRACE] 【状态】战斗模式：C:\Users\gelon\Desktop\ZA-Lite\assets/images/hollow\battle_3.png 置信度：0.9999995827674866
2025-10-19 21:48:48 [TRACE] 【状态】战斗模式：正在受到攻击
2025-10-19 21:48:52 [TRACE] 【状态】战斗模式：C:\Users\gelon\Desktop\ZA-Lite\assets/images/hollow\battle_5.png 置信度：0.9882603287696838
2025-10-19 21:48:55 [TRACE] 【状态】战斗模式：正在受到攻击
2025-10-19 21:49:01 [TRACE] 【空洞监听】无匹配已持续：0秒
2025-10-19 21:49:08 [TRACE] 【状态】战斗模式：正在受到攻击
2025-10-19 21:49:16 [TRACE] 【状态】搜索模式：C:\Users\gelon\Desktop\ZA-Lite\assets/images/hollow\next_area.png 置信度：0.999999463558197
2025-10-19 21:49:20 [TRACE] 【目标检测】TRAPPED！ 类型：blue_portal 置信度：0.9186081886291504
2025-10-19 21:49:26 [TRACE] 【空洞监听】无匹配已持续：0秒
2025-10-19 21:49:27 [TRACE] 【目标检测】屏幕内没有目标
2025-10-19 21:49:28 [TRACE] 【目标检测】屏幕内没有目标
2025-10-19 21:49:28 [TRACE] 【目标检测】目标存在，但置信度不足
2025-10-19 21:49:29 [TRACE] 【目标检测】屏幕内没有目标
2025-10-19 21:49:30 [TRACE] 【目标检测】屏幕内没有目标
2025-10-19 21:49:31 [TRACE] 【目标检测】屏幕内没有目标
2025-10-19 21:49:34 [TRACE] 【目标检测】屏幕内没有目标
2025-10-19 21:49:35 [TRACE] 【目标检测】屏幕内没有目标
2025-10-19 21:49:35 [TRACE] 【状态】战斗模式：C:\Users\gelon\Desktop\ZA-Lite\assets/images/hollow\battle_3.png 置信度：0.9999999403953552
2025-10-19 21:49:45 [TRACE] 【空洞监听】无匹配已持续：0秒
2025-10-19 21:49:51 [TRACE] 【空洞监听】无匹配已持续：6秒
2025-10-19 21:49:56 [TRACE] 【状态】搜索模式：C:\Users\gelon\Desktop\ZA-Lite\assets/images/hollow\meter.png 置信度：0.9400036931037903
2025-10-19 21:50:01 [TRACE] 【目标检测】微调超时，无法对齐！
2025-10-19 21:50:01 [TRACE] 【状态】搜索模式：C:\Users\gelon\Desktop\ZA-Lite\assets/images/hollow\meter.png 置信度：0.9226097464561462
2025-10-19 21:50:05 [TRACE] 【目标检测】TRAPPED！ 类型：guide_point 置信度：0.9584798812866211
2025-10-19 21:50:07 [TRACE] 【状态】搜索模式：C:\Users\gelon\Desktop\ZA-Lite\assets/images/hollow\meter.png 置信度：0.9792999029159546
2025-10-19 21:50:11 [TRACE] 【目标检测】屏幕内没有目标
2025-10-19 21:50:13 [TRACE] 【目标检测】屏幕内没有目标
2025-10-19 21:50:14 [TRACE] 【目标检测】屏幕内没有目标
2025-10-19 21:50:15 [TRACE] 【目标检测】屏幕内没有目标
2025-10-19 21:50:15 [TRACE] 【空洞监听】无匹配已持续：0秒
2025-10-19 21:50:16 [TRACE] 【目标检测】屏幕内没有目标
2025-10-19 21:50:17 [TRACE] 【状态】战斗模式：C:\Users\gelon\Desktop\ZA-Lite\assets/images/hollow\battle_1.png 置信度：1.0
2025-10-19 21:50:17 [TRACE] 【状态】战斗模式：C:\Users\gelon\Desktop\ZA-Lite\assets/images/hollow\battle_2.png 置信度：0.9999995827674866
2025-10-19 21:50:21 [TRACE] 【状态】战斗模式：正在受到攻击
2025-10-19 21:50:28 [TRACE] 【空洞监听】无匹配已持续：0秒
2025-10-19 21:50:31 [TRACE] 【状态】战斗模式：C:\Users\gelon\Desktop\ZA-Lite\assets/images/hollow\battle_3.png 置信度：0.9999999403953552
2025-10-19 21:50:41 [TRACE] 【空洞监听】无匹配已持续：0秒
2025-10-19 21:50:48 [TRACE] 【空洞监听】无匹配已持续：6秒
2025-10-19 21:50:54 [TRACE] 【状态】搜索模式：C:\Users\gelon\Desktop\ZA-Lite\assets/images/hollow\resonium.png 置信度：1.0
2025-10-19 21:50:55 [TRACE] 【目标出现】C:\Users\gelon\Desktop\ZA-Lite\assets/images/hollow\resonium.png 置信度：1.0
2025-10-19 21:50:55 [TRACE] 【本轮的坐标】：(np.int64(1174), np.int64(461)) ------------
2025-10-19 21:50:55 [TRACE] 【已点击过的坐标】：[(-10, -10)]
2025-10-19 21:50:55 [TRACE] 【成功点击】
2025-10-19 21:50:55 [TRACE] 【目标检测】屏幕内没有目标
2025-10-19 21:50:55 [TRACE] 【本轮的坐标】：(np.int64(1581), np.int64(461)) ------------
2025-10-19 21:50:55 [TRACE] 【已点击过的坐标】：[(-10, -10), (np.int64(1174), np.int64(461))]
2025-10-19 21:50:55 [TRACE] 【成功点击】
2025-10-19 21:50:56 [TRACE] 【目标检测】屏幕内没有目标
2025-10-19 21:50:56 [TRACE] 【本轮的坐标】：(np.int64(1582), np.int64(461)) ------------
2025-10-19 21:50:56 [TRACE] 【已点击过的坐标】：[(-10, -10), (np.int64(1174), np.int64(461)), (np.int64(1581), np.int64(461))]
2025-10-19 21:50:56 [TRACE] 【坐标太近】视为重复
2025-10-19 21:50:56 [TRACE] 【没有通过的坐标】开始下一轮
2025-10-19 21:50:56 [TRACE] 【本轮的坐标】：(np.int64(1988), np.int64(461)) ------------
2025-10-19 21:50:56 [TRACE] 【已点击过的坐标】：[(-10, -10), (np.int64(1174), np.int64(461)), (np.int64(1581), np.int64(461))]
2025-10-19 21:50:56 [TRACE] 【成功点击】
2025-10-19 21:50:56 [TRACE] 【目标检测】目标存在，但置信度不足
2025-10-19 21:50:57 [TRACE] 【本轮的坐标】：(np.int64(1989), np.int64(461)) ------------
2025-10-19 21:50:57 [TRACE] 【已点击过的坐标】：[(-10, -10), (np.int64(1174), np.int64(461)), (np.int64(1581), np.int64(461)), (np.int64(1988), np.int64(461))]
2025-10-19 21:50:57 [TRACE] 【坐标太近】视为重复
2025-10-19 21:50:57 [TRACE] 【没有通过的坐标】开始下一轮
2025-10-19 21:50:57 [TRACE] 【本轮的坐标】：(np.int64(1173), np.int64(462)) ------------
2025-10-19 21:50:57 [TRACE] 【已点击过的坐标】：[(-10, -10), (np.int64(1174), np.int64(461)), (np.int64(1581), np.int64(461)), (np.int64(1988), np.int64(461))]
2025-10-19 21:50:57 [TRACE] 【坐标太近】视为重复
2025-10-19 21:50:57 [TRACE] 【没有通过的坐标】开始下一轮
2025-10-19 21:50:57 [TRACE] 【本轮的坐标】：(np.int64(1174), np.int64(462)) ------------
2025-10-19 21:50:57 [TRACE] 【已点击过的坐标】：[(-10, -10), (np.int64(1174), np.int64(461)), (np.int64(1581), np.int64(461)), (np.int64(1988), np.int64(461))]
2025-10-19 21:50:57 [TRACE] 【坐标太近】视为重复
2025-10-19 21:50:57 [TRACE] 【没有通过的坐标】开始下一轮
2025-10-19 21:50:57 [TRACE] 【本轮的坐标】：(np.int64(1175), np.int64(462)) ------------
2025-10-19 21:50:57 [TRACE] 【已点击过的坐标】：[(-10, -10), (np.int64(1174), np.int64(461)), (np.int64(1581), np.int64(461)), (np.int64(1988), np.int64(461))]
2025-10-19 21:50:57 [TRACE] 【坐标太近】视为重复
2025-10-19 21:50:57 [TRACE] 【没有通过的坐标】开始下一轮
2025-10-19 21:50:57 [TRACE] 【本轮的坐标】：(np.int64(1580), np.int64(462)) ------------
2025-10-19 21:50:57 [TRACE] 【已点击过的坐标】：[(-10, -10), (np.int64(1174), np.int64(461)), (np.int64(1581), np.int64(461)), (np.int64(1988), np.int64(461))]
2025-10-19 21:50:57 [TRACE] 【坐标太近】视为重复
2025-10-19 21:50:57 [TRACE] 【没有通过的坐标】开始下一轮
2025-10-19 21:50:57 [TRACE] 【本轮的坐标】：(np.int64(1581), np.int64(462)) ------------
2025-10-19 21:50:57 [TRACE] 【已点击过的坐标】：[(-10, -10), (np.int64(1174), np.int64(461)), (np.int64(1581), np.int64(461)), (np.int64(1988), np.int64(461))]
2025-10-19 21:50:57 [TRACE] 【坐标太近】视为重复
2025-10-19 21:50:57 [TRACE] 【没有通过的坐标】开始下一轮
2025-10-19 21:50:57 [TRACE] 【本轮的坐标】：(np.int64(1582), np.int64(462)) ------------
2025-10-19 21:50:57 [TRACE] 【已点击过的坐标】：[(-10, -10), (np.int64(1174), np.int64(461)), (np.int64(1581), np.int64(461)), (np.int64(1988), np.int64(461))]
2025-10-19 21:50:57 [TRACE] 【坐标太近】视为重复
2025-10-19 21:50:57 [TRACE] 【没有通过的坐标】开始下一轮
2025-10-19 21:50:57 [TRACE] 【本轮的坐标】：(np.int64(1987), np.int64(462)) ------------
2025-10-19 21:50:57 [TRACE] 【已点击过的坐标】：[(-10, -10), (np.int64(1174), np.int64(461)), (np.int64(1581), np.int64(461)), (np.int64(1988), np.int64(461))]
2025-10-19 21:50:57 [TRACE] 【坐标太近】视为重复
2025-10-19 21:50:57 [TRACE] 【没有通过的坐标】开始下一轮
2025-10-19 21:50:57 [TRACE] 【本轮的坐标】：(np.int64(1988), np.int64(462)) ------------
2025-10-19 21:50:57 [TRACE] 【已点击过的坐标】：[(-10, -10), (np.int64(1174), np.int64(461)), (np.int64(1581), np.int64(461)), (np.int64(1988), np.int64(461))]
2025-10-19 21:50:57 [TRACE] 【坐标太近】视为重复
2025-10-19 21:50:57 [TRACE] 【没有通过的坐标】开始下一轮
2025-10-19 21:50:57 [TRACE] 【本轮的坐标】：(np.int64(1989), np.int64(462)) ------------
2025-10-19 21:50:57 [TRACE] 【已点击过的坐标】：[(-10, -10), (np.int64(1174), np.int64(461)), (np.int64(1581), np.int64(461)), (np.int64(1988), np.int64(461))]
2025-10-19 21:50:57 [TRACE] 【坐标太近】视为重复
2025-10-19 21:50:57 [TRACE] 【没有通过的坐标】开始下一轮
2025-10-19 21:50:57 [TRACE] 【本轮的坐标】：(np.int64(1990), np.int64(462)) ------------
2025-10-19 21:50:57 [TRACE] 【已点击过的坐标】：[(-10, -10), (np.int64(1174), np.int64(461)), (np.int64(1581), np.int64(461)), (np.int64(1988), np.int64(461))]
2025-10-19 21:50:57 [TRACE] 【坐标太近】视为重复
2025-10-19 21:50:57 [TRACE] 【没有通过的坐标】开始下一轮
2025-10-19 21:50:57 [TRACE] 【本轮的坐标】：(np.int64(1174), np.int64(463)) ------------
2025-10-19 21:50:57 [TRACE] 【已点击过的坐标】：[(-10, -10), (np.int64(1174), np.int64(461)), (np.int64(1581), np.int64(461)), (np.int64(1988), np.int64(461))]
2025-10-19 21:50:57 [TRACE] 【坐标太近】视为重复
2025-10-19 21:50:57 [TRACE] 【没有通过的坐标】开始下一轮
2025-10-19 21:50:57 [TRACE] 【本轮的坐标】：(np.int64(1581), np.int64(463)) ------------
2025-10-19 21:50:57 [TRACE] 【已点击过的坐标】：[(-10, -10), (np.int64(1174), np.int64(461)), (np.int64(1581), np.int64(461)), (np.int64(1988), np.int64(461))]
2025-10-19 21:50:57 [TRACE] 【坐标太近】视为重复
2025-10-19 21:50:57 [TRACE] 【没有通过的坐标】开始下一轮
2025-10-19 21:50:57 [TRACE] 【本轮的坐标】：(np.int64(1988), np.int64(463)) ------------
2025-10-19 21:50:57 [TRACE] 【已点击过的坐标】：[(-10, -10), (np.int64(1174), np.int64(461)), (np.int64(1581), np.int64(461)), (np.int64(1988), np.int64(461))]
2025-10-19 21:50:57 [TRACE] 【坐标太近】视为重复
2025-10-19 21:50:57 [TRACE] 【没有通过的坐标】开始下一轮
2025-10-19 21:50:57 [TRACE] 【完成所有点击】有效次数：3
2025-10-19 21:50:58 [TRACE] 【目标检测】目标存在，但置信度不足
2025-10-19 21:50:59 [TRACE] 【目标检测】屏幕内没有目标
2025-10-19 21:51:00 [TRACE] 【目标检测】目标存在，但置信度不足
2025-10-19 21:51:01 [TRACE] 【目标检测】目标存在，但置信度不足
2025-10-19 21:51:01 [TRACE] 【目标检测】屏幕内没有目标
2025-10-19 21:51:03 [TRACE] 【状态】搜索模式：C:\Users\gelon\Desktop\ZA-Lite\assets/images/hollow\next_area.png 置信度：0.9999992847442627
2025-10-19 21:51:06 [TRACE] 【状态】搜索模式：C:\Users\gelon\Desktop\ZA-Lite\assets/images/hollow\meter.png 置信度：0.9081244468688965
2025-10-19 21:51:06 [TRACE] 【目标检测】微调超时，无法对齐！
2025-10-19 21:51:11 [TRACE] 【目标检测】TRAPPED！ 类型：guide_point 置信度：0.9508573412895203
2025-10-19 21:51:13 [TRACE] 【空洞监听】无匹配已持续：0秒
2025-10-19 21:51:17 [TRACE] 【目标检测】屏幕内没有目标
2025-10-19 21:51:18 [TRACE] 【目标检测】屏幕内没有目标
2025-10-19 21:51:18 [TRACE] 【空洞监听】无匹配已持续：5秒
2025-10-19 21:51:23 [TRACE] 【目标检测】TRAPPED！ 类型：blue_portal 置信度：0.9245941638946533
2025-10-19 21:51:24 [TRACE] 【空洞监听】无匹配已持续：10秒
2025-10-19 21:51:29 [TRACE] 【空洞监听】无匹配已持续：15秒
2025-10-19 21:51:29 [TRACE] 【目标检测】屏幕内没有目标
2025-10-19 21:51:32 [TRACE] 【目标检测】TRAPPED！ 类型：interact 置信度：0.9299039840698242
2025-10-19 21:51:35 [TRACE] 【空洞监听】无匹配已持续：21秒
2025-10-19 21:51:38 [TRACE] 【目标检测】TRAPPED！ 类型：interact 置信度：0.9135618209838867
2025-10-19 21:51:40 [TRACE] 【空洞监听】无匹配已持续：27秒
2025-10-19 21:51:44 [TRACE] 【目标检测】屏幕内没有目标
2025-10-19 21:51:45 [TRACE] 【目标检测】屏幕内没有目标
2025-10-19 21:51:46 [TRACE] 【目标检测】屏幕内没有目标
2025-10-19 21:51:47 [TRACE] 【目标检测】屏幕内没有目标
2025-10-19 21:51:48 [TRACE] 【目标检测】屏幕内没有目标
2025-10-19 21:51:50 [TRACE] 【目标检测】屏幕内没有目标
2025-10-19 21:51:51 [TRACE] 【目标检测】屏幕内没有目标
2025-10-19 21:51:52 [TRACE] 【目标检测】屏幕内没有目标
2025-10-19 21:51:53 [TRACE] 【目标检测】屏幕内没有目标
2025-10-19 21:51:53 [TRACE] 【目标检测】屏幕内没有目标
2025-10-19 21:51:55 [TRACE] 【目标检测】屏幕内没有目标
2025-10-19 21:51:56 [TRACE] 【目标检测】屏幕内没有目标
2025-10-19 21:51:57 [TRACE] 【目标检测】屏幕内没有目标
2025-10-19 21:51:58 [TRACE] 【目标检测】屏幕内没有目标
2025-10-19 21:51:59 [TRACE] 【目标检测】屏幕内没有目标
2025-10-19 21:52:01 [TRACE] 【目标检测】屏幕内没有目标
2025-10-19 21:52:01 [TRACE] 【目标检测】屏幕内没有目标
2025-10-19 21:52:02 [TRACE] 【目标检测】屏幕内没有目标
2025-10-19 21:52:03 [TRACE] 【目标检测】屏幕内没有目标
2025-10-19 21:52:04 [TRACE] 【目标检测】屏幕内没有目标
2025-10-19 21:52:06 [TRACE] 【目标检测】屏幕内没有目标
2025-10-19 21:52:07 [TRACE] 【目标检测】屏幕内没有目标
2025-10-19 21:52:08 [TRACE] 【目标检测】屏幕内没有目标
2025-10-19 21:52:09 [TRACE] 【目标检测】屏幕内没有目标
2025-10-19 21:52:10 [TRACE] 【目标检测】屏幕内没有目标
2025-10-19 21:52:12 [TRACE] 【目标检测】屏幕内没有目标
2025-10-19 21:52:13 [TRACE] 【目标检测】屏幕内没有目标
2025-10-19 21:52:14 [TRACE] 【目标检测】屏幕内没有目标
2025-10-19 21:52:15 [TRACE] 【目标检测】屏幕内没有目标
2025-10-19 21:52:15 [TRACE] 【目标检测】屏幕内没有目标
2025-10-19 21:52:17 [TRACE] 【目标检测】屏幕内没有目标
2025-10-19 21:52:18 [TRACE] 【目标检测】目标存在，但置信度不足
2025-10-19 21:52:19 [TRACE] 【目标检测】目标存在，但置信度不足
2025-10-19 21:52:20 [TRACE] 【目标检测】目标存在，但置信度不足
2025-10-19 21:52:21 [TRACE] 【目标检测】目标存在，但置信度不足
2025-10-19 21:52:21 [TRACE] 【状态】搜索模式：C:\Users\gelon\Desktop\ZA-Lite\assets/images/hollow\resonium.png 置信度：0.9999998807907104
2025-10-19 21:52:22 [TRACE] 【目标检测】目标存在，但置信度不足
2025-10-19 21:52:22 [TRACE] 【目标出现】C:\Users\gelon\Desktop\ZA-Lite\assets/images/hollow\resonium.png 置信度：1.0
2025-10-19 21:52:22 [TRACE] 【本轮的坐标】：(np.int64(1174), np.int64(461)) ------------
2025-10-19 21:52:22 [TRACE] 【已点击过的坐标】：[(-10, -10)]
2025-10-19 21:52:22 [TRACE] 【成功点击】
2025-10-19 21:52:22 [TRACE] 【目标检测】目标存在，但置信度不足
2025-10-19 21:52:22 [TRACE] 【本轮的坐标】：(np.int64(1581), np.int64(461)) ------------
2025-10-19 21:52:22 [TRACE] 【已点击过的坐标】：[(-10, -10), (np.int64(1174), np.int64(461))]
2025-10-19 21:52:22 [TRACE] 【成功点击】
2025-10-19 21:52:23 [TRACE] 【目标检测】目标存在，但置信度不足
2025-10-19 21:52:23 [TRACE] 【本轮的坐标】：(np.int64(1582), np.int64(461)) ------------
2025-10-19 21:52:23 [TRACE] 【已点击过的坐标】：[(-10, -10), (np.int64(1174), np.int64(461)), (np.int64(1581), np.int64(461))]
2025-10-19 21:52:23 [TRACE] 【坐标太近】视为重复
2025-10-19 21:52:23 [TRACE] 【没有通过的坐标】开始下一轮
2025-10-19 21:52:23 [TRACE] 【本轮的坐标】：(np.int64(1988), np.int64(461)) ------------
2025-10-19 21:52:23 [TRACE] 【已点击过的坐标】：[(-10, -10), (np.int64(1174), np.int64(461)), (np.int64(1581), np.int64(461))]
2025-10-19 21:52:23 [TRACE] 【成功点击】
2025-10-19 21:52:24 [TRACE] 【目标检测】目标存在，但置信度不足
2025-10-19 21:52:24 [TRACE] 【本轮的坐标】：(np.int64(1989), np.int64(461)) ------------
2025-10-19 21:52:24 [TRACE] 【已点击过的坐标】：[(-10, -10), (np.int64(1174), np.int64(461)), (np.int64(1581), np.int64(461)), (np.int64(1988), np.int64(461))]
2025-10-19 21:52:24 [TRACE] 【坐标太近】视为重复
2025-10-19 21:52:24 [TRACE] 【没有通过的坐标】开始下一轮
2025-10-19 21:52:24 [TRACE] 【本轮的坐标】：(np.int64(1173), np.int64(462)) ------------
2025-10-19 21:52:24 [TRACE] 【已点击过的坐标】：[(-10, -10), (np.int64(1174), np.int64(461)), (np.int64(1581), np.int64(461)), (np.int64(1988), np.int64(461))]
2025-10-19 21:52:24 [TRACE] 【坐标太近】视为重复
2025-10-19 21:52:24 [TRACE] 【没有通过的坐标】开始下一轮
2025-10-19 21:52:24 [TRACE] 【本轮的坐标】：(np.int64(1174), np.int64(462)) ------------
2025-10-19 21:52:24 [TRACE] 【已点击过的坐标】：[(-10, -10), (np.int64(1174), np.int64(461)), (np.int64(1581), np.int64(461)), (np.int64(1988), np.int64(461))]
2025-10-19 21:52:24 [TRACE] 【坐标太近】视为重复
2025-10-19 21:52:24 [TRACE] 【没有通过的坐标】开始下一轮
2025-10-19 21:52:24 [TRACE] 【本轮的坐标】：(np.int64(1175), np.int64(462)) ------------
2025-10-19 21:52:24 [TRACE] 【已点击过的坐标】：[(-10, -10), (np.int64(1174), np.int64(461)), (np.int64(1581), np.int64(461)), (np.int64(1988), np.int64(461))]
2025-10-19 21:52:24 [TRACE] 【坐标太近】视为重复
2025-10-19 21:52:24 [TRACE] 【没有通过的坐标】开始下一轮
2025-10-19 21:52:24 [TRACE] 【本轮的坐标】：(np.int64(1580), np.int64(462)) ------------
2025-10-19 21:52:24 [TRACE] 【已点击过的坐标】：[(-10, -10), (np.int64(1174), np.int64(461)), (np.int64(1581), np.int64(461)), (np.int64(1988), np.int64(461))]
2025-10-19 21:52:24 [TRACE] 【坐标太近】视为重复
2025-10-19 21:52:24 [TRACE] 【没有通过的坐标】开始下一轮
2025-10-19 21:52:24 [TRACE] 【本轮的坐标】：(np.int64(1581), np.int64(462)) ------------
2025-10-19 21:52:24 [TRACE] 【已点击过的坐标】：[(-10, -10), (np.int64(1174), np.int64(461)), (np.int64(1581), np.int64(461)), (np.int64(1988), np.int64(461))]
2025-10-19 21:52:24 [TRACE] 【坐标太近】视为重复
2025-10-19 21:52:24 [TRACE] 【没有通过的坐标】开始下一轮
2025-10-19 21:52:24 [TRACE] 【本轮的坐标】：(np.int64(1582), np.int64(462)) ------------
2025-10-19 21:52:24 [TRACE] 【已点击过的坐标】：[(-10, -10), (np.int64(1174), np.int64(461)), (np.int64(1581), np.int64(461)), (np.int64(1988), np.int64(461))]
2025-10-19 21:52:24 [TRACE] 【坐标太近】视为重复
2025-10-19 21:52:24 [TRACE] 【没有通过的坐标】开始下一轮
2025-10-19 21:52:24 [TRACE] 【本轮的坐标】：(np.int64(1987), np.int64(462)) ------------
2025-10-19 21:52:24 [TRACE] 【已点击过的坐标】：[(-10, -10), (np.int64(1174), np.int64(461)), (np.int64(1581), np.int64(461)), (np.int64(1988), np.int64(461))]
2025-10-19 21:52:24 [TRACE] 【坐标太近】视为重复
2025-10-19 21:52:24 [TRACE] 【没有通过的坐标】开始下一轮
2025-10-19 21:52:24 [TRACE] 【本轮的坐标】：(np.int64(1988), np.int64(462)) ------------
2025-10-19 21:52:24 [TRACE] 【已点击过的坐标】：[(-10, -10), (np.int64(1174), np.int64(461)), (np.int64(1581), np.int64(461)), (np.int64(1988), np.int64(461))]
2025-10-19 21:52:24 [TRACE] 【坐标太近】视为重复
2025-10-19 21:52:24 [TRACE] 【没有通过的坐标】开始下一轮
2025-10-19 21:52:24 [TRACE] 【本轮的坐标】：(np.int64(1989), np.int64(462)) ------------
2025-10-19 21:52:24 [TRACE] 【已点击过的坐标】：[(-10, -10), (np.int64(1174), np.int64(461)), (np.int64(1581), np.int64(461)), (np.int64(1988), np.int64(461))]
2025-10-19 21:52:24 [TRACE] 【坐标太近】视为重复
2025-10-19 21:52:24 [TRACE] 【没有通过的坐标】开始下一轮
2025-10-19 21:52:24 [TRACE] 【本轮的坐标】：(np.int64(1990), np.int64(462)) ------------
2025-10-19 21:52:24 [TRACE] 【已点击过的坐标】：[(-10, -10), (np.int64(1174), np.int64(461)), (np.int64(1581), np.int64(461)), (np.int64(1988), np.int64(461))]
2025-10-19 21:52:24 [TRACE] 【坐标太近】视为重复
2025-10-19 21:52:24 [TRACE] 【没有通过的坐标】开始下一轮
2025-10-19 21:52:24 [TRACE] 【本轮的坐标】：(np.int64(1174), np.int64(463)) ------------
2025-10-19 21:52:24 [TRACE] 【已点击过的坐标】：[(-10, -10), (np.int64(1174), np.int64(461)), (np.int64(1581), np.int64(461)), (np.int64(1988), np.int64(461))]
2025-10-19 21:52:24 [TRACE] 【坐标太近】视为重复
2025-10-19 21:52:24 [TRACE] 【没有通过的坐标】开始下一轮
2025-10-19 21:52:24 [TRACE] 【本轮的坐标】：(np.int64(1581), np.int64(463)) ------------
2025-10-19 21:52:24 [TRACE] 【已点击过的坐标】：[(-10, -10), (np.int64(1174), np.int64(461)), (np.int64(1581), np.int64(461)), (np.int64(1988), np.int64(461))]
2025-10-19 21:52:24 [TRACE] 【坐标太近】视为重复
2025-10-19 21:52:24 [TRACE] 【没有通过的坐标】开始下一轮
2025-10-19 21:52:24 [TRACE] 【本轮的坐标】：(np.int64(1988), np.int64(463)) ------------
2025-10-19 21:52:24 [TRACE] 【已点击过的坐标】：[(-10, -10), (np.int64(1174), np.int64(461)), (np.int64(1581), np.int64(461)), (np.int64(1988), np.int64(461))]
2025-10-19 21:52:24 [TRACE] 【坐标太近】视为重复
2025-10-19 21:52:24 [TRACE] 【没有通过的坐标】开始下一轮
2025-10-19 21:52:24 [TRACE] 【完成所有点击】有效次数：3
2025-10-19 21:52:24 [TRACE] 【目标检测】屏幕内没有目标
2025-10-19 21:52:25 [TRACE] 【目标检测】屏幕内没有目标
2025-10-19 21:52:26 [TRACE] 【目标检测】屏幕内没有目标
2025-10-19 21:52:27 [TRACE] 【目标检测】屏幕内没有目标
2025-10-19 21:52:29 [TRACE] 【目标检测】屏幕内没有目标
2025-10-19 21:52:33 [TRACE] 【状态】搜索模式：C:\Users\gelon\Desktop\ZA-Lite\assets/images/hollow\meter.png 置信度：0.9338195323944092
2025-10-19 21:52:35 [TRACE] 【目标检测】微调超时，无法对齐！
2025-10-19 21:52:36 [TRACE] 【目标检测】目标存在，但置信度不足
2025-10-19 21:52:41 [TRACE] 【空洞监听】无匹配已持续：0秒
2025-10-19 21:52:42 [TRACE] 【目标检测】TRAPPED！ 类型：guide_point 置信度：0.9656801819801331
2025-10-19 21:52:46 [TRACE] 【空洞监听】无匹配已持续：5秒
2025-10-19 21:52:48 [TRACE] 【目标检测】屏幕内没有目标
2025-10-19 21:52:49 [TRACE] 【目标检测】屏幕内没有目标
2025-10-19 21:52:50 [TRACE] 【目标检测】目标存在，但置信度不足
2025-10-19 21:52:52 [TRACE] 【空洞监听】无匹配已持续：10秒
2025-10-19 21:52:53 [TRACE] 【目标检测】TRAPPED！ 类型：blue_portal 置信度：0.8518392443656921
2025-10-19 21:52:56 [TRACE] 【空洞监听】无匹配已持续：15秒
2025-10-19 21:52:59 [TRACE] 【目标检测】屏幕内没有目标
2025-10-19 21:53:02 [TRACE] 【空洞监听】无匹配已持续：20秒
2025-10-19 21:53:02 [TRACE] 【目标检测】屏幕内没有目标
2025-10-19 21:53:03 [TRACE] 【目标检测】屏幕内没有目标
2025-10-19 21:53:04 [TRACE] 【目标检测】屏幕内没有目标
2025-10-19 21:53:05 [TRACE] 【状态】战斗模式：C:\Users\gelon\Desktop\ZA-Lite\assets/images/hollow\battle_3.png 置信度：0.9999999403953552
2025-10-19 21:53:06 [TRACE] 【目标检测】屏幕内没有目标
2025-10-19 21:53:15 [TRACE] 【空洞监听】无匹配已持续：0秒
2025-10-19 21:53:21 [TRACE] 【空洞监听】无匹配已持续：6秒
2025-10-19 21:53:28 [TRACE] 【空洞监听】无匹配已持续：12秒
2025-10-19 21:53:34 [TRACE] 【空洞监听】无匹配已持续：18秒
2025-10-19 21:53:40 [TRACE] 【空洞监听】无匹配已持续：24秒
2025-10-19 21:53:48 [TRACE] 【状态】搜索模式：C:\Users\gelon\Desktop\ZA-Lite\assets/images/hollow\next_area.png 置信度：0.9999992847442627
2025-10-19 21:53:50 [TRACE] 【状态】搜索模式：C:\Users\gelon\Desktop\ZA-Lite\assets/images/hollow\meter.png 置信度：0.9915898442268372
2025-10-19 21:53:51 [TRACE] 【目标检测】微调超时，无法对齐！
2025-10-19 21:53:56 [TRACE] 【状态】搜索模式：C:\Users\gelon\Desktop\ZA-Lite\assets/images/hollow\meter.png 置信度：0.959999144077301
2025-10-19 21:53:57 [TRACE] 【目标检测】微调超时，无法对齐！
2025-10-19 21:54:02 [TRACE] 【目标检测】TRAPPED！ 类型：guide_point 置信度：0.934298038482666
2025-10-19 21:54:04 [TRACE] 【空洞监听】无匹配已持续：0秒
2025-10-19 21:54:08 [TRACE] 【目标检测】屏幕内没有目标
2025-10-19 21:54:09 [TRACE] 【目标检测】屏幕内没有目标
2025-10-19 21:54:09 [TRACE] 【空洞监听】无匹配已持续：5秒
2025-10-19 21:54:10 [TRACE] 【目标检测】屏幕内没有目标
2025-10-19 21:54:12 [TRACE] 【目标检测】屏幕内没有目标
2025-10-19 21:54:13 [TRACE] 【目标检测】屏幕内没有目标
2025-10-19 21:54:15 [TRACE] 【空洞监听】无匹配已持续：11秒
2025-10-19 21:54:15 [TRACE] 【目标检测】屏幕内没有目标
2025-10-19 21:54:17 [TRACE] 【目标检测】屏幕内没有目标
2025-10-19 21:54:18 [TRACE] 【目标检测】屏幕内没有目标
2025-10-19 21:54:18 [TRACE] 【状态】战斗模式：C:\Users\gelon\Desktop\ZA-Lite\assets/images/hollow\battle_5.png 置信度：0.9760276079177856
2025-10-19 21:54:19 [TRACE] 【目标检测】屏幕内没有目标
2025-10-19 21:54:22 [TRACE] 【状态】战斗模式：正在受到攻击
2025-10-19 21:54:28 [TRACE] 【空洞监听】无匹配已持续：0秒
2025-10-19 21:54:35 [TRACE] 【空洞监听】无匹配已持续：6秒
2025-10-19 21:54:39 [TRACE] 【状态】战斗模式：C:\Users\gelon\Desktop\ZA-Lite\assets/images/hollow\battle_5.png 置信度：0.9781250357627869
2025-10-19 21:54:42 [TRACE] 【状态】战斗模式：正在受到攻击
2025-10-19 21:54:48 [TRACE] 【空洞监听】无匹配已持续：0秒
2025-10-19 21:54:54 [TRACE] 【空洞监听】无匹配已持续：6秒
2025-10-19 21:55:01 [TRACE] 【空洞监听】无匹配已持续：12秒
2025-10-19 21:55:05 [TRACE] 【状态】战斗模式：C:\Users\gelon\Desktop\ZA-Lite\assets/images/hollow\battle_5.png 置信度：0.9902569651603699
2025-10-19 21:55:14 [TRACE] 【状态】战斗模式：正在受到攻击
2025-10-19 21:55:20 [TRACE] 【空洞监听】无匹配已持续：0秒
2025-10-19 21:55:24 [TRACE] 【状态】战斗模式：C:\Users\gelon\Desktop\ZA-Lite\assets/images/hollow\battle_5.png 置信度：0.9784343838691711
2025-10-19 21:55:33 [TRACE] 【状态】战斗模式：正在受到攻击
2025-10-19 21:55:37 [TRACE] 【状态】战斗模式：C:\Users\gelon\Desktop\ZA-Lite\assets/images/hollow\battle_5.png 置信度：0.93780916929245
2025-10-19 21:55:41 [TRACE] 【状态】战斗模式：正在受到攻击
2025-10-19 21:55:47 [TRACE] 【状态】战斗模式：正在受到攻击
2025-10-19 21:55:54 [TRACE] 【空洞监听】无匹配已持续：0秒
2025-10-19 21:56:00 [TRACE] 【空洞监听】无匹配已持续：6秒
2025-10-19 21:56:04 [TRACE] 【状态】战斗模式：C:\Users\gelon\Desktop\ZA-Lite\assets/images/hollow\battle_5.png 置信度：0.9509046673774719
2025-10-19 21:56:14 [TRACE] 【空洞监听】无匹配已持续：0秒
2025-10-19 21:56:20 [TRACE] 【状态】战斗模式：正在受到攻击
2025-10-19 21:56:26 [TRACE] 【空洞监听】无匹配已持续：0秒
2025-10-19 21:56:33 [TRACE] 【空洞监听】无匹配已持续：6秒
2025-10-19 21:56:39 [TRACE] 【空洞监听】无匹配已持续：12秒
2025-10-19 21:56:46 [TRACE] 【状态】战斗模式：正在受到攻击
2025-10-19 21:56:52 [WARNING] 代理人死亡，空洞任务失败
2025-10-19 21:56:52 [TRACE] 【1】等待目标中 C:\Users\gelon\Desktop\ZA-Lite\assets/images/hollow\mission_completed.png
2025-10-19 21:56:53 [TRACE] 【2】等待目标中 C:\Users\gelon\Desktop\ZA-Lite\assets/images/hollow\mission_completed.png
2025-10-19 21:56:54 [TRACE] 【3】等待目标中 C:\Users\gelon\Desktop\ZA-Lite\assets/images/hollow\mission_completed.png
2025-10-19 21:56:55 [TRACE] 【4】等待目标中 C:\Users\gelon\Desktop\ZA-Lite\assets/images/hollow\mission_completed.png
2025-10-19 21:56:56 [TRACE] 【目标出现】C:\Users\gelon\Desktop\ZA-Lite\assets/images/hollow\mission_completed.png 置信度：0.9999998211860657
2025-10-19 21:56:57 [INFO] 本轮耗时:9分钟
2025-10-19 21:56:57 [INFO] 当前已完成空洞 0 次 
2025-10-19 21:56:57 [DEBUG] 正在返回菜单
2025-10-19 21:56:57 [TRACE] 正在返回菜单,请保持游戏画面处于前台
2025-10-19 21:56:59 [TRACE] 正在返回菜单,请保持游戏画面处于前台
2025-10-19 21:57:02 [TRACE] 正在返回菜单,请保持游戏画面处于前台
2025-10-19 21:57:04 [TRACE] 正在返回菜单,请保持游戏画面处于前台
2025-10-19 21:57:06 [TRACE] 正在返回菜单,请保持游戏画面处于前台
2025-10-19 21:57:08 [TRACE] 现在处于大厅
2025-10-19 21:57:09 [INFO] 执行零号空洞任务中
2025-10-19 21:57:09 [TRACE] 【1】等待目标中 C:\Users\gelon\Desktop\ZA-Lite\assets/images/hollow\combat.png
2025-10-19 21:57:10 [TRACE] 【目标出现】C:\Users\gelon\Desktop\ZA-Lite\assets/images/hollow\combat.png 置信度：0.9762898087501526
2025-10-19 21:57:12 [TRACE] 【目标出现】C:\Users\gelon\Desktop\ZA-Lite\assets/images/hollow\zero_hollow.png 置信度：0.9999942779541016
2025-10-19 21:57:13 [TRACE] 【目标出现】C:\Users\gelon\Desktop\ZA-Lite\assets/images/hollow\go_hollow.png 置信度：0.9942706227302551
2025-10-19 21:57:14 [TRACE] 【目标出现】C:\Users\gelon\Desktop\ZA-Lite\assets/images/hollow\confirm.png 置信度：0.983948290348053
2025-10-19 21:57:16 [TRACE] 【1】等待目标中 C:\Users\gelon\Desktop\ZA-Lite\assets/images/hollow\hollow_taskforce.png
2025-10-19 21:57:17 [TRACE] 【2】等待目标中 C:\Users\gelon\Desktop\ZA-Lite\assets/images/hollow\hollow_taskforce.png
2025-10-19 21:57:17 [TRACE] 【3】等待目标中 C:\Users\gelon\Desktop\ZA-Lite\assets/images/hollow\hollow_taskforce.png
2025-10-19 21:57:18 [TRACE] 【目标出现】C:\Users\gelon\Desktop\ZA-Lite\assets/images/hollow\hollow_taskforce.png 置信度：0.9999860525131226
2025-10-19 21:57:19 [TRACE] 【目标出现】C:\Users\gelon\Desktop\ZA-Lite\assets/images/hollow\strategy.png 置信度：0.9999997019767761
2025-10-19 21:57:21 [TRACE] 【1】等待目标中 C:\Users\gelon\Desktop\ZA-Lite\assets/images/hollow\strategy_confirm.png
2025-10-19 21:57:21 [TRACE] 【目标出现】C:\Users\gelon\Desktop\ZA-Lite\assets/images/hollow\strategy_confirm.png 置信度：1.0
2025-10-19 21:57:23 [TRACE] 【目标出现】C:\Users\gelon\Desktop\ZA-Lite\assets/images/hollow\next_step.png 置信度：0.9812895059585571
2025-10-19 21:57:24 [TRACE] 【目标出现】C:\Users\gelon\Desktop\ZA-Lite\assets/images/hollow\start_battle.png 置信度：0.9767517447471619
2025-10-19 21:57:26 [TRACE] 【目标检测】屏幕内没有目标
2025-10-19 21:57:28 [TRACE] 【目标检测】屏幕内没有目标
2025-10-19 21:57:29 [TRACE] 【目标检测】屏幕内没有目标
2025-10-19 21:57:30 [TRACE] 【目标检测】屏幕内没有目标
2025-10-19 21:57:30 [TRACE] 【目标检测】屏幕内没有目标
2025-10-19 21:57:31 [TRACE] 【空洞监听】无匹配已持续：0秒
2025-10-19 21:57:31 [TRACE] 【目标检测】屏幕内没有目标
2025-10-19 21:57:33 [TRACE] 【目标检测】屏幕内没有目标
2025-10-19 21:57:34 [TRACE] 【目标检测】屏幕内没有目标
2025-10-19 21:57:35 [TRACE] 【目标检测】屏幕内没有目标
2025-10-19 21:57:36 [TRACE] 【目标检测】屏幕内没有目标
2025-10-19 21:57:36 [TRACE] 【空洞监听】无匹配已持续：5秒
2025-10-19 21:57:37 [TRACE] 【目标检测】屏幕内没有目标
2025-10-19 21:57:39 [TRACE] 【目标检测】屏幕内没有目标
2025-10-19 21:57:40 [TRACE] 【目标检测】屏幕内没有目标
2025-10-19 21:57:41 [TRACE] 【目标检测】目标存在，但置信度不足
2025-10-19 21:57:41 [TRACE] 【目标检测】屏幕内没有目标
2025-10-19 21:57:42 [TRACE] 【空洞监听】无匹配已持续：10秒
2025-10-19 21:57:42 [TRACE] 【目标检测】屏幕内没有目标
2025-10-19 21:57:43 [TRACE] 【目标检测】屏幕内没有目标
2025-10-19 21:57:45 [TRACE] 【目标检测】屏幕内没有目标
2025-10-19 21:57:47 [TRACE] 【空洞监听】无匹配已持续：16秒
2025-10-19 21:57:49 [TRACE] 【目标检测】TRAPPED！ 类型：interact 置信度：0.9304060339927673
2025-10-19 21:57:55 [TRACE] 【目标检测】屏幕内没有目标
2025-10-19 21:57:56 [TRACE] 【目标检测】屏幕内没有目标
2025-10-19 21:57:57 [TRACE] 【目标检测】屏幕内没有目标
2025-10-19 21:57:58 [TRACE] 【目标检测】屏幕内没有目标
2025-10-19 21:57:59 [TRACE] 【目标检测】TRAPPED！ 类型：blue_portal 置信度：0.82932049036026
2025-10-19 21:58:02 [TRACE] 【状态】搜索模式：C:\Users\gelon\Desktop\ZA-Lite\assets/images/hollow\meter.png 置信度：0.9056037664413452
2025-10-19 21:58:06 [TRACE] 【目标检测】TRAPPED！ 类型：blue_portal 置信度：0.7975911498069763
2025-10-19 21:58:08 [TRACE] 【状态】搜索模式：C:\Users\gelon\Desktop\ZA-Lite\assets/images/hollow\meter.png 置信度：0.9359962940216064
2025-10-19 21:58:13 [TRACE] 【目标检测】屏幕内没有目标
2025-10-19 21:58:15 [TRACE] 【目标检测】屏幕内没有目标
2025-10-19 21:58:16 [TRACE] 【目标检测】屏幕内没有目标
2025-10-19 21:58:16 [TRACE] 【空洞监听】无匹配已持续：0秒
2025-10-19 21:58:17 [TRACE] 【目标检测】屏幕内没有目标
2025-10-19 21:58:18 [TRACE] 【目标检测】屏幕内没有目标
2025-10-19 21:58:20 [TRACE] 【目标检测】屏幕内没有目标
2025-10-19 21:58:21 [TRACE] 【目标检测】屏幕内没有目标
2025-10-19 21:58:22 [TRACE] 【目标检测】屏幕内没有目标
2025-10-19 21:58:22 [TRACE] 【空洞监听】无匹配已持续：6秒
