2025-10-20 04:12:04 [TRACE] 【线程启动】全局监听
2025-10-20 04:12:04 [TRACE] 【线程启动】终止监听
2025-10-20 04:12:04 [INFO] 现在执行 1 次零号空洞
2025-10-20 04:12:06 [DEBUG] 初始化完毕..启动{零号空洞}模块
2025-10-20 04:12:09 [DEBUG] 发现已存在的游戏窗口
2025-10-20 04:12:14 [SUCCESS] 程序开始接管操作，请保持游戏画面处于前台，终止按下Alt键
2025-10-20 04:12:14 [TRACE] 【线程启动】空洞搜索
2025-10-20 04:12:14 [TRACE] 【线程启动】空洞监听
2025-10-20 04:12:14 [TRACE] 【线程启动】空洞战斗
2025-10-20 04:12:14 [DEBUG] 正在返回菜单
2025-10-20 04:12:14 [TRACE] 正在返回菜单,请保持游戏画面处于前台
2025-10-20 04:12:17 [TRACE] 正在返回菜单,请保持游戏画面处于前台
2025-10-20 04:12:19 [TRACE] 正在返回菜单,请保持游戏画面处于前台
2025-10-20 04:12:21 [TRACE] 正在返回菜单,请保持游戏画面处于前台
2025-10-20 04:12:23 [TRACE] 正在返回菜单,请保持游戏画面处于前台
2025-10-20 04:12:26 [TRACE] 正在返回菜单,请保持游戏画面处于前台
2025-10-20 04:12:28 [TRACE] 正在返回菜单,请保持游戏画面处于前台
2025-10-20 04:12:31 [TRACE] 正在返回菜单,请保持游戏画面处于前台
2025-10-20 04:12:33 [TRACE] 正在返回菜单,请保持游戏画面处于前台
2025-10-20 04:12:35 [TRACE] 正在返回菜单,请保持游戏画面处于前台
2025-10-20 04:12:37 [TRACE] 正在返回菜单,请保持游戏画面处于前台
2025-10-20 04:12:39 [TRACE] 正在返回菜单,请保持游戏画面处于前台
2025-10-20 04:12:42 [TRACE] 正在返回菜单,请保持游戏画面处于前台
2025-10-20 04:12:44 [TRACE] 正在返回菜单,请保持游戏画面处于前台
2025-10-20 04:12:46 [TRACE] 正在返回菜单,请保持游戏画面处于前台
2025-10-20 04:12:49 [TRACE] 正在返回菜单,请保持游戏画面处于前台
2025-10-20 04:12:51 [TRACE] 正在返回菜单,请保持游戏画面处于前台
2025-10-20 04:12:53 [TRACE] 正在返回菜单,请保持游戏画面处于前台
2025-10-20 04:12:56 [TRACE] 现在处于大厅
2025-10-20 04:12:56 [INFO] 执行零号空洞任务中
2025-10-20 04:12:57 [TRACE] 【1】等待目标中 C:\Users\gelon\Desktop\ZA-Lite\assets/images/hollow\combat.png
2025-10-20 04:12:58 [TRACE] 【目标出现】C:\Users\gelon\Desktop\ZA-Lite\assets/images/hollow\combat.png 置信度：0.9763166308403015
2025-10-20 04:12:59 [TRACE] 【目标出现】C:\Users\gelon\Desktop\ZA-Lite\assets/images/hollow\zero_hollow.png 置信度：0.9999943375587463
2025-10-20 04:13:00 [TRACE] 【目标出现】C:\Users\gelon\Desktop\ZA-Lite\assets/images/hollow\go_hollow.png 置信度：0.9942232370376587
2025-10-20 04:13:02 [TRACE] 【目标出现】C:\Users\gelon\Desktop\ZA-Lite\assets/images/hollow\confirm.png 置信度：0.9839586615562439
2025-10-20 04:13:03 [TRACE] 【1】等待目标中 C:\Users\gelon\Desktop\ZA-Lite\assets/images/hollow\hollow_taskforce.png
2025-10-20 04:13:04 [TRACE] 【2】等待目标中 C:\Users\gelon\Desktop\ZA-Lite\assets/images/hollow\hollow_taskforce.png
2025-10-20 04:13:05 [TRACE] 【3】等待目标中 C:\Users\gelon\Desktop\ZA-Lite\assets/images/hollow\hollow_taskforce.png
2025-10-20 04:13:06 [TRACE] 【目标出现】C:\Users\gelon\Desktop\ZA-Lite\assets/images/hollow\hollow_taskforce.png 置信度：0.9999805688858032
2025-10-20 04:13:07 [TRACE] 【目标出现】C:\Users\gelon\Desktop\ZA-Lite\assets/images/hollow\strategy.png 置信度：0.9999997019767761
2025-10-20 04:13:08 [TRACE] 【1】等待目标中 C:\Users\gelon\Desktop\ZA-Lite\assets/images/hollow\strategy_confirm.png
2025-10-20 04:13:09 [TRACE] 【目标出现】C:\Users\gelon\Desktop\ZA-Lite\assets/images/hollow\strategy_confirm.png 置信度：0.9999995827674866
2025-10-20 04:13:10 [TRACE] 【目标出现】C:\Users\gelon\Desktop\ZA-Lite\assets/images/hollow\next_step.png 置信度：0.9793134331703186
2025-10-20 04:13:12 [TRACE] 【目标出现】C:\Users\gelon\Desktop\ZA-Lite\assets/images/daily\squad_preset.png 置信度：0.986231803894043
2025-10-20 04:13:13 [TRACE] 【目标出现】C:\Users\gelon\Desktop\ZA-Lite\assets/images/daily\squad_4.png 置信度：0.9860552549362183
2025-10-20 04:13:14 [TRACE] 【目标出现】C:\Users\gelon\Desktop\ZA-Lite\assets/images/daily\select_squad.png 置信度：0.968311071395874
2025-10-20 04:13:16 [TRACE] 【目标出现】C:\Users\gelon\Desktop\ZA-Lite\assets/images/hollow\start_battle.png 置信度：0.978899359703064
2025-10-20 04:13:17 [TRACE] 【空洞监听】无匹配已持续：0秒
2025-10-20 04:13:18 [TRACE] 【目标检测】屏幕内没有目标
2025-10-20 04:13:19 [TRACE] 【目标检测】屏幕内没有目标
2025-10-20 04:13:20 [TRACE] 【目标检测】屏幕内没有目标
2025-10-20 04:13:20 [TRACE] 【目标检测】屏幕内没有目标
2025-10-20 04:13:21 [TRACE] 【目标检测】屏幕内没有目标
2025-10-20 04:13:22 [TRACE] 【空洞监听】无匹配已持续：5秒
2025-10-20 04:13:23 [TRACE] 【目标检测】屏幕内没有目标
2025-10-20 04:13:24 [TRACE] 【目标检测】屏幕内没有目标
2025-10-20 04:13:25 [TRACE] 【目标检测】屏幕内没有目标
2025-10-20 04:13:26 [TRACE] 【目标检测】屏幕内没有目标
2025-10-20 04:13:27 [TRACE] 【目标检测】屏幕内没有目标
2025-10-20 04:13:28 [TRACE] 【空洞监听】无匹配已持续：11秒
2025-10-20 04:13:29 [TRACE] 【目标检测】屏幕内没有目标
2025-10-20 04:13:30 [TRACE] 【目标检测】屏幕内没有目标
2025-10-20 04:13:31 [TRACE] 【目标检测】屏幕内没有目标
2025-10-20 04:13:32 [TRACE] 【目标检测】目标存在，但置信度不足
2025-10-20 04:13:33 [TRACE] 【目标检测】屏幕内没有目标
2025-10-20 04:13:34 [TRACE] 【目标检测】屏幕内没有目标
2025-10-20 04:13:35 [TRACE] 【空洞监听】无匹配已持续：17秒
2025-10-20 04:13:37 [TRACE] 【目标检测】屏幕内没有目标
2025-10-20 04:13:37 [TRACE] 【目标检测】屏幕内没有目标
2025-10-20 04:13:40 [TRACE] 【目标检测】TRAPPED！ 类型：interact 置信度：0.9032099843025208
2025-10-20 04:13:40 [TRACE] 【空洞监听】无匹配已持续：23秒
2025-10-20 04:13:51 [TRACE] 【目标检测】微调超时，无法对齐！
2025-10-20 04:13:53 [TRACE] 【空洞监听】无匹配已持续：0秒
2025-10-20 04:13:55 [TRACE] 【目标检测】TRAPPED！ 类型：interact 置信度：0.9227047562599182
2025-10-20 04:13:59 [TRACE] 【目标检测】TRAPPED！ 类型：interact 置信度：0.9032367467880249
2025-10-20 04:13:59 [TRACE] 【空洞监听】无匹配已持续：6秒
2025-10-20 04:14:05 [TRACE] 【状态】搜索模式：C:\Users\gelon\Desktop\ZA-Lite\assets/images/hollow\card.png 置信度：0.9999998211860657
2025-10-20 04:14:05 [TRACE] 【目标检测】屏幕内没有目标
2025-10-20 04:14:06 [TRACE] 【目标检测】目标存在，但置信度不足
2025-10-20 04:14:07 [TRACE] 【目标检测】目标存在，但置信度不足
2025-10-20 04:14:08 [TRACE] 【目标检测】屏幕内没有目标
2025-10-20 04:14:09 [TRACE] 【目标检测】目标存在，但置信度不足
2025-10-20 04:14:10 [TRACE] 【目标检测】目标存在，但置信度不足
2025-10-20 04:14:11 [TRACE] 【目标检测】屏幕内没有目标
2025-10-20 04:14:12 [TRACE] 【目标检测】屏幕内没有目标
2025-10-20 04:14:13 [TRACE] 【目标检测】屏幕内没有目标
2025-10-20 04:14:17 [TRACE] 【空洞监听】无匹配已持续：0秒
2025-10-20 04:14:20 [TRACE] 【目标检测】微调超时，无法对齐！
2025-10-20 04:14:23 [TRACE] 【空洞监听】无匹配已持续：5秒
2025-10-20 04:14:25 [TRACE] 【目标检测】TRAPPED！ 类型：interact 置信度：0.903766393661499
2025-10-20 04:14:31 [TRACE] 【目标检测】屏幕内没有目标
2025-10-20 04:14:32 [TRACE] 【目标检测】屏幕内没有目标
2025-10-20 04:14:33 [TRACE] 【目标检测】屏幕内没有目标
2025-10-20 04:14:34 [TRACE] 【目标检测】屏幕内没有目标
2025-10-20 04:14:37 [TRACE] 【目标检测】TRAPPED！ 类型：blue_portal 置信度：0.8335884213447571
2025-10-20 04:14:44 [TRACE] 【目标检测】TRAPPED！ 类型：blue_portal 置信度：0.676118016242981
2025-10-20 04:14:48 [TRACE] 【空洞监听】无匹配已持续：0秒
2025-10-20 04:14:48 [TRACE] 【目标检测】TRAPPED！ 类型：blue_portal 置信度：0.9057117700576782
2025-10-20 04:14:54 [TRACE] 【空洞监听】无匹配已持续：5秒
2025-10-20 04:14:55 [TRACE] 【目标检测】屏幕内没有目标
2025-10-20 04:14:56 [TRACE] 【目标检测】屏幕内没有目标
2025-10-20 04:14:57 [TRACE] 【目标检测】屏幕内没有目标
2025-10-20 04:14:58 [TRACE] 【目标检测】屏幕内没有目标
2025-10-20 04:14:59 [TRACE] 【目标检测】屏幕内没有目标
2025-10-20 04:15:00 [TRACE] 【空洞监听】无匹配已持续：11秒
2025-10-20 04:15:01 [TRACE] 【目标检测】目标存在，但置信度不足
2025-10-20 04:15:02 [TRACE] 【目标检测】屏幕内没有目标
2025-10-20 04:15:03 [TRACE] 【线程启动】攻击检测
2025-10-20 04:15:03 [TRACE] 【状态】战斗模式：C:\Users\gelon\Desktop\ZA-Lite\assets/images/hollow\battle_2.png 置信度：0.9999997615814209
2025-10-20 04:15:03 [TRACE] 【状态】战斗模式：C:\Users\gelon\Desktop\ZA-Lite\assets/images/hollow\battle_3.png 置信度：0.9999999403953552
2025-10-20 04:15:11 [TRACE] 【状态】战斗模式：C:\Users\gelon\Desktop\ZA-Lite\assets/images/hollow\battle_5.png 置信度：0.9606170654296875
2025-10-20 04:15:21 [TRACE] 【状态】战斗模式：正在受到攻击
2025-10-20 04:15:27 [TRACE] 【空洞监听】无匹配已持续：0秒
2025-10-20 04:15:35 [TRACE] 【状态】搜索模式：C:\Users\gelon\Desktop\ZA-Lite\assets/images/hollow\resonium.png 置信度：1.0
2025-10-20 04:15:36 [TRACE] 【目标出现】C:\Users\gelon\Desktop\ZA-Lite\assets/images/hollow\resonium.png 置信度：1.0
2025-10-20 04:15:36 [TRACE] 【本轮的坐标】：(np.int64(1174), np.int64(461)) ------------
2025-10-20 04:15:36 [TRACE] 【已点击过的坐标】：[(-10, -10)]
2025-10-20 04:15:36 [TRACE] 【成功点击】
2025-10-20 04:15:36 [TRACE] 【目标检测】目标存在，但置信度不足
2025-10-20 04:15:36 [TRACE] 【本轮的坐标】：(np.int64(1581), np.int64(461)) ------------
2025-10-20 04:15:36 [TRACE] 【已点击过的坐标】：[(-10, -10), (np.int64(1174), np.int64(461))]
2025-10-20 04:15:36 [TRACE] 【成功点击】
2025-10-20 04:15:37 [TRACE] 【目标检测】目标存在，但置信度不足
2025-10-20 04:15:37 [TRACE] 【本轮的坐标】：(np.int64(1582), np.int64(461)) ------------
2025-10-20 04:15:37 [TRACE] 【已点击过的坐标】：[(-10, -10), (np.int64(1174), np.int64(461)), (np.int64(1581), np.int64(461))]
2025-10-20 04:15:37 [TRACE] 【坐标太近】视为重复
2025-10-20 04:15:37 [TRACE] 【没有通过的坐标】开始下一轮
2025-10-20 04:15:37 [TRACE] 【本轮的坐标】：(np.int64(1988), np.int64(461)) ------------
2025-10-20 04:15:37 [TRACE] 【已点击过的坐标】：[(-10, -10), (np.int64(1174), np.int64(461)), (np.int64(1581), np.int64(461))]
2025-10-20 04:15:37 [TRACE] 【成功点击】
2025-10-20 04:15:37 [TRACE] 【目标检测】目标存在，但置信度不足
2025-10-20 04:15:38 [TRACE] 【本轮的坐标】：(np.int64(1989), np.int64(461)) ------------
2025-10-20 04:15:38 [TRACE] 【已点击过的坐标】：[(-10, -10), (np.int64(1174), np.int64(461)), (np.int64(1581), np.int64(461)), (np.int64(1988), np.int64(461))]
2025-10-20 04:15:38 [TRACE] 【坐标太近】视为重复
2025-10-20 04:15:38 [TRACE] 【没有通过的坐标】开始下一轮
2025-10-20 04:15:38 [TRACE] 【本轮的坐标】：(np.int64(1173), np.int64(462)) ------------
2025-10-20 04:15:38 [TRACE] 【已点击过的坐标】：[(-10, -10), (np.int64(1174), np.int64(461)), (np.int64(1581), np.int64(461)), (np.int64(1988), np.int64(461))]
2025-10-20 04:15:38 [TRACE] 【坐标太近】视为重复
2025-10-20 04:15:38 [TRACE] 【没有通过的坐标】开始下一轮
2025-10-20 04:15:38 [TRACE] 【本轮的坐标】：(np.int64(1174), np.int64(462)) ------------
2025-10-20 04:15:38 [TRACE] 【已点击过的坐标】：[(-10, -10), (np.int64(1174), np.int64(461)), (np.int64(1581), np.int64(461)), (np.int64(1988), np.int64(461))]
2025-10-20 04:15:38 [TRACE] 【坐标太近】视为重复
2025-10-20 04:15:38 [TRACE] 【没有通过的坐标】开始下一轮
2025-10-20 04:15:38 [TRACE] 【本轮的坐标】：(np.int64(1175), np.int64(462)) ------------
2025-10-20 04:15:38 [TRACE] 【已点击过的坐标】：[(-10, -10), (np.int64(1174), np.int64(461)), (np.int64(1581), np.int64(461)), (np.int64(1988), np.int64(461))]
2025-10-20 04:15:38 [TRACE] 【坐标太近】视为重复
2025-10-20 04:15:38 [TRACE] 【没有通过的坐标】开始下一轮
2025-10-20 04:15:38 [TRACE] 【本轮的坐标】：(np.int64(1580), np.int64(462)) ------------
2025-10-20 04:15:38 [TRACE] 【已点击过的坐标】：[(-10, -10), (np.int64(1174), np.int64(461)), (np.int64(1581), np.int64(461)), (np.int64(1988), np.int64(461))]
2025-10-20 04:15:38 [TRACE] 【坐标太近】视为重复
2025-10-20 04:15:38 [TRACE] 【没有通过的坐标】开始下一轮
2025-10-20 04:15:38 [TRACE] 【本轮的坐标】：(np.int64(1581), np.int64(462)) ------------
2025-10-20 04:15:38 [TRACE] 【已点击过的坐标】：[(-10, -10), (np.int64(1174), np.int64(461)), (np.int64(1581), np.int64(461)), (np.int64(1988), np.int64(461))]
2025-10-20 04:15:38 [TRACE] 【坐标太近】视为重复
2025-10-20 04:15:38 [TRACE] 【没有通过的坐标】开始下一轮
2025-10-20 04:15:38 [TRACE] 【本轮的坐标】：(np.int64(1582), np.int64(462)) ------------
2025-10-20 04:15:38 [TRACE] 【已点击过的坐标】：[(-10, -10), (np.int64(1174), np.int64(461)), (np.int64(1581), np.int64(461)), (np.int64(1988), np.int64(461))]
2025-10-20 04:15:38 [TRACE] 【坐标太近】视为重复
2025-10-20 04:15:38 [TRACE] 【没有通过的坐标】开始下一轮
2025-10-20 04:15:38 [TRACE] 【本轮的坐标】：(np.int64(1987), np.int64(462)) ------------
2025-10-20 04:15:38 [TRACE] 【已点击过的坐标】：[(-10, -10), (np.int64(1174), np.int64(461)), (np.int64(1581), np.int64(461)), (np.int64(1988), np.int64(461))]
2025-10-20 04:15:38 [TRACE] 【坐标太近】视为重复
2025-10-20 04:15:38 [TRACE] 【没有通过的坐标】开始下一轮
2025-10-20 04:15:38 [TRACE] 【本轮的坐标】：(np.int64(1988), np.int64(462)) ------------
2025-10-20 04:15:38 [TRACE] 【已点击过的坐标】：[(-10, -10), (np.int64(1174), np.int64(461)), (np.int64(1581), np.int64(461)), (np.int64(1988), np.int64(461))]
2025-10-20 04:15:38 [TRACE] 【坐标太近】视为重复
2025-10-20 04:15:38 [TRACE] 【没有通过的坐标】开始下一轮
2025-10-20 04:15:38 [TRACE] 【本轮的坐标】：(np.int64(1989), np.int64(462)) ------------
2025-10-20 04:15:38 [TRACE] 【已点击过的坐标】：[(-10, -10), (np.int64(1174), np.int64(461)), (np.int64(1581), np.int64(461)), (np.int64(1988), np.int64(461))]
2025-10-20 04:15:38 [TRACE] 【坐标太近】视为重复
2025-10-20 04:15:38 [TRACE] 【没有通过的坐标】开始下一轮
2025-10-20 04:15:38 [TRACE] 【本轮的坐标】：(np.int64(1990), np.int64(462)) ------------
2025-10-20 04:15:38 [TRACE] 【已点击过的坐标】：[(-10, -10), (np.int64(1174), np.int64(461)), (np.int64(1581), np.int64(461)), (np.int64(1988), np.int64(461))]
2025-10-20 04:15:38 [TRACE] 【坐标太近】视为重复
2025-10-20 04:15:38 [TRACE] 【没有通过的坐标】开始下一轮
2025-10-20 04:15:38 [TRACE] 【本轮的坐标】：(np.int64(1174), np.int64(463)) ------------
2025-10-20 04:15:38 [TRACE] 【已点击过的坐标】：[(-10, -10), (np.int64(1174), np.int64(461)), (np.int64(1581), np.int64(461)), (np.int64(1988), np.int64(461))]
2025-10-20 04:15:38 [TRACE] 【坐标太近】视为重复
2025-10-20 04:15:38 [TRACE] 【没有通过的坐标】开始下一轮
2025-10-20 04:15:38 [TRACE] 【本轮的坐标】：(np.int64(1581), np.int64(463)) ------------
2025-10-20 04:15:38 [TRACE] 【已点击过的坐标】：[(-10, -10), (np.int64(1174), np.int64(461)), (np.int64(1581), np.int64(461)), (np.int64(1988), np.int64(461))]
2025-10-20 04:15:38 [TRACE] 【坐标太近】视为重复
2025-10-20 04:15:38 [TRACE] 【没有通过的坐标】开始下一轮
2025-10-20 04:15:38 [TRACE] 【本轮的坐标】：(np.int64(1988), np.int64(463)) ------------
2025-10-20 04:15:38 [TRACE] 【已点击过的坐标】：[(-10, -10), (np.int64(1174), np.int64(461)), (np.int64(1581), np.int64(461)), (np.int64(1988), np.int64(461))]
2025-10-20 04:15:38 [TRACE] 【坐标太近】视为重复
2025-10-20 04:15:38 [TRACE] 【没有通过的坐标】开始下一轮
2025-10-20 04:15:38 [TRACE] 【完成所有点击】有效次数：3
2025-10-20 04:15:38 [TRACE] 【目标检测】屏幕内没有目标
2025-10-20 04:15:39 [TRACE] 【目标检测】屏幕内没有目标
2025-10-20 04:15:40 [TRACE] 【目标检测】屏幕内没有目标
2025-10-20 04:15:41 [TRACE] 【目标检测】目标存在，但置信度不足
2025-10-20 04:15:42 [TRACE] 【目标检测】屏幕内没有目标
2025-10-20 04:15:45 [TRACE] 【状态】搜索模式：C:\Users\gelon\Desktop\ZA-Lite\assets/images/hollow\next_area.png 置信度：0.9999995231628418
2025-10-20 04:15:48 [TRACE] 【状态】搜索模式：C:\Users\gelon\Desktop\ZA-Lite\assets/images/hollow\meter.png 置信度：0.9416369795799255
2025-10-20 04:15:48 [TRACE] 【目标检测】TRAPPED！ 类型：blue_portal 置信度：0.9191827774047852
2025-10-20 04:15:55 [TRACE] 【目标检测】屏幕内没有目标
2025-10-20 04:15:56 [TRACE] 【空洞监听】无匹配已持续：0秒
2025-10-20 04:15:56 [TRACE] 【目标检测】屏幕内没有目标
2025-10-20 04:15:57 [TRACE] 【目标检测】屏幕内没有目标
2025-10-20 04:15:59 [TRACE] 【目标检测】屏幕内没有目标
2025-10-20 04:16:00 [TRACE] 【目标检测】屏幕内没有目标
2025-10-20 04:16:02 [TRACE] 【目标检测】屏幕内没有目标
2025-10-20 04:16:02 [TRACE] 【空洞监听】无匹配已持续：6秒
2025-10-20 04:16:03 [TRACE] 【目标检测】屏幕内没有目标
2025-10-20 04:16:05 [TRACE] 【目标检测】屏幕内没有目标
2025-10-20 04:16:08 [TRACE] 【空洞监听】无匹配已持续：12秒
2025-10-20 04:16:09 [TRACE] 【目标检测】TRAPPED！ 类型：interact 置信度：0.9535029530525208
2025-10-20 04:16:14 [TRACE] 【空洞监听】无匹配已持续：17秒
2025-10-20 04:16:16 [TRACE] 【目标检测】屏幕内没有目标
2025-10-20 04:16:17 [TRACE] 【目标检测】目标存在，但置信度不足
2025-10-20 04:16:18 [TRACE] 【目标检测】屏幕内没有目标
2025-10-20 04:16:19 [TRACE] 【目标检测】屏幕内没有目标
2025-10-20 04:16:19 [TRACE] 【目标检测】目标存在，但置信度不足
2025-10-20 04:16:20 [TRACE] 【目标检测】屏幕内没有目标
2025-10-20 04:16:21 [TRACE] 【目标检测】屏幕内没有目标
2025-10-20 04:16:24 [TRACE] 【目标检测】目标存在，但置信度不足
2025-10-20 04:16:24 [TRACE] 【目标检测】目标存在，但置信度不足
2025-10-20 04:16:25 [TRACE] 【目标检测】屏幕内没有目标
2025-10-20 04:16:26 [TRACE] 【目标检测】屏幕内没有目标
2025-10-20 04:16:27 [TRACE] 【目标检测】屏幕内没有目标
2025-10-20 04:16:28 [TRACE] 【目标检测】目标存在，但置信度不足
2025-10-20 04:16:29 [TRACE] 【目标检测】屏幕内没有目标
2025-10-20 04:16:30 [TRACE] 【目标检测】目标存在，但置信度不足
2025-10-20 04:16:31 [TRACE] 【目标检测】屏幕内没有目标
2025-10-20 04:16:33 [TRACE] 【目标检测】屏幕内没有目标
2025-10-20 04:16:34 [TRACE] 【目标检测】目标存在，但置信度不足
2025-10-20 04:16:35 [TRACE] 【目标检测】目标存在，但置信度不足
2025-10-20 04:16:36 [TRACE] 【目标检测】目标存在，但置信度不足
2025-10-20 04:16:37 [TRACE] 【目标检测】屏幕内没有目标
2025-10-20 04:16:38 [TRACE] 【目标检测】屏幕内没有目标
2025-10-20 04:16:39 [TRACE] 【目标检测】目标存在，但置信度不足
2025-10-20 04:16:40 [TRACE] 【目标检测】目标存在，但置信度不足
2025-10-20 04:16:40 [TRACE] 【目标检测】目标存在，但置信度不足
2025-10-20 04:16:41 [TRACE] 【目标检测】目标存在，但置信度不足
2025-10-20 04:16:43 [TRACE] 【目标检测】目标存在，但置信度不足
2025-10-20 04:16:44 [TRACE] 【目标检测】屏幕内没有目标
2025-10-20 04:16:44 [TRACE] 【目标检测】屏幕内没有目标
2025-10-20 04:16:47 [TRACE] 【目标检测】目标存在，但置信度不足
2025-10-20 04:16:47 [TRACE] 【目标检测】目标存在，但置信度不足
2025-10-20 04:16:49 [TRACE] 【目标检测】目标存在，但置信度不足
2025-10-20 04:16:49 [TRACE] 【目标检测】目标存在，但置信度不足
2025-10-20 04:16:50 [TRACE] 【目标检测】目标存在，但置信度不足
2025-10-20 04:16:51 [TRACE] 【目标检测】目标存在，但置信度不足
2025-10-20 04:16:51 [TRACE] 【状态】搜索模式：C:\Users\gelon\Desktop\ZA-Lite\assets/images/hollow\resonium.png 置信度：0.9920591711997986
2025-10-20 04:16:52 [TRACE] 【目标出现】C:\Users\gelon\Desktop\ZA-Lite\assets/images/hollow\resonium.png 置信度：0.9920591711997986
2025-10-20 04:16:52 [TRACE] 【本轮的坐标】：(np.int64(1581), np.int64(461)) ------------
2025-10-20 04:16:52 [TRACE] 【已点击过的坐标】：[(-10, -10)]
2025-10-20 04:16:52 [TRACE] 【成功点击】
2025-10-20 04:16:52 [TRACE] 【目标检测】目标存在，但置信度不足
2025-10-20 04:16:52 [TRACE] 【本轮的坐标】：(np.int64(1582), np.int64(461)) ------------
2025-10-20 04:16:52 [TRACE] 【已点击过的坐标】：[(-10, -10), (np.int64(1581), np.int64(461))]
2025-10-20 04:16:52 [TRACE] 【坐标太近】视为重复
2025-10-20 04:16:52 [TRACE] 【没有通过的坐标】开始下一轮
2025-10-20 04:16:52 [TRACE] 【本轮的坐标】：(np.int64(1580), np.int64(462)) ------------
2025-10-20 04:16:52 [TRACE] 【已点击过的坐标】：[(-10, -10), (np.int64(1581), np.int64(461))]
2025-10-20 04:16:52 [TRACE] 【坐标太近】视为重复
2025-10-20 04:16:52 [TRACE] 【没有通过的坐标】开始下一轮
2025-10-20 04:16:52 [TRACE] 【本轮的坐标】：(np.int64(1581), np.int64(462)) ------------
2025-10-20 04:16:52 [TRACE] 【已点击过的坐标】：[(-10, -10), (np.int64(1581), np.int64(461))]
2025-10-20 04:16:52 [TRACE] 【坐标太近】视为重复
2025-10-20 04:16:52 [TRACE] 【没有通过的坐标】开始下一轮
2025-10-20 04:16:52 [TRACE] 【本轮的坐标】：(np.int64(1582), np.int64(462)) ------------
2025-10-20 04:16:52 [TRACE] 【已点击过的坐标】：[(-10, -10), (np.int64(1581), np.int64(461))]
2025-10-20 04:16:52 [TRACE] 【坐标太近】视为重复
2025-10-20 04:16:52 [TRACE] 【没有通过的坐标】开始下一轮
2025-10-20 04:16:52 [TRACE] 【本轮的坐标】：(np.int64(1581), np.int64(463)) ------------
2025-10-20 04:16:52 [TRACE] 【已点击过的坐标】：[(-10, -10), (np.int64(1581), np.int64(461))]
2025-10-20 04:16:52 [TRACE] 【坐标太近】视为重复
2025-10-20 04:16:52 [TRACE] 【没有通过的坐标】开始下一轮
2025-10-20 04:16:52 [TRACE] 【完成所有点击】有效次数：1
2025-10-20 04:16:53 [TRACE] 【目标检测】目标存在，但置信度不足
2025-10-20 04:16:54 [TRACE] 【目标检测】目标存在，但置信度不足
2025-10-20 04:16:55 [TRACE] 【目标检测】目标存在，但置信度不足
2025-10-20 04:16:56 [TRACE] 【目标检测】目标存在，但置信度不足
2025-10-20 04:16:57 [TRACE] 【目标检测】目标存在，但置信度不足
2025-10-20 04:17:02 [TRACE] 【状态】搜索模式：C:\Users\gelon\Desktop\ZA-Lite\assets/images/hollow\meter.png 置信度：0.9381715059280396
2025-10-20 04:17:03 [TRACE] 【目标检测】微调超时，无法对齐！
2025-10-20 04:17:07 [TRACE] 【目标检测】TRAPPED！ 类型：guide_point 置信度：0.95147705078125
2025-10-20 04:17:08 [TRACE] 【状态】搜索模式：C:\Users\gelon\Desktop\ZA-Lite\assets/images/hollow\meter.png 置信度：0.9370129108428955
2025-10-20 04:17:13 [TRACE] 【目标检测】屏幕内没有目标
2025-10-20 04:17:15 [TRACE] 【目标检测】目标存在，但置信度不足
2025-10-20 04:17:16 [TRACE] 【空洞监听】无匹配已持续：0秒
2025-10-20 04:17:19 [TRACE] 【目标检测】TRAPPED！ 类型：interact 置信度：0.8891512751579285
2025-10-20 04:17:22 [TRACE] 【空洞监听】无匹配已持续：5秒
2025-10-20 04:17:22 [TRACE] 【状态】搜索模式：C:\Users\gelon\Desktop\ZA-Lite\assets/images/hollow\card.png 置信度：0.9660983681678772
2025-10-20 04:17:25 [TRACE] 【目标检测】屏幕内没有目标
2025-10-20 04:17:26 [TRACE] 【目标检测】屏幕内没有目标
2025-10-20 04:17:27 [TRACE] 【目标检测】屏幕内没有目标
2025-10-20 04:17:28 [TRACE] 【目标检测】屏幕内没有目标
2025-10-20 04:17:28 [TRACE] 【状态】搜索模式：C:\Users\gelon\Desktop\ZA-Lite\assets/images/hollow\resonium.png 置信度：0.9999996423721313
2025-10-20 04:17:29 [TRACE] 【目标出现】C:\Users\gelon\Desktop\ZA-Lite\assets/images/hollow\resonium.png 置信度：1.0
2025-10-20 04:17:29 [TRACE] 【本轮的坐标】：(np.int64(1699), np.int64(441)) ------------
2025-10-20 04:17:29 [TRACE] 【已点击过的坐标】：[(-10, -10)]
2025-10-20 04:17:29 [TRACE] 【成功点击】
2025-10-20 04:17:29 [TRACE] 【目标检测】屏幕内没有目标
2025-10-20 04:17:29 [TRACE] 【本轮的坐标】：(np.int64(2088), np.int64(441)) ------------
2025-10-20 04:17:29 [TRACE] 【已点击过的坐标】：[(-10, -10), (np.int64(1699), np.int64(441))]
2025-10-20 04:17:29 [TRACE] 【成功点击】
2025-10-20 04:17:30 [TRACE] 【本轮的坐标】：(np.int64(2089), np.int64(441)) ------------
2025-10-20 04:17:30 [TRACE] 【已点击过的坐标】：[(-10, -10), (np.int64(1699), np.int64(441)), (np.int64(2088), np.int64(441))]
2025-10-20 04:17:30 [TRACE] 【坐标太近】视为重复
2025-10-20 04:17:30 [TRACE] 【没有通过的坐标】开始下一轮
2025-10-20 04:17:30 [TRACE] 【本轮的坐标】：(np.int64(2478), np.int64(441)) ------------
2025-10-20 04:17:30 [TRACE] 【已点击过的坐标】：[(-10, -10), (np.int64(1699), np.int64(441)), (np.int64(2088), np.int64(441))]
2025-10-20 04:17:30 [TRACE] 【成功点击】
2025-10-20 04:17:31 [TRACE] 【本轮的坐标】：(np.int64(1698), np.int64(442)) ------------
2025-10-20 04:17:31 [TRACE] 【已点击过的坐标】：[(-10, -10), (np.int64(1699), np.int64(441)), (np.int64(2088), np.int64(441)), (np.int64(2478), np.int64(441))]
2025-10-20 04:17:31 [TRACE] 【坐标太近】视为重复
2025-10-20 04:17:31 [TRACE] 【没有通过的坐标】开始下一轮
2025-10-20 04:17:31 [TRACE] 【本轮的坐标】：(np.int64(1699), np.int64(442)) ------------
2025-10-20 04:17:31 [TRACE] 【已点击过的坐标】：[(-10, -10), (np.int64(1699), np.int64(441)), (np.int64(2088), np.int64(441)), (np.int64(2478), np.int64(441))]
2025-10-20 04:17:31 [TRACE] 【坐标太近】视为重复
2025-10-20 04:17:31 [TRACE] 【没有通过的坐标】开始下一轮
2025-10-20 04:17:31 [TRACE] 【本轮的坐标】：(np.int64(1700), np.int64(442)) ------------
2025-10-20 04:17:31 [TRACE] 【已点击过的坐标】：[(-10, -10), (np.int64(1699), np.int64(441)), (np.int64(2088), np.int64(441)), (np.int64(2478), np.int64(441))]
2025-10-20 04:17:31 [TRACE] 【坐标太近】视为重复
2025-10-20 04:17:31 [TRACE] 【没有通过的坐标】开始下一轮
2025-10-20 04:17:31 [TRACE] 【本轮的坐标】：(np.int64(2087), np.int64(442)) ------------
2025-10-20 04:17:31 [TRACE] 【已点击过的坐标】：[(-10, -10), (np.int64(1699), np.int64(441)), (np.int64(2088), np.int64(441)), (np.int64(2478), np.int64(441))]
2025-10-20 04:17:31 [TRACE] 【坐标太近】视为重复
2025-10-20 04:17:31 [TRACE] 【没有通过的坐标】开始下一轮
2025-10-20 04:17:31 [TRACE] 【本轮的坐标】：(np.int64(2088), np.int64(442)) ------------
2025-10-20 04:17:31 [TRACE] 【已点击过的坐标】：[(-10, -10), (np.int64(1699), np.int64(441)), (np.int64(2088), np.int64(441)), (np.int64(2478), np.int64(441))]
2025-10-20 04:17:31 [TRACE] 【坐标太近】视为重复
2025-10-20 04:17:31 [TRACE] 【没有通过的坐标】开始下一轮
2025-10-20 04:17:31 [TRACE] 【本轮的坐标】：(np.int64(2089), np.int64(442)) ------------
2025-10-20 04:17:31 [TRACE] 【已点击过的坐标】：[(-10, -10), (np.int64(1699), np.int64(441)), (np.int64(2088), np.int64(441)), (np.int64(2478), np.int64(441))]
2025-10-20 04:17:31 [TRACE] 【坐标太近】视为重复
2025-10-20 04:17:31 [TRACE] 【没有通过的坐标】开始下一轮
2025-10-20 04:17:31 [TRACE] 【本轮的坐标】：(np.int64(2090), np.int64(442)) ------------
2025-10-20 04:17:31 [TRACE] 【已点击过的坐标】：[(-10, -10), (np.int64(1699), np.int64(441)), (np.int64(2088), np.int64(441)), (np.int64(2478), np.int64(441))]
2025-10-20 04:17:31 [TRACE] 【坐标太近】视为重复
2025-10-20 04:17:31 [TRACE] 【没有通过的坐标】开始下一轮
2025-10-20 04:17:31 [TRACE] 【本轮的坐标】：(np.int64(2477), np.int64(442)) ------------
2025-10-20 04:17:31 [TRACE] 【已点击过的坐标】：[(-10, -10), (np.int64(1699), np.int64(441)), (np.int64(2088), np.int64(441)), (np.int64(2478), np.int64(441))]
2025-10-20 04:17:31 [TRACE] 【坐标太近】视为重复
2025-10-20 04:17:31 [TRACE] 【没有通过的坐标】开始下一轮
2025-10-20 04:17:31 [TRACE] 【本轮的坐标】：(np.int64(2478), np.int64(442)) ------------
2025-10-20 04:17:31 [TRACE] 【已点击过的坐标】：[(-10, -10), (np.int64(1699), np.int64(441)), (np.int64(2088), np.int64(441)), (np.int64(2478), np.int64(441))]
2025-10-20 04:17:31 [TRACE] 【坐标太近】视为重复
2025-10-20 04:17:31 [TRACE] 【没有通过的坐标】开始下一轮
2025-10-20 04:17:31 [TRACE] 【本轮的坐标】：(np.int64(2479), np.int64(442)) ------------
2025-10-20 04:17:31 [TRACE] 【已点击过的坐标】：[(-10, -10), (np.int64(1699), np.int64(441)), (np.int64(2088), np.int64(441)), (np.int64(2478), np.int64(441))]
2025-10-20 04:17:31 [TRACE] 【坐标太近】视为重复
2025-10-20 04:17:31 [TRACE] 【没有通过的坐标】开始下一轮
2025-10-20 04:17:31 [TRACE] 【本轮的坐标】：(np.int64(1698), np.int64(443)) ------------
2025-10-20 04:17:31 [TRACE] 【已点击过的坐标】：[(-10, -10), (np.int64(1699), np.int64(441)), (np.int64(2088), np.int64(441)), (np.int64(2478), np.int64(441))]
2025-10-20 04:17:31 [TRACE] 【坐标太近】视为重复
2025-10-20 04:17:31 [TRACE] 【没有通过的坐标】开始下一轮
2025-10-20 04:17:31 [TRACE] 【本轮的坐标】：(np.int64(1699), np.int64(443)) ------------
2025-10-20 04:17:31 [TRACE] 【已点击过的坐标】：[(-10, -10), (np.int64(1699), np.int64(441)), (np.int64(2088), np.int64(441)), (np.int64(2478), np.int64(441))]
2025-10-20 04:17:31 [TRACE] 【坐标太近】视为重复
2025-10-20 04:17:31 [TRACE] 【没有通过的坐标】开始下一轮
2025-10-20 04:17:31 [TRACE] 【本轮的坐标】：(np.int64(2088), np.int64(443)) ------------
2025-10-20 04:17:31 [TRACE] 【已点击过的坐标】：[(-10, -10), (np.int64(1699), np.int64(441)), (np.int64(2088), np.int64(441)), (np.int64(2478), np.int64(441))]
2025-10-20 04:17:31 [TRACE] 【坐标太近】视为重复
2025-10-20 04:17:31 [TRACE] 【没有通过的坐标】开始下一轮
2025-10-20 04:17:31 [TRACE] 【本轮的坐标】：(np.int64(2478), np.int64(443)) ------------
2025-10-20 04:17:31 [TRACE] 【已点击过的坐标】：[(-10, -10), (np.int64(1699), np.int64(441)), (np.int64(2088), np.int64(441)), (np.int64(2478), np.int64(441))]
2025-10-20 04:17:31 [TRACE] 【坐标太近】视为重复
2025-10-20 04:17:31 [TRACE] 【没有通过的坐标】开始下一轮
2025-10-20 04:17:31 [TRACE] 【完成所有点击】有效次数：3
2025-10-20 04:17:31 [TRACE] 【目标检测】屏幕内没有目标
2025-10-20 04:17:31 [TRACE] 【状态】搜索模式：C:\Users\gelon\Desktop\ZA-Lite\assets/images/hollow\card.png 置信度：0.98653644323349
2025-10-20 04:17:32 [TRACE] 【目标检测】屏幕内没有目标
2025-10-20 04:17:33 [TRACE] 【目标检测】屏幕内没有目标
2025-10-20 04:17:34 [TRACE] 【目标检测】屏幕内没有目标
2025-10-20 04:17:34 [TRACE] 【目标检测】屏幕内没有目标
2025-10-20 04:17:38 [TRACE] 【状态】搜索模式：C:\Users\gelon\Desktop\ZA-Lite\assets/images/hollow\next_area.png 置信度：0.9999990463256836
2025-10-20 04:17:41 [TRACE] 【状态】搜索模式：C:\Users\gelon\Desktop\ZA-Lite\assets/images/hollow\meter.png 置信度：0.9045329093933105
2025-10-20 04:17:41 [TRACE] 【目标检测】TRAPPED！ 类型：blue_portal 置信度：0.9123251438140869
2025-10-20 04:17:48 [TRACE] 【目标检测】屏幕内没有目标
2025-10-20 04:17:49 [TRACE] 【空洞监听】无匹配已持续：0秒
2025-10-20 04:17:49 [TRACE] 【目标检测】屏幕内没有目标
2025-10-20 04:17:50 [TRACE] 【目标检测】目标存在，但置信度不足
2025-10-20 04:17:51 [TRACE] 【目标检测】屏幕内没有目标
2025-10-20 04:17:51 [TRACE] 【状态】战斗模式：C:\Users\gelon\Desktop\ZA-Lite\assets/images/hollow\battle_2.png 置信度：0.9999997615814209
2025-10-20 04:17:52 [TRACE] 【状态】战斗模式：C:\Users\gelon\Desktop\ZA-Lite\assets/images/hollow\battle_3.png 置信度：1.0
2025-10-20 04:17:52 [TRACE] 【目标检测】屏幕内没有目标
2025-10-20 04:18:02 [TRACE] 【空洞监听】无匹配已持续：0秒
2025-10-20 04:18:03 [TRACE] 【状态】搜索模式：C:\Users\gelon\Desktop\ZA-Lite\assets/images/hollow\resonium.png 置信度：1.0
2025-10-20 04:18:03 [TRACE] 【目标出现】C:\Users\gelon\Desktop\ZA-Lite\assets/images/hollow\resonium.png 置信度：1.0
2025-10-20 04:18:03 [TRACE] 【本轮的坐标】：(np.int64(1174), np.int64(461)) ------------
2025-10-20 04:18:03 [TRACE] 【已点击过的坐标】：[(-10, -10)]
2025-10-20 04:18:03 [TRACE] 【成功点击】
2025-10-20 04:18:03 [TRACE] 【目标检测】目标存在，但置信度不足
2025-10-20 04:18:04 [TRACE] 【本轮的坐标】：(np.int64(1581), np.int64(461)) ------------
2025-10-20 04:18:04 [TRACE] 【已点击过的坐标】：[(-10, -10), (np.int64(1174), np.int64(461))]
2025-10-20 04:18:04 [TRACE] 【成功点击】
2025-10-20 04:18:04 [TRACE] 【目标检测】目标存在，但置信度不足
2025-10-20 04:18:05 [TRACE] 【本轮的坐标】：(np.int64(1582), np.int64(461)) ------------
2025-10-20 04:18:05 [TRACE] 【已点击过的坐标】：[(-10, -10), (np.int64(1174), np.int64(461)), (np.int64(1581), np.int64(461))]
2025-10-20 04:18:05 [TRACE] 【坐标太近】视为重复
2025-10-20 04:18:05 [TRACE] 【没有通过的坐标】开始下一轮
2025-10-20 04:18:05 [TRACE] 【本轮的坐标】：(np.int64(1988), np.int64(461)) ------------
2025-10-20 04:18:05 [TRACE] 【已点击过的坐标】：[(-10, -10), (np.int64(1174), np.int64(461)), (np.int64(1581), np.int64(461))]
2025-10-20 04:18:05 [TRACE] 【成功点击】
2025-10-20 04:18:05 [TRACE] 【目标检测】目标存在，但置信度不足
2025-10-20 04:18:05 [TRACE] 【本轮的坐标】：(np.int64(1989), np.int64(461)) ------------
2025-10-20 04:18:05 [TRACE] 【已点击过的坐标】：[(-10, -10), (np.int64(1174), np.int64(461)), (np.int64(1581), np.int64(461)), (np.int64(1988), np.int64(461))]
2025-10-20 04:18:05 [TRACE] 【坐标太近】视为重复
2025-10-20 04:18:05 [TRACE] 【没有通过的坐标】开始下一轮
2025-10-20 04:18:05 [TRACE] 【本轮的坐标】：(np.int64(1173), np.int64(462)) ------------
2025-10-20 04:18:05 [TRACE] 【已点击过的坐标】：[(-10, -10), (np.int64(1174), np.int64(461)), (np.int64(1581), np.int64(461)), (np.int64(1988), np.int64(461))]
2025-10-20 04:18:05 [TRACE] 【坐标太近】视为重复
2025-10-20 04:18:05 [TRACE] 【没有通过的坐标】开始下一轮
2025-10-20 04:18:05 [TRACE] 【本轮的坐标】：(np.int64(1174), np.int64(462)) ------------
2025-10-20 04:18:05 [TRACE] 【已点击过的坐标】：[(-10, -10), (np.int64(1174), np.int64(461)), (np.int64(1581), np.int64(461)), (np.int64(1988), np.int64(461))]
2025-10-20 04:18:05 [TRACE] 【坐标太近】视为重复
2025-10-20 04:18:05 [TRACE] 【没有通过的坐标】开始下一轮
2025-10-20 04:18:05 [TRACE] 【本轮的坐标】：(np.int64(1175), np.int64(462)) ------------
2025-10-20 04:18:05 [TRACE] 【已点击过的坐标】：[(-10, -10), (np.int64(1174), np.int64(461)), (np.int64(1581), np.int64(461)), (np.int64(1988), np.int64(461))]
2025-10-20 04:18:05 [TRACE] 【坐标太近】视为重复
2025-10-20 04:18:05 [TRACE] 【没有通过的坐标】开始下一轮
2025-10-20 04:18:05 [TRACE] 【本轮的坐标】：(np.int64(1580), np.int64(462)) ------------
2025-10-20 04:18:05 [TRACE] 【已点击过的坐标】：[(-10, -10), (np.int64(1174), np.int64(461)), (np.int64(1581), np.int64(461)), (np.int64(1988), np.int64(461))]
2025-10-20 04:18:05 [TRACE] 【坐标太近】视为重复
2025-10-20 04:18:05 [TRACE] 【没有通过的坐标】开始下一轮
2025-10-20 04:18:05 [TRACE] 【本轮的坐标】：(np.int64(1581), np.int64(462)) ------------
2025-10-20 04:18:05 [TRACE] 【已点击过的坐标】：[(-10, -10), (np.int64(1174), np.int64(461)), (np.int64(1581), np.int64(461)), (np.int64(1988), np.int64(461))]
2025-10-20 04:18:05 [TRACE] 【坐标太近】视为重复
2025-10-20 04:18:05 [TRACE] 【没有通过的坐标】开始下一轮
2025-10-20 04:18:05 [TRACE] 【本轮的坐标】：(np.int64(1582), np.int64(462)) ------------
2025-10-20 04:18:05 [TRACE] 【已点击过的坐标】：[(-10, -10), (np.int64(1174), np.int64(461)), (np.int64(1581), np.int64(461)), (np.int64(1988), np.int64(461))]
2025-10-20 04:18:05 [TRACE] 【坐标太近】视为重复
2025-10-20 04:18:05 [TRACE] 【没有通过的坐标】开始下一轮
2025-10-20 04:18:05 [TRACE] 【本轮的坐标】：(np.int64(1987), np.int64(462)) ------------
2025-10-20 04:18:05 [TRACE] 【已点击过的坐标】：[(-10, -10), (np.int64(1174), np.int64(461)), (np.int64(1581), np.int64(461)), (np.int64(1988), np.int64(461))]
2025-10-20 04:18:05 [TRACE] 【坐标太近】视为重复
2025-10-20 04:18:05 [TRACE] 【没有通过的坐标】开始下一轮
2025-10-20 04:18:05 [TRACE] 【本轮的坐标】：(np.int64(1988), np.int64(462)) ------------
2025-10-20 04:18:05 [TRACE] 【已点击过的坐标】：[(-10, -10), (np.int64(1174), np.int64(461)), (np.int64(1581), np.int64(461)), (np.int64(1988), np.int64(461))]
2025-10-20 04:18:05 [TRACE] 【坐标太近】视为重复
2025-10-20 04:18:05 [TRACE] 【没有通过的坐标】开始下一轮
2025-10-20 04:18:05 [TRACE] 【本轮的坐标】：(np.int64(1989), np.int64(462)) ------------
2025-10-20 04:18:05 [TRACE] 【已点击过的坐标】：[(-10, -10), (np.int64(1174), np.int64(461)), (np.int64(1581), np.int64(461)), (np.int64(1988), np.int64(461))]
2025-10-20 04:18:05 [TRACE] 【坐标太近】视为重复
2025-10-20 04:18:05 [TRACE] 【没有通过的坐标】开始下一轮
2025-10-20 04:18:05 [TRACE] 【本轮的坐标】：(np.int64(1990), np.int64(462)) ------------
2025-10-20 04:18:05 [TRACE] 【已点击过的坐标】：[(-10, -10), (np.int64(1174), np.int64(461)), (np.int64(1581), np.int64(461)), (np.int64(1988), np.int64(461))]
2025-10-20 04:18:05 [TRACE] 【坐标太近】视为重复
2025-10-20 04:18:05 [TRACE] 【没有通过的坐标】开始下一轮
2025-10-20 04:18:05 [TRACE] 【本轮的坐标】：(np.int64(1174), np.int64(463)) ------------
2025-10-20 04:18:05 [TRACE] 【已点击过的坐标】：[(-10, -10), (np.int64(1174), np.int64(461)), (np.int64(1581), np.int64(461)), (np.int64(1988), np.int64(461))]
2025-10-20 04:18:05 [TRACE] 【坐标太近】视为重复
2025-10-20 04:18:05 [TRACE] 【没有通过的坐标】开始下一轮
2025-10-20 04:18:05 [TRACE] 【本轮的坐标】：(np.int64(1581), np.int64(463)) ------------
2025-10-20 04:18:05 [TRACE] 【已点击过的坐标】：[(-10, -10), (np.int64(1174), np.int64(461)), (np.int64(1581), np.int64(461)), (np.int64(1988), np.int64(461))]
2025-10-20 04:18:05 [TRACE] 【坐标太近】视为重复
2025-10-20 04:18:05 [TRACE] 【没有通过的坐标】开始下一轮
2025-10-20 04:18:05 [TRACE] 【本轮的坐标】：(np.int64(1988), np.int64(463)) ------------
2025-10-20 04:18:05 [TRACE] 【已点击过的坐标】：[(-10, -10), (np.int64(1174), np.int64(461)), (np.int64(1581), np.int64(461)), (np.int64(1988), np.int64(461))]
2025-10-20 04:18:05 [TRACE] 【坐标太近】视为重复
2025-10-20 04:18:05 [TRACE] 【没有通过的坐标】开始下一轮
2025-10-20 04:18:05 [TRACE] 【完成所有点击】有效次数：3
2025-10-20 04:18:06 [TRACE] 【目标检测】目标存在，但置信度不足
2025-10-20 04:18:07 [TRACE] 【目标检测】目标存在，但置信度不足
2025-10-20 04:18:08 [TRACE] 【目标检测】目标存在，但置信度不足
2025-10-20 04:18:08 [TRACE] 【目标检测】目标存在，但置信度不足
2025-10-20 04:18:09 [TRACE] 【目标检测】目标存在，但置信度不足
2025-10-20 04:18:10 [TRACE] 【目标检测】目标存在，但置信度不足
2025-10-20 04:18:12 [TRACE] 【状态】搜索模式：C:\Users\gelon\Desktop\ZA-Lite\assets/images/hollow\next_area.png 置信度：0.9999993443489075
2025-10-20 04:18:12 [TRACE] 【目标检测】屏幕内没有目标
2025-10-20 04:18:14 [TRACE] 【目标检测】屏幕内没有目标
2025-10-20 04:18:19 [TRACE] 【目标检测】微调超时，无法对齐！
2025-10-20 04:18:23 [TRACE] 【空洞监听】无匹配已持续：0秒
2025-10-20 04:18:25 [TRACE] 【目标检测】TRAPPED！ 类型：red_portal 置信度：0.9552544355392456
2025-10-20 04:18:25 [TRACE] 【状态】进入BOSS战，攻击检测预启动
2025-10-20 04:18:29 [TRACE] 【空洞监听】无匹配已持续：6秒
2025-10-20 04:18:32 [TRACE] 【目标检测】屏幕内没有目标
2025-10-20 04:18:34 [TRACE] 【目标检测】屏幕内没有目标
2025-10-20 04:18:36 [TRACE] 【目标检测】屏幕内没有目标
2025-10-20 04:18:36 [TRACE] 【空洞监听】无匹配已持续：13秒
2025-10-20 04:18:37 [TRACE] 【目标检测】屏幕内没有目标
2025-10-20 04:18:39 [TRACE] 【目标检测】屏幕内没有目标
2025-10-20 04:18:40 [TRACE] 【状态】战斗模式：C:\Users\gelon\Desktop\ZA-Lite\assets/images/hollow\battle_5.png 置信度：0.966594398021698
2025-10-20 04:18:49 [TRACE] 【空洞监听】无匹配已持续：0秒
2025-10-20 04:18:55 [TRACE] 【状态】战斗模式：正在受到攻击
2025-10-20 04:19:02 [TRACE] 【状态】战斗模式：正在受到攻击
2025-10-20 04:19:09 [TRACE] 【空洞监听】无匹配已持续：0秒
2025-10-20 04:19:16 [TRACE] 【状态】战斗模式：正在受到攻击
2025-10-20 04:19:22 [TRACE] 【状态】战斗模式：正在受到攻击
2025-10-20 04:19:29 [TRACE] 【空洞监听】无匹配已持续：0秒
2025-10-20 04:19:35 [TRACE] 【状态】战斗模式：正在受到攻击
2025-10-20 04:19:39 [TRACE] 【状态】战斗模式：C:\Users\gelon\Desktop\ZA-Lite\assets/images/hollow\battle_5.png 置信度：0.9786526560783386
2025-10-20 04:19:49 [TRACE] 【空洞监听】无匹配已持续：0秒
2025-10-20 04:19:55 [TRACE] 【状态】战斗模式：正在受到攻击
2025-10-20 04:20:02 [TRACE] 【空洞监听】无匹配已持续：0秒
2025-10-20 04:20:09 [TRACE] 【空洞监听】无匹配已持续：6秒
2025-10-20 04:20:15 [TRACE] 【状态】战斗模式：正在受到攻击
2025-10-20 04:20:22 [TRACE] 【状态】战斗模式：正在受到攻击
2025-10-20 04:20:25 [TRACE] 【状态】战斗模式：C:\Users\gelon\Desktop\ZA-Lite\assets/images/hollow\battle_5.png 置信度：0.9744542241096497
2025-10-20 04:20:32 [TRACE] 【状态】战斗模式：C:\Users\gelon\Desktop\ZA-Lite\assets/images/hollow\battle_5.png 置信度：0.9832928776741028
2025-10-20 04:20:41 [TRACE] 【状态】战斗模式：正在受到攻击
2025-10-20 04:20:48 [TRACE] 【空洞监听】无匹配已持续：0秒
2025-10-20 04:20:51 [TRACE] 【状态】战斗模式：C:\Users\gelon\Desktop\ZA-Lite\assets/images/hollow\battle_5.png 置信度：0.974962592124939
2025-10-20 04:21:01 [TRACE] 【空洞监听】无匹配已持续：0秒
2025-10-20 04:21:08 [TRACE] 【空洞监听】无匹配已持续：6秒
2025-10-20 04:21:14 [TRACE] 【状态】战斗模式：正在受到攻击
2025-10-20 04:21:20 [TRACE] 【空洞监听】无匹配已持续：0秒
2025-10-20 04:21:27 [WARNING] 代理人死亡，空洞任务失败
2025-10-20 04:21:27 [TRACE] 【1】等待目标中 C:\Users\gelon\Desktop\ZA-Lite\assets/images/hollow\mission_completed.png
2025-10-20 04:21:28 [TRACE] 【2】等待目标中 C:\Users\gelon\Desktop\ZA-Lite\assets/images/hollow\mission_completed.png
2025-10-20 04:21:29 [TRACE] 【3】等待目标中 C:\Users\gelon\Desktop\ZA-Lite\assets/images/hollow\mission_completed.png
2025-10-20 04:21:30 [TRACE] 【4】等待目标中 C:\Users\gelon\Desktop\ZA-Lite\assets/images/hollow\mission_completed.png
2025-10-20 04:21:31 [TRACE] 【目标出现】C:\Users\gelon\Desktop\ZA-Lite\assets/images/hollow\mission_completed.png 置信度：0.9999996423721313
2025-10-20 04:21:32 [INFO] 本轮耗时:8分钟
2025-10-20 04:21:32 [INFO] 当前已完成空洞 0 次 
2025-10-20 04:21:32 [DEBUG] 正在返回菜单
2025-10-20 04:21:32 [TRACE] 正在返回菜单,请保持游戏画面处于前台
2025-10-20 04:21:35 [TRACE] 正在返回菜单,请保持游戏画面处于前台
2025-10-20 04:21:37 [TRACE] 正在返回菜单,请保持游戏画面处于前台
2025-10-20 04:21:39 [TRACE] 正在返回菜单,请保持游戏画面处于前台
2025-10-20 04:21:41 [TRACE] 正在返回菜单,请保持游戏画面处于前台
2025-10-20 04:21:44 [TRACE] 现在处于大厅
2025-10-20 04:21:44 [INFO] 执行零号空洞任务中
2025-10-20 04:21:45 [TRACE] 【1】等待目标中 C:\Users\gelon\Desktop\ZA-Lite\assets/images/hollow\combat.png
2025-10-20 04:21:45 [TRACE] 【目标出现】C:\Users\gelon\Desktop\ZA-Lite\assets/images/hollow\combat.png 置信度：0.97629314661026
2025-10-20 04:21:47 [TRACE] 【目标出现】C:\Users\gelon\Desktop\ZA-Lite\assets/images/hollow\zero_hollow.png 置信度：0.9999951124191284
2025-10-20 04:21:48 [TRACE] 【目标出现】C:\Users\gelon\Desktop\ZA-Lite\assets/images/hollow\go_hollow.png 置信度：0.9946954250335693
2025-10-20 04:21:50 [TRACE] 【目标出现】C:\Users\gelon\Desktop\ZA-Lite\assets/images/hollow\confirm.png 置信度：0.9839513301849365
2025-10-20 04:21:51 [TRACE] 【1】等待目标中 C:\Users\gelon\Desktop\ZA-Lite\assets/images/hollow\hollow_taskforce.png
2025-10-20 04:21:52 [TRACE] 【2】等待目标中 C:\Users\gelon\Desktop\ZA-Lite\assets/images/hollow\hollow_taskforce.png
2025-10-20 04:21:53 [TRACE] 【3】等待目标中 C:\Users\gelon\Desktop\ZA-Lite\assets/images/hollow\hollow_taskforce.png
2025-10-20 04:21:53 [TRACE] 【目标出现】C:\Users\gelon\Desktop\ZA-Lite\assets/images/hollow\hollow_taskforce.png 置信度：0.9999961853027344
2025-10-20 04:21:55 [TRACE] 【目标出现】C:\Users\gelon\Desktop\ZA-Lite\assets/images/hollow\strategy.png 置信度：0.9999997019767761
2025-10-20 04:21:56 [TRACE] 【1】等待目标中 C:\Users\gelon\Desktop\ZA-Lite\assets/images/hollow\strategy_confirm.png
2025-10-20 04:21:57 [TRACE] 【目标出现】C:\Users\gelon\Desktop\ZA-Lite\assets/images/hollow\strategy_confirm.png 置信度：0.9999999403953552
2025-10-20 04:21:58 [TRACE] 【目标出现】C:\Users\gelon\Desktop\ZA-Lite\assets/images/hollow\next_step.png 置信度：0.9781930446624756
2025-10-20 04:22:00 [TRACE] 【目标出现】C:\Users\gelon\Desktop\ZA-Lite\assets/images/daily\squad_preset.png 置信度：0.9862318634986877
2025-10-20 04:22:01 [TRACE] 【目标出现】C:\Users\gelon\Desktop\ZA-Lite\assets/images/daily\squad_4.png 置信度：0.9620563387870789
2025-10-20 04:22:02 [TRACE] 【目标出现】C:\Users\gelon\Desktop\ZA-Lite\assets/images/daily\select_squad.png 置信度：0.9678943157196045
2025-10-20 04:22:04 [TRACE] 【目标出现】C:\Users\gelon\Desktop\ZA-Lite\assets/images/hollow\start_battle.png 置信度：0.980278730392456
2025-10-20 04:22:06 [TRACE] 【目标检测】屏幕内没有目标
2025-10-20 04:22:07 [TRACE] 【目标检测】屏幕内没有目标
2025-10-20 04:22:07 [TRACE] 【目标检测】屏幕内没有目标
2025-10-20 04:22:08 [TRACE] 【目标检测】屏幕内没有目标
2025-10-20 04:22:09 [TRACE] 【目标检测】屏幕内没有目标
2025-10-20 04:22:10 [TRACE] 【空洞监听】无匹配已持续：0秒
2025-10-20 04:22:11 [TRACE] 【目标检测】屏幕内没有目标
2025-10-20 04:22:12 [TRACE] 【目标检测】屏幕内没有目标
2025-10-20 04:22:13 [TRACE] 【目标检测】屏幕内没有目标
2025-10-20 04:22:14 [TRACE] 【目标检测】屏幕内没有目标
2025-10-20 04:22:15 [TRACE] 【目标检测】屏幕内没有目标
2025-10-20 04:22:16 [TRACE] 【空洞监听】无匹配已持续：6秒
2025-10-20 04:22:18 [TRACE] 【目标检测】屏幕内没有目标
2025-10-20 04:22:19 [TRACE] 【目标检测】屏幕内没有目标
2025-10-20 04:22:20 [TRACE] 【目标检测】屏幕内没有目标
2025-10-20 04:22:21 [TRACE] 【目标检测】屏幕内没有目标
2025-10-20 04:22:22 [TRACE] 【目标检测】屏幕内没有目标
2025-10-20 04:22:23 [TRACE] 【空洞监听】无匹配已持续：12秒
2025-10-20 04:22:24 [TRACE] 【目标检测】屏幕内没有目标
2025-10-20 04:22:25 [TRACE] 【目标检测】屏幕内没有目标
2025-10-20 04:22:26 [TRACE] 【目标检测】屏幕内没有目标
2025-10-20 04:22:27 [TRACE] 【目标检测】屏幕内没有目标
2025-10-20 04:22:29 [TRACE] 【空洞监听】无匹配已持续：18秒
2025-10-20 04:22:30 [TRACE] 【目标检测】TRAPPED！ 类型：interact 置信度：0.9190652370452881
2025-10-20 04:22:36 [TRACE] 【目标检测】屏幕内没有目标
2025-10-20 04:22:37 [TRACE] 【目标检测】屏幕内没有目标
2025-10-20 04:22:38 [TRACE] 【目标检测】屏幕内没有目标
2025-10-20 04:22:39 [TRACE] 【目标检测】目标存在，但置信度不足
2025-10-20 04:22:40 [TRACE] 【目标检测】屏幕内没有目标
2025-10-20 04:22:45 [TRACE] 【目标检测】TRAPPED！ 类型：interact 置信度：0.9451838731765747
2025-10-20 04:22:46 [TRACE] 【空洞监听】无匹配已持续：0秒
2025-10-20 04:22:52 [TRACE] 【目标检测】屏幕内没有目标
2025-10-20 04:22:53 [TRACE] 【目标检测】目标存在，但置信度不足
2025-10-20 04:22:53 [TRACE] 【目标检测】目标存在，但置信度不足
2025-10-20 04:22:54 [TRACE] 【目标检测】屏幕内没有目标
2025-10-20 04:22:55 [TRACE] 【目标检测】屏幕内没有目标
2025-10-20 04:22:56 [TRACE] 【目标检测】屏幕内没有目标
2025-10-20 04:22:57 [TRACE] 【目标检测】目标存在，但置信度不足
2025-10-20 04:22:58 [TRACE] 【目标检测】屏幕内没有目标
2025-10-20 04:22:59 [TRACE] 【空洞监听】无匹配已持续：0秒
2025-10-20 04:23:01 [TRACE] 【目标检测】屏幕内没有目标
2025-10-20 04:23:02 [TRACE] 【目标检测】屏幕内没有目标
2025-10-20 04:23:04 [TRACE] 【目标检测】屏幕内没有目标
2025-10-20 04:23:05 [TRACE] 【目标检测】屏幕内没有目标
2025-10-20 04:23:05 [TRACE] 【空洞监听】无匹配已持续：6秒
2025-10-20 04:23:06 [TRACE] 【目标检测】目标存在，但置信度不足
2025-10-20 04:23:07 [TRACE] 【目标检测】屏幕内没有目标
2025-10-20 04:23:09 [TRACE] 【目标检测】屏幕内没有目标
2025-10-20 04:23:11 [TRACE] 【空洞监听】无匹配已持续：12秒
2025-10-20 04:23:15 [TRACE] 【目标检测】微调超时，无法对齐！
2025-10-20 04:23:17 [TRACE] 【空洞监听】无匹配已持续：17秒
2025-10-20 04:23:20 [TRACE] 【目标检测】TRAPPED！ 类型：interact 置信度：0.9199542999267578
2025-10-20 04:23:26 [TRACE] 【目标检测】屏幕内没有目标
2025-10-20 04:23:27 [TRACE] 【目标检测】屏幕内没有目标
2025-10-20 04:23:28 [TRACE] 【目标检测】TRAPPED！ 类型：interact 置信度：0.9067502617835999
2025-10-20 04:23:35 [TRACE] 【目标检测】目标存在，但置信度不足
2025-10-20 04:23:35 [TRACE] 【状态】搜索模式：C:\Users\gelon\Desktop\ZA-Lite\assets/images/hollow\card.png 置信度：0.9999992847442627
2025-10-20 04:23:35 [TRACE] 【目标检测】屏幕内没有目标
2025-10-20 04:23:36 [TRACE] 【目标检测】目标存在，但置信度不足
2025-10-20 04:23:37 [TRACE] 【目标检测】目标存在，但置信度不足
2025-10-20 04:23:38 [TRACE] 【目标检测】目标存在，但置信度不足
2025-10-20 04:23:39 [TRACE] 【目标检测】目标存在，但置信度不足
2025-10-20 04:23:40 [TRACE] 【目标检测】目标存在，但置信度不足
2025-10-20 04:23:44 [TRACE] 【目标检测】TRAPPED！ 类型：blue_portal 置信度：0.8856616616249084
2025-10-20 04:23:46 [TRACE] 【空洞监听】无匹配已持续：0秒
2025-10-20 04:23:49 [TRACE] 【目标检测】TRAPPED！ 类型：blue_portal 置信度：0.8909843564033508
2025-10-20 04:23:50 [TRACE] 【状态】搜索模式：C:\Users\gelon\Desktop\ZA-Lite\assets/images/hollow\meter.png 置信度：0.9081413745880127
2025-10-20 04:23:55 [TRACE] 【目标检测】屏幕内没有目标
2025-10-20 04:23:56 [TRACE] 【目标检测】屏幕内没有目标
2025-10-20 04:23:57 [TRACE] 【目标检测】屏幕内没有目标
2025-10-20 04:23:58 [TRACE] 【目标检测】屏幕内没有目标
2025-10-20 04:23:58 [TRACE] 【空洞监听】无匹配已持续：0秒
2025-10-20 04:23:59 [TRACE] 【目标检测】屏幕内没有目标
2025-10-20 04:24:01 [TRACE] 【目标检测】屏幕内没有目标
2025-10-20 04:24:02 [TRACE] 【目标检测】屏幕内没有目标
2025-10-20 04:24:03 [TRACE] 【目标检测】屏幕内没有目标
2025-10-20 04:24:04 [TRACE] 【空洞监听】无匹配已持续：5秒
2025-10-20 04:24:04 [TRACE] 【目标检测】屏幕内没有目标
2025-10-20 04:24:05 [TRACE] 【目标检测】屏幕内没有目标
2025-10-20 04:24:06 [TRACE] 【状态】战斗模式：C:\Users\gelon\Desktop\ZA-Lite\assets/images/hollow\battle_3.png 置信度：1.0
2025-10-20 04:24:17 [TRACE] 【空洞监听】无匹配已持续：0秒
2025-10-20 04:24:24 [TRACE] 【空洞监听】无匹配已持续：6秒
2025-10-20 04:24:30 [TRACE] 【空洞监听】无匹配已持续：13秒
2025-10-20 04:24:37 [TRACE] 【状态】战斗模式：正在受到攻击
2025-10-20 04:24:44 [TRACE] 【空洞监听】无匹配已持续：0秒
2025-10-20 04:24:51 [TRACE] 【空洞监听】无匹配已持续：6秒
2025-10-20 04:24:55 [TRACE] 【状态】搜索模式：C:\Users\gelon\Desktop\ZA-Lite\assets/images/hollow\meter.png 置信度：0.923618733882904
2025-10-20 04:25:00 [TRACE] 【目标检测】微调超时，无法对齐！
2025-10-20 04:25:02 [TRACE] 【目标检测】TRAPPED！ 类型：guide_point 置信度：0.9386062026023865
2025-10-20 04:25:03 [TRACE] 【空洞监听】无匹配已持续：0秒
2025-10-20 04:25:08 [TRACE] 【目标检测】屏幕内没有目标
2025-10-20 04:25:08 [TRACE] 【空洞监听】无匹配已持续：5秒
2025-10-20 04:25:09 [TRACE] 【目标检测】屏幕内没有目标
2025-10-20 04:25:13 [TRACE] 【目标检测】TRAPPED！ 类型：blue_portal 置信度：0.9656647443771362
2025-10-20 04:25:14 [TRACE] 【空洞监听】无匹配已持续：10秒
2025-10-20 04:25:19 [TRACE] 【目标检测】屏幕内没有目标
2025-10-20 04:25:20 [TRACE] 【空洞监听】无匹配已持续：16秒
2025-10-20 04:25:20 [TRACE] 【目标检测】屏幕内没有目标
2025-10-20 04:25:21 [TRACE] 【目标检测】屏幕内没有目标
2025-10-20 04:25:22 [TRACE] 【目标检测】屏幕内没有目标
2025-10-20 04:25:22 [TRACE] 【状态】战斗模式：C:\Users\gelon\Desktop\ZA-Lite\assets/images/hollow\battle_2.png 置信度：1.0
2025-10-20 04:25:23 [TRACE] 【状态】战斗模式：C:\Users\gelon\Desktop\ZA-Lite\assets/images/hollow\battle_3.png 置信度：1.0
2025-10-20 04:25:33 [TRACE] 【空洞监听】无匹配已持续：0秒
2025-10-20 04:25:36 [TRACE] 【状态】战斗模式：C:\Users\gelon\Desktop\ZA-Lite\assets/images/hollow\battle_5.png 置信度：0.9832777380943298
2025-10-20 04:25:39 [TRACE] 【状态】战斗模式：正在受到攻击
2025-10-20 04:25:43 [TRACE] 【状态】战斗模式：C:\Users\gelon\Desktop\ZA-Lite\assets/images/hollow\battle_5.png 置信度：0.9746332168579102
2025-10-20 04:25:50 [TRACE] 【状态】战斗模式：C:\Users\gelon\Desktop\ZA-Lite\assets/images/hollow\battle_5.png 置信度：0.9745306968688965
2025-10-20 04:25:56 [TRACE] 【状态】战斗模式：C:\Users\gelon\Desktop\ZA-Lite\assets/images/hollow\battle_5.png 置信度：0.9900314807891846
2025-10-20 04:26:00 [TRACE] 【状态】战斗模式：正在受到攻击
2025-10-20 04:26:04 [TRACE] 【状态】战斗模式：C:\Users\gelon\Desktop\ZA-Lite\assets/images/hollow\battle_5.png 置信度：0.9839338660240173
2025-10-20 04:26:11 [TRACE] 【状态】战斗模式：C:\Users\gelon\Desktop\ZA-Lite\assets/images/hollow\battle_5.png 置信度：0.9819283485412598
2025-10-20 04:26:22 [TRACE] 【状态】搜索模式：C:\Users\gelon\Desktop\ZA-Lite\assets/images/hollow\next_area.png 置信度：0.9999993443489075
2025-10-20 04:26:28 [TRACE] 【目标检测】微调超时，无法对齐！
2025-10-20 04:26:29 [TRACE] 【目标检测】TRAPPED！ 类型：guide_point 置信度：0.8893280029296875
2025-10-20 04:26:32 [TRACE] 【空洞监听】无匹配已持续：0秒
2025-10-20 04:26:37 [TRACE] 【目标检测】屏幕内没有目标
2025-10-20 04:26:37 [TRACE] 【目标检测】屏幕内没有目标
2025-10-20 04:26:38 [TRACE] 【空洞监听】无匹配已持续：6秒
2025-10-20 04:26:38 [TRACE] 【目标检测】屏幕内没有目标
2025-10-20 04:26:39 [TRACE] 【目标检测】屏幕内没有目标
2025-10-20 04:26:40 [TRACE] 【目标检测】屏幕内没有目标
2025-10-20 04:26:44 [TRACE] 【空洞监听】无匹配已持续：12秒
2025-10-20 04:26:47 [TRACE] 【目标检测】TRAPPED！ 类型：interact 置信度：0.924409031867981
2025-10-20 04:26:50 [TRACE] 【空洞监听】无匹配已持续：17秒
2025-10-20 04:26:50 [TRACE] 【状态】搜索模式：C:\Users\gelon\Desktop\ZA-Lite\assets/images/hollow\resonium.png 置信度：1.0
2025-10-20 04:26:51 [TRACE] 【目标出现】C:\Users\gelon\Desktop\ZA-Lite\assets/images/hollow\resonium.png 置信度：0.9999996423721313
2025-10-20 04:26:51 [TRACE] 【本轮的坐标】：(np.int64(1174), np.int64(461)) ------------
2025-10-20 04:26:51 [TRACE] 【已点击过的坐标】：[(-10, -10)]
2025-10-20 04:26:51 [TRACE] 【成功点击】
2025-10-20 04:26:51 [TRACE] 【本轮的坐标】：(np.int64(1581), np.int64(461)) ------------
2025-10-20 04:26:51 [TRACE] 【已点击过的坐标】：[(-10, -10), (np.int64(1174), np.int64(461))]
2025-10-20 04:26:51 [TRACE] 【成功点击】
2025-10-20 04:26:52 [TRACE] 【本轮的坐标】：(np.int64(1582), np.int64(461)) ------------
2025-10-20 04:26:52 [TRACE] 【已点击过的坐标】：[(-10, -10), (np.int64(1174), np.int64(461)), (np.int64(1581), np.int64(461))]
2025-10-20 04:26:52 [TRACE] 【坐标太近】视为重复
2025-10-20 04:26:52 [TRACE] 【没有通过的坐标】开始下一轮
2025-10-20 04:26:52 [TRACE] 【本轮的坐标】：(np.int64(1988), np.int64(461)) ------------
2025-10-20 04:26:52 [TRACE] 【已点击过的坐标】：[(-10, -10), (np.int64(1174), np.int64(461)), (np.int64(1581), np.int64(461))]
2025-10-20 04:26:52 [TRACE] 【成功点击】
2025-10-20 04:26:53 [TRACE] 【目标检测】屏幕内没有目标
2025-10-20 04:26:53 [TRACE] 【本轮的坐标】：(np.int64(1989), np.int64(461)) ------------
2025-10-20 04:26:53 [TRACE] 【已点击过的坐标】：[(-10, -10), (np.int64(1174), np.int64(461)), (np.int64(1581), np.int64(461)), (np.int64(1988), np.int64(461))]
2025-10-20 04:26:53 [TRACE] 【坐标太近】视为重复
2025-10-20 04:26:53 [TRACE] 【没有通过的坐标】开始下一轮
2025-10-20 04:26:53 [TRACE] 【本轮的坐标】：(np.int64(1173), np.int64(462)) ------------
2025-10-20 04:26:53 [TRACE] 【已点击过的坐标】：[(-10, -10), (np.int64(1174), np.int64(461)), (np.int64(1581), np.int64(461)), (np.int64(1988), np.int64(461))]
2025-10-20 04:26:53 [TRACE] 【坐标太近】视为重复
2025-10-20 04:26:53 [TRACE] 【没有通过的坐标】开始下一轮
2025-10-20 04:26:53 [TRACE] 【本轮的坐标】：(np.int64(1174), np.int64(462)) ------------
2025-10-20 04:26:53 [TRACE] 【已点击过的坐标】：[(-10, -10), (np.int64(1174), np.int64(461)), (np.int64(1581), np.int64(461)), (np.int64(1988), np.int64(461))]
2025-10-20 04:26:53 [TRACE] 【坐标太近】视为重复
2025-10-20 04:26:53 [TRACE] 【没有通过的坐标】开始下一轮
2025-10-20 04:26:53 [TRACE] 【本轮的坐标】：(np.int64(1175), np.int64(462)) ------------
2025-10-20 04:26:53 [TRACE] 【已点击过的坐标】：[(-10, -10), (np.int64(1174), np.int64(461)), (np.int64(1581), np.int64(461)), (np.int64(1988), np.int64(461))]
2025-10-20 04:26:53 [TRACE] 【坐标太近】视为重复
2025-10-20 04:26:53 [TRACE] 【没有通过的坐标】开始下一轮
2025-10-20 04:26:53 [TRACE] 【本轮的坐标】：(np.int64(1580), np.int64(462)) ------------
2025-10-20 04:26:53 [TRACE] 【已点击过的坐标】：[(-10, -10), (np.int64(1174), np.int64(461)), (np.int64(1581), np.int64(461)), (np.int64(1988), np.int64(461))]
2025-10-20 04:26:53 [TRACE] 【坐标太近】视为重复
2025-10-20 04:26:53 [TRACE] 【没有通过的坐标】开始下一轮
2025-10-20 04:26:53 [TRACE] 【本轮的坐标】：(np.int64(1581), np.int64(462)) ------------
2025-10-20 04:26:53 [TRACE] 【已点击过的坐标】：[(-10, -10), (np.int64(1174), np.int64(461)), (np.int64(1581), np.int64(461)), (np.int64(1988), np.int64(461))]
2025-10-20 04:26:53 [TRACE] 【坐标太近】视为重复
2025-10-20 04:26:53 [TRACE] 【没有通过的坐标】开始下一轮
2025-10-20 04:26:53 [TRACE] 【本轮的坐标】：(np.int64(1582), np.int64(462)) ------------
2025-10-20 04:26:53 [TRACE] 【已点击过的坐标】：[(-10, -10), (np.int64(1174), np.int64(461)), (np.int64(1581), np.int64(461)), (np.int64(1988), np.int64(461))]
2025-10-20 04:26:53 [TRACE] 【坐标太近】视为重复
2025-10-20 04:26:53 [TRACE] 【没有通过的坐标】开始下一轮
2025-10-20 04:26:53 [TRACE] 【本轮的坐标】：(np.int64(1987), np.int64(462)) ------------
2025-10-20 04:26:53 [TRACE] 【已点击过的坐标】：[(-10, -10), (np.int64(1174), np.int64(461)), (np.int64(1581), np.int64(461)), (np.int64(1988), np.int64(461))]
2025-10-20 04:26:53 [TRACE] 【坐标太近】视为重复
2025-10-20 04:26:53 [TRACE] 【没有通过的坐标】开始下一轮
2025-10-20 04:26:53 [TRACE] 【本轮的坐标】：(np.int64(1988), np.int64(462)) ------------
2025-10-20 04:26:53 [TRACE] 【已点击过的坐标】：[(-10, -10), (np.int64(1174), np.int64(461)), (np.int64(1581), np.int64(461)), (np.int64(1988), np.int64(461))]
2025-10-20 04:26:53 [TRACE] 【坐标太近】视为重复
2025-10-20 04:26:53 [TRACE] 【没有通过的坐标】开始下一轮
2025-10-20 04:26:53 [TRACE] 【本轮的坐标】：(np.int64(1989), np.int64(462)) ------------
2025-10-20 04:26:53 [TRACE] 【已点击过的坐标】：[(-10, -10), (np.int64(1174), np.int64(461)), (np.int64(1581), np.int64(461)), (np.int64(1988), np.int64(461))]
2025-10-20 04:26:53 [TRACE] 【坐标太近】视为重复
2025-10-20 04:26:53 [TRACE] 【没有通过的坐标】开始下一轮
2025-10-20 04:26:53 [TRACE] 【本轮的坐标】：(np.int64(1990), np.int64(462)) ------------
2025-10-20 04:26:53 [TRACE] 【已点击过的坐标】：[(-10, -10), (np.int64(1174), np.int64(461)), (np.int64(1581), np.int64(461)), (np.int64(1988), np.int64(461))]
2025-10-20 04:26:53 [TRACE] 【坐标太近】视为重复
2025-10-20 04:26:53 [TRACE] 【没有通过的坐标】开始下一轮
2025-10-20 04:26:53 [TRACE] 【本轮的坐标】：(np.int64(1174), np.int64(463)) ------------
2025-10-20 04:26:53 [TRACE] 【已点击过的坐标】：[(-10, -10), (np.int64(1174), np.int64(461)), (np.int64(1581), np.int64(461)), (np.int64(1988), np.int64(461))]
2025-10-20 04:26:53 [TRACE] 【坐标太近】视为重复
2025-10-20 04:26:53 [TRACE] 【没有通过的坐标】开始下一轮
2025-10-20 04:26:53 [TRACE] 【本轮的坐标】：(np.int64(1581), np.int64(463)) ------------
2025-10-20 04:26:53 [TRACE] 【已点击过的坐标】：[(-10, -10), (np.int64(1174), np.int64(461)), (np.int64(1581), np.int64(461)), (np.int64(1988), np.int64(461))]
2025-10-20 04:26:53 [TRACE] 【坐标太近】视为重复
2025-10-20 04:26:53 [TRACE] 【没有通过的坐标】开始下一轮
2025-10-20 04:26:53 [TRACE] 【本轮的坐标】：(np.int64(1988), np.int64(463)) ------------
2025-10-20 04:26:53 [TRACE] 【已点击过的坐标】：[(-10, -10), (np.int64(1174), np.int64(461)), (np.int64(1581), np.int64(461)), (np.int64(1988), np.int64(461))]
2025-10-20 04:26:53 [TRACE] 【坐标太近】视为重复
2025-10-20 04:26:53 [TRACE] 【没有通过的坐标】开始下一轮
2025-10-20 04:26:53 [TRACE] 【完成所有点击】有效次数：3
2025-10-20 04:26:54 [TRACE] 【目标检测】屏幕内没有目标
2025-10-20 04:26:54 [TRACE] 【目标检测】屏幕内没有目标
2025-10-20 04:26:55 [TRACE] 【目标检测】屏幕内没有目标
2025-10-20 04:26:56 [TRACE] 【目标检测】屏幕内没有目标
2025-10-20 04:27:02 [TRACE] 【状态】搜索模式：C:\Users\gelon\Desktop\ZA-Lite\assets/images/hollow\meter.png 置信度：0.9586344361305237
2025-10-20 04:27:03 [TRACE] 【目标检测】微调超时，无法对齐！
2025-10-20 04:27:08 [TRACE] 【目标检测】TRAPPED！ 类型：blue_portal 置信度：0.8029060363769531
2025-10-20 04:27:08 [TRACE] 【状态】搜索模式：C:\Users\gelon\Desktop\ZA-Lite\assets/images/hollow\meter.png 置信度：0.9388504028320312
2025-10-20 04:27:14 [TRACE] 【目标检测】屏幕内没有目标
2025-10-20 04:27:15 [TRACE] 【目标检测】屏幕内没有目标
2025-10-20 04:27:16 [TRACE] 【空洞监听】无匹配已持续：0秒
2025-10-20 04:27:17 [TRACE] 【目标检测】TRAPPED！ 类型：interact 置信度：0.7146601676940918
2025-10-20 04:27:22 [TRACE] 【空洞监听】无匹配已持续：5秒
2025-10-20 04:27:22 [TRACE] 【状态】搜索模式：C:\Users\gelon\Desktop\ZA-Lite\assets/images/hollow\resonium.png 置信度：0.9999998807907104
2025-10-20 04:27:22 [TRACE] 【目标出现】C:\Users\gelon\Desktop\ZA-Lite\assets/images/hollow\resonium.png 置信度：0.9999998807907104
2025-10-20 04:27:22 [TRACE] 【本轮的坐标】：(np.int64(1699), np.int64(441)) ------------
2025-10-20 04:27:22 [TRACE] 【已点击过的坐标】：[(-10, -10)]
2025-10-20 04:27:22 [TRACE] 【成功点击】
2025-10-20 04:27:23 [TRACE] 【本轮的坐标】：(np.int64(2088), np.int64(441)) ------------
2025-10-20 04:27:23 [TRACE] 【已点击过的坐标】：[(-10, -10), (np.int64(1699), np.int64(441))]
2025-10-20 04:27:23 [TRACE] 【成功点击】
2025-10-20 04:27:23 [TRACE] 【目标检测】屏幕内没有目标
2025-10-20 04:27:23 [TRACE] 【本轮的坐标】：(np.int64(2089), np.int64(441)) ------------
2025-10-20 04:27:23 [TRACE] 【已点击过的坐标】：[(-10, -10), (np.int64(1699), np.int64(441)), (np.int64(2088), np.int64(441))]
2025-10-20 04:27:23 [TRACE] 【坐标太近】视为重复
2025-10-20 04:27:23 [TRACE] 【没有通过的坐标】开始下一轮
2025-10-20 04:27:23 [TRACE] 【本轮的坐标】：(np.int64(2478), np.int64(441)) ------------
2025-10-20 04:27:23 [TRACE] 【已点击过的坐标】：[(-10, -10), (np.int64(1699), np.int64(441)), (np.int64(2088), np.int64(441))]
2025-10-20 04:27:23 [TRACE] 【成功点击】
2025-10-20 04:27:24 [TRACE] 【目标检测】屏幕内没有目标
2025-10-20 04:27:24 [TRACE] 【本轮的坐标】：(np.int64(1698), np.int64(442)) ------------
2025-10-20 04:27:24 [TRACE] 【已点击过的坐标】：[(-10, -10), (np.int64(1699), np.int64(441)), (np.int64(2088), np.int64(441)), (np.int64(2478), np.int64(441))]
2025-10-20 04:27:24 [TRACE] 【坐标太近】视为重复
2025-10-20 04:27:24 [TRACE] 【没有通过的坐标】开始下一轮
2025-10-20 04:27:24 [TRACE] 【本轮的坐标】：(np.int64(1699), np.int64(442)) ------------
2025-10-20 04:27:24 [TRACE] 【已点击过的坐标】：[(-10, -10), (np.int64(1699), np.int64(441)), (np.int64(2088), np.int64(441)), (np.int64(2478), np.int64(441))]
2025-10-20 04:27:24 [TRACE] 【坐标太近】视为重复
2025-10-20 04:27:24 [TRACE] 【没有通过的坐标】开始下一轮
2025-10-20 04:27:24 [TRACE] 【本轮的坐标】：(np.int64(1700), np.int64(442)) ------------
2025-10-20 04:27:24 [TRACE] 【已点击过的坐标】：[(-10, -10), (np.int64(1699), np.int64(441)), (np.int64(2088), np.int64(441)), (np.int64(2478), np.int64(441))]
2025-10-20 04:27:24 [TRACE] 【坐标太近】视为重复
2025-10-20 04:27:24 [TRACE] 【没有通过的坐标】开始下一轮
2025-10-20 04:27:24 [TRACE] 【本轮的坐标】：(np.int64(2087), np.int64(442)) ------------
2025-10-20 04:27:24 [TRACE] 【已点击过的坐标】：[(-10, -10), (np.int64(1699), np.int64(441)), (np.int64(2088), np.int64(441)), (np.int64(2478), np.int64(441))]
2025-10-20 04:27:24 [TRACE] 【坐标太近】视为重复
2025-10-20 04:27:24 [TRACE] 【没有通过的坐标】开始下一轮
2025-10-20 04:27:24 [TRACE] 【本轮的坐标】：(np.int64(2088), np.int64(442)) ------------
2025-10-20 04:27:24 [TRACE] 【已点击过的坐标】：[(-10, -10), (np.int64(1699), np.int64(441)), (np.int64(2088), np.int64(441)), (np.int64(2478), np.int64(441))]
2025-10-20 04:27:24 [TRACE] 【坐标太近】视为重复
2025-10-20 04:27:24 [TRACE] 【没有通过的坐标】开始下一轮
2025-10-20 04:27:24 [TRACE] 【本轮的坐标】：(np.int64(2089), np.int64(442)) ------------
2025-10-20 04:27:24 [TRACE] 【已点击过的坐标】：[(-10, -10), (np.int64(1699), np.int64(441)), (np.int64(2088), np.int64(441)), (np.int64(2478), np.int64(441))]
2025-10-20 04:27:24 [TRACE] 【坐标太近】视为重复
2025-10-20 04:27:24 [TRACE] 【没有通过的坐标】开始下一轮
2025-10-20 04:27:24 [TRACE] 【本轮的坐标】：(np.int64(2090), np.int64(442)) ------------
2025-10-20 04:27:24 [TRACE] 【已点击过的坐标】：[(-10, -10), (np.int64(1699), np.int64(441)), (np.int64(2088), np.int64(441)), (np.int64(2478), np.int64(441))]
2025-10-20 04:27:24 [TRACE] 【坐标太近】视为重复
2025-10-20 04:27:24 [TRACE] 【没有通过的坐标】开始下一轮
2025-10-20 04:27:24 [TRACE] 【本轮的坐标】：(np.int64(2477), np.int64(442)) ------------
2025-10-20 04:27:24 [TRACE] 【已点击过的坐标】：[(-10, -10), (np.int64(1699), np.int64(441)), (np.int64(2088), np.int64(441)), (np.int64(2478), np.int64(441))]
2025-10-20 04:27:24 [TRACE] 【坐标太近】视为重复
2025-10-20 04:27:24 [TRACE] 【没有通过的坐标】开始下一轮
2025-10-20 04:27:24 [TRACE] 【本轮的坐标】：(np.int64(2478), np.int64(442)) ------------
2025-10-20 04:27:24 [TRACE] 【已点击过的坐标】：[(-10, -10), (np.int64(1699), np.int64(441)), (np.int64(2088), np.int64(441)), (np.int64(2478), np.int64(441))]
2025-10-20 04:27:24 [TRACE] 【坐标太近】视为重复
2025-10-20 04:27:24 [TRACE] 【没有通过的坐标】开始下一轮
2025-10-20 04:27:24 [TRACE] 【本轮的坐标】：(np.int64(2479), np.int64(442)) ------------
2025-10-20 04:27:24 [TRACE] 【已点击过的坐标】：[(-10, -10), (np.int64(1699), np.int64(441)), (np.int64(2088), np.int64(441)), (np.int64(2478), np.int64(441))]
2025-10-20 04:27:24 [TRACE] 【坐标太近】视为重复
2025-10-20 04:27:24 [TRACE] 【没有通过的坐标】开始下一轮
2025-10-20 04:27:24 [TRACE] 【本轮的坐标】：(np.int64(1698), np.int64(443)) ------------
2025-10-20 04:27:24 [TRACE] 【已点击过的坐标】：[(-10, -10), (np.int64(1699), np.int64(441)), (np.int64(2088), np.int64(441)), (np.int64(2478), np.int64(441))]
2025-10-20 04:27:24 [TRACE] 【坐标太近】视为重复
2025-10-20 04:27:24 [TRACE] 【没有通过的坐标】开始下一轮
2025-10-20 04:27:24 [TRACE] 【本轮的坐标】：(np.int64(1699), np.int64(443)) ------------
2025-10-20 04:27:24 [TRACE] 【已点击过的坐标】：[(-10, -10), (np.int64(1699), np.int64(441)), (np.int64(2088), np.int64(441)), (np.int64(2478), np.int64(441))]
2025-10-20 04:27:24 [TRACE] 【坐标太近】视为重复
2025-10-20 04:27:24 [TRACE] 【没有通过的坐标】开始下一轮
2025-10-20 04:27:24 [TRACE] 【本轮的坐标】：(np.int64(2088), np.int64(443)) ------------
2025-10-20 04:27:24 [TRACE] 【已点击过的坐标】：[(-10, -10), (np.int64(1699), np.int64(441)), (np.int64(2088), np.int64(441)), (np.int64(2478), np.int64(441))]
2025-10-20 04:27:24 [TRACE] 【坐标太近】视为重复
2025-10-20 04:27:24 [TRACE] 【没有通过的坐标】开始下一轮
2025-10-20 04:27:24 [TRACE] 【本轮的坐标】：(np.int64(2478), np.int64(443)) ------------
2025-10-20 04:27:24 [TRACE] 【已点击过的坐标】：[(-10, -10), (np.int64(1699), np.int64(441)), (np.int64(2088), np.int64(441)), (np.int64(2478), np.int64(441))]
2025-10-20 04:27:24 [TRACE] 【坐标太近】视为重复
2025-10-20 04:27:24 [TRACE] 【没有通过的坐标】开始下一轮
2025-10-20 04:27:24 [TRACE] 【完成所有点击】有效次数：3
2025-10-20 04:27:25 [TRACE] 【状态】搜索模式：C:\Users\gelon\Desktop\ZA-Lite\assets/images/hollow\card.png 置信度：0.986535370349884
2025-10-20 04:27:25 [TRACE] 【目标检测】屏幕内没有目标
2025-10-20 04:27:26 [TRACE] 【目标检测】屏幕内没有目标
2025-10-20 04:27:27 [TRACE] 【目标检测】屏幕内没有目标
2025-10-20 04:27:29 [TRACE] 【目标检测】屏幕内没有目标
2025-10-20 04:27:29 [TRACE] 【目标检测】目标存在，但置信度不足
2025-10-20 04:27:30 [TRACE] 【状态】搜索模式：C:\Users\gelon\Desktop\ZA-Lite\assets/images/hollow\resonium.png 置信度：1.0
2025-10-20 04:27:30 [TRACE] 【目标检测】目标存在，但置信度不足
2025-10-20 04:27:30 [TRACE] 【目标出现】C:\Users\gelon\Desktop\ZA-Lite\assets/images/hollow\resonium.png 置信度：0.9999998807907104
2025-10-20 04:27:30 [TRACE] 【本轮的坐标】：(np.int64(1699), np.int64(441)) ------------
2025-10-20 04:27:30 [TRACE] 【已点击过的坐标】：[(-10, -10)]
2025-10-20 04:27:30 [TRACE] 【成功点击】
2025-10-20 04:27:31 [TRACE] 【目标检测】屏幕内没有目标
2025-10-20 04:27:31 [TRACE] 【本轮的坐标】：(np.int64(2088), np.int64(441)) ------------
2025-10-20 04:27:31 [TRACE] 【已点击过的坐标】：[(-10, -10), (np.int64(1699), np.int64(441))]
2025-10-20 04:27:31 [TRACE] 【成功点击】
2025-10-20 04:27:32 [TRACE] 【目标检测】屏幕内没有目标
2025-10-20 04:27:32 [TRACE] 【本轮的坐标】：(np.int64(2089), np.int64(441)) ------------
2025-10-20 04:27:32 [TRACE] 【已点击过的坐标】：[(-10, -10), (np.int64(1699), np.int64(441)), (np.int64(2088), np.int64(441))]
2025-10-20 04:27:32 [TRACE] 【坐标太近】视为重复
2025-10-20 04:27:32 [TRACE] 【没有通过的坐标】开始下一轮
2025-10-20 04:27:32 [TRACE] 【本轮的坐标】：(np.int64(2478), np.int64(441)) ------------
2025-10-20 04:27:32 [TRACE] 【已点击过的坐标】：[(-10, -10), (np.int64(1699), np.int64(441)), (np.int64(2088), np.int64(441))]
2025-10-20 04:27:32 [TRACE] 【成功点击】
2025-10-20 04:27:32 [TRACE] 【目标检测】屏幕内没有目标
2025-10-20 04:27:33 [TRACE] 【本轮的坐标】：(np.int64(1698), np.int64(442)) ------------
2025-10-20 04:27:33 [TRACE] 【已点击过的坐标】：[(-10, -10), (np.int64(1699), np.int64(441)), (np.int64(2088), np.int64(441)), (np.int64(2478), np.int64(441))]
2025-10-20 04:27:33 [TRACE] 【坐标太近】视为重复
2025-10-20 04:27:33 [TRACE] 【没有通过的坐标】开始下一轮
2025-10-20 04:27:33 [TRACE] 【本轮的坐标】：(np.int64(1699), np.int64(442)) ------------
2025-10-20 04:27:33 [TRACE] 【已点击过的坐标】：[(-10, -10), (np.int64(1699), np.int64(441)), (np.int64(2088), np.int64(441)), (np.int64(2478), np.int64(441))]
2025-10-20 04:27:33 [TRACE] 【坐标太近】视为重复
2025-10-20 04:27:33 [TRACE] 【没有通过的坐标】开始下一轮
2025-10-20 04:27:33 [TRACE] 【本轮的坐标】：(np.int64(1700), np.int64(442)) ------------
2025-10-20 04:27:33 [TRACE] 【已点击过的坐标】：[(-10, -10), (np.int64(1699), np.int64(441)), (np.int64(2088), np.int64(441)), (np.int64(2478), np.int64(441))]
2025-10-20 04:27:33 [TRACE] 【坐标太近】视为重复
2025-10-20 04:27:33 [TRACE] 【没有通过的坐标】开始下一轮
2025-10-20 04:27:33 [TRACE] 【本轮的坐标】：(np.int64(2087), np.int64(442)) ------------
2025-10-20 04:27:33 [TRACE] 【已点击过的坐标】：[(-10, -10), (np.int64(1699), np.int64(441)), (np.int64(2088), np.int64(441)), (np.int64(2478), np.int64(441))]
2025-10-20 04:27:33 [TRACE] 【坐标太近】视为重复
2025-10-20 04:27:33 [TRACE] 【没有通过的坐标】开始下一轮
2025-10-20 04:27:33 [TRACE] 【本轮的坐标】：(np.int64(2088), np.int64(442)) ------------
2025-10-20 04:27:33 [TRACE] 【已点击过的坐标】：[(-10, -10), (np.int64(1699), np.int64(441)), (np.int64(2088), np.int64(441)), (np.int64(2478), np.int64(441))]
2025-10-20 04:27:33 [TRACE] 【坐标太近】视为重复
2025-10-20 04:27:33 [TRACE] 【没有通过的坐标】开始下一轮
2025-10-20 04:27:33 [TRACE] 【本轮的坐标】：(np.int64(2089), np.int64(442)) ------------
2025-10-20 04:27:33 [TRACE] 【已点击过的坐标】：[(-10, -10), (np.int64(1699), np.int64(441)), (np.int64(2088), np.int64(441)), (np.int64(2478), np.int64(441))]
2025-10-20 04:27:33 [TRACE] 【坐标太近】视为重复
2025-10-20 04:27:33 [TRACE] 【没有通过的坐标】开始下一轮
2025-10-20 04:27:33 [TRACE] 【本轮的坐标】：(np.int64(2090), np.int64(442)) ------------
2025-10-20 04:27:33 [TRACE] 【已点击过的坐标】：[(-10, -10), (np.int64(1699), np.int64(441)), (np.int64(2088), np.int64(441)), (np.int64(2478), np.int64(441))]
2025-10-20 04:27:33 [TRACE] 【坐标太近】视为重复
2025-10-20 04:27:33 [TRACE] 【没有通过的坐标】开始下一轮
2025-10-20 04:27:33 [TRACE] 【本轮的坐标】：(np.int64(2477), np.int64(442)) ------------
2025-10-20 04:27:33 [TRACE] 【已点击过的坐标】：[(-10, -10), (np.int64(1699), np.int64(441)), (np.int64(2088), np.int64(441)), (np.int64(2478), np.int64(441))]
2025-10-20 04:27:33 [TRACE] 【坐标太近】视为重复
2025-10-20 04:27:33 [TRACE] 【没有通过的坐标】开始下一轮
2025-10-20 04:27:33 [TRACE] 【本轮的坐标】：(np.int64(2478), np.int64(442)) ------------
2025-10-20 04:27:33 [TRACE] 【已点击过的坐标】：[(-10, -10), (np.int64(1699), np.int64(441)), (np.int64(2088), np.int64(441)), (np.int64(2478), np.int64(441))]
2025-10-20 04:27:33 [TRACE] 【坐标太近】视为重复
2025-10-20 04:27:33 [TRACE] 【没有通过的坐标】开始下一轮
2025-10-20 04:27:33 [TRACE] 【本轮的坐标】：(np.int64(2479), np.int64(442)) ------------
2025-10-20 04:27:33 [TRACE] 【已点击过的坐标】：[(-10, -10), (np.int64(1699), np.int64(441)), (np.int64(2088), np.int64(441)), (np.int64(2478), np.int64(441))]
2025-10-20 04:27:33 [TRACE] 【坐标太近】视为重复
2025-10-20 04:27:33 [TRACE] 【没有通过的坐标】开始下一轮
2025-10-20 04:27:33 [TRACE] 【本轮的坐标】：(np.int64(1698), np.int64(443)) ------------
2025-10-20 04:27:33 [TRACE] 【已点击过的坐标】：[(-10, -10), (np.int64(1699), np.int64(441)), (np.int64(2088), np.int64(441)), (np.int64(2478), np.int64(441))]
2025-10-20 04:27:33 [TRACE] 【坐标太近】视为重复
2025-10-20 04:27:33 [TRACE] 【没有通过的坐标】开始下一轮
2025-10-20 04:27:33 [TRACE] 【本轮的坐标】：(np.int64(1699), np.int64(443)) ------------
2025-10-20 04:27:33 [TRACE] 【已点击过的坐标】：[(-10, -10), (np.int64(1699), np.int64(441)), (np.int64(2088), np.int64(441)), (np.int64(2478), np.int64(441))]
2025-10-20 04:27:33 [TRACE] 【坐标太近】视为重复
2025-10-20 04:27:33 [TRACE] 【没有通过的坐标】开始下一轮
2025-10-20 04:27:33 [TRACE] 【本轮的坐标】：(np.int64(2088), np.int64(443)) ------------
2025-10-20 04:27:33 [TRACE] 【已点击过的坐标】：[(-10, -10), (np.int64(1699), np.int64(441)), (np.int64(2088), np.int64(441)), (np.int64(2478), np.int64(441))]
2025-10-20 04:27:33 [TRACE] 【坐标太近】视为重复
2025-10-20 04:27:33 [TRACE] 【没有通过的坐标】开始下一轮
2025-10-20 04:27:33 [TRACE] 【本轮的坐标】：(np.int64(2478), np.int64(443)) ------------
2025-10-20 04:27:33 [TRACE] 【已点击过的坐标】：[(-10, -10), (np.int64(1699), np.int64(441)), (np.int64(2088), np.int64(441)), (np.int64(2478), np.int64(441))]
2025-10-20 04:27:33 [TRACE] 【坐标太近】视为重复
2025-10-20 04:27:33 [TRACE] 【没有通过的坐标】开始下一轮
2025-10-20 04:27:33 [TRACE] 【完成所有点击】有效次数：3
2025-10-20 04:27:33 [TRACE] 【状态】搜索模式：C:\Users\gelon\Desktop\ZA-Lite\assets/images/hollow\card.png 置信度：0.98653644323349
2025-10-20 04:27:33 [TRACE] 【目标检测】屏幕内没有目标
2025-10-20 04:27:35 [TRACE] 【目标检测】屏幕内没有目标
2025-10-20 04:27:36 [TRACE] 【目标检测】屏幕内没有目标
2025-10-20 04:27:37 [TRACE] 【目标检测】屏幕内没有目标
2025-10-20 04:27:38 [TRACE] 【目标检测】屏幕内没有目标
2025-10-20 04:27:39 [TRACE] 【状态】搜索模式：C:\Users\gelon\Desktop\ZA-Lite\assets/images/hollow\resonium.png 置信度：1.0
2025-10-20 04:27:39 [TRACE] 【目标检测】屏幕内没有目标
2025-10-20 04:27:39 [TRACE] 【目标出现】C:\Users\gelon\Desktop\ZA-Lite\assets/images/hollow\resonium.png 置信度：1.0
2025-10-20 04:27:39 [TRACE] 【本轮的坐标】：(np.int64(1699), np.int64(441)) ------------
2025-10-20 04:27:39 [TRACE] 【已点击过的坐标】：[(-10, -10)]
2025-10-20 04:27:39 [TRACE] 【成功点击】
2025-10-20 04:27:40 [TRACE] 【本轮的坐标】：(np.int64(2088), np.int64(441)) ------------
2025-10-20 04:27:40 [TRACE] 【已点击过的坐标】：[(-10, -10), (np.int64(1699), np.int64(441))]
2025-10-20 04:27:40 [TRACE] 【成功点击】
2025-10-20 04:27:40 [TRACE] 【本轮的坐标】：(np.int64(2089), np.int64(441)) ------------
2025-10-20 04:27:40 [TRACE] 【已点击过的坐标】：[(-10, -10), (np.int64(1699), np.int64(441)), (np.int64(2088), np.int64(441))]
2025-10-20 04:27:40 [TRACE] 【坐标太近】视为重复
2025-10-20 04:27:40 [TRACE] 【没有通过的坐标】开始下一轮
2025-10-20 04:27:40 [TRACE] 【本轮的坐标】：(np.int64(2478), np.int64(441)) ------------
2025-10-20 04:27:40 [TRACE] 【已点击过的坐标】：[(-10, -10), (np.int64(1699), np.int64(441)), (np.int64(2088), np.int64(441))]
2025-10-20 04:27:40 [TRACE] 【成功点击】
2025-10-20 04:27:40 [TRACE] 【目标检测】屏幕内没有目标
2025-10-20 04:27:41 [TRACE] 【本轮的坐标】：(np.int64(1698), np.int64(442)) ------------
2025-10-20 04:27:41 [TRACE] 【已点击过的坐标】：[(-10, -10), (np.int64(1699), np.int64(441)), (np.int64(2088), np.int64(441)), (np.int64(2478), np.int64(441))]
2025-10-20 04:27:41 [TRACE] 【坐标太近】视为重复
2025-10-20 04:27:41 [TRACE] 【没有通过的坐标】开始下一轮
2025-10-20 04:27:41 [TRACE] 【本轮的坐标】：(np.int64(1699), np.int64(442)) ------------
2025-10-20 04:27:41 [TRACE] 【已点击过的坐标】：[(-10, -10), (np.int64(1699), np.int64(441)), (np.int64(2088), np.int64(441)), (np.int64(2478), np.int64(441))]
2025-10-20 04:27:41 [TRACE] 【坐标太近】视为重复
2025-10-20 04:27:41 [TRACE] 【没有通过的坐标】开始下一轮
2025-10-20 04:27:41 [TRACE] 【本轮的坐标】：(np.int64(1700), np.int64(442)) ------------
2025-10-20 04:27:41 [TRACE] 【已点击过的坐标】：[(-10, -10), (np.int64(1699), np.int64(441)), (np.int64(2088), np.int64(441)), (np.int64(2478), np.int64(441))]
2025-10-20 04:27:41 [TRACE] 【坐标太近】视为重复
2025-10-20 04:27:41 [TRACE] 【没有通过的坐标】开始下一轮
2025-10-20 04:27:41 [TRACE] 【本轮的坐标】：(np.int64(2087), np.int64(442)) ------------
2025-10-20 04:27:41 [TRACE] 【已点击过的坐标】：[(-10, -10), (np.int64(1699), np.int64(441)), (np.int64(2088), np.int64(441)), (np.int64(2478), np.int64(441))]
2025-10-20 04:27:41 [TRACE] 【坐标太近】视为重复
2025-10-20 04:27:41 [TRACE] 【没有通过的坐标】开始下一轮
2025-10-20 04:27:41 [TRACE] 【本轮的坐标】：(np.int64(2088), np.int64(442)) ------------
2025-10-20 04:27:41 [TRACE] 【已点击过的坐标】：[(-10, -10), (np.int64(1699), np.int64(441)), (np.int64(2088), np.int64(441)), (np.int64(2478), np.int64(441))]
2025-10-20 04:27:41 [TRACE] 【坐标太近】视为重复
2025-10-20 04:27:41 [TRACE] 【没有通过的坐标】开始下一轮
2025-10-20 04:27:41 [TRACE] 【本轮的坐标】：(np.int64(2089), np.int64(442)) ------------
2025-10-20 04:27:41 [TRACE] 【已点击过的坐标】：[(-10, -10), (np.int64(1699), np.int64(441)), (np.int64(2088), np.int64(441)), (np.int64(2478), np.int64(441))]
2025-10-20 04:27:41 [TRACE] 【坐标太近】视为重复
2025-10-20 04:27:41 [TRACE] 【没有通过的坐标】开始下一轮
2025-10-20 04:27:41 [TRACE] 【本轮的坐标】：(np.int64(2090), np.int64(442)) ------------
2025-10-20 04:27:41 [TRACE] 【已点击过的坐标】：[(-10, -10), (np.int64(1699), np.int64(441)), (np.int64(2088), np.int64(441)), (np.int64(2478), np.int64(441))]
2025-10-20 04:27:41 [TRACE] 【坐标太近】视为重复
2025-10-20 04:27:41 [TRACE] 【没有通过的坐标】开始下一轮
2025-10-20 04:27:41 [TRACE] 【本轮的坐标】：(np.int64(2477), np.int64(442)) ------------
2025-10-20 04:27:41 [TRACE] 【已点击过的坐标】：[(-10, -10), (np.int64(1699), np.int64(441)), (np.int64(2088), np.int64(441)), (np.int64(2478), np.int64(441))]
2025-10-20 04:27:41 [TRACE] 【坐标太近】视为重复
2025-10-20 04:27:41 [TRACE] 【没有通过的坐标】开始下一轮
2025-10-20 04:27:41 [TRACE] 【本轮的坐标】：(np.int64(2478), np.int64(442)) ------------
2025-10-20 04:27:41 [TRACE] 【已点击过的坐标】：[(-10, -10), (np.int64(1699), np.int64(441)), (np.int64(2088), np.int64(441)), (np.int64(2478), np.int64(441))]
2025-10-20 04:27:41 [TRACE] 【坐标太近】视为重复
2025-10-20 04:27:41 [TRACE] 【没有通过的坐标】开始下一轮
2025-10-20 04:27:41 [TRACE] 【本轮的坐标】：(np.int64(2479), np.int64(442)) ------------
2025-10-20 04:27:41 [TRACE] 【已点击过的坐标】：[(-10, -10), (np.int64(1699), np.int64(441)), (np.int64(2088), np.int64(441)), (np.int64(2478), np.int64(441))]
2025-10-20 04:27:41 [TRACE] 【坐标太近】视为重复
2025-10-20 04:27:41 [TRACE] 【没有通过的坐标】开始下一轮
2025-10-20 04:27:41 [TRACE] 【本轮的坐标】：(np.int64(1698), np.int64(443)) ------------
2025-10-20 04:27:41 [TRACE] 【已点击过的坐标】：[(-10, -10), (np.int64(1699), np.int64(441)), (np.int64(2088), np.int64(441)), (np.int64(2478), np.int64(441))]
2025-10-20 04:27:41 [TRACE] 【坐标太近】视为重复
2025-10-20 04:27:41 [TRACE] 【没有通过的坐标】开始下一轮
2025-10-20 04:27:41 [TRACE] 【本轮的坐标】：(np.int64(1699), np.int64(443)) ------------
2025-10-20 04:27:41 [TRACE] 【已点击过的坐标】：[(-10, -10), (np.int64(1699), np.int64(441)), (np.int64(2088), np.int64(441)), (np.int64(2478), np.int64(441))]
2025-10-20 04:27:41 [TRACE] 【坐标太近】视为重复
2025-10-20 04:27:41 [TRACE] 【没有通过的坐标】开始下一轮
2025-10-20 04:27:41 [TRACE] 【本轮的坐标】：(np.int64(2088), np.int64(443)) ------------
2025-10-20 04:27:41 [TRACE] 【已点击过的坐标】：[(-10, -10), (np.int64(1699), np.int64(441)), (np.int64(2088), np.int64(441)), (np.int64(2478), np.int64(441))]
2025-10-20 04:27:41 [TRACE] 【坐标太近】视为重复
2025-10-20 04:27:41 [TRACE] 【没有通过的坐标】开始下一轮
2025-10-20 04:27:41 [TRACE] 【本轮的坐标】：(np.int64(2478), np.int64(443)) ------------
2025-10-20 04:27:41 [TRACE] 【已点击过的坐标】：[(-10, -10), (np.int64(1699), np.int64(441)), (np.int64(2088), np.int64(441)), (np.int64(2478), np.int64(441))]
2025-10-20 04:27:41 [TRACE] 【坐标太近】视为重复
2025-10-20 04:27:41 [TRACE] 【没有通过的坐标】开始下一轮
2025-10-20 04:27:41 [TRACE] 【完成所有点击】有效次数：3
2025-10-20 04:27:41 [TRACE] 【目标检测】屏幕内没有目标
2025-10-20 04:27:41 [TRACE] 【状态】搜索模式：C:\Users\gelon\Desktop\ZA-Lite\assets/images/hollow\card.png 置信度：0.986534833908081
2025-10-20 04:27:42 [TRACE] 【目标检测】屏幕内没有目标
2025-10-20 04:27:43 [TRACE] 【目标检测】屏幕内没有目标
2025-10-20 04:27:44 [TRACE] 【目标检测】屏幕内没有目标
2025-10-20 04:27:46 [TRACE] 【目标检测】屏幕内没有目标
2025-10-20 04:27:47 [TRACE] 【目标检测】屏幕内没有目标
2025-10-20 04:27:47 [TRACE] 【状态】搜索模式：C:\Users\gelon\Desktop\ZA-Lite\assets/images/hollow\resonium.png 置信度：1.0
2025-10-20 04:27:47 [TRACE] 【目标出现】C:\Users\gelon\Desktop\ZA-Lite\assets/images/hollow\resonium.png 置信度：0.9999998807907104
2025-10-20 04:27:47 [TRACE] 【本轮的坐标】：(np.int64(1699), np.int64(441)) ------------
2025-10-20 04:27:47 [TRACE] 【已点击过的坐标】：[(-10, -10)]
2025-10-20 04:27:47 [TRACE] 【成功点击】
2025-10-20 04:27:48 [TRACE] 【目标检测】屏幕内没有目标
2025-10-20 04:27:48 [TRACE] 【本轮的坐标】：(np.int64(2088), np.int64(441)) ------------
2025-10-20 04:27:48 [TRACE] 【已点击过的坐标】：[(-10, -10), (np.int64(1699), np.int64(441))]
2025-10-20 04:27:48 [TRACE] 【成功点击】
2025-10-20 04:27:48 [TRACE] 【目标检测】屏幕内没有目标
2025-10-20 04:27:49 [TRACE] 【本轮的坐标】：(np.int64(2089), np.int64(441)) ------------
2025-10-20 04:27:49 [TRACE] 【已点击过的坐标】：[(-10, -10), (np.int64(1699), np.int64(441)), (np.int64(2088), np.int64(441))]
2025-10-20 04:27:49 [TRACE] 【坐标太近】视为重复
2025-10-20 04:27:49 [TRACE] 【没有通过的坐标】开始下一轮
2025-10-20 04:27:49 [TRACE] 【本轮的坐标】：(np.int64(2478), np.int64(441)) ------------
2025-10-20 04:27:49 [TRACE] 【已点击过的坐标】：[(-10, -10), (np.int64(1699), np.int64(441)), (np.int64(2088), np.int64(441))]
2025-10-20 04:27:49 [TRACE] 【成功点击】
2025-10-20 04:27:49 [TRACE] 【目标检测】屏幕内没有目标
2025-10-20 04:27:50 [TRACE] 【本轮的坐标】：(np.int64(1698), np.int64(442)) ------------
2025-10-20 04:27:50 [TRACE] 【已点击过的坐标】：[(-10, -10), (np.int64(1699), np.int64(441)), (np.int64(2088), np.int64(441)), (np.int64(2478), np.int64(441))]
2025-10-20 04:27:50 [TRACE] 【坐标太近】视为重复
2025-10-20 04:27:50 [TRACE] 【没有通过的坐标】开始下一轮
2025-10-20 04:27:50 [TRACE] 【本轮的坐标】：(np.int64(1699), np.int64(442)) ------------
2025-10-20 04:27:50 [TRACE] 【已点击过的坐标】：[(-10, -10), (np.int64(1699), np.int64(441)), (np.int64(2088), np.int64(441)), (np.int64(2478), np.int64(441))]
2025-10-20 04:27:50 [TRACE] 【坐标太近】视为重复
2025-10-20 04:27:50 [TRACE] 【没有通过的坐标】开始下一轮
2025-10-20 04:27:50 [TRACE] 【本轮的坐标】：(np.int64(1700), np.int64(442)) ------------
2025-10-20 04:27:50 [TRACE] 【已点击过的坐标】：[(-10, -10), (np.int64(1699), np.int64(441)), (np.int64(2088), np.int64(441)), (np.int64(2478), np.int64(441))]
2025-10-20 04:27:50 [TRACE] 【坐标太近】视为重复
2025-10-20 04:27:50 [TRACE] 【没有通过的坐标】开始下一轮
2025-10-20 04:27:50 [TRACE] 【本轮的坐标】：(np.int64(2087), np.int64(442)) ------------
2025-10-20 04:27:50 [TRACE] 【已点击过的坐标】：[(-10, -10), (np.int64(1699), np.int64(441)), (np.int64(2088), np.int64(441)), (np.int64(2478), np.int64(441))]
2025-10-20 04:27:50 [TRACE] 【坐标太近】视为重复
2025-10-20 04:27:50 [TRACE] 【没有通过的坐标】开始下一轮
2025-10-20 04:27:50 [TRACE] 【本轮的坐标】：(np.int64(2088), np.int64(442)) ------------
2025-10-20 04:27:50 [TRACE] 【已点击过的坐标】：[(-10, -10), (np.int64(1699), np.int64(441)), (np.int64(2088), np.int64(441)), (np.int64(2478), np.int64(441))]
2025-10-20 04:27:50 [TRACE] 【坐标太近】视为重复
2025-10-20 04:27:50 [TRACE] 【没有通过的坐标】开始下一轮
2025-10-20 04:27:50 [TRACE] 【本轮的坐标】：(np.int64(2089), np.int64(442)) ------------
2025-10-20 04:27:50 [TRACE] 【已点击过的坐标】：[(-10, -10), (np.int64(1699), np.int64(441)), (np.int64(2088), np.int64(441)), (np.int64(2478), np.int64(441))]
2025-10-20 04:27:50 [TRACE] 【坐标太近】视为重复
2025-10-20 04:27:50 [TRACE] 【没有通过的坐标】开始下一轮
2025-10-20 04:27:50 [TRACE] 【本轮的坐标】：(np.int64(2090), np.int64(442)) ------------
2025-10-20 04:27:50 [TRACE] 【已点击过的坐标】：[(-10, -10), (np.int64(1699), np.int64(441)), (np.int64(2088), np.int64(441)), (np.int64(2478), np.int64(441))]
2025-10-20 04:27:50 [TRACE] 【坐标太近】视为重复
2025-10-20 04:27:50 [TRACE] 【没有通过的坐标】开始下一轮
2025-10-20 04:27:50 [TRACE] 【本轮的坐标】：(np.int64(2477), np.int64(442)) ------------
2025-10-20 04:27:50 [TRACE] 【已点击过的坐标】：[(-10, -10), (np.int64(1699), np.int64(441)), (np.int64(2088), np.int64(441)), (np.int64(2478), np.int64(441))]
2025-10-20 04:27:50 [TRACE] 【坐标太近】视为重复
2025-10-20 04:27:50 [TRACE] 【没有通过的坐标】开始下一轮
2025-10-20 04:27:50 [TRACE] 【本轮的坐标】：(np.int64(2478), np.int64(442)) ------------
2025-10-20 04:27:50 [TRACE] 【已点击过的坐标】：[(-10, -10), (np.int64(1699), np.int64(441)), (np.int64(2088), np.int64(441)), (np.int64(2478), np.int64(441))]
2025-10-20 04:27:50 [TRACE] 【坐标太近】视为重复
2025-10-20 04:27:50 [TRACE] 【没有通过的坐标】开始下一轮
2025-10-20 04:27:50 [TRACE] 【本轮的坐标】：(np.int64(2479), np.int64(442)) ------------
2025-10-20 04:27:50 [TRACE] 【已点击过的坐标】：[(-10, -10), (np.int64(1699), np.int64(441)), (np.int64(2088), np.int64(441)), (np.int64(2478), np.int64(441))]
2025-10-20 04:27:50 [TRACE] 【坐标太近】视为重复
2025-10-20 04:27:50 [TRACE] 【没有通过的坐标】开始下一轮
2025-10-20 04:27:50 [TRACE] 【本轮的坐标】：(np.int64(1698), np.int64(443)) ------------
2025-10-20 04:27:50 [TRACE] 【已点击过的坐标】：[(-10, -10), (np.int64(1699), np.int64(441)), (np.int64(2088), np.int64(441)), (np.int64(2478), np.int64(441))]
2025-10-20 04:27:50 [TRACE] 【坐标太近】视为重复
2025-10-20 04:27:50 [TRACE] 【没有通过的坐标】开始下一轮
2025-10-20 04:27:50 [TRACE] 【本轮的坐标】：(np.int64(1699), np.int64(443)) ------------
2025-10-20 04:27:50 [TRACE] 【已点击过的坐标】：[(-10, -10), (np.int64(1699), np.int64(441)), (np.int64(2088), np.int64(441)), (np.int64(2478), np.int64(441))]
2025-10-20 04:27:50 [TRACE] 【坐标太近】视为重复
2025-10-20 04:27:50 [TRACE] 【没有通过的坐标】开始下一轮
2025-10-20 04:27:50 [TRACE] 【本轮的坐标】：(np.int64(2088), np.int64(443)) ------------
2025-10-20 04:27:50 [TRACE] 【已点击过的坐标】：[(-10, -10), (np.int64(1699), np.int64(441)), (np.int64(2088), np.int64(441)), (np.int64(2478), np.int64(441))]
2025-10-20 04:27:50 [TRACE] 【坐标太近】视为重复
2025-10-20 04:27:50 [TRACE] 【没有通过的坐标】开始下一轮
2025-10-20 04:27:50 [TRACE] 【本轮的坐标】：(np.int64(2478), np.int64(443)) ------------
2025-10-20 04:27:50 [TRACE] 【已点击过的坐标】：[(-10, -10), (np.int64(1699), np.int64(441)), (np.int64(2088), np.int64(441)), (np.int64(2478), np.int64(441))]
2025-10-20 04:27:50 [TRACE] 【坐标太近】视为重复
2025-10-20 04:27:50 [TRACE] 【没有通过的坐标】开始下一轮
2025-10-20 04:27:50 [TRACE] 【完成所有点击】有效次数：3
2025-10-20 04:27:50 [TRACE] 【状态】搜索模式：C:\Users\gelon\Desktop\ZA-Lite\assets/images/hollow\card.png 置信度：0.98653644323349
2025-10-20 04:27:51 [TRACE] 【目标检测】屏幕内没有目标
2025-10-20 04:27:52 [TRACE] 【目标检测】屏幕内没有目标
2025-10-20 04:27:53 [TRACE] 【目标检测】屏幕内没有目标
2025-10-20 04:27:54 [TRACE] 【目标检测】屏幕内没有目标
2025-10-20 04:27:55 [TRACE] 【目标检测】目标存在，但置信度不足
2025-10-20 04:27:55 [TRACE] 【目标检测】屏幕内没有目标
2025-10-20 04:27:56 [TRACE] 【状态】搜索模式：C:\Users\gelon\Desktop\ZA-Lite\assets/images/hollow\resonium.png 置信度：0.9999996423721313
2025-10-20 04:27:56 [TRACE] 【目标出现】C:\Users\gelon\Desktop\ZA-Lite\assets/images/hollow\resonium.png 置信度：0.9999998807907104
2025-10-20 04:27:56 [TRACE] 【本轮的坐标】：(np.int64(1699), np.int64(441)) ------------
2025-10-20 04:27:56 [TRACE] 【已点击过的坐标】：[(-10, -10)]
2025-10-20 04:27:56 [TRACE] 【成功点击】
2025-10-20 04:27:57 [TRACE] 【本轮的坐标】：(np.int64(2088), np.int64(441)) ------------
2025-10-20 04:27:57 [TRACE] 【已点击过的坐标】：[(-10, -10), (np.int64(1699), np.int64(441))]
2025-10-20 04:27:57 [TRACE] 【成功点击】
2025-10-20 04:27:57 [TRACE] 【目标检测】屏幕内没有目标
2025-10-20 04:27:57 [TRACE] 【本轮的坐标】：(np.int64(2089), np.int64(441)) ------------
2025-10-20 04:27:57 [TRACE] 【已点击过的坐标】：[(-10, -10), (np.int64(1699), np.int64(441)), (np.int64(2088), np.int64(441))]
2025-10-20 04:27:57 [TRACE] 【坐标太近】视为重复
2025-10-20 04:27:57 [TRACE] 【没有通过的坐标】开始下一轮
2025-10-20 04:27:57 [TRACE] 【本轮的坐标】：(np.int64(2478), np.int64(441)) ------------
2025-10-20 04:27:57 [TRACE] 【已点击过的坐标】：[(-10, -10), (np.int64(1699), np.int64(441)), (np.int64(2088), np.int64(441))]
2025-10-20 04:27:57 [TRACE] 【成功点击】
2025-10-20 04:27:58 [TRACE] 【目标检测】屏幕内没有目标
2025-10-20 04:27:58 [TRACE] 【本轮的坐标】：(np.int64(1698), np.int64(442)) ------------
2025-10-20 04:27:58 [TRACE] 【已点击过的坐标】：[(-10, -10), (np.int64(1699), np.int64(441)), (np.int64(2088), np.int64(441)), (np.int64(2478), np.int64(441))]
2025-10-20 04:27:58 [TRACE] 【坐标太近】视为重复
2025-10-20 04:27:58 [TRACE] 【没有通过的坐标】开始下一轮
2025-10-20 04:27:58 [TRACE] 【本轮的坐标】：(np.int64(1699), np.int64(442)) ------------
2025-10-20 04:27:58 [TRACE] 【已点击过的坐标】：[(-10, -10), (np.int64(1699), np.int64(441)), (np.int64(2088), np.int64(441)), (np.int64(2478), np.int64(441))]
2025-10-20 04:27:58 [TRACE] 【坐标太近】视为重复
2025-10-20 04:27:58 [TRACE] 【没有通过的坐标】开始下一轮
2025-10-20 04:27:58 [TRACE] 【本轮的坐标】：(np.int64(1700), np.int64(442)) ------------
2025-10-20 04:27:58 [TRACE] 【已点击过的坐标】：[(-10, -10), (np.int64(1699), np.int64(441)), (np.int64(2088), np.int64(441)), (np.int64(2478), np.int64(441))]
2025-10-20 04:27:58 [TRACE] 【坐标太近】视为重复
2025-10-20 04:27:58 [TRACE] 【没有通过的坐标】开始下一轮
2025-10-20 04:27:58 [TRACE] 【本轮的坐标】：(np.int64(2087), np.int64(442)) ------------
2025-10-20 04:27:58 [TRACE] 【已点击过的坐标】：[(-10, -10), (np.int64(1699), np.int64(441)), (np.int64(2088), np.int64(441)), (np.int64(2478), np.int64(441))]
2025-10-20 04:27:58 [TRACE] 【坐标太近】视为重复
2025-10-20 04:27:58 [TRACE] 【没有通过的坐标】开始下一轮
2025-10-20 04:27:58 [TRACE] 【本轮的坐标】：(np.int64(2088), np.int64(442)) ------------
2025-10-20 04:27:58 [TRACE] 【已点击过的坐标】：[(-10, -10), (np.int64(1699), np.int64(441)), (np.int64(2088), np.int64(441)), (np.int64(2478), np.int64(441))]
2025-10-20 04:27:58 [TRACE] 【坐标太近】视为重复
2025-10-20 04:27:58 [TRACE] 【没有通过的坐标】开始下一轮
2025-10-20 04:27:58 [TRACE] 【本轮的坐标】：(np.int64(2089), np.int64(442)) ------------
2025-10-20 04:27:58 [TRACE] 【已点击过的坐标】：[(-10, -10), (np.int64(1699), np.int64(441)), (np.int64(2088), np.int64(441)), (np.int64(2478), np.int64(441))]
2025-10-20 04:27:58 [TRACE] 【坐标太近】视为重复
2025-10-20 04:27:58 [TRACE] 【没有通过的坐标】开始下一轮
2025-10-20 04:27:58 [TRACE] 【本轮的坐标】：(np.int64(2090), np.int64(442)) ------------
2025-10-20 04:27:58 [TRACE] 【已点击过的坐标】：[(-10, -10), (np.int64(1699), np.int64(441)), (np.int64(2088), np.int64(441)), (np.int64(2478), np.int64(441))]
2025-10-20 04:27:58 [TRACE] 【坐标太近】视为重复
2025-10-20 04:27:58 [TRACE] 【没有通过的坐标】开始下一轮
2025-10-20 04:27:58 [TRACE] 【本轮的坐标】：(np.int64(2477), np.int64(442)) ------------
2025-10-20 04:27:58 [TRACE] 【已点击过的坐标】：[(-10, -10), (np.int64(1699), np.int64(441)), (np.int64(2088), np.int64(441)), (np.int64(2478), np.int64(441))]
2025-10-20 04:27:58 [TRACE] 【坐标太近】视为重复
2025-10-20 04:27:58 [TRACE] 【没有通过的坐标】开始下一轮
2025-10-20 04:27:58 [TRACE] 【本轮的坐标】：(np.int64(2478), np.int64(442)) ------------
2025-10-20 04:27:58 [TRACE] 【已点击过的坐标】：[(-10, -10), (np.int64(1699), np.int64(441)), (np.int64(2088), np.int64(441)), (np.int64(2478), np.int64(441))]
2025-10-20 04:27:58 [TRACE] 【坐标太近】视为重复
2025-10-20 04:27:58 [TRACE] 【没有通过的坐标】开始下一轮
2025-10-20 04:27:58 [TRACE] 【本轮的坐标】：(np.int64(2479), np.int64(442)) ------------
2025-10-20 04:27:58 [TRACE] 【已点击过的坐标】：[(-10, -10), (np.int64(1699), np.int64(441)), (np.int64(2088), np.int64(441)), (np.int64(2478), np.int64(441))]
2025-10-20 04:27:58 [TRACE] 【坐标太近】视为重复
2025-10-20 04:27:58 [TRACE] 【没有通过的坐标】开始下一轮
2025-10-20 04:27:58 [TRACE] 【本轮的坐标】：(np.int64(1698), np.int64(443)) ------------
2025-10-20 04:27:58 [TRACE] 【已点击过的坐标】：[(-10, -10), (np.int64(1699), np.int64(441)), (np.int64(2088), np.int64(441)), (np.int64(2478), np.int64(441))]
2025-10-20 04:27:58 [TRACE] 【坐标太近】视为重复
2025-10-20 04:27:58 [TRACE] 【没有通过的坐标】开始下一轮
2025-10-20 04:27:58 [TRACE] 【本轮的坐标】：(np.int64(1699), np.int64(443)) ------------
2025-10-20 04:27:58 [TRACE] 【已点击过的坐标】：[(-10, -10), (np.int64(1699), np.int64(441)), (np.int64(2088), np.int64(441)), (np.int64(2478), np.int64(441))]
2025-10-20 04:27:58 [TRACE] 【坐标太近】视为重复
2025-10-20 04:27:58 [TRACE] 【没有通过的坐标】开始下一轮
2025-10-20 04:27:58 [TRACE] 【本轮的坐标】：(np.int64(2088), np.int64(443)) ------------
2025-10-20 04:27:58 [TRACE] 【已点击过的坐标】：[(-10, -10), (np.int64(1699), np.int64(441)), (np.int64(2088), np.int64(441)), (np.int64(2478), np.int64(441))]
2025-10-20 04:27:58 [TRACE] 【坐标太近】视为重复
2025-10-20 04:27:58 [TRACE] 【没有通过的坐标】开始下一轮
2025-10-20 04:27:58 [TRACE] 【本轮的坐标】：(np.int64(2478), np.int64(443)) ------------
2025-10-20 04:27:58 [TRACE] 【已点击过的坐标】：[(-10, -10), (np.int64(1699), np.int64(441)), (np.int64(2088), np.int64(441)), (np.int64(2478), np.int64(441))]
2025-10-20 04:27:58 [TRACE] 【坐标太近】视为重复
2025-10-20 04:27:58 [TRACE] 【没有通过的坐标】开始下一轮
2025-10-20 04:27:58 [TRACE] 【完成所有点击】有效次数：3
2025-10-20 04:27:58 [TRACE] 【状态】搜索模式：C:\Users\gelon\Desktop\ZA-Lite\assets/images/hollow\card.png 置信度：0.986535370349884
2025-10-20 04:27:59 [TRACE] 【目标检测】屏幕内没有目标
2025-10-20 04:27:59 [TRACE] 【目标检测】目标存在，但置信度不足
2025-10-20 04:28:00 [TRACE] 【目标检测】目标存在，但置信度不足
2025-10-20 04:28:01 [TRACE] 【目标检测】屏幕内没有目标
2025-10-20 04:28:02 [TRACE] 【目标检测】屏幕内没有目标
2025-10-20 04:28:05 [TRACE] 【状态】搜索模式：C:\Users\gelon\Desktop\ZA-Lite\assets/images/hollow\next_area.png 置信度：0.9999993443489075
2025-10-20 04:28:09 [TRACE] 【目标检测】微调超时，无法对齐！
2025-10-20 04:28:12 [TRACE] 【目标检测】TRAPPED！ 类型：red_portal 置信度：0.8752516508102417
2025-10-20 04:28:12 [TRACE] 【状态】进入BOSS战，攻击检测预启动
2025-10-20 04:28:13 [TRACE] 【状态】搜索模式：C:\Users\gelon\Desktop\ZA-Lite\assets/images/hollow\meter.png 置信度：0.9831076264381409
2025-10-20 04:28:19 [TRACE] 【目标检测】屏幕内没有目标
2025-10-20 04:28:20 [TRACE] 【目标检测】屏幕内没有目标
2025-10-20 04:28:20 [TRACE] 【空洞监听】无匹配已持续：0秒
2025-10-20 04:28:21 [TRACE] 【目标检测】屏幕内没有目标
2025-10-20 04:28:22 [TRACE] 【目标检测】屏幕内没有目标
2025-10-20 04:28:23 [TRACE] 【目标检测】屏幕内没有目标
2025-10-20 04:28:26 [TRACE] 【目标检测】屏幕内没有目标
2025-10-20 04:28:26 [TRACE] 【空洞监听】无匹配已持续：5秒
2025-10-20 04:28:26 [TRACE] 【目标检测】屏幕内没有目标
2025-10-20 04:28:27 [TRACE] 【目标检测】屏幕内没有目标
2025-10-20 04:28:28 [TRACE] 【目标检测】屏幕内没有目标
2025-10-20 04:28:29 [TRACE] 【目标检测】屏幕内没有目标
2025-10-20 04:28:31 [TRACE] 【空洞监听】无匹配已持续：10秒
2025-10-20 04:28:31 [TRACE] 【目标检测】屏幕内没有目标
2025-10-20 04:28:33 [TRACE] 【目标检测】屏幕内没有目标
2025-10-20 04:28:34 [TRACE] 【目标检测】屏幕内没有目标
2025-10-20 04:28:35 [TRACE] 【目标检测】屏幕内没有目标
2025-10-20 04:28:36 [TRACE] 【目标检测】屏幕内没有目标
2025-10-20 04:28:37 [TRACE] 【空洞监听】无匹配已持续：16秒
2025-10-20 04:28:38 [TRACE] 【目标检测】屏幕内没有目标
2025-10-20 04:28:39 [TRACE] 【目标检测】屏幕内没有目标
2025-10-20 04:28:40 [TRACE] 【目标检测】屏幕内没有目标
2025-10-20 04:28:40 [TRACE] 【状态】战斗模式：C:\Users\gelon\Desktop\ZA-Lite\assets/images/hollow\battle_5.png 置信度：0.9811868667602539
2025-10-20 04:28:50 [TRACE] 【空洞监听】无匹配已持续：0秒
2025-10-20 04:28:56 [TRACE] 【状态】战斗模式：正在受到攻击
2025-10-20 04:28:59 [TRACE] 【状态】战斗模式：C:\Users\gelon\Desktop\ZA-Lite\assets/images/hollow\battle_5.png 置信度：0.9840308427810669
2025-10-20 04:29:02 [TRACE] 【状态】战斗模式：正在受到攻击
2025-10-20 04:29:08 [TRACE] 【空洞监听】无匹配已持续：0秒
2025-10-20 04:29:12 [TRACE] 【状态】战斗模式：C:\Users\gelon\Desktop\ZA-Lite\assets/images/hollow\battle_5.png 置信度：0.9720633029937744
2025-10-20 04:29:21 [TRACE] 【状态】战斗模式：正在受到攻击
2025-10-20 04:29:28 [TRACE] 【空洞监听】无匹配已持续：0秒
2025-10-20 04:29:34 [TRACE] 【空洞监听】无匹配已持续：6秒
2025-10-20 04:29:37 [TRACE] 【状态】战斗模式：C:\Users\gelon\Desktop\ZA-Lite\assets/images/hollow\battle_5.png 置信度：0.9861124753952026
2025-10-20 04:29:40 [TRACE] 【状态】战斗模式：正在受到攻击
2025-10-20 04:29:47 [TRACE] 【空洞监听】无匹配已持续：0秒
2025-10-20 04:29:51 [TRACE] 【状态】战斗模式：C:\Users\gelon\Desktop\ZA-Lite\assets/images/hollow\battle_5.png 置信度：0.9869179129600525
2025-10-20 04:29:58 [TRACE] 【状态】战斗模式：C:\Users\gelon\Desktop\ZA-Lite\assets/images/hollow\battle_5.png 置信度：0.9814926385879517
2025-10-20 04:30:00 [TRACE] 【状态】战斗模式：正在受到攻击
2025-10-20 04:30:04 [TRACE] 【状态】战斗模式：C:\Users\gelon\Desktop\ZA-Lite\assets/images/hollow\battle_5.png 置信度：0.97784024477005
2025-10-20 04:30:13 [TRACE] 【状态】战斗模式：正在受到攻击
2025-10-20 04:30:20 [TRACE] 【空洞监听】无匹配已持续：0秒
2025-10-20 04:30:23 [TRACE] 【状态】战斗模式：C:\Users\gelon\Desktop\ZA-Lite\assets/images/hollow\battle_5.png 置信度：0.9614394307136536
2025-10-20 04:30:26 [TRACE] 【状态】战斗模式：正在受到攻击
2025-10-20 04:30:32 [TRACE] 【空洞监听】无匹配已持续：0秒
2025-10-20 04:30:39 [TRACE] 【状态】战斗模式：正在受到攻击
2025-10-20 04:30:45 [TRACE] 【空洞监听】无匹配已持续：0秒
2025-10-20 04:30:53 [TRACE] 【状态】搜索模式：C:\Users\gelon\Desktop\ZA-Lite\assets/images/hollow\gear.png 置信度：1.0
2025-10-20 04:30:53 [TRACE] 【目标检测】屏幕内没有目标
2025-10-20 04:30:54 [TRACE] 【目标检测】屏幕内没有目标
2025-10-20 04:30:56 [TRACE] 【目标检测】屏幕内没有目标
2025-10-20 04:30:57 [TRACE] 【目标检测】屏幕内没有目标
2025-10-20 04:30:58 [TRACE] 【状态】搜索模式：C:\Users\gelon\Desktop\ZA-Lite\assets/images/hollow\resonium.png 置信度：0.9999996423721313
2025-10-20 04:30:58 [TRACE] 【目标检测】屏幕内没有目标
2025-10-20 04:30:58 [TRACE] 【目标出现】C:\Users\gelon\Desktop\ZA-Lite\assets/images/hollow\resonium.png 置信度：0.9999998807907104
2025-10-20 04:30:58 [TRACE] 【本轮的坐标】：(np.int64(1174), np.int64(461)) ------------
2025-10-20 04:30:58 [TRACE] 【已点击过的坐标】：[(-10, -10)]
2025-10-20 04:30:58 [TRACE] 【成功点击】
2025-10-20 04:30:59 [TRACE] 【目标检测】目标存在，但置信度不足
2025-10-20 04:30:59 [TRACE] 【本轮的坐标】：(np.int64(1581), np.int64(461)) ------------
2025-10-20 04:30:59 [TRACE] 【已点击过的坐标】：[(-10, -10), (np.int64(1174), np.int64(461))]
2025-10-20 04:30:59 [TRACE] 【成功点击】
2025-10-20 04:30:59 [TRACE] 【目标检测】目标存在，但置信度不足
2025-10-20 04:31:00 [TRACE] 【本轮的坐标】：(np.int64(1582), np.int64(461)) ------------
2025-10-20 04:31:00 [TRACE] 【已点击过的坐标】：[(-10, -10), (np.int64(1174), np.int64(461)), (np.int64(1581), np.int64(461))]
2025-10-20 04:31:00 [TRACE] 【坐标太近】视为重复
2025-10-20 04:31:00 [TRACE] 【没有通过的坐标】开始下一轮
2025-10-20 04:31:00 [TRACE] 【本轮的坐标】：(np.int64(1988), np.int64(461)) ------------
2025-10-20 04:31:00 [TRACE] 【已点击过的坐标】：[(-10, -10), (np.int64(1174), np.int64(461)), (np.int64(1581), np.int64(461))]
2025-10-20 04:31:00 [TRACE] 【成功点击】
2025-10-20 04:31:00 [TRACE] 【目标检测】目标存在，但置信度不足
2025-10-20 04:31:00 [TRACE] 【本轮的坐标】：(np.int64(1989), np.int64(461)) ------------
2025-10-20 04:31:00 [TRACE] 【已点击过的坐标】：[(-10, -10), (np.int64(1174), np.int64(461)), (np.int64(1581), np.int64(461)), (np.int64(1988), np.int64(461))]
2025-10-20 04:31:00 [TRACE] 【坐标太近】视为重复
2025-10-20 04:31:00 [TRACE] 【没有通过的坐标】开始下一轮
2025-10-20 04:31:00 [TRACE] 【本轮的坐标】：(np.int64(1173), np.int64(462)) ------------
2025-10-20 04:31:00 [TRACE] 【已点击过的坐标】：[(-10, -10), (np.int64(1174), np.int64(461)), (np.int64(1581), np.int64(461)), (np.int64(1988), np.int64(461))]
2025-10-20 04:31:00 [TRACE] 【坐标太近】视为重复
2025-10-20 04:31:00 [TRACE] 【没有通过的坐标】开始下一轮
2025-10-20 04:31:00 [TRACE] 【本轮的坐标】：(np.int64(1174), np.int64(462)) ------------
2025-10-20 04:31:00 [TRACE] 【已点击过的坐标】：[(-10, -10), (np.int64(1174), np.int64(461)), (np.int64(1581), np.int64(461)), (np.int64(1988), np.int64(461))]
2025-10-20 04:31:00 [TRACE] 【坐标太近】视为重复
2025-10-20 04:31:00 [TRACE] 【没有通过的坐标】开始下一轮
2025-10-20 04:31:00 [TRACE] 【本轮的坐标】：(np.int64(1175), np.int64(462)) ------------
2025-10-20 04:31:00 [TRACE] 【已点击过的坐标】：[(-10, -10), (np.int64(1174), np.int64(461)), (np.int64(1581), np.int64(461)), (np.int64(1988), np.int64(461))]
2025-10-20 04:31:00 [TRACE] 【坐标太近】视为重复
2025-10-20 04:31:00 [TRACE] 【没有通过的坐标】开始下一轮
2025-10-20 04:31:00 [TRACE] 【本轮的坐标】：(np.int64(1580), np.int64(462)) ------------
2025-10-20 04:31:00 [TRACE] 【已点击过的坐标】：[(-10, -10), (np.int64(1174), np.int64(461)), (np.int64(1581), np.int64(461)), (np.int64(1988), np.int64(461))]
2025-10-20 04:31:00 [TRACE] 【坐标太近】视为重复
2025-10-20 04:31:00 [TRACE] 【没有通过的坐标】开始下一轮
2025-10-20 04:31:00 [TRACE] 【本轮的坐标】：(np.int64(1581), np.int64(462)) ------------
2025-10-20 04:31:00 [TRACE] 【已点击过的坐标】：[(-10, -10), (np.int64(1174), np.int64(461)), (np.int64(1581), np.int64(461)), (np.int64(1988), np.int64(461))]
2025-10-20 04:31:00 [TRACE] 【坐标太近】视为重复
2025-10-20 04:31:00 [TRACE] 【没有通过的坐标】开始下一轮
2025-10-20 04:31:00 [TRACE] 【本轮的坐标】：(np.int64(1582), np.int64(462)) ------------
2025-10-20 04:31:00 [TRACE] 【已点击过的坐标】：[(-10, -10), (np.int64(1174), np.int64(461)), (np.int64(1581), np.int64(461)), (np.int64(1988), np.int64(461))]
2025-10-20 04:31:00 [TRACE] 【坐标太近】视为重复
2025-10-20 04:31:00 [TRACE] 【没有通过的坐标】开始下一轮
2025-10-20 04:31:00 [TRACE] 【本轮的坐标】：(np.int64(1987), np.int64(462)) ------------
2025-10-20 04:31:00 [TRACE] 【已点击过的坐标】：[(-10, -10), (np.int64(1174), np.int64(461)), (np.int64(1581), np.int64(461)), (np.int64(1988), np.int64(461))]
2025-10-20 04:31:00 [TRACE] 【坐标太近】视为重复
2025-10-20 04:31:00 [TRACE] 【没有通过的坐标】开始下一轮
2025-10-20 04:31:00 [TRACE] 【本轮的坐标】：(np.int64(1988), np.int64(462)) ------------
2025-10-20 04:31:00 [TRACE] 【已点击过的坐标】：[(-10, -10), (np.int64(1174), np.int64(461)), (np.int64(1581), np.int64(461)), (np.int64(1988), np.int64(461))]
2025-10-20 04:31:00 [TRACE] 【坐标太近】视为重复
2025-10-20 04:31:00 [TRACE] 【没有通过的坐标】开始下一轮
2025-10-20 04:31:00 [TRACE] 【本轮的坐标】：(np.int64(1989), np.int64(462)) ------------
2025-10-20 04:31:00 [TRACE] 【已点击过的坐标】：[(-10, -10), (np.int64(1174), np.int64(461)), (np.int64(1581), np.int64(461)), (np.int64(1988), np.int64(461))]
2025-10-20 04:31:00 [TRACE] 【坐标太近】视为重复
2025-10-20 04:31:00 [TRACE] 【没有通过的坐标】开始下一轮
2025-10-20 04:31:00 [TRACE] 【本轮的坐标】：(np.int64(1990), np.int64(462)) ------------
2025-10-20 04:31:00 [TRACE] 【已点击过的坐标】：[(-10, -10), (np.int64(1174), np.int64(461)), (np.int64(1581), np.int64(461)), (np.int64(1988), np.int64(461))]
2025-10-20 04:31:00 [TRACE] 【坐标太近】视为重复
2025-10-20 04:31:00 [TRACE] 【没有通过的坐标】开始下一轮
2025-10-20 04:31:00 [TRACE] 【本轮的坐标】：(np.int64(1174), np.int64(463)) ------------
2025-10-20 04:31:00 [TRACE] 【已点击过的坐标】：[(-10, -10), (np.int64(1174), np.int64(461)), (np.int64(1581), np.int64(461)), (np.int64(1988), np.int64(461))]
2025-10-20 04:31:00 [TRACE] 【坐标太近】视为重复
2025-10-20 04:31:00 [TRACE] 【没有通过的坐标】开始下一轮
2025-10-20 04:31:00 [TRACE] 【本轮的坐标】：(np.int64(1581), np.int64(463)) ------------
2025-10-20 04:31:00 [TRACE] 【已点击过的坐标】：[(-10, -10), (np.int64(1174), np.int64(461)), (np.int64(1581), np.int64(461)), (np.int64(1988), np.int64(461))]
2025-10-20 04:31:00 [TRACE] 【坐标太近】视为重复
2025-10-20 04:31:00 [TRACE] 【没有通过的坐标】开始下一轮
2025-10-20 04:31:00 [TRACE] 【本轮的坐标】：(np.int64(1988), np.int64(463)) ------------
2025-10-20 04:31:00 [TRACE] 【已点击过的坐标】：[(-10, -10), (np.int64(1174), np.int64(461)), (np.int64(1581), np.int64(461)), (np.int64(1988), np.int64(461))]
2025-10-20 04:31:00 [TRACE] 【坐标太近】视为重复
2025-10-20 04:31:00 [TRACE] 【没有通过的坐标】开始下一轮
2025-10-20 04:31:00 [TRACE] 【完成所有点击】有效次数：3
2025-10-20 04:31:01 [TRACE] 【目标检测】屏幕内没有目标
2025-10-20 04:31:02 [TRACE] 【目标检测】屏幕内没有目标
2025-10-20 04:31:04 [TRACE] 【目标检测】屏幕内没有目标
2025-10-20 04:31:05 [TRACE] 【目标检测】屏幕内没有目标
2025-10-20 04:31:08 [TRACE] 【目标检测】屏幕内没有目标
2025-10-20 04:31:08 [TRACE] 【目标检测】屏幕内没有目标
2025-10-20 04:31:11 [TRACE] 【目标检测】目标存在，但置信度不足
2025-10-20 04:31:12 [TRACE] 【目标检测】目标存在，但置信度不足
2025-10-20 04:31:12 [TRACE] 【空洞监听】无匹配已持续：0秒
2025-10-20 04:31:13 [TRACE] 【目标检测】目标存在，但置信度不足
2025-10-20 04:31:14 [TRACE] 【状态】搜索模式：C:\Users\gelon\Desktop\ZA-Lite\assets/images/hollow\battle_end_boss.png 置信度：0.9999361634254456
2025-10-20 04:31:15 [TRACE] 【目标检测】微调超时，无法对齐！
2025-10-20 04:31:16 [TRACE] 【目标检测】屏幕内没有目标
2025-10-20 04:31:19 [TRACE] 【目标检测】屏幕内没有目标
2025-10-20 04:31:20 [TRACE] 【目标检测】屏幕内没有目标
2025-10-20 04:31:21 [TRACE] 【目标检测】屏幕内没有目标
2025-10-20 04:31:22 [TRACE] 【目标检测】屏幕内没有目标
2025-10-20 04:31:23 [TRACE] 【目标检测】屏幕内没有目标
2025-10-20 04:31:24 [TRACE] 【空洞监听】无匹配已持续：0秒
2025-10-20 04:31:25 [TRACE] 【目标检测】TRAPPED！ 类型：interact 置信度：0.9121349453926086
2025-10-20 04:31:29 [TRACE] 【空洞监听】无匹配已持续：5秒
2025-10-20 04:31:31 [TRACE] 【目标检测】屏幕内没有目标
2025-10-20 04:31:32 [TRACE] 【目标检测】屏幕内没有目标
2025-10-20 04:31:33 [TRACE] 【目标检测】屏幕内没有目标
2025-10-20 04:31:34 [TRACE] 【目标检测】屏幕内没有目标
2025-10-20 04:31:35 [TRACE] 【目标检测】屏幕内没有目标
2025-10-20 04:31:37 [TRACE] 【目标检测】屏幕内没有目标
2025-10-20 04:31:38 [TRACE] 【目标检测】屏幕内没有目标
2025-10-20 04:31:39 [TRACE] 【目标检测】屏幕内没有目标
2025-10-20 04:31:40 [TRACE] 【目标检测】屏幕内没有目标
2025-10-20 04:31:41 [TRACE] 【目标检测】屏幕内没有目标
2025-10-20 04:31:43 [TRACE] 【目标检测】屏幕内没有目标
2025-10-20 04:31:44 [TRACE] 【目标检测】屏幕内没有目标
2025-10-20 04:31:45 [TRACE] 【目标检测】屏幕内没有目标
2025-10-20 04:31:46 [TRACE] 【目标检测】屏幕内没有目标
2025-10-20 04:31:47 [TRACE] 【目标检测】屏幕内没有目标
2025-10-20 04:31:50 [TRACE] 【目标检测】TRAPPED！ 类型：interact 置信度：0.9318053126335144
2025-10-20 04:31:53 [TRACE] 【空洞监听】无匹配已持续：0秒
2025-10-20 04:31:57 [TRACE] 【目标检测】屏幕内没有目标
2025-10-20 04:31:58 [TRACE] 【目标检测】屏幕内没有目标
2025-10-20 04:31:58 [TRACE] 【目标检测】屏幕内没有目标
2025-10-20 04:31:59 [TRACE] 【目标检测】屏幕内没有目标
2025-10-20 04:32:00 [TRACE] 【目标检测】屏幕内没有目标
2025-10-20 04:32:04 [TRACE] 【目标检测】TRAPPED！ 类型：interact 置信度：0.9237625002861023
2025-10-20 04:32:10 [TRACE] 【目标检测】屏幕内没有目标
2025-10-20 04:32:11 [TRACE] 【目标检测】屏幕内没有目标
2025-10-20 04:32:12 [TRACE] 【目标检测】屏幕内没有目标
2025-10-20 04:32:14 [TRACE] 【目标检测】TRAPPED！ 类型：interact 置信度：0.9491285681724548
2025-10-20 04:32:19 [TRACE] 【目标检测】TRAPPED！ 类型：interact 置信度：0.9259871244430542
2025-10-20 04:32:21 [TRACE] 【空洞监听】无匹配已持续：0秒
2025-10-20 04:32:25 [TRACE] 【目标检测】屏幕内没有目标
2025-10-20 04:32:26 [TRACE] 【目标检测】屏幕内没有目标
2025-10-20 04:32:27 [TRACE] 【目标检测】屏幕内没有目标
2025-10-20 04:32:27 [TRACE] 【状态】搜索模式：C:\Users\gelon\Desktop\ZA-Lite\assets/images/hollow\gear.png 置信度：0.999715268611908
2025-10-20 04:32:28 [TRACE] 【目标检测】屏幕内没有目标
2025-10-20 04:32:29 [TRACE] 【目标检测】屏幕内没有目标
2025-10-20 04:32:31 [TRACE] 【目标检测】屏幕内没有目标
2025-10-20 04:32:32 [TRACE] 【目标检测】屏幕内没有目标
2025-10-20 04:32:32 [TRACE] 【目标检测】屏幕内没有目标
2025-10-20 04:32:33 [TRACE] 【状态】搜索模式：C:\Users\gelon\Desktop\ZA-Lite\assets/images/hollow\next_area.png 置信度：0.9999993443489075
2025-10-20 04:32:36 [TRACE] 【目标检测】TRAPPED！ 类型：blue_portal 置信度：0.9067485332489014
2025-10-20 04:32:36 [TRACE] 【状态】搜索模式：C:\Users\gelon\Desktop\ZA-Lite\assets/images/hollow\meter.png 置信度：0.9056389927864075
2025-10-20 04:32:41 [TRACE] 【目标检测】TRAPPED！ 类型：blue_portal 置信度：0.9630351066589355
2025-10-20 04:32:44 [TRACE] 【空洞监听】无匹配已持续：0秒
2025-10-20 04:32:46 [TRACE] 【状态】搜索模式：C:\Users\gelon\Desktop\ZA-Lite\assets/images/hollow\meter.png 置信度：0.9799792766571045
2025-10-20 04:32:48 [TRACE] 【目标检测】TRAPPED！ 类型：blue_portal 置信度：0.9682826399803162
2025-10-20 04:32:52 [TRACE] 【状态】搜索模式：C:\Users\gelon\Desktop\ZA-Lite\assets/images/hollow\meter.png 置信度：0.9256144762039185
2025-10-20 04:32:53 [TRACE] 【目标检测】TRAPPED！ 类型：blue_portal 置信度：0.9470303058624268
2025-10-20 04:32:58 [TRACE] 【状态】搜索模式：C:\Users\gelon\Desktop\ZA-Lite\assets/images/hollow\meter.png 置信度：0.9266102313995361
2025-10-20 04:33:00 [TRACE] 【目标检测】TRAPPED！ 类型：blue_portal 置信度：0.9629040360450745
2025-10-20 04:33:05 [TRACE] 【目标检测】TRAPPED！ 类型：blue_portal 置信度：0.9262569546699524
2025-10-20 04:33:05 [TRACE] 【空洞监听】无匹配已持续：0秒
2025-10-20 04:33:09 [TRACE] 【状态】搜索模式：C:\Users\gelon\Desktop\ZA-Lite\assets/images/hollow\meter.png 置信度：0.9191886186599731
2025-10-20 04:33:13 [TRACE] 【目标检测】TRAPPED！ 类型：blue_portal 置信度：0.9628167152404785
2025-10-20 04:33:14 [TRACE] 【状态】搜索模式：C:\Users\gelon\Desktop\ZA-Lite\assets/images/hollow\meter.png 置信度：0.9173297882080078
2025-10-20 04:33:19 [TRACE] 【目标检测】TRAPPED！ 类型：blue_portal 置信度：0.9632944464683533
2025-10-20 04:33:22 [TRACE] 【空洞监听】无匹配已持续：0秒
2025-10-20 04:33:26 [TRACE] 【目标检测】屏幕内没有目标
2025-10-20 04:33:27 [TRACE] 【目标检测】屏幕内没有目标
2025-10-20 04:33:27 [TRACE] 【空洞监听】无匹配已持续：5秒
2025-10-20 04:33:28 [TRACE] 【目标检测】屏幕内没有目标
2025-10-20 04:33:29 [TRACE] 【目标检测】屏幕内没有目标
2025-10-20 04:33:30 [TRACE] 【状态】战斗模式：C:\Users\gelon\Desktop\ZA-Lite\assets/images/hollow\battle_2.png 置信度：0.9999997615814209
2025-10-20 04:33:30 [TRACE] 【目标检测】屏幕内没有目标
2025-10-20 04:33:30 [TRACE] 【状态】战斗模式：C:\Users\gelon\Desktop\ZA-Lite\assets/images/hollow\battle_3.png 置信度：1.0
2025-10-20 04:33:40 [TRACE] 【空洞监听】无匹配已持续：0秒
2025-10-20 04:33:47 [TRACE] 【状态】战斗模式：正在受到攻击
2025-10-20 04:33:51 [TRACE] 【状态】战斗模式：C:\Users\gelon\Desktop\ZA-Lite\assets/images/hollow\battle_5.png 置信度：0.904087245464325
2025-10-20 04:33:57 [TRACE] 【状态】战斗模式：C:\Users\gelon\Desktop\ZA-Lite\assets/images/hollow\battle_5.png 置信度：0.9781893491744995
2025-10-20 04:34:07 [TRACE] 【空洞监听】无匹配已持续：0秒
2025-10-20 04:34:13 [TRACE] 【空洞监听】无匹配已持续：6秒
2025-10-20 04:34:26 [TRACE] 【状态】战斗模式：正在受到攻击
2025-10-20 04:34:33 [TRACE] 【状态】战斗模式：正在受到攻击
2025-10-20 04:34:39 [TRACE] 【空洞监听】无匹配已持续：0秒
2025-10-20 04:34:46 [TRACE] 【状态】战斗模式：正在受到攻击
2025-10-20 04:34:52 [TRACE] 【状态】战斗模式：正在受到攻击
2025-10-20 04:34:59 [TRACE] 【空洞监听】无匹配已持续：0秒
2025-10-20 04:35:06 [TRACE] 【状态】战斗模式：正在受到攻击
2025-10-20 04:35:10 [TRACE] 【状态】战斗模式：C:\Users\gelon\Desktop\ZA-Lite\assets/images/hollow\battle_5.png 置信度：0.9871451258659363
2025-10-20 04:35:16 [TRACE] 【状态】战斗模式：C:\Users\gelon\Desktop\ZA-Lite\assets/images/hollow\battle_5.png 置信度：0.9824349880218506
2025-10-20 04:35:20 [TRACE] 【状态】搜索模式：C:\Users\gelon\Desktop\ZA-Lite\assets/images/hollow\next_area.png 置信度：0.9999993443489075
2025-10-20 04:35:25 [TRACE] 【目标检测】目标存在，但置信度不足
2025-10-20 04:35:27 [TRACE] 【目标检测】微调超时，无法对齐！
2025-10-20 04:35:28 [TRACE] 【状态】搜索模式：C:\Users\gelon\Desktop\ZA-Lite\assets/images/hollow\meter.png 置信度：0.9421594142913818
2025-10-20 04:35:29 [TRACE] 【目标检测】目标存在，但置信度不足
2025-10-20 04:35:30 [TRACE] 【目标检测】目标存在，但置信度不足
2025-10-20 04:35:33 [TRACE] 【目标检测】屏幕内没有目标
2025-10-20 04:35:34 [TRACE] 【状态】搜索模式：C:\Users\gelon\Desktop\ZA-Lite\assets/images/hollow\meter.png 置信度：0.9787378907203674
2025-10-20 04:35:36 [TRACE] 【目标检测】微调超时，无法对齐！
2025-10-20 04:35:40 [TRACE] 【状态】搜索模式：C:\Users\gelon\Desktop\ZA-Lite\assets/images/hollow\meter.png 置信度：0.9060192704200745
2025-10-20 04:35:42 [TRACE] 【目标检测】TRAPPED！ 类型：guide_point 置信度：0.9350349307060242
2025-10-20 04:35:47 [TRACE] 【空洞监听】无匹配已持续：0秒
2025-10-20 04:35:48 [TRACE] 【目标检测】屏幕内没有目标
2025-10-20 04:35:49 [TRACE] 【目标检测】屏幕内没有目标
2025-10-20 04:35:53 [TRACE] 【空洞监听】无匹配已持续：5秒
2025-10-20 04:35:54 [TRACE] 【目标检测】TRAPPED！ 类型：blue_portal 置信度：0.9598595499992371
2025-10-20 04:35:58 [TRACE] 【空洞监听】无匹配已持续：11秒
2025-10-20 04:36:01 [TRACE] 【目标检测】屏幕内没有目标
2025-10-20 04:36:02 [TRACE] 【目标检测】屏幕内没有目标
2025-10-20 04:36:04 [TRACE] 【空洞监听】无匹配已持续：16秒
2025-10-20 04:36:05 [TRACE] 【目标检测】屏幕内没有目标
2025-10-20 04:36:06 [TRACE] 【目标检测】屏幕内没有目标
2025-10-20 04:36:07 [TRACE] 【目标检测】屏幕内没有目标
2025-10-20 04:36:07 [TRACE] 【状态】战斗模式：C:\Users\gelon\Desktop\ZA-Lite\assets/images/hollow\battle_3.png 置信度：0.9999999403953552
2025-10-20 04:36:14 [TRACE] 【状态】战斗模式：C:\Users\gelon\Desktop\ZA-Lite\assets/images/hollow\battle_5.png 置信度：0.9992170333862305
2025-10-20 04:36:24 [TRACE] 【状态】战斗模式：正在受到攻击
2025-10-20 04:36:30 [TRACE] 【空洞监听】无匹配已持续：0秒
2025-10-20 04:36:34 [TRACE] 【状态】战斗模式：C:\Users\gelon\Desktop\ZA-Lite\assets/images/hollow\battle_5.png 置信度：0.9682647585868835
2025-10-20 04:36:40 [TRACE] 【状态】战斗模式：C:\Users\gelon\Desktop\ZA-Lite\assets/images/hollow\battle_5.png 置信度：0.9807835817337036
2025-10-20 04:36:43 [TRACE] 【状态】战斗模式：正在受到攻击
2025-10-20 04:36:49 [TRACE] 【空洞监听】无匹配已持续：0秒
2025-10-20 04:36:56 [TRACE] 【空洞监听】无匹配已持续：6秒
2025-10-20 04:37:02 [TRACE] 【空洞监听】无匹配已持续：12秒
2025-10-20 04:37:08 [TRACE] 【空洞监听】无匹配已持续：18秒
2025-10-20 04:37:11 [TRACE] 【状态】战斗模式：C:\Users\gelon\Desktop\ZA-Lite\assets/images/hollow\battle_5.png 置信度：0.9790251851081848
2025-10-20 04:37:17 [TRACE] 【状态】战斗模式：C:\Users\gelon\Desktop\ZA-Lite\assets/images/hollow\battle_5.png 置信度：0.9743779897689819
2025-10-20 04:37:20 [TRACE] 【状态】战斗模式：正在受到攻击
2025-10-20 04:37:24 [TRACE] 【状态】战斗模式：C:\Users\gelon\Desktop\ZA-Lite\assets/images/hollow\battle_5.png 置信度：0.9827423095703125
2025-10-20 04:37:33 [TRACE] 【空洞监听】无匹配已持续：0秒
2025-10-20 04:37:40 [TRACE] 【空洞监听】无匹配已持续：6秒
2025-10-20 04:37:46 [TRACE] 【空洞监听】无匹配已持续：12秒
2025-10-20 04:37:56 [TRACE] 【状态】搜索模式：C:\Users\gelon\Desktop\ZA-Lite\assets/images/hollow\meter.png 置信度：0.9287447333335876
2025-10-20 04:37:58 [TRACE] 【目标检测】目标存在，但置信度不足
2025-10-20 04:37:59 [TRACE] 【目标检测】目标存在，但置信度不足
2025-10-20 04:38:01 [TRACE] 【目标检测】微调超时，无法对齐！
2025-10-20 04:38:04 [TRACE] 【空洞监听】无匹配已持续：0秒
2025-10-20 04:38:05 [TRACE] 【目标检测】TRAPPED！ 类型：blue_portal 置信度：0.9029430150985718
2025-10-20 04:38:09 [TRACE] 【空洞监听】无匹配已持续：5秒
2025-10-20 04:38:11 [TRACE] 【目标检测】屏幕内没有目标
2025-10-20 04:38:12 [TRACE] 【目标检测】屏幕内没有目标
2025-10-20 04:38:13 [TRACE] 【目标检测】目标存在，但置信度不足
2025-10-20 04:38:14 [TRACE] 【目标检测】屏幕内没有目标
2025-10-20 04:38:15 [TRACE] 【目标检测】屏幕内没有目标
2025-10-20 04:38:16 [TRACE] 【目标检测】屏幕内没有目标
2025-10-20 04:38:18 [TRACE] 【状态】战斗模式：C:\Users\gelon\Desktop\ZA-Lite\assets/images/hollow\battle_4.png 置信度：1.0
2025-10-20 04:38:27 [TRACE] 【空洞监听】无匹配已持续：0秒
2025-10-20 04:38:34 [TRACE] 【空洞监听】无匹配已持续：6秒
2025-10-20 04:38:38 [TRACE] 【状态】战斗模式：C:\Users\gelon\Desktop\ZA-Lite\assets/images/hollow\battle_5.png 置信度：0.9857434630393982
2025-10-20 04:38:44 [TRACE] 【状态】战斗模式：C:\Users\gelon\Desktop\ZA-Lite\assets/images/hollow\battle_5.png 置信度：0.9799098968505859
2025-10-20 04:38:50 [TRACE] 【状态】战斗模式：C:\Users\gelon\Desktop\ZA-Lite\assets/images/hollow\battle_5.png 置信度：0.9841104745864868
2025-10-20 04:38:58 [TRACE] 【空洞监听】无匹配已持续：0秒
2025-10-20 04:39:00 [TRACE] 【状态】搜索模式：C:\Users\gelon\Desktop\ZA-Lite\assets/images/hollow\next_area.png 置信度：0.9999993443489075
2025-10-20 04:39:05 [TRACE] 【目标检测】微调超时，无法对齐！
2025-10-20 04:39:08 [TRACE] 【状态】搜索模式：C:\Users\gelon\Desktop\ZA-Lite\assets/images/hollow\meter.png 置信度：0.9557480216026306
2025-10-20 04:39:08 [TRACE] 【目标检测】TRAPPED！ 类型：guide_point 置信度：0.6527463793754578
2025-10-20 04:39:15 [TRACE] 【目标检测】屏幕内没有目标
2025-10-20 04:39:15 [TRACE] 【空洞监听】无匹配已持续：0秒
2025-10-20 04:39:16 [TRACE] 【目标检测】屏幕内没有目标
2025-10-20 04:39:16 [TRACE] 【目标检测】屏幕内没有目标
2025-10-20 04:39:17 [TRACE] 【目标检测】屏幕内没有目标
2025-10-20 04:39:18 [TRACE] 【目标检测】屏幕内没有目标
2025-10-20 04:39:21 [TRACE] 【空洞监听】无匹配已持续：5秒
2025-10-20 04:39:21 [TRACE] 【目标检测】屏幕内没有目标
2025-10-20 04:39:22 [TRACE] 【目标检测】屏幕内没有目标
2025-10-20 04:39:23 [TRACE] 【目标检测】屏幕内没有目标
2025-10-20 04:39:24 [TRACE] 【目标检测】屏幕内没有目标
2025-10-20 04:39:25 [TRACE] 【目标检测】屏幕内没有目标
2025-10-20 04:39:26 [TRACE] 【空洞监听】无匹配已持续：11秒
2025-10-20 04:39:27 [TRACE] 【目标检测】屏幕内没有目标
2025-10-20 04:39:29 [TRACE] 【目标检测】屏幕内没有目标
2025-10-20 04:39:30 [TRACE] 【目标检测】屏幕内没有目标
2025-10-20 04:39:32 [TRACE] 【空洞监听】无匹配已持续：17秒
2025-10-20 04:39:34 [TRACE] 【目标检测】TRAPPED！ 类型：interact 置信度：0.921428918838501
2025-10-20 04:39:38 [TRACE] 【空洞监听】无匹配已持续：22秒
2025-10-20 04:39:41 [TRACE] 【目标检测】屏幕内没有目标
2025-10-20 04:39:42 [TRACE] 【目标检测】屏幕内没有目标
2025-10-20 04:39:42 [TRACE] 【目标检测】屏幕内没有目标
2025-10-20 04:39:43 [TRACE] 【目标检测】屏幕内没有目标
2025-10-20 04:39:44 [TRACE] 【目标检测】屏幕内没有目标
2025-10-20 04:39:46 [TRACE] 【目标检测】屏幕内没有目标
2025-10-20 04:39:47 [TRACE] 【目标检测】屏幕内没有目标
2025-10-20 04:39:48 [TRACE] 【目标检测】屏幕内没有目标
2025-10-20 04:39:49 [TRACE] 【目标检测】屏幕内没有目标
2025-10-20 04:39:50 [TRACE] 【目标检测】屏幕内没有目标
2025-10-20 04:39:52 [TRACE] 【目标检测】屏幕内没有目标
2025-10-20 04:39:53 [TRACE] 【目标检测】屏幕内没有目标
2025-10-20 04:39:54 [TRACE] 【目标检测】屏幕内没有目标
2025-10-20 04:39:55 [TRACE] 【目标检测】屏幕内没有目标
2025-10-20 04:39:56 [TRACE] 【目标检测】屏幕内没有目标
2025-10-20 04:39:56 [TRACE] 【状态】搜索模式：C:\Users\gelon\Desktop\ZA-Lite\assets/images/hollow\card.png 置信度：0.9999998211860657
2025-10-20 04:39:58 [TRACE] 【目标检测】屏幕内没有目标
2025-10-20 04:39:59 [TRACE] 【目标检测】屏幕内没有目标
2025-10-20 04:40:00 [TRACE] 【目标检测】屏幕内没有目标
2025-10-20 04:40:00 [TRACE] 【目标检测】屏幕内没有目标
2025-10-20 04:40:06 [TRACE] 【目标检测】微调超时，无法对齐！
2025-10-20 04:40:07 [TRACE] 【空洞监听】无匹配已持续：0秒
2025-10-20 04:40:11 [TRACE] 【目标检测】TRAPPED！ 类型：guide_point 置信度：0.910396158695221
2025-10-20 04:40:11 [TRACE] 【状态】搜索模式：C:\Users\gelon\Desktop\ZA-Lite\assets/images/hollow\meter.png 置信度：0.9068941473960876
2025-10-20 04:40:18 [TRACE] 【目标检测】目标存在，但置信度不足
2025-10-20 04:40:19 [TRACE] 【空洞监听】无匹配已持续：0秒
2025-10-20 04:40:19 [TRACE] 【目标检测】屏幕内没有目标
2025-10-20 04:40:21 [TRACE] 【目标检测】屏幕内没有目标
2025-10-20 04:40:22 [TRACE] 【目标检测】屏幕内没有目标
2025-10-20 04:40:23 [TRACE] 【目标检测】屏幕内没有目标
2025-10-20 04:40:25 [TRACE] 【空洞监听】无匹配已持续：5秒
2025-10-20 04:40:26 [TRACE] 【目标检测】TRAPPED！ 类型：red_portal 置信度：0.9704007506370544
2025-10-20 04:40:26 [TRACE] 【状态】进入BOSS战，攻击检测预启动
2025-10-20 04:40:31 [TRACE] 【空洞监听】无匹配已持续：11秒
2025-10-20 04:40:32 [TRACE] 【目标检测】屏幕内没有目标
2025-10-20 04:40:37 [TRACE] 【空洞监听】无匹配已持续：18秒
2025-10-20 04:40:39 [TRACE] 【目标检测】微调超时，无法对齐！
2025-10-20 04:40:41 [TRACE] 【目标检测】屏幕内没有目标
2025-10-20 04:40:42 [TRACE] 【目标检测】屏幕内没有目标
2025-10-20 04:40:44 [TRACE] 【目标检测】屏幕内没有目标
2025-10-20 04:40:44 [TRACE] 【空洞监听】无匹配已持续：24秒
2025-10-20 04:40:45 [TRACE] 【目标检测】屏幕内没有目标
2025-10-20 04:40:48 [TRACE] 【目标检测】屏幕内没有目标
2025-10-20 04:40:50 [TRACE] 【目标检测】屏幕内没有目标
2025-10-20 04:40:51 [TRACE] 【空洞监听】无匹配已持续：32秒
2025-10-20 04:40:53 [TRACE] 【目标检测】屏幕内没有目标
2025-10-20 04:40:58 [TRACE] 【空洞监听】无匹配已持续：39秒
2025-10-20 04:40:58 [TRACE] 【目标检测】TRAPPED！ 类型：red_portal 置信度：0.9521752595901489
2025-10-20 04:40:58 [TRACE] 【状态】进入BOSS战，攻击检测预启动
2025-10-20 04:41:04 [TRACE] 【空洞监听】无匹配已持续：44秒
2025-10-20 04:41:06 [TRACE] 【目标检测】屏幕内没有目标
2025-10-20 04:41:07 [TRACE] 【目标检测】屏幕内没有目标
2025-10-20 04:41:09 [TRACE] 【目标检测】屏幕内没有目标
2025-10-20 04:41:10 [TRACE] 【目标检测】屏幕内没有目标
2025-10-20 04:41:11 [TRACE] 【空洞监听】无匹配已持续：51秒
2025-10-20 04:41:11 [TRACE] 【目标检测】屏幕内没有目标
2025-10-20 04:41:14 [TRACE] 【目标检测】屏幕内没有目标
2025-10-20 04:41:15 [TRACE] 【状态】战斗模式：C:\Users\gelon\Desktop\ZA-Lite\assets/images/hollow\battle_5.png 置信度：0.9756966829299927
2025-10-20 04:41:15 [TRACE] 【目标检测】屏幕内没有目标
2025-10-20 04:41:24 [TRACE] 【状态】战斗模式：正在受到攻击
2025-10-20 04:41:30 [TRACE] 【状态】战斗模式：正在受到攻击
2025-10-20 04:41:37 [TRACE] 【空洞监听】无匹配已持续：0秒
2025-10-20 04:41:43 [TRACE] 【空洞监听】无匹配已持续：6秒
2025-10-20 04:41:50 [TRACE] 【空洞监听】无匹配已持续：13秒
2025-10-20 04:41:56 [TRACE] 【状态】战斗模式：正在受到攻击
2025-10-20 04:42:02 [TRACE] 【状态】战斗模式：正在受到攻击
2025-10-20 04:42:08 [TRACE] 【状态】战斗模式：正在受到攻击
2025-10-20 04:42:14 [TRACE] 【状态】战斗模式：正在受到攻击
2025-10-20 04:42:20 [TRACE] 【空洞监听】无匹配已持续：0秒
2025-10-20 04:42:26 [TRACE] 【空洞监听】无匹配已持续：5秒
2025-10-20 04:42:32 [TRACE] 【空洞监听】无匹配已持续：11秒
2025-10-20 04:42:39 [TRACE] 【空洞监听】无匹配已持续：18秒
2025-10-20 04:42:44 [TRACE] 【状态】战斗模式：正在受到攻击
2025-10-20 04:42:51 [TRACE] 【空洞监听】无匹配已持续：0秒
2025-10-20 04:42:56 [TRACE] 【状态】战斗模式：正在受到攻击
