2025-10-20 17:16:21 [TRACE] 【线程启动】全局监听
2025-10-20 17:16:21 [TRACE] 【线程启动】终止监听
2025-10-20 17:16:21 [INFO] 现在执行 1 次零号空洞
2025-10-20 17:16:23 [DEBUG] 初始化完毕..启动{零号空洞}模块
2025-10-20 17:16:26 [DEBUG] 启动游戏：D:/Game Files/ZenlessZoneZero Game/ZenlessZoneZero.exe
2025-10-20 17:16:34 [SUCCESS] 程序开始接管操作，请保持游戏画面处于前台，终止按下Alt键
2025-10-20 17:16:34 [TRACE] 【线程启动】空洞搜索
2025-10-20 17:16:34 [TRACE] 【线程启动】空洞监听
2025-10-20 17:16:34 [TRACE] 【线程启动】空洞战斗
2025-10-20 17:16:34 [DEBUG] 正在返回菜单
2025-10-20 17:16:35 [TRACE] 正在返回菜单,请保持游戏画面处于前台
2025-10-20 17:16:37 [TRACE] 正在返回菜单,请保持游戏画面处于前台
2025-10-20 17:16:39 [TRACE] 正在返回菜单,请保持游戏画面处于前台
2025-10-20 17:16:41 [TRACE] 正在返回菜单,请保持游戏画面处于前台
2025-10-20 17:16:44 [TRACE] 正在返回菜单,请保持游戏画面处于前台
2025-10-20 17:16:46 [TRACE] 正在返回菜单,请保持游戏画面处于前台
2025-10-20 17:16:48 [TRACE] 正在返回菜单,请保持游戏画面处于前台
2025-10-20 17:16:50 [TRACE] 正在返回菜单,请保持游戏画面处于前台
2025-10-20 17:16:53 [TRACE] 正在返回菜单,请保持游戏画面处于前台
2025-10-20 17:16:55 [TRACE] 正在返回菜单,请保持游戏画面处于前台
2025-10-20 17:16:57 [TRACE] 正在返回菜单,请保持游戏画面处于前台
2025-10-20 17:17:00 [TRACE] 正在返回菜单,请保持游戏画面处于前台
2025-10-20 17:17:02 [TRACE] 正在返回菜单,请保持游戏画面处于前台
2025-10-20 17:17:04 [TRACE] 正在返回菜单,请保持游戏画面处于前台
2025-10-20 17:17:07 [TRACE] 正在返回菜单,请保持游戏画面处于前台
2025-10-20 17:17:09 [TRACE] 正在返回菜单,请保持游戏画面处于前台
2025-10-20 17:17:11 [TRACE] 正在返回菜单,请保持游戏画面处于前台
2025-10-20 17:17:13 [TRACE] 正在返回菜单,请保持游戏画面处于前台
2025-10-20 17:17:16 [TRACE] 正在返回菜单,请保持游戏画面处于前台
2025-10-20 17:17:18 [TRACE] 正在返回菜单,请保持游戏画面处于前台
2025-10-20 17:17:20 [TRACE] 正在返回菜单,请保持游戏画面处于前台
2025-10-20 17:17:22 [TRACE] 正在返回菜单,请保持游戏画面处于前台
2025-10-20 17:17:25 [TRACE] 正在返回菜单,请保持游戏画面处于前台
2025-10-20 17:17:27 [TRACE] 现在处于大厅
2025-10-20 17:17:28 [INFO] 执行零号空洞任务中
2025-10-20 17:17:28 [TRACE] 【1】等待目标中 C:\Users\gelon\Desktop\ZA-Lite\assets/images/hollow\combat.png
2025-10-20 17:17:29 [TRACE] 【2】等待目标中 C:\Users\gelon\Desktop\ZA-Lite\assets/images/hollow\combat.png
2025-10-20 17:17:30 [TRACE] 【3】等待目标中 C:\Users\gelon\Desktop\ZA-Lite\assets/images/hollow\combat.png
2025-10-20 17:17:31 [TRACE] 【4】等待目标中 C:\Users\gelon\Desktop\ZA-Lite\assets/images/hollow\combat.png
2025-10-20 17:17:31 [TRACE] 【5】等待目标中 C:\Users\gelon\Desktop\ZA-Lite\assets/images/hollow\combat.png
2025-10-20 17:17:32 [TRACE] 【6】等待目标中 C:\Users\gelon\Desktop\ZA-Lite\assets/images/hollow\combat.png
2025-10-20 17:17:33 [TRACE] 【7】等待目标中 C:\Users\gelon\Desktop\ZA-Lite\assets/images/hollow\combat.png
2025-10-20 17:17:34 [TRACE] 【8】等待目标中 C:\Users\gelon\Desktop\ZA-Lite\assets/images/hollow\combat.png
2025-10-20 17:17:34 [TRACE] 【9】等待目标中 C:\Users\gelon\Desktop\ZA-Lite\assets/images/hollow\combat.png
2025-10-20 17:17:35 [TRACE] 【10】等待目标中 C:\Users\gelon\Desktop\ZA-Lite\assets/images/hollow\combat.png
2025-10-20 17:17:36 [TRACE] 【11】等待目标中 C:\Users\gelon\Desktop\ZA-Lite\assets/images/hollow\combat.png
2025-10-20 17:17:36 [TRACE] 【12】等待目标中 C:\Users\gelon\Desktop\ZA-Lite\assets/images/hollow\combat.png
2025-10-20 17:17:37 [TRACE] 【13】等待目标中 C:\Users\gelon\Desktop\ZA-Lite\assets/images/hollow\combat.png
2025-10-20 17:17:38 [TRACE] 【14】等待目标中 C:\Users\gelon\Desktop\ZA-Lite\assets/images/hollow\combat.png
2025-10-20 17:17:39 [TRACE] 【15】等待目标中 C:\Users\gelon\Desktop\ZA-Lite\assets/images/hollow\combat.png
2025-10-20 17:17:39 [TRACE] 【16】等待目标中 C:\Users\gelon\Desktop\ZA-Lite\assets/images/hollow\combat.png
2025-10-20 17:17:40 [TRACE] 【17】等待目标中 C:\Users\gelon\Desktop\ZA-Lite\assets/images/hollow\combat.png
2025-10-20 17:17:41 [TRACE] 【18】等待目标中 C:\Users\gelon\Desktop\ZA-Lite\assets/images/hollow\combat.png
2025-10-20 17:17:41 [TRACE] 【19】等待目标中 C:\Users\gelon\Desktop\ZA-Lite\assets/images/hollow\combat.png
2025-10-20 17:17:42 [TRACE] 【20】等待目标中 C:\Users\gelon\Desktop\ZA-Lite\assets/images/hollow\combat.png
2025-10-20 17:17:43 [ERROR] 等待超时,开始重试
2025-10-20 17:17:45 [DEBUG] 正在返回菜单
2025-10-20 17:17:46 [TRACE] 正在返回菜单,请保持游戏画面处于前台
2025-10-20 17:17:48 [TRACE] 现在处于大厅
2025-10-20 17:17:49 [INFO] 执行零号空洞任务中
2025-10-20 17:17:49 [TRACE] 【1】等待目标中 C:\Users\gelon\Desktop\ZA-Lite\assets/images/hollow\combat.png
2025-10-20 17:17:50 [TRACE] 【目标出现】C:\Users\gelon\Desktop\ZA-Lite\assets/images/hollow\combat.png 置信度：0.9762969613075256
2025-10-20 17:17:51 [TRACE] 【目标出现】C:\Users\gelon\Desktop\ZA-Lite\assets/images/hollow\zero_hollow.png 置信度：0.9999948143959045
2025-10-20 17:17:53 [TRACE] 【目标出现】C:\Users\gelon\Desktop\ZA-Lite\assets/images/hollow\go_hollow.png 置信度：0.9941729307174683
2025-10-20 17:17:54 [TRACE] 【目标出现】C:\Users\gelon\Desktop\ZA-Lite\assets/images/hollow\confirm.png 置信度：0.9839580655097961
2025-10-20 17:17:56 [TRACE] 【1】等待目标中 C:\Users\gelon\Desktop\ZA-Lite\assets/images/hollow\hollow_taskforce.png
2025-10-20 17:17:56 [TRACE] 【2】等待目标中 C:\Users\gelon\Desktop\ZA-Lite\assets/images/hollow\hollow_taskforce.png
2025-10-20 17:17:57 [TRACE] 【3】等待目标中 C:\Users\gelon\Desktop\ZA-Lite\assets/images/hollow\hollow_taskforce.png
2025-10-20 17:17:58 [TRACE] 【目标出现】C:\Users\gelon\Desktop\ZA-Lite\assets/images/hollow\hollow_taskforce.png 置信度：0.9999975562095642
2025-10-20 17:17:59 [TRACE] 【目标出现】C:\Users\gelon\Desktop\ZA-Lite\assets/images/hollow\strategy.png 置信度：0.9692191481590271
2025-10-20 17:18:00 [TRACE] 【1】等待目标中 C:\Users\gelon\Desktop\ZA-Lite\assets/images/hollow\strategy_confirm.png
2025-10-20 17:18:01 [TRACE] 【目标出现】C:\Users\gelon\Desktop\ZA-Lite\assets/images/hollow\strategy_confirm.png 置信度：1.0
2025-10-20 17:18:03 [TRACE] 【目标出现】C:\Users\gelon\Desktop\ZA-Lite\assets/images/hollow\next_step.png 置信度：0.9805442690849304
2025-10-20 17:18:04 [TRACE] 【目标出现】C:\Users\gelon\Desktop\ZA-Lite\assets/images/daily\squad_preset.png 置信度：0.9862321019172668
2025-10-20 17:18:05 [TRACE] 【1】等待目标中 C:\Users\gelon\Desktop\ZA-Lite\assets/images/daily\squad_6.png
2025-10-20 17:18:06 [TRACE] 【目标出现】C:\Users\gelon\Desktop\ZA-Lite\assets/images/daily\squad_6.png 置信度：0.9995501041412354
2025-10-20 17:18:07 [TRACE] 【目标出现】C:\Users\gelon\Desktop\ZA-Lite\assets/images/daily\select_squad.png 置信度：0.9712648391723633
2025-10-20 17:18:09 [TRACE] 【目标出现】C:\Users\gelon\Desktop\ZA-Lite\assets/images/hollow\start_battle.png 置信度：0.9688164591789246
2025-10-20 17:18:10 [TRACE] 【空洞监听】无匹配已持续：0秒
2025-10-20 17:18:10 [TRACE] 【线程启动】攻击检测
2025-10-20 17:18:11 [TRACE] 【目标检测】屏幕内没有目标
2025-10-20 17:18:12 [TRACE] 【目标检测】屏幕内没有目标
2025-10-20 17:18:14 [TRACE] 【目标检测】屏幕内没有目标
2025-10-20 17:18:15 [TRACE] 【目标检测】屏幕内没有目标
2025-10-20 17:18:17 [TRACE] 【目标检测】屏幕内没有目标
2025-10-20 17:18:17 [TRACE] 【空洞监听】无匹配已持续：7秒
2025-10-20 17:18:19 [TRACE] 【目标检测】屏幕内没有目标
2025-10-20 17:18:20 [TRACE] 【目标检测】屏幕内没有目标
2025-10-20 17:18:22 [TRACE] 【目标检测】屏幕内没有目标
2025-10-20 17:18:23 [TRACE] 【空洞监听】无匹配已持续：13秒
2025-10-20 17:18:23 [TRACE] 【目标检测】屏幕内没有目标
2025-10-20 17:18:25 [TRACE] 【目标检测】屏幕内没有目标
2025-10-20 17:18:28 [TRACE] 【目标检测】屏幕内没有目标
2025-10-20 17:18:29 [TRACE] 【目标检测】屏幕内没有目标
2025-10-20 17:18:30 [TRACE] 【空洞监听】无匹配已持续：20秒
2025-10-20 17:18:31 [TRACE] 【目标检测】屏幕内没有目标
2025-10-20 17:18:32 [TRACE] 【目标检测】屏幕内没有目标
2025-10-20 17:18:34 [TRACE] 【目标检测】屏幕内没有目标
2025-10-20 17:18:37 [TRACE] 【空洞监听】无匹配已持续：27秒
2025-10-20 17:18:41 [TRACE] 【目标检测】TRAPPED！ 类型：interact 置信度：0.9406595230102539
2025-10-20 17:18:43 [TRACE] 【空洞监听】无匹配已持续：33秒
2025-10-20 17:18:49 [TRACE] 【目标检测】目标存在，但置信度不足
2025-10-20 17:18:56 [TRACE] 【目标检测】微调超时，无法对齐！
2025-10-20 17:18:58 [TRACE] 【空洞监听】无匹配已持续：0秒
2025-10-20 17:19:00 [TRACE] 【目标检测】TRAPPED！ 类型：interact 置信度：0.9245530962944031
2025-10-20 17:19:05 [TRACE] 【空洞监听】无匹配已持续：7秒
2025-10-20 17:19:08 [TRACE] 【目标检测】TRAPPED！ 类型：interact 置信度：0.9379029870033264
2025-10-20 17:19:15 [TRACE] 【目标检测】屏幕内没有目标
2025-10-20 17:19:17 [TRACE] 【目标检测】屏幕内没有目标
2025-10-20 17:19:18 [TRACE] 【目标检测】屏幕内没有目标
2025-10-20 17:19:19 [TRACE] 【目标检测】屏幕内没有目标
2025-10-20 17:19:21 [TRACE] 【目标检测】屏幕内没有目标
2025-10-20 17:19:26 [TRACE] 【空洞监听】无匹配已持续：0秒
2025-10-20 17:19:30 [TRACE] 【目标检测】TRAPPED！ 类型：interact 置信度：0.9402217864990234
2025-10-20 17:19:32 [TRACE] 【空洞监听】无匹配已持续：6秒
2025-10-20 17:19:33 [TRACE] 【状态】搜索模式：C:\Users\gelon\Desktop\ZA-Lite\assets/images/hollow\card.png 置信度：0.9999998211860657
2025-10-20 17:19:37 [TRACE] 【目标检测】目标存在，但置信度不足
2025-10-20 17:19:39 [TRACE] 【目标检测】目标存在，但置信度不足
2025-10-20 17:19:42 [TRACE] 【目标检测】TRAPPED！ 类型：blue_portal 置信度：0.9073182344436646
2025-10-20 17:19:46 [TRACE] 【空洞监听】无匹配已持续：0秒
2025-10-20 17:19:49 [TRACE] 【目标检测】屏幕内没有目标
2025-10-20 17:19:50 [TRACE] 【目标检测】屏幕内没有目标
2025-10-20 17:19:51 [TRACE] 【目标检测】屏幕内没有目标
2025-10-20 17:19:52 [TRACE] 【空洞监听】无匹配已持续：6秒
2025-10-20 17:19:53 [TRACE] 【目标检测】屏幕内没有目标
2025-10-20 17:19:54 [TRACE] 【目标检测】屏幕内没有目标
2025-10-20 17:19:55 [TRACE] 【状态】战斗模式：C:\Users\gelon\Desktop\ZA-Lite\assets/images/hollow\battle_3.png 置信度：0.9910339713096619
2025-10-20 17:20:05 [TRACE] 【空洞监听】无匹配已持续：0秒
2025-10-20 17:20:11 [TRACE] 【空洞监听】无匹配已持续：5秒
2025-10-20 17:20:17 [TRACE] 【空洞监听】无匹配已持续：12秒
2025-10-20 17:20:23 [TRACE] 【空洞监听】无匹配已持续：18秒
2025-10-20 17:20:29 [TRACE] 【空洞监听】无匹配已持续：24秒
2025-10-20 17:20:36 [TRACE] 【空洞监听】无匹配已持续：30秒
2025-10-20 17:20:41 [TRACE] 【空洞监听】无匹配已持续：36秒
2025-10-20 17:20:47 [TRACE] 【空洞监听】无匹配已持续：42秒
2025-10-20 17:20:53 [TRACE] 【空洞监听】无匹配已持续：48秒
2025-10-20 17:20:59 [TRACE] 【空洞监听】无匹配已持续：54秒
2025-10-20 17:21:05 [TRACE] 【空洞监听】无匹配已持续：60秒
2025-10-20 17:21:05 [TRACE] 【空洞监听】即将超时，重启搜索线程
2025-10-20 17:21:09 [TRACE] 【目标检测】TRAPPED！ 类型：blue_portal 置信度：0.971994936466217
2025-10-20 17:21:12 [TRACE] 【空洞监听】无匹配已持续：66秒
2025-10-20 17:21:12 [TRACE] 【空洞监听】即将超时，重启搜索线程
2025-10-20 17:21:16 [TRACE] 【目标检测】屏幕内没有目标
2025-10-20 17:21:19 [TRACE] 【空洞监听】无匹配已持续：73秒
2025-10-20 17:21:19 [TRACE] 【空洞监听】即将超时，重启搜索线程
2025-10-20 17:21:19 [TRACE] 【目标检测】屏幕内没有目标
2025-10-20 17:21:21 [TRACE] 【目标检测】屏幕内没有目标
2025-10-20 17:21:22 [TRACE] 【目标检测】屏幕内没有目标
2025-10-20 17:21:24 [TRACE] 【目标检测】屏幕内没有目标
2025-10-20 17:21:25 [TRACE] 【状态】战斗模式：正在受到攻击
2025-10-20 17:21:32 [TRACE] 【空洞监听】无匹配已持续：0秒
2025-10-20 17:21:37 [TRACE] 【状态】战斗模式：正在受到攻击
2025-10-20 17:21:43 [TRACE] 【空洞监听】无匹配已持续：0秒
2025-10-20 17:21:51 [TRACE] 【状态】搜索模式：C:\Users\gelon\Desktop\ZA-Lite\assets/images/hollow\next_area.png 置信度：0.9999994039535522
2025-10-20 17:21:54 [TRACE] 【状态】搜索模式：C:\Users\gelon\Desktop\ZA-Lite\assets/images/hollow\meter.png 置信度：0.9747052192687988
2025-10-20 17:21:57 [TRACE] 【目标检测】微调超时，无法对齐！
2025-10-20 17:22:01 [TRACE] 【状态】搜索模式：C:\Users\gelon\Desktop\ZA-Lite\assets/images/hollow\meter.png 置信度：0.9301340579986572
2025-10-20 17:22:05 [TRACE] 【目标检测】微调超时，无法对齐！
2025-10-20 17:22:08 [TRACE] 【目标检测】TRAPPED！ 类型：guide_point 置信度：0.9262959361076355
2025-10-20 17:22:09 [TRACE] 【空洞监听】无匹配已持续：0秒
2025-10-20 17:22:14 [TRACE] 【目标检测】屏幕内没有目标
2025-10-20 17:22:15 [TRACE] 【空洞监听】无匹配已持续：6秒
2025-10-20 17:22:16 [TRACE] 【目标检测】屏幕内没有目标
2025-10-20 17:22:17 [TRACE] 【目标检测】屏幕内没有目标
2025-10-20 17:22:22 [TRACE] 【目标检测】TRAPPED！ 类型：interact 置信度：0.8243784308433533
2025-10-20 17:22:22 [TRACE] 【空洞监听】无匹配已持续：13秒
2025-10-20 17:22:28 [TRACE] 【目标检测】TRAPPED！ 类型：interact 置信度：0.9136247038841248
2025-10-20 17:22:29 [TRACE] 【空洞监听】无匹配已持续：19秒
2025-10-20 17:22:35 [TRACE] 【状态】搜索模式：C:\Users\gelon\Desktop\ZA-Lite\assets/images/hollow\resonium.png 置信度：0.9999998807907104
2025-10-20 17:22:35 [TRACE] 【目标出现】C:\Users\gelon\Desktop\ZA-Lite\assets/images/hollow\resonium.png 置信度：0.9999996423721313
2025-10-20 17:22:35 [TRACE] 【本轮的坐标】：(np.int64(1309), np.int64(441)) ------------
2025-10-20 17:22:35 [TRACE] 【已点击过的坐标】：[(-10, -10)]
2025-10-20 17:22:35 [TRACE] 【成功点击】
2025-10-20 17:22:35 [TRACE] 【目标检测】屏幕内没有目标
2025-10-20 17:22:36 [TRACE] 【本轮的坐标】：(np.int64(1310), np.int64(441)) ------------
2025-10-20 17:22:36 [TRACE] 【已点击过的坐标】：[(-10, -10), (np.int64(1309), np.int64(441))]
2025-10-20 17:22:36 [TRACE] 【坐标太近】视为重复
2025-10-20 17:22:36 [TRACE] 【没有通过的坐标】开始下一轮
2025-10-20 17:22:36 [TRACE] 【本轮的坐标】：(np.int64(1699), np.int64(441)) ------------
2025-10-20 17:22:36 [TRACE] 【已点击过的坐标】：[(-10, -10), (np.int64(1309), np.int64(441))]
2025-10-20 17:22:36 [TRACE] 【成功点击】
2025-10-20 17:22:36 [TRACE] 【目标检测】屏幕内没有目标
2025-10-20 17:22:37 [TRACE] 【本轮的坐标】：(np.int64(2088), np.int64(441)) ------------
2025-10-20 17:22:37 [TRACE] 【已点击过的坐标】：[(-10, -10), (np.int64(1309), np.int64(441)), (np.int64(1699), np.int64(441))]
2025-10-20 17:22:37 [TRACE] 【成功点击】
2025-10-20 17:22:37 [TRACE] 【目标检测】屏幕内没有目标
2025-10-20 17:22:38 [TRACE] 【本轮的坐标】：(np.int64(2089), np.int64(441)) ------------
2025-10-20 17:22:38 [TRACE] 【已点击过的坐标】：[(-10, -10), (np.int64(1309), np.int64(441)), (np.int64(1699), np.int64(441)), (np.int64(2088), np.int64(441))]
2025-10-20 17:22:38 [TRACE] 【坐标太近】视为重复
2025-10-20 17:22:38 [TRACE] 【没有通过的坐标】开始下一轮
2025-10-20 17:22:38 [TRACE] 【本轮的坐标】：(np.int64(2478), np.int64(441)) ------------
2025-10-20 17:22:38 [TRACE] 【已点击过的坐标】：[(-10, -10), (np.int64(1309), np.int64(441)), (np.int64(1699), np.int64(441)), (np.int64(2088), np.int64(441))]
2025-10-20 17:22:38 [TRACE] 【成功点击】
2025-10-20 17:22:38 [TRACE] 【目标检测】屏幕内没有目标
2025-10-20 17:22:38 [TRACE] 【本轮的坐标】：(np.int64(1308), np.int64(442)) ------------
2025-10-20 17:22:38 [TRACE] 【已点击过的坐标】：[(-10, -10), (np.int64(1309), np.int64(441)), (np.int64(1699), np.int64(441)), (np.int64(2088), np.int64(441)), (np.int64(2478), np.int64(441))]
2025-10-20 17:22:38 [TRACE] 【坐标太近】视为重复
2025-10-20 17:22:38 [TRACE] 【没有通过的坐标】开始下一轮
2025-10-20 17:22:38 [TRACE] 【本轮的坐标】：(np.int64(1309), np.int64(442)) ------------
2025-10-20 17:22:38 [TRACE] 【已点击过的坐标】：[(-10, -10), (np.int64(1309), np.int64(441)), (np.int64(1699), np.int64(441)), (np.int64(2088), np.int64(441)), (np.int64(2478), np.int64(441))]
2025-10-20 17:22:38 [TRACE] 【坐标太近】视为重复
2025-10-20 17:22:38 [TRACE] 【没有通过的坐标】开始下一轮
2025-10-20 17:22:38 [TRACE] 【本轮的坐标】：(np.int64(1310), np.int64(442)) ------------
2025-10-20 17:22:38 [TRACE] 【已点击过的坐标】：[(-10, -10), (np.int64(1309), np.int64(441)), (np.int64(1699), np.int64(441)), (np.int64(2088), np.int64(441)), (np.int64(2478), np.int64(441))]
2025-10-20 17:22:38 [TRACE] 【坐标太近】视为重复
2025-10-20 17:22:38 [TRACE] 【没有通过的坐标】开始下一轮
2025-10-20 17:22:38 [TRACE] 【本轮的坐标】：(np.int64(1698), np.int64(442)) ------------
2025-10-20 17:22:38 [TRACE] 【已点击过的坐标】：[(-10, -10), (np.int64(1309), np.int64(441)), (np.int64(1699), np.int64(441)), (np.int64(2088), np.int64(441)), (np.int64(2478), np.int64(441))]
2025-10-20 17:22:38 [TRACE] 【坐标太近】视为重复
2025-10-20 17:22:38 [TRACE] 【没有通过的坐标】开始下一轮
2025-10-20 17:22:38 [TRACE] 【本轮的坐标】：(np.int64(1699), np.int64(442)) ------------
2025-10-20 17:22:38 [TRACE] 【已点击过的坐标】：[(-10, -10), (np.int64(1309), np.int64(441)), (np.int64(1699), np.int64(441)), (np.int64(2088), np.int64(441)), (np.int64(2478), np.int64(441))]
2025-10-20 17:22:38 [TRACE] 【坐标太近】视为重复
2025-10-20 17:22:38 [TRACE] 【没有通过的坐标】开始下一轮
2025-10-20 17:22:38 [TRACE] 【本轮的坐标】：(np.int64(1700), np.int64(442)) ------------
2025-10-20 17:22:38 [TRACE] 【已点击过的坐标】：[(-10, -10), (np.int64(1309), np.int64(441)), (np.int64(1699), np.int64(441)), (np.int64(2088), np.int64(441)), (np.int64(2478), np.int64(441))]
2025-10-20 17:22:38 [TRACE] 【坐标太近】视为重复
2025-10-20 17:22:38 [TRACE] 【没有通过的坐标】开始下一轮
2025-10-20 17:22:38 [TRACE] 【本轮的坐标】：(np.int64(2087), np.int64(442)) ------------
2025-10-20 17:22:38 [TRACE] 【已点击过的坐标】：[(-10, -10), (np.int64(1309), np.int64(441)), (np.int64(1699), np.int64(441)), (np.int64(2088), np.int64(441)), (np.int64(2478), np.int64(441))]
2025-10-20 17:22:38 [TRACE] 【坐标太近】视为重复
2025-10-20 17:22:38 [TRACE] 【没有通过的坐标】开始下一轮
2025-10-20 17:22:38 [TRACE] 【本轮的坐标】：(np.int64(2088), np.int64(442)) ------------
2025-10-20 17:22:38 [TRACE] 【已点击过的坐标】：[(-10, -10), (np.int64(1309), np.int64(441)), (np.int64(1699), np.int64(441)), (np.int64(2088), np.int64(441)), (np.int64(2478), np.int64(441))]
2025-10-20 17:22:38 [TRACE] 【坐标太近】视为重复
2025-10-20 17:22:38 [TRACE] 【没有通过的坐标】开始下一轮
2025-10-20 17:22:38 [TRACE] 【本轮的坐标】：(np.int64(2089), np.int64(442)) ------------
2025-10-20 17:22:38 [TRACE] 【已点击过的坐标】：[(-10, -10), (np.int64(1309), np.int64(441)), (np.int64(1699), np.int64(441)), (np.int64(2088), np.int64(441)), (np.int64(2478), np.int64(441))]
2025-10-20 17:22:38 [TRACE] 【坐标太近】视为重复
2025-10-20 17:22:38 [TRACE] 【没有通过的坐标】开始下一轮
2025-10-20 17:22:38 [TRACE] 【本轮的坐标】：(np.int64(2090), np.int64(442)) ------------
2025-10-20 17:22:38 [TRACE] 【已点击过的坐标】：[(-10, -10), (np.int64(1309), np.int64(441)), (np.int64(1699), np.int64(441)), (np.int64(2088), np.int64(441)), (np.int64(2478), np.int64(441))]
2025-10-20 17:22:38 [TRACE] 【坐标太近】视为重复
2025-10-20 17:22:38 [TRACE] 【没有通过的坐标】开始下一轮
2025-10-20 17:22:38 [TRACE] 【本轮的坐标】：(np.int64(2477), np.int64(442)) ------------
2025-10-20 17:22:38 [TRACE] 【已点击过的坐标】：[(-10, -10), (np.int64(1309), np.int64(441)), (np.int64(1699), np.int64(441)), (np.int64(2088), np.int64(441)), (np.int64(2478), np.int64(441))]
2025-10-20 17:22:38 [TRACE] 【坐标太近】视为重复
2025-10-20 17:22:38 [TRACE] 【没有通过的坐标】开始下一轮
2025-10-20 17:22:38 [TRACE] 【本轮的坐标】：(np.int64(2478), np.int64(442)) ------------
2025-10-20 17:22:38 [TRACE] 【已点击过的坐标】：[(-10, -10), (np.int64(1309), np.int64(441)), (np.int64(1699), np.int64(441)), (np.int64(2088), np.int64(441)), (np.int64(2478), np.int64(441))]
2025-10-20 17:22:38 [TRACE] 【坐标太近】视为重复
2025-10-20 17:22:38 [TRACE] 【没有通过的坐标】开始下一轮
2025-10-20 17:22:38 [TRACE] 【本轮的坐标】：(np.int64(2479), np.int64(442)) ------------
2025-10-20 17:22:38 [TRACE] 【已点击过的坐标】：[(-10, -10), (np.int64(1309), np.int64(441)), (np.int64(1699), np.int64(441)), (np.int64(2088), np.int64(441)), (np.int64(2478), np.int64(441))]
2025-10-20 17:22:38 [TRACE] 【坐标太近】视为重复
2025-10-20 17:22:38 [TRACE] 【没有通过的坐标】开始下一轮
2025-10-20 17:22:38 [TRACE] 【本轮的坐标】：(np.int64(1309), np.int64(443)) ------------
2025-10-20 17:22:38 [TRACE] 【已点击过的坐标】：[(-10, -10), (np.int64(1309), np.int64(441)), (np.int64(1699), np.int64(441)), (np.int64(2088), np.int64(441)), (np.int64(2478), np.int64(441))]
2025-10-20 17:22:38 [TRACE] 【坐标太近】视为重复
2025-10-20 17:22:38 [TRACE] 【没有通过的坐标】开始下一轮
2025-10-20 17:22:38 [TRACE] 【本轮的坐标】：(np.int64(1698), np.int64(443)) ------------
2025-10-20 17:22:38 [TRACE] 【已点击过的坐标】：[(-10, -10), (np.int64(1309), np.int64(441)), (np.int64(1699), np.int64(441)), (np.int64(2088), np.int64(441)), (np.int64(2478), np.int64(441))]
2025-10-20 17:22:38 [TRACE] 【坐标太近】视为重复
2025-10-20 17:22:38 [TRACE] 【没有通过的坐标】开始下一轮
2025-10-20 17:22:38 [TRACE] 【本轮的坐标】：(np.int64(1699), np.int64(443)) ------------
2025-10-20 17:22:38 [TRACE] 【已点击过的坐标】：[(-10, -10), (np.int64(1309), np.int64(441)), (np.int64(1699), np.int64(441)), (np.int64(2088), np.int64(441)), (np.int64(2478), np.int64(441))]
2025-10-20 17:22:38 [TRACE] 【坐标太近】视为重复
2025-10-20 17:22:38 [TRACE] 【没有通过的坐标】开始下一轮
2025-10-20 17:22:38 [TRACE] 【本轮的坐标】：(np.int64(2088), np.int64(443)) ------------
2025-10-20 17:22:38 [TRACE] 【已点击过的坐标】：[(-10, -10), (np.int64(1309), np.int64(441)), (np.int64(1699), np.int64(441)), (np.int64(2088), np.int64(441)), (np.int64(2478), np.int64(441))]
2025-10-20 17:22:38 [TRACE] 【坐标太近】视为重复
2025-10-20 17:22:38 [TRACE] 【没有通过的坐标】开始下一轮
2025-10-20 17:22:38 [TRACE] 【本轮的坐标】：(np.int64(2478), np.int64(443)) ------------
2025-10-20 17:22:38 [TRACE] 【已点击过的坐标】：[(-10, -10), (np.int64(1309), np.int64(441)), (np.int64(1699), np.int64(441)), (np.int64(2088), np.int64(441)), (np.int64(2478), np.int64(441))]
2025-10-20 17:22:38 [TRACE] 【坐标太近】视为重复
2025-10-20 17:22:38 [TRACE] 【没有通过的坐标】开始下一轮
2025-10-20 17:22:38 [TRACE] 【完成所有点击】有效次数：4
2025-10-20 17:22:40 [TRACE] 【目标检测】屏幕内没有目标
2025-10-20 17:22:42 [TRACE] 【目标检测】目标存在，但置信度不足
2025-10-20 17:22:43 [TRACE] 【目标检测】屏幕内没有目标
2025-10-20 17:22:44 [TRACE] 【目标检测】屏幕内没有目标
2025-10-20 17:22:45 [TRACE] 【状态】搜索模式：C:\Users\gelon\Desktop\ZA-Lite\assets/images/hollow\resonium.png 置信度：0.9999998807907104
2025-10-20 17:22:45 [TRACE] 【目标出现】C:\Users\gelon\Desktop\ZA-Lite\assets/images/hollow\resonium.png 置信度：1.0
2025-10-20 17:22:45 [TRACE] 【本轮的坐标】：(np.int64(1309), np.int64(441)) ------------
2025-10-20 17:22:45 [TRACE] 【已点击过的坐标】：[(-10, -10)]
2025-10-20 17:22:45 [TRACE] 【成功点击】
2025-10-20 17:22:46 [TRACE] 【目标检测】屏幕内没有目标
2025-10-20 17:22:46 [TRACE] 【本轮的坐标】：(np.int64(1310), np.int64(441)) ------------
2025-10-20 17:22:46 [TRACE] 【已点击过的坐标】：[(-10, -10), (np.int64(1309), np.int64(441))]
2025-10-20 17:22:46 [TRACE] 【坐标太近】视为重复
2025-10-20 17:22:46 [TRACE] 【没有通过的坐标】开始下一轮
2025-10-20 17:22:46 [TRACE] 【本轮的坐标】：(np.int64(1699), np.int64(441)) ------------
2025-10-20 17:22:46 [TRACE] 【已点击过的坐标】：[(-10, -10), (np.int64(1309), np.int64(441))]
2025-10-20 17:22:46 [TRACE] 【成功点击】
2025-10-20 17:22:47 [TRACE] 【目标检测】屏幕内没有目标
2025-10-20 17:22:47 [TRACE] 【本轮的坐标】：(np.int64(2088), np.int64(441)) ------------
2025-10-20 17:22:47 [TRACE] 【已点击过的坐标】：[(-10, -10), (np.int64(1309), np.int64(441)), (np.int64(1699), np.int64(441))]
2025-10-20 17:22:47 [TRACE] 【成功点击】
2025-10-20 17:22:48 [TRACE] 【本轮的坐标】：(np.int64(2089), np.int64(441)) ------------
2025-10-20 17:22:48 [TRACE] 【已点击过的坐标】：[(-10, -10), (np.int64(1309), np.int64(441)), (np.int64(1699), np.int64(441)), (np.int64(2088), np.int64(441))]
2025-10-20 17:22:48 [TRACE] 【坐标太近】视为重复
2025-10-20 17:22:48 [TRACE] 【没有通过的坐标】开始下一轮
2025-10-20 17:22:48 [TRACE] 【本轮的坐标】：(np.int64(2478), np.int64(441)) ------------
2025-10-20 17:22:48 [TRACE] 【已点击过的坐标】：[(-10, -10), (np.int64(1309), np.int64(441)), (np.int64(1699), np.int64(441)), (np.int64(2088), np.int64(441))]
2025-10-20 17:22:48 [TRACE] 【成功点击】
2025-10-20 17:22:48 [TRACE] 【目标检测】目标存在，但置信度不足
2025-10-20 17:22:48 [TRACE] 【本轮的坐标】：(np.int64(1308), np.int64(442)) ------------
2025-10-20 17:22:48 [TRACE] 【已点击过的坐标】：[(-10, -10), (np.int64(1309), np.int64(441)), (np.int64(1699), np.int64(441)), (np.int64(2088), np.int64(441)), (np.int64(2478), np.int64(441))]
2025-10-20 17:22:48 [TRACE] 【坐标太近】视为重复
2025-10-20 17:22:48 [TRACE] 【没有通过的坐标】开始下一轮
2025-10-20 17:22:48 [TRACE] 【本轮的坐标】：(np.int64(1309), np.int64(442)) ------------
2025-10-20 17:22:48 [TRACE] 【已点击过的坐标】：[(-10, -10), (np.int64(1309), np.int64(441)), (np.int64(1699), np.int64(441)), (np.int64(2088), np.int64(441)), (np.int64(2478), np.int64(441))]
2025-10-20 17:22:48 [TRACE] 【坐标太近】视为重复
2025-10-20 17:22:48 [TRACE] 【没有通过的坐标】开始下一轮
2025-10-20 17:22:48 [TRACE] 【本轮的坐标】：(np.int64(1310), np.int64(442)) ------------
2025-10-20 17:22:48 [TRACE] 【已点击过的坐标】：[(-10, -10), (np.int64(1309), np.int64(441)), (np.int64(1699), np.int64(441)), (np.int64(2088), np.int64(441)), (np.int64(2478), np.int64(441))]
2025-10-20 17:22:48 [TRACE] 【坐标太近】视为重复
2025-10-20 17:22:48 [TRACE] 【没有通过的坐标】开始下一轮
2025-10-20 17:22:48 [TRACE] 【本轮的坐标】：(np.int64(1698), np.int64(442)) ------------
2025-10-20 17:22:48 [TRACE] 【已点击过的坐标】：[(-10, -10), (np.int64(1309), np.int64(441)), (np.int64(1699), np.int64(441)), (np.int64(2088), np.int64(441)), (np.int64(2478), np.int64(441))]
2025-10-20 17:22:48 [TRACE] 【坐标太近】视为重复
2025-10-20 17:22:48 [TRACE] 【没有通过的坐标】开始下一轮
2025-10-20 17:22:48 [TRACE] 【本轮的坐标】：(np.int64(1699), np.int64(442)) ------------
2025-10-20 17:22:48 [TRACE] 【已点击过的坐标】：[(-10, -10), (np.int64(1309), np.int64(441)), (np.int64(1699), np.int64(441)), (np.int64(2088), np.int64(441)), (np.int64(2478), np.int64(441))]
2025-10-20 17:22:48 [TRACE] 【坐标太近】视为重复
2025-10-20 17:22:48 [TRACE] 【没有通过的坐标】开始下一轮
2025-10-20 17:22:48 [TRACE] 【本轮的坐标】：(np.int64(1700), np.int64(442)) ------------
2025-10-20 17:22:48 [TRACE] 【已点击过的坐标】：[(-10, -10), (np.int64(1309), np.int64(441)), (np.int64(1699), np.int64(441)), (np.int64(2088), np.int64(441)), (np.int64(2478), np.int64(441))]
2025-10-20 17:22:48 [TRACE] 【坐标太近】视为重复
2025-10-20 17:22:48 [TRACE] 【没有通过的坐标】开始下一轮
2025-10-20 17:22:48 [TRACE] 【本轮的坐标】：(np.int64(2087), np.int64(442)) ------------
2025-10-20 17:22:48 [TRACE] 【已点击过的坐标】：[(-10, -10), (np.int64(1309), np.int64(441)), (np.int64(1699), np.int64(441)), (np.int64(2088), np.int64(441)), (np.int64(2478), np.int64(441))]
2025-10-20 17:22:48 [TRACE] 【坐标太近】视为重复
2025-10-20 17:22:48 [TRACE] 【没有通过的坐标】开始下一轮
2025-10-20 17:22:48 [TRACE] 【本轮的坐标】：(np.int64(2088), np.int64(442)) ------------
2025-10-20 17:22:48 [TRACE] 【已点击过的坐标】：[(-10, -10), (np.int64(1309), np.int64(441)), (np.int64(1699), np.int64(441)), (np.int64(2088), np.int64(441)), (np.int64(2478), np.int64(441))]
2025-10-20 17:22:48 [TRACE] 【坐标太近】视为重复
2025-10-20 17:22:48 [TRACE] 【没有通过的坐标】开始下一轮
2025-10-20 17:22:48 [TRACE] 【本轮的坐标】：(np.int64(2089), np.int64(442)) ------------
2025-10-20 17:22:48 [TRACE] 【已点击过的坐标】：[(-10, -10), (np.int64(1309), np.int64(441)), (np.int64(1699), np.int64(441)), (np.int64(2088), np.int64(441)), (np.int64(2478), np.int64(441))]
2025-10-20 17:22:48 [TRACE] 【坐标太近】视为重复
2025-10-20 17:22:48 [TRACE] 【没有通过的坐标】开始下一轮
2025-10-20 17:22:48 [TRACE] 【本轮的坐标】：(np.int64(2090), np.int64(442)) ------------
2025-10-20 17:22:48 [TRACE] 【已点击过的坐标】：[(-10, -10), (np.int64(1309), np.int64(441)), (np.int64(1699), np.int64(441)), (np.int64(2088), np.int64(441)), (np.int64(2478), np.int64(441))]
2025-10-20 17:22:48 [TRACE] 【坐标太近】视为重复
2025-10-20 17:22:48 [TRACE] 【没有通过的坐标】开始下一轮
2025-10-20 17:22:48 [TRACE] 【本轮的坐标】：(np.int64(2477), np.int64(442)) ------------
2025-10-20 17:22:48 [TRACE] 【已点击过的坐标】：[(-10, -10), (np.int64(1309), np.int64(441)), (np.int64(1699), np.int64(441)), (np.int64(2088), np.int64(441)), (np.int64(2478), np.int64(441))]
2025-10-20 17:22:48 [TRACE] 【坐标太近】视为重复
2025-10-20 17:22:48 [TRACE] 【没有通过的坐标】开始下一轮
2025-10-20 17:22:48 [TRACE] 【本轮的坐标】：(np.int64(2478), np.int64(442)) ------------
2025-10-20 17:22:48 [TRACE] 【已点击过的坐标】：[(-10, -10), (np.int64(1309), np.int64(441)), (np.int64(1699), np.int64(441)), (np.int64(2088), np.int64(441)), (np.int64(2478), np.int64(441))]
2025-10-20 17:22:48 [TRACE] 【坐标太近】视为重复
2025-10-20 17:22:48 [TRACE] 【没有通过的坐标】开始下一轮
2025-10-20 17:22:48 [TRACE] 【本轮的坐标】：(np.int64(2479), np.int64(442)) ------------
2025-10-20 17:22:48 [TRACE] 【已点击过的坐标】：[(-10, -10), (np.int64(1309), np.int64(441)), (np.int64(1699), np.int64(441)), (np.int64(2088), np.int64(441)), (np.int64(2478), np.int64(441))]
2025-10-20 17:22:48 [TRACE] 【坐标太近】视为重复
2025-10-20 17:22:48 [TRACE] 【没有通过的坐标】开始下一轮
2025-10-20 17:22:48 [TRACE] 【本轮的坐标】：(np.int64(1309), np.int64(443)) ------------
2025-10-20 17:22:48 [TRACE] 【已点击过的坐标】：[(-10, -10), (np.int64(1309), np.int64(441)), (np.int64(1699), np.int64(441)), (np.int64(2088), np.int64(441)), (np.int64(2478), np.int64(441))]
2025-10-20 17:22:48 [TRACE] 【坐标太近】视为重复
2025-10-20 17:22:48 [TRACE] 【没有通过的坐标】开始下一轮
2025-10-20 17:22:48 [TRACE] 【本轮的坐标】：(np.int64(1698), np.int64(443)) ------------
2025-10-20 17:22:48 [TRACE] 【已点击过的坐标】：[(-10, -10), (np.int64(1309), np.int64(441)), (np.int64(1699), np.int64(441)), (np.int64(2088), np.int64(441)), (np.int64(2478), np.int64(441))]
2025-10-20 17:22:48 [TRACE] 【坐标太近】视为重复
2025-10-20 17:22:48 [TRACE] 【没有通过的坐标】开始下一轮
2025-10-20 17:22:48 [TRACE] 【本轮的坐标】：(np.int64(1699), np.int64(443)) ------------
2025-10-20 17:22:48 [TRACE] 【已点击过的坐标】：[(-10, -10), (np.int64(1309), np.int64(441)), (np.int64(1699), np.int64(441)), (np.int64(2088), np.int64(441)), (np.int64(2478), np.int64(441))]
2025-10-20 17:22:48 [TRACE] 【坐标太近】视为重复
2025-10-20 17:22:48 [TRACE] 【没有通过的坐标】开始下一轮
2025-10-20 17:22:48 [TRACE] 【本轮的坐标】：(np.int64(2088), np.int64(443)) ------------
2025-10-20 17:22:48 [TRACE] 【已点击过的坐标】：[(-10, -10), (np.int64(1309), np.int64(441)), (np.int64(1699), np.int64(441)), (np.int64(2088), np.int64(441)), (np.int64(2478), np.int64(441))]
2025-10-20 17:22:48 [TRACE] 【坐标太近】视为重复
2025-10-20 17:22:48 [TRACE] 【没有通过的坐标】开始下一轮
2025-10-20 17:22:48 [TRACE] 【本轮的坐标】：(np.int64(2478), np.int64(443)) ------------
2025-10-20 17:22:48 [TRACE] 【已点击过的坐标】：[(-10, -10), (np.int64(1309), np.int64(441)), (np.int64(1699), np.int64(441)), (np.int64(2088), np.int64(441)), (np.int64(2478), np.int64(441))]
2025-10-20 17:22:48 [TRACE] 【坐标太近】视为重复
2025-10-20 17:22:48 [TRACE] 【没有通过的坐标】开始下一轮
2025-10-20 17:22:48 [TRACE] 【完成所有点击】有效次数：4
2025-10-20 17:22:49 [TRACE] 【目标检测】屏幕内没有目标
2025-10-20 17:22:52 [TRACE] 【目标检测】目标存在，但置信度不足
2025-10-20 17:22:53 [TRACE] 【目标检测】目标存在，但置信度不足
2025-10-20 17:22:54 [TRACE] 【目标检测】屏幕内没有目标
2025-10-20 17:22:54 [TRACE] 【状态】搜索模式：C:\Users\gelon\Desktop\ZA-Lite\assets/images/hollow\resonium.png 置信度：1.0
2025-10-20 17:22:55 [TRACE] 【目标出现】C:\Users\gelon\Desktop\ZA-Lite\assets/images/hollow\resonium.png 置信度：1.0
2025-10-20 17:22:55 [TRACE] 【本轮的坐标】：(np.int64(1309), np.int64(441)) ------------
2025-10-20 17:22:55 [TRACE] 【已点击过的坐标】：[(-10, -10)]
2025-10-20 17:22:55 [TRACE] 【成功点击】
2025-10-20 17:22:55 [TRACE] 【目标检测】屏幕内没有目标
2025-10-20 17:22:56 [TRACE] 【本轮的坐标】：(np.int64(1310), np.int64(441)) ------------
2025-10-20 17:22:56 [TRACE] 【已点击过的坐标】：[(-10, -10), (np.int64(1309), np.int64(441))]
2025-10-20 17:22:56 [TRACE] 【坐标太近】视为重复
2025-10-20 17:22:56 [TRACE] 【没有通过的坐标】开始下一轮
2025-10-20 17:22:56 [TRACE] 【本轮的坐标】：(np.int64(1699), np.int64(441)) ------------
2025-10-20 17:22:56 [TRACE] 【已点击过的坐标】：[(-10, -10), (np.int64(1309), np.int64(441))]
2025-10-20 17:22:56 [TRACE] 【成功点击】
2025-10-20 17:22:56 [TRACE] 【目标检测】屏幕内没有目标
2025-10-20 17:22:56 [TRACE] 【本轮的坐标】：(np.int64(2088), np.int64(441)) ------------
2025-10-20 17:22:56 [TRACE] 【已点击过的坐标】：[(-10, -10), (np.int64(1309), np.int64(441)), (np.int64(1699), np.int64(441))]
2025-10-20 17:22:56 [TRACE] 【成功点击】
2025-10-20 17:22:57 [TRACE] 【本轮的坐标】：(np.int64(2089), np.int64(441)) ------------
2025-10-20 17:22:57 [TRACE] 【已点击过的坐标】：[(-10, -10), (np.int64(1309), np.int64(441)), (np.int64(1699), np.int64(441)), (np.int64(2088), np.int64(441))]
2025-10-20 17:22:57 [TRACE] 【坐标太近】视为重复
2025-10-20 17:22:57 [TRACE] 【没有通过的坐标】开始下一轮
2025-10-20 17:22:57 [TRACE] 【本轮的坐标】：(np.int64(2478), np.int64(441)) ------------
2025-10-20 17:22:57 [TRACE] 【已点击过的坐标】：[(-10, -10), (np.int64(1309), np.int64(441)), (np.int64(1699), np.int64(441)), (np.int64(2088), np.int64(441))]
2025-10-20 17:22:57 [TRACE] 【成功点击】
2025-10-20 17:22:57 [TRACE] 【目标检测】屏幕内没有目标
2025-10-20 17:22:58 [TRACE] 【本轮的坐标】：(np.int64(1308), np.int64(442)) ------------
2025-10-20 17:22:58 [TRACE] 【已点击过的坐标】：[(-10, -10), (np.int64(1309), np.int64(441)), (np.int64(1699), np.int64(441)), (np.int64(2088), np.int64(441)), (np.int64(2478), np.int64(441))]
2025-10-20 17:22:58 [TRACE] 【坐标太近】视为重复
2025-10-20 17:22:58 [TRACE] 【没有通过的坐标】开始下一轮
2025-10-20 17:22:58 [TRACE] 【本轮的坐标】：(np.int64(1309), np.int64(442)) ------------
2025-10-20 17:22:58 [TRACE] 【已点击过的坐标】：[(-10, -10), (np.int64(1309), np.int64(441)), (np.int64(1699), np.int64(441)), (np.int64(2088), np.int64(441)), (np.int64(2478), np.int64(441))]
2025-10-20 17:22:58 [TRACE] 【坐标太近】视为重复
2025-10-20 17:22:58 [TRACE] 【没有通过的坐标】开始下一轮
2025-10-20 17:22:58 [TRACE] 【本轮的坐标】：(np.int64(1310), np.int64(442)) ------------
2025-10-20 17:22:58 [TRACE] 【已点击过的坐标】：[(-10, -10), (np.int64(1309), np.int64(441)), (np.int64(1699), np.int64(441)), (np.int64(2088), np.int64(441)), (np.int64(2478), np.int64(441))]
2025-10-20 17:22:58 [TRACE] 【坐标太近】视为重复
2025-10-20 17:22:58 [TRACE] 【没有通过的坐标】开始下一轮
2025-10-20 17:22:58 [TRACE] 【本轮的坐标】：(np.int64(1698), np.int64(442)) ------------
2025-10-20 17:22:58 [TRACE] 【已点击过的坐标】：[(-10, -10), (np.int64(1309), np.int64(441)), (np.int64(1699), np.int64(441)), (np.int64(2088), np.int64(441)), (np.int64(2478), np.int64(441))]
2025-10-20 17:22:58 [TRACE] 【坐标太近】视为重复
2025-10-20 17:22:58 [TRACE] 【没有通过的坐标】开始下一轮
2025-10-20 17:22:58 [TRACE] 【本轮的坐标】：(np.int64(1699), np.int64(442)) ------------
2025-10-20 17:22:58 [TRACE] 【已点击过的坐标】：[(-10, -10), (np.int64(1309), np.int64(441)), (np.int64(1699), np.int64(441)), (np.int64(2088), np.int64(441)), (np.int64(2478), np.int64(441))]
2025-10-20 17:22:58 [TRACE] 【坐标太近】视为重复
2025-10-20 17:22:58 [TRACE] 【没有通过的坐标】开始下一轮
2025-10-20 17:22:58 [TRACE] 【本轮的坐标】：(np.int64(1700), np.int64(442)) ------------
2025-10-20 17:22:58 [TRACE] 【已点击过的坐标】：[(-10, -10), (np.int64(1309), np.int64(441)), (np.int64(1699), np.int64(441)), (np.int64(2088), np.int64(441)), (np.int64(2478), np.int64(441))]
2025-10-20 17:22:58 [TRACE] 【坐标太近】视为重复
2025-10-20 17:22:58 [TRACE] 【没有通过的坐标】开始下一轮
2025-10-20 17:22:58 [TRACE] 【本轮的坐标】：(np.int64(2087), np.int64(442)) ------------
2025-10-20 17:22:58 [TRACE] 【已点击过的坐标】：[(-10, -10), (np.int64(1309), np.int64(441)), (np.int64(1699), np.int64(441)), (np.int64(2088), np.int64(441)), (np.int64(2478), np.int64(441))]
2025-10-20 17:22:58 [TRACE] 【坐标太近】视为重复
2025-10-20 17:22:58 [TRACE] 【没有通过的坐标】开始下一轮
2025-10-20 17:22:58 [TRACE] 【本轮的坐标】：(np.int64(2088), np.int64(442)) ------------
2025-10-20 17:22:58 [TRACE] 【已点击过的坐标】：[(-10, -10), (np.int64(1309), np.int64(441)), (np.int64(1699), np.int64(441)), (np.int64(2088), np.int64(441)), (np.int64(2478), np.int64(441))]
2025-10-20 17:22:58 [TRACE] 【坐标太近】视为重复
2025-10-20 17:22:58 [TRACE] 【没有通过的坐标】开始下一轮
2025-10-20 17:22:58 [TRACE] 【本轮的坐标】：(np.int64(2089), np.int64(442)) ------------
2025-10-20 17:22:58 [TRACE] 【已点击过的坐标】：[(-10, -10), (np.int64(1309), np.int64(441)), (np.int64(1699), np.int64(441)), (np.int64(2088), np.int64(441)), (np.int64(2478), np.int64(441))]
2025-10-20 17:22:58 [TRACE] 【坐标太近】视为重复
2025-10-20 17:22:58 [TRACE] 【没有通过的坐标】开始下一轮
2025-10-20 17:22:58 [TRACE] 【本轮的坐标】：(np.int64(2090), np.int64(442)) ------------
2025-10-20 17:22:58 [TRACE] 【已点击过的坐标】：[(-10, -10), (np.int64(1309), np.int64(441)), (np.int64(1699), np.int64(441)), (np.int64(2088), np.int64(441)), (np.int64(2478), np.int64(441))]
2025-10-20 17:22:58 [TRACE] 【坐标太近】视为重复
2025-10-20 17:22:58 [TRACE] 【没有通过的坐标】开始下一轮
2025-10-20 17:22:58 [TRACE] 【本轮的坐标】：(np.int64(2477), np.int64(442)) ------------
2025-10-20 17:22:58 [TRACE] 【已点击过的坐标】：[(-10, -10), (np.int64(1309), np.int64(441)), (np.int64(1699), np.int64(441)), (np.int64(2088), np.int64(441)), (np.int64(2478), np.int64(441))]
2025-10-20 17:22:58 [TRACE] 【坐标太近】视为重复
2025-10-20 17:22:58 [TRACE] 【没有通过的坐标】开始下一轮
2025-10-20 17:22:58 [TRACE] 【本轮的坐标】：(np.int64(2478), np.int64(442)) ------------
2025-10-20 17:22:58 [TRACE] 【已点击过的坐标】：[(-10, -10), (np.int64(1309), np.int64(441)), (np.int64(1699), np.int64(441)), (np.int64(2088), np.int64(441)), (np.int64(2478), np.int64(441))]
2025-10-20 17:22:58 [TRACE] 【坐标太近】视为重复
2025-10-20 17:22:58 [TRACE] 【没有通过的坐标】开始下一轮
2025-10-20 17:22:58 [TRACE] 【本轮的坐标】：(np.int64(2479), np.int64(442)) ------------
2025-10-20 17:22:58 [TRACE] 【已点击过的坐标】：[(-10, -10), (np.int64(1309), np.int64(441)), (np.int64(1699), np.int64(441)), (np.int64(2088), np.int64(441)), (np.int64(2478), np.int64(441))]
2025-10-20 17:22:58 [TRACE] 【坐标太近】视为重复
2025-10-20 17:22:58 [TRACE] 【没有通过的坐标】开始下一轮
2025-10-20 17:22:58 [TRACE] 【本轮的坐标】：(np.int64(1309), np.int64(443)) ------------
2025-10-20 17:22:58 [TRACE] 【已点击过的坐标】：[(-10, -10), (np.int64(1309), np.int64(441)), (np.int64(1699), np.int64(441)), (np.int64(2088), np.int64(441)), (np.int64(2478), np.int64(441))]
2025-10-20 17:22:58 [TRACE] 【坐标太近】视为重复
2025-10-20 17:22:58 [TRACE] 【没有通过的坐标】开始下一轮
2025-10-20 17:22:58 [TRACE] 【本轮的坐标】：(np.int64(1698), np.int64(443)) ------------
2025-10-20 17:22:58 [TRACE] 【已点击过的坐标】：[(-10, -10), (np.int64(1309), np.int64(441)), (np.int64(1699), np.int64(441)), (np.int64(2088), np.int64(441)), (np.int64(2478), np.int64(441))]
2025-10-20 17:22:58 [TRACE] 【坐标太近】视为重复
2025-10-20 17:22:58 [TRACE] 【没有通过的坐标】开始下一轮
2025-10-20 17:22:58 [TRACE] 【本轮的坐标】：(np.int64(1699), np.int64(443)) ------------
2025-10-20 17:22:58 [TRACE] 【已点击过的坐标】：[(-10, -10), (np.int64(1309), np.int64(441)), (np.int64(1699), np.int64(441)), (np.int64(2088), np.int64(441)), (np.int64(2478), np.int64(441))]
2025-10-20 17:22:58 [TRACE] 【坐标太近】视为重复
2025-10-20 17:22:58 [TRACE] 【没有通过的坐标】开始下一轮
2025-10-20 17:22:58 [TRACE] 【本轮的坐标】：(np.int64(2088), np.int64(443)) ------------
2025-10-20 17:22:58 [TRACE] 【已点击过的坐标】：[(-10, -10), (np.int64(1309), np.int64(441)), (np.int64(1699), np.int64(441)), (np.int64(2088), np.int64(441)), (np.int64(2478), np.int64(441))]
2025-10-20 17:22:58 [TRACE] 【坐标太近】视为重复
2025-10-20 17:22:58 [TRACE] 【没有通过的坐标】开始下一轮
2025-10-20 17:22:58 [TRACE] 【本轮的坐标】：(np.int64(2478), np.int64(443)) ------------
2025-10-20 17:22:58 [TRACE] 【已点击过的坐标】：[(-10, -10), (np.int64(1309), np.int64(441)), (np.int64(1699), np.int64(441)), (np.int64(2088), np.int64(441)), (np.int64(2478), np.int64(441))]
2025-10-20 17:22:58 [TRACE] 【坐标太近】视为重复
2025-10-20 17:22:58 [TRACE] 【没有通过的坐标】开始下一轮
2025-10-20 17:22:58 [TRACE] 【完成所有点击】有效次数：4
2025-10-20 17:22:58 [TRACE] 【目标检测】屏幕内没有目标
2025-10-20 17:23:01 [TRACE] 【目标检测】屏幕内没有目标
2025-10-20 17:23:02 [TRACE] 【目标检测】目标存在，但置信度不足
2025-10-20 17:23:03 [TRACE] 【目标检测】屏幕内没有目标
2025-10-20 17:23:05 [TRACE] 【状态】搜索模式：C:\Users\gelon\Desktop\ZA-Lite\assets/images/hollow\resonium.png 置信度：1.0
2025-10-20 17:23:05 [TRACE] 【目标检测】屏幕内没有目标
2025-10-20 17:23:05 [TRACE] 【目标出现】C:\Users\gelon\Desktop\ZA-Lite\assets/images/hollow\resonium.png 置信度：0.9999996423721313
2025-10-20 17:23:05 [TRACE] 【本轮的坐标】：(np.int64(1309), np.int64(441)) ------------
2025-10-20 17:23:05 [TRACE] 【已点击过的坐标】：[(-10, -10)]
2025-10-20 17:23:05 [TRACE] 【成功点击】
2025-10-20 17:23:06 [TRACE] 【目标检测】屏幕内没有目标
2025-10-20 17:23:06 [TRACE] 【本轮的坐标】：(np.int64(1310), np.int64(441)) ------------
2025-10-20 17:23:06 [TRACE] 【已点击过的坐标】：[(-10, -10), (np.int64(1309), np.int64(441))]
2025-10-20 17:23:06 [TRACE] 【坐标太近】视为重复
2025-10-20 17:23:06 [TRACE] 【没有通过的坐标】开始下一轮
2025-10-20 17:23:06 [TRACE] 【本轮的坐标】：(np.int64(1699), np.int64(441)) ------------
2025-10-20 17:23:06 [TRACE] 【已点击过的坐标】：[(-10, -10), (np.int64(1309), np.int64(441))]
2025-10-20 17:23:06 [TRACE] 【成功点击】
2025-10-20 17:23:06 [TRACE] 【本轮的坐标】：(np.int64(2088), np.int64(441)) ------------
2025-10-20 17:23:06 [TRACE] 【已点击过的坐标】：[(-10, -10), (np.int64(1309), np.int64(441)), (np.int64(1699), np.int64(441))]
2025-10-20 17:23:06 [TRACE] 【成功点击】
2025-10-20 17:23:07 [TRACE] 【目标检测】屏幕内没有目标
2025-10-20 17:23:07 [TRACE] 【本轮的坐标】：(np.int64(2089), np.int64(441)) ------------
2025-10-20 17:23:07 [TRACE] 【已点击过的坐标】：[(-10, -10), (np.int64(1309), np.int64(441)), (np.int64(1699), np.int64(441)), (np.int64(2088), np.int64(441))]
2025-10-20 17:23:07 [TRACE] 【坐标太近】视为重复
2025-10-20 17:23:07 [TRACE] 【没有通过的坐标】开始下一轮
2025-10-20 17:23:07 [TRACE] 【本轮的坐标】：(np.int64(2478), np.int64(441)) ------------
2025-10-20 17:23:07 [TRACE] 【已点击过的坐标】：[(-10, -10), (np.int64(1309), np.int64(441)), (np.int64(1699), np.int64(441)), (np.int64(2088), np.int64(441))]
2025-10-20 17:23:07 [TRACE] 【成功点击】
2025-10-20 17:23:08 [TRACE] 【本轮的坐标】：(np.int64(1308), np.int64(442)) ------------
2025-10-20 17:23:08 [TRACE] 【已点击过的坐标】：[(-10, -10), (np.int64(1309), np.int64(441)), (np.int64(1699), np.int64(441)), (np.int64(2088), np.int64(441)), (np.int64(2478), np.int64(441))]
2025-10-20 17:23:08 [TRACE] 【坐标太近】视为重复
2025-10-20 17:23:08 [TRACE] 【没有通过的坐标】开始下一轮
2025-10-20 17:23:08 [TRACE] 【本轮的坐标】：(np.int64(1309), np.int64(442)) ------------
2025-10-20 17:23:08 [TRACE] 【已点击过的坐标】：[(-10, -10), (np.int64(1309), np.int64(441)), (np.int64(1699), np.int64(441)), (np.int64(2088), np.int64(441)), (np.int64(2478), np.int64(441))]
2025-10-20 17:23:08 [TRACE] 【坐标太近】视为重复
2025-10-20 17:23:08 [TRACE] 【没有通过的坐标】开始下一轮
2025-10-20 17:23:08 [TRACE] 【本轮的坐标】：(np.int64(1310), np.int64(442)) ------------
2025-10-20 17:23:08 [TRACE] 【已点击过的坐标】：[(-10, -10), (np.int64(1309), np.int64(441)), (np.int64(1699), np.int64(441)), (np.int64(2088), np.int64(441)), (np.int64(2478), np.int64(441))]
2025-10-20 17:23:08 [TRACE] 【坐标太近】视为重复
2025-10-20 17:23:08 [TRACE] 【没有通过的坐标】开始下一轮
2025-10-20 17:23:08 [TRACE] 【本轮的坐标】：(np.int64(1698), np.int64(442)) ------------
2025-10-20 17:23:08 [TRACE] 【已点击过的坐标】：[(-10, -10), (np.int64(1309), np.int64(441)), (np.int64(1699), np.int64(441)), (np.int64(2088), np.int64(441)), (np.int64(2478), np.int64(441))]
2025-10-20 17:23:08 [TRACE] 【坐标太近】视为重复
2025-10-20 17:23:08 [TRACE] 【没有通过的坐标】开始下一轮
2025-10-20 17:23:08 [TRACE] 【本轮的坐标】：(np.int64(1699), np.int64(442)) ------------
2025-10-20 17:23:08 [TRACE] 【已点击过的坐标】：[(-10, -10), (np.int64(1309), np.int64(441)), (np.int64(1699), np.int64(441)), (np.int64(2088), np.int64(441)), (np.int64(2478), np.int64(441))]
2025-10-20 17:23:08 [TRACE] 【坐标太近】视为重复
2025-10-20 17:23:08 [TRACE] 【没有通过的坐标】开始下一轮
2025-10-20 17:23:08 [TRACE] 【本轮的坐标】：(np.int64(1700), np.int64(442)) ------------
2025-10-20 17:23:08 [TRACE] 【已点击过的坐标】：[(-10, -10), (np.int64(1309), np.int64(441)), (np.int64(1699), np.int64(441)), (np.int64(2088), np.int64(441)), (np.int64(2478), np.int64(441))]
2025-10-20 17:23:08 [TRACE] 【坐标太近】视为重复
2025-10-20 17:23:08 [TRACE] 【没有通过的坐标】开始下一轮
2025-10-20 17:23:08 [TRACE] 【本轮的坐标】：(np.int64(2087), np.int64(442)) ------------
2025-10-20 17:23:08 [TRACE] 【已点击过的坐标】：[(-10, -10), (np.int64(1309), np.int64(441)), (np.int64(1699), np.int64(441)), (np.int64(2088), np.int64(441)), (np.int64(2478), np.int64(441))]
2025-10-20 17:23:08 [TRACE] 【坐标太近】视为重复
2025-10-20 17:23:08 [TRACE] 【没有通过的坐标】开始下一轮
2025-10-20 17:23:08 [TRACE] 【本轮的坐标】：(np.int64(2088), np.int64(442)) ------------
2025-10-20 17:23:08 [TRACE] 【已点击过的坐标】：[(-10, -10), (np.int64(1309), np.int64(441)), (np.int64(1699), np.int64(441)), (np.int64(2088), np.int64(441)), (np.int64(2478), np.int64(441))]
2025-10-20 17:23:08 [TRACE] 【坐标太近】视为重复
2025-10-20 17:23:08 [TRACE] 【没有通过的坐标】开始下一轮
2025-10-20 17:23:08 [TRACE] 【本轮的坐标】：(np.int64(2089), np.int64(442)) ------------
2025-10-20 17:23:08 [TRACE] 【已点击过的坐标】：[(-10, -10), (np.int64(1309), np.int64(441)), (np.int64(1699), np.int64(441)), (np.int64(2088), np.int64(441)), (np.int64(2478), np.int64(441))]
2025-10-20 17:23:08 [TRACE] 【坐标太近】视为重复
2025-10-20 17:23:08 [TRACE] 【没有通过的坐标】开始下一轮
2025-10-20 17:23:08 [TRACE] 【本轮的坐标】：(np.int64(2090), np.int64(442)) ------------
2025-10-20 17:23:08 [TRACE] 【已点击过的坐标】：[(-10, -10), (np.int64(1309), np.int64(441)), (np.int64(1699), np.int64(441)), (np.int64(2088), np.int64(441)), (np.int64(2478), np.int64(441))]
2025-10-20 17:23:08 [TRACE] 【坐标太近】视为重复
2025-10-20 17:23:08 [TRACE] 【没有通过的坐标】开始下一轮
2025-10-20 17:23:08 [TRACE] 【本轮的坐标】：(np.int64(2477), np.int64(442)) ------------
2025-10-20 17:23:08 [TRACE] 【已点击过的坐标】：[(-10, -10), (np.int64(1309), np.int64(441)), (np.int64(1699), np.int64(441)), (np.int64(2088), np.int64(441)), (np.int64(2478), np.int64(441))]
2025-10-20 17:23:08 [TRACE] 【坐标太近】视为重复
2025-10-20 17:23:08 [TRACE] 【没有通过的坐标】开始下一轮
2025-10-20 17:23:08 [TRACE] 【本轮的坐标】：(np.int64(2478), np.int64(442)) ------------
2025-10-20 17:23:08 [TRACE] 【已点击过的坐标】：[(-10, -10), (np.int64(1309), np.int64(441)), (np.int64(1699), np.int64(441)), (np.int64(2088), np.int64(441)), (np.int64(2478), np.int64(441))]
2025-10-20 17:23:08 [TRACE] 【坐标太近】视为重复
2025-10-20 17:23:08 [TRACE] 【没有通过的坐标】开始下一轮
2025-10-20 17:23:08 [TRACE] 【本轮的坐标】：(np.int64(2479), np.int64(442)) ------------
2025-10-20 17:23:08 [TRACE] 【已点击过的坐标】：[(-10, -10), (np.int64(1309), np.int64(441)), (np.int64(1699), np.int64(441)), (np.int64(2088), np.int64(441)), (np.int64(2478), np.int64(441))]
2025-10-20 17:23:08 [TRACE] 【坐标太近】视为重复
2025-10-20 17:23:08 [TRACE] 【没有通过的坐标】开始下一轮
2025-10-20 17:23:08 [TRACE] 【本轮的坐标】：(np.int64(1309), np.int64(443)) ------------
2025-10-20 17:23:08 [TRACE] 【已点击过的坐标】：[(-10, -10), (np.int64(1309), np.int64(441)), (np.int64(1699), np.int64(441)), (np.int64(2088), np.int64(441)), (np.int64(2478), np.int64(441))]
2025-10-20 17:23:08 [TRACE] 【坐标太近】视为重复
2025-10-20 17:23:08 [TRACE] 【没有通过的坐标】开始下一轮
2025-10-20 17:23:08 [TRACE] 【本轮的坐标】：(np.int64(1698), np.int64(443)) ------------
2025-10-20 17:23:08 [TRACE] 【已点击过的坐标】：[(-10, -10), (np.int64(1309), np.int64(441)), (np.int64(1699), np.int64(441)), (np.int64(2088), np.int64(441)), (np.int64(2478), np.int64(441))]
2025-10-20 17:23:08 [TRACE] 【坐标太近】视为重复
2025-10-20 17:23:08 [TRACE] 【没有通过的坐标】开始下一轮
2025-10-20 17:23:08 [TRACE] 【本轮的坐标】：(np.int64(1699), np.int64(443)) ------------
2025-10-20 17:23:08 [TRACE] 【已点击过的坐标】：[(-10, -10), (np.int64(1309), np.int64(441)), (np.int64(1699), np.int64(441)), (np.int64(2088), np.int64(441)), (np.int64(2478), np.int64(441))]
2025-10-20 17:23:08 [TRACE] 【坐标太近】视为重复
2025-10-20 17:23:08 [TRACE] 【没有通过的坐标】开始下一轮
2025-10-20 17:23:08 [TRACE] 【本轮的坐标】：(np.int64(2088), np.int64(443)) ------------
2025-10-20 17:23:08 [TRACE] 【已点击过的坐标】：[(-10, -10), (np.int64(1309), np.int64(441)), (np.int64(1699), np.int64(441)), (np.int64(2088), np.int64(441)), (np.int64(2478), np.int64(441))]
2025-10-20 17:23:08 [TRACE] 【坐标太近】视为重复
2025-10-20 17:23:08 [TRACE] 【没有通过的坐标】开始下一轮
2025-10-20 17:23:08 [TRACE] 【本轮的坐标】：(np.int64(2478), np.int64(443)) ------------
2025-10-20 17:23:08 [TRACE] 【已点击过的坐标】：[(-10, -10), (np.int64(1309), np.int64(441)), (np.int64(1699), np.int64(441)), (np.int64(2088), np.int64(441)), (np.int64(2478), np.int64(441))]
2025-10-20 17:23:08 [TRACE] 【坐标太近】视为重复
2025-10-20 17:23:08 [TRACE] 【没有通过的坐标】开始下一轮
2025-10-20 17:23:08 [TRACE] 【完成所有点击】有效次数：4
2025-10-20 17:23:09 [TRACE] 【目标检测】屏幕内没有目标
2025-10-20 17:23:10 [TRACE] 【目标检测】屏幕内没有目标
2025-10-20 17:23:11 [TRACE] 【目标检测】目标存在，但置信度不足
2025-10-20 17:23:13 [TRACE] 【目标检测】屏幕内没有目标
2025-10-20 17:23:14 [TRACE] 【目标检测】屏幕内没有目标
2025-10-20 17:23:14 [TRACE] 【状态】搜索模式：C:\Users\gelon\Desktop\ZA-Lite\assets/images/hollow\resonium.png 置信度：0.9999998807907104
2025-10-20 17:23:14 [TRACE] 【目标出现】C:\Users\gelon\Desktop\ZA-Lite\assets/images/hollow\resonium.png 置信度：0.9999998807907104
2025-10-20 17:23:14 [TRACE] 【本轮的坐标】：(np.int64(1309), np.int64(441)) ------------
2025-10-20 17:23:14 [TRACE] 【已点击过的坐标】：[(-10, -10)]
2025-10-20 17:23:14 [TRACE] 【成功点击】
2025-10-20 17:23:15 [TRACE] 【本轮的坐标】：(np.int64(1310), np.int64(441)) ------------
2025-10-20 17:23:15 [TRACE] 【已点击过的坐标】：[(-10, -10), (np.int64(1309), np.int64(441))]
2025-10-20 17:23:15 [TRACE] 【坐标太近】视为重复
2025-10-20 17:23:15 [TRACE] 【没有通过的坐标】开始下一轮
2025-10-20 17:23:15 [TRACE] 【本轮的坐标】：(np.int64(1699), np.int64(441)) ------------
2025-10-20 17:23:15 [TRACE] 【已点击过的坐标】：[(-10, -10), (np.int64(1309), np.int64(441))]
2025-10-20 17:23:15 [TRACE] 【成功点击】
2025-10-20 17:23:15 [TRACE] 【目标检测】屏幕内没有目标
2025-10-20 17:23:16 [TRACE] 【本轮的坐标】：(np.int64(2088), np.int64(441)) ------------
2025-10-20 17:23:16 [TRACE] 【已点击过的坐标】：[(-10, -10), (np.int64(1309), np.int64(441)), (np.int64(1699), np.int64(441))]
2025-10-20 17:23:16 [TRACE] 【成功点击】
2025-10-20 17:23:16 [TRACE] 【本轮的坐标】：(np.int64(2089), np.int64(441)) ------------
2025-10-20 17:23:16 [TRACE] 【已点击过的坐标】：[(-10, -10), (np.int64(1309), np.int64(441)), (np.int64(1699), np.int64(441)), (np.int64(2088), np.int64(441))]
2025-10-20 17:23:16 [TRACE] 【坐标太近】视为重复
2025-10-20 17:23:16 [TRACE] 【没有通过的坐标】开始下一轮
2025-10-20 17:23:16 [TRACE] 【本轮的坐标】：(np.int64(2478), np.int64(441)) ------------
2025-10-20 17:23:16 [TRACE] 【已点击过的坐标】：[(-10, -10), (np.int64(1309), np.int64(441)), (np.int64(1699), np.int64(441)), (np.int64(2088), np.int64(441))]
2025-10-20 17:23:16 [TRACE] 【成功点击】
2025-10-20 17:23:17 [TRACE] 【本轮的坐标】：(np.int64(1308), np.int64(442)) ------------
2025-10-20 17:23:17 [TRACE] 【已点击过的坐标】：[(-10, -10), (np.int64(1309), np.int64(441)), (np.int64(1699), np.int64(441)), (np.int64(2088), np.int64(441)), (np.int64(2478), np.int64(441))]
2025-10-20 17:23:17 [TRACE] 【坐标太近】视为重复
2025-10-20 17:23:17 [TRACE] 【没有通过的坐标】开始下一轮
2025-10-20 17:23:17 [TRACE] 【本轮的坐标】：(np.int64(1309), np.int64(442)) ------------
2025-10-20 17:23:17 [TRACE] 【已点击过的坐标】：[(-10, -10), (np.int64(1309), np.int64(441)), (np.int64(1699), np.int64(441)), (np.int64(2088), np.int64(441)), (np.int64(2478), np.int64(441))]
2025-10-20 17:23:17 [TRACE] 【坐标太近】视为重复
2025-10-20 17:23:17 [TRACE] 【没有通过的坐标】开始下一轮
2025-10-20 17:23:17 [TRACE] 【本轮的坐标】：(np.int64(1310), np.int64(442)) ------------
2025-10-20 17:23:17 [TRACE] 【已点击过的坐标】：[(-10, -10), (np.int64(1309), np.int64(441)), (np.int64(1699), np.int64(441)), (np.int64(2088), np.int64(441)), (np.int64(2478), np.int64(441))]
2025-10-20 17:23:17 [TRACE] 【坐标太近】视为重复
2025-10-20 17:23:17 [TRACE] 【没有通过的坐标】开始下一轮
2025-10-20 17:23:17 [TRACE] 【本轮的坐标】：(np.int64(1698), np.int64(442)) ------------
2025-10-20 17:23:17 [TRACE] 【已点击过的坐标】：[(-10, -10), (np.int64(1309), np.int64(441)), (np.int64(1699), np.int64(441)), (np.int64(2088), np.int64(441)), (np.int64(2478), np.int64(441))]
2025-10-20 17:23:17 [TRACE] 【坐标太近】视为重复
2025-10-20 17:23:17 [TRACE] 【没有通过的坐标】开始下一轮
2025-10-20 17:23:17 [TRACE] 【本轮的坐标】：(np.int64(1699), np.int64(442)) ------------
2025-10-20 17:23:17 [TRACE] 【已点击过的坐标】：[(-10, -10), (np.int64(1309), np.int64(441)), (np.int64(1699), np.int64(441)), (np.int64(2088), np.int64(441)), (np.int64(2478), np.int64(441))]
2025-10-20 17:23:17 [TRACE] 【坐标太近】视为重复
2025-10-20 17:23:17 [TRACE] 【没有通过的坐标】开始下一轮
2025-10-20 17:23:17 [TRACE] 【本轮的坐标】：(np.int64(1700), np.int64(442)) ------------
2025-10-20 17:23:17 [TRACE] 【已点击过的坐标】：[(-10, -10), (np.int64(1309), np.int64(441)), (np.int64(1699), np.int64(441)), (np.int64(2088), np.int64(441)), (np.int64(2478), np.int64(441))]
2025-10-20 17:23:17 [TRACE] 【坐标太近】视为重复
2025-10-20 17:23:17 [TRACE] 【没有通过的坐标】开始下一轮
2025-10-20 17:23:17 [TRACE] 【本轮的坐标】：(np.int64(2087), np.int64(442)) ------------
2025-10-20 17:23:17 [TRACE] 【已点击过的坐标】：[(-10, -10), (np.int64(1309), np.int64(441)), (np.int64(1699), np.int64(441)), (np.int64(2088), np.int64(441)), (np.int64(2478), np.int64(441))]
2025-10-20 17:23:17 [TRACE] 【坐标太近】视为重复
2025-10-20 17:23:17 [TRACE] 【没有通过的坐标】开始下一轮
2025-10-20 17:23:17 [TRACE] 【本轮的坐标】：(np.int64(2088), np.int64(442)) ------------
2025-10-20 17:23:17 [TRACE] 【已点击过的坐标】：[(-10, -10), (np.int64(1309), np.int64(441)), (np.int64(1699), np.int64(441)), (np.int64(2088), np.int64(441)), (np.int64(2478), np.int64(441))]
2025-10-20 17:23:17 [TRACE] 【坐标太近】视为重复
2025-10-20 17:23:17 [TRACE] 【没有通过的坐标】开始下一轮
2025-10-20 17:23:17 [TRACE] 【本轮的坐标】：(np.int64(2089), np.int64(442)) ------------
2025-10-20 17:23:17 [TRACE] 【已点击过的坐标】：[(-10, -10), (np.int64(1309), np.int64(441)), (np.int64(1699), np.int64(441)), (np.int64(2088), np.int64(441)), (np.int64(2478), np.int64(441))]
2025-10-20 17:23:17 [TRACE] 【坐标太近】视为重复
2025-10-20 17:23:17 [TRACE] 【没有通过的坐标】开始下一轮
2025-10-20 17:23:17 [TRACE] 【本轮的坐标】：(np.int64(2090), np.int64(442)) ------------
2025-10-20 17:23:17 [TRACE] 【已点击过的坐标】：[(-10, -10), (np.int64(1309), np.int64(441)), (np.int64(1699), np.int64(441)), (np.int64(2088), np.int64(441)), (np.int64(2478), np.int64(441))]
2025-10-20 17:23:17 [TRACE] 【坐标太近】视为重复
2025-10-20 17:23:17 [TRACE] 【没有通过的坐标】开始下一轮
2025-10-20 17:23:17 [TRACE] 【本轮的坐标】：(np.int64(2477), np.int64(442)) ------------
2025-10-20 17:23:17 [TRACE] 【已点击过的坐标】：[(-10, -10), (np.int64(1309), np.int64(441)), (np.int64(1699), np.int64(441)), (np.int64(2088), np.int64(441)), (np.int64(2478), np.int64(441))]
2025-10-20 17:23:17 [TRACE] 【坐标太近】视为重复
2025-10-20 17:23:17 [TRACE] 【没有通过的坐标】开始下一轮
2025-10-20 17:23:17 [TRACE] 【本轮的坐标】：(np.int64(2478), np.int64(442)) ------------
2025-10-20 17:23:17 [TRACE] 【已点击过的坐标】：[(-10, -10), (np.int64(1309), np.int64(441)), (np.int64(1699), np.int64(441)), (np.int64(2088), np.int64(441)), (np.int64(2478), np.int64(441))]
2025-10-20 17:23:17 [TRACE] 【坐标太近】视为重复
2025-10-20 17:23:17 [TRACE] 【没有通过的坐标】开始下一轮
2025-10-20 17:23:17 [TRACE] 【本轮的坐标】：(np.int64(2479), np.int64(442)) ------------
2025-10-20 17:23:17 [TRACE] 【已点击过的坐标】：[(-10, -10), (np.int64(1309), np.int64(441)), (np.int64(1699), np.int64(441)), (np.int64(2088), np.int64(441)), (np.int64(2478), np.int64(441))]
2025-10-20 17:23:17 [TRACE] 【坐标太近】视为重复
2025-10-20 17:23:17 [TRACE] 【没有通过的坐标】开始下一轮
2025-10-20 17:23:17 [TRACE] 【本轮的坐标】：(np.int64(1309), np.int64(443)) ------------
2025-10-20 17:23:17 [TRACE] 【已点击过的坐标】：[(-10, -10), (np.int64(1309), np.int64(441)), (np.int64(1699), np.int64(441)), (np.int64(2088), np.int64(441)), (np.int64(2478), np.int64(441))]
2025-10-20 17:23:17 [TRACE] 【坐标太近】视为重复
2025-10-20 17:23:17 [TRACE] 【没有通过的坐标】开始下一轮
2025-10-20 17:23:17 [TRACE] 【本轮的坐标】：(np.int64(1698), np.int64(443)) ------------
2025-10-20 17:23:17 [TRACE] 【已点击过的坐标】：[(-10, -10), (np.int64(1309), np.int64(441)), (np.int64(1699), np.int64(441)), (np.int64(2088), np.int64(441)), (np.int64(2478), np.int64(441))]
2025-10-20 17:23:17 [TRACE] 【坐标太近】视为重复
2025-10-20 17:23:17 [TRACE] 【没有通过的坐标】开始下一轮
2025-10-20 17:23:17 [TRACE] 【本轮的坐标】：(np.int64(1699), np.int64(443)) ------------
2025-10-20 17:23:17 [TRACE] 【已点击过的坐标】：[(-10, -10), (np.int64(1309), np.int64(441)), (np.int64(1699), np.int64(441)), (np.int64(2088), np.int64(441)), (np.int64(2478), np.int64(441))]
2025-10-20 17:23:17 [TRACE] 【坐标太近】视为重复
2025-10-20 17:23:17 [TRACE] 【没有通过的坐标】开始下一轮
2025-10-20 17:23:17 [TRACE] 【本轮的坐标】：(np.int64(2088), np.int64(443)) ------------
2025-10-20 17:23:17 [TRACE] 【已点击过的坐标】：[(-10, -10), (np.int64(1309), np.int64(441)), (np.int64(1699), np.int64(441)), (np.int64(2088), np.int64(441)), (np.int64(2478), np.int64(441))]
2025-10-20 17:23:17 [TRACE] 【坐标太近】视为重复
2025-10-20 17:23:17 [TRACE] 【没有通过的坐标】开始下一轮
2025-10-20 17:23:17 [TRACE] 【本轮的坐标】：(np.int64(2478), np.int64(443)) ------------
2025-10-20 17:23:17 [TRACE] 【已点击过的坐标】：[(-10, -10), (np.int64(1309), np.int64(441)), (np.int64(1699), np.int64(441)), (np.int64(2088), np.int64(441)), (np.int64(2478), np.int64(441))]
2025-10-20 17:23:17 [TRACE] 【坐标太近】视为重复
2025-10-20 17:23:17 [TRACE] 【没有通过的坐标】开始下一轮
2025-10-20 17:23:17 [TRACE] 【完成所有点击】有效次数：4
2025-10-20 17:23:18 [TRACE] 【目标检测】屏幕内没有目标
2025-10-20 17:23:19 [TRACE] 【目标检测】屏幕内没有目标
2025-10-20 17:23:20 [TRACE] 【目标检测】屏幕内没有目标
2025-10-20 17:23:21 [TRACE] 【目标检测】目标存在，但置信度不足
2025-10-20 17:23:22 [TRACE] 【目标检测】屏幕内没有目标
2025-10-20 17:23:23 [TRACE] 【状态】搜索模式：C:\Users\gelon\Desktop\ZA-Lite\assets/images/hollow\resonium.png 置信度：1.0
2025-10-20 17:23:24 [TRACE] 【目标检测】屏幕内没有目标
2025-10-20 17:23:24 [TRACE] 【目标出现】C:\Users\gelon\Desktop\ZA-Lite\assets/images/hollow\resonium.png 置信度：1.0
2025-10-20 17:23:24 [TRACE] 【本轮的坐标】：(np.int64(1309), np.int64(441)) ------------
2025-10-20 17:23:24 [TRACE] 【已点击过的坐标】：[(-10, -10)]
2025-10-20 17:23:24 [TRACE] 【成功点击】
2025-10-20 17:23:24 [TRACE] 【本轮的坐标】：(np.int64(1310), np.int64(441)) ------------
2025-10-20 17:23:24 [TRACE] 【已点击过的坐标】：[(-10, -10), (np.int64(1309), np.int64(441))]
2025-10-20 17:23:24 [TRACE] 【坐标太近】视为重复
2025-10-20 17:23:24 [TRACE] 【没有通过的坐标】开始下一轮
2025-10-20 17:23:24 [TRACE] 【本轮的坐标】：(np.int64(1699), np.int64(441)) ------------
2025-10-20 17:23:24 [TRACE] 【已点击过的坐标】：[(-10, -10), (np.int64(1309), np.int64(441))]
2025-10-20 17:23:24 [TRACE] 【成功点击】
2025-10-20 17:23:25 [TRACE] 【本轮的坐标】：(np.int64(2088), np.int64(441)) ------------
2025-10-20 17:23:25 [TRACE] 【已点击过的坐标】：[(-10, -10), (np.int64(1309), np.int64(441)), (np.int64(1699), np.int64(441))]
2025-10-20 17:23:25 [TRACE] 【成功点击】
2025-10-20 17:23:26 [TRACE] 【目标检测】屏幕内没有目标
2025-10-20 17:23:26 [TRACE] 【本轮的坐标】：(np.int64(2089), np.int64(441)) ------------
2025-10-20 17:23:26 [TRACE] 【已点击过的坐标】：[(-10, -10), (np.int64(1309), np.int64(441)), (np.int64(1699), np.int64(441)), (np.int64(2088), np.int64(441))]
2025-10-20 17:23:26 [TRACE] 【坐标太近】视为重复
2025-10-20 17:23:26 [TRACE] 【没有通过的坐标】开始下一轮
2025-10-20 17:23:26 [TRACE] 【本轮的坐标】：(np.int64(2478), np.int64(441)) ------------
2025-10-20 17:23:26 [TRACE] 【已点击过的坐标】：[(-10, -10), (np.int64(1309), np.int64(441)), (np.int64(1699), np.int64(441)), (np.int64(2088), np.int64(441))]
2025-10-20 17:23:26 [TRACE] 【成功点击】
2025-10-20 17:23:27 [TRACE] 【本轮的坐标】：(np.int64(1308), np.int64(442)) ------------
2025-10-20 17:23:27 [TRACE] 【已点击过的坐标】：[(-10, -10), (np.int64(1309), np.int64(441)), (np.int64(1699), np.int64(441)), (np.int64(2088), np.int64(441)), (np.int64(2478), np.int64(441))]
2025-10-20 17:23:27 [TRACE] 【坐标太近】视为重复
2025-10-20 17:23:27 [TRACE] 【没有通过的坐标】开始下一轮
2025-10-20 17:23:27 [TRACE] 【本轮的坐标】：(np.int64(1309), np.int64(442)) ------------
2025-10-20 17:23:27 [TRACE] 【已点击过的坐标】：[(-10, -10), (np.int64(1309), np.int64(441)), (np.int64(1699), np.int64(441)), (np.int64(2088), np.int64(441)), (np.int64(2478), np.int64(441))]
2025-10-20 17:23:27 [TRACE] 【坐标太近】视为重复
2025-10-20 17:23:27 [TRACE] 【没有通过的坐标】开始下一轮
2025-10-20 17:23:27 [TRACE] 【本轮的坐标】：(np.int64(1310), np.int64(442)) ------------
2025-10-20 17:23:27 [TRACE] 【已点击过的坐标】：[(-10, -10), (np.int64(1309), np.int64(441)), (np.int64(1699), np.int64(441)), (np.int64(2088), np.int64(441)), (np.int64(2478), np.int64(441))]
2025-10-20 17:23:27 [TRACE] 【坐标太近】视为重复
2025-10-20 17:23:27 [TRACE] 【没有通过的坐标】开始下一轮
2025-10-20 17:23:27 [TRACE] 【本轮的坐标】：(np.int64(1698), np.int64(442)) ------------
2025-10-20 17:23:27 [TRACE] 【已点击过的坐标】：[(-10, -10), (np.int64(1309), np.int64(441)), (np.int64(1699), np.int64(441)), (np.int64(2088), np.int64(441)), (np.int64(2478), np.int64(441))]
2025-10-20 17:23:27 [TRACE] 【坐标太近】视为重复
2025-10-20 17:23:27 [TRACE] 【没有通过的坐标】开始下一轮
2025-10-20 17:23:27 [TRACE] 【本轮的坐标】：(np.int64(1699), np.int64(442)) ------------
2025-10-20 17:23:27 [TRACE] 【已点击过的坐标】：[(-10, -10), (np.int64(1309), np.int64(441)), (np.int64(1699), np.int64(441)), (np.int64(2088), np.int64(441)), (np.int64(2478), np.int64(441))]
2025-10-20 17:23:27 [TRACE] 【坐标太近】视为重复
2025-10-20 17:23:27 [TRACE] 【没有通过的坐标】开始下一轮
2025-10-20 17:23:27 [TRACE] 【本轮的坐标】：(np.int64(1700), np.int64(442)) ------------
2025-10-20 17:23:27 [TRACE] 【已点击过的坐标】：[(-10, -10), (np.int64(1309), np.int64(441)), (np.int64(1699), np.int64(441)), (np.int64(2088), np.int64(441)), (np.int64(2478), np.int64(441))]
2025-10-20 17:23:27 [TRACE] 【坐标太近】视为重复
2025-10-20 17:23:27 [TRACE] 【没有通过的坐标】开始下一轮
2025-10-20 17:23:27 [TRACE] 【本轮的坐标】：(np.int64(2087), np.int64(442)) ------------
2025-10-20 17:23:27 [TRACE] 【已点击过的坐标】：[(-10, -10), (np.int64(1309), np.int64(441)), (np.int64(1699), np.int64(441)), (np.int64(2088), np.int64(441)), (np.int64(2478), np.int64(441))]
2025-10-20 17:23:27 [TRACE] 【坐标太近】视为重复
2025-10-20 17:23:27 [TRACE] 【没有通过的坐标】开始下一轮
2025-10-20 17:23:27 [TRACE] 【本轮的坐标】：(np.int64(2088), np.int64(442)) ------------
2025-10-20 17:23:27 [TRACE] 【已点击过的坐标】：[(-10, -10), (np.int64(1309), np.int64(441)), (np.int64(1699), np.int64(441)), (np.int64(2088), np.int64(441)), (np.int64(2478), np.int64(441))]
2025-10-20 17:23:27 [TRACE] 【坐标太近】视为重复
2025-10-20 17:23:27 [TRACE] 【没有通过的坐标】开始下一轮
2025-10-20 17:23:27 [TRACE] 【本轮的坐标】：(np.int64(2089), np.int64(442)) ------------
2025-10-20 17:23:27 [TRACE] 【已点击过的坐标】：[(-10, -10), (np.int64(1309), np.int64(441)), (np.int64(1699), np.int64(441)), (np.int64(2088), np.int64(441)), (np.int64(2478), np.int64(441))]
2025-10-20 17:23:27 [TRACE] 【坐标太近】视为重复
2025-10-20 17:23:27 [TRACE] 【没有通过的坐标】开始下一轮
2025-10-20 17:23:27 [TRACE] 【本轮的坐标】：(np.int64(2090), np.int64(442)) ------------
2025-10-20 17:23:27 [TRACE] 【已点击过的坐标】：[(-10, -10), (np.int64(1309), np.int64(441)), (np.int64(1699), np.int64(441)), (np.int64(2088), np.int64(441)), (np.int64(2478), np.int64(441))]
2025-10-20 17:23:27 [TRACE] 【坐标太近】视为重复
2025-10-20 17:23:27 [TRACE] 【没有通过的坐标】开始下一轮
2025-10-20 17:23:27 [TRACE] 【本轮的坐标】：(np.int64(2477), np.int64(442)) ------------
2025-10-20 17:23:27 [TRACE] 【已点击过的坐标】：[(-10, -10), (np.int64(1309), np.int64(441)), (np.int64(1699), np.int64(441)), (np.int64(2088), np.int64(441)), (np.int64(2478), np.int64(441))]
2025-10-20 17:23:27 [TRACE] 【坐标太近】视为重复
2025-10-20 17:23:27 [TRACE] 【没有通过的坐标】开始下一轮
2025-10-20 17:23:27 [TRACE] 【本轮的坐标】：(np.int64(2478), np.int64(442)) ------------
2025-10-20 17:23:27 [TRACE] 【已点击过的坐标】：[(-10, -10), (np.int64(1309), np.int64(441)), (np.int64(1699), np.int64(441)), (np.int64(2088), np.int64(441)), (np.int64(2478), np.int64(441))]
2025-10-20 17:23:27 [TRACE] 【坐标太近】视为重复
2025-10-20 17:23:27 [TRACE] 【没有通过的坐标】开始下一轮
2025-10-20 17:23:27 [TRACE] 【本轮的坐标】：(np.int64(2479), np.int64(442)) ------------
2025-10-20 17:23:27 [TRACE] 【已点击过的坐标】：[(-10, -10), (np.int64(1309), np.int64(441)), (np.int64(1699), np.int64(441)), (np.int64(2088), np.int64(441)), (np.int64(2478), np.int64(441))]
2025-10-20 17:23:27 [TRACE] 【坐标太近】视为重复
2025-10-20 17:23:27 [TRACE] 【没有通过的坐标】开始下一轮
2025-10-20 17:23:27 [TRACE] 【本轮的坐标】：(np.int64(1309), np.int64(443)) ------------
2025-10-20 17:23:27 [TRACE] 【已点击过的坐标】：[(-10, -10), (np.int64(1309), np.int64(441)), (np.int64(1699), np.int64(441)), (np.int64(2088), np.int64(441)), (np.int64(2478), np.int64(441))]
2025-10-20 17:23:27 [TRACE] 【坐标太近】视为重复
2025-10-20 17:23:27 [TRACE] 【没有通过的坐标】开始下一轮
2025-10-20 17:23:27 [TRACE] 【本轮的坐标】：(np.int64(1698), np.int64(443)) ------------
2025-10-20 17:23:27 [TRACE] 【已点击过的坐标】：[(-10, -10), (np.int64(1309), np.int64(441)), (np.int64(1699), np.int64(441)), (np.int64(2088), np.int64(441)), (np.int64(2478), np.int64(441))]
2025-10-20 17:23:27 [TRACE] 【坐标太近】视为重复
2025-10-20 17:23:27 [TRACE] 【没有通过的坐标】开始下一轮
2025-10-20 17:23:27 [TRACE] 【本轮的坐标】：(np.int64(1699), np.int64(443)) ------------
2025-10-20 17:23:27 [TRACE] 【已点击过的坐标】：[(-10, -10), (np.int64(1309), np.int64(441)), (np.int64(1699), np.int64(441)), (np.int64(2088), np.int64(441)), (np.int64(2478), np.int64(441))]
2025-10-20 17:23:27 [TRACE] 【坐标太近】视为重复
2025-10-20 17:23:27 [TRACE] 【没有通过的坐标】开始下一轮
2025-10-20 17:23:27 [TRACE] 【本轮的坐标】：(np.int64(2088), np.int64(443)) ------------
2025-10-20 17:23:27 [TRACE] 【已点击过的坐标】：[(-10, -10), (np.int64(1309), np.int64(441)), (np.int64(1699), np.int64(441)), (np.int64(2088), np.int64(441)), (np.int64(2478), np.int64(441))]
2025-10-20 17:23:27 [TRACE] 【坐标太近】视为重复
2025-10-20 17:23:27 [TRACE] 【没有通过的坐标】开始下一轮
2025-10-20 17:23:27 [TRACE] 【本轮的坐标】：(np.int64(2478), np.int64(443)) ------------
2025-10-20 17:23:27 [TRACE] 【已点击过的坐标】：[(-10, -10), (np.int64(1309), np.int64(441)), (np.int64(1699), np.int64(441)), (np.int64(2088), np.int64(441)), (np.int64(2478), np.int64(441))]
2025-10-20 17:23:27 [TRACE] 【坐标太近】视为重复
2025-10-20 17:23:27 [TRACE] 【没有通过的坐标】开始下一轮
2025-10-20 17:23:27 [TRACE] 【完成所有点击】有效次数：4
2025-10-20 17:23:27 [TRACE] 【目标检测】屏幕内没有目标
2025-10-20 17:23:28 [TRACE] 【目标检测】屏幕内没有目标
2025-10-20 17:23:29 [TRACE] 【目标检测】屏幕内没有目标
2025-10-20 17:23:31 [TRACE] 【目标检测】屏幕内没有目标
2025-10-20 17:23:39 [TRACE] 【空洞监听】无匹配已持续：0秒
2025-10-20 17:23:40 [TRACE] 【目标检测】TRAPPED！ 类型：blue_portal 置信度：0.916753888130188
2025-10-20 17:23:45 [TRACE] 【空洞监听】无匹配已持续：6秒
2025-10-20 17:23:47 [TRACE] 【目标检测】屏幕内没有目标
2025-10-20 17:23:49 [TRACE] 【目标检测】屏幕内没有目标
2025-10-20 17:23:50 [TRACE] 【目标检测】屏幕内没有目标
2025-10-20 17:23:52 [TRACE] 【目标检测】屏幕内没有目标
2025-10-20 17:23:52 [TRACE] 【空洞监听】无匹配已持续：13秒
2025-10-20 17:23:53 [TRACE] 【目标检测】屏幕内没有目标
2025-10-20 17:23:57 [TRACE] 【目标检测】屏幕内没有目标
2025-10-20 17:23:58 [TRACE] 【目标检测】屏幕内没有目标
2025-10-20 17:23:58 [TRACE] 【状态】战斗模式：正在受到攻击
2025-10-20 17:24:05 [TRACE] 【状态】战斗模式：正在受到攻击
2025-10-20 17:24:11 [TRACE] 【状态】战斗模式：正在受到攻击
2025-10-20 17:24:18 [TRACE] 【空洞监听】无匹配已持续：0秒
2025-10-20 17:24:21 [TRACE] 【状态】战斗模式：C:\Users\gelon\Desktop\ZA-Lite\assets/images/hollow\battle_3.png 置信度：1.0
2025-10-20 17:24:28 [TRACE] 【状态】战斗模式：C:\Users\gelon\Desktop\ZA-Lite\assets/images/hollow\battle_5.png 置信度：0.966255247592926
2025-10-20 17:24:38 [TRACE] 【空洞监听】无匹配已持续：0秒
2025-10-20 17:24:38 [TRACE] 【状态】搜索模式：C:\Users\gelon\Desktop\ZA-Lite\assets/images/hollow\resonium.png 置信度：0.9999998807907104
2025-10-20 17:24:38 [TRACE] 【目标出现】C:\Users\gelon\Desktop\ZA-Lite\assets/images/hollow\resonium.png 置信度：1.0
2025-10-20 17:24:38 [TRACE] 【本轮的坐标】：(np.int64(1174), np.int64(461)) ------------
2025-10-20 17:24:38 [TRACE] 【已点击过的坐标】：[(-10, -10)]
2025-10-20 17:24:38 [TRACE] 【成功点击】
2025-10-20 17:24:39 [TRACE] 【目标检测】目标存在，但置信度不足
2025-10-20 17:24:39 [TRACE] 【本轮的坐标】：(np.int64(1581), np.int64(461)) ------------
2025-10-20 17:24:39 [TRACE] 【已点击过的坐标】：[(-10, -10), (np.int64(1174), np.int64(461))]
2025-10-20 17:24:39 [TRACE] 【成功点击】
2025-10-20 17:24:40 [TRACE] 【本轮的坐标】：(np.int64(1582), np.int64(461)) ------------
2025-10-20 17:24:40 [TRACE] 【已点击过的坐标】：[(-10, -10), (np.int64(1174), np.int64(461)), (np.int64(1581), np.int64(461))]
2025-10-20 17:24:40 [TRACE] 【坐标太近】视为重复
2025-10-20 17:24:40 [TRACE] 【没有通过的坐标】开始下一轮
2025-10-20 17:24:40 [TRACE] 【本轮的坐标】：(np.int64(1988), np.int64(461)) ------------
2025-10-20 17:24:40 [TRACE] 【已点击过的坐标】：[(-10, -10), (np.int64(1174), np.int64(461)), (np.int64(1581), np.int64(461))]
2025-10-20 17:24:40 [TRACE] 【成功点击】
2025-10-20 17:24:40 [TRACE] 【目标检测】屏幕内没有目标
2025-10-20 17:24:40 [TRACE] 【本轮的坐标】：(np.int64(1989), np.int64(461)) ------------
2025-10-20 17:24:40 [TRACE] 【已点击过的坐标】：[(-10, -10), (np.int64(1174), np.int64(461)), (np.int64(1581), np.int64(461)), (np.int64(1988), np.int64(461))]
2025-10-20 17:24:40 [TRACE] 【坐标太近】视为重复
2025-10-20 17:24:40 [TRACE] 【没有通过的坐标】开始下一轮
2025-10-20 17:24:40 [TRACE] 【本轮的坐标】：(np.int64(1173), np.int64(462)) ------------
2025-10-20 17:24:40 [TRACE] 【已点击过的坐标】：[(-10, -10), (np.int64(1174), np.int64(461)), (np.int64(1581), np.int64(461)), (np.int64(1988), np.int64(461))]
2025-10-20 17:24:40 [TRACE] 【坐标太近】视为重复
2025-10-20 17:24:40 [TRACE] 【没有通过的坐标】开始下一轮
2025-10-20 17:24:40 [TRACE] 【本轮的坐标】：(np.int64(1174), np.int64(462)) ------------
2025-10-20 17:24:40 [TRACE] 【已点击过的坐标】：[(-10, -10), (np.int64(1174), np.int64(461)), (np.int64(1581), np.int64(461)), (np.int64(1988), np.int64(461))]
2025-10-20 17:24:40 [TRACE] 【坐标太近】视为重复
2025-10-20 17:24:40 [TRACE] 【没有通过的坐标】开始下一轮
2025-10-20 17:24:40 [TRACE] 【本轮的坐标】：(np.int64(1175), np.int64(462)) ------------
2025-10-20 17:24:40 [TRACE] 【已点击过的坐标】：[(-10, -10), (np.int64(1174), np.int64(461)), (np.int64(1581), np.int64(461)), (np.int64(1988), np.int64(461))]
2025-10-20 17:24:40 [TRACE] 【坐标太近】视为重复
2025-10-20 17:24:40 [TRACE] 【没有通过的坐标】开始下一轮
2025-10-20 17:24:40 [TRACE] 【本轮的坐标】：(np.int64(1580), np.int64(462)) ------------
2025-10-20 17:24:40 [TRACE] 【已点击过的坐标】：[(-10, -10), (np.int64(1174), np.int64(461)), (np.int64(1581), np.int64(461)), (np.int64(1988), np.int64(461))]
2025-10-20 17:24:40 [TRACE] 【坐标太近】视为重复
2025-10-20 17:24:40 [TRACE] 【没有通过的坐标】开始下一轮
2025-10-20 17:24:40 [TRACE] 【本轮的坐标】：(np.int64(1581), np.int64(462)) ------------
2025-10-20 17:24:40 [TRACE] 【已点击过的坐标】：[(-10, -10), (np.int64(1174), np.int64(461)), (np.int64(1581), np.int64(461)), (np.int64(1988), np.int64(461))]
2025-10-20 17:24:40 [TRACE] 【坐标太近】视为重复
2025-10-20 17:24:40 [TRACE] 【没有通过的坐标】开始下一轮
2025-10-20 17:24:40 [TRACE] 【本轮的坐标】：(np.int64(1582), np.int64(462)) ------------
2025-10-20 17:24:40 [TRACE] 【已点击过的坐标】：[(-10, -10), (np.int64(1174), np.int64(461)), (np.int64(1581), np.int64(461)), (np.int64(1988), np.int64(461))]
2025-10-20 17:24:40 [TRACE] 【坐标太近】视为重复
2025-10-20 17:24:40 [TRACE] 【没有通过的坐标】开始下一轮
2025-10-20 17:24:40 [TRACE] 【本轮的坐标】：(np.int64(1987), np.int64(462)) ------------
2025-10-20 17:24:40 [TRACE] 【已点击过的坐标】：[(-10, -10), (np.int64(1174), np.int64(461)), (np.int64(1581), np.int64(461)), (np.int64(1988), np.int64(461))]
2025-10-20 17:24:40 [TRACE] 【坐标太近】视为重复
2025-10-20 17:24:40 [TRACE] 【没有通过的坐标】开始下一轮
2025-10-20 17:24:40 [TRACE] 【本轮的坐标】：(np.int64(1988), np.int64(462)) ------------
2025-10-20 17:24:40 [TRACE] 【已点击过的坐标】：[(-10, -10), (np.int64(1174), np.int64(461)), (np.int64(1581), np.int64(461)), (np.int64(1988), np.int64(461))]
2025-10-20 17:24:40 [TRACE] 【坐标太近】视为重复
2025-10-20 17:24:40 [TRACE] 【没有通过的坐标】开始下一轮
2025-10-20 17:24:40 [TRACE] 【本轮的坐标】：(np.int64(1989), np.int64(462)) ------------
2025-10-20 17:24:40 [TRACE] 【已点击过的坐标】：[(-10, -10), (np.int64(1174), np.int64(461)), (np.int64(1581), np.int64(461)), (np.int64(1988), np.int64(461))]
2025-10-20 17:24:40 [TRACE] 【坐标太近】视为重复
2025-10-20 17:24:40 [TRACE] 【没有通过的坐标】开始下一轮
2025-10-20 17:24:40 [TRACE] 【本轮的坐标】：(np.int64(1990), np.int64(462)) ------------
2025-10-20 17:24:40 [TRACE] 【已点击过的坐标】：[(-10, -10), (np.int64(1174), np.int64(461)), (np.int64(1581), np.int64(461)), (np.int64(1988), np.int64(461))]
2025-10-20 17:24:40 [TRACE] 【坐标太近】视为重复
2025-10-20 17:24:40 [TRACE] 【没有通过的坐标】开始下一轮
2025-10-20 17:24:40 [TRACE] 【本轮的坐标】：(np.int64(1174), np.int64(463)) ------------
2025-10-20 17:24:40 [TRACE] 【已点击过的坐标】：[(-10, -10), (np.int64(1174), np.int64(461)), (np.int64(1581), np.int64(461)), (np.int64(1988), np.int64(461))]
2025-10-20 17:24:40 [TRACE] 【坐标太近】视为重复
2025-10-20 17:24:40 [TRACE] 【没有通过的坐标】开始下一轮
2025-10-20 17:24:40 [TRACE] 【本轮的坐标】：(np.int64(1581), np.int64(463)) ------------
2025-10-20 17:24:40 [TRACE] 【已点击过的坐标】：[(-10, -10), (np.int64(1174), np.int64(461)), (np.int64(1581), np.int64(461)), (np.int64(1988), np.int64(461))]
2025-10-20 17:24:40 [TRACE] 【坐标太近】视为重复
2025-10-20 17:24:40 [TRACE] 【没有通过的坐标】开始下一轮
2025-10-20 17:24:40 [TRACE] 【本轮的坐标】：(np.int64(1988), np.int64(463)) ------------
2025-10-20 17:24:40 [TRACE] 【已点击过的坐标】：[(-10, -10), (np.int64(1174), np.int64(461)), (np.int64(1581), np.int64(461)), (np.int64(1988), np.int64(461))]
2025-10-20 17:24:40 [TRACE] 【坐标太近】视为重复
2025-10-20 17:24:40 [TRACE] 【没有通过的坐标】开始下一轮
2025-10-20 17:24:40 [TRACE] 【完成所有点击】有效次数：3
2025-10-20 17:24:41 [TRACE] 【目标检测】屏幕内没有目标
2025-10-20 17:24:43 [TRACE] 【目标检测】目标存在，但置信度不足
2025-10-20 17:24:44 [TRACE] 【目标检测】目标存在，但置信度不足
2025-10-20 17:24:45 [TRACE] 【目标检测】目标存在，但置信度不足
2025-10-20 17:24:46 [TRACE] 【目标检测】屏幕内没有目标
2025-10-20 17:24:48 [TRACE] 【状态】搜索模式：C:\Users\gelon\Desktop\ZA-Lite\assets/images/hollow\next_area.png 置信度：0.9999994039535522
2025-10-20 17:24:51 [TRACE] 【状态】搜索模式：C:\Users\gelon\Desktop\ZA-Lite\assets/images/hollow\meter.png 置信度：0.9184020757675171
2025-10-20 17:24:55 [TRACE] 【目标检测】微调超时，无法对齐！
2025-10-20 17:24:58 [TRACE] 【目标检测】TRAPPED！ 类型：red_portal 置信度：0.8829137682914734
2025-10-20 17:25:00 [TRACE] 【空洞监听】无匹配已持续：0秒
2025-10-20 17:25:06 [TRACE] 【目标检测】屏幕内没有目标
2025-10-20 17:25:07 [TRACE] 【目标检测】屏幕内没有目标
2025-10-20 17:25:07 [TRACE] 【空洞监听】无匹配已持续：6秒
2025-10-20 17:25:08 [TRACE] 【目标检测】屏幕内没有目标
2025-10-20 17:25:10 [TRACE] 【目标检测】屏幕内没有目标
2025-10-20 17:25:11 [TRACE] 【目标检测】屏幕内没有目标
2025-10-20 17:25:14 [TRACE] 【目标检测】屏幕内没有目标
2025-10-20 17:25:14 [TRACE] 【状态】战斗模式：正在受到攻击
2025-10-20 17:25:20 [TRACE] 【状态】战斗模式：正在受到攻击
2025-10-20 17:25:26 [TRACE] 【空洞监听】无匹配已持续：0秒
2025-10-20 17:25:33 [TRACE] 【状态】战斗模式：正在受到攻击
2025-10-20 17:25:36 [TRACE] 【状态】战斗模式：C:\Users\gelon\Desktop\ZA-Lite\assets/images/hollow\battle_5.png 置信度：0.9826869964599609
2025-10-20 17:25:39 [TRACE] 【状态】战斗模式：正在受到攻击
2025-10-20 17:25:42 [TRACE] 【状态】战斗模式：C:\Users\gelon\Desktop\ZA-Lite\assets/images/hollow\battle_5.png 置信度：0.98401939868927
2025-10-20 17:25:51 [TRACE] 【空洞监听】无匹配已持续：0秒
2025-10-20 17:25:54 [TRACE] 【状态】战斗模式：C:\Users\gelon\Desktop\ZA-Lite\assets/images/hollow\battle_5.png 置信度：0.981427013874054
2025-10-20 17:25:57 [TRACE] 【状态】战斗模式：正在受到攻击
2025-10-20 17:26:01 [TRACE] 【状态】战斗模式：C:\Users\gelon\Desktop\ZA-Lite\assets/images/hollow\battle_5.png 置信度：0.9978681802749634
2025-10-20 17:26:07 [TRACE] 【状态】战斗模式：C:\Users\gelon\Desktop\ZA-Lite\assets/images/hollow\battle_5.png 置信度：0.9819459319114685
2025-10-20 17:26:09 [TRACE] 【状态】战斗模式：正在受到攻击
2025-10-20 17:26:15 [TRACE] 【状态】战斗模式：正在受到攻击
2025-10-20 17:26:19 [TRACE] 【状态】战斗模式：C:\Users\gelon\Desktop\ZA-Lite\assets/images/hollow\battle_5.png 置信度：0.999915599822998
2025-10-20 17:26:21 [TRACE] 【状态】战斗模式：正在受到攻击
2025-10-20 17:26:25 [TRACE] 【状态】战斗模式：C:\Users\gelon\Desktop\ZA-Lite\assets/images/hollow\battle_5.png 置信度：0.9829750061035156
2025-10-20 17:26:31 [TRACE] 【状态】战斗模式：C:\Users\gelon\Desktop\ZA-Lite\assets/images/hollow\battle_5.png 置信度：0.9950537085533142
2025-10-20 17:26:34 [TRACE] 【状态】战斗模式：正在受到攻击
2025-10-20 17:26:37 [TRACE] 【状态】战斗模式：C:\Users\gelon\Desktop\ZA-Lite\assets/images/hollow\battle_5.png 置信度：0.9764731526374817
2025-10-20 17:26:44 [TRACE] 【状态】战斗模式：C:\Users\gelon\Desktop\ZA-Lite\assets/images/hollow\battle_5.png 置信度：0.974617600440979
2025-10-20 17:26:46 [TRACE] 【状态】战斗模式：正在受到攻击
2025-10-20 17:26:52 [TRACE] 【空洞监听】无匹配已持续：0秒
2025-10-20 17:26:56 [TRACE] 【状态】战斗模式：C:\Users\gelon\Desktop\ZA-Lite\assets/images/hollow\battle_5.png 置信度：0.9659938216209412
2025-10-20 17:27:02 [TRACE] 【状态】战斗模式：C:\Users\gelon\Desktop\ZA-Lite\assets/images/hollow\battle_5.png 置信度：0.9519490003585815
2025-10-20 17:27:11 [TRACE] 【空洞监听】无匹配已持续：0秒
2025-10-20 17:27:17 [TRACE] 【空洞监听】无匹配已持续：6秒
2025-10-20 17:27:18 [TRACE] 【状态】搜索模式：C:\Users\gelon\Desktop\ZA-Lite\assets/images/hollow\gear.png 置信度：1.0
2025-10-20 17:27:19 [TRACE] 【目标检测】屏幕内没有目标
2025-10-20 17:27:20 [TRACE] 【目标检测】屏幕内没有目标
2025-10-20 17:27:22 [TRACE] 【目标检测】目标存在，但置信度不足
2025-10-20 17:27:23 [TRACE] 【目标检测】目标存在，但置信度不足
2025-10-20 17:27:24 [TRACE] 【状态】搜索模式：C:\Users\gelon\Desktop\ZA-Lite\assets/images/hollow\resonium.png 置信度：0.9999998807907104
2025-10-20 17:27:24 [TRACE] 【目标检测】目标存在，但置信度不足
2025-10-20 17:27:24 [TRACE] 【目标出现】C:\Users\gelon\Desktop\ZA-Lite\assets/images/hollow\resonium.png 置信度：0.9999998807907104
2025-10-20 17:27:24 [TRACE] 【本轮的坐标】：(np.int64(1174), np.int64(461)) ------------
2025-10-20 17:27:24 [TRACE] 【已点击过的坐标】：[(-10, -10)]
2025-10-20 17:27:24 [TRACE] 【成功点击】
2025-10-20 17:27:25 [TRACE] 【本轮的坐标】：(np.int64(1581), np.int64(461)) ------------
2025-10-20 17:27:25 [TRACE] 【已点击过的坐标】：[(-10, -10), (np.int64(1174), np.int64(461))]
2025-10-20 17:27:25 [TRACE] 【成功点击】
2025-10-20 17:27:25 [TRACE] 【目标检测】目标存在，但置信度不足
2025-10-20 17:27:26 [TRACE] 【本轮的坐标】：(np.int64(1582), np.int64(461)) ------------
2025-10-20 17:27:26 [TRACE] 【已点击过的坐标】：[(-10, -10), (np.int64(1174), np.int64(461)), (np.int64(1581), np.int64(461))]
2025-10-20 17:27:26 [TRACE] 【坐标太近】视为重复
2025-10-20 17:27:26 [TRACE] 【没有通过的坐标】开始下一轮
2025-10-20 17:27:26 [TRACE] 【本轮的坐标】：(np.int64(1988), np.int64(461)) ------------
2025-10-20 17:27:26 [TRACE] 【已点击过的坐标】：[(-10, -10), (np.int64(1174), np.int64(461)), (np.int64(1581), np.int64(461))]
2025-10-20 17:27:26 [TRACE] 【成功点击】
2025-10-20 17:27:26 [TRACE] 【目标检测】目标存在，但置信度不足
2025-10-20 17:27:27 [TRACE] 【本轮的坐标】：(np.int64(1989), np.int64(461)) ------------
2025-10-20 17:27:27 [TRACE] 【已点击过的坐标】：[(-10, -10), (np.int64(1174), np.int64(461)), (np.int64(1581), np.int64(461)), (np.int64(1988), np.int64(461))]
2025-10-20 17:27:27 [TRACE] 【坐标太近】视为重复
2025-10-20 17:27:27 [TRACE] 【没有通过的坐标】开始下一轮
2025-10-20 17:27:27 [TRACE] 【本轮的坐标】：(np.int64(1173), np.int64(462)) ------------
2025-10-20 17:27:27 [TRACE] 【已点击过的坐标】：[(-10, -10), (np.int64(1174), np.int64(461)), (np.int64(1581), np.int64(461)), (np.int64(1988), np.int64(461))]
2025-10-20 17:27:27 [TRACE] 【坐标太近】视为重复
2025-10-20 17:27:27 [TRACE] 【没有通过的坐标】开始下一轮
2025-10-20 17:27:27 [TRACE] 【本轮的坐标】：(np.int64(1174), np.int64(462)) ------------
2025-10-20 17:27:27 [TRACE] 【已点击过的坐标】：[(-10, -10), (np.int64(1174), np.int64(461)), (np.int64(1581), np.int64(461)), (np.int64(1988), np.int64(461))]
2025-10-20 17:27:27 [TRACE] 【坐标太近】视为重复
2025-10-20 17:27:27 [TRACE] 【没有通过的坐标】开始下一轮
2025-10-20 17:27:27 [TRACE] 【本轮的坐标】：(np.int64(1175), np.int64(462)) ------------
2025-10-20 17:27:27 [TRACE] 【已点击过的坐标】：[(-10, -10), (np.int64(1174), np.int64(461)), (np.int64(1581), np.int64(461)), (np.int64(1988), np.int64(461))]
2025-10-20 17:27:27 [TRACE] 【坐标太近】视为重复
2025-10-20 17:27:27 [TRACE] 【没有通过的坐标】开始下一轮
2025-10-20 17:27:27 [TRACE] 【本轮的坐标】：(np.int64(1580), np.int64(462)) ------------
2025-10-20 17:27:27 [TRACE] 【已点击过的坐标】：[(-10, -10), (np.int64(1174), np.int64(461)), (np.int64(1581), np.int64(461)), (np.int64(1988), np.int64(461))]
2025-10-20 17:27:27 [TRACE] 【坐标太近】视为重复
2025-10-20 17:27:27 [TRACE] 【没有通过的坐标】开始下一轮
2025-10-20 17:27:27 [TRACE] 【本轮的坐标】：(np.int64(1581), np.int64(462)) ------------
2025-10-20 17:27:27 [TRACE] 【已点击过的坐标】：[(-10, -10), (np.int64(1174), np.int64(461)), (np.int64(1581), np.int64(461)), (np.int64(1988), np.int64(461))]
2025-10-20 17:27:27 [TRACE] 【坐标太近】视为重复
2025-10-20 17:27:27 [TRACE] 【没有通过的坐标】开始下一轮
2025-10-20 17:27:27 [TRACE] 【本轮的坐标】：(np.int64(1582), np.int64(462)) ------------
2025-10-20 17:27:27 [TRACE] 【已点击过的坐标】：[(-10, -10), (np.int64(1174), np.int64(461)), (np.int64(1581), np.int64(461)), (np.int64(1988), np.int64(461))]
2025-10-20 17:27:27 [TRACE] 【坐标太近】视为重复
2025-10-20 17:27:27 [TRACE] 【没有通过的坐标】开始下一轮
2025-10-20 17:27:27 [TRACE] 【本轮的坐标】：(np.int64(1987), np.int64(462)) ------------
2025-10-20 17:27:27 [TRACE] 【已点击过的坐标】：[(-10, -10), (np.int64(1174), np.int64(461)), (np.int64(1581), np.int64(461)), (np.int64(1988), np.int64(461))]
2025-10-20 17:27:27 [TRACE] 【坐标太近】视为重复
2025-10-20 17:27:27 [TRACE] 【没有通过的坐标】开始下一轮
2025-10-20 17:27:27 [TRACE] 【本轮的坐标】：(np.int64(1988), np.int64(462)) ------------
2025-10-20 17:27:27 [TRACE] 【已点击过的坐标】：[(-10, -10), (np.int64(1174), np.int64(461)), (np.int64(1581), np.int64(461)), (np.int64(1988), np.int64(461))]
2025-10-20 17:27:27 [TRACE] 【坐标太近】视为重复
2025-10-20 17:27:27 [TRACE] 【没有通过的坐标】开始下一轮
2025-10-20 17:27:27 [TRACE] 【本轮的坐标】：(np.int64(1989), np.int64(462)) ------------
2025-10-20 17:27:27 [TRACE] 【已点击过的坐标】：[(-10, -10), (np.int64(1174), np.int64(461)), (np.int64(1581), np.int64(461)), (np.int64(1988), np.int64(461))]
2025-10-20 17:27:27 [TRACE] 【坐标太近】视为重复
2025-10-20 17:27:27 [TRACE] 【没有通过的坐标】开始下一轮
2025-10-20 17:27:27 [TRACE] 【本轮的坐标】：(np.int64(1990), np.int64(462)) ------------
2025-10-20 17:27:27 [TRACE] 【已点击过的坐标】：[(-10, -10), (np.int64(1174), np.int64(461)), (np.int64(1581), np.int64(461)), (np.int64(1988), np.int64(461))]
2025-10-20 17:27:27 [TRACE] 【坐标太近】视为重复
2025-10-20 17:27:27 [TRACE] 【没有通过的坐标】开始下一轮
2025-10-20 17:27:27 [TRACE] 【本轮的坐标】：(np.int64(1174), np.int64(463)) ------------
2025-10-20 17:27:27 [TRACE] 【已点击过的坐标】：[(-10, -10), (np.int64(1174), np.int64(461)), (np.int64(1581), np.int64(461)), (np.int64(1988), np.int64(461))]
2025-10-20 17:27:27 [TRACE] 【坐标太近】视为重复
2025-10-20 17:27:27 [TRACE] 【没有通过的坐标】开始下一轮
2025-10-20 17:27:27 [TRACE] 【本轮的坐标】：(np.int64(1581), np.int64(463)) ------------
2025-10-20 17:27:27 [TRACE] 【已点击过的坐标】：[(-10, -10), (np.int64(1174), np.int64(461)), (np.int64(1581), np.int64(461)), (np.int64(1988), np.int64(461))]
2025-10-20 17:27:27 [TRACE] 【坐标太近】视为重复
2025-10-20 17:27:27 [TRACE] 【没有通过的坐标】开始下一轮
2025-10-20 17:27:27 [TRACE] 【本轮的坐标】：(np.int64(1988), np.int64(463)) ------------
2025-10-20 17:27:27 [TRACE] 【已点击过的坐标】：[(-10, -10), (np.int64(1174), np.int64(461)), (np.int64(1581), np.int64(461)), (np.int64(1988), np.int64(461))]
2025-10-20 17:27:27 [TRACE] 【坐标太近】视为重复
2025-10-20 17:27:27 [TRACE] 【没有通过的坐标】开始下一轮
2025-10-20 17:27:27 [TRACE] 【完成所有点击】有效次数：3
2025-10-20 17:27:28 [TRACE] 【目标检测】目标存在，但置信度不足
2025-10-20 17:27:29 [TRACE] 【目标检测】目标存在，但置信度不足
2025-10-20 17:27:30 [TRACE] 【目标检测】目标存在，但置信度不足
2025-10-20 17:27:31 [TRACE] 【目标检测】目标存在，但置信度不足
2025-10-20 17:27:35 [TRACE] 【目标检测】屏幕内没有目标
2025-10-20 17:27:36 [TRACE] 【目标检测】目标存在，但置信度不足
2025-10-20 17:27:37 [TRACE] 【目标检测】目标存在，但置信度不足
2025-10-20 17:27:39 [TRACE] 【空洞监听】无匹配已持续：0秒
2025-10-20 17:27:40 [TRACE] 【目标检测】屏幕内没有目标
2025-10-20 17:27:40 [TRACE] 【状态】搜索模式：C:\Users\gelon\Desktop\ZA-Lite\assets/images/hollow\battle_end_boss.png 置信度：0.9999361634254456
2025-10-20 17:27:42 [TRACE] 【目标检测】屏幕内没有目标
2025-10-20 17:27:44 [TRACE] 【目标检测】屏幕内没有目标
2025-10-20 17:27:45 [TRACE] 【目标检测】屏幕内没有目标
2025-10-20 17:27:47 [TRACE] 【目标检测】屏幕内没有目标
2025-10-20 17:27:48 [TRACE] 【目标检测】屏幕内没有目标
2025-10-20 17:27:51 [TRACE] 【目标检测】屏幕内没有目标
2025-10-20 17:27:52 [TRACE] 【空洞监听】无匹配已持续：0秒
2025-10-20 17:27:52 [TRACE] 【目标检测】TRAPPED！ 类型：interact 置信度：0.9133656024932861
2025-10-20 17:27:58 [TRACE] 【空洞监听】无匹配已持续：5秒
2025-10-20 17:27:59 [TRACE] 【目标检测】屏幕内没有目标
2025-10-20 17:28:00 [TRACE] 【目标检测】屏幕内没有目标
2025-10-20 17:28:02 [TRACE] 【目标检测】屏幕内没有目标
2025-10-20 17:28:03 [TRACE] 【目标检测】屏幕内没有目标
2025-10-20 17:28:04 [TRACE] 【目标检测】屏幕内没有目标
2025-10-20 17:28:07 [TRACE] 【目标检测】屏幕内没有目标
2025-10-20 17:28:08 [TRACE] 【目标检测】TRAPPED！ 类型：interact 置信度：0.9251380562782288
2025-10-20 17:28:15 [TRACE] 【目标检测】屏幕内没有目标
2025-10-20 17:28:17 [TRACE] 【目标检测】屏幕内没有目标
2025-10-20 17:28:18 [TRACE] 【目标检测】屏幕内没有目标
2025-10-20 17:28:19 [TRACE] 【目标检测】屏幕内没有目标
2025-10-20 17:28:20 [TRACE] 【目标检测】屏幕内没有目标
2025-10-20 17:28:23 [TRACE] 【目标检测】屏幕内没有目标
2025-10-20 17:28:24 [TRACE] 【目标检测】屏幕内没有目标
2025-10-20 17:28:25 [TRACE] 【目标检测】屏幕内没有目标
2025-10-20 17:28:27 [TRACE] 【目标检测】屏幕内没有目标
2025-10-20 17:28:28 [TRACE] 【目标检测】屏幕内没有目标
2025-10-20 17:28:32 [TRACE] 【目标检测】TRAPPED！ 类型：interact 置信度：0.9286603927612305
2025-10-20 17:28:36 [TRACE] 【空洞监听】无匹配已持续：0秒
2025-10-20 17:28:39 [TRACE] 【目标检测】屏幕内没有目标
2025-10-20 17:28:40 [TRACE] 【目标检测】屏幕内没有目标
2025-10-20 17:28:41 [TRACE] 【目标检测】屏幕内没有目标
2025-10-20 17:28:43 [TRACE] 【目标检测】屏幕内没有目标
2025-10-20 17:28:44 [TRACE] 【目标检测】屏幕内没有目标
2025-10-20 17:28:48 [TRACE] 【目标检测】TRAPPED！ 类型：interact 置信度：0.9250530004501343
2025-10-20 17:28:55 [TRACE] 【目标检测】屏幕内没有目标
2025-10-20 17:28:57 [TRACE] 【目标检测】屏幕内没有目标
2025-10-20 17:28:58 [TRACE] 【目标检测】屏幕内没有目标
2025-10-20 17:28:59 [TRACE] 【目标检测】TRAPPED！ 类型：interact 置信度：0.9222602248191833
2025-10-20 17:29:06 [TRACE] 【目标检测】TRAPPED！ 类型：interact 置信度：0.8887189030647278
2025-10-20 17:29:08 [TRACE] 【空洞监听】无匹配已持续：0秒
2025-10-20 17:29:13 [TRACE] 【目标检测】屏幕内没有目标
2025-10-20 17:29:14 [TRACE] 【目标检测】屏幕内没有目标
2025-10-20 17:29:14 [TRACE] 【状态】搜索模式：C:\Users\gelon\Desktop\ZA-Lite\assets/images/hollow\gear.png 置信度：0.9997150897979736
2025-10-20 17:29:15 [TRACE] 【目标检测】屏幕内没有目标
2025-10-20 17:29:17 [TRACE] 【目标检测】屏幕内没有目标
2025-10-20 17:29:18 [TRACE] 【目标检测】屏幕内没有目标
2025-10-20 17:29:20 [TRACE] 【目标检测】屏幕内没有目标
2025-10-20 17:29:21 [TRACE] 【状态】搜索模式：C:\Users\gelon\Desktop\ZA-Lite\assets/images/hollow\next_area.png 置信度：0.9999997019767761
2025-10-20 17:29:23 [TRACE] 【目标检测】TRAPPED！ 类型：blue_portal 置信度：0.9553177356719971
2025-10-20 17:29:24 [TRACE] 【状态】搜索模式：C:\Users\gelon\Desktop\ZA-Lite\assets/images/hollow\meter.png 置信度：0.9698967933654785
2025-10-20 17:29:28 [TRACE] 【目标检测】TRAPPED！ 类型：blue_portal 置信度：0.9585073590278625
2025-10-20 17:29:32 [TRACE] 【空洞监听】无匹配已持续：0秒
2025-10-20 17:29:35 [TRACE] 【目标检测】屏幕内没有目标
2025-10-20 17:29:37 [TRACE] 【目标检测】屏幕内没有目标
2025-10-20 17:29:38 [TRACE] 【空洞监听】无匹配已持续：5秒
2025-10-20 17:29:38 [TRACE] 【目标检测】屏幕内没有目标
2025-10-20 17:29:39 [TRACE] 【目标检测】屏幕内没有目标
2025-10-20 17:29:41 [TRACE] 【目标检测】屏幕内没有目标
2025-10-20 17:29:44 [TRACE] 【目标检测】屏幕内没有目标
2025-10-20 17:29:44 [TRACE] 【空洞监听】无匹配已持续：11秒
2025-10-20 17:29:45 [TRACE] 【目标检测】屏幕内没有目标
2025-10-20 17:29:51 [TRACE] 【空洞监听】无匹配已持续：18秒
2025-10-20 17:29:52 [TRACE] 【目标检测】TRAPPED！ 类型：interact 置信度：0.9303643703460693
2025-10-20 17:29:57 [TRACE] 【状态】搜索模式：C:\Users\gelon\Desktop\ZA-Lite\assets/images/hollow\resonium.png 置信度：0.9999998807907104
2025-10-20 17:29:58 [TRACE] 【目标出现】C:\Users\gelon\Desktop\ZA-Lite\assets/images/hollow\resonium.png 置信度：0.9999998807907104
2025-10-20 17:29:58 [TRACE] 【本轮的坐标】：(np.int64(1387), np.int64(441)) ------------
2025-10-20 17:29:58 [TRACE] 【已点击过的坐标】：[(-10, -10)]
2025-10-20 17:29:58 [TRACE] 【成功点击】
2025-10-20 17:29:58 [TRACE] 【本轮的坐标】：(np.int64(1776), np.int64(441)) ------------
2025-10-20 17:29:58 [TRACE] 【已点击过的坐标】：[(-10, -10), (np.int64(1387), np.int64(441))]
2025-10-20 17:29:58 [TRACE] 【成功点击】
2025-10-20 17:29:58 [TRACE] 【目标检测】目标存在，但置信度不足
2025-10-20 17:29:59 [TRACE] 【本轮的坐标】：(np.int64(1777), np.int64(441)) ------------
2025-10-20 17:29:59 [TRACE] 【已点击过的坐标】：[(-10, -10), (np.int64(1387), np.int64(441)), (np.int64(1776), np.int64(441))]
2025-10-20 17:29:59 [TRACE] 【坐标太近】视为重复
2025-10-20 17:29:59 [TRACE] 【没有通过的坐标】开始下一轮
2025-10-20 17:29:59 [TRACE] 【本轮的坐标】：(np.int64(2166), np.int64(441)) ------------
2025-10-20 17:29:59 [TRACE] 【已点击过的坐标】：[(-10, -10), (np.int64(1387), np.int64(441)), (np.int64(1776), np.int64(441))]
2025-10-20 17:29:59 [TRACE] 【成功点击】
2025-10-20 17:30:00 [TRACE] 【目标检测】目标存在，但置信度不足
2025-10-20 17:30:00 [TRACE] 【本轮的坐标】：(np.int64(1386), np.int64(442)) ------------
2025-10-20 17:30:00 [TRACE] 【已点击过的坐标】：[(-10, -10), (np.int64(1387), np.int64(441)), (np.int64(1776), np.int64(441)), (np.int64(2166), np.int64(441))]
2025-10-20 17:30:00 [TRACE] 【坐标太近】视为重复
2025-10-20 17:30:00 [TRACE] 【没有通过的坐标】开始下一轮
2025-10-20 17:30:00 [TRACE] 【本轮的坐标】：(np.int64(1387), np.int64(442)) ------------
2025-10-20 17:30:00 [TRACE] 【已点击过的坐标】：[(-10, -10), (np.int64(1387), np.int64(441)), (np.int64(1776), np.int64(441)), (np.int64(2166), np.int64(441))]
2025-10-20 17:30:00 [TRACE] 【坐标太近】视为重复
2025-10-20 17:30:00 [TRACE] 【没有通过的坐标】开始下一轮
2025-10-20 17:30:00 [TRACE] 【本轮的坐标】：(np.int64(1388), np.int64(442)) ------------
2025-10-20 17:30:00 [TRACE] 【已点击过的坐标】：[(-10, -10), (np.int64(1387), np.int64(441)), (np.int64(1776), np.int64(441)), (np.int64(2166), np.int64(441))]
2025-10-20 17:30:00 [TRACE] 【坐标太近】视为重复
2025-10-20 17:30:00 [TRACE] 【没有通过的坐标】开始下一轮
2025-10-20 17:30:00 [TRACE] 【本轮的坐标】：(np.int64(1775), np.int64(442)) ------------
2025-10-20 17:30:00 [TRACE] 【已点击过的坐标】：[(-10, -10), (np.int64(1387), np.int64(441)), (np.int64(1776), np.int64(441)), (np.int64(2166), np.int64(441))]
2025-10-20 17:30:00 [TRACE] 【坐标太近】视为重复
2025-10-20 17:30:00 [TRACE] 【没有通过的坐标】开始下一轮
2025-10-20 17:30:00 [TRACE] 【本轮的坐标】：(np.int64(1776), np.int64(442)) ------------
2025-10-20 17:30:00 [TRACE] 【已点击过的坐标】：[(-10, -10), (np.int64(1387), np.int64(441)), (np.int64(1776), np.int64(441)), (np.int64(2166), np.int64(441))]
2025-10-20 17:30:00 [TRACE] 【坐标太近】视为重复
2025-10-20 17:30:00 [TRACE] 【没有通过的坐标】开始下一轮
2025-10-20 17:30:00 [TRACE] 【本轮的坐标】：(np.int64(1777), np.int64(442)) ------------
2025-10-20 17:30:00 [TRACE] 【已点击过的坐标】：[(-10, -10), (np.int64(1387), np.int64(441)), (np.int64(1776), np.int64(441)), (np.int64(2166), np.int64(441))]
2025-10-20 17:30:00 [TRACE] 【坐标太近】视为重复
2025-10-20 17:30:00 [TRACE] 【没有通过的坐标】开始下一轮
2025-10-20 17:30:00 [TRACE] 【本轮的坐标】：(np.int64(1778), np.int64(442)) ------------
2025-10-20 17:30:00 [TRACE] 【已点击过的坐标】：[(-10, -10), (np.int64(1387), np.int64(441)), (np.int64(1776), np.int64(441)), (np.int64(2166), np.int64(441))]
2025-10-20 17:30:00 [TRACE] 【坐标太近】视为重复
2025-10-20 17:30:00 [TRACE] 【没有通过的坐标】开始下一轮
2025-10-20 17:30:00 [TRACE] 【本轮的坐标】：(np.int64(2165), np.int64(442)) ------------
2025-10-20 17:30:00 [TRACE] 【已点击过的坐标】：[(-10, -10), (np.int64(1387), np.int64(441)), (np.int64(1776), np.int64(441)), (np.int64(2166), np.int64(441))]
2025-10-20 17:30:00 [TRACE] 【坐标太近】视为重复
2025-10-20 17:30:00 [TRACE] 【没有通过的坐标】开始下一轮
2025-10-20 17:30:00 [TRACE] 【本轮的坐标】：(np.int64(2166), np.int64(442)) ------------
2025-10-20 17:30:00 [TRACE] 【已点击过的坐标】：[(-10, -10), (np.int64(1387), np.int64(441)), (np.int64(1776), np.int64(441)), (np.int64(2166), np.int64(441))]
2025-10-20 17:30:00 [TRACE] 【坐标太近】视为重复
2025-10-20 17:30:00 [TRACE] 【没有通过的坐标】开始下一轮
2025-10-20 17:30:00 [TRACE] 【本轮的坐标】：(np.int64(2167), np.int64(442)) ------------
2025-10-20 17:30:00 [TRACE] 【已点击过的坐标】：[(-10, -10), (np.int64(1387), np.int64(441)), (np.int64(1776), np.int64(441)), (np.int64(2166), np.int64(441))]
2025-10-20 17:30:00 [TRACE] 【坐标太近】视为重复
2025-10-20 17:30:00 [TRACE] 【没有通过的坐标】开始下一轮
2025-10-20 17:30:00 [TRACE] 【本轮的坐标】：(np.int64(1386), np.int64(443)) ------------
2025-10-20 17:30:00 [TRACE] 【已点击过的坐标】：[(-10, -10), (np.int64(1387), np.int64(441)), (np.int64(1776), np.int64(441)), (np.int64(2166), np.int64(441))]
2025-10-20 17:30:00 [TRACE] 【坐标太近】视为重复
2025-10-20 17:30:00 [TRACE] 【没有通过的坐标】开始下一轮
2025-10-20 17:30:00 [TRACE] 【本轮的坐标】：(np.int64(1387), np.int64(443)) ------------
2025-10-20 17:30:00 [TRACE] 【已点击过的坐标】：[(-10, -10), (np.int64(1387), np.int64(441)), (np.int64(1776), np.int64(441)), (np.int64(2166), np.int64(441))]
2025-10-20 17:30:00 [TRACE] 【坐标太近】视为重复
2025-10-20 17:30:00 [TRACE] 【没有通过的坐标】开始下一轮
2025-10-20 17:30:00 [TRACE] 【本轮的坐标】：(np.int64(1776), np.int64(443)) ------------
2025-10-20 17:30:00 [TRACE] 【已点击过的坐标】：[(-10, -10), (np.int64(1387), np.int64(441)), (np.int64(1776), np.int64(441)), (np.int64(2166), np.int64(441))]
2025-10-20 17:30:00 [TRACE] 【坐标太近】视为重复
2025-10-20 17:30:00 [TRACE] 【没有通过的坐标】开始下一轮
2025-10-20 17:30:00 [TRACE] 【本轮的坐标】：(np.int64(2166), np.int64(443)) ------------
2025-10-20 17:30:00 [TRACE] 【已点击过的坐标】：[(-10, -10), (np.int64(1387), np.int64(441)), (np.int64(1776), np.int64(441)), (np.int64(2166), np.int64(441))]
2025-10-20 17:30:00 [TRACE] 【坐标太近】视为重复
2025-10-20 17:30:00 [TRACE] 【没有通过的坐标】开始下一轮
2025-10-20 17:30:00 [TRACE] 【完成所有点击】有效次数：3
2025-10-20 17:30:00 [TRACE] 【状态】搜索模式：C:\Users\gelon\Desktop\ZA-Lite\assets/images/hollow\card.png 置信度：0.986535370349884
2025-10-20 17:30:03 [TRACE] 【目标检测】目标存在，但置信度不足
2025-10-20 17:30:04 [TRACE] 【目标检测】屏幕内没有目标
2025-10-20 17:30:06 [TRACE] 【状态】搜索模式：C:\Users\gelon\Desktop\ZA-Lite\assets/images/hollow\resonium.png 置信度：0.9999998807907104
2025-10-20 17:30:07 [TRACE] 【目标出现】C:\Users\gelon\Desktop\ZA-Lite\assets/images/hollow\resonium.png 置信度：0.9999998807907104
2025-10-20 17:30:07 [TRACE] 【本轮的坐标】：(np.int64(1387), np.int64(441)) ------------
2025-10-20 17:30:07 [TRACE] 【已点击过的坐标】：[(-10, -10)]
2025-10-20 17:30:07 [TRACE] 【成功点击】
2025-10-20 17:30:07 [TRACE] 【本轮的坐标】：(np.int64(1776), np.int64(441)) ------------
2025-10-20 17:30:07 [TRACE] 【已点击过的坐标】：[(-10, -10), (np.int64(1387), np.int64(441))]
2025-10-20 17:30:07 [TRACE] 【成功点击】
2025-10-20 17:30:08 [TRACE] 【目标检测】目标存在，但置信度不足
2025-10-20 17:30:08 [TRACE] 【本轮的坐标】：(np.int64(1777), np.int64(441)) ------------
2025-10-20 17:30:08 [TRACE] 【已点击过的坐标】：[(-10, -10), (np.int64(1387), np.int64(441)), (np.int64(1776), np.int64(441))]
2025-10-20 17:30:08 [TRACE] 【坐标太近】视为重复
2025-10-20 17:30:08 [TRACE] 【没有通过的坐标】开始下一轮
2025-10-20 17:30:08 [TRACE] 【本轮的坐标】：(np.int64(2166), np.int64(441)) ------------
2025-10-20 17:30:08 [TRACE] 【已点击过的坐标】：[(-10, -10), (np.int64(1387), np.int64(441)), (np.int64(1776), np.int64(441))]
2025-10-20 17:30:08 [TRACE] 【成功点击】
2025-10-20 17:30:09 [TRACE] 【本轮的坐标】：(np.int64(1386), np.int64(442)) ------------
2025-10-20 17:30:09 [TRACE] 【已点击过的坐标】：[(-10, -10), (np.int64(1387), np.int64(441)), (np.int64(1776), np.int64(441)), (np.int64(2166), np.int64(441))]
2025-10-20 17:30:09 [TRACE] 【坐标太近】视为重复
2025-10-20 17:30:09 [TRACE] 【没有通过的坐标】开始下一轮
2025-10-20 17:30:09 [TRACE] 【本轮的坐标】：(np.int64(1387), np.int64(442)) ------------
2025-10-20 17:30:09 [TRACE] 【已点击过的坐标】：[(-10, -10), (np.int64(1387), np.int64(441)), (np.int64(1776), np.int64(441)), (np.int64(2166), np.int64(441))]
2025-10-20 17:30:09 [TRACE] 【坐标太近】视为重复
2025-10-20 17:30:09 [TRACE] 【没有通过的坐标】开始下一轮
2025-10-20 17:30:09 [TRACE] 【本轮的坐标】：(np.int64(1388), np.int64(442)) ------------
2025-10-20 17:30:09 [TRACE] 【已点击过的坐标】：[(-10, -10), (np.int64(1387), np.int64(441)), (np.int64(1776), np.int64(441)), (np.int64(2166), np.int64(441))]
2025-10-20 17:30:09 [TRACE] 【坐标太近】视为重复
2025-10-20 17:30:09 [TRACE] 【没有通过的坐标】开始下一轮
2025-10-20 17:30:09 [TRACE] 【本轮的坐标】：(np.int64(1775), np.int64(442)) ------------
2025-10-20 17:30:09 [TRACE] 【已点击过的坐标】：[(-10, -10), (np.int64(1387), np.int64(441)), (np.int64(1776), np.int64(441)), (np.int64(2166), np.int64(441))]
2025-10-20 17:30:09 [TRACE] 【坐标太近】视为重复
2025-10-20 17:30:09 [TRACE] 【没有通过的坐标】开始下一轮
2025-10-20 17:30:09 [TRACE] 【本轮的坐标】：(np.int64(1776), np.int64(442)) ------------
2025-10-20 17:30:09 [TRACE] 【已点击过的坐标】：[(-10, -10), (np.int64(1387), np.int64(441)), (np.int64(1776), np.int64(441)), (np.int64(2166), np.int64(441))]
2025-10-20 17:30:09 [TRACE] 【坐标太近】视为重复
2025-10-20 17:30:09 [TRACE] 【没有通过的坐标】开始下一轮
2025-10-20 17:30:09 [TRACE] 【本轮的坐标】：(np.int64(1777), np.int64(442)) ------------
2025-10-20 17:30:09 [TRACE] 【已点击过的坐标】：[(-10, -10), (np.int64(1387), np.int64(441)), (np.int64(1776), np.int64(441)), (np.int64(2166), np.int64(441))]
2025-10-20 17:30:09 [TRACE] 【坐标太近】视为重复
2025-10-20 17:30:09 [TRACE] 【没有通过的坐标】开始下一轮
2025-10-20 17:30:09 [TRACE] 【本轮的坐标】：(np.int64(1778), np.int64(442)) ------------
2025-10-20 17:30:09 [TRACE] 【已点击过的坐标】：[(-10, -10), (np.int64(1387), np.int64(441)), (np.int64(1776), np.int64(441)), (np.int64(2166), np.int64(441))]
2025-10-20 17:30:09 [TRACE] 【坐标太近】视为重复
2025-10-20 17:30:09 [TRACE] 【没有通过的坐标】开始下一轮
2025-10-20 17:30:09 [TRACE] 【本轮的坐标】：(np.int64(2165), np.int64(442)) ------------
2025-10-20 17:30:09 [TRACE] 【已点击过的坐标】：[(-10, -10), (np.int64(1387), np.int64(441)), (np.int64(1776), np.int64(441)), (np.int64(2166), np.int64(441))]
2025-10-20 17:30:09 [TRACE] 【坐标太近】视为重复
2025-10-20 17:30:09 [TRACE] 【没有通过的坐标】开始下一轮
2025-10-20 17:30:09 [TRACE] 【本轮的坐标】：(np.int64(2166), np.int64(442)) ------------
2025-10-20 17:30:09 [TRACE] 【已点击过的坐标】：[(-10, -10), (np.int64(1387), np.int64(441)), (np.int64(1776), np.int64(441)), (np.int64(2166), np.int64(441))]
2025-10-20 17:30:09 [TRACE] 【坐标太近】视为重复
2025-10-20 17:30:09 [TRACE] 【没有通过的坐标】开始下一轮
2025-10-20 17:30:09 [TRACE] 【本轮的坐标】：(np.int64(2167), np.int64(442)) ------------
2025-10-20 17:30:09 [TRACE] 【已点击过的坐标】：[(-10, -10), (np.int64(1387), np.int64(441)), (np.int64(1776), np.int64(441)), (np.int64(2166), np.int64(441))]
2025-10-20 17:30:09 [TRACE] 【坐标太近】视为重复
2025-10-20 17:30:09 [TRACE] 【没有通过的坐标】开始下一轮
2025-10-20 17:30:09 [TRACE] 【本轮的坐标】：(np.int64(1386), np.int64(443)) ------------
2025-10-20 17:30:09 [TRACE] 【已点击过的坐标】：[(-10, -10), (np.int64(1387), np.int64(441)), (np.int64(1776), np.int64(441)), (np.int64(2166), np.int64(441))]
2025-10-20 17:30:09 [TRACE] 【坐标太近】视为重复
2025-10-20 17:30:09 [TRACE] 【没有通过的坐标】开始下一轮
2025-10-20 17:30:09 [TRACE] 【本轮的坐标】：(np.int64(1387), np.int64(443)) ------------
2025-10-20 17:30:09 [TRACE] 【已点击过的坐标】：[(-10, -10), (np.int64(1387), np.int64(441)), (np.int64(1776), np.int64(441)), (np.int64(2166), np.int64(441))]
2025-10-20 17:30:09 [TRACE] 【坐标太近】视为重复
2025-10-20 17:30:09 [TRACE] 【没有通过的坐标】开始下一轮
2025-10-20 17:30:09 [TRACE] 【本轮的坐标】：(np.int64(1776), np.int64(443)) ------------
2025-10-20 17:30:09 [TRACE] 【已点击过的坐标】：[(-10, -10), (np.int64(1387), np.int64(441)), (np.int64(1776), np.int64(441)), (np.int64(2166), np.int64(441))]
2025-10-20 17:30:09 [TRACE] 【坐标太近】视为重复
2025-10-20 17:30:09 [TRACE] 【没有通过的坐标】开始下一轮
2025-10-20 17:30:09 [TRACE] 【本轮的坐标】：(np.int64(2166), np.int64(443)) ------------
2025-10-20 17:30:09 [TRACE] 【已点击过的坐标】：[(-10, -10), (np.int64(1387), np.int64(441)), (np.int64(1776), np.int64(441)), (np.int64(2166), np.int64(441))]
2025-10-20 17:30:09 [TRACE] 【坐标太近】视为重复
2025-10-20 17:30:09 [TRACE] 【没有通过的坐标】开始下一轮
2025-10-20 17:30:09 [TRACE] 【完成所有点击】有效次数：3
2025-10-20 17:30:09 [TRACE] 【状态】搜索模式：C:\Users\gelon\Desktop\ZA-Lite\assets/images/hollow\card.png 置信度：0.986535906791687
2025-10-20 17:30:10 [TRACE] 【目标检测】微调超时，无法对齐！
2025-10-20 17:30:12 [TRACE] 【目标检测】目标存在，但置信度不足
2025-10-20 17:30:14 [TRACE] 【目标检测】屏幕内没有目标
2025-10-20 17:30:21 [TRACE] 【目标检测】微调超时，无法对齐！
2025-10-20 17:30:22 [TRACE] 【空洞监听】无匹配已持续：0秒
2025-10-20 17:30:28 [TRACE] 【目标检测】TRAPPED！ 类型：guide_point 置信度：0.9397710561752319
2025-10-20 17:30:28 [TRACE] 【空洞监听】无匹配已持续：6秒
2025-10-20 17:30:33 [TRACE] 【状态】搜索模式：C:\Users\gelon\Desktop\ZA-Lite\assets/images/hollow\meter.png 置信度：0.9420536756515503
2025-10-20 17:30:39 [TRACE] 【状态】搜索模式：C:\Users\gelon\Desktop\ZA-Lite\assets/images/hollow\meter.png 置信度：0.9237967133522034
2025-10-20 17:30:39 [TRACE] 【目标检测】TRAPPED！ 类型：blue_portal 置信度：0.7442951202392578
2025-10-20 17:30:46 [TRACE] 【目标检测】TRAPPED！ 类型：blue_portal 置信度：0.9347574710845947
2025-10-20 17:30:48 [TRACE] 【空洞监听】无匹配已持续：0秒
2025-10-20 17:30:53 [TRACE] 【目标检测】屏幕内没有目标
2025-10-20 17:30:55 [TRACE] 【目标检测】目标存在，但置信度不足
2025-10-20 17:30:56 [TRACE] 【目标检测】目标存在，但置信度不足
2025-10-20 17:30:58 [TRACE] 【目标检测】屏幕内没有目标
2025-10-20 17:30:58 [TRACE] 【状态】战斗模式：C:\Users\gelon\Desktop\ZA-Lite\assets/images/hollow\battle_3.png 置信度：0.9999995827674866
2025-10-20 17:31:08 [TRACE] 【空洞监听】无匹配已持续：0秒
2025-10-20 17:31:14 [TRACE] 【空洞监听】无匹配已持续：6秒
2025-10-20 17:31:21 [TRACE] 【空洞监听】无匹配已持续：12秒
2025-10-20 17:31:24 [TRACE] 【状态】战斗模式：C:\Users\gelon\Desktop\ZA-Lite\assets/images/hollow\battle_5.png 置信度：0.9919567704200745
2025-10-20 17:31:33 [TRACE] 【空洞监听】无匹配已持续：0秒
2025-10-20 17:31:40 [TRACE] 【状态】搜索模式：C:\Users\gelon\Desktop\ZA-Lite\assets/images/hollow\resonium.png 置信度：0.9999998807907104
2025-10-20 17:31:40 [TRACE] 【目标出现】C:\Users\gelon\Desktop\ZA-Lite\assets/images/hollow\resonium.png 置信度：0.9999998807907104
2025-10-20 17:31:40 [TRACE] 【本轮的坐标】：(np.int64(971), np.int64(461)) ------------
2025-10-20 17:31:40 [TRACE] 【已点击过的坐标】：[(-10, -10)]
2025-10-20 17:31:40 [TRACE] 【成功点击】
2025-10-20 17:31:41 [TRACE] 【本轮的坐标】：(np.int64(1378), np.int64(461)) ------------
2025-10-20 17:31:41 [TRACE] 【已点击过的坐标】：[(-10, -10), (np.int64(971), np.int64(461))]
2025-10-20 17:31:41 [TRACE] 【成功点击】
2025-10-20 17:31:42 [TRACE] 【本轮的坐标】：(np.int64(1785), np.int64(461)) ------------
2025-10-20 17:31:42 [TRACE] 【已点击过的坐标】：[(-10, -10), (np.int64(971), np.int64(461)), (np.int64(1378), np.int64(461))]
2025-10-20 17:31:42 [TRACE] 【成功点击】
2025-10-20 17:31:43 [TRACE] 【本轮的坐标】：(np.int64(1786), np.int64(461)) ------------
2025-10-20 17:31:43 [TRACE] 【已点击过的坐标】：[(-10, -10), (np.int64(971), np.int64(461)), (np.int64(1378), np.int64(461)), (np.int64(1785), np.int64(461))]
2025-10-20 17:31:43 [TRACE] 【坐标太近】视为重复
2025-10-20 17:31:43 [TRACE] 【没有通过的坐标】开始下一轮
2025-10-20 17:31:43 [TRACE] 【本轮的坐标】：(np.int64(2192), np.int64(461)) ------------
2025-10-20 17:31:43 [TRACE] 【已点击过的坐标】：[(-10, -10), (np.int64(971), np.int64(461)), (np.int64(1378), np.int64(461)), (np.int64(1785), np.int64(461))]
2025-10-20 17:31:43 [TRACE] 【成功点击】
2025-10-20 17:31:43 [TRACE] 【本轮的坐标】：(np.int64(2193), np.int64(461)) ------------
2025-10-20 17:31:43 [TRACE] 【已点击过的坐标】：[(-10, -10), (np.int64(971), np.int64(461)), (np.int64(1378), np.int64(461)), (np.int64(1785), np.int64(461)), (np.int64(2192), np.int64(461))]
2025-10-20 17:31:43 [TRACE] 【坐标太近】视为重复
2025-10-20 17:31:43 [TRACE] 【没有通过的坐标】开始下一轮
2025-10-20 17:31:43 [TRACE] 【本轮的坐标】：(np.int64(970), np.int64(462)) ------------
2025-10-20 17:31:43 [TRACE] 【已点击过的坐标】：[(-10, -10), (np.int64(971), np.int64(461)), (np.int64(1378), np.int64(461)), (np.int64(1785), np.int64(461)), (np.int64(2192), np.int64(461))]
2025-10-20 17:31:43 [TRACE] 【坐标太近】视为重复
2025-10-20 17:31:43 [TRACE] 【没有通过的坐标】开始下一轮
2025-10-20 17:31:43 [TRACE] 【本轮的坐标】：(np.int64(971), np.int64(462)) ------------
2025-10-20 17:31:43 [TRACE] 【已点击过的坐标】：[(-10, -10), (np.int64(971), np.int64(461)), (np.int64(1378), np.int64(461)), (np.int64(1785), np.int64(461)), (np.int64(2192), np.int64(461))]
2025-10-20 17:31:43 [TRACE] 【坐标太近】视为重复
2025-10-20 17:31:43 [TRACE] 【没有通过的坐标】开始下一轮
2025-10-20 17:31:43 [TRACE] 【本轮的坐标】：(np.int64(972), np.int64(462)) ------------
2025-10-20 17:31:43 [TRACE] 【已点击过的坐标】：[(-10, -10), (np.int64(971), np.int64(461)), (np.int64(1378), np.int64(461)), (np.int64(1785), np.int64(461)), (np.int64(2192), np.int64(461))]
2025-10-20 17:31:43 [TRACE] 【坐标太近】视为重复
2025-10-20 17:31:43 [TRACE] 【没有通过的坐标】开始下一轮
2025-10-20 17:31:43 [TRACE] 【本轮的坐标】：(np.int64(1377), np.int64(462)) ------------
2025-10-20 17:31:43 [TRACE] 【已点击过的坐标】：[(-10, -10), (np.int64(971), np.int64(461)), (np.int64(1378), np.int64(461)), (np.int64(1785), np.int64(461)), (np.int64(2192), np.int64(461))]
2025-10-20 17:31:43 [TRACE] 【坐标太近】视为重复
2025-10-20 17:31:43 [TRACE] 【没有通过的坐标】开始下一轮
2025-10-20 17:31:43 [TRACE] 【本轮的坐标】：(np.int64(1378), np.int64(462)) ------------
2025-10-20 17:31:43 [TRACE] 【已点击过的坐标】：[(-10, -10), (np.int64(971), np.int64(461)), (np.int64(1378), np.int64(461)), (np.int64(1785), np.int64(461)), (np.int64(2192), np.int64(461))]
2025-10-20 17:31:43 [TRACE] 【坐标太近】视为重复
2025-10-20 17:31:43 [TRACE] 【没有通过的坐标】开始下一轮
2025-10-20 17:31:43 [TRACE] 【本轮的坐标】：(np.int64(1379), np.int64(462)) ------------
2025-10-20 17:31:43 [TRACE] 【已点击过的坐标】：[(-10, -10), (np.int64(971), np.int64(461)), (np.int64(1378), np.int64(461)), (np.int64(1785), np.int64(461)), (np.int64(2192), np.int64(461))]
2025-10-20 17:31:43 [TRACE] 【坐标太近】视为重复
2025-10-20 17:31:43 [TRACE] 【没有通过的坐标】开始下一轮
2025-10-20 17:31:43 [TRACE] 【本轮的坐标】：(np.int64(1784), np.int64(462)) ------------
2025-10-20 17:31:43 [TRACE] 【已点击过的坐标】：[(-10, -10), (np.int64(971), np.int64(461)), (np.int64(1378), np.int64(461)), (np.int64(1785), np.int64(461)), (np.int64(2192), np.int64(461))]
2025-10-20 17:31:43 [TRACE] 【坐标太近】视为重复
2025-10-20 17:31:43 [TRACE] 【没有通过的坐标】开始下一轮
2025-10-20 17:31:43 [TRACE] 【本轮的坐标】：(np.int64(1785), np.int64(462)) ------------
2025-10-20 17:31:43 [TRACE] 【已点击过的坐标】：[(-10, -10), (np.int64(971), np.int64(461)), (np.int64(1378), np.int64(461)), (np.int64(1785), np.int64(461)), (np.int64(2192), np.int64(461))]
2025-10-20 17:31:43 [TRACE] 【坐标太近】视为重复
2025-10-20 17:31:43 [TRACE] 【没有通过的坐标】开始下一轮
2025-10-20 17:31:43 [TRACE] 【本轮的坐标】：(np.int64(1786), np.int64(462)) ------------
2025-10-20 17:31:43 [TRACE] 【已点击过的坐标】：[(-10, -10), (np.int64(971), np.int64(461)), (np.int64(1378), np.int64(461)), (np.int64(1785), np.int64(461)), (np.int64(2192), np.int64(461))]
2025-10-20 17:31:43 [TRACE] 【坐标太近】视为重复
2025-10-20 17:31:43 [TRACE] 【没有通过的坐标】开始下一轮
2025-10-20 17:31:43 [TRACE] 【本轮的坐标】：(np.int64(2191), np.int64(462)) ------------
2025-10-20 17:31:43 [TRACE] 【已点击过的坐标】：[(-10, -10), (np.int64(971), np.int64(461)), (np.int64(1378), np.int64(461)), (np.int64(1785), np.int64(461)), (np.int64(2192), np.int64(461))]
2025-10-20 17:31:43 [TRACE] 【坐标太近】视为重复
2025-10-20 17:31:43 [TRACE] 【没有通过的坐标】开始下一轮
2025-10-20 17:31:43 [TRACE] 【本轮的坐标】：(np.int64(2192), np.int64(462)) ------------
2025-10-20 17:31:43 [TRACE] 【已点击过的坐标】：[(-10, -10), (np.int64(971), np.int64(461)), (np.int64(1378), np.int64(461)), (np.int64(1785), np.int64(461)), (np.int64(2192), np.int64(461))]
2025-10-20 17:31:43 [TRACE] 【坐标太近】视为重复
2025-10-20 17:31:43 [TRACE] 【没有通过的坐标】开始下一轮
2025-10-20 17:31:43 [TRACE] 【本轮的坐标】：(np.int64(2193), np.int64(462)) ------------
2025-10-20 17:31:43 [TRACE] 【已点击过的坐标】：[(-10, -10), (np.int64(971), np.int64(461)), (np.int64(1378), np.int64(461)), (np.int64(1785), np.int64(461)), (np.int64(2192), np.int64(461))]
2025-10-20 17:31:43 [TRACE] 【坐标太近】视为重复
2025-10-20 17:31:43 [TRACE] 【没有通过的坐标】开始下一轮
2025-10-20 17:31:43 [TRACE] 【本轮的坐标】：(np.int64(2194), np.int64(462)) ------------
2025-10-20 17:31:43 [TRACE] 【已点击过的坐标】：[(-10, -10), (np.int64(971), np.int64(461)), (np.int64(1378), np.int64(461)), (np.int64(1785), np.int64(461)), (np.int64(2192), np.int64(461))]
2025-10-20 17:31:43 [TRACE] 【坐标太近】视为重复
2025-10-20 17:31:43 [TRACE] 【没有通过的坐标】开始下一轮
2025-10-20 17:31:43 [TRACE] 【本轮的坐标】：(np.int64(970), np.int64(463)) ------------
2025-10-20 17:31:43 [TRACE] 【已点击过的坐标】：[(-10, -10), (np.int64(971), np.int64(461)), (np.int64(1378), np.int64(461)), (np.int64(1785), np.int64(461)), (np.int64(2192), np.int64(461))]
2025-10-20 17:31:43 [TRACE] 【坐标太近】视为重复
2025-10-20 17:31:43 [TRACE] 【没有通过的坐标】开始下一轮
2025-10-20 17:31:43 [TRACE] 【本轮的坐标】：(np.int64(971), np.int64(463)) ------------
2025-10-20 17:31:43 [TRACE] 【已点击过的坐标】：[(-10, -10), (np.int64(971), np.int64(461)), (np.int64(1378), np.int64(461)), (np.int64(1785), np.int64(461)), (np.int64(2192), np.int64(461))]
2025-10-20 17:31:43 [TRACE] 【坐标太近】视为重复
2025-10-20 17:31:43 [TRACE] 【没有通过的坐标】开始下一轮
2025-10-20 17:31:43 [TRACE] 【本轮的坐标】：(np.int64(1378), np.int64(463)) ------------
2025-10-20 17:31:43 [TRACE] 【已点击过的坐标】：[(-10, -10), (np.int64(971), np.int64(461)), (np.int64(1378), np.int64(461)), (np.int64(1785), np.int64(461)), (np.int64(2192), np.int64(461))]
2025-10-20 17:31:43 [TRACE] 【坐标太近】视为重复
2025-10-20 17:31:43 [TRACE] 【没有通过的坐标】开始下一轮
2025-10-20 17:31:43 [TRACE] 【本轮的坐标】：(np.int64(1785), np.int64(463)) ------------
2025-10-20 17:31:43 [TRACE] 【已点击过的坐标】：[(-10, -10), (np.int64(971), np.int64(461)), (np.int64(1378), np.int64(461)), (np.int64(1785), np.int64(461)), (np.int64(2192), np.int64(461))]
2025-10-20 17:31:43 [TRACE] 【坐标太近】视为重复
2025-10-20 17:31:43 [TRACE] 【没有通过的坐标】开始下一轮
2025-10-20 17:31:43 [TRACE] 【本轮的坐标】：(np.int64(2192), np.int64(463)) ------------
2025-10-20 17:31:43 [TRACE] 【已点击过的坐标】：[(-10, -10), (np.int64(971), np.int64(461)), (np.int64(1378), np.int64(461)), (np.int64(1785), np.int64(461)), (np.int64(2192), np.int64(461))]
2025-10-20 17:31:43 [TRACE] 【坐标太近】视为重复
2025-10-20 17:31:43 [TRACE] 【没有通过的坐标】开始下一轮
2025-10-20 17:31:43 [TRACE] 【完成所有点击】有效次数：4
2025-10-20 17:31:47 [TRACE] 【目标检测】微调超时，无法对齐！
2025-10-20 17:31:50 [TRACE] 【目标检测】目标存在，但置信度不足
2025-10-20 17:31:51 [TRACE] 【状态】搜索模式：C:\Users\gelon\Desktop\ZA-Lite\assets/images/hollow\next_area.png 置信度：0.9999994039535522
2025-10-20 17:31:57 [TRACE] 【目标检测】微调超时，无法对齐！
2025-10-20 17:32:02 [TRACE] 【空洞监听】无匹配已持续：0秒
2025-10-20 17:32:03 [TRACE] 【目标检测】TRAPPED！ 类型：guide_point 置信度：0.9334504008293152
2025-10-20 17:32:08 [TRACE] 【空洞监听】无匹配已持续：5秒
2025-10-20 17:32:10 [TRACE] 【目标检测】屏幕内没有目标
2025-10-20 17:32:11 [TRACE] 【目标检测】屏幕内没有目标
2025-10-20 17:32:13 [TRACE] 【目标检测】屏幕内没有目标
2025-10-20 17:32:14 [TRACE] 【目标检测】屏幕内没有目标
2025-10-20 17:32:15 [TRACE] 【空洞监听】无匹配已持续：12秒
2025-10-20 17:32:19 [TRACE] 【目标检测】TRAPPED！ 类型：blue_portal 置信度：0.944088876247406
2025-10-20 17:32:21 [TRACE] 【空洞监听】无匹配已持续：18秒
2025-10-20 17:32:27 [TRACE] 【空洞监听】无匹配已持续：24秒
2025-10-20 17:32:28 [TRACE] 【目标检测】TRAPPED！ 类型：interact 置信度：0.9168958067893982
2025-10-20 17:32:32 [TRACE] 【目标检测】屏幕内没有目标
2025-10-20 17:32:33 [TRACE] 【目标检测】屏幕内没有目标
2025-10-20 17:32:34 [TRACE] 【空洞监听】无匹配已持续：31秒
2025-10-20 17:32:35 [TRACE] 【目标检测】屏幕内没有目标
2025-10-20 17:32:36 [TRACE] 【目标检测】目标存在，但置信度不足
2025-10-20 17:32:37 [TRACE] 【目标检测】屏幕内没有目标
2025-10-20 17:32:39 [TRACE] 【目标检测】屏幕内没有目标
2025-10-20 17:32:40 [TRACE] 【空洞监听】无匹配已持续：37秒
2025-10-20 17:32:42 [TRACE] 【目标检测】屏幕内没有目标
2025-10-20 17:32:43 [TRACE] 【目标检测】目标存在，但置信度不足
2025-10-20 17:32:45 [TRACE] 【目标检测】目标存在，但置信度不足
2025-10-20 17:32:46 [TRACE] 【目标检测】屏幕内没有目标
2025-10-20 17:32:46 [TRACE] 【空洞监听】无匹配已持续：43秒
2025-10-20 17:32:48 [TRACE] 【目标检测】屏幕内没有目标
2025-10-20 17:32:49 [TRACE] 【目标检测】屏幕内没有目标
2025-10-20 17:32:51 [TRACE] 【目标检测】屏幕内没有目标
2025-10-20 17:32:52 [TRACE] 【空洞监听】无匹配已持续：50秒
2025-10-20 17:32:53 [TRACE] 【目标检测】屏幕内没有目标
2025-10-20 17:32:55 [TRACE] 【目标检测】目标存在，但置信度不足
2025-10-20 17:32:56 [TRACE] 【目标检测】屏幕内没有目标
2025-10-20 17:32:58 [TRACE] 【目标检测】屏幕内没有目标
2025-10-20 17:32:59 [TRACE] 【空洞监听】无匹配已持续：56秒
2025-10-20 17:32:59 [TRACE] 【目标检测】屏幕内没有目标
2025-10-20 17:33:00 [TRACE] 【目标检测】屏幕内没有目标
2025-10-20 17:33:03 [TRACE] 【目标检测】屏幕内没有目标
2025-10-20 17:33:04 [TRACE] 【目标检测】屏幕内没有目标
2025-10-20 17:33:05 [TRACE] 【空洞监听】无匹配已持续：62秒
2025-10-20 17:33:05 [TRACE] 【空洞监听】即将超时，重启搜索线程
2025-10-20 17:33:06 [TRACE] 【目标检测】屏幕内没有目标
2025-10-20 17:33:07 [TRACE] 【目标检测】屏幕内没有目标
2025-10-20 17:33:08 [TRACE] 【目标检测】屏幕内没有目标
2025-10-20 17:33:12 [TRACE] 【空洞监听】无匹配已持续：69秒
2025-10-20 17:33:12 [TRACE] 【空洞监听】即将超时，重启搜索线程
2025-10-20 17:33:14 [TRACE] 【目标检测】TRAPPED！ 类型：interact 置信度：0.9497345089912415
2025-10-20 17:33:19 [TRACE] 【状态】搜索模式：C:\Users\gelon\Desktop\ZA-Lite\assets/images/hollow\resonium.png 置信度：0.9999996423721313
2025-10-20 17:33:19 [TRACE] 【目标出现】C:\Users\gelon\Desktop\ZA-Lite\assets/images/hollow\resonium.png 置信度：0.9999996423721313
2025-10-20 17:33:19 [TRACE] 【本轮的坐标】：(np.int64(1387), np.int64(441)) ------------
2025-10-20 17:33:19 [TRACE] 【已点击过的坐标】：[(-10, -10)]
2025-10-20 17:33:19 [TRACE] 【成功点击】
2025-10-20 17:33:20 [TRACE] 【本轮的坐标】：(np.int64(1776), np.int64(441)) ------------
2025-10-20 17:33:20 [TRACE] 【已点击过的坐标】：[(-10, -10), (np.int64(1387), np.int64(441))]
2025-10-20 17:33:20 [TRACE] 【成功点击】
2025-10-20 17:33:20 [TRACE] 【本轮的坐标】：(np.int64(1777), np.int64(441)) ------------
2025-10-20 17:33:20 [TRACE] 【已点击过的坐标】：[(-10, -10), (np.int64(1387), np.int64(441)), (np.int64(1776), np.int64(441))]
2025-10-20 17:33:20 [TRACE] 【坐标太近】视为重复
2025-10-20 17:33:20 [TRACE] 【没有通过的坐标】开始下一轮
2025-10-20 17:33:20 [TRACE] 【本轮的坐标】：(np.int64(2166), np.int64(441)) ------------
2025-10-20 17:33:20 [TRACE] 【已点击过的坐标】：[(-10, -10), (np.int64(1387), np.int64(441)), (np.int64(1776), np.int64(441))]
2025-10-20 17:33:20 [TRACE] 【成功点击】
2025-10-20 17:33:21 [TRACE] 【本轮的坐标】：(np.int64(1386), np.int64(442)) ------------
2025-10-20 17:33:21 [TRACE] 【已点击过的坐标】：[(-10, -10), (np.int64(1387), np.int64(441)), (np.int64(1776), np.int64(441)), (np.int64(2166), np.int64(441))]
2025-10-20 17:33:21 [TRACE] 【坐标太近】视为重复
2025-10-20 17:33:21 [TRACE] 【没有通过的坐标】开始下一轮
2025-10-20 17:33:21 [TRACE] 【本轮的坐标】：(np.int64(1387), np.int64(442)) ------------
2025-10-20 17:33:21 [TRACE] 【已点击过的坐标】：[(-10, -10), (np.int64(1387), np.int64(441)), (np.int64(1776), np.int64(441)), (np.int64(2166), np.int64(441))]
2025-10-20 17:33:21 [TRACE] 【坐标太近】视为重复
2025-10-20 17:33:21 [TRACE] 【没有通过的坐标】开始下一轮
2025-10-20 17:33:21 [TRACE] 【本轮的坐标】：(np.int64(1388), np.int64(442)) ------------
2025-10-20 17:33:21 [TRACE] 【已点击过的坐标】：[(-10, -10), (np.int64(1387), np.int64(441)), (np.int64(1776), np.int64(441)), (np.int64(2166), np.int64(441))]
2025-10-20 17:33:21 [TRACE] 【坐标太近】视为重复
2025-10-20 17:33:21 [TRACE] 【没有通过的坐标】开始下一轮
2025-10-20 17:33:21 [TRACE] 【本轮的坐标】：(np.int64(1775), np.int64(442)) ------------
2025-10-20 17:33:21 [TRACE] 【已点击过的坐标】：[(-10, -10), (np.int64(1387), np.int64(441)), (np.int64(1776), np.int64(441)), (np.int64(2166), np.int64(441))]
2025-10-20 17:33:21 [TRACE] 【坐标太近】视为重复
2025-10-20 17:33:21 [TRACE] 【没有通过的坐标】开始下一轮
2025-10-20 17:33:21 [TRACE] 【本轮的坐标】：(np.int64(1776), np.int64(442)) ------------
2025-10-20 17:33:21 [TRACE] 【已点击过的坐标】：[(-10, -10), (np.int64(1387), np.int64(441)), (np.int64(1776), np.int64(441)), (np.int64(2166), np.int64(441))]
2025-10-20 17:33:21 [TRACE] 【坐标太近】视为重复
2025-10-20 17:33:21 [TRACE] 【没有通过的坐标】开始下一轮
2025-10-20 17:33:21 [TRACE] 【本轮的坐标】：(np.int64(1777), np.int64(442)) ------------
2025-10-20 17:33:21 [TRACE] 【已点击过的坐标】：[(-10, -10), (np.int64(1387), np.int64(441)), (np.int64(1776), np.int64(441)), (np.int64(2166), np.int64(441))]
2025-10-20 17:33:21 [TRACE] 【坐标太近】视为重复
2025-10-20 17:33:21 [TRACE] 【没有通过的坐标】开始下一轮
2025-10-20 17:33:21 [TRACE] 【本轮的坐标】：(np.int64(1778), np.int64(442)) ------------
2025-10-20 17:33:21 [TRACE] 【已点击过的坐标】：[(-10, -10), (np.int64(1387), np.int64(441)), (np.int64(1776), np.int64(441)), (np.int64(2166), np.int64(441))]
2025-10-20 17:33:21 [TRACE] 【坐标太近】视为重复
2025-10-20 17:33:21 [TRACE] 【没有通过的坐标】开始下一轮
2025-10-20 17:33:21 [TRACE] 【本轮的坐标】：(np.int64(2165), np.int64(442)) ------------
2025-10-20 17:33:21 [TRACE] 【已点击过的坐标】：[(-10, -10), (np.int64(1387), np.int64(441)), (np.int64(1776), np.int64(441)), (np.int64(2166), np.int64(441))]
2025-10-20 17:33:21 [TRACE] 【坐标太近】视为重复
2025-10-20 17:33:21 [TRACE] 【没有通过的坐标】开始下一轮
2025-10-20 17:33:21 [TRACE] 【本轮的坐标】：(np.int64(2166), np.int64(442)) ------------
2025-10-20 17:33:21 [TRACE] 【已点击过的坐标】：[(-10, -10), (np.int64(1387), np.int64(441)), (np.int64(1776), np.int64(441)), (np.int64(2166), np.int64(441))]
2025-10-20 17:33:21 [TRACE] 【坐标太近】视为重复
2025-10-20 17:33:21 [TRACE] 【没有通过的坐标】开始下一轮
2025-10-20 17:33:21 [TRACE] 【本轮的坐标】：(np.int64(2167), np.int64(442)) ------------
2025-10-20 17:33:21 [TRACE] 【已点击过的坐标】：[(-10, -10), (np.int64(1387), np.int64(441)), (np.int64(1776), np.int64(441)), (np.int64(2166), np.int64(441))]
2025-10-20 17:33:21 [TRACE] 【坐标太近】视为重复
2025-10-20 17:33:21 [TRACE] 【没有通过的坐标】开始下一轮
2025-10-20 17:33:21 [TRACE] 【本轮的坐标】：(np.int64(1386), np.int64(443)) ------------
2025-10-20 17:33:21 [TRACE] 【已点击过的坐标】：[(-10, -10), (np.int64(1387), np.int64(441)), (np.int64(1776), np.int64(441)), (np.int64(2166), np.int64(441))]
2025-10-20 17:33:21 [TRACE] 【坐标太近】视为重复
2025-10-20 17:33:21 [TRACE] 【没有通过的坐标】开始下一轮
2025-10-20 17:33:21 [TRACE] 【本轮的坐标】：(np.int64(1387), np.int64(443)) ------------
2025-10-20 17:33:21 [TRACE] 【已点击过的坐标】：[(-10, -10), (np.int64(1387), np.int64(441)), (np.int64(1776), np.int64(441)), (np.int64(2166), np.int64(441))]
2025-10-20 17:33:21 [TRACE] 【坐标太近】视为重复
2025-10-20 17:33:21 [TRACE] 【没有通过的坐标】开始下一轮
2025-10-20 17:33:21 [TRACE] 【本轮的坐标】：(np.int64(1776), np.int64(443)) ------------
2025-10-20 17:33:21 [TRACE] 【已点击过的坐标】：[(-10, -10), (np.int64(1387), np.int64(441)), (np.int64(1776), np.int64(441)), (np.int64(2166), np.int64(441))]
2025-10-20 17:33:21 [TRACE] 【坐标太近】视为重复
2025-10-20 17:33:21 [TRACE] 【没有通过的坐标】开始下一轮
2025-10-20 17:33:21 [TRACE] 【本轮的坐标】：(np.int64(2166), np.int64(443)) ------------
2025-10-20 17:33:21 [TRACE] 【已点击过的坐标】：[(-10, -10), (np.int64(1387), np.int64(441)), (np.int64(1776), np.int64(441)), (np.int64(2166), np.int64(441))]
2025-10-20 17:33:21 [TRACE] 【坐标太近】视为重复
2025-10-20 17:33:21 [TRACE] 【没有通过的坐标】开始下一轮
2025-10-20 17:33:21 [TRACE] 【完成所有点击】有效次数：3
2025-10-20 17:33:21 [TRACE] 【目标检测】屏幕内没有目标
2025-10-20 17:33:22 [TRACE] 【状态】搜索模式：C:\Users\gelon\Desktop\ZA-Lite\assets/images/hollow\card.png 置信度：0.986535370349884
2025-10-20 17:33:22 [TRACE] 【目标检测】目标存在，但置信度不足
2025-10-20 17:33:24 [TRACE] 【目标检测】屏幕内没有目标
2025-10-20 17:33:25 [TRACE] 【目标检测】屏幕内没有目标
2025-10-20 17:33:26 [TRACE] 【目标检测】屏幕内没有目标
2025-10-20 17:33:27 [TRACE] 【目标检测】目标存在，但置信度不足
2025-10-20 17:33:28 [TRACE] 【状态】搜索模式：C:\Users\gelon\Desktop\ZA-Lite\assets/images/hollow\resonium.png 置信度：0.9999998807907104
2025-10-20 17:33:28 [TRACE] 【目标出现】C:\Users\gelon\Desktop\ZA-Lite\assets/images/hollow\resonium.png 置信度：0.9999998807907104
2025-10-20 17:33:28 [TRACE] 【本轮的坐标】：(np.int64(1387), np.int64(441)) ------------
2025-10-20 17:33:28 [TRACE] 【已点击过的坐标】：[(-10, -10)]
2025-10-20 17:33:28 [TRACE] 【成功点击】
2025-10-20 17:33:28 [TRACE] 【目标检测】屏幕内没有目标
2025-10-20 17:33:29 [TRACE] 【本轮的坐标】：(np.int64(1776), np.int64(441)) ------------
2025-10-20 17:33:29 [TRACE] 【已点击过的坐标】：[(-10, -10), (np.int64(1387), np.int64(441))]
2025-10-20 17:33:29 [TRACE] 【成功点击】
2025-10-20 17:33:29 [TRACE] 【本轮的坐标】：(np.int64(1777), np.int64(441)) ------------
2025-10-20 17:33:29 [TRACE] 【已点击过的坐标】：[(-10, -10), (np.int64(1387), np.int64(441)), (np.int64(1776), np.int64(441))]
2025-10-20 17:33:29 [TRACE] 【坐标太近】视为重复
2025-10-20 17:33:29 [TRACE] 【没有通过的坐标】开始下一轮
2025-10-20 17:33:29 [TRACE] 【本轮的坐标】：(np.int64(2166), np.int64(441)) ------------
2025-10-20 17:33:29 [TRACE] 【已点击过的坐标】：[(-10, -10), (np.int64(1387), np.int64(441)), (np.int64(1776), np.int64(441))]
2025-10-20 17:33:29 [TRACE] 【成功点击】
2025-10-20 17:33:30 [TRACE] 【本轮的坐标】：(np.int64(1386), np.int64(442)) ------------
2025-10-20 17:33:30 [TRACE] 【已点击过的坐标】：[(-10, -10), (np.int64(1387), np.int64(441)), (np.int64(1776), np.int64(441)), (np.int64(2166), np.int64(441))]
2025-10-20 17:33:30 [TRACE] 【坐标太近】视为重复
2025-10-20 17:33:30 [TRACE] 【没有通过的坐标】开始下一轮
2025-10-20 17:33:30 [TRACE] 【本轮的坐标】：(np.int64(1387), np.int64(442)) ------------
2025-10-20 17:33:30 [TRACE] 【已点击过的坐标】：[(-10, -10), (np.int64(1387), np.int64(441)), (np.int64(1776), np.int64(441)), (np.int64(2166), np.int64(441))]
2025-10-20 17:33:30 [TRACE] 【坐标太近】视为重复
2025-10-20 17:33:30 [TRACE] 【没有通过的坐标】开始下一轮
2025-10-20 17:33:30 [TRACE] 【本轮的坐标】：(np.int64(1388), np.int64(442)) ------------
2025-10-20 17:33:30 [TRACE] 【已点击过的坐标】：[(-10, -10), (np.int64(1387), np.int64(441)), (np.int64(1776), np.int64(441)), (np.int64(2166), np.int64(441))]
2025-10-20 17:33:30 [TRACE] 【坐标太近】视为重复
2025-10-20 17:33:30 [TRACE] 【没有通过的坐标】开始下一轮
2025-10-20 17:33:30 [TRACE] 【本轮的坐标】：(np.int64(1775), np.int64(442)) ------------
2025-10-20 17:33:30 [TRACE] 【已点击过的坐标】：[(-10, -10), (np.int64(1387), np.int64(441)), (np.int64(1776), np.int64(441)), (np.int64(2166), np.int64(441))]
2025-10-20 17:33:30 [TRACE] 【坐标太近】视为重复
2025-10-20 17:33:30 [TRACE] 【没有通过的坐标】开始下一轮
2025-10-20 17:33:30 [TRACE] 【本轮的坐标】：(np.int64(1776), np.int64(442)) ------------
2025-10-20 17:33:30 [TRACE] 【已点击过的坐标】：[(-10, -10), (np.int64(1387), np.int64(441)), (np.int64(1776), np.int64(441)), (np.int64(2166), np.int64(441))]
2025-10-20 17:33:30 [TRACE] 【坐标太近】视为重复
2025-10-20 17:33:30 [TRACE] 【没有通过的坐标】开始下一轮
2025-10-20 17:33:30 [TRACE] 【本轮的坐标】：(np.int64(1777), np.int64(442)) ------------
2025-10-20 17:33:30 [TRACE] 【已点击过的坐标】：[(-10, -10), (np.int64(1387), np.int64(441)), (np.int64(1776), np.int64(441)), (np.int64(2166), np.int64(441))]
2025-10-20 17:33:30 [TRACE] 【坐标太近】视为重复
2025-10-20 17:33:30 [TRACE] 【没有通过的坐标】开始下一轮
2025-10-20 17:33:30 [TRACE] 【本轮的坐标】：(np.int64(1778), np.int64(442)) ------------
2025-10-20 17:33:30 [TRACE] 【已点击过的坐标】：[(-10, -10), (np.int64(1387), np.int64(441)), (np.int64(1776), np.int64(441)), (np.int64(2166), np.int64(441))]
2025-10-20 17:33:30 [TRACE] 【坐标太近】视为重复
2025-10-20 17:33:30 [TRACE] 【没有通过的坐标】开始下一轮
2025-10-20 17:33:30 [TRACE] 【本轮的坐标】：(np.int64(2165), np.int64(442)) ------------
2025-10-20 17:33:30 [TRACE] 【已点击过的坐标】：[(-10, -10), (np.int64(1387), np.int64(441)), (np.int64(1776), np.int64(441)), (np.int64(2166), np.int64(441))]
2025-10-20 17:33:30 [TRACE] 【坐标太近】视为重复
2025-10-20 17:33:30 [TRACE] 【没有通过的坐标】开始下一轮
2025-10-20 17:33:30 [TRACE] 【本轮的坐标】：(np.int64(2166), np.int64(442)) ------------
2025-10-20 17:33:30 [TRACE] 【已点击过的坐标】：[(-10, -10), (np.int64(1387), np.int64(441)), (np.int64(1776), np.int64(441)), (np.int64(2166), np.int64(441))]
2025-10-20 17:33:30 [TRACE] 【坐标太近】视为重复
2025-10-20 17:33:30 [TRACE] 【没有通过的坐标】开始下一轮
2025-10-20 17:33:30 [TRACE] 【本轮的坐标】：(np.int64(2167), np.int64(442)) ------------
2025-10-20 17:33:30 [TRACE] 【已点击过的坐标】：[(-10, -10), (np.int64(1387), np.int64(441)), (np.int64(1776), np.int64(441)), (np.int64(2166), np.int64(441))]
2025-10-20 17:33:30 [TRACE] 【坐标太近】视为重复
2025-10-20 17:33:30 [TRACE] 【没有通过的坐标】开始下一轮
2025-10-20 17:33:30 [TRACE] 【本轮的坐标】：(np.int64(1386), np.int64(443)) ------------
2025-10-20 17:33:30 [TRACE] 【已点击过的坐标】：[(-10, -10), (np.int64(1387), np.int64(441)), (np.int64(1776), np.int64(441)), (np.int64(2166), np.int64(441))]
2025-10-20 17:33:30 [TRACE] 【坐标太近】视为重复
2025-10-20 17:33:30 [TRACE] 【没有通过的坐标】开始下一轮
2025-10-20 17:33:30 [TRACE] 【本轮的坐标】：(np.int64(1387), np.int64(443)) ------------
2025-10-20 17:33:30 [TRACE] 【已点击过的坐标】：[(-10, -10), (np.int64(1387), np.int64(441)), (np.int64(1776), np.int64(441)), (np.int64(2166), np.int64(441))]
2025-10-20 17:33:30 [TRACE] 【坐标太近】视为重复
2025-10-20 17:33:30 [TRACE] 【没有通过的坐标】开始下一轮
2025-10-20 17:33:30 [TRACE] 【本轮的坐标】：(np.int64(1776), np.int64(443)) ------------
2025-10-20 17:33:30 [TRACE] 【已点击过的坐标】：[(-10, -10), (np.int64(1387), np.int64(441)), (np.int64(1776), np.int64(441)), (np.int64(2166), np.int64(441))]
2025-10-20 17:33:30 [TRACE] 【坐标太近】视为重复
2025-10-20 17:33:30 [TRACE] 【没有通过的坐标】开始下一轮
2025-10-20 17:33:30 [TRACE] 【本轮的坐标】：(np.int64(2166), np.int64(443)) ------------
2025-10-20 17:33:30 [TRACE] 【已点击过的坐标】：[(-10, -10), (np.int64(1387), np.int64(441)), (np.int64(1776), np.int64(441)), (np.int64(2166), np.int64(441))]
2025-10-20 17:33:30 [TRACE] 【坐标太近】视为重复
2025-10-20 17:33:30 [TRACE] 【没有通过的坐标】开始下一轮
2025-10-20 17:33:30 [TRACE] 【完成所有点击】有效次数：3
2025-10-20 17:33:30 [TRACE] 【状态】搜索模式：C:\Users\gelon\Desktop\ZA-Lite\assets/images/hollow\card.png 置信度：0.986534833908081
2025-10-20 17:33:30 [TRACE] 【目标检测】屏幕内没有目标
2025-10-20 17:33:32 [TRACE] 【目标检测】目标存在，但置信度不足
2025-10-20 17:33:33 [TRACE] 【目标检测】屏幕内没有目标
2025-10-20 17:33:34 [TRACE] 【目标检测】屏幕内没有目标
2025-10-20 17:33:35 [TRACE] 【目标检测】屏幕内没有目标
2025-10-20 17:33:41 [TRACE] 【目标检测】TRAPPED！ 类型：blue_portal 置信度：0.9525750279426575
2025-10-20 17:33:42 [TRACE] 【空洞监听】无匹配已持续：0秒
2025-10-20 17:33:43 [TRACE] 【状态】搜索模式：C:\Users\gelon\Desktop\ZA-Lite\assets/images/hollow\resonium.png 置信度：1.0
2025-10-20 17:33:43 [TRACE] 【目标出现】C:\Users\gelon\Desktop\ZA-Lite\assets/images/hollow\resonium.png 置信度：0.9999996423721313
2025-10-20 17:33:43 [TRACE] 【本轮的坐标】：(np.int64(1387), np.int64(441)) ------------
2025-10-20 17:33:43 [TRACE] 【已点击过的坐标】：[(-10, -10)]
2025-10-20 17:33:43 [TRACE] 【成功点击】
2025-10-20 17:33:44 [TRACE] 【本轮的坐标】：(np.int64(1776), np.int64(441)) ------------
2025-10-20 17:33:44 [TRACE] 【已点击过的坐标】：[(-10, -10), (np.int64(1387), np.int64(441))]
2025-10-20 17:33:44 [TRACE] 【成功点击】
2025-10-20 17:33:44 [TRACE] 【本轮的坐标】：(np.int64(1777), np.int64(441)) ------------
2025-10-20 17:33:44 [TRACE] 【已点击过的坐标】：[(-10, -10), (np.int64(1387), np.int64(441)), (np.int64(1776), np.int64(441))]
2025-10-20 17:33:44 [TRACE] 【坐标太近】视为重复
2025-10-20 17:33:44 [TRACE] 【没有通过的坐标】开始下一轮
2025-10-20 17:33:44 [TRACE] 【本轮的坐标】：(np.int64(2166), np.int64(441)) ------------
2025-10-20 17:33:44 [TRACE] 【已点击过的坐标】：[(-10, -10), (np.int64(1387), np.int64(441)), (np.int64(1776), np.int64(441))]
2025-10-20 17:33:44 [TRACE] 【成功点击】
2025-10-20 17:33:45 [TRACE] 【本轮的坐标】：(np.int64(1386), np.int64(442)) ------------
2025-10-20 17:33:45 [TRACE] 【已点击过的坐标】：[(-10, -10), (np.int64(1387), np.int64(441)), (np.int64(1776), np.int64(441)), (np.int64(2166), np.int64(441))]
2025-10-20 17:33:45 [TRACE] 【坐标太近】视为重复
2025-10-20 17:33:45 [TRACE] 【没有通过的坐标】开始下一轮
2025-10-20 17:33:45 [TRACE] 【本轮的坐标】：(np.int64(1387), np.int64(442)) ------------
2025-10-20 17:33:45 [TRACE] 【已点击过的坐标】：[(-10, -10), (np.int64(1387), np.int64(441)), (np.int64(1776), np.int64(441)), (np.int64(2166), np.int64(441))]
2025-10-20 17:33:45 [TRACE] 【坐标太近】视为重复
2025-10-20 17:33:45 [TRACE] 【没有通过的坐标】开始下一轮
2025-10-20 17:33:45 [TRACE] 【本轮的坐标】：(np.int64(1388), np.int64(442)) ------------
2025-10-20 17:33:45 [TRACE] 【已点击过的坐标】：[(-10, -10), (np.int64(1387), np.int64(441)), (np.int64(1776), np.int64(441)), (np.int64(2166), np.int64(441))]
2025-10-20 17:33:45 [TRACE] 【坐标太近】视为重复
2025-10-20 17:33:45 [TRACE] 【没有通过的坐标】开始下一轮
2025-10-20 17:33:45 [TRACE] 【本轮的坐标】：(np.int64(1775), np.int64(442)) ------------
2025-10-20 17:33:45 [TRACE] 【已点击过的坐标】：[(-10, -10), (np.int64(1387), np.int64(441)), (np.int64(1776), np.int64(441)), (np.int64(2166), np.int64(441))]
2025-10-20 17:33:45 [TRACE] 【坐标太近】视为重复
2025-10-20 17:33:45 [TRACE] 【没有通过的坐标】开始下一轮
2025-10-20 17:33:45 [TRACE] 【本轮的坐标】：(np.int64(1776), np.int64(442)) ------------
2025-10-20 17:33:45 [TRACE] 【已点击过的坐标】：[(-10, -10), (np.int64(1387), np.int64(441)), (np.int64(1776), np.int64(441)), (np.int64(2166), np.int64(441))]
2025-10-20 17:33:45 [TRACE] 【坐标太近】视为重复
2025-10-20 17:33:45 [TRACE] 【没有通过的坐标】开始下一轮
2025-10-20 17:33:45 [TRACE] 【本轮的坐标】：(np.int64(1777), np.int64(442)) ------------
2025-10-20 17:33:45 [TRACE] 【已点击过的坐标】：[(-10, -10), (np.int64(1387), np.int64(441)), (np.int64(1776), np.int64(441)), (np.int64(2166), np.int64(441))]
2025-10-20 17:33:45 [TRACE] 【坐标太近】视为重复
2025-10-20 17:33:45 [TRACE] 【没有通过的坐标】开始下一轮
2025-10-20 17:33:45 [TRACE] 【本轮的坐标】：(np.int64(1778), np.int64(442)) ------------
2025-10-20 17:33:45 [TRACE] 【已点击过的坐标】：[(-10, -10), (np.int64(1387), np.int64(441)), (np.int64(1776), np.int64(441)), (np.int64(2166), np.int64(441))]
2025-10-20 17:33:45 [TRACE] 【坐标太近】视为重复
2025-10-20 17:33:45 [TRACE] 【没有通过的坐标】开始下一轮
2025-10-20 17:33:45 [TRACE] 【本轮的坐标】：(np.int64(2165), np.int64(442)) ------------
2025-10-20 17:33:45 [TRACE] 【已点击过的坐标】：[(-10, -10), (np.int64(1387), np.int64(441)), (np.int64(1776), np.int64(441)), (np.int64(2166), np.int64(441))]
2025-10-20 17:33:45 [TRACE] 【坐标太近】视为重复
2025-10-20 17:33:45 [TRACE] 【没有通过的坐标】开始下一轮
2025-10-20 17:33:45 [TRACE] 【本轮的坐标】：(np.int64(2166), np.int64(442)) ------------
2025-10-20 17:33:45 [TRACE] 【已点击过的坐标】：[(-10, -10), (np.int64(1387), np.int64(441)), (np.int64(1776), np.int64(441)), (np.int64(2166), np.int64(441))]
2025-10-20 17:33:45 [TRACE] 【坐标太近】视为重复
2025-10-20 17:33:45 [TRACE] 【没有通过的坐标】开始下一轮
2025-10-20 17:33:45 [TRACE] 【本轮的坐标】：(np.int64(2167), np.int64(442)) ------------
2025-10-20 17:33:45 [TRACE] 【已点击过的坐标】：[(-10, -10), (np.int64(1387), np.int64(441)), (np.int64(1776), np.int64(441)), (np.int64(2166), np.int64(441))]
2025-10-20 17:33:45 [TRACE] 【坐标太近】视为重复
2025-10-20 17:33:45 [TRACE] 【没有通过的坐标】开始下一轮
2025-10-20 17:33:45 [TRACE] 【本轮的坐标】：(np.int64(1386), np.int64(443)) ------------
2025-10-20 17:33:45 [TRACE] 【已点击过的坐标】：[(-10, -10), (np.int64(1387), np.int64(441)), (np.int64(1776), np.int64(441)), (np.int64(2166), np.int64(441))]
2025-10-20 17:33:45 [TRACE] 【坐标太近】视为重复
2025-10-20 17:33:45 [TRACE] 【没有通过的坐标】开始下一轮
2025-10-20 17:33:45 [TRACE] 【本轮的坐标】：(np.int64(1387), np.int64(443)) ------------
2025-10-20 17:33:45 [TRACE] 【已点击过的坐标】：[(-10, -10), (np.int64(1387), np.int64(441)), (np.int64(1776), np.int64(441)), (np.int64(2166), np.int64(441))]
2025-10-20 17:33:45 [TRACE] 【坐标太近】视为重复
2025-10-20 17:33:45 [TRACE] 【没有通过的坐标】开始下一轮
2025-10-20 17:33:45 [TRACE] 【本轮的坐标】：(np.int64(1776), np.int64(443)) ------------
2025-10-20 17:33:45 [TRACE] 【已点击过的坐标】：[(-10, -10), (np.int64(1387), np.int64(441)), (np.int64(1776), np.int64(441)), (np.int64(2166), np.int64(441))]
2025-10-20 17:33:45 [TRACE] 【坐标太近】视为重复
2025-10-20 17:33:45 [TRACE] 【没有通过的坐标】开始下一轮
2025-10-20 17:33:45 [TRACE] 【本轮的坐标】：(np.int64(2166), np.int64(443)) ------------
2025-10-20 17:33:45 [TRACE] 【已点击过的坐标】：[(-10, -10), (np.int64(1387), np.int64(441)), (np.int64(1776), np.int64(441)), (np.int64(2166), np.int64(441))]
2025-10-20 17:33:45 [TRACE] 【坐标太近】视为重复
2025-10-20 17:33:45 [TRACE] 【没有通过的坐标】开始下一轮
2025-10-20 17:33:45 [TRACE] 【完成所有点击】有效次数：3
2025-10-20 17:33:45 [TRACE] 【状态】搜索模式：C:\Users\gelon\Desktop\ZA-Lite\assets/images/hollow\card.png 置信度：0.98653644323349
2025-10-20 17:33:48 [TRACE] 【目标检测】目标存在，但置信度不足
2025-10-20 17:33:49 [TRACE] 【目标检测】屏幕内没有目标
2025-10-20 17:33:50 [TRACE] 【目标检测】屏幕内没有目标
2025-10-20 17:33:53 [TRACE] 【目标检测】TRAPPED！ 类型：blue_portal 置信度：0.948329508304596
2025-10-20 17:33:57 [TRACE] 【空洞监听】无匹配已持续：0秒
2025-10-20 17:33:59 [TRACE] 【目标检测】屏幕内没有目标
2025-10-20 17:34:01 [TRACE] 【目标检测】屏幕内没有目标
2025-10-20 17:34:03 [TRACE] 【目标检测】屏幕内没有目标
2025-10-20 17:34:04 [TRACE] 【目标检测】目标存在，但置信度不足
2025-10-20 17:34:05 [TRACE] 【目标检测】屏幕内没有目标
2025-10-20 17:34:07 [TRACE] 【目标检测】屏幕内没有目标
2025-10-20 17:34:07 [TRACE] 【状态】战斗模式：C:\Users\gelon\Desktop\ZA-Lite\assets/images/hollow\battle_4.png 置信度：0.9999992847442627
2025-10-20 17:34:17 [TRACE] 【空洞监听】无匹配已持续：0秒
2025-10-20 17:34:20 [TRACE] 【状态】战斗模式：C:\Users\gelon\Desktop\ZA-Lite\assets/images/hollow\battle_4.png 置信度：0.9999998807907104
2025-10-20 17:34:29 [TRACE] 【空洞监听】无匹配已持续：0秒
2025-10-20 17:34:35 [TRACE] 【空洞监听】无匹配已持续：5秒
2025-10-20 17:34:40 [TRACE] 【空洞监听】无匹配已持续：11秒
2025-10-20 17:34:47 [TRACE] 【空洞监听】无匹配已持续：17秒
2025-10-20 17:34:48 [TRACE] 【状态】搜索模式：C:\Users\gelon\Desktop\ZA-Lite\assets/images/hollow\next_area.png 置信度：0.9999994039535522
2025-10-20 17:34:53 [TRACE] 【目标检测】目标存在，但置信度不足
2025-10-20 17:34:57 [TRACE] 【目标检测】微调超时，无法对齐！
2025-10-20 17:34:57 [TRACE] 【状态】搜索模式：C:\Users\gelon\Desktop\ZA-Lite\assets/images/hollow\meter.png 置信度：0.97035813331604
2025-10-20 17:34:59 [TRACE] 【目标检测】TRAPPED！ 类型：guide_point 置信度：0.8665473461151123
2025-10-20 17:35:05 [TRACE] 【空洞监听】无匹配已持续：0秒
2025-10-20 17:35:06 [TRACE] 【目标检测】屏幕内没有目标
2025-10-20 17:35:07 [TRACE] 【目标检测】屏幕内没有目标
2025-10-20 17:35:08 [TRACE] 【目标检测】屏幕内没有目标
2025-10-20 17:35:10 [TRACE] 【目标检测】屏幕内没有目标
2025-10-20 17:35:11 [TRACE] 【目标检测】屏幕内没有目标
2025-10-20 17:35:12 [TRACE] 【空洞监听】无匹配已持续：6秒
2025-10-20 17:35:14 [TRACE] 【目标检测】屏幕内没有目标
2025-10-20 17:35:17 [TRACE] 【目标检测】屏幕内没有目标
2025-10-20 17:35:18 [TRACE] 【空洞监听】无匹配已持续：12秒
2025-10-20 17:35:21 [TRACE] 【目标检测】TRAPPED！ 类型：blue_portal 置信度：0.8789573311805725
2025-10-20 17:35:24 [TRACE] 【空洞监听】无匹配已持续：18秒
2025-10-20 17:35:28 [TRACE] 【目标检测】屏幕内没有目标
2025-10-20 17:35:29 [TRACE] 【目标检测】屏幕内没有目标
2025-10-20 17:35:30 [TRACE] 【空洞监听】无匹配已持续：24秒
2025-10-20 17:35:31 [TRACE] 【目标检测】屏幕内没有目标
2025-10-20 17:35:33 [TRACE] 【目标检测】屏幕内没有目标
2025-10-20 17:35:34 [TRACE] 【目标检测】屏幕内没有目标
2025-10-20 17:35:34 [TRACE] 【状态】战斗模式：C:\Users\gelon\Desktop\ZA-Lite\assets/images/hollow\battle_3.png 置信度：1.0
2025-10-20 17:35:44 [TRACE] 【空洞监听】无匹配已持续：0秒
2025-10-20 17:35:50 [TRACE] 【空洞监听】无匹配已持续：6秒
2025-10-20 17:35:56 [TRACE] 【空洞监听】无匹配已持续：12秒
2025-10-20 17:36:02 [TRACE] 【状态】战斗模式：正在受到攻击
2025-10-20 17:36:08 [TRACE] 【空洞监听】无匹配已持续：0秒
2025-10-20 17:36:14 [TRACE] 【状态】战斗模式：正在受到攻击
2025-10-20 17:36:21 [TRACE] 【状态】战斗模式：正在受到攻击
2025-10-20 17:36:27 [TRACE] 【状态】战斗模式：正在受到攻击
2025-10-20 17:36:33 [TRACE] 【空洞监听】无匹配已持续：0秒
2025-10-20 17:36:36 [TRACE] 【状态】战斗模式：C:\Users\gelon\Desktop\ZA-Lite\assets/images/hollow\battle_5.png 置信度：0.9977014660835266
2025-10-20 17:36:42 [TRACE] 【状态】战斗模式：C:\Users\gelon\Desktop\ZA-Lite\assets/images/hollow\battle_5.png 置信度：0.9781264662742615
2025-10-20 17:36:45 [TRACE] 【状态】战斗模式：正在受到攻击
2025-10-20 17:36:49 [TRACE] 【状态】战斗模式：C:\Users\gelon\Desktop\ZA-Lite\assets/images/hollow\battle_5.png 置信度：0.9799103140830994
2025-10-20 17:36:58 [TRACE] 【空洞监听】无匹配已持续：0秒
2025-10-20 17:37:04 [TRACE] 【空洞监听】无匹配已持续：6秒
2025-10-20 17:37:10 [TRACE] 【空洞监听】无匹配已持续：12秒
2025-10-20 17:37:16 [TRACE] 【空洞监听】无匹配已持续：18秒
2025-10-20 17:37:23 [TRACE] 【空洞监听】无匹配已持续：24秒
2025-10-20 17:37:28 [TRACE] 【空洞监听】无匹配已持续：30秒
2025-10-20 17:37:35 [TRACE] 【空洞监听】无匹配已持续：36秒
2025-10-20 17:37:41 [TRACE] 【空洞监听】无匹配已持续：42秒
2025-10-20 17:37:46 [TRACE] 【空洞监听】无匹配已持续：48秒
2025-10-20 17:37:53 [TRACE] 【空洞监听】无匹配已持续：54秒
2025-10-20 17:37:58 [TRACE] 【空洞监听】无匹配已持续：60秒
2025-10-20 17:37:58 [TRACE] 【空洞监听】即将超时，重启搜索线程
2025-10-20 17:38:00 [TRACE] 【目标检测】屏幕内没有目标
2025-10-20 17:38:01 [TRACE] 【目标检测】屏幕内没有目标
2025-10-20 17:38:02 [TRACE] 【目标检测】屏幕内没有目标
2025-10-20 17:38:04 [TRACE] 【目标检测】屏幕内没有目标
2025-10-20 17:38:05 [TRACE] 【目标检测】屏幕内没有目标
2025-10-20 17:38:05 [TRACE] 【空洞监听】无匹配已持续：67秒
2025-10-20 17:38:05 [TRACE] 【空洞监听】即将超时，重启搜索线程
2025-10-20 17:38:08 [TRACE] 【目标检测】屏幕内没有目标
2025-10-20 17:38:12 [TRACE] 【空洞监听】无匹配已持续：74秒
2025-10-20 17:38:12 [TRACE] 【空洞监听】即将超时，重启搜索线程
2025-10-20 17:38:14 [TRACE] 【目标检测】TRAPPED！ 类型：interact 置信度：0.8926230669021606
2025-10-20 17:38:18 [TRACE] 【空洞监听】无匹配已持续：80秒
2025-10-20 17:38:18 [TRACE] 【空洞监听】即将超时，重启搜索线程
2025-10-20 17:38:21 [TRACE] 【目标检测】屏幕内没有目标
2025-10-20 17:38:22 [TRACE] 【目标检测】目标存在，但置信度不足
2025-10-20 17:38:24 [TRACE] 【目标检测】屏幕内没有目标
2025-10-20 17:38:26 [TRACE] 【状态】搜索模式：C:\Users\gelon\Desktop\ZA-Lite\assets/images/hollow\next_area.png 置信度：0.9999997019767761
2025-10-20 17:38:29 [TRACE] 【状态】搜索模式：C:\Users\gelon\Desktop\ZA-Lite\assets/images/hollow\meter.png 置信度：0.9634053111076355
2025-10-20 17:38:31 [TRACE] 【目标检测】微调超时，无法对齐！
2025-10-20 17:38:35 [TRACE] 【状态】搜索模式：C:\Users\gelon\Desktop\ZA-Lite\assets/images/hollow\meter.png 置信度：0.9111554026603699
2025-10-20 17:38:38 [TRACE] 【目标检测】TRAPPED！ 类型：guide_point 置信度：0.8582442402839661
2025-10-20 17:38:42 [TRACE] 【状态】搜索模式：C:\Users\gelon\Desktop\ZA-Lite\assets/images/hollow\meter.png 置信度：0.9273378849029541
2025-10-20 17:38:45 [TRACE] 【目标检测】TRAPPED！ 类型：guide_point 置信度：0.898202121257782
2025-10-20 17:38:48 [TRACE] 【状态】搜索模式：C:\Users\gelon\Desktop\ZA-Lite\assets/images/hollow\meter.png 置信度：0.9556185603141785
2025-10-20 17:38:53 [TRACE] 【目标检测】TRAPPED！ 类型：guide_point 置信度：0.840939462184906
2025-10-20 17:38:57 [TRACE] 【空洞监听】无匹配已持续：0秒
2025-10-20 17:39:00 [TRACE] 【目标检测】屏幕内没有目标
2025-10-20 17:39:02 [TRACE] 【目标检测】屏幕内没有目标
2025-10-20 17:39:03 [TRACE] 【空洞监听】无匹配已持续：6秒
2025-10-20 17:39:05 [TRACE] 【目标检测】屏幕内没有目标
2025-10-20 17:39:06 [TRACE] 【目标检测】屏幕内没有目标
2025-10-20 17:39:08 [TRACE] 【目标检测】屏幕内没有目标
2025-10-20 17:39:10 [TRACE] 【空洞监听】无匹配已持续：12秒
2025-10-20 17:39:10 [TRACE] 【目标检测】屏幕内没有目标
2025-10-20 17:39:12 [TRACE] 【目标检测】屏幕内没有目标
2025-10-20 17:39:13 [TRACE] 【目标检测】屏幕内没有目标
2025-10-20 17:39:14 [TRACE] 【目标检测】屏幕内没有目标
2025-10-20 17:39:16 [TRACE] 【目标检测】屏幕内没有目标
2025-10-20 17:39:16 [TRACE] 【空洞监听】无匹配已持续：19秒
2025-10-20 17:39:19 [TRACE] 【目标检测】屏幕内没有目标
2025-10-20 17:39:20 [TRACE] 【目标检测】屏幕内没有目标
2025-10-20 17:39:21 [TRACE] 【目标检测】屏幕内没有目标
2025-10-20 17:39:23 [TRACE] 【目标检测】屏幕内没有目标
2025-10-20 17:39:23 [TRACE] 【状态】战斗模式：正在受到攻击
2025-10-20 17:39:24 [TRACE] 【目标检测】屏幕内没有目标
2025-10-20 17:39:29 [TRACE] 【状态】战斗模式：正在受到攻击
2025-10-20 17:39:36 [TRACE] 【空洞监听】无匹配已持续：0秒
2025-10-20 17:39:42 [TRACE] 【状态】战斗模式：正在受到攻击
2025-10-20 17:39:48 [TRACE] 【空洞监听】无匹配已持续：0秒
2025-10-20 17:39:54 [TRACE] 【空洞监听】无匹配已持续：6秒
2025-10-20 17:40:00 [TRACE] 【空洞监听】无匹配已持续：12秒
2025-10-20 17:40:07 [TRACE] 【状态】战斗模式：正在受到攻击
2025-10-20 17:40:12 [TRACE] 【状态】战斗模式：正在受到攻击
2025-10-20 17:40:18 [TRACE] 【状态】战斗模式：正在受到攻击
2025-10-20 17:40:22 [TRACE] 【状态】战斗模式：C:\Users\gelon\Desktop\ZA-Lite\assets/images/hollow\battle_5.png 置信度：0.9795218706130981
2025-10-20 17:40:28 [TRACE] 【状态】战斗模式：C:\Users\gelon\Desktop\ZA-Lite\assets/images/hollow\battle_5.png 置信度：0.9744024276733398
2025-10-20 17:40:35 [TRACE] 【状态】战斗模式：C:\Users\gelon\Desktop\ZA-Lite\assets/images/hollow\battle_5.png 置信度：0.9848371744155884
2025-10-20 17:40:38 [TRACE] 【状态】战斗模式：正在受到攻击
2025-10-20 17:40:41 [TRACE] 【状态】战斗模式：C:\Users\gelon\Desktop\ZA-Lite\assets/images/hollow\battle_5.png 置信度：0.9597463607788086
2025-10-20 17:40:44 [TRACE] 【状态】战斗模式：正在受到攻击
2025-10-20 17:40:50 [TRACE] 【空洞监听】无匹配已持续：0秒
2025-10-20 17:40:53 [TRACE] 【状态】战斗模式：C:\Users\gelon\Desktop\ZA-Lite\assets/images/hollow\battle_5.png 置信度：0.9619393348693848
2025-10-20 17:41:02 [TRACE] 【空洞监听】无匹配已持续：0秒
2025-10-20 17:41:03 [TRACE] 【状态】搜索模式：C:\Users\gelon\Desktop\ZA-Lite\assets/images/hollow\gear.png 置信度：0.9999998211860657
2025-10-20 17:41:04 [TRACE] 【目标检测】屏幕内没有目标
2025-10-20 17:41:05 [TRACE] 【目标检测】屏幕内没有目标
2025-10-20 17:41:06 [TRACE] 【目标检测】屏幕内没有目标
2025-10-20 17:41:08 [TRACE] 【目标检测】屏幕内没有目标
2025-10-20 17:41:09 [TRACE] 【状态】搜索模式：C:\Users\gelon\Desktop\ZA-Lite\assets/images/hollow\resonium.png 置信度：1.0
2025-10-20 17:41:09 [TRACE] 【目标检测】屏幕内没有目标
2025-10-20 17:41:09 [TRACE] 【目标出现】C:\Users\gelon\Desktop\ZA-Lite\assets/images/hollow\resonium.png 置信度：0.9999998807907104
2025-10-20 17:41:09 [TRACE] 【本轮的坐标】：(np.int64(1174), np.int64(461)) ------------
2025-10-20 17:41:09 [TRACE] 【已点击过的坐标】：[(-10, -10)]
2025-10-20 17:41:09 [TRACE] 【成功点击】
2025-10-20 17:41:10 [TRACE] 【本轮的坐标】：(np.int64(1581), np.int64(461)) ------------
2025-10-20 17:41:10 [TRACE] 【已点击过的坐标】：[(-10, -10), (np.int64(1174), np.int64(461))]
2025-10-20 17:41:10 [TRACE] 【成功点击】
2025-10-20 17:41:10 [TRACE] 【本轮的坐标】：(np.int64(1582), np.int64(461)) ------------
2025-10-20 17:41:10 [TRACE] 【已点击过的坐标】：[(-10, -10), (np.int64(1174), np.int64(461)), (np.int64(1581), np.int64(461))]
2025-10-20 17:41:10 [TRACE] 【坐标太近】视为重复
2025-10-20 17:41:10 [TRACE] 【没有通过的坐标】开始下一轮
2025-10-20 17:41:10 [TRACE] 【本轮的坐标】：(np.int64(1988), np.int64(461)) ------------
2025-10-20 17:41:10 [TRACE] 【已点击过的坐标】：[(-10, -10), (np.int64(1174), np.int64(461)), (np.int64(1581), np.int64(461))]
2025-10-20 17:41:10 [TRACE] 【成功点击】
2025-10-20 17:41:11 [TRACE] 【目标检测】屏幕内没有目标
2025-10-20 17:41:11 [TRACE] 【本轮的坐标】：(np.int64(1989), np.int64(461)) ------------
2025-10-20 17:41:11 [TRACE] 【已点击过的坐标】：[(-10, -10), (np.int64(1174), np.int64(461)), (np.int64(1581), np.int64(461)), (np.int64(1988), np.int64(461))]
2025-10-20 17:41:11 [TRACE] 【坐标太近】视为重复
2025-10-20 17:41:11 [TRACE] 【没有通过的坐标】开始下一轮
2025-10-20 17:41:11 [TRACE] 【本轮的坐标】：(np.int64(1173), np.int64(462)) ------------
2025-10-20 17:41:11 [TRACE] 【已点击过的坐标】：[(-10, -10), (np.int64(1174), np.int64(461)), (np.int64(1581), np.int64(461)), (np.int64(1988), np.int64(461))]
2025-10-20 17:41:11 [TRACE] 【坐标太近】视为重复
2025-10-20 17:41:11 [TRACE] 【没有通过的坐标】开始下一轮
2025-10-20 17:41:11 [TRACE] 【本轮的坐标】：(np.int64(1174), np.int64(462)) ------------
2025-10-20 17:41:11 [TRACE] 【已点击过的坐标】：[(-10, -10), (np.int64(1174), np.int64(461)), (np.int64(1581), np.int64(461)), (np.int64(1988), np.int64(461))]
2025-10-20 17:41:11 [TRACE] 【坐标太近】视为重复
2025-10-20 17:41:11 [TRACE] 【没有通过的坐标】开始下一轮
2025-10-20 17:41:11 [TRACE] 【本轮的坐标】：(np.int64(1175), np.int64(462)) ------------
2025-10-20 17:41:11 [TRACE] 【已点击过的坐标】：[(-10, -10), (np.int64(1174), np.int64(461)), (np.int64(1581), np.int64(461)), (np.int64(1988), np.int64(461))]
2025-10-20 17:41:11 [TRACE] 【坐标太近】视为重复
2025-10-20 17:41:11 [TRACE] 【没有通过的坐标】开始下一轮
2025-10-20 17:41:11 [TRACE] 【本轮的坐标】：(np.int64(1580), np.int64(462)) ------------
2025-10-20 17:41:11 [TRACE] 【已点击过的坐标】：[(-10, -10), (np.int64(1174), np.int64(461)), (np.int64(1581), np.int64(461)), (np.int64(1988), np.int64(461))]
2025-10-20 17:41:11 [TRACE] 【坐标太近】视为重复
2025-10-20 17:41:11 [TRACE] 【没有通过的坐标】开始下一轮
2025-10-20 17:41:11 [TRACE] 【本轮的坐标】：(np.int64(1581), np.int64(462)) ------------
2025-10-20 17:41:11 [TRACE] 【已点击过的坐标】：[(-10, -10), (np.int64(1174), np.int64(461)), (np.int64(1581), np.int64(461)), (np.int64(1988), np.int64(461))]
2025-10-20 17:41:11 [TRACE] 【坐标太近】视为重复
2025-10-20 17:41:11 [TRACE] 【没有通过的坐标】开始下一轮
2025-10-20 17:41:11 [TRACE] 【本轮的坐标】：(np.int64(1582), np.int64(462)) ------------
2025-10-20 17:41:11 [TRACE] 【已点击过的坐标】：[(-10, -10), (np.int64(1174), np.int64(461)), (np.int64(1581), np.int64(461)), (np.int64(1988), np.int64(461))]
2025-10-20 17:41:11 [TRACE] 【坐标太近】视为重复
2025-10-20 17:41:11 [TRACE] 【没有通过的坐标】开始下一轮
2025-10-20 17:41:11 [TRACE] 【本轮的坐标】：(np.int64(1987), np.int64(462)) ------------
2025-10-20 17:41:11 [TRACE] 【已点击过的坐标】：[(-10, -10), (np.int64(1174), np.int64(461)), (np.int64(1581), np.int64(461)), (np.int64(1988), np.int64(461))]
2025-10-20 17:41:11 [TRACE] 【坐标太近】视为重复
2025-10-20 17:41:11 [TRACE] 【没有通过的坐标】开始下一轮
2025-10-20 17:41:11 [TRACE] 【本轮的坐标】：(np.int64(1988), np.int64(462)) ------------
2025-10-20 17:41:11 [TRACE] 【已点击过的坐标】：[(-10, -10), (np.int64(1174), np.int64(461)), (np.int64(1581), np.int64(461)), (np.int64(1988), np.int64(461))]
2025-10-20 17:41:11 [TRACE] 【坐标太近】视为重复
2025-10-20 17:41:11 [TRACE] 【没有通过的坐标】开始下一轮
2025-10-20 17:41:11 [TRACE] 【本轮的坐标】：(np.int64(1989), np.int64(462)) ------------
2025-10-20 17:41:11 [TRACE] 【已点击过的坐标】：[(-10, -10), (np.int64(1174), np.int64(461)), (np.int64(1581), np.int64(461)), (np.int64(1988), np.int64(461))]
2025-10-20 17:41:11 [TRACE] 【坐标太近】视为重复
2025-10-20 17:41:11 [TRACE] 【没有通过的坐标】开始下一轮
2025-10-20 17:41:11 [TRACE] 【本轮的坐标】：(np.int64(1990), np.int64(462)) ------------
2025-10-20 17:41:11 [TRACE] 【已点击过的坐标】：[(-10, -10), (np.int64(1174), np.int64(461)), (np.int64(1581), np.int64(461)), (np.int64(1988), np.int64(461))]
2025-10-20 17:41:11 [TRACE] 【坐标太近】视为重复
2025-10-20 17:41:11 [TRACE] 【没有通过的坐标】开始下一轮
2025-10-20 17:41:11 [TRACE] 【本轮的坐标】：(np.int64(1174), np.int64(463)) ------------
2025-10-20 17:41:11 [TRACE] 【已点击过的坐标】：[(-10, -10), (np.int64(1174), np.int64(461)), (np.int64(1581), np.int64(461)), (np.int64(1988), np.int64(461))]
2025-10-20 17:41:11 [TRACE] 【坐标太近】视为重复
2025-10-20 17:41:11 [TRACE] 【没有通过的坐标】开始下一轮
2025-10-20 17:41:11 [TRACE] 【本轮的坐标】：(np.int64(1581), np.int64(463)) ------------
2025-10-20 17:41:11 [TRACE] 【已点击过的坐标】：[(-10, -10), (np.int64(1174), np.int64(461)), (np.int64(1581), np.int64(461)), (np.int64(1988), np.int64(461))]
2025-10-20 17:41:11 [TRACE] 【坐标太近】视为重复
2025-10-20 17:41:11 [TRACE] 【没有通过的坐标】开始下一轮
2025-10-20 17:41:11 [TRACE] 【本轮的坐标】：(np.int64(1988), np.int64(463)) ------------
2025-10-20 17:41:11 [TRACE] 【已点击过的坐标】：[(-10, -10), (np.int64(1174), np.int64(461)), (np.int64(1581), np.int64(461)), (np.int64(1988), np.int64(461))]
2025-10-20 17:41:11 [TRACE] 【坐标太近】视为重复
2025-10-20 17:41:11 [TRACE] 【没有通过的坐标】开始下一轮
2025-10-20 17:41:11 [TRACE] 【完成所有点击】有效次数：3
2025-10-20 17:41:12 [TRACE] 【目标检测】屏幕内没有目标
2025-10-20 17:41:13 [TRACE] 【目标检测】屏幕内没有目标
2025-10-20 17:41:15 [TRACE] 【目标检测】屏幕内没有目标
2025-10-20 17:41:16 [TRACE] 【目标检测】屏幕内没有目标
2025-10-20 17:41:19 [TRACE] 【状态】搜索模式：C:\Users\gelon\Desktop\ZA-Lite\assets/images/hollow\battle_end_boss.png 置信度：0.9999361634254456
2025-10-20 17:41:20 [TRACE] 【目标检测】屏幕内没有目标
2025-10-20 17:41:22 [TRACE] 【目标检测】屏幕内没有目标
2025-10-20 17:41:23 [TRACE] 【目标检测】屏幕内没有目标
2025-10-20 17:41:24 [TRACE] 【目标检测】屏幕内没有目标
2025-10-20 17:41:26 [TRACE] 【目标检测】屏幕内没有目标
2025-10-20 17:41:30 [TRACE] 【目标检测】TRAPPED！ 类型：interact 置信度：0.9165992140769958
2025-10-20 17:41:30 [TRACE] 【空洞监听】无匹配已持续：0秒
2025-10-20 17:41:36 [TRACE] 【空洞监听】无匹配已持续：6秒
2025-10-20 17:41:37 [TRACE] 【目标检测】屏幕内没有目标
2025-10-20 17:41:38 [TRACE] 【目标检测】屏幕内没有目标
2025-10-20 17:41:39 [TRACE] 【目标检测】屏幕内没有目标
2025-10-20 17:41:41 [TRACE] 【目标检测】屏幕内没有目标
2025-10-20 17:41:42 [TRACE] 【目标检测】屏幕内没有目标
2025-10-20 17:41:44 [TRACE] 【目标检测】屏幕内没有目标
2025-10-20 17:41:46 [TRACE] 【目标检测】屏幕内没有目标
2025-10-20 17:41:47 [TRACE] 【目标检测】TRAPPED！ 类型：interact 置信度：0.928350031375885
2025-10-20 17:41:54 [TRACE] 【目标检测】屏幕内没有目标
2025-10-20 17:41:55 [TRACE] 【目标检测】屏幕内没有目标
2025-10-20 17:41:57 [TRACE] 【目标检测】屏幕内没有目标
2025-10-20 17:41:58 [TRACE] 【目标检测】屏幕内没有目标
2025-10-20 17:41:59 [TRACE] 【目标检测】TRAPPED！ 类型：interact 置信度：0.9254996180534363
2025-10-20 17:42:05 [TRACE] 【目标检测】TRAPPED！ 类型：interact 置信度：0.9029812216758728
2025-10-20 17:42:09 [TRACE] 【空洞监听】无匹配已持续：0秒
2025-10-20 17:42:12 [TRACE] 【目标检测】屏幕内没有目标
2025-10-20 17:42:13 [TRACE] 【目标检测】屏幕内没有目标
2025-10-20 17:42:14 [TRACE] 【目标检测】屏幕内没有目标
2025-10-20 17:42:15 [TRACE] 【目标检测】屏幕内没有目标
2025-10-20 17:42:16 [TRACE] 【状态】搜索模式：C:\Users\gelon\Desktop\ZA-Lite\assets/images/hollow\gear.png 置信度：0.9997154474258423
2025-10-20 17:42:17 [TRACE] 【目标检测】屏幕内没有目标
2025-10-20 17:42:19 [TRACE] 【目标检测】屏幕内没有目标
2025-10-20 17:42:21 [TRACE] 【目标检测】屏幕内没有目标
2025-10-20 17:42:22 [TRACE] 【目标检测】屏幕内没有目标
2025-10-20 17:42:23 [TRACE] 【状态】搜索模式：C:\Users\gelon\Desktop\ZA-Lite\assets/images/hollow\next_area.png 置信度：0.9999997019767761
2025-10-20 17:42:25 [TRACE] 【目标检测】TRAPPED！ 类型：blue_portal 置信度：0.8080263733863831
2025-10-20 17:42:26 [TRACE] 【状态】搜索模式：C:\Users\gelon\Desktop\ZA-Lite\assets/images/hollow\meter.png 置信度：0.9485844373703003
2025-10-20 17:42:30 [TRACE] 【目标检测】TRAPPED！ 类型：blue_portal 置信度：0.951941967010498
2025-10-20 17:42:34 [TRACE] 【空洞监听】无匹配已持续：0秒
2025-10-20 17:42:37 [TRACE] 【目标检测】屏幕内没有目标
2025-10-20 17:42:38 [TRACE] 【目标检测】屏幕内没有目标
2025-10-20 17:42:40 [TRACE] 【空洞监听】无匹配已持续：6秒
2025-10-20 17:42:43 [TRACE] 【目标检测】TRAPPED！ 类型：interact 置信度：0.6375550031661987
2025-10-20 17:42:47 [TRACE] 【空洞监听】无匹配已持续：12秒
2025-10-20 17:42:50 [TRACE] 【目标检测】TRAPPED！ 类型：interact 置信度：0.9081864953041077
2025-10-20 17:42:53 [TRACE] 【空洞监听】无匹配已持续：18秒
2025-10-20 17:42:53 [TRACE] 【状态】搜索模式：C:\Users\gelon\Desktop\ZA-Lite\assets/images/hollow\resonium.png 置信度：0.9999998807907104
2025-10-20 17:42:54 [TRACE] 【目标出现】C:\Users\gelon\Desktop\ZA-Lite\assets/images/hollow\resonium.png 置信度：0.9999998807907104
2025-10-20 17:42:54 [TRACE] 【本轮的坐标】：(np.int64(1387), np.int64(441)) ------------
2025-10-20 17:42:54 [TRACE] 【已点击过的坐标】：[(-10, -10)]
2025-10-20 17:42:54 [TRACE] 【成功点击】
2025-10-20 17:42:54 [TRACE] 【本轮的坐标】：(np.int64(1776), np.int64(441)) ------------
2025-10-20 17:42:54 [TRACE] 【已点击过的坐标】：[(-10, -10), (np.int64(1387), np.int64(441))]
2025-10-20 17:42:54 [TRACE] 【成功点击】
2025-10-20 17:42:55 [TRACE] 【本轮的坐标】：(np.int64(1777), np.int64(441)) ------------
2025-10-20 17:42:55 [TRACE] 【已点击过的坐标】：[(-10, -10), (np.int64(1387), np.int64(441)), (np.int64(1776), np.int64(441))]
2025-10-20 17:42:55 [TRACE] 【坐标太近】视为重复
2025-10-20 17:42:55 [TRACE] 【没有通过的坐标】开始下一轮
2025-10-20 17:42:55 [TRACE] 【本轮的坐标】：(np.int64(2166), np.int64(441)) ------------
2025-10-20 17:42:55 [TRACE] 【已点击过的坐标】：[(-10, -10), (np.int64(1387), np.int64(441)), (np.int64(1776), np.int64(441))]
2025-10-20 17:42:55 [TRACE] 【成功点击】
2025-10-20 17:42:56 [TRACE] 【本轮的坐标】：(np.int64(1386), np.int64(442)) ------------
2025-10-20 17:42:56 [TRACE] 【已点击过的坐标】：[(-10, -10), (np.int64(1387), np.int64(441)), (np.int64(1776), np.int64(441)), (np.int64(2166), np.int64(441))]
2025-10-20 17:42:56 [TRACE] 【坐标太近】视为重复
2025-10-20 17:42:56 [TRACE] 【没有通过的坐标】开始下一轮
2025-10-20 17:42:56 [TRACE] 【本轮的坐标】：(np.int64(1387), np.int64(442)) ------------
2025-10-20 17:42:56 [TRACE] 【已点击过的坐标】：[(-10, -10), (np.int64(1387), np.int64(441)), (np.int64(1776), np.int64(441)), (np.int64(2166), np.int64(441))]
2025-10-20 17:42:56 [TRACE] 【坐标太近】视为重复
2025-10-20 17:42:56 [TRACE] 【没有通过的坐标】开始下一轮
2025-10-20 17:42:56 [TRACE] 【本轮的坐标】：(np.int64(1388), np.int64(442)) ------------
2025-10-20 17:42:56 [TRACE] 【已点击过的坐标】：[(-10, -10), (np.int64(1387), np.int64(441)), (np.int64(1776), np.int64(441)), (np.int64(2166), np.int64(441))]
2025-10-20 17:42:56 [TRACE] 【坐标太近】视为重复
2025-10-20 17:42:56 [TRACE] 【没有通过的坐标】开始下一轮
2025-10-20 17:42:56 [TRACE] 【本轮的坐标】：(np.int64(1775), np.int64(442)) ------------
2025-10-20 17:42:56 [TRACE] 【已点击过的坐标】：[(-10, -10), (np.int64(1387), np.int64(441)), (np.int64(1776), np.int64(441)), (np.int64(2166), np.int64(441))]
2025-10-20 17:42:56 [TRACE] 【坐标太近】视为重复
2025-10-20 17:42:56 [TRACE] 【没有通过的坐标】开始下一轮
2025-10-20 17:42:56 [TRACE] 【本轮的坐标】：(np.int64(1776), np.int64(442)) ------------
2025-10-20 17:42:56 [TRACE] 【已点击过的坐标】：[(-10, -10), (np.int64(1387), np.int64(441)), (np.int64(1776), np.int64(441)), (np.int64(2166), np.int64(441))]
2025-10-20 17:42:56 [TRACE] 【坐标太近】视为重复
2025-10-20 17:42:56 [TRACE] 【没有通过的坐标】开始下一轮
2025-10-20 17:42:56 [TRACE] 【本轮的坐标】：(np.int64(1777), np.int64(442)) ------------
2025-10-20 17:42:56 [TRACE] 【已点击过的坐标】：[(-10, -10), (np.int64(1387), np.int64(441)), (np.int64(1776), np.int64(441)), (np.int64(2166), np.int64(441))]
2025-10-20 17:42:56 [TRACE] 【坐标太近】视为重复
2025-10-20 17:42:56 [TRACE] 【没有通过的坐标】开始下一轮
2025-10-20 17:42:56 [TRACE] 【本轮的坐标】：(np.int64(1778), np.int64(442)) ------------
2025-10-20 17:42:56 [TRACE] 【已点击过的坐标】：[(-10, -10), (np.int64(1387), np.int64(441)), (np.int64(1776), np.int64(441)), (np.int64(2166), np.int64(441))]
2025-10-20 17:42:56 [TRACE] 【坐标太近】视为重复
2025-10-20 17:42:56 [TRACE] 【没有通过的坐标】开始下一轮
2025-10-20 17:42:56 [TRACE] 【本轮的坐标】：(np.int64(2165), np.int64(442)) ------------
2025-10-20 17:42:56 [TRACE] 【已点击过的坐标】：[(-10, -10), (np.int64(1387), np.int64(441)), (np.int64(1776), np.int64(441)), (np.int64(2166), np.int64(441))]
2025-10-20 17:42:56 [TRACE] 【坐标太近】视为重复
2025-10-20 17:42:56 [TRACE] 【没有通过的坐标】开始下一轮
2025-10-20 17:42:56 [TRACE] 【本轮的坐标】：(np.int64(2166), np.int64(442)) ------------
2025-10-20 17:42:56 [TRACE] 【已点击过的坐标】：[(-10, -10), (np.int64(1387), np.int64(441)), (np.int64(1776), np.int64(441)), (np.int64(2166), np.int64(441))]
2025-10-20 17:42:56 [TRACE] 【坐标太近】视为重复
2025-10-20 17:42:56 [TRACE] 【没有通过的坐标】开始下一轮
2025-10-20 17:42:56 [TRACE] 【本轮的坐标】：(np.int64(2167), np.int64(442)) ------------
2025-10-20 17:42:56 [TRACE] 【已点击过的坐标】：[(-10, -10), (np.int64(1387), np.int64(441)), (np.int64(1776), np.int64(441)), (np.int64(2166), np.int64(441))]
2025-10-20 17:42:56 [TRACE] 【坐标太近】视为重复
2025-10-20 17:42:56 [TRACE] 【没有通过的坐标】开始下一轮
2025-10-20 17:42:56 [TRACE] 【本轮的坐标】：(np.int64(1386), np.int64(443)) ------------
2025-10-20 17:42:56 [TRACE] 【已点击过的坐标】：[(-10, -10), (np.int64(1387), np.int64(441)), (np.int64(1776), np.int64(441)), (np.int64(2166), np.int64(441))]
2025-10-20 17:42:56 [TRACE] 【坐标太近】视为重复
2025-10-20 17:42:56 [TRACE] 【没有通过的坐标】开始下一轮
2025-10-20 17:42:56 [TRACE] 【本轮的坐标】：(np.int64(1387), np.int64(443)) ------------
2025-10-20 17:42:56 [TRACE] 【已点击过的坐标】：[(-10, -10), (np.int64(1387), np.int64(441)), (np.int64(1776), np.int64(441)), (np.int64(2166), np.int64(441))]
2025-10-20 17:42:56 [TRACE] 【坐标太近】视为重复
2025-10-20 17:42:56 [TRACE] 【没有通过的坐标】开始下一轮
2025-10-20 17:42:56 [TRACE] 【本轮的坐标】：(np.int64(1776), np.int64(443)) ------------
2025-10-20 17:42:56 [TRACE] 【已点击过的坐标】：[(-10, -10), (np.int64(1387), np.int64(441)), (np.int64(1776), np.int64(441)), (np.int64(2166), np.int64(441))]
2025-10-20 17:42:56 [TRACE] 【坐标太近】视为重复
2025-10-20 17:42:56 [TRACE] 【没有通过的坐标】开始下一轮
2025-10-20 17:42:56 [TRACE] 【本轮的坐标】：(np.int64(2166), np.int64(443)) ------------
2025-10-20 17:42:56 [TRACE] 【已点击过的坐标】：[(-10, -10), (np.int64(1387), np.int64(441)), (np.int64(1776), np.int64(441)), (np.int64(2166), np.int64(441))]
2025-10-20 17:42:56 [TRACE] 【坐标太近】视为重复
2025-10-20 17:42:56 [TRACE] 【没有通过的坐标】开始下一轮
2025-10-20 17:42:56 [TRACE] 【完成所有点击】有效次数：3
2025-10-20 17:42:56 [TRACE] 【状态】搜索模式：C:\Users\gelon\Desktop\ZA-Lite\assets/images/hollow\card.png 置信度：0.986535370349884
2025-10-20 17:42:59 [TRACE] 【目标检测】屏幕内没有目标
2025-10-20 17:43:00 [TRACE] 【目标检测】目标存在，但置信度不足
2025-10-20 17:43:02 [TRACE] 【状态】搜索模式：C:\Users\gelon\Desktop\ZA-Lite\assets/images/hollow\resonium.png 置信度：1.0
2025-10-20 17:43:03 [TRACE] 【目标出现】C:\Users\gelon\Desktop\ZA-Lite\assets/images/hollow\resonium.png 置信度：0.9999998807907104
2025-10-20 17:43:03 [TRACE] 【本轮的坐标】：(np.int64(1387), np.int64(441)) ------------
2025-10-20 17:43:03 [TRACE] 【已点击过的坐标】：[(-10, -10)]
2025-10-20 17:43:03 [TRACE] 【成功点击】
2025-10-20 17:43:03 [TRACE] 【本轮的坐标】：(np.int64(1776), np.int64(441)) ------------
2025-10-20 17:43:03 [TRACE] 【已点击过的坐标】：[(-10, -10), (np.int64(1387), np.int64(441))]
2025-10-20 17:43:03 [TRACE] 【成功点击】
2025-10-20 17:43:04 [TRACE] 【目标检测】目标存在，但置信度不足
2025-10-20 17:43:04 [TRACE] 【本轮的坐标】：(np.int64(1777), np.int64(441)) ------------
2025-10-20 17:43:04 [TRACE] 【已点击过的坐标】：[(-10, -10), (np.int64(1387), np.int64(441)), (np.int64(1776), np.int64(441))]
2025-10-20 17:43:04 [TRACE] 【坐标太近】视为重复
2025-10-20 17:43:04 [TRACE] 【没有通过的坐标】开始下一轮
2025-10-20 17:43:04 [TRACE] 【本轮的坐标】：(np.int64(2166), np.int64(441)) ------------
2025-10-20 17:43:04 [TRACE] 【已点击过的坐标】：[(-10, -10), (np.int64(1387), np.int64(441)), (np.int64(1776), np.int64(441))]
2025-10-20 17:43:04 [TRACE] 【成功点击】
2025-10-20 17:43:05 [TRACE] 【本轮的坐标】：(np.int64(1386), np.int64(442)) ------------
2025-10-20 17:43:05 [TRACE] 【已点击过的坐标】：[(-10, -10), (np.int64(1387), np.int64(441)), (np.int64(1776), np.int64(441)), (np.int64(2166), np.int64(441))]
2025-10-20 17:43:05 [TRACE] 【坐标太近】视为重复
2025-10-20 17:43:05 [TRACE] 【没有通过的坐标】开始下一轮
2025-10-20 17:43:05 [TRACE] 【本轮的坐标】：(np.int64(1387), np.int64(442)) ------------
2025-10-20 17:43:05 [TRACE] 【已点击过的坐标】：[(-10, -10), (np.int64(1387), np.int64(441)), (np.int64(1776), np.int64(441)), (np.int64(2166), np.int64(441))]
2025-10-20 17:43:05 [TRACE] 【坐标太近】视为重复
2025-10-20 17:43:05 [TRACE] 【没有通过的坐标】开始下一轮
2025-10-20 17:43:05 [TRACE] 【本轮的坐标】：(np.int64(1388), np.int64(442)) ------------
2025-10-20 17:43:05 [TRACE] 【已点击过的坐标】：[(-10, -10), (np.int64(1387), np.int64(441)), (np.int64(1776), np.int64(441)), (np.int64(2166), np.int64(441))]
2025-10-20 17:43:05 [TRACE] 【坐标太近】视为重复
2025-10-20 17:43:05 [TRACE] 【没有通过的坐标】开始下一轮
2025-10-20 17:43:05 [TRACE] 【本轮的坐标】：(np.int64(1775), np.int64(442)) ------------
2025-10-20 17:43:05 [TRACE] 【已点击过的坐标】：[(-10, -10), (np.int64(1387), np.int64(441)), (np.int64(1776), np.int64(441)), (np.int64(2166), np.int64(441))]
2025-10-20 17:43:05 [TRACE] 【坐标太近】视为重复
2025-10-20 17:43:05 [TRACE] 【没有通过的坐标】开始下一轮
2025-10-20 17:43:05 [TRACE] 【本轮的坐标】：(np.int64(1776), np.int64(442)) ------------
2025-10-20 17:43:05 [TRACE] 【已点击过的坐标】：[(-10, -10), (np.int64(1387), np.int64(441)), (np.int64(1776), np.int64(441)), (np.int64(2166), np.int64(441))]
2025-10-20 17:43:05 [TRACE] 【坐标太近】视为重复
2025-10-20 17:43:05 [TRACE] 【没有通过的坐标】开始下一轮
2025-10-20 17:43:05 [TRACE] 【本轮的坐标】：(np.int64(1777), np.int64(442)) ------------
2025-10-20 17:43:05 [TRACE] 【已点击过的坐标】：[(-10, -10), (np.int64(1387), np.int64(441)), (np.int64(1776), np.int64(441)), (np.int64(2166), np.int64(441))]
2025-10-20 17:43:05 [TRACE] 【坐标太近】视为重复
2025-10-20 17:43:05 [TRACE] 【没有通过的坐标】开始下一轮
2025-10-20 17:43:05 [TRACE] 【本轮的坐标】：(np.int64(1778), np.int64(442)) ------------
2025-10-20 17:43:05 [TRACE] 【已点击过的坐标】：[(-10, -10), (np.int64(1387), np.int64(441)), (np.int64(1776), np.int64(441)), (np.int64(2166), np.int64(441))]
2025-10-20 17:43:05 [TRACE] 【坐标太近】视为重复
2025-10-20 17:43:05 [TRACE] 【没有通过的坐标】开始下一轮
2025-10-20 17:43:05 [TRACE] 【本轮的坐标】：(np.int64(2165), np.int64(442)) ------------
2025-10-20 17:43:05 [TRACE] 【已点击过的坐标】：[(-10, -10), (np.int64(1387), np.int64(441)), (np.int64(1776), np.int64(441)), (np.int64(2166), np.int64(441))]
2025-10-20 17:43:05 [TRACE] 【坐标太近】视为重复
2025-10-20 17:43:05 [TRACE] 【没有通过的坐标】开始下一轮
2025-10-20 17:43:05 [TRACE] 【本轮的坐标】：(np.int64(2166), np.int64(442)) ------------
2025-10-20 17:43:05 [TRACE] 【已点击过的坐标】：[(-10, -10), (np.int64(1387), np.int64(441)), (np.int64(1776), np.int64(441)), (np.int64(2166), np.int64(441))]
2025-10-20 17:43:05 [TRACE] 【坐标太近】视为重复
2025-10-20 17:43:05 [TRACE] 【没有通过的坐标】开始下一轮
2025-10-20 17:43:05 [TRACE] 【本轮的坐标】：(np.int64(2167), np.int64(442)) ------------
2025-10-20 17:43:05 [TRACE] 【已点击过的坐标】：[(-10, -10), (np.int64(1387), np.int64(441)), (np.int64(1776), np.int64(441)), (np.int64(2166), np.int64(441))]
2025-10-20 17:43:05 [TRACE] 【坐标太近】视为重复
2025-10-20 17:43:05 [TRACE] 【没有通过的坐标】开始下一轮
2025-10-20 17:43:05 [TRACE] 【本轮的坐标】：(np.int64(1386), np.int64(443)) ------------
2025-10-20 17:43:05 [TRACE] 【已点击过的坐标】：[(-10, -10), (np.int64(1387), np.int64(441)), (np.int64(1776), np.int64(441)), (np.int64(2166), np.int64(441))]
2025-10-20 17:43:05 [TRACE] 【坐标太近】视为重复
2025-10-20 17:43:05 [TRACE] 【没有通过的坐标】开始下一轮
2025-10-20 17:43:05 [TRACE] 【本轮的坐标】：(np.int64(1387), np.int64(443)) ------------
2025-10-20 17:43:05 [TRACE] 【已点击过的坐标】：[(-10, -10), (np.int64(1387), np.int64(441)), (np.int64(1776), np.int64(441)), (np.int64(2166), np.int64(441))]
2025-10-20 17:43:05 [TRACE] 【坐标太近】视为重复
2025-10-20 17:43:05 [TRACE] 【没有通过的坐标】开始下一轮
2025-10-20 17:43:05 [TRACE] 【本轮的坐标】：(np.int64(1776), np.int64(443)) ------------
2025-10-20 17:43:05 [TRACE] 【已点击过的坐标】：[(-10, -10), (np.int64(1387), np.int64(441)), (np.int64(1776), np.int64(441)), (np.int64(2166), np.int64(441))]
2025-10-20 17:43:05 [TRACE] 【坐标太近】视为重复
2025-10-20 17:43:05 [TRACE] 【没有通过的坐标】开始下一轮
2025-10-20 17:43:05 [TRACE] 【本轮的坐标】：(np.int64(2166), np.int64(443)) ------------
2025-10-20 17:43:05 [TRACE] 【已点击过的坐标】：[(-10, -10), (np.int64(1387), np.int64(441)), (np.int64(1776), np.int64(441)), (np.int64(2166), np.int64(441))]
2025-10-20 17:43:05 [TRACE] 【坐标太近】视为重复
2025-10-20 17:43:05 [TRACE] 【没有通过的坐标】开始下一轮
2025-10-20 17:43:05 [TRACE] 【完成所有点击】有效次数：3
2025-10-20 17:43:05 [TRACE] 【状态】搜索模式：C:\Users\gelon\Desktop\ZA-Lite\assets/images/hollow\card.png 置信度：0.98653644323349
2025-10-20 17:43:06 [TRACE] 【目标检测】微调超时，无法对齐！
2025-10-20 17:43:09 [TRACE] 【目标检测】目标存在，但置信度不足
2025-10-20 17:43:12 [TRACE] 【状态】搜索模式：C:\Users\gelon\Desktop\ZA-Lite\assets/images/hollow\next_area.png 置信度：0.9999994039535522
2025-10-20 17:43:15 [TRACE] 【目标检测】微调超时，无法对齐！
2025-10-20 17:43:22 [TRACE] 【状态】搜索模式：C:\Users\gelon\Desktop\ZA-Lite\assets/images/hollow\meter.png 置信度：0.9892876148223877
2025-10-20 17:43:22 [TRACE] 【目标检测】TRAPPED！ 类型：guide_point 置信度：0.9291695952415466
2025-10-20 17:43:29 [TRACE] 【目标检测】屏幕内没有目标
2025-10-20 17:43:30 [TRACE] 【空洞监听】无匹配已持续：0秒
2025-10-20 17:43:31 [TRACE] 【目标检测】屏幕内没有目标
2025-10-20 17:43:32 [TRACE] 【目标检测】屏幕内没有目标
2025-10-20 17:43:34 [TRACE] 【目标检测】屏幕内没有目标
2025-10-20 17:43:35 [TRACE] 【目标检测】屏幕内没有目标
2025-10-20 17:43:37 [TRACE] 【目标检测】屏幕内没有目标
2025-10-20 17:43:39 [TRACE] 【目标检测】屏幕内没有目标
2025-10-20 17:43:40 [TRACE] 【目标检测】屏幕内没有目标
2025-10-20 17:43:40 [TRACE] 【状态】战斗模式：C:\Users\gelon\Desktop\ZA-Lite\assets/images/hollow\battle_4.png 置信度：0.9999997019767761
2025-10-20 17:43:47 [TRACE] 【状态】战斗模式：C:\Users\gelon\Desktop\ZA-Lite\assets/images/hollow\battle_4.png 置信度：0.9999992847442627
2025-10-20 17:43:47 [TRACE] 【状态】战斗模式：C:\Users\gelon\Desktop\ZA-Lite\assets/images/hollow\battle_5.png 置信度：0.9808064699172974
2025-10-20 17:43:53 [TRACE] 【状态】战斗模式：C:\Users\gelon\Desktop\ZA-Lite\assets/images/hollow\battle_4.png 置信度：0.9999995231628418
2025-10-20 17:43:54 [TRACE] 【状态】战斗模式：C:\Users\gelon\Desktop\ZA-Lite\assets/images/hollow\battle_5.png 置信度：0.9709951877593994
2025-10-20 17:44:00 [TRACE] 【状态】战斗模式：C:\Users\gelon\Desktop\ZA-Lite\assets/images/hollow\battle_5.png 置信度：0.9635652303695679
2025-10-20 17:44:07 [TRACE] 【状态】战斗模式：C:\Users\gelon\Desktop\ZA-Lite\assets/images/hollow\battle_5.png 置信度：0.9768912196159363
2025-10-20 17:44:17 [TRACE] 【状态】搜索模式：C:\Users\gelon\Desktop\ZA-Lite\assets/images/hollow\next_area.png 置信度：0.9999997019767761
2025-10-20 17:44:24 [TRACE] 【目标检测】微调超时，无法对齐！
2025-10-20 17:44:28 [TRACE] 【目标检测】TRAPPED！ 类型：guide_point 置信度：0.9517607688903809
2025-10-20 17:44:29 [TRACE] 【空洞监听】无匹配已持续：0秒
2025-10-20 17:44:34 [TRACE] 【目标检测】屏幕内没有目标
2025-10-20 17:44:35 [TRACE] 【空洞监听】无匹配已持续：6秒
2025-10-20 17:44:36 [TRACE] 【目标检测】目标存在，但置信度不足
2025-10-20 17:44:37 [TRACE] 【目标检测】屏幕内没有目标
2025-10-20 17:44:39 [TRACE] 【目标检测】屏幕内没有目标
2025-10-20 17:44:40 [TRACE] 【目标检测】屏幕内没有目标
2025-10-20 17:44:41 [TRACE] 【空洞监听】无匹配已持续：12秒
2025-10-20 17:44:42 [TRACE] 【目标检测】屏幕内没有目标
2025-10-20 17:44:44 [TRACE] 【目标检测】屏幕内没有目标
2025-10-20 17:44:46 [TRACE] 【目标检测】屏幕内没有目标
2025-10-20 17:44:48 [TRACE] 【空洞监听】无匹配已持续：19秒
2025-10-20 17:44:51 [TRACE] 【目标检测】TRAPPED！ 类型：interact 置信度：0.9391236901283264
2025-10-20 17:44:54 [TRACE] 【空洞监听】无匹配已持续：25秒
2025-10-20 17:44:58 [TRACE] 【目标检测】屏幕内没有目标
2025-10-20 17:45:00 [TRACE] 【目标检测】屏幕内没有目标
2025-10-20 17:45:01 [TRACE] 【目标检测】屏幕内没有目标
2025-10-20 17:45:02 [TRACE] 【目标检测】屏幕内没有目标
2025-10-20 17:45:04 [TRACE] 【目标检测】屏幕内没有目标
2025-10-20 17:45:06 [TRACE] 【目标检测】屏幕内没有目标
2025-10-20 17:45:08 [TRACE] 【目标检测】屏幕内没有目标
2025-10-20 17:45:09 [TRACE] 【目标检测】屏幕内没有目标
2025-10-20 17:45:10 [TRACE] 【目标检测】屏幕内没有目标
2025-10-20 17:45:12 [TRACE] 【目标检测】屏幕内没有目标
2025-10-20 17:45:14 [TRACE] 【目标检测】屏幕内没有目标
2025-10-20 17:45:16 [TRACE] 【目标检测】屏幕内没有目标
2025-10-20 17:45:17 [TRACE] 【目标检测】屏幕内没有目标
2025-10-20 17:45:18 [TRACE] 【目标检测】屏幕内没有目标
2025-10-20 17:45:20 [TRACE] 【目标检测】屏幕内没有目标
2025-10-20 17:45:22 [TRACE] 【目标检测】屏幕内没有目标
2025-10-20 17:45:23 [TRACE] 【目标检测】屏幕内没有目标
2025-10-20 17:45:25 [TRACE] 【目标检测】屏幕内没有目标
2025-10-20 17:45:26 [TRACE] 【目标检测】屏幕内没有目标
2025-10-20 17:45:27 [TRACE] 【目标检测】屏幕内没有目标
2025-10-20 17:45:30 [TRACE] 【目标检测】屏幕内没有目标
2025-10-20 17:45:31 [TRACE] 【目标检测】屏幕内没有目标
2025-10-20 17:45:33 [TRACE] 【目标检测】屏幕内没有目标
2025-10-20 17:45:34 [TRACE] 【目标检测】屏幕内没有目标
2025-10-20 17:45:35 [TRACE] 【目标检测】屏幕内没有目标
2025-10-20 17:45:38 [TRACE] 【目标检测】屏幕内没有目标
2025-10-20 17:45:39 [TRACE] 【目标检测】屏幕内没有目标
2025-10-20 17:45:40 [TRACE] 【目标检测】屏幕内没有目标
2025-10-20 17:45:42 [TRACE] 【目标检测】屏幕内没有目标
2025-10-20 17:45:43 [TRACE] 【目标检测】屏幕内没有目标
2025-10-20 17:45:46 [TRACE] 【目标检测】屏幕内没有目标
2025-10-20 17:45:47 [TRACE] 【目标检测】屏幕内没有目标
2025-10-20 17:45:49 [TRACE] 【目标检测】屏幕内没有目标
2025-10-20 17:45:50 [TRACE] 【目标检测】屏幕内没有目标
2025-10-20 17:45:51 [TRACE] 【目标检测】屏幕内没有目标
2025-10-20 17:45:53 [TRACE] 【目标检测】屏幕内没有目标
2025-10-20 17:45:55 [TRACE] 【目标检测】屏幕内没有目标
2025-10-20 17:45:56 [TRACE] 【目标检测】屏幕内没有目标
2025-10-20 17:45:57 [TRACE] 【目标检测】屏幕内没有目标
2025-10-20 17:45:59 [TRACE] 【目标检测】屏幕内没有目标
2025-10-20 17:46:01 [TRACE] 【目标检测】屏幕内没有目标
2025-10-20 17:46:02 [TRACE] 【目标检测】屏幕内没有目标
2025-10-20 17:46:04 [TRACE] 【目标检测】屏幕内没有目标
2025-10-20 17:46:05 [TRACE] 【目标检测】屏幕内没有目标
2025-10-20 17:46:07 [TRACE] 【目标检测】屏幕内没有目标
2025-10-20 17:46:09 [TRACE] 【目标检测】屏幕内没有目标
2025-10-20 17:46:10 [TRACE] 【目标检测】屏幕内没有目标
2025-10-20 17:46:12 [TRACE] 【目标检测】屏幕内没有目标
2025-10-20 17:46:12 [TRACE] 【状态】搜索模式：C:\Users\gelon\Desktop\ZA-Lite\assets/images/hollow\resonium.png 置信度：0.9920591711997986
2025-10-20 17:46:12 [TRACE] 【目标出现】C:\Users\gelon\Desktop\ZA-Lite\assets/images/hollow\resonium.png 置信度：0.9920591711997986
2025-10-20 17:46:12 [TRACE] 【本轮的坐标】：(np.int64(1581), np.int64(461)) ------------
2025-10-20 17:46:12 [TRACE] 【已点击过的坐标】：[(-10, -10)]
2025-10-20 17:46:12 [TRACE] 【成功点击】
2025-10-20 17:46:13 [TRACE] 【目标检测】屏幕内没有目标
2025-10-20 17:46:13 [TRACE] 【本轮的坐标】：(np.int64(1582), np.int64(461)) ------------
2025-10-20 17:46:13 [TRACE] 【已点击过的坐标】：[(-10, -10), (np.int64(1581), np.int64(461))]
2025-10-20 17:46:13 [TRACE] 【坐标太近】视为重复
2025-10-20 17:46:13 [TRACE] 【没有通过的坐标】开始下一轮
2025-10-20 17:46:13 [TRACE] 【本轮的坐标】：(np.int64(1580), np.int64(462)) ------------
2025-10-20 17:46:13 [TRACE] 【已点击过的坐标】：[(-10, -10), (np.int64(1581), np.int64(461))]
2025-10-20 17:46:13 [TRACE] 【坐标太近】视为重复
2025-10-20 17:46:13 [TRACE] 【没有通过的坐标】开始下一轮
2025-10-20 17:46:13 [TRACE] 【本轮的坐标】：(np.int64(1581), np.int64(462)) ------------
2025-10-20 17:46:13 [TRACE] 【已点击过的坐标】：[(-10, -10), (np.int64(1581), np.int64(461))]
2025-10-20 17:46:13 [TRACE] 【坐标太近】视为重复
2025-10-20 17:46:13 [TRACE] 【没有通过的坐标】开始下一轮
2025-10-20 17:46:13 [TRACE] 【本轮的坐标】：(np.int64(1582), np.int64(462)) ------------
2025-10-20 17:46:13 [TRACE] 【已点击过的坐标】：[(-10, -10), (np.int64(1581), np.int64(461))]
2025-10-20 17:46:13 [TRACE] 【坐标太近】视为重复
2025-10-20 17:46:13 [TRACE] 【没有通过的坐标】开始下一轮
2025-10-20 17:46:13 [TRACE] 【本轮的坐标】：(np.int64(1581), np.int64(463)) ------------
2025-10-20 17:46:13 [TRACE] 【已点击过的坐标】：[(-10, -10), (np.int64(1581), np.int64(461))]
2025-10-20 17:46:13 [TRACE] 【坐标太近】视为重复
2025-10-20 17:46:13 [TRACE] 【没有通过的坐标】开始下一轮
2025-10-20 17:46:13 [TRACE] 【完成所有点击】有效次数：1
2025-10-20 17:46:14 [TRACE] 【目标检测】屏幕内没有目标
2025-10-20 17:46:16 [TRACE] 【目标检测】屏幕内没有目标
2025-10-20 17:46:18 [TRACE] 【目标检测】屏幕内没有目标
2025-10-20 17:46:23 [TRACE] 【状态】搜索模式：C:\Users\gelon\Desktop\ZA-Lite\assets/images/hollow\meter.png 置信度：0.9808923006057739
2025-10-20 17:46:26 [TRACE] 【目标检测】微调超时，无法对齐！
2025-10-20 17:46:30 [TRACE] 【状态】搜索模式：C:\Users\gelon\Desktop\ZA-Lite\assets/images/hollow\meter.png 置信度：0.9656882882118225
2025-10-20 17:46:30 [TRACE] 【目标检测】TRAPPED！ 类型：guide_point 置信度：0.9513789415359497
2025-10-20 17:46:37 [TRACE] 【目标检测】屏幕内没有目标
2025-10-20 17:46:38 [TRACE] 【空洞监听】无匹配已持续：0秒
2025-10-20 17:46:38 [TRACE] 【目标检测】屏幕内没有目标
2025-10-20 17:46:40 [TRACE] 【目标检测】屏幕内没有目标
2025-10-20 17:46:41 [TRACE] 【目标检测】屏幕内没有目标
2025-10-20 17:46:43 [TRACE] 【目标检测】屏幕内没有目标
2025-10-20 17:46:45 [TRACE] 【目标检测】屏幕内没有目标
2025-10-20 17:46:47 [TRACE] 【目标检测】屏幕内没有目标
2025-10-20 17:46:49 [TRACE] 【目标检测】屏幕内没有目标
2025-10-20 17:46:49 [TRACE] 【状态】战斗模式：C:\Users\gelon\Desktop\ZA-Lite\assets/images/hollow\battle_3.png 置信度：0.9999999403953552
2025-10-20 17:46:58 [TRACE] 【空洞监听】无匹配已持续：0秒
2025-10-20 17:47:05 [TRACE] 【空洞监听】无匹配已持续：6秒
2025-10-20 17:47:11 [TRACE] 【空洞监听】无匹配已持续：12秒
2025-10-20 17:47:16 [TRACE] 【状态】战斗模式：正在受到攻击
2025-10-20 17:47:23 [TRACE] 【空洞监听】无匹配已持续：0秒
2025-10-20 17:47:29 [TRACE] 【空洞监听】无匹配已持续：5秒
2025-10-20 17:47:35 [TRACE] 【状态】战斗模式：正在受到攻击
2025-10-20 17:47:40 [TRACE] 【空洞监听】无匹配已持续：0秒
2025-10-20 17:47:46 [TRACE] 【状态】战斗模式：正在受到攻击
2025-10-20 17:47:53 [TRACE] 【状态】搜索模式：C:\Users\gelon\Desktop\ZA-Lite\assets/images/hollow\resonium.png 置信度：1.0
2025-10-20 17:47:53 [TRACE] 【目标出现】C:\Users\gelon\Desktop\ZA-Lite\assets/images/hollow\resonium.png 置信度：1.0
2025-10-20 17:47:53 [TRACE] 【本轮的坐标】：(np.int64(971), np.int64(461)) ------------
2025-10-20 17:47:53 [TRACE] 【已点击过的坐标】：[(-10, -10)]
2025-10-20 17:47:53 [TRACE] 【成功点击】
2025-10-20 17:47:54 [TRACE] 【本轮的坐标】：(np.int64(1378), np.int64(461)) ------------
2025-10-20 17:47:54 [TRACE] 【已点击过的坐标】：[(-10, -10), (np.int64(971), np.int64(461))]
2025-10-20 17:47:54 [TRACE] 【成功点击】
2025-10-20 17:47:55 [TRACE] 【本轮的坐标】：(np.int64(1785), np.int64(461)) ------------
2025-10-20 17:47:55 [TRACE] 【已点击过的坐标】：[(-10, -10), (np.int64(971), np.int64(461)), (np.int64(1378), np.int64(461))]
2025-10-20 17:47:55 [TRACE] 【成功点击】
2025-10-20 17:47:55 [TRACE] 【本轮的坐标】：(np.int64(1786), np.int64(461)) ------------
2025-10-20 17:47:55 [TRACE] 【已点击过的坐标】：[(-10, -10), (np.int64(971), np.int64(461)), (np.int64(1378), np.int64(461)), (np.int64(1785), np.int64(461))]
2025-10-20 17:47:55 [TRACE] 【坐标太近】视为重复
2025-10-20 17:47:55 [TRACE] 【没有通过的坐标】开始下一轮
2025-10-20 17:47:55 [TRACE] 【本轮的坐标】：(np.int64(2192), np.int64(461)) ------------
2025-10-20 17:47:55 [TRACE] 【已点击过的坐标】：[(-10, -10), (np.int64(971), np.int64(461)), (np.int64(1378), np.int64(461)), (np.int64(1785), np.int64(461))]
2025-10-20 17:47:55 [TRACE] 【成功点击】
2025-10-20 17:47:56 [TRACE] 【目标检测】目标存在，但置信度不足
2025-10-20 17:47:56 [TRACE] 【本轮的坐标】：(np.int64(2193), np.int64(461)) ------------
2025-10-20 17:47:56 [TRACE] 【已点击过的坐标】：[(-10, -10), (np.int64(971), np.int64(461)), (np.int64(1378), np.int64(461)), (np.int64(1785), np.int64(461)), (np.int64(2192), np.int64(461))]
2025-10-20 17:47:56 [TRACE] 【坐标太近】视为重复
2025-10-20 17:47:56 [TRACE] 【没有通过的坐标】开始下一轮
2025-10-20 17:47:56 [TRACE] 【本轮的坐标】：(np.int64(970), np.int64(462)) ------------
2025-10-20 17:47:56 [TRACE] 【已点击过的坐标】：[(-10, -10), (np.int64(971), np.int64(461)), (np.int64(1378), np.int64(461)), (np.int64(1785), np.int64(461)), (np.int64(2192), np.int64(461))]
2025-10-20 17:47:56 [TRACE] 【坐标太近】视为重复
2025-10-20 17:47:56 [TRACE] 【没有通过的坐标】开始下一轮
2025-10-20 17:47:56 [TRACE] 【本轮的坐标】：(np.int64(971), np.int64(462)) ------------
2025-10-20 17:47:56 [TRACE] 【已点击过的坐标】：[(-10, -10), (np.int64(971), np.int64(461)), (np.int64(1378), np.int64(461)), (np.int64(1785), np.int64(461)), (np.int64(2192), np.int64(461))]
2025-10-20 17:47:56 [TRACE] 【坐标太近】视为重复
2025-10-20 17:47:56 [TRACE] 【没有通过的坐标】开始下一轮
2025-10-20 17:47:56 [TRACE] 【本轮的坐标】：(np.int64(972), np.int64(462)) ------------
2025-10-20 17:47:56 [TRACE] 【已点击过的坐标】：[(-10, -10), (np.int64(971), np.int64(461)), (np.int64(1378), np.int64(461)), (np.int64(1785), np.int64(461)), (np.int64(2192), np.int64(461))]
2025-10-20 17:47:56 [TRACE] 【坐标太近】视为重复
2025-10-20 17:47:56 [TRACE] 【没有通过的坐标】开始下一轮
2025-10-20 17:47:56 [TRACE] 【本轮的坐标】：(np.int64(1377), np.int64(462)) ------------
2025-10-20 17:47:56 [TRACE] 【已点击过的坐标】：[(-10, -10), (np.int64(971), np.int64(461)), (np.int64(1378), np.int64(461)), (np.int64(1785), np.int64(461)), (np.int64(2192), np.int64(461))]
2025-10-20 17:47:56 [TRACE] 【坐标太近】视为重复
2025-10-20 17:47:56 [TRACE] 【没有通过的坐标】开始下一轮
2025-10-20 17:47:56 [TRACE] 【本轮的坐标】：(np.int64(1378), np.int64(462)) ------------
2025-10-20 17:47:56 [TRACE] 【已点击过的坐标】：[(-10, -10), (np.int64(971), np.int64(461)), (np.int64(1378), np.int64(461)), (np.int64(1785), np.int64(461)), (np.int64(2192), np.int64(461))]
2025-10-20 17:47:56 [TRACE] 【坐标太近】视为重复
2025-10-20 17:47:56 [TRACE] 【没有通过的坐标】开始下一轮
2025-10-20 17:47:56 [TRACE] 【本轮的坐标】：(np.int64(1379), np.int64(462)) ------------
2025-10-20 17:47:56 [TRACE] 【已点击过的坐标】：[(-10, -10), (np.int64(971), np.int64(461)), (np.int64(1378), np.int64(461)), (np.int64(1785), np.int64(461)), (np.int64(2192), np.int64(461))]
2025-10-20 17:47:56 [TRACE] 【坐标太近】视为重复
2025-10-20 17:47:56 [TRACE] 【没有通过的坐标】开始下一轮
2025-10-20 17:47:56 [TRACE] 【本轮的坐标】：(np.int64(1784), np.int64(462)) ------------
2025-10-20 17:47:56 [TRACE] 【已点击过的坐标】：[(-10, -10), (np.int64(971), np.int64(461)), (np.int64(1378), np.int64(461)), (np.int64(1785), np.int64(461)), (np.int64(2192), np.int64(461))]
2025-10-20 17:47:56 [TRACE] 【坐标太近】视为重复
2025-10-20 17:47:56 [TRACE] 【没有通过的坐标】开始下一轮
2025-10-20 17:47:56 [TRACE] 【本轮的坐标】：(np.int64(1785), np.int64(462)) ------------
2025-10-20 17:47:56 [TRACE] 【已点击过的坐标】：[(-10, -10), (np.int64(971), np.int64(461)), (np.int64(1378), np.int64(461)), (np.int64(1785), np.int64(461)), (np.int64(2192), np.int64(461))]
2025-10-20 17:47:56 [TRACE] 【坐标太近】视为重复
2025-10-20 17:47:56 [TRACE] 【没有通过的坐标】开始下一轮
2025-10-20 17:47:56 [TRACE] 【本轮的坐标】：(np.int64(1786), np.int64(462)) ------------
2025-10-20 17:47:56 [TRACE] 【已点击过的坐标】：[(-10, -10), (np.int64(971), np.int64(461)), (np.int64(1378), np.int64(461)), (np.int64(1785), np.int64(461)), (np.int64(2192), np.int64(461))]
2025-10-20 17:47:56 [TRACE] 【坐标太近】视为重复
2025-10-20 17:47:56 [TRACE] 【没有通过的坐标】开始下一轮
2025-10-20 17:47:56 [TRACE] 【本轮的坐标】：(np.int64(2191), np.int64(462)) ------------
2025-10-20 17:47:56 [TRACE] 【已点击过的坐标】：[(-10, -10), (np.int64(971), np.int64(461)), (np.int64(1378), np.int64(461)), (np.int64(1785), np.int64(461)), (np.int64(2192), np.int64(461))]
2025-10-20 17:47:56 [TRACE] 【坐标太近】视为重复
2025-10-20 17:47:56 [TRACE] 【没有通过的坐标】开始下一轮
2025-10-20 17:47:56 [TRACE] 【本轮的坐标】：(np.int64(2192), np.int64(462)) ------------
2025-10-20 17:47:56 [TRACE] 【已点击过的坐标】：[(-10, -10), (np.int64(971), np.int64(461)), (np.int64(1378), np.int64(461)), (np.int64(1785), np.int64(461)), (np.int64(2192), np.int64(461))]
2025-10-20 17:47:56 [TRACE] 【坐标太近】视为重复
2025-10-20 17:47:56 [TRACE] 【没有通过的坐标】开始下一轮
2025-10-20 17:47:56 [TRACE] 【本轮的坐标】：(np.int64(2193), np.int64(462)) ------------
2025-10-20 17:47:56 [TRACE] 【已点击过的坐标】：[(-10, -10), (np.int64(971), np.int64(461)), (np.int64(1378), np.int64(461)), (np.int64(1785), np.int64(461)), (np.int64(2192), np.int64(461))]
2025-10-20 17:47:56 [TRACE] 【坐标太近】视为重复
2025-10-20 17:47:56 [TRACE] 【没有通过的坐标】开始下一轮
2025-10-20 17:47:56 [TRACE] 【本轮的坐标】：(np.int64(2194), np.int64(462)) ------------
2025-10-20 17:47:56 [TRACE] 【已点击过的坐标】：[(-10, -10), (np.int64(971), np.int64(461)), (np.int64(1378), np.int64(461)), (np.int64(1785), np.int64(461)), (np.int64(2192), np.int64(461))]
2025-10-20 17:47:56 [TRACE] 【坐标太近】视为重复
2025-10-20 17:47:56 [TRACE] 【没有通过的坐标】开始下一轮
2025-10-20 17:47:56 [TRACE] 【本轮的坐标】：(np.int64(970), np.int64(463)) ------------
2025-10-20 17:47:56 [TRACE] 【已点击过的坐标】：[(-10, -10), (np.int64(971), np.int64(461)), (np.int64(1378), np.int64(461)), (np.int64(1785), np.int64(461)), (np.int64(2192), np.int64(461))]
2025-10-20 17:47:56 [TRACE] 【坐标太近】视为重复
2025-10-20 17:47:56 [TRACE] 【没有通过的坐标】开始下一轮
2025-10-20 17:47:56 [TRACE] 【本轮的坐标】：(np.int64(971), np.int64(463)) ------------
2025-10-20 17:47:56 [TRACE] 【已点击过的坐标】：[(-10, -10), (np.int64(971), np.int64(461)), (np.int64(1378), np.int64(461)), (np.int64(1785), np.int64(461)), (np.int64(2192), np.int64(461))]
2025-10-20 17:47:56 [TRACE] 【坐标太近】视为重复
2025-10-20 17:47:56 [TRACE] 【没有通过的坐标】开始下一轮
2025-10-20 17:47:56 [TRACE] 【本轮的坐标】：(np.int64(1378), np.int64(463)) ------------
2025-10-20 17:47:56 [TRACE] 【已点击过的坐标】：[(-10, -10), (np.int64(971), np.int64(461)), (np.int64(1378), np.int64(461)), (np.int64(1785), np.int64(461)), (np.int64(2192), np.int64(461))]
2025-10-20 17:47:56 [TRACE] 【坐标太近】视为重复
2025-10-20 17:47:56 [TRACE] 【没有通过的坐标】开始下一轮
2025-10-20 17:47:56 [TRACE] 【本轮的坐标】：(np.int64(1785), np.int64(463)) ------------
2025-10-20 17:47:56 [TRACE] 【已点击过的坐标】：[(-10, -10), (np.int64(971), np.int64(461)), (np.int64(1378), np.int64(461)), (np.int64(1785), np.int64(461)), (np.int64(2192), np.int64(461))]
2025-10-20 17:47:56 [TRACE] 【坐标太近】视为重复
2025-10-20 17:47:56 [TRACE] 【没有通过的坐标】开始下一轮
2025-10-20 17:47:56 [TRACE] 【本轮的坐标】：(np.int64(2192), np.int64(463)) ------------
2025-10-20 17:47:56 [TRACE] 【已点击过的坐标】：[(-10, -10), (np.int64(971), np.int64(461)), (np.int64(1378), np.int64(461)), (np.int64(1785), np.int64(461)), (np.int64(2192), np.int64(461))]
2025-10-20 17:47:56 [TRACE] 【坐标太近】视为重复
2025-10-20 17:47:56 [TRACE] 【没有通过的坐标】开始下一轮
2025-10-20 17:47:56 [TRACE] 【完成所有点击】有效次数：4
2025-10-20 17:48:01 [TRACE] 【目标检测】目标存在，但置信度不足
2025-10-20 17:48:02 [TRACE] 【目标检测】屏幕内没有目标
2025-10-20 17:48:04 [TRACE] 【状态】搜索模式：C:\Users\gelon\Desktop\ZA-Lite\assets/images/hollow\next_area.png 置信度：0.9999993443489075
2025-10-20 17:48:04 [TRACE] 【目标检测】微调超时，无法对齐！
2025-10-20 17:48:07 [TRACE] 【状态】搜索模式：C:\Users\gelon\Desktop\ZA-Lite\assets/images/hollow\meter.png 置信度：0.9402127265930176
2025-10-20 17:48:12 [TRACE] 【目标检测】微调超时，无法对齐！
2025-10-20 17:48:14 [TRACE] 【目标检测】TRAPPED！ 类型：guide_point 置信度：0.924310564994812
2025-10-20 17:48:15 [TRACE] 【空洞监听】无匹配已持续：0秒
2025-10-20 17:48:21 [TRACE] 【目标检测】屏幕内没有目标
2025-10-20 17:48:22 [TRACE] 【空洞监听】无匹配已持续：6秒
2025-10-20 17:48:23 [TRACE] 【目标检测】屏幕内没有目标
2025-10-20 17:48:24 [TRACE] 【目标检测】屏幕内没有目标
2025-10-20 17:48:25 [TRACE] 【目标检测】屏幕内没有目标
2025-10-20 17:48:27 [TRACE] 【目标检测】屏幕内没有目标
2025-10-20 17:48:28 [TRACE] 【空洞监听】无匹配已持续：12秒
2025-10-20 17:48:29 [TRACE] 【目标检测】屏幕内没有目标
2025-10-20 17:48:31 [TRACE] 【目标检测】屏幕内没有目标
2025-10-20 17:48:34 [TRACE] 【目标检测】屏幕内没有目标
2025-10-20 17:48:35 [TRACE] 【空洞监听】无匹配已持续：19秒
2025-10-20 17:48:39 [TRACE] 【目标检测】TRAPPED！ 类型：blue_portal 置信度：0.9404820203781128
2025-10-20 17:48:41 [TRACE] 【空洞监听】无匹配已持续：25秒
2025-10-20 17:48:46 [TRACE] 【目标检测】屏幕内没有目标
2025-10-20 17:48:47 [TRACE] 【空洞监听】无匹配已持续：31秒
2025-10-20 17:48:47 [TRACE] 【目标检测】屏幕内没有目标
2025-10-20 17:48:53 [TRACE] 【目标检测】TRAPPED！ 类型：red_portal 置信度：0.7914575338363647
2025-10-20 17:48:53 [TRACE] 【空洞监听】无匹配已持续：38秒
2025-10-20 17:48:57 [TRACE] 【目标检测】TRAPPED！ 类型：interact 置信度：0.9315822124481201
2025-10-20 17:48:57 [TRACE] 【状态】搜索模式：C:\Users\gelon\Desktop\ZA-Lite\assets/images/hollow\meter.png 置信度：0.9234523773193359
2025-10-20 17:49:10 [TRACE] 【目标检测】TRAPPED！ 类型：interact 置信度：0.919109046459198
2025-10-20 17:49:16 [TRACE] 【状态】搜索模式：C:\Users\gelon\Desktop\ZA-Lite\assets/images/hollow\meter.png 置信度：0.9309916496276855
2025-10-20 17:49:17 [TRACE] 【目标检测】TRAPPED！ 类型：red_portal 置信度：0.9251385927200317
2025-10-20 17:49:24 [TRACE] 【目标检测】TRAPPED！ 类型：red_portal 置信度：0.9738585352897644
2025-10-20 17:49:25 [TRACE] 【空洞监听】无匹配已持续：0秒
2025-10-20 17:49:31 [TRACE] 【空洞监听】无匹配已持续：6秒
2025-10-20 17:49:32 [TRACE] 【目标检测】TRAPPED！ 类型：red_portal 置信度：0.9364322423934937
2025-10-20 17:49:37 [TRACE] 【空洞监听】无匹配已持续：11秒
2025-10-20 17:49:39 [TRACE] 【目标检测】TRAPPED！ 类型：red_portal 置信度：0.9420836567878723
2025-10-20 17:49:43 [TRACE] 【空洞监听】无匹配已持续：17秒
2025-10-20 17:49:45 [TRACE] 【目标检测】TRAPPED！ 类型：red_portal 置信度：0.9358688592910767
2025-10-20 17:49:49 [TRACE] 【空洞监听】无匹配已持续：23秒
2025-10-20 17:49:54 [TRACE] 【目标检测】TRAPPED！ 类型：red_portal 置信度：0.9407386779785156
2025-10-20 17:49:55 [TRACE] 【空洞监听】无匹配已持续：29秒
2025-10-20 17:49:59 [TRACE] 【目标检测】TRAPPED！ 类型：red_portal 置信度：0.9322596788406372
2025-10-20 17:50:01 [TRACE] 【空洞监听】无匹配已持续：35秒
2025-10-20 17:50:07 [TRACE] 【空洞监听】无匹配已持续：41秒
2025-10-20 17:50:07 [TRACE] 【目标检测】TRAPPED！ 类型：red_portal 置信度：0.952975869178772
2025-10-20 17:50:13 [TRACE] 【空洞监听】无匹配已持续：47秒
2025-10-20 17:50:14 [TRACE] 【目标检测】TRAPPED！ 类型：red_portal 置信度：0.9455371499061584
2025-10-20 17:50:19 [TRACE] 【空洞监听】无匹配已持续：53秒
2025-10-20 17:50:21 [TRACE] 【目标检测】TRAPPED！ 类型：red_portal 置信度：0.949055552482605
2025-10-20 17:50:24 [TRACE] 【空洞监听】无匹配已持续：59秒
2025-10-20 17:50:28 [TRACE] 【目标检测】TRAPPED！ 类型：red_portal 置信度：0.9510222673416138
2025-10-20 17:50:30 [TRACE] 【空洞监听】无匹配已持续：64秒
2025-10-20 17:50:30 [TRACE] 【空洞监听】即将超时，重启搜索线程
2025-10-20 17:50:35 [TRACE] 【目标检测】TRAPPED！ 类型：red_portal 置信度：0.9504031538963318
2025-10-20 17:50:37 [TRACE] 【空洞监听】无匹配已持续：71秒
2025-10-20 17:50:37 [TRACE] 【空洞监听】即将超时，重启搜索线程
2025-10-20 17:50:40 [TRACE] 【目标检测】TRAPPED！ 类型：red_portal 置信度：0.9513039588928223
2025-10-20 17:50:43 [TRACE] 【空洞监听】无匹配已持续：77秒
2025-10-20 17:50:43 [TRACE] 【空洞监听】即将超时，重启搜索线程
2025-10-20 17:50:49 [TRACE] 【目标检测】TRAPPED！ 类型：red_portal 置信度：0.9338465332984924
2025-10-20 17:50:49 [TRACE] 【空洞监听】无匹配已持续：83秒
2025-10-20 17:50:49 [TRACE] 【空洞监听】即将超时，重启搜索线程
2025-10-20 17:50:54 [TRACE] 【目标检测】TRAPPED！ 类型：red_portal 置信度：0.9338759779930115
2025-10-20 17:50:56 [TRACE] 【空洞监听】无匹配已持续：90秒
2025-10-20 17:50:56 [TRACE] 【空洞监听】即将超时，重启搜索线程
2025-10-20 17:51:02 [TRACE] 【空洞监听】无匹配已持续：96秒
2025-10-20 17:51:02 [TRACE] 【空洞监听】即将超时，重启搜索线程
2025-10-20 17:51:02 [TRACE] 【目标检测】TRAPPED！ 类型：red_portal 置信度：0.9476967453956604
2025-10-20 17:51:09 [TRACE] 【空洞监听】无匹配已持续：103秒
2025-10-20 17:51:09 [TRACE] 【空洞监听】即将超时，重启搜索线程
2025-10-20 17:51:09 [TRACE] 【目标检测】TRAPPED！ 类型：red_portal 置信度：0.9530373215675354
2025-10-20 17:51:15 [TRACE] 【空洞监听】无匹配已持续：109秒
2025-10-20 17:51:15 [TRACE] 【空洞监听】即将超时，重启搜索线程
2025-10-20 17:51:15 [TRACE] 【目标检测】TRAPPED！ 类型：red_portal 置信度：0.9492281079292297
2025-10-20 17:51:21 [TRACE] 【空洞监听】无匹配已持续：115秒
2025-10-20 17:51:21 [TRACE] 【空洞监听】即将超时，重启搜索线程
2025-10-20 17:51:22 [TRACE] 【目标检测】TRAPPED！ 类型：red_portal 置信度：0.9377976059913635
2025-10-20 17:51:27 [TRACE] 【空洞监听】无匹配已持续：121秒
2025-10-20 17:51:27 [TRACE] 【空洞监听】即将超时，重启搜索线程
2025-10-20 17:51:28 [WARNING] 空洞任务异常，跳过本轮
2025-10-20 17:51:28 [INFO] 本轮耗时:33分钟
2025-10-20 17:51:28 [INFO] 当前已完成空洞 0 次 
2025-10-20 17:51:28 [DEBUG] 正在返回菜单
2025-10-20 17:51:28 [TRACE] 正在返回菜单,请保持游戏画面处于前台
2025-10-20 17:51:30 [TRACE] 退出战斗返回菜单
2025-10-20 17:51:30 [TRACE] 【目标出现】C:\Users\gelon\Desktop\ZA-Lite\assets/images/daily\quit_battle.png 置信度：0.9938631057739258
2025-10-20 17:51:32 [TRACE] 【目标出现】C:\Users\gelon\Desktop\ZA-Lite\assets/images/daily\confirm.png 置信度：0.9839513897895813
2025-10-20 17:51:33 [TRACE] 【1】等待目标中 C:\Users\gelon\Desktop\ZA-Lite\assets/images/daily\quit.png
2025-10-20 17:51:34 [TRACE] 【2】等待目标中 C:\Users\gelon\Desktop\ZA-Lite\assets/images/daily\quit.png
2025-10-20 17:51:35 [TRACE] 【3】等待目标中 C:\Users\gelon\Desktop\ZA-Lite\assets/images/daily\quit.png
2025-10-20 17:51:35 [TRACE] 【4】等待目标中 C:\Users\gelon\Desktop\ZA-Lite\assets/images/daily\quit.png
2025-10-20 17:51:36 [TRACE] 【5】等待目标中 C:\Users\gelon\Desktop\ZA-Lite\assets/images/daily\quit.png
2025-10-20 17:51:37 [TRACE] 【6】等待目标中 C:\Users\gelon\Desktop\ZA-Lite\assets/images/daily\quit.png
2025-10-20 17:51:38 [TRACE] 【7】等待目标中 C:\Users\gelon\Desktop\ZA-Lite\assets/images/daily\quit.png
2025-10-20 17:51:38 [TRACE] 【8】等待目标中 C:\Users\gelon\Desktop\ZA-Lite\assets/images/daily\quit.png
2025-10-20 17:51:39 [TRACE] 【跳过】C:\Users\gelon\Desktop\ZA-Lite\assets/images/daily\quit.png
2025-10-20 17:51:39 [TRACE] 【目标出现】C:\Users\gelon\Desktop\ZA-Lite\assets/images/hollow/mission_completed.png 置信度：0.9999998211860657
2025-10-20 17:51:40 [TRACE] 正在返回菜单,请保持游戏画面处于前台
2025-10-20 17:51:43 [TRACE] 正在返回菜单,请保持游戏画面处于前台
2025-10-20 17:51:45 [TRACE] 正在返回菜单,请保持游戏画面处于前台
2025-10-20 17:51:47 [TRACE] 正在返回菜单,请保持游戏画面处于前台
2025-10-20 17:51:49 [TRACE] 正在返回菜单,请保持游戏画面处于前台
2025-10-20 17:51:52 [TRACE] 正在返回菜单,请保持游戏画面处于前台
2025-10-20 17:51:54 [TRACE] 正在返回菜单,请保持游戏画面处于前台
2025-10-20 17:51:56 [TRACE] 现在处于大厅
